t_s,ICU_Brakpresr_bar,ICU_Speed_kmh,ICU_Speedfl_kmh,ICU_Speedfr_kmh,ICU_Speedrl_kmh,ICU_Speedrr_kmh,ICU_SteeringAngle_deg,GPS1_VEL_D_ms,GPS1_VEL_E_ms,GPS1_VEL_N_ms,IMU_ACCEL_X_ms2,IMU_ACCEL_Y_ms2,IMU_ACCEL_Z_ms2,GPS1_VEL_MAG_ms,WHEEL_SPEED_kmh,IMU_ACCEL_LONG_ms2
2548.1600000000003,0.0,18.85964075147384,69.19262,69.12956272363813,69.24303619690163,69.96180348325817,-4.477338669334649,0.3127744239217011,3.359343643229636,-18.530656356770365,0.3750963704627787,-1.7032340425507058,-8.428047559449004,18.835292473606053,69.38175560094949,0.0773319502187462
2548.1700000000005,0.0,18.9,69.19262,69.17982759120427,69.141436996502,70.20671102948467,-4.447323661830935,0.3215087214529694,3.3665365941377394,-18.52346340586226,0.2559001248439361,0.2975181023743276,-8.660539325843464,18.829647714334886,69.43014890429774,-0.13555698751221645
2548.1800000000003,0.0,18.9,69.07456262000018,68.96767283000032,69.16663183999992,70.11987290500022,-4.712023988006255,0.3302430189842625,3.3737295450458635,-18.51627045495413,0.2459126092384256,2.849328339582251,-9.514471910114608,18.8240108121439,69.33218504875016,-0.2750244930941007
2548.1900000000005,0.0,18.9,68.91620262000039,68.66593283000076,69.23511183999983,69.9197829050005,-5.071844077960709,0.3389773165155308,3.3809224959539668,-18.50907750404604,0.3278517776668426,2.649954932391923,-9.72988482723973,18.818381774093723,69.18425754875037,-0.19417583500405572
2548.2000000000003,0.0,18.9,68.8759,68.7989311549992,69.49822697999906,69.866466945,-5.205299999999925,0.3477116140467992,3.38811544686207,-18.50188455313793,0.5431747621433543,-1.54133199799971,-9.018818227340551,18.812760607243487,69.25988126999957,0.20634725664598685
2548.2100000000005,0.0,18.9,68.8759,69.080341155,69.82778698,69.86325694499999,-5.265300000000096,0.3590254528777947,3.39,-18.48270121531756,0.364263604591508,-4.241867199202413,-8.119850224660489,18.79444714511484,69.41182126999999,0.29102822379129056
2548.2200000000003,0.0,18.9,68.5383566467068,68.79769869760501,69.59959161676667,70.10047175149685,-5.7551748251750015,0.3712550638232851,3.39,-18.45926112767204,-0.3796205691464728,-4.806020968547324,-6.951602596105539,18.77163423098795,69.25902967814383,-0.07692100695191018
2548.2300000000005,0.0,18.9,68.08558219560929,68.32249909680692,69.18098882235576,70.41976316866231,-6.384545454544537,0.3834846747687755,3.39,-18.435821040026514,-1.0977872340418782,-3.1525957446856814,-6.921787234040944,18.748830841299593,69.00220832085857,-0.4945369182753992
2548.24,0.0,18.9,67.37130220220162,68.28861031031039,69.2768891941944,70.3267819769768,-6.811080000000343,0.3957142857143006,3.39,-18.412380952380925,-1.7786382978733872,1.7184931164029835,-8.543814768463069,18.726037010844507,68.8158959209208,-0.984218209266054
2548.2500000000005,0.0,18.9,66.56585675675706,68.40857027027023,69.55215445945936,70.09007527027036,-7.171080000000344,0.407943896659791,3.39,-18.3889408647354,-2.2415134865136697,4.241423576422538,-9.799365634366524,18.703252774572594,68.65416418918925,-1.2119909425523774
2548.26,0.0,18.9,67.30218684262746,68.41953061254985,69.32878869023968,69.95646145418343,-7.305146140394719,0.4201735076052814,3.39,-18.36550077708988,-2.391363636363772,3.39227272727196,-10.528636363637023,18.68047816758935,68.75174189990011,-1.0636489504671538
2548.2700000000004,0.0,18.89603381014305,68.57041393426293,68.39288718625498,68.9334002440239,69.85841364541834,-7.365101174119538,0.4324031185508065,3.39,-18.34206068944429,-2.140520650811149,1.1128460575595696,-10.847521902377188,18.657713225156773,68.93877875249004,-0.6941281599230611
2548.2800000000007,0.0,18.886030809242783,68.77792064224796,68.27764437029612,68.83987648770696,69.71322788258915,-7.33490999999995,0.4446327294962969,3.39,-18.318620601798763,-1.3094818523144691,-3.237591989992328,-10.572177722152384,18.634957982694388,68.90216734571005,-0.004344800747211663
2548.2900000000004,0.0,18.876027808342524,68.60397182137497,68.13053950326155,68.85490910185648,69.55109040140506,-7.274910000000035,0.4568623404417873,3.39,-18.29518051415324,-0.9164403394907392,-4.864323514728147,-10.334078881677504,18.612212475779618,68.78512770697452,0.26076619124111156
2548.3,0.0,18.866024807442265,68.55918,68.2635907179861,68.87210945965947,69.45680624722445,-7.2823827252419635,0.4690919513872776,3.39,-18.27174042650772,-1.1510883674486905,-2.5877383924127075,-10.149355966051033,18.58947674014879,68.78792160621751,-0.08271654979577037
2548.3100000000004,0.0,18.85602180654197,68.55918,68.49380043918046,68.89006159388104,69.38605371823353,-7.312166790766987,0.4813215623328027,3.39,-18.248300338862126,-1.1837606409610275,0.1268102153283197,-10.13193790686065,18.56675081169783,68.83227393782376,-0.3785931920325953
2548.3200000000006,0.0,18.84601880564171,68.55918,68.29355018810467,68.85153750889695,69.32077956278613,-7.09889999999985,0.4935511732782932,3.39,-18.224860251216604,-0.9233700550824552,3.476835252881488,-10.357275913870952,18.54403472648332,68.75626181494694,-0.6053943183616275
2548.3300000000004,0.0,18.836015804741447,68.55918,67.9225588307078,68.79061224199306,69.25767839349282,-6.798900000000277,0.5057807842237836,3.39,-18.201420163571083,-0.8131011235954675,3.8244719101138,-10.155453183520896,18.52132852072286,68.63250736654842,-0.6350559350842846
2548.3400000000006,0.0,18.82601280384116,68.55918,67.75373942828746,68.91954951031546,69.36136721849347,-6.653252830188644,0.5180103951693087,3.39,-18.17798007592549,-0.9179700374533272,-0.1305842696683434,-9.341470661671792,18.49863223079608,68.64845903927409,-0.3821988871879476
2548.3500000000004,0.0,18.816009802940894,68.55918,67.65267057419858,69.11211227442163,69.52094961968643,-6.562686792452937,0.530240006114799,3.39,-18.154539988279968,-1.2622177722156755,-2.6029286608262243,-8.921351689612102,18.475945893245658,68.71122811707667,-0.3043009532531564
2548.3600000000006,0.0,18.80600680204063,68.38783612549882,67.70316614541795,69.0424048954189,69.5258988894424,-6.629381366459452,0.5424696170602894,3.39,-18.13109990063445,-1.9530813516898025,-2.928335419274182,-9.071539424280392,18.453269544777697,68.66482651394452,-0.47974038996101526
2548.3700000000003,0.0,18.8,68.1555054482076,67.80760837649382,68.87934712649434,69.47580924800806,-6.748636024844901,0.5546992280058146,3.39,-18.107659812988853,-2.376419475655529,-1.8310711610409176,-9.541752808991063,18.430603222262743,68.57956754980096,-0.6648417532066171
2548.380000000001,0.0,18.8,68.09266,67.69571844032146,68.83054251755267,69.3722249197596,-6.802110000000015,0.566928838951305,3.39,-18.08421972534333,-2.416369538077458,1.3050087390804546,-10.470591760300898,18.407946962736812,68.49778646940844,-0.8637895269878956
2548.3900000000003,0.0,18.8,68.09266,67.50361212136468,68.82410319959882,69.2488046589773,-6.832109999999973,0.5791584498967953,3.39,-18.06077963769781,-2.2211789737171426,2.710087609511882,-11.109982478097624,18.385300803401794,68.4172949949852,-0.8475813671321559
2548.4000000000005,0.0,18.8,68.06460210448134,67.52450351076989,68.77251929685573,69.1577060510028,-6.663075768941976,0.5877160736196216,3.388551656441712,-18.03849595092024,-1.6855093867328206,1.6087108886095371,-11.330257822278092,18.363415496114296,68.37983274077745,-0.5198316289501024
2548.4100000000003,0.0,18.8,68.02645404803177,67.62199298836326,68.70470052983426,69.07823093339952,-6.423015753938377,0.5675933742331354,3.375790920245404,-18.02524441717792,-1.4048913857677594,0.1841797752815861,-11.1028764044947,18.347412974986103,68.3578446249072,-0.31187824329832053
2548.4200000000005,0.0,18.8,68.01562,67.65431612708016,68.61821615733759,68.9868907816442,-6.404238940264916,0.5474706748466492,3.363030184049095,-18.011992883435596,-1.489785268414357,-1.7034606741545262,-10.23396254681776,18.331437035638448,68.3187607665155,-0.2756038154075001
2548.4300000000003,0.0,18.8,68.01562,67.66079116490167,68.52432810892583,68.89084438729195,-6.464223944014102,0.5273479754601058,3.35026944785275,-17.99874134969324,-1.4643329161450724,-1.893589486857239,-10.067659574468586,18.315487747630275,68.27289591527986,-0.27245419441802093
2548.4400000000005,0.0,18.8,68.01562,67.62960366724958,68.51493444416685,68.81425805645769,-6.502115528882253,0.5072252760736196,3.337508711656442,-17.98548981595092,-1.27910137672085,0.3742453066339157,-10.918723404255552,18.299565180646912,68.24360404196852,-0.31726864511076397
2548.4500000000003,0.0,18.8,68.01562,67.58469734698981,68.53631840619532,68.7447601798652,-6.532123030757703,0.4871025766871333,3.324747975460133,-17.9722382822086,-1.0940409590409663,1.5745054945055077,-11.339935064935071,18.283669404499356,68.22034898326258,-0.3161835195051366
2548.4600000000005,0.0,18.8,68.01562,67.48815010494751,68.53006452107279,68.6812473396635,-6.421999999999612,0.4669798773005899,3.311987239263789,-17.95898674846624,-0.9092257742253153,1.244835164834346,-11.145129870129386,18.267800489123914,68.17877049142095,-0.24932016898513454
2548.4700000000003,0.0,18.782561966984208,68.01562,67.37264785607213,68.51366605363987,68.61993133100125,-6.261999999999763,0.4468571779141037,3.299226503067481,-17.94573521472392,-0.888045056320742,0.2760225281571979,-10.622535669585403,18.25195850458187,68.13046631017832,-0.2205553047015221
2548.4800000000005,0.0,18.73767642511601,68.01562,67.25714560719676,68.49726758620695,68.55861532233901,-6.101999999999915,0.4267344785276175,3.286465766871172,-17.9324836809816,-1.1033141426783155,-1.6163429286605435,-9.626290362953842,18.236143521058718,68.08216212893568,-0.2468422872770296
2548.49,0.0,18.69279088324769,67.80170555722162,67.24157419290353,68.40774264867575,68.64433296351812,-6.126375000000188,0.406611779141074,3.273705030674828,-17.919232147239242,-1.4642621722853362,-1.792951310858655,-9.20028464419523,18.22035560886379,68.02383884057976,-0.41416250183332576
2548.5000000000005,0.0,18.6479053413795,67.5086720739633,67.26296349825085,68.29117093453284,68.7844329135431,-6.21637500000006,0.3864890797545878,3.260944294478519,-17.905980613496922,-2.0335505617978145,0.4842022471912588,-9.589797752809032,18.204594838429916,67.96180985507252,-0.7831790882487863
2548.51,0.0,18.603019799511305,67.28875648301928,67.13218116226456,68.31923512452812,68.65128398490617,-6.328522130532612,0.3663663803681016,3.2481835582822107,-17.892729079754602,-2.335278401997588,2.109815230960616,-10.1427066167283,18.1888612803126,67.84786418867954,-0.9698659168787103
2548.5200000000004,0.0,18.558134257642983,67.09602189182407,66.94483021886809,68.40106657106911,68.41655694088071,-6.448552138034753,0.3462436809815581,3.2354228220858663,-17.879477546012247,-2.250384519350749,2.7939600499380823,-10.931720349563628,18.173155005189656,67.71461890566049,-0.893088474477864
2548.5300000000007,0.0,18.5132487157748,67.0462,66.81331683872578,68.25135085700208,68.36215042726597,-6.435719999999951,0.3261209815950719,3.222662085889558,-17.866226012269927,-2.0860375469336807,1.8955369211515924,-11.294177722152703,18.157476083860807,67.61825453074846,-0.689622413306044
2548.5400000000004,0.0,18.4683631739066,67.0462,66.70126941961,68.02091371202809,68.37060683625586,-6.375720000000037,0.3059982822085857,3.2099013496932494,-17.852974478527603,-1.8056871088862088,-1.3134743429275035,-11.033852315394338,18.141824587246873,67.53474749197349,-0.3011878521571568
2548.55,0.0,18.42347763203841,67.0462,66.68030065999996,67.72170705000097,68.40982511999985,-6.470699999999853,0.2858755828220995,3.1971406134969413,-17.839722944785283,-1.6952702702701357,-2.730990990992159,-10.785835835836066,18.126200586389416,67.46450820750019,-0.15424364660703224
2548.5600000000004,0.0,18.378592090170084,67.0462,66.69528065999997,67.39535705000051,68.46118511999991,-6.62070000000028,0.2657528834355561,3.1843798773005965,-17.826471411042927,-1.8304054054055057,-1.559819819818952,-10.555605605605436,18.11060415245008,67.3995057075001,-0.3562500526936446
2548.5700000000006,0.0,18.35,66.91203384382146,66.74915372251691,67.37279742228941,68.38265677028078,-6.637865533616589,0.2456301840490698,3.171619141104288,-17.813219877300607,-1.7848014981274518,0.4332958801486585,-10.836644194756186,18.09503535671021,67.35416043972714,-0.5056547722278901
2548.5800000000004,0.0,18.35,66.72491228708658,66.81837788223386,67.47014389689137,68.25286147081151,-6.607873031742124,0.2255074846625836,3.15885840490798,-17.799968343558287,-1.4801822721602484,3.6043320848892177,-11.850377028712616,18.07949427057001,67.31657388425583,-0.579676539501808
2548.5900000000006,0.0,18.35,66.67598,66.66276738446167,67.42690455658257,68.03573215088686,-6.6221250000000085,0.2053847852760402,3.146097668711635,-17.78671680981593,-1.1199899849773207,4.258795693539324,-12.272035553329852,18.063980965548105,67.20034602298277,-0.4629571385053542
2548.6000000000004,0.0,18.35,66.67598,66.42754380214863,67.33388432175877,67.78767819135675,-6.652125000000009,0.1852620858895539,3.133336932515327,-17.77346527607361,-0.6793289934905062,1.269311467202639,-11.836382073109933,18.048495513281072,67.05627157881604,-0.07004826129886171
2548.6100000000006,0.0,18.35,66.67598,66.26493416192154,67.3726790146074,67.66777171577138,-6.527250000000137,0.182584168562073,3.130738333874878,-17.75818665800195,-0.5946691635448776,-1.4249937577990508,-10.926531835208577,18.032971271375153,66.99534122307509,0.10085032544569755
2548.6200000000003,0.0,18.35,66.67598,66.12823695964349,67.4585121416192,67.59359493934143,-6.347249999999882,0.1860833812392271,3.131738108925493,-17.742190257192103,-1.0191385767790724,-3.6971535580526806,-9.338516853932411,18.017428388370856,66.96408101015103,-0.04575547647961238
2548.630000000001,0.0,18.35,66.5961660459249,66.1182910320464,67.38512351249065,67.68499944991154,-6.167249999999949,0.1895825939163713,3.132737883976106,-17.726193856382302,-1.446090112640511,-3.344620775972756,-8.621136420525293,18.001887035632148,66.94614501009337,-0.3343592434393159
2548.6400000000003,0.0,18.35,66.48492708554143,66.15825065859192,67.24904478425455,67.84159798637374,-5.987249999999949,0.1930818065935154,3.1337376590267185,-17.7101974555725,-1.8766282853562708,0.8005607008720048,-9.16181226533113,17.986347217125726,66.93345512869041,-0.8281483339583414
2548.6500000000005,0.0,18.35,66.29022213446623,66.11132540864779,67.21312,67.86798085978505,-5.851522119469953,0.1965810192706696,3.134737434077334,-17.694201054762654,-2.1464353469795894,3.2995781328010128,-9.68749625561732,17.970808936831617,66.87066210072477,-1.0990554771833456
2548.6600000000003,0.0,18.35,66.06557829542618,66.03323493126719,67.21312,67.84765594101475,-5.731552111972093,0.2000802319478137,3.1357372091279467,-17.67820465395285,-2.1863754368447728,3.4443609585623016,-10.191739890165255,17.955272198743355,66.78989729192703,-1.0512116459659941
2548.6700000000005,0.0,18.337433114967336,66.00616,65.76898004992569,67.31213159261085,67.72598066899678,-5.744164794007427,0.2035794446249579,3.1367369841785595,-17.66220825314305,-2.179308790383165,2.009762083646114,-10.234239919859707,17.939737006867794,66.70331307788334,-0.8932318288833035
2548.6800000000003,0.0,18.30242786417965,66.00616,65.4377768547182,67.44674966550164,67.56785785322029,-5.804089887640575,0.207078657302112,3.137736759229175,-17.646211852333202,-2.104177310292912,-1.7117505634910757,-9.608144252440937,17.92420336522527,66.61463609336002,-0.5757772611530642
2548.6900000000005,0.0,18.267422613392068,66.00616,65.52499454094244,67.14824560794136,67.45787918114162,-5.731771771771609,0.2105778699792561,3.138736534279788,-17.630215451523398,-2.117607990012478,-3.4802846441948043,-9.250287141073658,17.90867127784979,66.53431983250636,-0.4505465600396066
2548.7000000000003,0.0,18.232417362604483,66.00616,65.76501439205884,66.69157066997654,67.36548215880921,-5.611651651651621,0.2140770826564003,3.1397363093304,-17.614219050713597,-2.257433208489227,-2.4615580524356324,-9.275255930087363,17.893140748788856,66.45705680521115,-0.5996547753580566
2548.7100000000005,0.0,18.1974121118168,66.00616,65.92356316670767,66.4529120068949,67.24258728884516,-5.557910522369341,0.2175762953335544,3.1407360843810155,-17.59822264990375,-2.139144144143573,-0.2982432432388,-9.691711711712856,17.8776117821036,66.40630561561193,-0.7218544529553285
2548.7200000000003,0.0,18.16240686102921,66.00616,66.05003447919229,66.3000925043093,67.10768455552822,-5.527918020494834,0.2210755080106986,3.1417358594316283,-17.58222624909395,-1.648653653652926,3.515570570576229,-10.672692692694149,17.862084381869018,66.36599288475746,-0.8052519534470775
2548.7300000000005,0.0,18.127401610241627,65.90834711020847,65.87084765871053,66.35007288979153,66.99228699847656,-5.674174563591158,0.2245747206878427,3.1427356344822406,-17.566229848284145,-1.0640898876395752,4.257845193503677,-11.169857677902383,17.84655855217373,66.28038866429678,-0.6108880462229144
2548.74,0.0,18.092396359453943,65.76597026917231,65.55240174708005,66.49244973082769,66.88577607922814,-5.883650872818519,0.2280739333649968,3.143735409532856,-17.550233447474298,-0.3449887640428219,0.6074082396896037,-10.97510112359493,17.8310342971202,66.17414945657706,-0.01928820111204782
2548.7500000000005,0.0,18.05739110866636,65.72582,65.55479119999978,66.39124016000032,66.7289771000003,-5.874127659574359,0.231573146042141,3.144735184583469,-17.534237046664497,-0.1084226339518062,-2.238152228345728,-10.241482223332111,17.815511620824893,66.1002071150001,0.24502219861379387
2548.76,0.0,18.02238585787877,65.72582,65.68319119999978,66.19436016000033,66.55242710000029,-5.784015018773514,0.2350723587192852,3.1457349596340816,-17.518240645854696,-0.5691136705062032,-3.9206760140226553,-8.729213820729637,17.799990527418082,66.03894961500009,0.03640335085866225
2548.7700000000004,0.0,18.0,65.74041694,65.72170478,66.29940634000003,66.58868512000002,-5.76,0.2385715713964393,3.146734734684697,-17.50224424504485,-0.9963645443206616,-3.165300873895778,-8.245313358304871,17.78447102104404,66.08755329500002,-0.2588554100310882
2548.7800000000007,0.0,18.0,65.76074693999998,65.72491477999999,66.52303633999972,66.70852511999985,-5.76,0.2420707840735834,3.1477345097353093,-17.486247844235045,-1.3758901373289805,1.0694057428286223,-9.229083645444858,17.768953105861225,66.17930579499989,-0.6777653090807392
2548.7900000000004,0.0,18.0,65.65203361852073,65.5657497232013,66.48866591847036,66.77015830900847,-5.781984503874022,0.2455699967507276,3.148734284785922,-17.470251443425244,-1.579499374217756,3.38344430538158,-9.943254067584586,17.753436786042084,66.11915189230021,-0.8786818619595129
2548.8,0.0,18.0,65.49263754403671,65.34281061902432,66.35296385505828,66.8089303271262,-5.81197700574853,0.2490692094278717,3.149734059836535,-17.454255042615443,-1.5294367959950643,2.9278748435550863,-10.268660826032082,17.73792206577326,65.99933558631137,-0.7652514773209422
2548.8100000000004,0.0,18.0,65.44976,65.24164247453423,66.33200623602481,66.86522139627321,-5.82,0.2465055107238925,3.148951653217168,-17.441962674664953,-1.6707665418229447,1.4666916354541224,-10.390047440699036,17.72565156561309,65.97215752670807,-0.6424031726807672
2548.8200000000006,0.0,18.0,65.44976,65.18528471055915,66.35327331677014,66.9279592844719,-5.82,0.2417446261515428,3.147523387845463,-17.43101264014855,-2.085248439451039,-1.4296878901397907,-10.2202596754056,17.71455744867271,65.9790693279503,-0.5061137589128929
2548.8300000000004,0.0,18.0,65.44976,65.09179111222232,66.31621824044011,66.99250477380633,-5.732187812187997,0.2369837415791931,3.146095122473758,-17.420062605632143,-2.332050575863799,-2.797553830745578,-10.095393089634412,17.703464547866595,65.9625685316172,-0.4656562566020801
2548.8400000000006,0.0,18.0,65.44976,64.9837481229694,66.25631321669592,67.05775846038482,-5.612307692307574,0.2322228570068299,3.144666857102049,-17.40911257111571,-2.3370580871307087,-1.961299449171633,-10.035302954431495,17.69237286548222,65.93689495001253,-0.5633886046337965
2548.8500000000004,0.0,18.0,65.44976,64.99631331832946,66.06113910977797,66.79721188297157,-5.514320679320713,0.2274619724344803,3.143238591730344,-17.398162536599305,-2.237080838323068,-0.2740793413140532,-10.28611526946187,17.681282403812634,65.82610607776975,-0.6672999518913552
2548.8600000000006,0.0,18.0,65.44976,65.05624830207536,65.81283703425925,66.40870475619012,-5.42441058941078,0.2227010878621306,3.141810326358639,-17.3872125020829,-1.9875798403195888,2.62512225548638,-10.979728043911544,17.670193165156306,65.68188752313118,-0.7800116919860417
2548.8700000000003,0.0,17.98956120321655,65.32574228528762,65.07312,65.79193465272587,66.23733114264381,-5.46558139534882,0.2179402032897674,3.1403820609869304,-17.376262467566463,-1.5802778473087624,3.268390488108594,-11.373639549436772,17.65910515181722,65.60703202016433,-0.6505069825560259
2548.880000000001,0.0,17.959778616102508,65.15313586258422,65.07312,65.86012484441116,66.15102793129212,-5.55560390097517,0.2131793187174177,3.138953795615225,-17.36531243305006,-0.9444831038796748,0.6451113892358236,-11.333589486858562,17.648018366104992,65.55935215957187,-0.17027759774349524
2548.8900000000003,0.0,17.92999602898847,65.10308,64.93523511657101,65.71839947355278,66.115334870895,-5.55813000000003,0.208418434145068,3.1375255302435203,-17.354362398533656,-0.6829402947788338,-1.52219835123612,-10.654946290282766,17.636932810334688,65.46801236525471,0.040213437871653906
2548.9000000000005,0.0,17.900213441874342,65.10308,64.74103105540249,65.49093394334434,66.10031356229632,-5.528129999999945,0.2036575495727048,3.1360972648718115,-17.34341236401722,-0.9577341993509254,-3.0360629527878253,-9.061141643764634,17.625848486826946,65.35883964026078,-0.13585486392780477
2548.9100000000003,0.0,17.8704308547603,65.10308,64.64760367636283,65.39253500855544,65.9747740307996,-5.541859070464788,0.1988966650003552,3.1346689995001067,-17.332462329500817,-1.165101376721001,-2.743013767206384,-8.612015018774557,17.61476539790809,65.27949817892947,-0.30393538423644206
2548.9200000000005,0.0,17.840648267646262,65.10308,64.59424752872171,65.34545605475445,65.80528979711603,-5.571844077960993,0.1941357804280055,3.133240734128402,-17.321512294984412,-1.2752390488110792,0.1556095118915821,-9.813516896120865,17.60368354590993,65.21201834514804,-0.46049750412990387
2548.9300000000003,0.0,17.810865680532135,65.10308,64.58911101560501,65.48984243540541,65.839591465848,-5.514479999999956,0.1893748958556423,3.1318124687566926,-17.310562260467975,-1.3461722846442368,1.705692883894084,-10.38626716604154,17.592602933169903,65.25540622921461,-0.5588223363500167
2548.9400000000005,0.0,17.781083093418097,65.10308,64.60772447173188,65.728532637503,65.97426529547187,-5.424480000000084,0.1846140112832926,3.130384203384988,-17.299612225951574,-1.36115355805246,1.3311610486885064,-10.061672908863372,17.58152356203118,65.35340060117669,-0.5740318162596567
2548.9500000000003,0.0,17.751300506304055,65.10308,64.46428866749739,65.73465929265276,65.9782573848071,-5.378176367724267,0.1798531267109429,3.128955938013283,-17.28866219143517,-1.4438022528160783,0.5708335419269832,-9.66909386733401,17.57044543484246,65.32007133623931,-0.5821376410322051
2548.9600000000005,0.0,17.721517919189928,65.10308,64.25641818181847,65.64831309090921,65.93028727272734,-5.348198850861857,0.1750922421385797,3.127527672641574,-17.27771215691873,-1.6240275344182802,-0.7458122653335473,-9.178480600750238,17.55936855395812,65.23452463636376,-0.5799999777499626
2548.9700000000003,0.0,17.7,64.8878583632742,64.23049820359269,65.45576139720616,65.87847760479055,-5.223837441705614,0.17033135756623,3.126099407269869,-17.266762122402326,-1.7752747252747558,-1.1372227772225187,-9.019650349650435,17.548292921738316,65.1131488922159,-0.6141286360478591
2548.9800000000005,0.0,17.7,64.58387300066627,64.27961996007969,65.21940743845715,65.82508439121773,-5.06394403730858,0.1655704729938804,3.124671141898164,-17.255812087885925,-1.885164835164831,-0.2081518481518849,-9.334335664335653,17.5372185405488,64.97699619760522,-0.7000160251444973
2548.99,0.0,17.7,64.27988763805749,64.32874171656682,64.98305347970746,65.77169117764475,-4.90405063291109,0.1608095884215171,3.123242876526456,-17.244862053369488,-2.001314142678586,0.4118397997500206,-9.73551939925006,17.52614541276103,64.84084350299413,-0.7427756369366086
2549.0000000000005,0.0,17.7,64.1893,64.2573197386937,64.89752170854275,65.54666866331716,-4.773059999999904,0.1560487038491675,3.1218146111547505,-17.233912018853083,-2.126470588235315,0.587058823529441,-10.261176470588325,17.515073540752294,64.7227025276384,-0.723473325290573
2549.01,0.0,17.7,64.1893,64.13472677386973,64.87601417085435,65.24878926633261,-4.653060000000075,0.1512878192768178,3.1203863457830456,-17.22296198433668,-1.8544188861993949,-0.0511016949134367,-10.637917675544628,17.504002926905528,64.61220755276418,-0.508739246594347
2549.0200000000004,0.0,17.7,64.1953916741629,64.18013468265858,64.96119511244368,65.18660523738127,-4.446250312265526,0.1552718327867229,3.1216221023959148,-17.20783423203064,-1.0166464891029054,-1.8477118644093764,-10.802566585956654,17.489373712322266,64.6308316766616,-0.015662954218195524
2549.0300000000007,0.0,17.7,64.20394739630184,64.29349800099939,65.08953094452761,65.21975866066963,-4.206430177366928,0.1624984712880226,3.1238456834732378,-17.191157373950716,-0.6298320413440492,-2.6392764857872084,-10.604702842376536,17.473428669361528,64.70168375062462,0.16660230354218739
2549.0400000000004,0.0,17.7,64.20642,64.33082918918919,64.94004477477526,65.26970117117106,-4.031658341658386,0.1697251097893224,3.1260692645505608,-17.174480515870794,-1.0897803617569997,-1.5436692506462482,-9.726149870801237,17.457488268639512,64.68674878378388,-0.23474164757457217
2549.05,0.0,17.7,64.20642,64.3372556156156,64.67763236236314,65.32646793793776,-3.881808191808284,0.1769517482906222,3.128292845627884,-17.157803657790872,-1.3517602996254945,-0.0307116104896505,-9.38303370786462,17.441552522884297,64.63694397897913,-0.5319692428100771
2549.0600000000004,0.0,17.7,64.0066873794657,64.20035443917084,64.71514606045449,65.3320872645516,-3.775012518778036,0.1841783867919425,3.130516426705213,-17.1411267997109,-1.3317852684144735,2.076654182273057,-9.80250936329606,17.425621444866742,64.56356878591066,-0.6809099069418786
2549.0700000000006,0.0,17.694230288485592,63.7265574768929,64.00576038471186,64.87338737946507,65.31711849113168,-3.6848773159739134,0.1914050252932423,3.132740007782536,-17.124449941630978,-1.309737171464339,2.3204005006266497,-9.904267834793618,17.40969504740086,64.48070593305039,-0.6834513597918639
2549.0800000000004,0.0,17.674231288435614,63.708896736631466,63.716016166917335,64.8338164517744,65.18116005497296,-3.790254872563558,0.198631663794542,3.134963588859859,-17.107773083551056,-1.284705882352958,-0.1176470588218987,-9.548823529412005,17.39377334334367,64.35997235257403,-0.4753207768952553
2549.0900000000006,0.0,17.65423228838558,63.79766235382312,63.387690329835,64.71403634182906,64.99614256371808,-3.970164917541296,0.2058583022958623,3.1371871699371887,-17.091096225471087,-1.3359176029964996,-2.2586142322123712,-9.317340823969952,17.377856345595525,64.22388289730131,-0.30492541856270117
2549.1000000000004,0.0,17.634233288335604,63.82336,63.356563663663614,64.67707701201202,65.04683645145137,-3.954995004995032,0.2130849407971621,3.139410751014512,-17.074419367391165,-1.495717852684213,-3.976466916355289,-9.262409488139802,17.361944067100392,64.22595928178175,-0.18827416794357912
2549.1100000000006,0.0,17.614234288285626,63.82336,63.446533633633486,64.6738637987988,65.19357318818794,-3.8650849150849695,0.2203115792984619,3.1416343320918347,-17.057742509311243,-1.7213642052564568,-3.6373591989999214,-9.20947434292868,17.34603652084576,64.28433265515505,-0.30732344995158156
2549.1200000000003,0.0,17.59423528823559,63.82336,63.509798822663726,64.44331122884472,65.0098711111111,-3.84,0.2275382177997822,3.143857913169164,-17.04106565123127,-2.041764705883049,-0.3382352941104765,-9.159411764705776,17.33013371986293,64.1965852906549,-0.765551547205115
2549.130000000001,0.0,17.574236288185613,63.82336,63.56228839833205,64.1210252342412,64.69283407407441,-3.84,0.234764856301082,3.146081494246487,-17.02438879315135,-2.1785018726589844,1.974906367042592,-9.371011235955953,17.314235677227327,64.04987692666192,-1.019976280274371
2549.1400000000003,0.0,17.55423728813564,63.53231563821732,63.52795276433135,64.17177162802507,64.57478078980895,-3.969715142428638,0.2419914948023817,3.14830507532381,-17.007711935071427,-2.0536579275904585,2.883770287141461,-9.955280898876651,17.298342406058374,63.95170520509567,-0.9841356158732872
2549.1500000000005,0.0,17.534238288085604,63.10049907770672,63.45162155414008,64.40294615031863,64.55297187261145,-4.149625187406632,0.249218133303702,3.150528656401139,-16.99103507699146,-1.768585732164225,2.050938673335322,-10.265106382978562,17.282453919519828,63.877009663694224,-0.7549133252420188
2549.1600000000003,0.0,17.514239288035625,62.97592,63.3488814903727,64.25946727681948,64.50860523130787,-4.351200000000167,0.2564447718050018,3.1527522374784622,-16.974358218911537,-1.252941176470502,-1.2882352941182047,-10.179999999999987,17.26657023082005,63.773218499625,-0.24741015784374237
2549.1700000000005,0.0,17.491401273885423,62.97592,63.23543312828241,63.96407342835797,64.45509185296339,-4.561199999999869,0.2636714103063016,3.154975818555785,-16.957681360831614,-0.9705992509362644,-3.4292134831454986,-9.851910112360434,17.250691353211923,63.657629602400945,0.020379841802606817
2549.1800000000003,0.0,17.461544585987276,62.97592,63.1791724444445,63.79758488888906,64.4632675555555,-4.62,0.2708980488076219,3.1571993996331145,-16.941004502751642,-1.0205368289638166,-3.863670411985204,-9.177752808988476,17.234817299993143,63.60398622222226,-0.053239821714290134
2549.1900000000005,0.0,17.431687898089216,62.97592,63.14604385518111,63.68323782272189,64.49639614481889,-4.62,0.2781246873089217,3.159422980710437,-16.92432764467172,-1.1174308497382912,-2.603827560429938,-8.839257413406377,17.218948084506536,63.57539945568048,-0.2680092132562551
2549.2000000000003,0.0,17.401831210191155,62.83789000000062,63.09622445054963,63.62044214285727,64.45520675824199,-4.749297675580989,0.2839500036369836,3.1643090948767094,-16.90491816793152,-1.2818963369049463,1.0941539994990943,-8.983787690007377,17.20086445260662,63.50244083791238,-0.6858965061030792
2549.2100000000005,0.0,17.37197452229301,62.64334454545467,63.03957110389614,63.57875383116886,64.38358837662342,-4.929252686828546,0.2892842421744423,3.170128264190301,-16.88455107533395,-1.3941685477803394,2.878991723098487,-9.086192626034672,17.18200988242497,63.411314464285766,-0.8936958145570428
2549.2200000000003,0.0,17.342117834394948,62.58644,62.94655958510386,63.61499749062725,64.29301110722332,-5.15232000000004,0.2946184807118858,3.175947433503876,-16.86418398273644,-1.4292826686732027,1.8356007022819776,-9.126323049912232,17.163162399544586,63.36025204573861,-0.7909189577309435
2549.2300000000005,0.0,17.312261146496887,62.58644,62.83851659585126,63.683460374906126,64.19459571107244,-5.392319999999698,0.2999527192493294,3.1817666028174503,-16.843816890138925,-1.3596644967452531,0.1010716074127946,-9.158212318477704,17.144322027339513,63.32575317045746,-0.5823510888708199
2549.24,0.0,17.28240445859874,62.58644,62.75010906226556,63.83745221305328,64.1044689872468,-5.503047714214369,0.3052869577867881,3.1875857721310417,-16.823449797541357,-1.1393340010012198,-2.6280220330530737,-9.178242363545344,17.12548878927785,63.319617565641416,-0.22154737342397976
2549.2500000000005,0.0,17.25254777070068,62.58644,62.66983899474873,64.026889572393,64.01777731432864,-5.563002747939019,0.3106211963242317,3.1934049414446166,-16.803082704943844,-1.2533657927592106,-3.62364794007451,-9.134314606741537,17.10666270892227,63.32523647036759,-0.16296066818450028
2549.26,0.0,17.22269108280262,62.58644,62.6864222316524,63.847217848228354,63.97730217673495,-5.644452773613119,0.3159554348616752,3.199224110758191,-16.782715612346333,-1.842629213482653,-2.155483146068644,-8.999483146067528,17.087843809930163,63.274345564153926,-0.5339172680069733
2549.2700000000004,0.0,17.2,62.58644,62.74304729405885,63.51494625561695,63.95593422865704,-5.734407796102116,0.3212896733991339,3.2050432800717825,-16.762348519748762,-2.099576971213748,-0.1247759699589776,-9.133727158949323,17.0690321160542,63.20009194458321,-0.8110493955691525
2549.2800000000007,0.0,17.2,62.43722193451684,62.72435955011258,63.4672529817544,63.914199550112585,-5.952943820224993,0.3266239119365774,3.210862449385357,-16.741981427151252,-1.879301627033592,2.713772215271674,-9.654377972466056,17.050227651142936,63.1357585041241,-0.9534445526119946
2549.2900000000004,0.0,17.2,62.22541488627908,62.674082119470285,63.53892506373384,63.86392211947029,-6.222606741573009,0.331958150474021,3.2166816186989324,-16.72161433455374,-1.6035680399499666,3.138421972533519,-9.914626716604216,17.031430439140888,63.075586047238374,-0.8656187070934052
2549.3,0.0,17.2,62.16272,62.59902674556242,63.42939317554304,63.755437159763765,-6.235797898949593,0.3372923890114646,3.222500788012507,-16.701247241956228,-1.249011235955353,0.1321797752834141,-9.804764044943912,17.012640504089212,62.986644270217305,-0.450578022584128
2549.3100000000004,0.0,17.2,62.16272,62.51355337278113,63.243673254438015,63.62247857988176,-6.145752876438195,0.3426266275489233,3.2283199573260983,-16.680880149358657,-1.029722083124663,-2.1682849273923286,-9.75644466700054,16.993857870125996,62.885606301775226,-0.14503831292222397
2549.3200000000006,0.0,17.2,62.16272,62.416186590621166,63.29864447655239,63.64907340937884,-6.077192105920606,0.3479608660863669,3.2341391266396733,-16.660513056761147,-1.0046845267901847,-3.455215322984502,-9.796504757135704,16.975082561486936,62.8816561191381,0.0032521283515058626
2549.3300000000004,0.0,17.2,62.16272,62.31311941698371,63.4689765424585,63.752140583016285,-6.017237072195956,0.3532951046238104,3.239958295953248,-16.640145964163633,-1.1014777833248153,-2.98787319021684,-9.815871193210192,16.956314602505426,62.92423913561463,-0.07491799906503235
2549.3400000000006,0.0,17.2,62.09723118500001,62.30965881999999,63.40129903500003,63.67505746500002,-6.042739315171224,0.3586293431612691,3.245777465266839,-16.619778871566062,-1.3710733899155678,-0.0323065401848863,-9.805886170743868,16.93755401761317,62.87081162625002,-0.4742951967055232
2549.3500000000004,0.0,17.2,62.00414118500015,62.34817881999994,63.23330903500027,63.52204746500024,-6.10272431892024,0.3639635816987127,3.251596634580414,-16.599411778968552,-1.5197246558197588,1.8250838548187027,-9.697246558197588,16.918800831340782,62.77691912625015,-0.7337947946352117
2549.3600000000006,0.0,17.2,62.113505348662336,62.37389858035485,63.15640795301184,63.464639090227486,-6.141365341335298,0.3692978202361562,3.2574158038939887,-16.57904468637104,-1.4946933667084128,2.1054342928657754,-9.44693366708413,16.900055068317894,62.77711274306412,-0.7924226628976947
2549.3700000000003,0.0,17.2,62.30819667583094,62.3942234991252,63.11789758060487,63.44752336915772,-6.1713728432108335,0.3746320587736149,3.26323497320758,-16.55867759377347,-1.372780828756727,1.387503744382291,-9.495881178232905,16.88131675327377,62.81696028117968,-0.6694213518339899
2549.380000000001,0.0,17.2,62.36602,62.25150835955088,63.12524177278398,63.38759722347078,-6.115923057706704,0.3799662973110585,3.269054142521155,-16.53831050117596,-1.1131702446330365,-0.7492910634050078,-9.970169745381952,16.862585911037904,62.782591838951404,-0.28826912487605083
2549.3900000000003,0.0,17.2,62.36602,62.03991285393314,63.15195837702864,63.30958473907636,-6.0259905071197295,0.385300535848502,3.27487331183473,-16.517943408578446,-1.159198597545564,-2.110626095667347,-9.935800150263184,16.843862566540153,62.71686899250953,-0.16737124098504813
2549.4000000000005,0.0,17.2,62.36602,61.941347047952064,63.097061958041984,63.37382798701295,-5.957371971021667,0.39,3.278833182815113,-16.498526125661193,-1.6450488354632236,-2.3560555972958555,-9.169459053341514,16.825700917342328,62.69456424825175,-0.42098570443534455
2549.4100000000003,0.0,17.2,62.36602,61.89110728771232,63.0072717482518,63.49889292207784,-5.897416937297017,0.39,3.2690279963875635,-16.486140627015867,-1.9258711932101693,-1.6184997503711895,-8.9635996006,16.81164705836132,62.690822989510494,-0.6231396177648236
2549.4200000000005,0.0,17.2,62.36602,61.886420914771286,63.04520711322157,63.31990962259476,-5.9438549999999,0.39,3.259222809960014,-16.473755128370545,-1.915886170743888,0.5133025461799359,-9.552715926110617,16.7975962969253,62.65438941264691,-0.7523029321943036
2549.4300000000003,0.0,17.2,62.36602,61.90139717070733,63.13827384653843,63.00968717820522,-6.033855000000028,0.39,3.249417623532437,-16.461369629725183,-1.7476089133696735,1.5788307461187294,-10.011001502253642,16.783548640813773,62.60384454886274,-0.7372332856167719
2549.4400000000005,0.0,17.2,62.19863966983501,61.85510811405705,62.95790182091056,62.90105532766384,-6.145033707865062,0.39,3.239612437104887,-16.448984131079857,-1.3520155232849196,1.113132198297437,-10.281407110666004,16.76950409783073,62.47817623311661,-0.5150373771305302
2549.4500000000003,0.0,17.2,61.95883976988534,61.78231171585804,62.65922248124111,62.87964462231119,-6.264883895130847,0.39,3.2298072506773376,-16.43659863243453,-1.0890339490764402,0.204163754369572,-10.340908637044608,16.755462675804466,62.32000464732392,-0.32320025594724067
2549.4600000000005,0.0,17.2,61.91203253180343,61.71263994013471,62.71110767772508,62.92767631828384,-6.151492873218288,0.39,3.22000206424976,-16.42421313378917,-1.014146280579009,-1.33352970544435,-10.101268097852827,16.7414243825878,62.31586411698676,-0.1744234219539048
2549.4700000000003,0.0,17.19195849546044,61.94833086056367,61.64431367423309,62.91395127962053,63.00561096532789,-5.941440360090139,0.39,3.2101968778222107,-16.411827635143847,-1.070723585378304,-1.882328492738268,-9.906554832248249,16.727389226058285,62.378051694936296,-0.16582474680201362
2549.4800000000005,0.0,17.152050284346046,61.95942,61.67055892207557,62.833075267813015,62.97783718004359,-5.936581139620008,0.39,3.2003916913946613,-16.39944213649852,-1.3160916374561893,-1.0110215322984304,-9.77635953930896,16.71335721411803,62.36022284248304,-0.35852942033787166
2549.49,0.0,17.112142073231535,61.95942,61.738404742199165,62.62739530785937,62.90356386117144,-6.016554481839411,0.39,3.1905865049670843,-16.38705663785316,-1.45587016229711,-0.0436529338306673,-9.72890886392023,16.69932835469395,62.307195977807496,-0.5132414275396976
2549.5000000000005,0.0,17.072233862117137,61.95942,61.806250562322575,62.42171534790631,62.8292905422995,-6.096527824058588,0.39,3.180781318539535,-16.374671139207834,-1.445882646691628,1.059967540575102,-9.798821473158604,16.685302655737956,62.2541691131321,-0.614065408610339
2549.51,0.0,17.032325651002743,61.88078363546091,61.682078763347896,62.45455711944344,62.73860957040003,-6.141194999999969,0.39,3.1709761321119854,-16.362285640562508,-1.351745318352138,1.0450112359556452,-9.963146067415622,16.671280125226794,62.18900727216307,-0.5560283650950164
2549.5200000000004,0.0,16.992417439888232,61.76812408740993,61.474827707971095,62.59059883784461,62.64082958529919,-6.171195000000053,0.39,3.161170945684408,-16.349900141917146,-1.1370137328336631,-0.5729662921370497,-10.262771535580937,16.657260771162274,62.1185950546312,-0.2703291719898364
2549.5300000000007,0.0,16.952509228773838,61.73258,61.43817660462776,62.51415256539238,62.68440043762573,-6.116526079361038,0.39,3.1513657592568585,-16.337514643271824,-1.1040725907385585,-1.4236570713390209,-10.21504380475562,16.643244601571467,62.09232740191147,-0.17803201966369545
2549.5400000000004,0.0,16.91260101765944,61.73258,61.48015849597581,62.3397662474851,62.793122771629655,-6.026683304217653,0.39,3.141560572829309,-16.325129144626498,-1.3343604505632674,-1.1633316645806542,-9.66435544430523,16.62923162450656,62.086406878772635,-0.3657772348283299
2549.55,0.0,16.872692806545043,61.73258,61.465435423306864,62.17920855079716,62.64945596613603,-6.0,0.39,3.1317553864017595,-16.312743645981172,-1.5255544430537331,-0.4853191489369649,-9.49431789737148,16.61522184804511,62.006669985060014,-0.5262194044406052
2549.5600000000004,0.0,16.832784595430535,61.73258,61.426003152390464,62.02467667828696,62.39581054780894,-6.0,0.39,3.121950199974182,-16.30035814733581,-1.6607234042553844,0.7912765957452983,-9.869787234042734,16.60121528029005,61.89476759462159,-0.6475338518383018
2549.5700000000006,0.0,16.795530348557733,61.73258,61.3420635297069,62.14201473552222,62.35816868388055,-6.105622188905553,0.39,3.112145013546633,-16.287972648690484,-1.746194756554301,1.2199375780277792,-10.166401997503046,16.58721192936994,61.89370673727741,-0.6759212693565856
2549.5800000000004,0.0,16.770490284455192,61.73258,61.23798732013069,62.38235567310025,62.41825391827506,-6.255547226386575,0.39,3.102339827119084,-16.27558715004516,-1.7611760299625454,0.4459051186018197,-10.351171036204727,16.573211803438838,61.942794227876504,-0.5725028754499759
2549.5900000000006,0.0,16.74545022035258,61.53941261630861,61.08355300650354,62.30210904452262,62.38091863931979,-6.3,0.39,3.092534640691506,-16.2632016513998,-1.6362578222771251,-0.3330387984998673,-10.519669586984053,16.559214910676474,61.826498326663646,-0.4240551178892835
2549.6000000000004,0.0,16.72041015625004,61.261073446724176,60.90691468734418,62.080508244122704,62.30062849424736,-6.3,0.3873423619466958,3.087342361946696,-16.251647423261044,-1.31085106382963,-1.119021276596125,-10.664851063829856,16.54683537523766,61.63728121810961,-0.2110762284754544
2549.6100000000006,0.0,16.695370092147495,61.17618,60.96893350649293,61.9007410289716,62.30065593406581,-6.236849212303098,0.3837582243158144,3.0837582243158144,-16.24038299070685,-1.1344544319600154,-1.034861423222282,-10.55383270911408,16.5350196505963,61.58662761738259,-0.1773913731363323
2549.6200000000003,0.0,16.670330028044884,61.17618,61.13568675324659,61.7393324375626,62.33593065934062,-6.146826706676492,0.3801740866849228,3.0801740866849228,-16.229118558152617,-1.1694107365793018,0.2834906367050993,-10.079425717852333,16.523204710801284,61.596782462537455,-0.3980135334811454
2549.630000000001,0.0,16.645289963942343,61.17618,61.15795387846968,61.64824505626416,62.24143924981268,-6.225221084187026,0.3765899490540414,3.0765899490540414,-16.217854125598418,-1.2640725907384165,1.3315994993741929,-9.824690863579471,16.5113905575375,61.55595454613663,-0.5773402439689871
2549.6400000000003,0.0,16.620249899839802,61.17618,61.11621344336093,61.58831007251826,62.08946125531416,-6.37510866849865,0.3730058114231599,3.07300581142316,-16.20658969304422,-1.4442978723403623,1.992425531914662,-9.884765957446788,16.499577192494453,61.49254119279834,-0.6974868572174662
2549.6500000000005,0.0,16.59520983573719,61.17618,60.99365222388815,61.708633068465645,61.97835434782614,-6.441015000000052,0.3694216737922683,3.0694216737922684,-16.195325260489987,-1.5148876123874775,1.3390209790169778,-9.990224775225045,16.487764617366366,61.464204910044984,-0.6372889122705397
2549.6600000000003,0.0,16.57016977163465,61.17618,60.835371364318185,61.908623073462834,61.885310869565416,-6.471015000000009,0.365837536161387,3.065837536161387,-16.184060827935788,-1.42997252747254,-1.178461538461165,-10.16005494505492,16.475952833852322,61.451371326836615,-0.32129390957043147
2549.6700000000005,0.0,16.55,61.17618,60.63202956304696,61.81544956304696,61.86114029962545,-6.459000749437945,0.3622533985305055,3.0622533985305056,-16.17279639538159,-1.3305581977473402,-2.53433541927449,-10.138455569462211,16.464141843656055,61.37119985642985,-0.15018874600308776
2549.6800000000003,0.0,16.55,61.17618,60.40867875156093,61.59209875156093,61.86755228464418,-6.429023232575536,0.3586692608996139,3.058669260899614,-16.161531962827357,-1.210408010012368,-2.2289536921147683,-9.84308635794707,16.452331648486084,61.26112744694151,-0.18629541798880886
2549.6900000000005,0.0,16.55,61.17618,60.43610896551694,61.42176344827618,61.86732620689656,-6.399035241189695,0.3550851232687325,3.0550851232687326,-16.150267530273158,-1.286786516854141,-1.0721123595491735,-9.59557303370776,16.44052225005581,61.22534465517242,-0.3696957203010337
2549.7000000000003,0.0,16.55,61.17618,60.57620891554191,61.27524670664702,61.86411781109446,-6.369042739315187,0.3515009856378511,3.051500985637851,-16.139003097718962,-1.641343320848755,1.289935081147338,-9.415797752809082,16.428713650083363,61.222938358320846,-0.7615841080505037
2549.7100000000005,0.0,16.55,61.17618,60.58661294176456,61.343185043739055,61.81963430142465,-6.36,0.3479168480069595,3.04791684800696,-16.12773866516473,-1.827344844844778,2.657344844844778,-9.497419919920477,16.41690585029168,61.23140307173207,-0.953882735219248
2549.7200000000003,0.0,16.55,61.17618,60.538474976255976,61.5079238590351,61.756520079980056,-6.36,0.3443327103760781,3.044332710376078,-16.116474232610532,-1.7722897897897836,2.602289789789784,-9.952875375375427,16.40509885240866,61.24477472881778,-0.860741328118103
2549.7300000000005,0.0,16.55,60.938382560399,60.43981053051076,61.51593737982574,61.58126414445861,-6.42295499999996,0.3407485727451966,3.040748572745197,-16.105209800056333,-1.6223290064904727,1.2405242136818324,-10.290189715426736,16.393292658166946,61.11884865379852,-0.6177315150004872
2549.74,0.0,16.55,60.592997753424335,60.31828624657523,61.45304323287665,61.35527161643815,-6.512955000000216,0.337164435114305,3.037164435114305,-16.0939453675021,-1.337755866200234,-1.9746530204745496,-10.459935097354249,16.381487269304074,60.9298997123286,-0.1621513992724992
2549.7500000000005,0.0,16.55,60.48282,60.17924095429435,61.40223751883477,61.3710156604721,-6.51902024493874,0.3335802974834236,3.033580297483424,-16.082680934947902,-1.0959804658150494,-3.2757876283485907,-10.533270723766543,16.369682687562563,60.8588285334003,0.06543676619592348
2549.76,0.0,16.55,60.48282,60.03198831742866,61.35709437468616,61.49999607232526,-6.489027743064275,0.3299961598525422,3.029996159852542,-16.071416502393703,-0.9156649135989552,-1.8282544452805007,-10.468156774355178,16.357878914689742,60.842974691110015,-0.03438372771810985
2549.7700000000004,0.0,16.545487095330465,60.48282,60.06679458635344,61.09730754811288,61.46395410647335,-6.417121439280296,0.3264120222216506,3.0264120222216504,-16.06015206983947,-0.9485168539329776,0.0516404494411306,-10.217056179774676,16.34607595243787,60.777719060234915,-0.2788955781793259
2549.7800000000007,0.0,16.52062260679301,60.48282,60.1833954361409,60.74108660334935,61.35377165208704,-6.327166416791555,0.3228278845907691,3.022827884590769,-16.048887637285272,-1.2830986267171018,2.543525593012446,-9.70269912609162,16.334273802564255,60.69026842289432,-0.7282121023989955
2549.7900000000004,0.0,16.49575811825556,60.48282,60.14145551836139,60.762440964276514,61.20602933799674,-6.404621533849588,0.3193120473229505,3.019115489415222,-16.037641305107257,-1.5232615769713145,3.346655819773176,-9.395879849812257,16.322467863447454,60.64818645515866,-0.9388095689546812
2549.8,0.0,16.47089362971811,60.48282,60.02812051961056,60.95382742443122,61.04137283037761,-6.554509118161213,0.3160516080952114,3.0149234961224147,-16.026462656326437,-1.6283929912389667,1.7346408010025076,-9.38586733416772,16.310645529257155,60.626535193604845,-0.8080068764963079
2549.8100000000004,0.0,16.446029141180585,60.48282,59.91404991256563,60.99147175118662,61.00618338246314,-6.620879340494653,0.3127911688674631,3.010731502829596,-16.01528400754559,-1.6073858817658182,-0.168323771516509,-9.603058119232292,16.298824017081646,60.59863126155385,-0.5702057494797037
2549.8200000000006,0.0,16.42116465264313,60.48282,59.799645715713375,60.95939580814394,61.02970574069444,-6.6508568573569775,0.309530729639724,3.006539509536788,-16.004105358764768,-1.40783487153883,-2.483115490149572,-10.14184584684516,16.287003328710906,60.567891816137944,-0.18095273200299877
2549.8300000000004,0.0,16.39630016410568,60.293992158040105,59.69030613153311,60.89790829207318,61.121574948736914,-6.597496877342094,0.306270290411985,3.0023475162439808,-15.992926709983948,-1.3576859504132874,-3.0644327573245738,-10.400518407212566,16.275183465939897,60.50094538259583,-0.06451710095034743
2549.8400000000006,0.0,16.371435675568158,60.01893339334833,59.583279374843706,60.8229895623906,61.244655718929735,-6.507564326754864,0.3030098511842367,2.9981555229511616,-15.981748061203096,-1.5229752066118436,-1.146075632353452,-10.25526421237141,16.263364430568668,60.41746451237809,-0.34148480734100917
2549.8500000000004,0.0,16.346571187030705,59.77638317262072,59.64159738695967,60.5982762877844,61.09440345241092,-6.50081020255064,0.2997494119564976,2.993963529658354,-15.970569412422275,-1.6220634524106938,0.8260154883844001,-10.128730951786126,16.25154622440248,60.277665074943926,-0.5989751636177315
2549.8600000000006,0.0,16.32170669849325,59.54864397701763,59.775247149637536,60.30531600799452,60.81961954034522,-6.530817704426089,0.2964889727287585,2.989771536365547,-15.959390763641458,-1.6270597052210811,2.874479140643261,-10.028805895578378,16.23972884925163,60.112206668748726,-0.8287822159806864
2549.8700000000003,0.0,16.3,59.47702,59.64573028485764,60.364935517241314,60.71853763118441,-6.560809595202429,0.2932285335010102,2.985579543072728,-15.948212114860606,-1.5743779724653737,2.992280350433971,-10.002961201502002,16.22791230693154,60.05155585832084,-0.8272513491673326
2549.880000000001,0.0,16.3,59.47702,59.39547541229432,60.58631482758579,60.69714832583712,-6.590794602698633,0.2899680942732712,2.98138754977992,-15.937033466079786,-1.439209011263914,0.3489762202720947,-10.083061326658422,16.216096599262915,60.03898964142931,-0.494876337919054
2549.8900000000003,0.0,16.3,59.47702,59.33046377254503,60.55928747495031,60.61260842685404,-6.558482276585208,0.2867076550455321,2.977195556487113,-15.925854817298967,-1.2814382022470796,-1.5948764044949424,-10.11139325842694,16.204281728071535,59.99484491858735,-0.23547721594562546
2549.9000000000005,0.0,16.3,59.47702,59.35083451402804,60.41776442885784,60.49896113226463,-6.498572141787263,0.2834472158177838,2.9730035631942937,-15.914676168518117,-1.0916754057423808,-2.548684144821192,-10.066449438202143,16.19246769518838,59.936145018787634,-0.07937246864537045
2549.9100000000003,0.0,16.3,59.47702,59.297477853927134,60.27270229614837,60.55643000500224,-6.417837837837835,0.2801867765900447,2.968811569901486,-15.903497519737297,-0.9923604505632329,-2.168545682100439,-9.891674593241207,16.180654502449745,59.90090753876943,-0.11199891233951416
2549.9200000000005,0.0,16.3,59.47702,59.2107644972489,60.12603896448272,60.69131744872392,-6.327747747747844,0.2769263373623057,2.964619576608679,-15.892318870956476,-1.0223979974968478,0.1193141426765658,-9.531224030037828,16.16884215169706,59.87628522761389,-0.41453618446421875
2549.9300000000003,0.0,16.3,59.365978370296695,59.2007536257164,59.99887337154261,60.57877124345898,-6.362264433891607,0.2736658981345574,2.96042758331586,-15.881140222175626,-1.193026973027311,1.732967032967636,-9.30759240759238,16.15703064477702,59.78609415275367,-0.6734743542588647
2549.9400000000005,0.0,16.3,59.20493177174205,59.22528390231744,59.88048812359846,60.35479915275385,-6.4522419395151305,0.2704054589068183,2.956235590023052,-15.869961573394804,-1.562657342657563,2.3923076923080857,-9.27762237762236,16.14521998354167,59.666375737602955,-0.8706997850048052
2549.9500000000003,0.0,16.3,59.12172436000012,59.11466878000042,60.054894899999255,60.2267968200002,-6.48,0.2671450196790793,2.952043596730245,-15.858782924613989,-1.6871839799750377,1.756961201502637,-9.38169211514384,16.13341016984827,59.629521215000004,-0.830702878722968
2549.9600000000005,0.0,16.3,59.07464436000004,58.94132878000017,60.36519489999969,60.14333682000008,-6.48,0.2638845804513309,2.947851603437426,-15.847604275833136,-1.4619023779722853,-0.7261426783499227,-9.67706132665856,16.12160120555937,59.631126215,-0.4521459380417603
2549.9700000000003,0.0,16.3,59.05972,58.91853563999993,60.416788160000095,60.12930376999997,-6.48,0.2606241412235919,2.943659610144618,-15.836425627052316,-1.3569088639200944,-2.2027690387016183,-10.009383270911329,16.109793092542954,59.6310868925,-0.2130489220298274
2549.9800000000005,0.0,16.3,59.05972,58.96561563999993,60.348308160000094,60.14749376999997,-6.48,0.2573637019958528,2.939467616851811,-15.825246978271496,-1.42182771535582,-2.257700374531848,-10.393902621722932,16.097985832672254,59.6302843925,-0.17094535811271527
2549.99,0.0,16.3,59.05972,58.97129078101582,60.14453642631134,60.10311949708574,-6.411007493755018,0.2541032627681045,2.935275623558992,-15.814068329490643,-1.4146232790985942,-1.2422102628220857,-10.467369211513454,16.086179427825865,59.569666676103225,-0.2630019823773141
2550.0000000000005,0.0,16.3,59.05972,58.95774873272275,59.87797189675309,60.02970734054964,-6.311090757701803,0.2508428235403654,2.931083630266184,-15.802889680709823,-1.3044856070086728,1.300968710890646,-10.096906132665536,16.074373879887858,59.48128699250637,-0.5465299431708145
2550.01,0.0,16.3,59.05972,58.94420668442969,59.61140736719484,59.95629518401355,-6.211174021648587,0.2496221656050951,2.927355159235666,-15.78979847133757,-1.3263332526034048,2.601271494308836,-9.614976992008152,16.060804936842963,59.39290730890952,-0.7620115197142054
2550.0200000000004,0.0,16.3,59.05972,58.911489832541925,59.53788724818793,59.838934061484814,-6.262560000000243,0.2491126114649668,2.923788280254768,-15.776040509554104,-1.5346161298137675,2.145955437151299,-8.975596996850761,16.046621113494208,59.337007785553666,-0.8813745004111934
2550.0300000000007,0.0,16.3,59.05972,58.86977026243448,59.55500296925765,59.7009385603602,-6.382560000000073,0.2486030573248399,2.92022140127388,-15.76228254777068,-1.5470343580468664,0.8879746835431314,-8.854755877034718,16.03243735769223,59.29635794801308,-0.7730233096528512
2550.0400000000004,0.0,16.3,59.03125821464404,58.81117305917771,59.564858736208606,59.64437358074228,-6.440634841289667,0.248093503184713,2.9166545222929914,-15.748524585987251,-1.1957039524670552,-1.860669077757744,-9.69691552570397,16.018253669616406,59.26291589769316,-0.24177437190772427
2550.05,0.0,16.3,58.98940264794396,58.74463344032117,59.57129805416247,59.62612884653967,-6.470627343164174,0.2475839490445862,2.913087643312104,-15.734766624203829,-1.0583071161047577,-3.035318352060633,-10.21069912609235,16.004070049446828,59.23286574724182,0.00426580503033433
2550.0600000000004,0.0,16.3,58.855146700000255,58.60262670000026,59.61442511999992,59.67398345999988,-6.459385307346317,0.2470743949044578,2.909520764331205,-15.721008662420363,-1.2231011235956804,-1.9866292134820345,-10.260636704119904,15.989886497364138,59.186545495000075,-0.15256429415433742
2550.0700000000006,0.0,16.297636318159146,58.6785967000005,58.42607670000051,59.67434511999983,59.75209345999978,-6.429400299850112,0.246564840764331,2.9059538853503173,-15.707250700636935,-1.355063829787258,-0.404713391739018,-10.370440550688416,15.97570301354977,59.13277799500015,-0.3447557620568774
2550.0800000000004,0.0,16.272623811906037,58.62316,58.45684488678727,59.52805572530573,59.72986480716622,-6.42,0.2460552866242041,2.902387006369429,-15.693492738853513,-1.4401702127659546,1.9382152690862808,-10.56568460575719,15.961519598185685,59.084481354814805,-0.587414426091295
2550.0900000000006,0.0,16.247611305652857,58.62316,58.58250798706123,59.28737894003527,59.66170854939052,-6.42,0.2455457324840758,2.8988201273885306,-15.679734777070047,-1.4858612081877,2.9188841737376543,-10.392353969045152,15.947336251454468,59.03868886912175,-0.7309635007618968
2550.1000000000004,0.0,16.222598799399748,58.62316,58.48745986466216,59.26394518796972,59.54822568421086,-6.440544455544443,0.2450361783439489,2.8952532484076428,-15.665976815286625,-1.4758761857214184,1.9752995506740407,-9.698394907638582,15.933152973539496,58.98069768421068,-0.7345157972115667
2550.1100000000006,0.0,16.19758629314664,58.62316,58.28686838596554,59.34439631578922,59.413067789474105,-6.470514485514421,0.244526624203822,2.8916863694267545,-15.652218853503197,-1.3652769461081489,0.350182135732267,-9.446057884230994,15.918969764624654,58.91687312280722,-0.5665771213401072
2550.1200000000003,0.0,16.17257378689346,58.62316,58.23465603702776,59.29266625469111,59.38242578934199,-6.541545772886467,0.2440170700636937,2.888119490445856,-15.638460891719731,-1.1107859281435155,-2.249618263475067,-9.8252994011979,15.904786624894507,58.88322702026522,-0.1533834340179638
2550.130000000001,0.0,16.14756128064035,58.62316,58.251788886664976,59.17916112584453,59.40062944208154,-6.631590795397736,0.2435075159235668,2.884552611464968,-15.624702929936308,-1.047832080200532,-3.122067669172699,-9.925401002506222,15.890603554534387,58.86368486364776,-0.026372591967673095
2550.1400000000003,0.0,16.12254877438724,58.55182595617554,58.190253346613765,59.10241768924317,59.48938041832641,-6.577880529867542,0.24299796178344,2.88098573248408,-15.61094496815288,-1.2633709273181917,-1.482969924812824,-9.619636591478844,15.87642055373016,58.833469352589724,-0.3154680954943082
2550.1500000000005,0.0,16.09753626813406,58.44738372509968,58.09220553784867,59.04273641434267,59.61087444223099,-6.45791052236917,0.2424884076433116,2.877418853503181,-15.597187006369415,-1.4684534534537454,0.3099549549580416,-9.497807807808025,15.862237622668369,58.7983000298805,-0.5892110968030487
2550.1600000000003,0.0,16.07252376188095,58.23274143180147,58.0073641145442,58.93843344385852,59.45151900527552,-6.42,0.2419788535031848,2.8738519745222937,-15.58342904458599,-1.6586436436437255,2.321966966967832,-9.637947947948009,15.84805476153634,58.65751449886993,-0.8410884131329763
2550.1700000000005,0.0,16.05,57.965039849284686,57.92888132127623,58.81264595327834,59.15693975383134,-6.42,0.2414692993630579,2.870285095541405,-15.569671082802566,-1.8010564435564176,2.918209290709779,-9.593703796203902,15.833871970521944,58.46587671941765,-0.9576087330687881
2550.1800000000003,0.0,16.05,57.95767631578946,57.85538930983119,58.7867791509434,59.05381746772592,-6.501998001998183,0.2409597452229296,2.8667182165605074,-15.5559131210191,-1.8759815184816813,1.5146128871098323,-9.289008491507827,15.819689249813727,58.4134155610725,-0.8829311726935907
2550.1900000000005,0.0,16.05,58.07030789473674,57.78419765143998,58.80696783018866,59.03894159880835,-6.6218781218782645,0.2404501910828027,2.863151337579619,-15.542155159235676,-1.7258823529405771,-0.1959198998775785,-9.50030037547054,15.805506599601035,58.425103743793436,-0.6226808738706615
2550.2000000000003,0.0,16.05,58.10742,57.819144256281234,58.791267753768906,59.02250335678395,-6.66,0.2394175582441825,2.86,-15.528776872312784,-1.2552941176472765,-2.343604505631048,-10.446483103879412,15.791764686610298,58.43508384170852,-0.09813000816949671
2550.2100000000005,0.0,16.05,58.10742,57.90624978391956,58.757931070351766,59.005297326633176,-6.66,0.2344180581941777,2.86,-15.518277922207774,-0.9178277153556696,-2.820774032457727,-11.002072409488145,15.78136564106189,58.44422454522613,0.1488978176721248
2550.2200000000003,0.0,16.05,58.10742,57.95439667164919,58.62610556552095,59.02156786248126,-6.537360659834889,0.2294185581441871,2.86,-15.507778972102797,-0.7680149812734386,-0.9431210986270964,-11.007066167290883,15.77096831277061,58.427372524912855,0.004718466842875552
2550.2300000000005,0.0,16.05,58.10742,57.98425217737909,58.44803879920326,59.05355590433474,-6.357405648588099,0.2244190580941965,2.86,-15.497280021997812,-0.7749937421774962,0.8931038798480675,-10.8076220275349,15.760572705135063,58.398316720229275,-0.21874608542645851
2550.24,0.0,16.05,58.02098581709149,57.94790176911546,58.32939607196404,58.9797266716642,-6.320419790104968,0.2194195580441917,2.86,-15.486781071892803,-1.0052816020028597,2.670325406761198,-10.31700876095043,15.750178821562297,58.319502582458796,-0.5551319852027232
2550.2500000000005,0.0,16.05,57.89264998500755,57.879455992004026,58.23956098950529,58.854599235382366,-6.350404797601215,0.2144200579942012,2.86,-15.476282121787824,-1.1959550561798973,2.8789637952541183,-9.73364544319536,15.739786665467854,58.21656655047481,-0.7291442810629258
2550.26,0.0,16.05,57.77052691902748,57.73221024316896,58.41794907495571,58.76527552770128,-6.441477783325029,0.2094205579442106,2.86,-15.465783171682844,-1.3307865168539053,0.8764669163549619,-9.01953807740339,15.729396240275655,58.17149044121336,-0.6742684846585439
2550.2700000000004,0.0,16.05,57.65142940085232,57.54658978691397,58.72695885184263,58.6933878365505,-6.561298052920918,0.2044210578942058,2.86,-15.455284221577832,-1.4120650813516988,-0.9525657071368604,-8.806508135169892,15.719007549418102,58.15459146903986,-0.5436136370016516
2550.2800000000007,0.0,16.023506729169835,57.58650374257427,57.50262209900989,58.71369047524759,58.69250659405939,-6.6000000000000005,0.1994215578442152,2.86,-15.444785271472853,-1.417071339173975,-2.5345431789761648,-9.30713391739752,15.708620596336196,58.12383072772278,-0.3050310496833577
2550.2900000000004,0.0,15.993263269318058,57.54730572277231,57.52592902970296,58.54736374257438,58.72534817821779,-6.6000000000000005,0.1944220577942246,2.86,-15.434286321367871,-1.4386516853932991,-2.614456928837108,-9.8196754057433,15.698235384479375,58.08648666831686,-0.22640110243787806
2550.3,0.0,15.96301980946628,57.46338823234869,57.48313152729105,58.49048,58.74222094141211,-6.518660334916357,0.1894225577442341,2.86,-15.423787371262891,-1.4835955056179684,-0.577003745318764,-10.34901373283385,15.687851917305665,58.044805175262965,-0.3732465634865444
2550.3100000000004,0.0,15.932776349614418,57.35622749123681,57.40597579369051,58.49048,58.750793800701054,-6.398690327417985,0.1844230576942293,2.86,-15.413288421157882,-1.617116104869312,1.153520599252919,-10.58996254681622,15.677470198281638,58.00086927140709,-0.5615667556308441
2550.3200000000006,0.0,15.90253288976264,57.22642351439314,57.35786718898627,58.49048,58.60144663329186,-6.36,0.1794235576442387,2.86,-15.402789471052902,-1.876791510611846,2.446903870162848,-10.420174781523023,15.667090230882563,57.91905433416782,-0.8089570193340961
2550.3300000000004,0.0,15.872289429910865,57.08500674342968,57.32465567459333,58.49048,58.37110871088925,-6.36,0.1744240575942481,2.86,-15.392290520947922,-1.9950976464697567,2.3333350025050703,-9.983294942414126,15.656712018592247,57.81781278222806,-0.9029940509209519
2550.3400000000006,0.0,15.842045970059,57.03742,57.22598176853721,58.49048,58.11860353707443,-6.36,0.1694245575442433,2.86,-15.381791570842912,-1.9099699549322893,0.1951276915345641,-9.16206309464091,15.646335564903149,57.71812132640291,-0.776352041169013
2550.3500000000004,0.0,15.811802510207224,57.03742,57.09410802104233,58.49048,57.85485604208465,-6.36,0.1644250574942528,2.86,-15.37129262073793,-1.6636286286284996,-1.5168218218221223,-8.835030030030131,15.635960873316495,57.619216015781745,-0.5651037746935424
2550.3600000000006,0.0,15.781559050355447,57.0416850908186,57.04457321224187,58.24239388405174,57.856726907190485,-6.2789392044034775,0.1594255574442622,2.86,-15.360793670632953,-1.1881531531535487,-2.6229279279270075,-9.210405405405092,15.625587947342135,57.54634477357567,-0.23360400047769517
2550.3700000000003,0.0,15.751315590503584,57.04807473998507,57.036053680019904,57.8707292908686,57.990909539686406,-6.15884913685253,0.1544260573942574,2.86,-15.35029472052794,-0.9721722846443304,-2.4949188514340155,-9.351248439450517,15.615216790498627,57.486441812639995,-0.15306921912769278
2550.380000000001,0.0,15.75,56.98851280241946,56.92596957661307,57.74362,58.10209588709667,-6.018651685393257,0.1494265573442668,2.86,-15.33979577042296,-1.1219850187265614,-0.6272534332088671,-9.161485642946356,15.604847406313395,57.440049566532295,-0.42630436748042977
2550.3900000000003,0.0,15.75,56.89467207661304,56.76309659274216,57.74362,58.20132975806438,-5.868838951311026,0.1444270572942763,2.86,-15.32929682031798,-1.2657711567349346,1.019449173758986,-9.101639959939757,15.594479798322535,57.400679606854894,-0.6548776712143498
2550.4000000000005,0.0,15.75,56.80441596810364,56.67980856217293,57.70767781211063,58.079128592075705,-5.82,0.1418545695494391,2.858932217532141,-15.317358643368982,-1.4009739609415006,2.351447170757006,-9.2268277416125,15.582525211047654,57.31775773361573,-0.8198416810974741
2550.4100000000003,0.0,15.75,56.715893665586975,56.63501414403196,57.654351123847576,57.84982383254458,-5.82,0.1580516835182095,2.8496066064592127,-15.294290026504369,-1.4468014981273694,2.200441947566344,-9.104958801498295,15.558295072438687,57.21377069150277,-0.8379728802839957
2550.4200000000005,0.0,15.75,56.720020184953626,56.56228223444162,57.62448120969762,57.67789777055774,-5.82,0.17424879748698,2.840280995386284,-15.271221409639756,-1.366901373283513,-0.0367615480616421,-8.635545568040637,15.534083884105229,57.14617034991265,-0.6495486574443954
2550.4300000000003,0.0,15.75,56.77029761559607,56.47563389652591,57.606295756061,57.53455360659844,-5.82,0.1904459114557965,2.830955384313329,-15.24815279277508,-1.2414317897370577,-1.701489361702637,-8.601907384230637,15.509891734792262,57.09669521869536,-0.43939980881380075
2550.4400000000005,0.0,15.75,56.71358502123424,56.560171666250056,57.598100534599055,57.52247775668241,-5.900839580209934,0.2066430254245669,2.8216297732404008,-15.225084175910466,-1.0511939924905591,-2.5525531914896047,-9.187639549436962,15.485718713729517,57.09858374469144,-0.19837358648165623
2550.4500000000003,0.0,15.75,56.60345761678768,56.7301741643763,57.594892940294784,57.57593766175356,-6.020779610194753,0.2228401393933373,2.8123041621674725,-15.202015559045853,-0.9607438841737348,-2.114450823764569,-9.444950074887688,15.461564910633772,57.12611559580308,-0.17461310605958255
2550.4600000000005,0.0,15.75,56.59224865283677,56.761411347163225,57.42509803549124,57.68707982004493,-5.979320679320577,0.2390372533621538,2.802978551094517,-15.178946942181176,-1.0106689965053557,0.1371717423915304,-9.240257114328044,15.437430415711745,57.11645946388404,-0.4564887896488581
2550.4700000000003,0.0,15.75,56.63075902524364,56.72290097475636,57.171571417146026,57.82721478630325,-5.859440559440495,0.2552343673309243,2.793652940021589,-15.155878325316564,-1.1102303455185498,1.780167751628683,-9.206755132699389,15.413315319663011,57.088111550862315,-0.6658382912796905
2550.4800000000005,0.0,15.732426567073803,56.58613949101812,56.59282859281471,57.11220467065861,57.8407839021957,-5.860219780219737,0.2714314812996947,2.7843273289486605,-15.13280970845195,-1.280485728593001,2.5563319979975034,-9.417070605909002,15.38921971368232,57.032989164171795,-0.7718929276989732
2550.49,0.0,15.712238821035614,56.49964248502992,56.4166309880239,57.15064778443115,57.79059428143711,-5.920159840159863,0.2876285952685112,2.7750017178757056,-15.109741091587273,-1.3696254681647322,1.848052434449981,-9.25781273408071,15.36514368946253,56.96437888473052,-0.7522801992424573
2550.5000000000005,0.0,15.69205107499748,56.47550491836054,56.4450436121292,57.24286784405191,57.694392155948094,-6.047057842973752,0.3038257092372817,2.7656761068027773,-15.08667247472266,-1.3446566791510268,-0.9484519350850004,-8.578661672907929,15.341087339197559,56.964452132622434,-0.5558863040727883
2550.51,0.0,15.671863328959343,56.48334897034321,56.5783924958345,57.36266791069624,57.57459208930376,-6.207084514085536,0.3200228232060521,2.7563504957298486,-15.063603857858046,-1.1917832167832136,-2.5322377622377608,-9.06706293706296,15.31705075558473,56.999750366544426,-0.2659465943465775
2550.5200000000004,0.0,15.651675582921154,56.49119302232589,56.71174137954017,57.4824679773409,57.4547920226591,-6.367111185197776,0.3362199371748686,2.7470248846568937,-15.04053524099337,-0.8571178821175092,-2.3923776223774667,-11.21491508491748,15.293034031827744,57.03504860046651,0.15695048376951556
2550.5300000000007,0.0,15.63148783688302,56.43237448586444,56.63693589191904,57.49139714786092,57.59215597197884,-6.3798500749625,0.352417051143639,2.7376992735839654,-15.017466624128756,-0.7690240240240829,-1.3308408408403123,-12.080930930930716,15.269037261639651,57.03821587440581,0.20721334921848333
2550.5400000000004,0.0,15.611300090844884,56.339214615962064,56.45489936452358,57.44321100825624,57.861998353765046,-6.319880059970091,0.3686141651124094,2.728373662511037,-14.994398007264143,-1.0342892892894326,1.051541541542829,-11.109959959959436,15.245060539245237,57.02483083562673,-0.2765421582282813
2550.55,0.0,15.591112344806753,56.252471210000174,56.32391511000022,57.2393316750006,57.7317970350007,-6.239835000000161,0.3848112790811799,2.7190480514381083,-14.971329390399532,-1.254095118898625,2.447932415519399,-10.415944931163953,15.221103959384099,56.886878757500426,-0.6005903769648603
2550.5600000000004,0.0,15.57092459876856,56.16901121000006,56.21905511000007,56.9557816750002,57.39688703500023,-6.149834999999905,0.4010083930499963,2.7097224403651534,-14.948260773534852,-1.40928911138941,2.442926157697116,-10.115569461826947,15.197167617313292,56.68518375750014,-0.697645427487193
2550.5700000000006,0.0,15.550736852730424,56.17680398901639,56.076841522716165,56.96581173240116,57.236168092860815,-6.1400299625468255,0.4172055070187668,2.700396829292225,-14.92519215667024,-1.524905094905093,1.3919105894106645,-9.788494005994016,15.173251608810459,56.61390633424863,-0.676682294400853
2550.5800000000004,0.0,15.55,56.23129225661497,55.91551351472823,57.126071342985206,57.16458546679994,-6.169992509363272,0.4334026209875373,2.691071218219297,-14.902123539805627,-1.584845154845134,-1.1305669330660555,-9.423858641358768,15.149356030176206,56.60936564528208,-0.48969839520361413
2550.5900000000006,0.0,15.55,56.12368283212419,55.82304843632728,57.100415881911495,57.123922151613726,-6.259979984988906,0.4495997349563537,2.681745607146342,-14.87905492294095,-1.555843343343056,-2.692782782783153,-9.338313313313888,15.125480978237183,56.54276732549417,-0.3304604505974027
2550.6000000000004,0.0,15.55,55.93200907680807,55.76629587190406,56.97834432824648,57.09929368026025,-6.380070052539512,0.4657968489251242,2.672419996073413,-14.855986306076336,-1.4006881881880724,-2.8929829829831326,-9.648623623623855,15.101626550349112,56.443985739304715,-0.21057680434189108
2550.6100000000006,0.0,15.55,55.77578572713687,55.79005667166396,56.91919382308853,57.300556581708136,-6.42,0.4640752594074221,2.6718514814351804,-14.843704963120386,-1.4366008991007102,-1.90172327672493,-10.08320179820142,15.089391413089071,56.44639820089938,-0.25994331594662257
2550.6200000000003,0.0,15.55,55.637824707646246,55.85529405297348,56.89245719140431,57.61818776611678,-6.42,0.456074259282392,2.6743517939742523,-14.83520390048754,-1.7412962037963515,0.7656093906106833,-10.692592407592704,15.081227934652869,56.500940929535204,-0.5474006031701507
2550.630000000001,0.0,15.55,55.63024754622679,55.89515944027981,56.66485894053026,57.40512140929613,-6.320124875124844,0.4480732591573845,2.676852106513317,-14.82670283785472,-1.8537571964957256,2.3631214017521374,-10.96305632040064,15.073069491240526,56.398846834083244,-0.7103506835433613
2550.6400000000003,0.0,15.55,55.69013760119921,55.92189607196393,56.33332470764723,56.917445247377856,-6.170274725274742,0.4400722590323771,2.6793524190523823,-14.8182017752219,-1.693556946182885,2.443221526908557,-10.752793491865038,15.064916091032208,56.21570090704706,-0.6967022710087278
2550.6500000000005,0.0,15.55,55.72470119999998,55.82683912000013,56.25091863999996,56.73517068000002,-6.159870000000101,0.432071258907347,2.681852731591454,-14.809700712589056,-1.5273090364450728,1.4120968547140773,-10.347543684472283,15.056767742220742,56.134407410000016,-0.5949828090282555
2550.6600000000003,0.0,15.55,55.74610119999998,55.668479120000136,56.29799863999995,56.71163068000002,-6.219870000000016,0.4240702587823395,2.684353044130519,-14.801199649956237,-1.3525711432848964,-1.17901647528968,-9.66856215676417,15.048624453011682,56.10605241000002,-0.3696251430189967
2550.6700000000005,0.0,15.55,55.64531906281181,55.64801379860411,56.35551529411755,56.654443210369,-6.279840119910017,0.4160692586573321,2.686853356669584,-14.792698587323414,-1.123877346683351,-2.6751889862327904,-9.36924405506884,15.040486231623179,56.07582284147562,-0.1825461967888511
2550.6800000000003,0.0,15.50159920039984,55.48103192422725,55.69922017946163,56.41845647058826,56.57976723828512,-6.339795153634837,0.408068258532302,2.689353669208656,-14.78419752469057,-0.8184956195240645,-2.6151138923653896,-9.609544430538442,15.032353086286074,56.044618953140564,-0.049873082302329265
2550.6900000000005,0.0,15.451624187906123,55.40012243682767,55.59206871153387,56.313294220665725,56.653617398048354,-6.280440000000026,0.4000672584072945,2.6918539817477205,-14.77569646205775,-0.7499975024974946,-1.762282717282776,-9.46774225774228,15.024225025243949,55.98977569176891,-0.13701069385958003
2550.7000000000003,0.0,15.401649175412407,55.36371513134863,55.40039495621775,56.11840805604263,56.8067422416808,-6.160440000000197,0.3920662582822871,2.6943542942867853,-14.76719539942493,-1.0147327672326751,0.2057492507485663,-8.788421578421815,15.016102056753008,55.92231509632246,-0.5333645975282896
2550.7100000000005,0.0,15.351674162918547,55.32470701185583,55.3001428357126,55.97914521171071,56.67978628599104,-6.080279580629032,0.384065258157257,2.696854606825857,-14.758694336792086,-1.2693642052569527,1.6187609511899814,-8.520415519399752,15.007984189082158,55.82094533631754,-0.8063646188292933
2550.7200000000003,0.0,15.301699150424833,55.28431988386164,55.24836446648927,55.86937506895725,56.404325361722925,-6.020369445831257,0.3760642580322495,2.699354919364922,-14.750193274159264,-1.5096645807258724,2.244543178973626,-8.835809762202707,14.999871430513068,55.70159619525777,-0.9044019992376799
2550.7300000000005,0.0,15.251724137931117,55.3098699974139,55.17630400310332,55.79675292474794,56.29056,-6.03959999999993,0.3680632579072421,2.701855231903987,-14.741692211526445,-1.620916354556876,1.585840199752847,-9.013767790262188,14.991763789340055,55.64337173131629,-0.8463362860576349
2550.74,0.0,15.201749125437257,55.38181207137313,55.08997351435224,55.7502672769589,56.29056,-6.099600000000016,0.3600622577822119,2.7043555444430587,-14.7331911488936,-1.5510037453182035,-0.8760823970089762,-8.998786516853901,14.983661273870142,55.62815321567107,-0.5691258453381499
2550.7500000000005,0.0,15.15177411294354,55.34031172500018,55.06006,55.82785882999974,56.22832719500017,-6.17939999999998,0.3520612576572045,2.7068558569821235,-14.72469008626078,-1.3940750938668884,-2.3965932415522344,-9.368826032542133,14.975563892423153,55.61413943750002,-0.30231659153854473
2550.76,0.0,15.101799100449822,55.23866172500033,55.06006,55.971238829999535,56.1330971950003,-6.26939999999998,0.3440602575321971,2.7093561695211887,-14.71618902362796,-1.1137246558198155,-2.581824780976193,-10.28497121401739,14.967471653331556,55.60076443750003,-0.050260169971077795
2550.7700000000004,0.0,15.051824087955962,55.16218454500005,55.12998449999991,56.04049885999997,56.27980596499976,-6.260399999999899,0.3360592574071669,2.7118564820602606,-14.707687960995116,-1.0185029940122097,-1.7828542914140728,-10.834530938123802,14.959384564940564,55.65311846749992,-0.018193089624173597
2550.7800000000007,0.0,15.05,55.09905454500005,55.23698449999991,56.07045885999997,56.55479596499976,-6.200399999999984,0.3280582572821595,2.714356794599325,-14.699186898362294,-1.1831736526947396,0.3977844311394318,-10.869461077844338,14.951302635608185,55.74032346749992,-0.29495719983648794
2550.7900000000004,0.0,15.05,55.053423487384514,55.22375209093192,55.8817045266055,56.431380339745694,-6.140449438202305,0.3200572571571521,2.7168571071383902,-14.690685835729472,-1.1644088176352465,1.7336673346693496,-10.714549098196358,14.94322587370511,55.647565111166905,-0.4510097220846805
2550.8,0.0,15.05,55.01707075193613,55.14676982762946,55.57698306769997,56.09672133400032,-6.080524344569413,0.3120562570321447,2.719357419677455,-14.682184773096653,-0.8838476953909781,1.863927855711332,-10.288697394789878,14.935154287614806,55.45938624531648,-0.4347845411222338
2550.8100000000004,0.0,15.05,55.01625030423939,55.07265878304243,55.51756531670819,55.87726676309234,-6.00081020255064,0.3048382465322005,2.718623532408587,-14.673461778940789,-0.8799201198208402,1.1050923614548345,-9.662006989514378,14.92629628694107,55.370935291770586,-0.4494015862531987
2550.8200000000006,0.0,15.05,55.03439494264337,55.00008022942652,55.58907653865327,55.71930167581067,-5.91078769692429,0.2978910682444545,2.7167709515318545,-14.664662019776308,-1.264343484773228,-0.9018971542706188,-8.753369945081461,14.9171678158388,55.33571334663346,-0.5073163718612637
2550.8300000000004,0.0,15.05,55.0102628972432,55.02165370426051,55.742714636591096,55.76972583458615,-5.9194701324668,0.2909438899567086,2.7149183706551225,-14.65586226061183,-1.4134610568494723,-2.2703130478337443,-8.66475331830712,14.908042417046241,55.38608926817024,-0.42851125997476514
2550.8400000000006,0.0,15.05,54.96306490225562,55.0945960601504,55.94116075187976,55.93384613533839,-5.979455136215986,0.2839967116689429,2.7130657897783848,-14.647062501447328,-1.2281367392935156,-2.731119459053961,-9.74163786626741,14.898920096208618,55.483166962406045,-0.15538513155221764
2550.8500000000004,0.0,15.05,54.92505632734535,55.09421884231542,55.95730518962086,56.13299449101769,-6.0,0.2770495333811969,2.7112132089016527,-14.63826274228285,-1.201116104868906,-2.0411660424470344,-10.640387016229688,14.889800858983163,55.52739371257483,-0.08203945811945315
2550.8600000000006,0.0,15.05,54.89195253493025,55.05470786427159,55.87614750499029,56.350838802394485,-6.0,0.270102355093451,2.7093606280249203,-14.629462983118373,-1.3958726591758066,0.2609563046165841,-11.289575530586022,14.880684711038983,55.543411676646656,-0.28857828765399673
2550.8700000000003,0.0,15.05,54.837525552238894,54.882810507463006,55.65923444776158,56.21157802985118,-6.0,0.2631551768056853,2.707508047148183,-14.620663223953867,-1.4747747747747246,1.7861261261263768,-11.6865765765766,14.871571658057157,55.39778713432867,-0.4135862738425996
2550.880000000001,0.0,15.036159323542536,54.77151560199015,54.63899956218941,55.36857773134371,55.87833424875672,-6.0,0.2562079985179393,2.7056554662714505,-14.61186346478939,-1.3896896896897335,2.2115515515513327,-11.726616616616596,14.862461705730857,55.16435678607,-0.4231906991589742
2550.8900000000003,0.0,15.0213247292687,54.72085574767537,54.543191108318695,55.26130121135965,55.78515051520475,-6.019319999999984,0.2492608202301933,2.7038028853947185,-14.603063705624912,-1.4023376623374688,1.635064935067497,-11.274155844157322,14.85335485976519,55.07762464563962,-0.43596776344411137
2550.9000000000005,0.0,15.006490134994824,54.678905508921815,54.531358989695896,55.25807426991706,55.82817640110583,-6.0493200000000265,0.2423136419424276,2.7019503045179807,-14.594263946460408,-1.5521878121879968,-0.3479520479544913,-10.130299700298291,14.844251125877328,55.07412879241014,-0.4531987247431584
2550.9100000000003,0.0,14.99165554072099,54.60228615459173,54.46129090380423,55.23205595347711,55.76797531863341,-6.0986496624156015,0.2353664636546817,2.7000977236412487,-14.58546418729593,-1.4617571964952252,-1.725549436796472,-9.430983729662014,14.835150509796593,55.01590208262662,-0.38541628754813984
2550.9200000000005,0.0,14.976820946447155,54.506875444633,54.3596577562395,55.19368425490675,55.651823149988005,-6.158664666166501,0.2284192853669358,2.698245142764516,-14.576664428131451,-1.031219023779465,-2.246200250313205,-9.360896120150146,14.826053017264327,54.92801015144181,-0.1973008756737029
2550.9300000000003,0.0,14.96198635217328,54.40399075573897,54.34460396182615,55.17453095692546,55.67207571318031,-6.199335000000031,0.2214721070791701,2.696392561887779,-14.56786466896695,-0.9027141073666184,-1.973867665414352,-9.413595505618607,14.816958654034009,54.89880034691772,-0.17448906730066638
2550.9400000000005,0.0,14.947151757899444,54.29580401341268,54.39096970853742,55.16901122517412,55.78909402630874,-6.229334999999988,0.2145249287914241,2.6945399810110464,-14.559064909802473,-1.1973458177283396,-0.590596754055084,-9.638314606741954,14.807867425871345,54.91121974335824,-0.38326105878911054
2550.9500000000003,0.0,14.93231716362561,54.20213749258191,54.34646366468876,55.14242777448084,55.666245163205645,-6.182067415730482,0.2075777505036781,2.6926874001343144,-14.550265150637992,-1.36585585585585,0.5888288288293535,-10.041441441441828,14.798779338554132,54.83931852373929,-0.5014823431981125
2550.9600000000005,0.0,14.917482569351735,54.11641048961436,54.25226979723059,55.10432688427305,55.41223922848698,-6.092179775280888,0.2006305722159124,2.6908348192575766,-14.541465391473489,-1.355845845845823,1.479719719721793,-10.697097097098624,14.789694397872386,54.72131159990125,-0.49153282000243803
2550.9700000000003,0.0,14.9026479750779,54.09565973313189,54.21488122356496,55.09002,55.23610894259844,-6.0600000000000005,0.1936833939281665,2.6889822383808446,-14.53266563230901,-1.4912987012990273,1.432727272725964,-10.757922077921334,14.780612609628418,54.659167474823825,-0.5229289462025343
2550.9800000000005,0.0,14.9,54.11397796072502,54.21164859516617,55.09002,55.10680380664686,-6.0600000000000005,0.1867362156404205,2.687129657504112,-14.523865873144532,-1.8309590409587768,0.06909090909197,-9.983696303696906,14.77153397963672,54.63061259063451,-0.6123680032847126
2550.99,0.0,14.9,54.1470528220402,54.204375502606105,54.9984525390916,55.09397387441052,-6.117871596302865,0.1797890373526548,2.685277076627375,-14.51506611398003,-1.831031289110949,-1.0243078848567215,-9.482330413016165,14.762458513724061,54.610963684537104,-0.5745727196961128
2551.0000000000005,0.0,14.9,54.188482457185394,54.1948148175726,54.85504226358901,55.14708879126333,-6.207804146889839,0.1728418590649089,2.6834244957506423,-14.506266354815551,-1.350430538172426,-1.7351964956199533,-9.367186483103811,14.753386217729584,54.59635708240259,-0.3566824514867183
2551.01,0.0,14.9,54.150323179074526,54.15629106639844,54.80112,55.18586788732392,-6.24,0.1658946807771629,2.6815719148739103,-14.497466595651073,-1.072017926356588,-1.742378875969236,-9.475559593023153,14.7443170975047,54.57340053319922,-0.2460381144308219
2551.0200000000004,0.0,14.9,54.06420647887315,54.10031521126755,54.80112,55.21600873239439,-6.24,0.160658445156739,2.679917694355408,-14.487366219373044,-1.076862887596904,-0.7636967054253929,-9.897071220930648,14.734026943057712,54.54541260563377,-0.2856410782825001
2551.0300000000007,0.0,14.9,53.97808977867203,54.04433935613682,54.80112,55.24614957746479,-6.24,0.1650046178084439,2.6793744227739444,-14.469981528766224,-1.043575303539158,0.2214983208471271,-10.199139757168671,14.716882797119403,54.51742467806841,-0.3311919664123198
2551.0400000000004,0.0,14.9,53.91848764397911,53.95579439042646,54.575736544503066,55.086361032161896,-6.220654836290922,0.1693507904601487,2.6788311511924814,-14.452596838159405,-0.9402428313098016,1.2186566778604146,-10.281805734952158,14.699740521288257,54.384094902767636,-0.3876684743156711
2551.05,0.0,14.9,53.87367089005249,53.84908783345829,54.22467197207779,54.82066170531116,-6.190662334416414,0.1736969631118536,2.6782878796110183,-14.435212147552583,-1.0091086142318064,1.3772734082410212,-10.169655430712112,14.682600122114449,54.19202310022493,-0.4442611810364676
2551.0600000000004,0.0,14.9,53.8266634126786,53.78163118516669,54.09706,54.67629864194449,-6.199339834958786,0.1780431357635707,2.677744608029554,-14.417827456945718,-1.3187215980026306,0.363540574281709,-9.785136079899958,14.665461606178024,54.095413309947446,-0.5010163431784582
2551.0700000000006,0.0,14.9,53.7784048308696,53.73658984214495,54.09706,54.601229736908266,-6.229347336834236,0.1823893084152756,2.6772013364480904,-14.400442766338898,-1.3817492492494414,-0.6760335335328087,-9.425152652652873,14.648324980089225,54.0533211024807,-0.46856298277883696
2551.0800000000004,0.0,14.881450808221953,53.70971679480809,53.7375410683973,54.25183445831163,54.6359158462303,-6.297977528089885,0.1867354810669804,2.6766580648666274,-14.38305807573208,-1.096463963964471,-1.752109609607697,-9.099827327327906,14.631190250488396,54.083752041936826,-0.31009854892188027
2551.0900000000006,0.0,14.861494711634409,53.62958698951584,53.76425100349472,54.49329227159228,54.732071612581,-6.387865168539479,0.1910816537186976,2.676114793285163,-14.36567338512521,-1.0485543071162615,-1.9952184769033607,-9.078471910112585,14.614057424046285,54.15480046929596,-0.27196209774877134
2551.1000000000004,0.0,14.84153861504692,53.53775957489392,53.73021883470881,54.56158074018511,54.82765193298306,-6.42,0.1954278263704025,2.6755715217037,-14.34828869451839,-1.333198501872905,-1.071373283394958,-9.48296629213518,14.596926507464369,54.16430277069272,-0.40240038342165163
2551.1100000000006,0.0,14.821582518459431,53.43929495873994,53.66172171042778,54.53161324831216,54.92290574643636,-6.42,0.1997739990221073,2.6750282501222364,-14.33090400391157,-1.493782227784726,-0.0615944931160252,-9.75523404255322,14.579797507474717,54.13888391597906,-0.5201234019270295
2551.1200000000003,0.0,14.801626421871887,53.39003610000002,53.51671768000016,54.33563415500026,54.78927403000023,-6.42,0.2041201716738245,2.674484978540772,-14.313519313304704,-1.4787634543178758,1.0698197747200198,-9.840340425532036,14.562670430840326,54.007915491250166,-0.6198484818816675
2551.130000000001,0.0,14.7816703252844,53.36863610000005,53.32839768000044,54.045664155000665,54.52605403000061,-6.42,0.2084663443255293,2.673941706959309,-14.296134622697885,-1.47,1.4479083665339374,-9.92733565737051,14.545545284355416,53.81718799125044,-0.643054825922976
2551.1400000000003,0.0,14.761714228696912,53.37447228706227,53.23928295505348,53.94084,54.31892863173628,-6.439330167458094,0.2128125169772342,2.673398435377846,-14.278749932091063,-1.47,0.7706175298814099,-10.016977091633343,14.528422074845343,53.71838096846301,-0.5590614523047778
2551.1500000000005,0.0,14.741758132109368,53.395728805562456,53.20633535137819,53.94084,54.14356235410976,-6.469322669332686,0.2171586896289514,2.672855163796381,-14.261365241484194,-1.4023098167209989,-0.140753201105191,-9.823853878985451,14.5113008091669,53.6716166277626,-0.47078911894960884
2551.1600000000003,0.0,14.72180203552188,53.40168011578153,53.16974138937834,53.94084,54.15522889504142,-6.4606751687922,0.2215048622806562,2.672311892214918,-14.243980550877374,-1.2366055736882386,-1.3910670348978362,-9.22129299522996,14.494181494208638,53.666872600050326,-0.3763209356943864
2551.1700000000005,0.0,14.701845938934392,53.398448301031976,53.13095961238368,53.94084,54.279115127107694,-6.430667666916749,0.225851034932361,2.671768620633455,-14.226595860270557,-1.1275398406374737,-1.893640438247436,-9.098436254979651,14.477064136890773,53.68734076013084,-0.306028074860684
2551.1800000000003,0.0,14.7,53.270379115967394,53.10336771293769,53.889943923516334,54.37886776260236,-6.439325337331362,0.2301972075840783,2.67122534905199,-14.209211169663687,-1.0976593625497348,-1.3508117529868484,-9.64624501992153,14.459948744165477,53.660639628755945,-0.2695342859016842
2551.1900000000005,0.0,14.7,53.07163066799151,53.0821111944376,53.81023197914099,54.46495666252773,-6.469310344827567,0.2345433802357831,2.670682077470527,-14.191826479056868,-1.082053212851414,-0.5208032128493487,-9.928935742971722,14.442835323017235,53.607232626024455,-0.3078187059917783
2551.2000000000003,0.0,14.7,53.002449999999975,53.03468375000018,53.78034,54.40027125000044,-6.499295352323799,0.2388895528874879,2.670138805889064,-14.174441788450048,-1.0870732931726912,0.7241767068274052,-9.828534136546176,14.425723880462723,53.55443625000015,-0.4541567239976016
2551.2100000000005,0.0,14.7,53.01101,52.97155375,53.78034,54.24512125,-6.529280359820131,0.2440948523713193,2.670372259306484,-14.159204480111976,-1.104576779026271,1.3292209737823255,-9.863707865168886,14.41088275609273,53.502006249999994,-0.517626295913666
2551.2200000000003,0.0,14.7,53.01422,52.97997999999996,53.78970249999999,54.07860250000015,-6.54,0.2495949898747519,2.6708722718067954,-14.144704117602927,-1.1395330836454582,1.0395830212233454,-10.088426966292232,14.396822945560253,53.46562625000003,-0.4652390235363314
2551.2300000000005,0.0,14.7,53.01422,53.03133999999989,53.80468249999996,53.9052625000004,-6.54,0.2550951273781844,2.6713722843071075,-14.130203755093875,-1.2118773466833108,0.4031038798502017,-9.875534418022816,14.382766130541278,53.43887625000006,-0.4555691102893109
2551.24,0.0,14.7,53.00151692576857,52.96836430892284,53.8103,53.85697457135715,-6.54,0.2605952648816326,2.6718722968074213,-14.115703392584788,-1.3370337922405735,-0.7233041301651627,-9.044495619522593,14.36871231982725,53.40928895151213,-0.5062393991433303
2551.2500000000005,0.0,14.7,52.98119200699828,52.83678720319937,53.8103,53.88371788552858,-6.54,0.2660954023850652,2.6723723093077334,-14.101203030075736,-1.387087912087842,-1.43415584415601,-8.601658341658469,14.354661522242255,53.377999273931565,-0.5161500082808849
2551.26,0.0,14.7,52.85926666166578,52.81344690172535,53.8103,53.86167765941496,-6.559245000000002,0.2715955398884977,2.672872321808045,-14.086702667566689,-1.3321428571428826,-1.564025974025914,-8.701558441558396,14.34061374664297,53.33617280570152,-0.4690752618442912
2551.2700000000004,0.0,14.7,52.67625090772689,52.85518733683422,53.8103,53.81030481620404,-6.589245000000045,0.2770956773919459,2.673372334308359,-14.072202305057598,-1.316620775970012,-1.1039799749671166,-8.965682102628897,14.326569001918882,53.28801076519129,-0.4717277790633638
2551.2800000000007,0.0,14.673761064159612,52.61497624999999,52.82068375000007,53.69995625000016,53.828489999999945,-6.561509999999996,0.2825958148953784,2.673872346808671,-14.057701942548547,-1.3566708385482222,0.1876345431801633,-9.46130162703425,14.31252729699258,53.24102656250004,-0.5444777643270988
2551.2900000000004,0.0,14.64375656348454,52.626746249999975,52.740433750000186,53.523406250000406,53.88840999999986,-6.501510000000081,0.288095952398811,2.674372359308983,-14.0432015800395,-1.350818771842199,1.0796530204694768,-9.737493759360945,14.298488640819645,53.19474906250011,-0.5934693042787509
2551.3,0.0,14.613752062809466,52.59035604901246,52.616691587897456,53.4572,53.83462343585936,-6.499235382308787,0.2935960899022435,2.674872371809295,-14.028701217530449,-1.2809236145781284,1.4141512730903856,-9.707538691962055,14.284453042388948,53.12471776819232,-0.6093128337052628
2551.3100000000004,0.0,14.583747562134308,52.52506972743193,52.46685412853228,53.4572,53.71261293323343,-6.529220389805119,0.2990962274056917,2.6753723843096084,-14.01420085502136,-1.2960275344182803,0.975021276592824,-9.513617021275785,14.270420510722737,53.04043419729941,-0.5980705378792254
2551.3200000000006,0.0,14.553743061459237,52.52270640499992,52.38664574000008,53.4572,53.60333792500022,-6.559210197450643,0.3045963649091243,2.6758723968099205,-13.999700492512307,-1.4311964956195475,-0.5568936170215377,-9.088085106382906,14.256391054876913,52.99247251750006,-0.5485682886509181
2551.3300000000004,0.0,14.523738560784162,52.55801640499987,52.348125740000135,53.4572,53.50168792500036,-6.58920269932515,0.3100965024125568,2.676372409310233,-13.98520013000326,-1.4016883116885646,-1.4791608391607711,-8.90457042957028,14.242364683940963,52.96625751750009,-0.47053102454142265
2551.3400000000006,0.0,14.493734060109004,52.56990143,52.44212416999978,53.4572,53.48235997999996,-6.6000000000000005,0.315596639916005,2.676872421810546,-13.97069976749417,-1.1419480519476493,-1.5490909090910177,-9.059415584415826,14.228341407038199,52.987896394999936,-0.3525994830316162
2551.3500000000004,0.0,14.463729559433933,52.56776143,52.61546416999978,53.4572,53.51231997999996,-6.6000000000000005,0.3210967774194376,2.677372434310858,-13.95619940498512,-0.9442928660825324,-1.0186608260316543,-9.51773466833599,14.214321233326052,53.03818639499994,-0.2720176318868116
2551.3600000000006,0.0,14.433725058758858,52.51609434000017,52.685734279999984,53.4572,53.58310636499979,-6.6000000000000005,0.3265969149228701,2.67787244681117,-13.94169904247607,-0.8341551939926108,0.3580600750923639,-10.403842302877631,14.200304171995956,53.06053374624999,-0.2440853442678073
2551.3700000000003,0.0,14.4037205580837,52.43477434000006,52.69429428,53.4572,53.67833636499993,-6.6000000000000005,0.3320970524263183,2.6783724593114835,-13.92719867996698,-0.7366500249625131,1.318412381428063,-11.351465302047488,14.18629023227364,53.066151246249994,-0.16779013021193198
2551.380000000001,0.0,14.4,52.46790207499978,52.5515958700005,53.4572,53.5399859000006,-6.580854572713646,0.3375971899297508,2.678872471811796,-13.91269831745793,-0.6567698452321468,1.697843235147303,-12.3849151273091,14.172279423419376,53.00417096125022,-0.024018497834350783
2551.3900000000003,0.0,14.4,52.56955207499964,52.31833587000084,53.4572,53.261785900000994,-6.550869565217398,0.3430973274331834,2.679372484312108,-13.89819795494888,-0.6722684026038146,1.2869379068612186,-12.547894341512915,14.1582717547279,52.90171846125037,0.038169261641646024
2551.4000000000005,0.0,14.4,52.46171587000029,52.17676791500011,53.4103500500001,53.11075005000009,-6.578230884557814,0.3485974649366316,2.679872496812421,-13.883697592439791,-0.8224937406111101,-0.2403530295462856,-11.481294441661118,14.144267235528687,52.78989597125015,-0.01488388982079586
2551.4100000000003,0.0,14.4,52.228455870000296,52.09009791500011,53.3354500500001,53.03585005000009,-6.638200899550223,0.3456868421052598,2.677647368421051,-13.872549999999997,-1.0142446941324037,-1.2050561797753307,-10.19908863920056,14.132831928701226,52.672463471250154,-0.17301158734289487
2551.4200000000005,0.0,14.4,52.182595669999856,52.02417575000011,53.3074,53.08811419999972,-6.640914542728657,0.3398973684210545,2.674489473684212,-13.862550000000004,-1.2639325842694555,-1.384831460674008,-8.616067415731651,14.122277318775726,52.65057140499992,-0.4777402982294299
2551.4300000000003,0.0,14.4,52.24893566999995,51.97067575000004,53.3074,53.21651419999991,-6.610929535232325,0.3341078947368327,2.671331578947364,-13.852549999999985,-1.3975375375375103,-1.3176026026022265,-8.068028028028854,14.111724982882372,52.685881404999975,-0.6125377134906804
2551.4400000000005,0.0,14.4,52.11445033758482,51.86428064516152,53.3074,53.24585533383351,-6.6000000000000005,0.3283184210526274,2.668173684210524,-13.842549999999994,-1.3675075075075136,-0.9021871871872694,-8.978938938938759,14.101174926126399,52.63299657914496,-0.5077934228697651
2551.4500000000003,0.0,14.4,51.85972665666475,51.72621612903257,53.3074,53.21588784196056,-6.6000000000000005,0.322528947368422,2.665015789473685,-13.83255,-1.474975024974733,-0.3413136863144306,-9.189230769231518,14.090627153627144,52.527307656914466,-0.5703795197103264
2551.4600000000005,0.0,14.4,51.584948240000166,51.63573044000003,53.3074,53.11492412000008,-6.619040479760185,0.3167394736842002,2.6618578947368365,-13.822549999999982,-1.7746753246757894,0.4229220779232626,-8.419999999998808,14.080081670518181,52.410750700000065,-0.8669071414687044
2551.4700000000003,0.0,14.4,51.29818824000057,51.57367044000012,53.3074,52.97154412000029,-6.64902548725639,0.3109499999999949,2.6586999999999974,-13.812549999999993,-2.126595744681376,1.4392615769729071,-8.343967459325267,14.069538481947436,52.287700700000244,-1.102278295284755
2551.4800000000005,0.0,14.374895020995844,51.30146029999956,51.53304468000007,53.135256260000695,52.91992945999999,-6.66,0.3051605263157896,2.6555421052631583,-13.80255,-2.55212765957486,2.810976220276608,-9.245093867334996,14.05899759307707,52.222422675000075,-1.2514409340512451
2551.49,0.0,14.344901019796028,51.47801030000006,51.50522467999999,52.86026625999991,52.92313946,-6.66,0.2993710526315678,2.65238421052631,-13.79254999999998,-2.641548064917668,2.5654681647862043,-9.932621722847657,14.048459009083611,52.191660174999996,-1.1518917211634827
2551.5000000000005,0.0,14.314907018596296,51.62039947999993,51.54773577999995,52.75742,52.78769672000013,-6.697867867867846,0.2935815789473625,2.6492263157894707,-13.78254999999999,-2.262022471909349,0.0635955056129442,-10.322134831461458,14.037922735158089,52.178312995,-0.7053373499837624
2551.51,0.0,14.284913017396564,51.74237947999976,51.63226577999983,52.75742,52.56941672000043,-6.75792792792784,0.2877921052631571,2.6460684210526315,-13.77255,-1.6431789737165308,-1.798898623279718,-10.525068836045016,14.027388776505903,52.17537049500001,-0.2731368338720488
2551.5200000000004,0.0,14.254919016196746,51.73942356620093,51.68616276779773,52.60411455755158,52.54036733200265,-6.754712643678139,0.2820026315789353,2.642910526315783,-13.76254999999998,-0.6869837296604042,-2.760100125158128,-10.464993742177615,14.016857138346943,52.14251705588823,0.13882993473544714
2551.5300000000007,0.0,14.224925014997014,51.66182542914177,51.721758243512944,52.35921768463091,52.62437265469056,-6.714732633683162,0.27621315789473,2.639752631578944,-13.752549999999989,-0.2215981052108177,-2.4352455746682384,-10.525761655447672,14.00632782591575,52.09179350299405,0.2705325867637744
2551.5400000000004,0.0,14.19493101379728,51.58422729208261,51.75735371922816,52.11432081171024,52.70837797737846,-6.674752623688184,0.2704236842105246,2.6365947368421043,-13.742549999999998,-0.4409947643980167,-0.3160732984282473,-10.755130890052472,13.995800844461364,52.04106995009987,0.011208058178477837
2551.55,0.0,14.164937012597548,51.62584823941869,51.69844263461086,51.96942408715273,52.55089954921191,-6.603224193951641,0.2646342105263193,2.633436842105265,-13.732550000000003,129.637165644174,0.4598650306748387,-5.384871165644078,13.98527619924749,51.96115362759855,42.80060806288881
2551.5600000000004,0.0,14.13494301139773,51.740538948159134,51.58160817430518,51.8858177761083,52.24541495116494,-6.513246688327863,0.2588447368420976,2.630278947368417,-13.722549999999986,127.03671894836168,0.1366596015264336,-5.506875794842954,13.974753895552507,51.86334496243439,41.979398844869706
2551.5700000000006,0.0,14.104949010197998,51.76503526881727,51.46888688172068,51.85434,52.10237290322591,-6.423297526854883,0.2530552631578922,2.6271210526315776,-13.712549999999997,0.0590387016228579,0.2095380774032058,-10.254531835205578,13.964233938669599,51.797658763440964,0.0487142021962693
2551.5800000000004,0.0,14.083345799052651,51.73506777694432,51.358649322330905,51.85434,52.05742166541648,-6.333364976267909,0.2472657894736868,2.6239631578947384,-13.702550000000004,-0.3504494382019072,0.0647191011237157,-8.756404494383267,13.953716333906645,51.751369691172926,-0.3004657442078479
2551.5900000000006,0.0,14.063400648217412,51.667700855213866,51.3038430607652,51.85434,52.18744633158273,-6.3,0.2414763157894651,2.62080526315789,-13.692549999999985,-0.7167651477218793,0.214827240861842,-7.798953430145028,13.943201086586356,51.753332561890446,-0.5839899174451821
2551.6000000000004,0.0,14.043455497382228,51.57779837959502,51.28243770942738,51.85434,52.42290519629876,-6.3,0.24,2.6148094475022603,-13.681695116003617,-1.022223335002512,0.7806760140210469,-7.603660490736098,13.931389366966394,51.78437032133029,-0.7749631815178305
2551.6100000000006,0.0,14.023510346547043,51.51603098802404,51.15702890219598,51.96437540419127,52.552666636726414,-6.375565543071117,0.24,2.607842262941548,-13.670547620706476,129.46295399476372,0.5482808716723946,-3.699661016960573,13.91913479776626,51.79752548278444,42.477873143039076
2551.6200000000003,0.0,14.003565195711806,51.471180688622745,50.96908479041912,52.14057300898208,52.6188742215569,-6.495415730337243,0.24,2.600875078380815,-13.659400125409304,126.73485131666192,-0.3068139337303998,-4.61729821581159,13.906881856094634,51.79992817739521,41.78951226690708
2551.630000000001,0.0,13.983620044876622,51.28850888276567,50.92170955911821,52.20744,52.582795571142334,-6.577651761179137,0.24,2.593907893820102,-13.648252630112164,-2.035718577866908,-0.2629544316466583,-9.279749624436889,13.894630546257279,51.75011350325655,-0.7531373476804635
2551.6400000000003,0.0,13.96367489404144,51.02154495491016,50.96030675350696,52.20744,52.484158296593314,-6.637606794903787,0.24,2.5869407092593897,-13.637105134815023,-2.145883825738611,0.57329994992491,-9.520110165247878,13.882380872574478,51.66836250125261,-0.8407139419762371
2551.6500000000005,0.0,13.9437297432062,51.04491977500008,50.920674584999965,52.20744,52.37628920999996,-6.678799699925026,0.24,2.579973524698657,-13.625957639517852,-2.2433899151274783,0.824183724412184,-9.979291063406512,13.870132839381204,51.637330892499996,-0.8300544043494175
2551.6600000000003,0.0,13.923784592371016,51.24286977499979,50.83400458500009,52.20744,52.26286921000012,-6.708807201800476,0.24,2.5730063401379444,-13.61481014422071,-2.3232700948578446,0.2600299550664718,-10.74314528207814,13.857886451027271,51.636795892500004,-0.6826163289746232
2551.6700000000005,0.0,13.903839441535832,51.22934703187284,50.85736643426274,52.20744,52.164373565737264,-6.776373626373585,0.24,2.5660391555772315,-13.60366264892357,-2.0395793690528063,-0.4087330996502676,-11.387421131698009,13.845641711877198,51.61463175796821,-0.4203031445534726
2551.6800000000003,0.0,13.9,51.08866974103597,50.94688834661348,52.20744,52.07485165338653,-6.866283716283776,0.24,2.559071971016499,-13.592515153626398,-1.2433850776141402,-1.2249574361565734,-11.863134702054444,13.833398626310366,51.579462435258996,0.00394242249958493
2551.6900000000005,0.0,13.9,51.04796608433732,50.99976451807225,52.20744,52.04052,-6.881235926945218,0.24,2.552104786455786,-13.581367658329258,-0.729902621722624,-0.791985018722559,-11.799755305866157,13.821157198721187,51.573922650602384,0.12176616614216801
2551.7000000000003,0.0,13.9,51.069452028112416,51.02984483935738,52.20744,52.04052,-6.851213410057566,0.24,2.5451376018950733,-13.570220163032118,-0.6100524344568391,1.3802996254697926,-10.985772784019366,13.808917433518952,51.58681421686745,-0.18705482998198336
2551.7100000000005,0.0,13.9,50.98394650662666,50.98499590397599,52.20744,52.077949397349336,-6.82133565044683,0.24,2.538170417334341,-13.559072667734943,-0.5233591989986595,2.400387984979891,-10.478798498122488,13.796679335128,51.563582951987996,-0.34073882190220117
2551.7200000000003,0.0,13.9,50.834109047262125,50.89509342835727,52.20744,52.13788438109515,-6.791544190665325,0.24,2.531203232773628,-13.547925172437806,-0.4833091364205061,1.799637046307592,-10.403704630788448,13.784442907987888,51.51863171417863,-0.27618556001501343
2551.7300000000005,0.0,13.9,50.81918648419983,50.76686643941329,52.20744,51.920082567804215,-6.76152802211611,0.24,2.524236048212916,-13.536777677140664,-0.4912874251496416,0.5948103792431303,-10.39545908183626,13.772208156553232,51.42839387285433,-0.15483044446611016
2551.74,0.0,13.9,50.88521285892005,50.61564474247344,52.20744,51.53563867628813,-6.731369690877033,0.24,2.5172688636521827,-13.525630181843493,-0.5661377245510044,-1.451097804394119,-10.480289421157805,13.759975085293881,51.31098406942041,0.045612419483337524
2551.7500000000005,0.0,13.9,50.89411476846063,50.56673172966205,52.00104490112701,51.37529122403007,-6.701319340329798,0.24,2.5103016790914703,-13.514482686546351,-0.7137074148298398,-2.2766533066125767,-10.12761523046022,13.74774369869509,51.20929565581994,0.02852663321399964
2551.76,0.0,13.9,50.86733128911145,50.58173047809759,51.6657157396753,51.3549357797247,-6.671334332833594,0.24,2.5033344945307574,-13.503335191249212,-0.964208416833651,-1.3748496993988568,-9.155671342685434,13.735514001257359,51.117428321652255,-0.29646202510201664
2551.7700000000004,0.0,13.9,50.73882316762428,50.55970789407944,51.53762,51.450239250562085,-6.622670667666827,0.24,2.496367309970025,-13.49218769595204,-1.2415056179781123,-0.6746591760291838,-8.646359550562048,13.723285997496612,51.07159757806645,-0.5394708033326523
2551.7800000000007,0.0,13.9,50.54743670746958,50.51480157381968,51.53762,51.61703415438406,-6.562655663915927,0.24,2.489400125409312,-13.4810402006549,-1.5561123595507975,-0.2551835205989365,-8.781191011236055,13.711059691944364,51.054223108918336,-0.6683353466107511
2551.7900000000004,0.0,13.9,50.41329099099119,50.54182112612598,51.53762,51.69024441441438,-6.54,0.24,2.4824329408485992,-13.46989270535776,-1.8086433041301584,0.4143404255318865,-9.02848811013766,13.69883508914756,51.04574413288289,-0.7853341452534793
2551.8,0.0,13.9,50.31475245245276,50.61358288788767,51.53762,51.705239409409366,-6.54,0.24,2.4754657562878863,-13.45874521006062,-1.9738498122652752,1.4356170212762478,-9.43399499374204,13.686612193668806,51.04279868743745,-0.8856409397099951
2551.8100000000004,0.0,13.9,50.319419795460114,50.565024430032615,51.53762,51.6020089648294,-6.5773106723320005,0.240315828041038,2.4702105520273587,-13.447578651685376,-1.921795255929429,2.107233458177621,-9.941360799002451,13.674686960286097,51.00601829758053,-0.8612130584052865
2551.8200000000006,0.0,13.9,50.38774606136173,50.44225067099064,51.53762,51.42585531055178,-6.637295676081016,0.2417813873961905,2.4711875915974604,-13.436342696629207,-1.5672384519348157,2.29200249687904,-10.590549313358787,13.663840287906527,50.948368010726035,-0.6631115376445347
2551.8300000000004,0.0,13.9,50.386506129597365,50.33240005504167,51.28778022016667,51.23294011008333,-6.66,0.2432469467513431,2.4721646311675625,-13.425106741573035,-1.34751939924908,1.441073842304307,-10.940878598247854,13.65299447239797,50.80990662872225,-0.44782453563974334
2551.8400000000006,0.0,13.9,50.34153239929954,50.23067376032039,50.88087504128154,51.02948752064077,-6.66,0.2447125061064997,2.4731416707376668,-13.413870786516837,-1.3174818523153795,-0.8668110137683334,-10.870790988735886,13.642149515804093,50.62064218038556,-0.2083620491886966
2551.8500000000004,0.0,13.9,50.35385411441408,50.16786870846873,50.72442,50.94928572570573,-6.62278651685388,0.2461780654616523,2.4741187103077684,-13.402634831460666,-1.268681318681368,-2.3498901098898903,-10.44164835164896,13.631305420174991,50.54885713714713,-0.10270377926882265
2551.8600000000006,0.0,13.9,50.40196802897812,50.129377576817504,50.72442,50.94607813140146,-6.562861423220987,0.2476436248168048,2.47509574987787,-13.391398876404498,-1.193756243756317,-2.6845554445551185,-9.512577422578328,13.62046218756704,50.550460934299274,-0.18334707399228287
2551.8700000000003,0.0,13.9,50.34889335667851,50.15132928464224,50.72442,51.03489128564261,-6.48455677290824,0.2491091841719615,2.4760727894479744,-13.380162921348296,-1.0583654568206844,-1.8990938673305071,-8.999156445557055,13.609619820043,50.564883481740836,-0.29725575586420977
2551.880000000001,0.0,13.881257165644788,50.23220501250657,50.211279259629656,50.72442,51.18155461730826,-6.394915338645406,0.250574743527114,2.4770498290180765,-13.368926966292126,-0.838090112640528,0.4588535669616207,-9.069244055068925,13.598778319672137,50.58736472236112,-0.45786392353983985
2551.8900000000003,0.0,13.856333183789475,50.07280791802118,50.19028166958287,50.72442,51.241967313171685,-6.341602209944789,0.2520403028822666,2.478026868588178,-13.357691011235955,-0.7496979530704194,1.8049276085871035,-9.155966050923643,13.587937688530065,50.55736922519394,-0.5550253710101025
2551.9000000000005,0.0,13.831409201934092,49.88667445138746,50.11860958760322,50.72442,51.24838570857284,-6.311466599698638,0.2535058622374233,2.4790039081582824,-13.346455056179757,-0.8445556665003644,1.7450174737892434,-9.265801298053054,13.577097928698864,50.49452243689088,-0.5640284724845455
2551.9100000000003,0.0,13.806485220078777,49.84432439751544,49.97924328944133,50.67867982608709,51.07574047701915,-6.318524794418125,0.2549714215925758,2.479980947728384,-13.335219101123586,-1.06228843264886,1.2647471206813323,-9.286306960440692,13.566259042267182,50.39449699751576,-0.584103876614664
2551.9200000000005,0.0,13.781561238223464,49.89217532919247,49.79740974906864,50.60424504347839,50.79076159503154,-6.348427610266608,0.2564369809477284,2.4809579872984857,-13.323983146067416,-1.4528743114667182,0.1931397095656701,-9.181149223835884,13.555421031330097,50.27114792919276,-0.6197551192580312
2551.9300000000003,0.0,13.75663725636808,49.89314340766724,49.64627770483583,50.57462,50.65926340766724,-6.36,0.257902540302885,2.4819350268685905,-13.312747191011216,-1.6758202247190952,-0.6515280898879549,-9.051033707865072,13.54458389798922,50.19332613004258,-0.6264846353258561
2551.9400000000005,0.0,13.731713274512764,49.86311584565275,49.515443327486985,50.57462,50.62923584565275,-6.36,0.2593680996580376,2.482912066438692,-13.301511235955044,-1.6658327091136131,-1.180866416978505,-8.886239700374617,13.533747644352815,50.14560375469812,-0.5930278096882903
2551.9500000000003,0.0,13.706789292657453,49.84609534837095,49.59277512781912,50.57462,50.6011554636592,-6.341619453497104,0.2608336590131901,2.4838891060087938,-13.290275280898877,-1.526713391740088,-1.198435544431442,-9.014921151438603,13.522912272535642,50.15366148496231,-0.5250074207450623
2551.9600000000005,0.0,13.681865310802069,49.83751389473684,49.8051661052632,50.57462,50.57433842105262,-6.311536725996429,0.2622992183683468,2.484866145578898,-13.279039325842676,-1.2063128911134955,-0.497559449310771,-9.555596996245978,13.512077784659068,50.19790960526317,-0.4084651063914003
2551.9700000000003,0.0,13.656941328946754,49.85056219829743,49.9335501552328,50.55627193790688,50.62748292939402,-6.3,0.2637647777234994,2.485843185149,-13.267803370786506,-0.9970112359550236,0.0124044943821678,-10.20856179775329,13.501244182851188,50.24196680520778,-0.29238657956268066
2551.9800000000005,0.0,13.65,49.87735238357532,50.0085626740109,50.52626693039564,50.731428848272245,-6.3,0.2652303370786519,2.4868202247191014,-13.256567415730336,-0.9420799001248722,0.2570986267164786,-11.017550561797336,13.49041146924667,50.285902709063535,-0.176952479127176
2551.99,0.0,13.65,49.85289258297978,49.98431432493136,50.5147,50.69667423508857,-6.262998500749495,0.2666958964338086,2.487797264289206,-13.245331460674135,-0.839191489361438,0.4124956195244521,-11.631617021277124,13.47957964598687,50.26214528574993,-0.06562728217942781
2552.0000000000005,0.0,13.65,49.79628165210888,49.89779573246828,50.5147,50.57490732717758,-6.203028485757086,0.2681614557889611,2.488774303859308,-13.234095505617963,-0.6689787234040444,0.4425331664581098,-11.972042553191912,13.468748715219942,50.195921177938686,0.039929646409758435
2552.01,0.0,13.65,49.72466027951105,49.72904602445773,50.42398472173731,50.48903495383095,-6.161538461538468,0.2696270151441137,2.4897513434294094,-13.222859550561797,-0.6186510050860518,0.2167449745697418,-11.80917171227845,13.457918679100693,50.09168149488426,0.05566031196032581
2552.0200000000004,0.0,13.65,49.64348234090349,49.507942954829225,50.27551454454716,50.426015238332965,-6.131568431568362,0.2656837201957872,2.485683720195788,-13.214114163903346,-0.7349019132964867,-0.3645095664824327,-10.946977476384392,13.448495251614379,49.9632387696532,-0.05342138080896236
2552.0300000000007,0.0,13.65,49.51035112516671,49.40298353528633,50.21724,50.40863714047934,-6.070879999999872,0.2598939417864023,2.4798939417864023,-13.206219011526914,-0.868527512270926,-0.6339188840089468,-9.885200206663264,13.439555029981502,49.884802950233095,-0.23096926115691566
2552.0400000000004,0.0,13.65,49.34365338881525,49.37306342876171,50.21724,50.420747659786926,-5.990879999999947,0.2541041633770174,2.4741041633770178,-13.19832385915048,-1.0338594678376531,-0.3342547145442539,-8.459212089900243,13.430618490155464,49.838676119340974,-0.5334582634700145
2552.05,0.0,13.65,49.17695565246379,49.34314332223709,50.21724,50.43285817909451,-5.910880000000024,0.2483143849676326,2.468314384967633,-13.190428706774044,-1.1634382022470589,-0.0262471910117646,-7.617460674157352,13.42168563949062,49.79254928844885,-0.7363906137053136
2552.0600000000004,0.0,13.65,49.13930834042549,49.29507302127664,50.21724,50.51912570212755,-5.824767616191795,0.2425246065582312,2.462524606558232,-13.182533554397589,-1.243338327091256,0.2933533083650238,-7.587498127340779,13.412756485357859,49.79268676595742,-0.8009903637408782
2552.0700000000006,0.0,13.65,49.18644726407998,49.23507802753456,50.21724,50.654114438047216,-5.7348125937031815,0.2367348281488464,2.4567348281488464,-13.174638402021154,-1.396239359038887,0.507080620931481,-8.047035553331474,13.403831035144718,49.82321993241544,-0.8050159204691065
2552.0800000000004,0.0,13.63534031413618,49.19076188905554,49.11228131934087,50.0811398500757,50.58416176911611,-5.7,0.2309450497394615,2.450945049739462,-13.16674324964472,-1.6516224336505636,0.5721782674011241,-9.19375563345057,13.394909296255287,49.742086206897056,-0.7240046289013441
2552.0900000000006,0.0,13.61539516330094,49.16723365317343,48.94865313343338,49.85655214392818,50.38096336831597,-5.7,0.2251552713300602,2.4451552713300604,-13.158848097268264,-1.8774182272163813,0.42168539325745,-10.21361298377212,13.385991276110316,49.58835057471274,-0.6298386921853889
2552.1000000000004,0.0,13.595450012465758,49.0913129203099,48.87496389208096,49.76784,50.18685178616062,-5.68163418290854,0.2193654929206753,2.4393654929206754,-13.15095294489183,-2.0621872659178,-0.0277528089892433,-11.057558052435358,13.377076982147317,49.480242149637874,-0.5174320661358132
2552.1100000000006,0.0,13.575504861630574,48.98118551586335,48.85999511866103,49.76784,49.99867292031018,-5.651649175412293,0.2135757145112904,2.4335757145112904,-13.143057792515396,-2.0574042553192307,-0.3525531914893163,-11.466595744680912,13.368166421820451,49.401923388708646,-0.42014870574346225
2552.1200000000003,0.0,13.555559710795334,48.99204535100632,48.92443574374071,49.720288821796814,49.92406,-5.587610661589571,0.2077859361018891,2.427785936101889,-13.13516264013894,-1.787066332915928,-0.5027409261578178,-11.266345431789576,13.359259602600648,49.39020747913596,-0.3440524414156621
2552.130000000001,0.0,13.535614559960152,49.08239390279802,49.04104840942536,49.641496480118,49.92406,-5.501937172774873,0.2019961576925042,2.4219961576925044,-13.127267487762506,-1.4333649525713332,-0.5690813779331205,-11.101887169246178,13.350356531975704,49.422249698085345,-0.24326310795833897
2552.1400000000003,0.0,13.51566940912497,49.056163124682286,49.0885152417303,49.63448587277339,49.89629717557266,-5.427766377269215,0.1962063792831194,2.4162063792831194,-13.119372335386071,-0.964068896655431,-0.5191562656016416,-10.987059410883775,13.341457217450168,49.41886535368966,-0.10823350441893884
2552.1500000000005,0.0,13.49572425828973,48.94072292111963,49.083069949109415,49.682404447837136,49.84728954198474,-5.364625098658177,0.1904166008737181,2.410416600873718,-13.111477183009615,-0.648347934918493,-0.3879524405503075,-10.505561952439004,13.332561666545468,49.38837171501273,-0.08872039667404238
2552.1600000000003,0.0,13.475779107454546,48.87349695228582,49.00887026230338,49.7015,49.859916132900274,-5.285154845154858,0.1846268224643332,2.404626822464333,-13.103582030633182,-0.5482227784729673,-0.1426458072587698,-9.509316645806024,13.323669886799996,49.360945836872375,-0.23137467725584493
2552.1700000000005,0.0,13.455833956619363,48.83821341493886,48.88912007494402,49.7015,49.91337603797142,-5.195244755244925,0.1788370440549483,2.3988370440549485,-13.095686878256748,-0.5004494382022621,0.1567415730339303,-9.088831460674385,13.31478188576901,49.33555238196358,-0.31009848982866667
2552.1800000000003,0.0,13.45,48.807315686274514,48.77989269984918,49.50848039215689,49.80887764705884,-5.087021755438873,0.173047265645547,2.393047265645547,-13.087791725880292,-0.5254182272160381,0.5312734082405727,-9.46835705368378,13.305897671024743,49.226141606334856,-0.299991795478974
2552.1900000000005,0.0,13.45,48.77934183006539,48.67768053293124,49.186781045752014,49.59907372549044,-4.966991747937073,0.1672574872361621,2.387257487236162,-13.079896573503856,-0.6879018527796272,0.5375212819222257,-9.458773159738891,13.297017250156502,49.06071928355978,-0.356657092785244
2552.2000000000003,0.0,13.45,48.66312858279494,48.554044982595975,49.06164,49.50445612133271,-4.8652623688156895,0.1614677088267773,2.381467708826777,-13.072001421127425,-1.043435152729216,0.0267551326988726,-8.902939409113479,13.288140630770576,48.94581742168091,-0.5070599937616951
2552.2100000000005,0.0,13.45,48.4907367379412,48.41676999502725,49.06164,49.4831731775236,-4.775307346326693,0.1622827582692088,2.38,-13.05972758778856,-1.30021722846468,-0.238614232209575,-8.515136079899788,13.275813359673187,48.863079977623016,-0.62438803884318
2552.2200000000003,0.0,13.45,48.46352043510873,48.40873771942981,49.08154697674416,49.50548370592645,-4.721770442610618,0.1653407063860195,2.38,-13.045966821262912,-1.420067415730465,-0.1637078651684594,-8.360329588014816,13.262314573658736,48.86482220930229,-0.6958533362511687
2552.2300000000005,0.0,13.45,48.53308782695655,48.48686725181274,49.11472527131774,49.55685654913714,-4.691762940735168,0.1683986545028302,2.38,-13.032206054737264,-1.4733191489361586,-0.261787234042652,-8.51395744680868,13.248817032473841,48.92288422480604,-0.6802878388524645
2552.24,0.0,13.45,48.59509688520466,48.54003045465959,49.12798,49.55736635016331,-4.64355644355632,0.1714566026196496,2.38,-13.018445288211575,-1.4332690863578346,-0.6022127659584067,-9.09968961201667,13.235320739926934,48.95511842250689,-0.542795645727997
2552.2500000000005,0.0,13.45,48.652077543330726,48.57658408440084,49.12798,49.52403804069335,-4.583616383616365,0.1745145507364603,2.38,-13.00468452168593,-1.3953533083644682,-0.6932883895125551,-9.864754057430416,13.221825699841771,48.970169917106226,-0.40480859328550395
2552.26,0.0,13.45,48.6039471693451,48.52565067985188,49.12798,49.50394017305317,-4.487334499125769,0.1775724988532711,2.38,-12.99092375516028,-1.360397003745281,-0.4386067415727621,-10.87848689138685,13.208331916057253,48.94037950556254,-0.2661353516687929
2552.2700000000004,0.0,13.45,48.48861466007407,48.41878294190349,49.12798,49.49230111248454,-4.367424431676128,0.1806304469700905,2.38,-12.977162988634593,-1.219033550324655,-0.0501527290919881,-11.707761642465334,13.194839392427637,48.881919678615525,-0.13355426161957362
2552.2800000000007,0.0,13.435897946980294,48.47088381313132,48.3975590909091,49.12798,49.3986035353535,-4.32,0.1836883950869012,2.38,-12.963402222108945,-0.9285978968447092,0.5257110666010079,-12.278617926891432,13.18134813282271,48.84875660984848,-0.009508034571501567
2552.2900000000004,0.0,13.415965716563726,48.52168179292925,48.43646818181815,49.12798,49.24729040404053,-4.32,0.1867463432037119,2.38,-12.949641455583295,-0.7830436953808241,0.6107091136074485,-12.220352059924249,13.167858141127637,48.833355094696984,0.02171565540938991
2552.3,0.0,13.39603348614716,48.46198546314768,48.375990074701456,49.12798,49.17883590637453,-4.392683658170757,0.1898042913205226,2.38,-12.93588068905765,-0.8379750312109755,0.0164519350812649,-11.291513108614414,13.154369421243205,48.78619786105592,-0.07550757419778759
2552.3100000000004,0.0,13.376101255730534,48.33089980577696,48.2512988396415,49.12798,49.163915587649406,-4.512623688155916,0.192862239437342,2.38,-12.92211992253196,-0.8846132665832738,-0.4093291614520577,-10.18634543178801,13.140881977085792,48.718523558266966,-0.21414992127816332
2552.3200000000006,0.0,13.356169025313966,48.17666141147157,48.19944040399003,49.12798,49.13106565586041,-4.596281859070419,0.1959201875541527,2.38,-12.908359156006313,-0.919657071339158,-0.5995669586982857,-8.834655819775339,13.12739581258763,48.6587868678305,-0.4106995716832385
2552.3300000000004,0.0,13.336236794897395,48.00695567581086,48.19623840897757,49.12798,49.08623772568589,-4.656251874062912,0.1989781356709635,2.38,-12.894598389480665,-0.9944669163543834,-0.4732784019982567,-8.066759051185965,13.113910931696633,48.604352952618584,-0.5651665883544335
2552.3400000000006,0.0,13.316304564480774,47.95785956499998,48.12560346500008,49.002029230000126,49.15902444499991,-4.752461884529032,0.2020360837877829,2.38,-12.880837622954978,-1.1243046192262036,0.0910162297138852,-8.106709113608064,13.10042733837659,48.56112917625003,-0.661400067760909
2552.3500000000004,0.0,13.296372334064204,47.991029564999934,48.00897346500024,48.79016923000043,49.31203444499969,-4.872431892027062,0.2050940319045936,2.38,-12.86707685642933,-1.3022928660829165,0.4179123904881037,-8.44314142678444,13.086945036607366,48.52555167625007,-0.7042486743041861
2552.3600000000006,0.0,13.276440103647635,47.9724903092785,47.90793731958788,48.61660824742309,49.25571814433045,-4.974260739260669,0.2081519800214043,2.38,-12.85331608990368,-1.5475994993741051,0.4129061326658346,-9.194080100124811,13.073464030384743,48.43818850515498,-0.6724608758622621
2552.3700000000003,0.0,13.256507873231014,47.918680905204944,47.8175375207443,48.46917048026154,49.05662334925829,-5.064170829170858,0.2112099281382237,2.38,-12.839555323377994,-1.7256129837703644,0.2905917602993661,-10.051071161049604,13.05998432372062,48.31550306386727,-0.5898267625391709
2552.380000000001,0.0,13.23318855773553,47.86456691714361,47.76449542672309,48.38397510823592,48.9330051803932,-5.244359999999911,0.2142678762550344,2.38,-12.825794556852346,-1.810506866416962,0.0059475655431269,-11.054816479400554,13.0465059206432,48.236510658123954,-0.4368320156326227
2552.3900000000003,0.0,13.208227247766006,47.81025489922875,47.73574200547405,48.33924756407074,48.85845927345123,-5.48435999999991,0.2173258243718451,2.38,-12.812033790326698,-1.7723204005008302,-0.2539424280348248,-11.63582478097623,13.03302882519685,48.1859259355562,-0.30905493589077787
2552.4000000000005,0.0,13.18326593779641,47.79914172722747,47.70634891986062,48.3212,48.79851640119463,-5.670157381963811,0.2207202640011562,2.379699889999518,-12.79753909799605,-1.5620575719646288,-0.4792240300378977,-11.62581226533165,13.018782430248308,48.15630176207068,-0.21653421096179415
2552.4100000000003,0.0,13.158304627826888,47.817250238924814,47.676523135888544,48.3212,48.74845169238434,-5.820044966275436,0.226459419388783,2.377308575254673,-12.777930317088323,-1.3499200998749603,-0.5681023720348652,-11.253395755305071,12.99916855491051,48.140856266799425,-0.19241337742552858
2552.4200000000005,0.0,13.133343317857362,47.744974971055,47.70472541152762,48.39335026428357,48.65691552982667,-5.91598200899548,0.2321985747764098,2.374917260509829,-12.7583215361806,-1.1351885143570957,-0.4682272159800446,-10.37948813982539,12.979557642422389,48.12499154417321,-0.2629436450885382
2552.4300000000003,0.0,13.108382007887768,47.60923875157331,47.77367079285165,48.51615922476701,48.53626111250961,-5.975952023988059,0.2379377301640529,2.372525945764978,-12.73871275527282,-0.926495619524031,-0.3097947434288371,-9.615311639548295,12.959949706233973,48.10883247042539,-0.32498426901554694
2552.4400000000005,0.0,13.083420697918244,47.551876662515575,47.71853389290193,48.497249245330266,48.540014067247625,-6.01795204795205,0.2436768855516798,2.370134631020133,-12.719103974365094,-0.7262453066329797,-0.0694943679595757,-9.00454818523059,12.94034475987495,48.07691846699885,-0.3751556787980751
2552.4500000000003,0.0,13.058459387948718,47.54654665006228,47.58101957160685,48.38425298132035,48.62636026899104,-6.04792207792207,0.2494160409393066,2.367743316275289,-12.69949519345737,-0.6183795255930269,0.1642696629215531,-8.761028714107606,12.920742816954874,48.03454486799513,-0.40009375961449967
2552.4600000000005,0.0,13.033498077979123,47.50182134533636,47.45080115528888,48.30655980995251,48.5287024056015,-6.0600000000000005,0.2551551963269497,2.3653520015304377,-12.679886412549587,-0.6383545568040478,0.3889887640455385,-9.025697877653634,12.901143891163928,47.946971179044816,-0.3901142064267461
2552.4700000000003,0.0,13.008536768009598,47.430113418354665,47.32557984996263,48.25304643160796,48.30501648412127,-6.0600000000000005,0.2608943517145765,2.362960686785593,-12.660277631641865,-0.8086980470712174,0.3362443665491167,-9.09647471206778,12.881547996273667,47.82843904601163,-0.43112308750251144
2552.4800000000005,0.0,13.0,47.35845868131885,47.232198681318856,48.108775604396094,48.25991604395586,-6.0600000000000005,0.2666335071022033,2.360569372040749,-12.64066885073414,-1.1892689033552843,-0.1044166249376977,-8.896174261391955,12.861955146137264,47.739837252747414,-0.5434179570084212
2552.49,0.0,13.0,47.2868402997004,47.16058029970039,47.90247190809217,48.33687908091898,-6.0600000000000005,0.2723726624898465,2.358178057295897,-12.621060069826358,-1.3932251622565288,-0.3956465302048763,-8.777903145282066,12.842365354690271,47.671692897102986,-0.5995263393118759
2552.5000000000005,0.0,13.0,47.2804409557167,47.13516349261945,47.862674080560254,48.34926253690275,-6.042083958020982,0.2781118178774733,2.355786742551053,-12.601451288918634,-1.3532850723914025,-0.48051922116827,-8.772910634048925,12.822778635951394,47.65688526644979,-0.5780438583359315
2552.51,0.0,13.0,47.31898986740045,47.141588311233406,47.93763029772309,48.31713844383296,-6.012098950524778,0.2838509732651001,2.353395427806208,-12.581842508010908,-1.3570779220778588,-0.4925074925075801,-8.944965034964627,12.803195004022744,47.67883673004748,-0.5520325092092444
2552.5200000000004,0.0,13.0,47.37333972541186,47.22346173240135,47.90278833250129,48.2628638991513,-6.017881588808403,0.2895901286527432,2.351004113061357,-12.562233727103129,-1.4220129870130878,-0.4025974025972632,-9.364545454546104,12.783614473090617,47.69061342236644,-0.5196894331474726
2552.5300000000007,0.0,13.0,47.43851196704937,47.35701140788805,47.792743399900246,48.19341806789821,-6.047859105670728,0.29532928404037,2.3486127983165126,-12.542624946195405,-1.3332982982980215,-0.3105355355354494,-10.079419419420445,12.764037057426275,47.695421210683975,-0.3912821646357238
2552.5400000000004,0.0,13.0,47.4218212264624,47.45423646725531,47.76284151308111,48.14392234294291,-6.012407932011439,0.3010684394279968,2.346221483571668,-12.52301616528768,-1.0279929929930534,-0.2154404404404592,-11.210550550550328,12.744462771386223,47.69570538743544,-0.12745910676741093
2552.55,0.0,13.0,47.34836013664414,47.52627112814506,47.78851723379428,48.108261619730165,-5.932421263122962,0.3068075948156236,2.343830168826824,-12.503407384379951,-0.7894441662495535,0.0634301452171648,-12.045403104656469,12.724891629413055,47.69285252957842,0.04999776891748897
2552.5600000000004,0.0,13.0,47.27489904682568,47.59830578903502,47.81419295450753,48.07260089651732,-5.852434594234259,0.3125467502032668,2.3414388540819724,-12.483798603472172,-0.6442263395091679,0.5992338507765188,-12.466034051076894,12.705323646035982,47.68999967172138,0.10670768006273162
2552.5700000000006,0.0,13.0,47.23215084271074,47.51291466866775,47.87081642410579,48.02767002250578,-5.748660000000073,0.3182859055908935,2.339047539337128,-12.464189822564448,-0.6334082397003132,0.675093632958998,-12.376516853932864,12.685758835871667,47.66088798949752,0.08890502496810376
2552.5800000000004,0.0,13.0,47.21074549137292,47.31812597149358,47.94894595648884,47.97629717929501,-5.628660000000243,0.3240250609785203,2.336656224592283,-12.444581041656722,-0.8081897627962495,0.1157927590520017,-11.58250936329704,12.666197213624534,47.61352864966259,-0.03179593588607493
2552.5900000000006,0.0,13.0,47.13382701123615,47.14180993258454,47.8925935330839,47.947056399500646,-5.50878462690288,0.3297642163661635,2.334264909847432,-12.424972260748945,-0.8870087609511556,-0.3709386733419115,-10.666445556945522,12.646638794087597,47.52882171910131,-0.14628865833892046
2552.6000000000004,0.0,13.0,47.0184112808992,46.97830431460719,47.74298054931378,47.93316376529342,-5.388994260044863,0.3355033717537903,2.3318735951025875,-12.405363479841215,-0.8319399249061165,-0.7564205256571852,-9.58008760951157,12.627083592143238,47.4182149775284,-0.2521195870933008
2552.6100000000006,0.0,13.0,46.86160467065936,46.84563796407226,47.66752610778452,47.916765628742574,-5.3222611305652885,0.33729368234207,2.3291339783494625,-12.389783494587366,-0.9237144283574384,-0.8562855716425617,-8.555791313030536,12.611319009524713,47.32288359281468,-0.4275705534623664
2552.6200000000003,0.0,13.0,46.67579628742541,46.73458007984048,47.6440330938124,47.89861193612776,-5.2922461230614894,0.3247933698342332,2.325133878346955,-12.38878346958674,-1.218272591114001,-0.5617274088859987,-7.617199201196064,12.609270166890338,47.23825534930151,-0.6991634765381523
2552.630000000001,0.0,13.0,46.61977251063823,46.69901625531912,47.63426,47.9417386282852,-5.262239999999999,0.312293057326432,2.3211337783444583,-12.387783444586114,-1.5340811216830792,0.01300951427296,-7.251667501252578,12.607234734095647,47.22369684856064,-0.9203005145614366
2552.6400000000003,0.0,13.0,46.65619804255311,46.71722902127655,47.63426,48.02851710137653,-5.232240000000042,0.2997927448186307,2.317133678341962,-12.386783419585491,-1.8795993990988769,0.9794591887838144,-7.687320981472497,12.605212717636718,47.259051041301554,-1.0708961113738908
2552.6500000000005,0.0,13.0,46.66561341664583,46.665157175706064,47.498741999500105,47.89939428642837,-5.22,0.2872924323107939,2.313133578339454,-12.385783394584864,-2.010769230768864,1.3386013986003311,-8.764475524479895,12.603204123970965,47.18222671957009,-0.9892753374273726
2552.6600000000003,0.0,13.0,46.65598582354412,46.56353258185461,47.2676797650589,47.61805462134486,-5.22,0.2747921198029927,2.3091334783369577,-12.38478336958424,-1.8459340659339856,0.8590809190806848,-10.727512487513447,12.601208959517047,47.02631319795063,-0.5869748133880033
2552.6700000000005,0.0,13.0,46.63822622066905,46.47763433849242,47.22335863205173,47.492814867698485,-5.273078651685242,0.2622918072951914,2.305133378334461,-12.383783344583616,-1.7771971971971332,0.2368968968977048,-11.872092092092087,12.599227230654758,46.95800851472792,-0.32597554271666473
2552.6800000000003,0.0,12.975729125049902,46.61472147778336,46.40284652021976,47.31096721917113,47.47785730404395,-5.362966292134836,0.2497914947873546,2.3011332783319536,-12.38278331958299,-1.8422622622623115,-0.583923923924543,-11.8770970970971,12.597258943724924,46.951598130304546,-0.2617162946776091
2552.6900000000005,0.0,12.935777067518975,46.576862578710745,46.38225947026483,47.312584097951145,47.49780692653664,-5.417648824412197,0.2372911822795534,2.297133178329457,-12.381783294582364,-1.710112359550704,-0.8271910112361498,-11.592659176030203,12.595304105029323,46.942378268365836,-0.23508840271642772
2552.7000000000003,0.0,12.895825009988052,46.52873664167927,46.40044037981006,47.252694042978646,47.54272446776602,-5.447663831915953,0.2247908697717522,2.293133078326961,-12.38078326958174,-1.30561797752868,-0.2728838951318945,-10.90851435705468,12.59336272083057,46.9311488830585,-0.26042762152917875
2552.7100000000005,0.0,12.855872952457014,46.45316841420713,46.43732342171084,47.12111818909459,47.48299550775391,-5.512957042957198,0.2122905572639154,2.289132978324453,-12.379783244581114,-0.9154477238616328,-0.1400575287647488,-10.326208104051672,12.59143479735202,46.873651383191614,-0.23133795620009623
2552.7200000000003,0.0,12.815920894926087,46.35789077538784,46.48763857928957,46.93805665832943,47.34810806403222,-5.602867132867131,0.1997902447561141,2.2851328783219564,-12.37878321958049,-0.5452626313153008,-0.5952851425717248,-9.885987993996574,12.58952034077769,46.78292351925977,-0.12630859024204796
2552.7300000000005,0.0,12.775968837395164,46.3387457299999,46.453100910000266,46.89665335999983,47.297474289999975,-5.622385596399132,0.1872899322483129,2.28113277831946,-12.377783194579866,-0.3341839540115044,-0.5838590352407103,-9.416618345413276,12.58761935725214,46.746493572499986,-0.1276460978555579
2552.74,0.0,12.736016779864126,46.374055729999945,46.35787091000013,46.95657335999992,47.30710428999999,-5.592378094523598,0.1747896197404761,2.2771326783169523,-12.37678316957924,-0.3441814546363687,0.075976006000334,-8.906745813545196,12.585731852880384,46.74890107249999,-0.276778914863978
2552.7500000000005,0.0,12.6960647223332,46.33701671082251,46.23770862284463,46.931044018995465,47.23441054736348,-5.562379405148701,0.1622893072326749,2.273132578314456,-12.375783144578614,-0.4378678678682584,0.411881881881668,-8.65602602602623,12.583857833727809,46.68504497500652,-0.38111296519438964
2552.76,0.0,12.656112664802276,46.24822890777335,46.099713121720015,46.84439568108001,47.102833441640016,-5.532386903274194,0.1497889947248736,2.26913247831196,-12.374783119577993,-0.6480780780782366,0.29676676676668,-8.766136136136218,12.581997305820062,46.57379278805335,-0.4230716992422522
2552.7700000000004,0.0,12.616160607271238,46.12774541822729,45.98296279650442,46.75966524344574,47.06346242197252,-5.5200000000000005,0.1372886822170368,2.265132378309452,-12.373783094577364,-0.9420279720288838,0.1188111888105995,-8.586643356642067,12.580150275142953,46.48345897003749,-0.5304455989168586
2552.7800000000007,0.0,12.6,45.98454441947569,45.88143970037456,46.67630943820227,47.09017902621722,-5.5200000000000005,0.1247883697092356,2.261132278306955,-12.37278306957674,-1.3516183816185818,-0.1459240759242052,-8.007222777222495,12.578316747642392,46.40811814606743,-0.728154727312732
2552.7900000000004,0.0,12.6,45.90329960000003,45.79411680000007,46.63757640000001,47.10326179999999,-5.537526236881554,0.1122880572014344,2.257132178304459,-12.371783044576116,-1.5941841841841744,-0.2205005005006877,-7.772512512512271,12.576496729224262,46.35956365000002,-0.8373791141842133
2552.8,0.0,12.6,45.86691960000008,45.71707680000018,46.631156400000016,47.10647179999999,-5.5675112443778,0.0997877446936331,2.2531320783019626,-12.37078301957549,-1.6041941941941733,-0.0303103103107074,-8.017757757757245,12.574690225754336,46.330406150000066,-0.8234022580717069
2552.8100000000004,0.0,12.6,45.8553552407084,45.759024814168,46.54362867049153,47.052091389374,-5.597518138603992,0.0904043038800143,2.249595696119986,-12.366765568959886,-1.5998734177214955,-0.1124050632915842,-7.911898734176641,12.570033586740067,46.30252502868548,-0.8294353060899001
2552.8200000000006,0.0,12.6,45.861760828136674,45.887136562733545,46.397367757545865,46.95600757794984,-5.627540655491601,0.0922674554008101,2.24773254459919,-12.35186035679352,-1.569863597612915,-0.1540110826936332,-8.550967604434971,12.555049547855388,46.27556818159148,-0.7183152582704159
2552.8300000000004,0.0,12.6,45.934802554469954,45.96557771600288,46.35070161282236,46.91522,-5.604926305271162,0.0941306069216059,2.245869393078394,-12.336955144627153,-1.445468202303369,0.0109063595393262,-9.928024536805626,12.540065874726022,46.2915754708238,-0.4852876226503918
2552.8400000000006,0.0,12.6,46.05699639368891,46.00738087152515,46.37749850738792,46.91522,-5.544971271546342,0.095993758442407,2.2440062415575928,-12.322049932460745,-1.1950926389578764,0.0609814722084247,-11.14484977466472,12.525082568664574,46.339273943150495,-0.2222608851198409
2552.8500000000004,0.0,12.6,46.11213776672469,46.050864367072826,46.32345278786382,46.83818319323564,-5.502503748125953,0.0978569099632028,2.242143090036797,-12.307144720294378,-0.9408064918848248,-0.0107940074909311,-12.221677902622808,12.510099630990037,46.33115952872424,0.033562598612147276
2552.8600000000006,0.0,12.6,46.11852423775179,46.09556966426253,46.2106251330517,46.70513171350436,-5.472518740629705,0.0997200614839986,2.240279938516001,-12.292239508128011,-0.6811310861422906,-0.2504943820225009,-13.105573033707971,12.495117063027573,46.2824626871426,0.27945912497004566
2552.8700000000003,0.0,12.6,46.08901616712538,46.07589989992498,46.2100313735301,46.65624252189141,-5.512425000000115,0.1015832130047998,2.2384167869952,-12.277334295961602,-0.4923329161450379,-0.461148936170484,-13.352145181475828,12.480134866108669,46.25779749061797,0.4020817942925915
2552.880000000001,0.0,12.597125778331266,46.032263602702166,46.0073685013762,46.29462481861375,46.671233765323954,-5.602424999999987,0.1034463645255956,2.2365536354744044,-12.262429083795237,-0.4022202753441931,-0.6313617021276353,-12.711344180225373,12.465153041571316,46.25137267200402,0.353064787073053
2552.8900000000003,0.0,12.592144458281457,46.02989904642394,45.9399438644921,46.39772933500582,46.66543608532003,-5.605058735316243,0.1053095160463914,2.2346904839536084,-12.24752387162887,-0.3206017478153021,-0.5074132334587156,-11.91372534332188,12.450171590759775,46.25825208281047,0.2468747376927576
2552.9000000000005,0.0,12.587163138231634,46.06856404015049,45.87335415307415,46.51479834378898,46.64395553324973,-5.545073731567057,0.1071726675671925,2.2328273324328074,-12.23261865946246,-0.2506891385766296,0.0219250936340903,-10.89999250936113,12.435190515024754,46.27516801756584,0.06189330202819068
2552.9100000000003,0.0,12.582181818181825,45.95406344569337,45.81929955056189,46.519207790262335,46.6484573782771,-5.485097451274338,0.1090358190879883,2.230964180912012,-12.217713447296092,-0.3041677096374053,0.206535669586513,-9.853809762201015,12.42020981572358,46.23525704119867,-0.13359020864585613
2552.9200000000005,0.0,12.577200498132015,45.72750664169829,45.77441565543079,46.44119530586781,46.67196799001244,-5.425127436281843,0.1108989706087842,2.229101029391216,-12.202808235129726,-0.5294493116395175,-0.0888335419273673,-8.76244555694634,12.405229494219967,46.15377139825233,-0.34369622567340763
2552.9300000000003,0.0,12.572219178082191,45.56906421105277,45.70426148037009,46.4492720580145,46.7065761540385,-5.4,0.1127621221295853,2.2272378778704147,-12.18790302296332,-0.8951860174788394,-0.071011235954504,-8.237093632959114,12.390249551884189,46.10729347586896,-0.5478771007706655
2552.9400000000005,0.0,12.567237858032382,45.46096718679692,45.615429272318266,46.520979984996096,46.74938685671408,-5.4,0.1146252736503811,2.225374726349618,-12.172997810796952,-1.4544868913858358,0.3784269662921894,-8.491775280898908,12.375269990093244,46.08669082520635,-0.7438924116606019
2552.9500000000003,0.0,12.562256537982572,45.37188866733492,45.52589040080191,46.39778225951995,46.63428388777634,-5.4,0.1164884251711769,2.223511574828823,-12.158092598630583,-1.9097421777219497,0.6818523153941773,-8.924595744680406,12.360290810230655,45.98246130385828,-0.8628249287210409
2552.9600000000005,0.0,12.557275217932748,45.296838567134365,45.43583028056124,46.13081833166369,46.4027007214432,-5.4,0.118351576691978,2.221648423308022,-12.143187386464176,-2.220130162703961,0.7819774718399874,-9.605446808511916,12.34531201368662,45.81654697520063,-0.8744316419325557
2552.9700000000003,0.0,12.552293897882938,45.27768129999996,45.31115090000025,46.05886422499988,46.22905200500022,-5.452186953261633,0.1202147282127738,2.219785271787226,-12.12828217429781,-2.3685097353967928,0.3949375936080049,-10.24982276585211,12.330333601858175,45.71918710750008,-0.7864956373052766
2552.9800000000005,0.0,12.55,45.29908129999996,45.16135090000025,46.12841422499988,46.09744200500022,-5.542164458885156,0.1220778797335697,2.2179221202664303,-12.113376962131444,-2.2936220668995744,-0.6634747878193489,-10.84393160259671,12.315355576148997,45.67157210750008,-0.561377694539683
2552.99,0.0,12.55,45.32539420593369,45.12804149588632,46.18177621540764,46.1354730391424,-5.58,0.1239410312543708,2.2160589687456294,-12.098471749965034,-2.126621587777749,-1.0750663661393118,-11.417936388681786,12.300377937969563,45.69267123909251,-0.37562774846095875
2553.0000000000005,0.0,12.55,45.35527204188477,45.179260643231046,46.22339177262523,46.29659994016433,-5.58,0.1258041827751666,2.2141958172248333,-12.083566537798667,-1.831104432756928,-0.5842073628843885,-11.963891810669406,12.285400688737317,45.76363109947634,-0.24480440853888974
2553.01,0.0,12.55,45.27539772341525,45.22990322516214,46.07615303045498,46.34316263604602,-5.528334990059622,0.1276673342959624,2.2123326657040376,-12.0686613256323,-1.5009782082323435,-0.1735980629539141,-12.153598062953916,12.270423829876464,45.731154153769594,-0.14792826918213092
2553.0200000000004,0.0,12.55,45.11406971542685,45.28011790314528,45.788754128806765,46.304700329505735,-5.438871769383467,0.1295304858167635,2.210469514183236,-12.053756113465893,-1.1232542372871055,0.1266440677974288,-11.853355932202572,12.255447362818126,45.62191051922116,-0.097739609937534
2553.0300000000007,0.0,12.55,45.07245021575509,45.24341398896148,45.712056808830816,46.21094739588575,-5.4,0.1275065974054786,2.2091688658018263,-12.044182060612783,-0.8229664082683972,0.3163204134366708,-11.58824806201508,12.245775047713266,45.55971710235829,-0.05674133189178926
2553.0400000000004,0.0,12.55,45.12076933266419,45.141406964375605,45.79366242849952,46.07565386854028,-5.4,0.124173171476984,2.2080577238256613,-12.03640406677963,-0.6627596899223134,0.3059844961240202,-11.386697674418397,12.237890371589788,45.5328731485199,-0.03236835017161965
2553.05,0.0,12.55,45.10096163820288,45.07415894544867,45.70217247886004,45.94636702371129,-5.422996167305369,0.1208397455484894,2.2069465818494964,-12.028626072946476,-0.5048264669163599,0.0708414481897813,-11.082888888888904,12.230006568355112,45.455915021555725,-0.0008582379399363071
2553.0600000000004,0.0,12.55,45.031414299452905,45.03228860885429,45.48430479522492,45.821465680650114,-5.462989501749721,0.1175063196199853,2.2058354398733284,-12.0208480791133,-0.3500199750309477,-0.4734781523105389,-10.638444444443689,12.222123639698369,45.34236834604555,0.04046754784568807
2553.0700000000006,0.0,12.55,44.96186696070313,44.99041827226005,45.266437111590406,45.69656433758929,-5.50298283619396,0.1141728936914907,2.2047242978971635,-12.013070085280146,-0.3395945945947078,-0.6978378378377068,-9.850067567566814,12.214241587312934,45.228821670535716,-0.052013552463717735
2553.0800000000004,0.0,12.533380000000095,44.86189403165056,44.8795736247177,45.18261020346643,45.660667174076806,-5.485521380345135,0.1108394677629961,2.2036131559209986,-12.005292091446991,-0.529784784784688,-0.4776176176177296,-8.583801301301946,12.206360412896293,45.14618625847787,-0.33041748255533065
2553.0900000000006,0.0,12.503380000000035,44.73825675458422,44.71508229088161,45.203037231851305,45.693995483546864,-5.425506376594065,0.107506041834492,2.2025020139448306,-11.997514097613816,-0.6967107892109996,-0.221875624375149,-7.709273226772705,12.198480118150139,45.087592940216005,-0.5454173981997181
2553.1000000000004,0.0,12.47338000000006,44.62026854563701,44.567330912738335,45.25475171514537,45.68738802407225,-5.4,0.1041726159059973,2.2013908719686657,-11.98973610378066,-0.8315759240760916,0.0828196803200588,-7.374607892107476,12.190600704780428,45.03243479939824,-0.6730388920303049
2553.1100000000006,0.0,12.443380000000086,44.50650726178567,44.432105235707496,45.32987709127361,45.65089855566711,-5.4,0.1008391899775027,2.2002797299925008,-11.981958109947508,-1.1006081081083794,0.0568243243240353,-7.117162162162073,12.182722174497293,44.979847036108474,-0.7996436022903222
2553.1200000000003,0.0,12.413380000000029,44.42390083916089,44.35094415584419,45.30968125874134,45.67380621378615,-5.434444166874956,0.0975057640489986,2.1991685880163327,-11.974180116114333,-1.5560635635646265,-0.428661161162294,-6.967012012011661,12.174844529015079,44.93958311688314,-0.9248355057495397
2553.130000000001,0.0,12.383380000000052,44.36404069930077,44.30925584415589,45.21989104895116,45.74007994005986,-5.494399200599605,0.094172338120504,2.198057446040168,-11.966402122281176,-1.960691635456092,-0.4979126092378323,-7.323073657928885,12.166967770052452,44.908316883116925,-0.9996306935289485
2553.1400000000003,0.0,12.353380000000078,44.35766141223264,44.33264756837377,45.13217114868245,45.6069744704134,-5.50281859070466,0.0908389121920094,2.196946304064003,-11.958624128448022,-2.295273408239741,0.0064569288390126,-8.376756554307244,12.159091899332283,44.85736364992557,-1.004973094777941
2553.1500000000005,0.0,12.323380000000018,44.390649975136704,44.403945430134165,45.045975226255706,45.32710375932408,-5.47283358320837,0.0875054862635053,2.195835162087835,-11.950846134614846,-2.3225488232340816,0.2372058087127805,-9.534216324489236,12.1512169185817,44.791918597712666,-0.8629584373538093
2553.1600000000003,0.0,12.293380000000043,44.37946205682685,44.37050709580111,44.99996735227562,45.17495768669863,-5.442835708927237,0.0841720603350106,2.19472402011167,-11.943068140781692,-1.921947921882432,0.086980470705912,-10.836169253882096,12.14334282953219,44.731223547900555,-0.5157719901044248
2553.1700000000005,0.0,12.263380000000067,44.33426215740519,44.25643115916549,44.98490071913506,45.12114828262523,-5.412828207051788,0.080838634406516,2.193612878135505,-11.935290146948535,-1.5743695380774123,-0.1429612983770171,-11.55846441947566,12.135469633919465,44.67418557958274,-0.26582696349686263
2553.1800000000003,0.0,12.241734632981904,44.29293540459541,44.19086531468532,45.00625074425575,45.04474722777223,-5.468631368631558,0.0775052084780119,2.192501736159337,-11.927512153115362,-1.2997128589258748,-0.4825368289643729,-11.48355805243433,12.127597333483562,44.63369967282718,-0.1496177624270139
2553.1900000000005,0.0,12.22681519793119,44.25445388611389,44.16093524475526,45.05435264235763,44.95175022477525,-5.58851148851164,0.0741717825495173,2.1913905941831726,-11.919734159282209,-0.9409138708058946,-0.6318002003003745,-11.30797446169233,12.119725929968887,44.60537299950051,-0.04017761740180589
2553.2000000000003,0.0,12.211895762880475,44.2821083312608,44.16165310121858,45.01672706291977,44.96048886346672,-5.622910634048925,0.0708383566210227,2.190279452207008,-11.911956165449054,-0.4652003004508107,-0.5166274411617753,-10.992501251877906,12.111855425124126,44.605244339716464,0.05985701725362985
2553.2100000000005,0.0,12.196976327829722,44.35874598358624,44.18507016165135,44.91560793832371,45.044577398657125,-5.592955566649995,0.0707879154714601,2.19039395773573,-11.89975709887102,-0.2089438202247885,-0.460524344569327,-10.445857677901287,12.099878331255784,44.62600037055461,0.057350900904349536
2553.2200000000003,0.0,12.182056892779007,44.31757769404681,44.17830191409195,44.87152,45.094579924642034,-5.58,0.0718405747519666,2.190920287375983,-11.886072528224432,-0.2538876404494579,-0.4854931335830322,-9.581937578027087,12.086521952986635,44.6154948831952,-0.08589026753513992
2553.2300000000005,0.0,12.167137457728296,44.18533956292425,44.14819892489332,44.87152,45.118232273298105,-5.58,0.0728932340324731,2.1914466170162368,-11.87238795757785,-0.319854818523122,-0.3867284105132322,-8.954142678348036,12.073166424515119,44.58082269027892,-0.21332288782128211
2553.24,0.0,12.15221802267754,44.113678995274846,44.13230779905497,44.78605837353911,45.03614353146005,-5.545877061469195,0.0739458933129827,2.1919729466564912,-11.858703386931223,-0.4149737171466417,-0.1163904881095447,-8.653767209010606,12.059811748664481,44.51704717483224,-0.31883482439148914
2553.2500000000005,0.0,12.137298587626828,44.08706869932858,44.12698573986572,44.63704071624008,44.875417343944655,-5.485907046476786,0.0749985525934892,2.192499276296745,-11.84501881628464,-0.5689288389516737,0.0736779026218463,-8.566299625468481,12.046457928270453,44.431628124844764,-0.40353721841701723
2553.26,0.0,12.122379152576114,44.023632740000245,44.10779252000008,44.56167903000005,44.83530049999985,-5.46,0.0760512118739957,2.193025605936998,-11.831334245638056,-0.8036354556805025,0.1535780274657029,-8.771043695380865,12.033104966181034,44.382101197500056,-0.4596789472899377
2553.2700000000004,0.0,12.10745971752536,43.931612739999984,44.07783252,44.54348903,44.88880050000001,-5.46,0.0771038711545052,2.193551935577253,-11.817649674991433,-1.0889311639556227,0.1349737171461366,-8.908878598247897,12.019752865256708,44.3604336975,-0.532692584593941
2553.2800000000007,0.0,12.1,43.88779095356965,44.00398771842247,44.61794656015962,44.91398452321517,-5.49405000000001,0.0781565304350117,2.194078265217506,-11.803965104344847,-1.444375469336733,-0.0202202753442072,-8.953934918648319,12.006401628370606,44.355927438841725,-0.6291013980272842
2553.2900000000004,0.0,12.1,43.881380569146295,43.89607958062936,44.764317004492845,44.91718971542685,-5.55405000000001,0.0792091897155183,2.194604594857759,-11.790280533698262,-1.597378277153645,-0.143677902621667,-9.11050187265896,11.993051258408359,44.36474171742384,-0.6439505574107595
2553.3,0.0,12.1,43.86717804548871,43.83362374406409,44.710108052987614,44.89044463884049,-5.6139905165959245,0.0802618489960248,2.1951309244980126,-11.776595963051678,-1.4725343320849422,-0.2235780274656371,-9.420114856429343,11.97970175826831,44.32533862034522,-0.5468607847230389
2553.3100000000004,0.0,12.1,43.84685312671836,43.80688042989258,44.49830100474925,44.84016720819805,-5.673885700025018,0.0813145082765343,2.195657254138267,-11.762911392405051,-1.423068068068188,-0.3748548548553991,-9.555960960960732,11.9663531308615,44.24805044238956,-0.4939599588007742
2553.3200000000006,0.0,12.1,43.80072701051596,43.83527081121662,44.366627881822936,44.85459342513752,-5.716928464232109,0.0823671675570408,2.1961835837785206,-11.74922682175847,-1.4781231231231822,-0.6251051051053731,-9.450855855855744,11.95300537911191,44.21430478217326,-0.5023330662215352
2553.3300000000004,0.0,12.1,43.73428735102679,43.907068507761366,44.29804500751153,44.91996147721557,-5.746943471735823,0.0834198268375474,2.1967099134187738,-11.735542251111884,-1.499485514485522,-0.502932067932258,-9.589775224775083,11.939658505956277,44.21484058587882,-0.5011871065837283
2553.3400000000006,0.0,12.1,43.67996019485395,43.87954045465921,44.26262718461156,44.8144424631531,-5.76,0.0844724861180569,2.1972362430590286,-11.72185768046526,-1.4745104895104697,0.1314335664340771,-10.064300699301082,11.926312514344302,44.15914257431946,-0.4869496034140495
2553.3500000000004,0.0,12.1,43.635053874594185,43.774759040719765,44.25300440169875,44.57601128653579,-5.76,0.0855251453985634,2.1977625726992818,-11.708173109818675,-1.4075594493116816,0.428680851063887,-10.417612015018712,11.912967407238815,44.05970715088712,-0.44190532165368385
2553.3600000000006,0.0,12.1,43.52658879120934,43.576443736264686,44.198407692308,44.43775846153867,-5.776941529235379,0.0865778046790699,2.198288902339536,-11.694488539172092,-1.2824030037547745,0.2584680851064934,-10.602843554442934,11.899623187615632,43.93479967033017,-0.35414328724122324
2553.3700000000003,0.0,12.1,43.36838699300715,43.30493524475551,44.10861748251757,44.37789832167838,-5.80692653673167,0.0876304639595794,2.19881523197979,-11.680803968525469,-1.2057902621722691,-0.1136329588025015,-10.41321348314498,11.886279858463727,43.78995951048965,-0.3184211560643653
2553.380000000001,0.0,12.08690707765976,43.30519942999997,43.25697559999976,44.0995246299999,44.30125708000017,-5.853806193806212,0.088683123240086,2.199341561620044,-11.66711939787888,-1.195802746566787,-0.7628214731588365,-9.709093632958494,11.872937422785423,43.74073918499995,-0.3541227117719608
2553.3900000000003,0.0,12.061968177964038,43.31696942999996,43.38537559999957,44.15409462999982,44.2113770800003,-5.913746253746253,0.0897357825205925,2.1998678912602965,-11.653434827232298,-1.0368735919901102,-0.8840901126410061,-9.148971214017644,11.859595883596256,43.76695418499991,-0.37290937709542027
2553.4000000000005,0.0,12.037029278268246,43.33051919141501,43.32855383079632,44.16442704267534,44.2015942550536,-5.9063136863135846,0.1003435796090641,2.197503273887468,-11.635376318483738,-0.671416770962903,-0.273326658321564,-8.788520650812726,11.841497859031477,43.75627357998507,-0.3682412660150687
2553.4100000000003,0.0,12.012090378572523,43.34547302221112,43.1256089842777,44.13986003493888,44.25500079361113,-5.846373626373628,0.1141534322245905,2.194169861187168,-11.615852044096268,-0.5252346480281458,0.1599650524215981,-8.348522216674322,11.821820126197414,43.716485708759706,-0.43079443491531466
2553.4200000000005,0.0,11.9871514788768,43.24088657993532,43.00030496372291,44.057560265199136,44.32692132099058,-5.836799999999976,0.127963284840117,2.1908364484868685,-11.5963277697088,-0.6800024962555109,0.3496804792809489,-7.799345981028832,11.80215898422001,43.656418282461985,-0.5856074151286025
2553.4300000000003,0.0,11.962212579181006,43.04064639980003,42.937127580685576,43.92906389291981,44.413656372279135,-5.866800000000062,0.1417731374556826,2.1875030357865595,-11.576803495321276,-0.9560464535468643,0.3910164835163312,-7.628419080919409,11.782514516153263,43.58012356142113,-0.7084745345911067
2553.4400000000005,0.0,11.937273679485283,43.117070512627535,42.999156994248224,43.87571683420854,44.33881358339628,-5.863199999999963,0.155582990071209,2.18416962308626,-11.557279220933808,-1.4006018981021675,0.2261813186812187,-7.983064435564651,11.762886805535476,43.58268948112014,-0.786953319461162
2553.4500000000003,0.0,11.912334779789562,43.41353462865635,43.160767396848776,43.88213843960988,44.13546274568698,-5.833200000000005,0.1693928426867355,2.1808362103859604,-11.53775494654634,-1.4889784677015414,0.0486604907360988,-9.126447170756194,11.743275936391795,43.6479758027005,-0.6251346676359358
2553.4600000000005,0.0,11.887395880093768,43.486318951048986,43.37232333166825,43.773541263736334,43.99244231268735,-5.853591602099572,0.1832026953023011,2.177502797685652,-11.518230672158817,-1.0783625438149331,-0.1466324486733852,-11.374819729598718,11.723681993237236,43.656156464785234,-0.1266688265861131
2553.4700000000003,0.0,11.862456980398049,43.381563706293775,43.62352213286697,43.573651153846285,43.89730744755251,-5.913576605848587,0.1970125479178276,2.174169384985352,-11.498706397771349,-0.7749124124122708,-0.2956931931932708,-12.814374374374667,11.70410506107974,43.61901111013988,0.2085958330318398
2553.4800000000005,0.0,11.85,43.335,43.59731714571388,43.50797522119465,43.88829724068975,-5.990342414396404,0.210822400533354,2.1708359722850528,-11.47918212338388,-0.6197572572572869,-0.380778278278262,-13.134694694694634,11.684545225422745,43.58214740189957,0.31802429284087086
2553.49,0.0,11.85,43.335,43.34913919020225,43.54969479130221,43.94820226443394,-6.080319920020182,0.2246322531489196,2.167502559584744,-11.459657848996356,-0.5847402597405037,-0.3289410589406086,-12.726278721276076,11.665002572268252,43.5455090614846,0.2625843515432206
2553.5000000000005,0.0,11.85,43.27203615903984,43.19890210052518,43.57954597149286,43.9944619504876,-6.12,0.2384421057644461,2.164169146884444,-11.440133574608886,-0.7146103896105923,-0.0891808191804451,-11.317687312685116,11.64547718811992,43.511236545386375,-0.019134047737203008
2553.51,0.0,11.85,43.15858779694955,43.12719417354359,43.59988105526376,44.02978078019495,-6.12,0.2522519583799725,2.1608357341841447,-11.420609300221418,-0.7732032032031667,0.0395020020019791,-10.174562062061357,11.625969159985656,43.47886095148796,-0.2251905974484057
2553.5200000000004,0.0,11.85,43.06147204076565,43.06222473775793,43.60596506587124,44.0720744071588,-6.086561797752761,0.2660618109955382,2.157502321483836,-11.401085025833895,-0.733163163163057,0.0144769769769106,-9.398786286284231,11.606478575380745,43.450434062888405,-0.3265470192107082
2553.5300000000007,0.0,11.85,42.97742530947057,43.00264730797914,43.60064565249814,44.11994912751676,-6.026636704119869,0.2798716636110646,2.1541689087835363,-11.381560751446424,-0.7836888111890349,-0.2336988011995108,-8.75840909090851,11.587005522330942,43.42516684936615,-0.4146221232344303
2553.5400000000004,0.0,11.85,42.86123753930634,42.9284138857001,43.62901634639376,44.01859461442496,-6.0,0.293681516226591,2.1508354960832365,-11.362036477058956,-0.958513986013906,-0.7881443556441019,-8.303863636363845,11.567550089375152,43.35931559645629,-0.4844688943719393
2553.55,0.0,11.85,42.71810801597236,42.84189529323702,43.685627277264665,43.79215089094134,-6.0,0.3074913688421175,2.147502083382937,-11.34251220267149,-1.0621001251564377,-0.6605732165223628,-7.878290362954309,11.548112365568587,43.25944536935385,-0.5969261540375566
2553.5600000000004,0.0,11.85,42.63305252292815,42.82682797065197,43.64143358345847,43.67074127063533,-6.011124437781139,0.3213012214576831,2.144168670682628,-11.322987928283965,-1.0671063829787282,0.4107659574478062,-7.492808510637939,11.528692440485672,43.19301383691848,-0.7683473912739014
2553.5700000000006,0.0,11.85,42.597368014007074,42.87250414207095,43.51154197098573,43.63862521260637,-6.031114442778609,0.3351110740732095,2.140835257982329,-11.303463653896497,-1.2217303370787536,0.9225243445692164,-7.885350811486056,11.509290404223274,43.155009834917536,-0.814080843828479
2553.5800000000004,0.0,11.829248982428354,42.56168350508599,42.918180313489934,43.38165035851299,43.60650915457739,-6.051104447776079,0.348920926688736,2.137501845282029,-11.283939379509029,-1.5812808988761082,0.6678426966294233,-9.34352808988644,11.489906347403359,43.117005832916576,-0.6876637287395581
2553.5900000000006,0.0,11.784575101757166,42.58904308967587,42.87092318010565,43.28952835970868,43.59529624717407,-6.093291677080731,0.3627307793043016,2.13416843258172,-11.264415105121504,-1.8530037546935536,0.2952866082596589,-10.49451814768551,11.470540361176212,43.086197719166066,-0.5659846206729701
2553.6000000000004,0.0,11.739901221086106,42.66967609645803,42.74513568952547,43.22932238131133,43.60174688771664,-6.153276680829746,0.3765406319198281,2.1308350198814208,-11.244890830734036,-2.003191489361842,-0.2403829787239031,-11.22042553191557,11.451192537223625,43.06147026375287,-0.45086192041760437
2553.6100000000006,0.0,11.695227340415045,42.6516045754248,42.59970316183853,43.19583532967035,43.56514246253762,-6.18,0.3726984900146079,2.13,-11.237079396005845,-1.9298401997502048,-0.5015305867665093,-11.711650436953857,11.443240691194005,43.00307138236782,-0.3247327248112434
2553.6200000000003,0.0,11.650553459743856,42.55326291708289,42.43829457042953,43.18407708791208,43.493524080919066,-6.18,0.3629566488066018,2.13,-11.23318265952264,-1.5503146067408071,-0.386674157303139,-11.881438202247534,11.439100934562692,42.917289664085885,-0.18352828201761884
2553.630000000001,0.0,11.605879579072797,42.46762880156216,42.409207376128826,43.11965342445698,43.51579422016104,-6.163502235469441,0.3532148075986234,2.13,-11.22928592303945,-1.327899874843551,-0.2695969962452288,-11.696483103879412,11.434969306547302,42.87807095557725,-0.14900198812545523
2553.6400000000003,0.0,11.561205698401734,42.392412789846375,42.48860205516216,43.012052741030224,43.61503756895271,-6.133695976155046,0.343472966390645,2.13,-11.225389186556258,-1.3228936170212822,-0.1494468085107691,-11.020638297873075,11.430845815961973,42.87702628874787,-0.2620958740585967
2553.6500000000005,0.0,11.516531817730543,42.353235613496935,42.44709693251541,42.85860055214733,43.47600368098177,-6.103784999999998,0.333731125182639,2.13,-11.221492450073056,-1.1682696629210312,0.0885892634210764,-10.615248439450657,11.426730471616203,42.78373419478536,-0.29627310430265863
2553.6600000000003,0.0,11.471857937059484,42.34995340490799,42.28517464212712,42.65947989775091,43.099643762781945,-6.073784999999997,0.3239892839746606,2.13,-11.217595713589864,-0.808719101123166,0.4880898876409265,-10.58029213483142,11.422623282314799,42.598562926891994,-0.22236069713328743
2553.6700000000005,0.0,11.427184056388423,42.35491174754837,42.24375873774185,42.62987834045731,42.91021780236368,-6.0600000000000005,0.3142474427666822,2.13,-11.213698977106674,-0.5811083312484101,0.4912009006751898,-10.413064798598748,11.418524256857744,42.53469165702781,-0.17155596180654847
2553.6800000000003,0.0,11.4,42.36674981644455,42.30294908222276,42.74180190093031,42.87685597183808,-6.0600000000000005,0.3045056015586762,2.13,-11.209802240623471,-0.5360745559168688,-0.0542081561179215,-10.062802101575649,11.414433404040151,42.572089192858925,-0.15272739693165674
2553.6900000000005,0.0,11.4,42.32560090909103,42.313138776223816,42.78608625874127,42.82874783216792,-6.0600000000000005,0.2947637603506978,2.13,-11.20590550414028,-0.564648027958093,-0.475092361457871,-9.61618572141774,11.410350732652239,42.56339344405601,-0.18614817956347277
2553.7000000000003,0.0,11.4,42.24222428571456,42.28427763736273,42.776465879120906,42.76888769230788,-6.0600000000000005,0.2850219191427194,2.13,-11.202008767657087,-0.6944533200199382,-0.7247179231152657,-9.037054418372584,11.406276251479186,42.51796387362652,-0.29142732848103436
2553.7100000000005,0.0,11.4,42.16729675621899,42.20825113930362,42.80051743283576,42.820147940298334,-6.0600000000000005,0.2752800779347133,2.13,-11.198112031173885,-0.7637158606865188,-0.6814758205955632,-8.517759959909045,11.402209969301085,42.499053317164176,-0.3977728436948379
2553.7200000000003,0.0,11.4,42.099157452736414,42.09433074129369,42.85162191044769,42.96068525373115,-6.0600000000000005,0.2655382367267349,2.13,-11.194215294690697,-0.7486820345777955,-0.2304610373338627,-8.081779002756068,11.398151894892921,42.50144883955223,-0.5056031081529178
2553.7300000000005,0.0,11.4,42.05823531437129,42.00987868263484,42.83419835329354,43.011326601796455,-6.0600000000000005,0.2557963955187565,2.13,-11.190318558207505,-0.8560424469410544,0.0764169787764217,-7.931273408239465,11.394102037024403,42.47840973802403,-0.5963444553058981
2553.74,0.0,11.4,42.04008162175648,41.95007828343312,42.75944785429139,42.986765723552885,-6.0600000000000005,0.2460545543107505,2.13,-11.1864218217243,-1.130699126092592,0.1862796504370368,-8.170973782771718,11.390060404459964,42.43409337075847,-0.6637275782135881
2553.7500000000005,0.0,11.4,41.97853318000006,41.93763670999999,42.67304985000006,42.98184168499999,-6.0600000000000005,0.2363127131027721,2.13,-11.182525085241108,-1.3846182728410474,0.1049186483103941,-8.427747183979971,11.386027005958692,42.392765356250024,-0.701678687891552
2553.76,0.0,11.4,41.8800931800002,41.96545670999994,42.5767498500002,42.993611684999976,-6.0600000000000005,0.2265708718947937,2.13,-11.178628348757918,-1.60989987484348,-0.2405131414266691,-8.708097622027443,11.382001850274202,42.35397785625008,-0.6989855888239863
2553.7700000000004,0.0,11.4,41.83137342878674,41.93756333584528,42.446497910072885,42.84502977141428,-6.0600000000000005,0.2168290306867876,2.13,-11.174731612274716,-1.7083599600597508,-0.3640639041434017,-9.061949575637511,11.377984946154587,42.2651161115298,-0.6656516979160242
2553.7800000000007,0.0,11.4,41.824922788244166,41.862305862848594,42.28738211002275,42.56012648078397,-6.0600000000000005,0.2070871894788092,2.13,-11.170834875791524,-1.6334722915625324,-0.1843334997500774,-9.51626809785397,11.373976302342399,42.13368431047487,-0.5904360146112507
2553.7900000000004,0.0,11.4,41.79097695446637,41.75815385916915,42.1993799004728,42.4647201990544,-6.0600000000000005,0.1973453482708308,2.13,-11.166938139308332,-1.474464196294172,-0.101006509764696,-10.015272909364596,11.36997592757448,42.053307728290676,-0.4701838929597082
2553.8,0.0,11.4,41.734535053496025,41.63036087584007,42.16956153769601,42.52435692460797,-6.0600000000000005,0.1876035070628525,2.13,-11.163041402825142,-1.199051076614913,-0.1510816224336522,-10.576114171256904,11.365983830581962,42.014703597910014,-0.28761078808968704
2553.8100000000004,0.0,11.4,41.71205876900074,41.69039106902548,42.17200092200346,42.52927800149518,-6.043769999999973,0.1796783097215436,2.1291421592574498,-11.15817708842208,-0.9492759051182018,0.0246566791519635,-10.965405742821762,11.360917505461403,42.02593219038122,-0.16309040764264243
2553.8200000000006,0.0,11.4,41.71845797159231,41.910097024669255,42.20186386743077,42.48768318465,-6.013770000000015,0.1782127503663911,2.1252340009770427,-11.149872252076216,-0.7345443196003371,0.5090511860178442,-11.120212234706734,11.352005575268239,42.07952551208558,-0.11792020081563945
2553.8300000000004,0.0,11.4,41.77724051346554,41.82609477976458,42.31414997734648,42.458520528567895,-6.0,0.1767471910112386,2.121325842696636,-11.141567415730352,-0.5069712140176729,0.3400375469343263,-11.01235294117676,11.34309425949054,42.09400144978613,-0.04024528866954721
2553.8400000000006,0.0,11.4,41.88173585703493,41.47705878681116,42.49836341807189,42.44020691165367,-6.0,0.1752816316560819,2.1174176844162185,-11.133262579384464,-0.2616645807257869,-0.7313016270343182,-10.54176470588212,11.334183559577504,42.074341243392915,0.08231707367942454
2553.8500000000004,0.0,11.4,41.875405575727534,41.41702460084537,42.4727428550114,42.50534845063403,-5.983765941485355,0.1738160723009293,2.1135095261358114,-11.1249577430386,-0.3309862671658528,-1.0968164794009767,-9.957740324594536,11.32527347698286,42.06763037055458,0.00865959038916073
2553.8600000000006,0.0,11.4,41.77747968664531,41.59584578960422,42.273697841333394,42.63946434220316,-5.953758439609947,0.1723505129457768,2.109601367855405,-11.116652906692735,-0.8303620474406654,-0.4975655430712015,-9.218664169787816,11.316364013164746,42.07162191494652,-0.33320371741399063
2553.8700000000003,0.0,11.4,41.64535521380344,41.65794958739685,42.18268946736684,42.60960261065265,-5.956245000000013,0.1708849535906201,2.1056932095749867,-11.108348070346848,-1.124205256570736,0.1695994993759122,-8.970826032541636,11.30745516958579,42.023899219804946,-0.5387637950315439
2553.880000000001,0.0,11.397794591912689,41.48374481120289,41.61941995498877,42.18483000250063,42.438359799950085,-5.986245000000013,0.1694193942354676,2.10178505129458,-11.100043234000983,-1.1342177722152742,0.9305506883608242,-9.401364205256783,11.29854694771321,41.9315886421606,-0.556095602392765
2553.8900000000003,0.0,11.392833043909716,41.45097363159194,41.52742741814574,42.06392397400696,42.25796329917559,-6.0162409397650585,0.167953834880315,2.0978768930141736,-11.09173839765512,-1.190636704119733,0.9290387016239936,-9.776591760299333,11.289639349018675,41.82507208073006,-0.5180985434461661
2553.9000000000005,0.0,11.38787149590673,41.52906410897264,41.389431917020936,41.83714066983286,42.06969036740841,-6.046233441639652,0.1664882755251583,2.0939687347337554,-11.083433561309231,-1.3104868913858585,-0.1146566791518497,-10.076217228464646,11.280732374978394,41.70633176580871,-0.40447445422034956
2553.9100000000003,0.0,11.38290994790376,41.48824418395442,41.25488309422682,41.693652091977214,41.98252,-6.076234058514646,0.1650227161700058,2.090060576453349,-11.075128724963369,-1.3358558558558926,-0.6338138138138856,-9.970420420420654,11.271826027073224,41.604824842539614,-0.3750211536577918
2553.9200000000005,0.0,11.377948399900786,41.34490001999553,41.12330598850336,41.62198000999776,41.98252,-6.106241560390053,0.1635571568148533,2.086152418172942,-11.066823888617504,-1.2307507507509037,-0.4286086086089069,-9.304754754755722,11.262920306788521,41.518176504624165,-0.4618037041059015
2553.9300000000003,0.0,11.3729868518978,41.24806547952056,41.07551007492504,41.60825837162832,41.94925807192816,-6.12,0.1620915974596966,2.082244259892524,-11.058519052271617,-1.136273726273677,-0.105534465534167,-8.974805194805274,11.254015215614237,41.47027299950052,-0.5136049953756617
2553.9400000000005,0.0,11.368025303894829,41.19141213286723,41.10009548951045,41.64460202797197,41.88726006993017,-6.12,0.160626038104544,2.0783361016121176,-11.05021421592575,-1.0563536463536225,0.3789810189811635,-9.104675324675362,11.24511075504501,41.45584243006996,-0.5174935667277197
2553.9500000000003,0.0,11.363063755891854,41.20188203321575,41.06606311524931,41.6759114192249,41.9902254001001,-6.10375500000001,0.1591604787493915,2.0744279433317105,-11.041909379579886,-1.0226189283925804,0.5737706559840341,-9.327220831246771,11.236206926580047,41.483520491947516,-0.49273998262851354
2553.9600000000005,0.0,11.358102207888868,41.27081006542525,40.9809800754907,41.702836431806745,42.23685851534974,-6.073754999999968,0.1576949193942348,2.070519785051293,-11.033604543233997,-1.0526639959940396,0.3684626940407303,-9.677746619930462,11.227303731723191,41.54787127201811,-0.428432945763112
2553.9700000000003,0.0,11.353140659885897,41.21743591338995,40.94597920358386,41.79316888003964,42.2178230662024,-6.0600000000000005,0.1562293600390823,2.066611626770886,-11.025299706888134,-1.133370786516944,-0.0900898876409321,-9.810292134831364,11.218401171983038,41.543601765803956,-0.3877946577136601
2553.9800000000005,0.0,11.35,41.06298096067737,40.95237044300645,41.93590656047746,41.97921679442573,-6.0600000000000005,0.1547638006839297,2.06270346849048,-11.01699487054227,-1.283183520599175,-0.8940848938822394,-9.645498127340908,11.209499248872783,41.482618689646756,-0.3794421097744638
2553.99,0.0,11.35,41.0345397769516,40.981023866170965,41.84355842379208,41.821690646840224,-6.076228771228841,0.1532982413287731,2.0587953102100616,-11.00869003419638,-1.3678948685857244,-1.0231789737158952,-9.678413016270817,11.200597963910326,41.42020317843871,-0.38948488601455394
2554.0000000000005,0.0,11.35,41.11409368029728,41.028756208178365,41.54973934076872,41.733650993804346,-6.106198801198819,0.1518326819736205,2.0548871519296545,-11.000385197850516,-1.362888610763448,-0.2221777221516903,-9.983794743429668,11.19169731861837,41.35656005576217,-0.4248786500354922
2554.01,0.0,11.35,41.02959877931957,41.03587305422453,41.39662739974784,41.65492459016409,-6.103798798798824,0.150367122618468,2.050978993649248,-10.992080361504652,-1.2862387987405024,0.3362993460887886,-10.305473480261789,11.182797314524272,41.27925595586401,-0.4085281824034088
2554.0200000000004,0.0,11.35,40.79427973770496,41.00564859016394,41.372879606557376,41.58476065573772,-6.073768768768741,0.1568425433650237,2.0516100102035346,-10.975912410719069,-1.11186243642485,0.563957374667557,-10.64938241705099,11.167110479669907,41.189392147541,-0.3215951576465811
2554.0300000000007,0.0,11.35,40.74671089682726,40.93354791906082,41.30549520859366,41.55410728953285,-6.0600000000000005,0.1659720208366877,2.0537581225498087,-10.957116427689172,-0.94258072849374,0.4580960991983432,-10.606982691810035,11.149164522401481,41.13496532850365,-0.2601558970519674
2554.0400000000004,0.0,11.35,40.86004589557809,40.8255589108171,41.20071379465422,41.55731488383712,-6.0600000000000005,0.1751014983083517,2.055906234896083,-10.938320444659276,-0.7824153965384731,-0.2445647119602472,-9.873322138982685,11.13122927315063,41.11090837122163,-0.2443351851596416
2554.05,0.0,11.35,40.82186278342887,40.72595510791391,41.148778972959576,41.56507188290743,-6.0600000000000005,0.1842309757800158,2.0580543472423565,-10.91952446162938,-0.6752134831461248,-0.5464943820228736,-9.26200000000073,11.113304783760876,41.06541718680245,-0.26945558452323326
2554.0600000000004,0.0,11.35,40.65304115107915,40.63358100719425,41.14240834532374,41.57675136690647,-6.0600000000000005,0.1933604532517057,2.0602024595886363,-10.90072847859943,-0.6402571785267885,-0.3018002496875199,-8.817555555554884,11.095391106379504,41.001445467625906,-0.3504223696904493
2554.0700000000006,0.0,11.35,40.56301691568662,40.615260636077466,41.16006450886197,41.6011958919993,-6.04921539230386,0.2024899307233698,2.0623505719349104,-10.881932495569531,-0.7189411764708151,-0.0842152690861842,-8.494740926157547,11.077488293459702,40.98488448815634,-0.44832561182684544
2554.0800000000004,0.0,11.342390760923966,40.54529288056987,40.664887934404376,41.1997663475235,41.63735292363748,-6.029225387306371,0.2116194081950338,2.064498684281184,-10.863136512539636,-0.9542352941174654,0.0960100125155054,-8.339546933667204,11.059596397762233,41.01182502153381,-0.5695693457913144
2554.0900000000006,0.0,11.322392760723949,40.52756884545306,40.71451523273143,41.23946818618514,41.67350995527576,-6.009235382308825,0.2207488856667238,2.0666467966274644,-10.844340529509688,-1.1491460674158145,0.1767640449437872,-8.421101123595749,11.04171547235755,41.03876555491135,-0.6310790264775631
2554.1000000000004,0.0,11.302394760523985,40.5567864446125,40.63161948523892,41.15326919000803,41.53013922785839,-6.016135966008507,0.2298783631383878,2.068794908973738,-10.82554454647979,-1.2889712858925635,0.1218327091136358,-8.825595505617773,11.023845570627936,40.96795358692946,-0.6111075044646934
2554.1100000000006,0.0,11.282396760324024,40.632385738077,40.41778148372505,40.94267115821407,41.209382225587575,-6.046128467883015,0.2390078406100519,2.070943021320012,-10.806748563449894,-1.4015769712139214,-0.1163028785976199,-9.211569461826825,11.005986746269208,40.80055515140092,-0.5657477387566143
2554.1200000000003,0.0,11.262398760124002,40.55640099500022,40.313785985,40.795027580000095,41.057574015,-6.07599305727749,0.2481373180817419,2.073091133666292,-10.787952580419944,-1.4766708385482792,-0.6069161451820898,-9.57202002503174,10.988139053292869,40.68069714375008,-0.4853998940436862
2554.130000000001,0.0,11.24240075992404,40.34133099500052,40.31057598500001,40.70514758000022,41.06078401499999,-6.105747582444803,0.2572667955534059,2.075239246012566,-10.769156597390047,-1.4312808988762786,-0.5815955056175399,-9.82435955056186,10.970302546028288,40.60445964375018,-0.43460126843169866
2554.1400000000003,0.0,11.222402759724078,40.27758778942212,40.38955156714548,40.78345134779353,41.10475177187397,-6.12,0.2663962730250699,2.07738735835884,-10.750360614360153,-1.221543071161155,0.1474931335826518,-9.929228464419422,10.952477279124425,40.638835619058774,-0.4241097336495838
2554.1500000000005,0.0,11.20240475952406,40.35269380940769,40.54393616378247,41.016071381915474,41.18611662685833,-6.12,0.2755257504967599,2.07953547070512,-10.7315646313302,-0.9821126408005634,0.4605331664576659,-10.229984981227425,10.934663307552036,40.774704495490994,-0.3307392287440051
2554.1600000000003,0.0,11.182406759324095,40.381140862423024,40.58703566735122,41.15123546201229,41.22924,-6.087848037990522,0.2846552279684239,2.081683583051394,-10.712768648300305,-0.7017622027530916,0.2002077596992993,-10.800698372966922,10.916860686605897,40.837162997946635,-0.12315145110077172
2554.1700000000005,0.0,11.162408759124132,40.35697248459962,40.50464347022599,41.17650240246403,41.22924,-6.027863034241507,0.293784705440088,2.0838316953976674,-10.693972665270408,-0.4681618381617815,-0.2817232767235383,-11.068726273726226,10.899069471906541,40.81683958932241,0.04597207740225945
2554.1800000000003,0.0,11.13674533479694,40.459362160000126,40.452413579999984,41.18076043999999,41.189025119999954,-5.98394302848572,0.3029141829117779,2.085979807743948,-10.675176682240458,-0.2983316683314241,-1.0659390609401886,-10.92387112887092,10.88128971940252,40.82039032500002,0.16262782398174672
2554.1900000000005,0.0,11.101818680770428,40.67764215999981,40.42780358000002,41.16578044000001,41.111985120000064,-5.9539580209894725,0.312043660383442,2.0881279200902214,-10.656380699210562,-0.2990340340340263,-1.3113963963964126,-10.825250250250251,10.863521485372651,40.84580282499998,0.17299035134133628
2554.2000000000003,0.0,11.066892026743917,40.67421783678478,40.40733194640685,41.15372171985385,41.082779546894,-5.891919040479743,0.3177298490982777,2.088927984296409,-10.640378358483622,-0.5342692692690019,-0.815900900901464,-10.790215215215255,10.848143804000355,40.82951276248487,0.03716814252985699
2554.2100000000005,0.0,11.031965372717307,40.46777691108394,40.39064985140072,41.1443380414129,41.097376380024365,-5.801964017990874,0.3000633051159108,2.0805854496380687,-10.643322782480682,-0.7904044943821934,0.027662921349106,-10.666494382022323,10.848925921601413,40.77503529598048,-0.15528769195380707
2554.2200000000003,0.0,10.997038718690796,40.32058907550081,40.308006271186514,40.9897083821265,41.04422727272733,-5.792001999500142,0.282396761133594,2.0722429149797525,-10.646267206477734,-1.0750486891384323,1.3460149812727402,-10.421800249688014,10.849743962928606,40.66563275038529,-0.42499554065099615
2554.2300000000005,0.0,10.962112064664284,40.24035281458671,40.15083112994383,40.67096159219377,40.91453030303057,-5.851987003249158,0.2647302171512772,2.0639003803214364,-10.649211630474788,-1.2610565848772686,1.6804456685037217,-10.21261892839274,10.850597919856925,40.49416895993872,-0.5538931958735005
2554.24,0.0,10.927185410637676,40.11929690000011,40.03664475000005,40.50925572500001,40.82185087500004,-5.91194805194816,0.2470636731689103,2.0555578456630963,-10.652156054471847,-1.3111316975464384,0.6589133700526582,-10.052378567851395,10.85148778390724,40.37176206250005,-0.48873732643716433
2554.2500000000005,0.0,10.892258756611165,39.960936900000334,39.96174475000016,40.49106572500004,40.76300087500013,-5.971888111888201,0.2293971291865935,2.04721531100478,-10.6551004784689,-1.3082771535578892,0.0171285892631485,-9.77177777777681,10.852413546246733,40.29418706250017,-0.46350934364662344
2554.26,0.0,10.857332102584651,39.90654552932574,39.97496199075171,40.44319440739864,40.756125529325736,-6.015930000000018,0.2117305852042768,2.038872776346464,-10.658044902465956,-1.2333707865167736,-0.1077153558053773,-9.327333333332858,10.853375197689346,40.27020686420046,-0.49263419828452465
2554.2700000000004,0.0,10.822405448558042,39.94716855195907,40.06870742759784,40.36819805792173,40.79674855195906,-6.045930000000061,0.1940640412219098,2.030530241688124,-10.660989326463016,-1.1162327909882903,-0.0682953692108395,-9.036277847308932,10.854372728696198,40.295205647359424,-0.50144392280705
2554.2800000000007,0.0,10.8,39.98010242548814,40.02800059609487,40.37101642343253,40.86004711202452,-6.0600000000000005,0.1763974972395931,2.022187707029808,-10.66393375046007,-0.9410137672088698,0.1970362953694258,-8.956177722152626,10.855406129376101,40.30979163926001,-0.48231431161288246
2554.2900000000004,0.0,10.8,40.00429564234323,39.83445486125416,40.46229083247673,40.949122137718255,-6.0600000000000005,0.1587309532572763,2.013845172371492,-10.66687817445712,-0.933053682896234,0.2611760299626857,-8.967101123595416,10.856475389486018,40.312540868448096,-0.4846575080828769
2554.3,0.0,10.8,39.98346468000014,39.78215487999982,40.54501779999983,40.99002438000001,-6.075840840840788,0.1410644092749596,2.005502637713175,-10.669822598454177,-1.1527790262168398,0.051438202247562,-9.101932584269424,10.857580498431592,40.325165434999946,-0.5162311027072966
2554.3100000000004,0.0,10.8,39.92140468000005,39.85919487999993,40.61991779999994,40.986814380000006,-6.10587087087087,0.1233978652925926,1.997160103054836,-10.672767022451236,-1.334675324675363,-0.0973376623376817,-9.371363636363771,10.858721445267642,40.34683293499998,-0.5210698850368454
2554.3200000000006,0.0,10.8,39.86405725947532,39.84933930029171,40.52219148688095,40.88377661807617,-6.12,0.1057313213102759,1.988817568396519,-10.675711446448288,-1.464545454545452,-0.162272727272726,-9.825909090909082,10.85989821869872,40.27984116618104,-0.4891403625711627
2554.3300000000004,0.0,10.8,39.81102518950451,39.7599126724978,40.266389737609984,40.68932569484986,-6.12,0.0880647773279591,1.9804750337382029,-10.678655870445342,-1.5945245245244375,-0.460040040039626,-10.389884884884408,10.861110807079676,40.13166332361554,-0.41647564297583634
2554.3400000000006,0.0,10.8,39.7116742857144,39.64462608427554,40.06549788283669,40.5851,-6.104174174174167,0.0703982333455922,1.972132499079863,-10.681600294442402,-1.724654654654794,-1.0806606606613254,-11.105600600601369,10.862359198416208,40.00172456320665,-0.28732607962753454
2554.3500000000004,0.0,10.8,39.55881714285747,39.499466783145216,39.92803642343297,40.5851,-6.074144144144128,0.0527316893632754,1.9637899644215464,-10.684544718439454,-1.6566808510637276,-0.7803103879845107,-11.460986232790946,10.863643380365462,39.89285508735891,-0.24194706947547767
2554.3600000000006,0.0,10.8,39.52066592889312,39.45947500250357,39.936162413619954,40.53680694041092,-6.0600000000000005,0.0350651453809586,1.9554474297632305,-10.687489142436508,-1.3162553191489406,0.7866483103879651,-11.32081101376721,10.864963340236654,39.86327757135689,-0.3117774424595894
2554.3700000000003,0.0,10.8,39.58924880320471,39.51734180270397,40.07975780670986,40.44357709564359,-6.0600000000000005,0.0173986013985917,1.9471048951048904,-10.690433566433567,-0.9867640449431344,1.645588014981045,-11.117338327090504,10.866319064991675,39.90748137706554,-0.3212367212069457
2554.380000000001,0.0,10.80164363745198,39.55547982997352,39.55101790138448,40.09546051493825,40.39892,-6.0600000000000005,-0.000267942583725,1.9387623604465745,-10.69337799043062,-0.672157303370449,1.5407191011234829,-10.827700374531524,10.867710541245732,39.90021956157406,-0.24851433330185704
2554.3900000000003,0.0,10.806631914999738,39.42761002186083,39.56245341267911,39.99358050522245,40.39892,-6.0600000000000005,-0.0179344865660417,1.9304198257882577,-10.696322414427677,-0.4878918377566347,0.8201452178266866,-10.358532799198771,10.869137755268017,39.845640984940594,-0.18270964746367263
2554.4000000000005,0.0,10.81162019254751,39.39296545361089,39.53858445129787,39.89048987920844,40.37348309432023,-6.04419395151207,-0.0356010305484087,1.922077291129918,-10.699266838424736,-0.4828843264897249,-0.7472058087160964,-9.642458688030665,10.870600692982364,39.79888071960936,-0.1264188559168486
2554.4100000000003,0.0,10.816608470095268,39.46666373168836,39.47368596761772,39.78599232074039,40.31848437933704,-6.014201449637604,-0.0264820000000058,1.921502,-10.678221000000011,-0.5392858926343356,-1.6902297128590136,-9.194004993757725,10.849759211944257,39.76120659984588,-0.11516893604774756
2554.4200000000005,0.0,10.821596747643026,39.46188722319447,39.4146874131469,39.79746179455094,40.27145708572871,-6.0,-0.0084820000000211,1.9235019999999976,-10.649221000000034,-0.6791111111110846,-1.785111111111093,-9.109111111111128,10.821545166711163,39.73637337915525,-0.16510661543838423
2554.4300000000003,0.0,10.826585025190798,39.38379674581366,39.36120078480388,39.91727184203931,40.23187698075487,-6.0,0.0095180000000146,1.9255020000000016,-10.620220999999978,-0.8190838548187868,-1.342007509384512,-8.946052565706626,10.793365676802049,39.72353658835293,-0.282864804527745
2554.4400000000005,0.0,10.831573302738557,39.2863661624516,39.2181427334635,39.844562679961605,40.15897978599243,-6.0,0.0275179999999993,1.927502,-10.591221000000004,-0.9592590738425226,-0.1605306633273096,-8.675714643303706,10.765221013577431,39.62701284046729,-0.4937052352784253
2554.4500000000003,0.0,10.836561580286316,39.17083114299639,38.99123611867759,39.591634664397496,40.05489418287963,-6.0,0.0455179999999839,1.929501999999998,-10.562221000000028,-1.1960218796620985,0.608552958727137,-8.477831924415648,10.737111450905665,39.45214902723777,-0.6831342662949612
2554.4600000000005,0.0,10.841549857834089,39.082633314462186,38.90432329387544,39.384173412249126,39.93331250128669,-6.015746063484185,0.0635180000000197,1.931502000000002,-10.533220999999967,-1.5639980109404747,0.817404276479729,-8.378378915962035,10.709037265187208,39.326110630468364,-0.8434761127676196
2554.4700000000003,0.0,10.846538135381849,39.02646244467325,38.98142056613476,39.22997886773048,39.7912332424088,-6.045738565358692,0.0815180000000044,1.9335020000000005,-10.504220999999994,-1.6637204625439148,0.5579386626442913,-8.600316742081635,10.68099873537905,39.25727378023682,-0.8163969341074218
2554.4800000000005,0.0,10.85,39.01211480721077,39.08683049073584,39.260945798697634,39.75373518277404,-6.0600000000000005,0.099517999999989,1.9355019999999987,-10.47522100000002,-1.382171945701589,-0.3671493212662068,-9.279049773755098,10.652996143018612,39.27840656985457,-0.5229348456351434
2554.49,0.0,10.85,39.0367617776665,39.21863820230344,39.464551206810185,39.813745197796685,-6.0600000000000005,0.1175180000000248,1.9375020000000027,-10.44622099999996,-1.0972241637540254,-0.8957663504742768,-9.699635546680064,10.625029772248554,39.3834240961442,-0.3086253614623336
2554.5000000000005,0.0,10.85,39.049662215205245,39.25586683507415,39.55460449356329,39.89987740587792,-6.0443654568209855,0.1355180000000095,1.939502000000001,-10.417220999999984,-0.8076585122314475,-0.8857813280079809,-9.769530703944136,10.59709990984178,39.440002737430156,-0.2018439435090257
2554.51,0.0,10.85,39.051741399077,39.20596642215219,39.54005020646106,40.01007415108057,-6.0143279098873705,0.1535179999999942,1.941502,-10.38822100000001,-0.6125938908362522,-0.5469103655482954,-9.95124687030547,10.569206845225862,39.4519580446927,-0.14407375109337078
2554.5200000000004,0.0,10.85,39.059969152542365,39.167948474576285,39.537805762711855,40.06225084745763,-5.952977022976891,0.1715180000000299,1.943502000000004,-10.359220999999952,-0.5474962443664241,0.2442764146234609,-10.28675012518843,10.541350870508392,39.45699355932203,-0.15370854581847987
2554.5300000000007,0.0,10.85,39.0753569286081,39.14376768361584,39.54989615819208,40.0468630713919,-5.86306693306683,0.1895180000000146,1.9455020000000016,-10.330220999999977,-0.6010234648030501,0.5602895656511324,-10.541387918122988,10.51353228050252,39.453970960451976,-0.166007700595809
2554.5400000000004,0.0,10.85,39.06906094881402,39.11497877652938,39.545303121098655,39.95189243445718,-5.804373906523352,0.2075179999999993,1.947502,-10.301221000000002,-0.8157014478284097,0.2307838242633713,-10.686170743884276,10.485751372751933,39.420308820224804,-0.18192636336862358
2554.55,0.0,10.85,39.04234434456936,39.081850187266,39.52499850187271,39.78197483146111,-5.774381404648843,0.2255179999999839,1.949501999999998,-10.272221000000028,-0.9252428642964436,-0.6303955933901395,-11.039844767150749,10.458008447556809,39.3577919662923,-0.07563942344011429
2554.5600000000004,0.0,10.85,39.01762700266539,38.99447901623465,39.49702900411924,39.69648250060577,-5.728816774837667,0.2435180000000197,1.951502000000002,-10.24322099999997,-0.8901902854280745,-2.222784176267472,-11.68080620931521,10.430303807999477,39.30140438090626,0.19871650452703926
2554.5700000000006,0.0,10.85,38.99481139811004,38.855511243033895,39.46176852435188,39.6912971359341,-5.668906640039977,0.2615180000000044,1.9535020000000003,-10.214220999999991,-0.927154268597183,-2.5451722416367257,-11.986495257114242,10.402637759970728,39.25084707535748,0.266088916046977
2554.5800000000004,0.0,10.8335457215393,38.93031028523799,38.75457791159313,39.42182455713106,39.682990585487936,-5.64,0.2795179999999891,1.9555019999999987,-10.185221000000018,-1.0619520718919848,-1.142276585124158,-11.836719920120018,10.375010612195506,39.19742583486253,0.05227617315071126
2554.5900000000006,0.0,10.778789387226889,38.81465390492087,38.70031936280238,39.37613314762306,39.67085380483737,-5.64,0.2975180000000249,1.9575020000000027,-10.15622099999996,-1.0156184276414522,0.2054732098147655,-11.292528793189748,10.347422676259447,39.14049005504592,-0.15466513790150466
2554.6000000000004,0.0,10.724033052914631,38.69899752460407,38.64606081401179,39.33044173811519,39.65871702418685,-5.64,0.3155180000000095,1.959502000000001,-10.127220999999986,-0.7201752628946108,1.4773810716062523,-10.2058988482734,10.31987426663565,39.083554275229474,-0.35215618995536957
2554.6100000000006,0.0,10.669276718602376,38.628607062451856,38.65801762528886,39.32325898226665,39.63666420971482,-5.64,0.3046041151028851,1.9633795844896105,-10.123004075101877,-0.6389288389510335,1.6616054931352937,-9.444489388265092,10.316145334583911,39.06163696993055,-0.4592590337236322
2554.6200000000003,0.0,10.614520384289964,38.6132074222565,38.750415466461,39.36285805705472,39.60256500642511,-5.64,0.2841036025900328,1.967879696992432,-10.127004175104386,-0.8486666666670508,0.368222222219853,-9.124888888888304,10.320342965300199,39.08226148804933,-0.4435703492540734
2554.630000000001,0.0,10.559764049977709,38.61757711412767,38.67465561588774,39.33505595776786,39.54597775766729,-5.655532233883057,0.2636030900772388,1.9723798094952405,-10.131004275106882,-0.944672008011921,-0.9161091637476712,-8.93366800200298,10.32458310655867,39.043316611362634,-0.3712005039595605
2554.6400000000003,0.0,10.505007715665451,38.641247300150766,38.43472600301721,39.241451131221964,39.46743577677245,-5.685517241379305,0.2431025775644447,1.9768799219980489,-10.135004375109377,-0.8845818728091737,-2.1880170255391582,-8.918645468202293,10.32886570600585,38.9462150527906,-0.2210369420885559
2554.6500000000005,0.0,10.450251381353038,38.56552533916863,38.37909507415502,39.07626784342349,39.38915061998548,-5.6844861215303375,0.2226020650515924,1.9813800345008696,-10.139004475111886,-1.0236542778757485,-2.0411399351410293,-8.799877775005623,10.333190710851259,38.85250971918315,-0.30098715393058045
2554.6600000000003,0.0,10.395495047040782,38.39694765864366,38.49564260636981,38.84421338196011,39.311105397520215,-5.65447861965493,0.2021015525387983,1.9858801470036784,-10.143004575114382,-1.4327338488404942,0.0292017959610371,-8.540461461710906,10.33755806787044,38.76197726112345,-0.6929055089308301
2554.6700000000005,0.0,10.340738712728529,38.31054948961269,38.483200671967694,38.65987663503503,39.205307145422346,-5.686551724137785,0.1816010400260043,1.9903802595064868,-10.14700467511688,139.68912408759823,122.72343065694032,127.210729927014,10.341967723408127,38.664733485509444,13.396006622786324
2554.6800000000003,0.0,10.3,38.32042894588354,38.31964078481688,38.53144370351392,39.06699475763038,-5.776506746626783,0.161100527513152,1.994880372009308,-10.151004775119386,134.26558010993557,118.50016574537536,121.59226519282971,10.346419623381298,38.559627047961186,12.864114779583705
2554.6900000000005,0.0,10.3,38.266623678276375,38.13444342270153,38.53604436983184,38.97360385868215,-5.897436281859097,0.1406000150003579,1.9993804845121164,-10.155004875121882,-1.842602499999908,1.0812149999971874,-9.577030000000594,10.350913713282281,38.47767883237297,-0.783066770292464
2554.7000000000003,0.0,10.3,38.151875494863695,37.92854014031616,38.66795116010996,38.92320045101489,-6.047361319340119,0.1200995024875639,2.0038805970149247,-10.15900497512438,-1.7776025000000004,-0.9087849999999844,-9.997029999999995,10.35544993818195,38.41789181157618,-0.4907488322313973
2554.7100000000005,0.0,10.3,38.0457368844948,37.8984762961177,38.74782098384375,38.93868245960937,-6.150906819885098,0.0995989899747115,2.008380709517746,-10.163005075126886,-1.674585732164915,-1.811003754692256,-10.311744680851383,10.360028242732827,38.40767915601641,-0.3147092948240554
2554.7200000000003,0.0,10.3,37.947690103689496,38.03367764649132,38.77878312515068,39.01608781287671,-6.210861853609747,0.0790984774619175,2.0128808220205547,-10.167005175129384,-1.51939173967435,-1.2202653316636547,-10.481957446808778,10.364648571172234,38.444059672052056,-0.29825944846880204
2554.7300000000005,0.0,10.3,37.94626212919874,38.15555855297138,38.74424435142141,39.02261798449628,-6.22458385403654,0.0585979649491235,2.017380934523363,-10.17100527513188,-1.2139760239756927,-0.3039360639351804,-10.724015984016203,10.369310867325517,38.467170754521945,-0.2543452608555302
2554.74,0.0,10.3,38.066809932816525,38.26062315245477,38.62701437726099,38.93967224806202,-6.194591352161947,0.0380974524362711,2.0218810470261843,-10.175005375134386,-0.7044855144846204,1.054705294707679,-11.06367632367692,10.374015074609227,38.47352992764858,-0.1731210247407788
2554.7500000000005,0.0,10.3,38.170313911735136,38.24113996990985,38.5616022868606,38.91673603811432,-6.149189999999998,0.0175969399234771,2.0263811595289924,-10.179005475136885,-0.3339449311638435,1.3435294117639789,-11.183944931163843,10.37876113603427,38.47244805165498,-0.06051787939031428
2554.76,0.0,10.3,38.25724470411223,38.100548194583936,38.546577211634926,38.95215228686054,-6.089189999999999,-0.0029035725893168,2.030881272031801,-10.18300557513938,-0.1537196495618974,0.1670588235290526,-11.003719649561898,10.383548994209205,38.46413059929791,0.09506396154858716
2554.7700000000004,0.0,10.3,38.21630262582045,38.05450083150988,38.53178638949671,38.8354088402624,-6.0600000000000005,-0.0234040851021692,2.0353813845346225,-10.187005675141888,-0.2111086142331575,-0.7707415730352418,-10.68801498127216,10.388378591343434,38.40949967177236,0.1255291911612899
2554.7800000000007,0.0,10.30263262467712,38.0539685630927,38.09820615609043,38.517217947969854,38.57421749574531,-6.0600000000000005,-0.0439045976149632,2.0398814970374306,-10.191005775144385,-0.5906342072414765,-1.3849737827723896,-10.188639200998058,10.393249869250408,38.31090254072458,-0.013627746052378244
2554.7900000000004,0.0,10.312567057421,37.91514107179501,38.03779544615409,38.47874025128214,38.45179819999994,-6.044639999999993,-0.0644051101277573,2.044381609540239,-10.19500587514688,-0.8754918648310416,-1.4336670838548056,-9.764790988735914,10.398162769350954,38.2208687423078,-0.16836987302612574
2554.8,0.0,10.322501490164882,37.80430004615405,37.85342621538496,38.41179666153859,38.49459819999992,-6.014640000000036,-0.0849056226405514,2.048881722043048,-10.199005975149378,-1.0306858573213855,-0.7077596996257778,-9.444390488110688,10.4031172326765,38.14103028076938,-0.3444585395290155
2554.8100000000004,0.0,10.332435922908791,37.75713649863422,37.769976498634215,38.402446138564684,38.488803933449226,-6.015356160959778,-0.0786618890195289,2.0439974706573976,-10.188995362871896,-1.1390834165834165,-0.1288511488511526,-9.293926073926071,10.392292329292077,38.10459076732059,-0.4638286718395613
2554.8200000000006,0.0,10.34237035565267,37.77201606158428,37.784856061584286,38.44921047926489,38.43566263719899,-6.045348662834285,-0.0635745823256602,2.0360100729959374,-10.174351800492554,-1.1840384615384467,0.2507692307691062,-9.373846153846127,10.376262010234942,38.11043630990811,-0.5063047725171788
2554.8300000000004,0.0,10.352304788396552,37.75538942237399,37.8052566902266,38.4199504362664,38.35112202778483,-6.04466266866571,-0.0484872756317914,2.0280226753344777,-10.159708238113213,-1.0809762202755409,0.4784605757196367,-9.354430538172815,10.360255714563927,38.08292964416295,-0.4983089443180303
2554.8400000000006,0.0,10.36223922114046,37.70636188155008,37.831335169388254,38.31250710212039,38.23429044114062,-6.01467766116942,-0.0333999689378798,2.020035277672996,-10.145064675733826,-0.7755944931158197,0.4984856070087987,-9.19923654568181,10.344273553797326,38.02112364854984,-0.42132485830471356
2554.8500000000004,0.0,10.372173653884342,37.69796870909557,37.83518842051019,38.17751894357136,38.227466797217126,-6.015292061907105,-0.018312662244011,2.012047880011535,-10.130421113354483,-0.5745381927108797,0.5227309036445602,-8.906305541687038,10.328315639975168,37.98453571759856,-0.40065907931835754
2554.8600000000006,0.0,10.382108086628223,37.740978242720864,37.81092663231131,38.00768642617914,38.35980382375652,-6.045247129305992,-0.0032253555501423,2.0040604823500754,-10.11577755097514,-0.51462805791319,0.5526859710434051,-8.42702446330552,10.312382085660337,37.979848781241955,-0.4561886568970618
2554.8700000000003,0.0,10.392042519372133,37.69650339000005,37.69106993000008,37.98297983999995,38.45157135999998,-6.075232616308164,0.0118619511437693,1.9960730846885928,-10.101133988595754,-0.5792941176472043,0.4580300375467697,-8.190140175219083,10.296473003940113,37.95553113000002,-0.5039118736671596
2554.880000000001,0.0,10.4,37.56489339000024,37.47599993000039,38.10281983999978,38.50293135999991,-6.105247623811878,0.026949257837638,1.9880856870271328,-10.086490426216413,-0.8145882352941896,0.1926983729661268,-8.285259073842331,10.280588508427691,37.911661130000084,-0.5409429659170724
2554.8900000000003,0.0,10.4,37.488805818358486,37.31452625546413,38.187614035939625,38.46295065565847,-6.12,0.0420365645315068,1.980098289365673,-10.071846863837068,-1.132307116104721,0.0823970037452839,-8.450232209737738,10.264728713263253,37.863474191355174,-0.611202887802564
2554.9000000000005,0.0,10.4,37.46801902865471,37.20643494900447,38.237502331228704,38.33199388052465,-6.12,0.0571238712254184,1.97211089170419,-10.057203301457683,-1.5617702871416708,0.1822721598003885,-8.70990761548101,10.248893733115462,37.810987547353136,-0.7265115528103296
2554.9100000000003,0.0,10.4,37.49193002314207,37.24535348932852,38.16464719465195,38.23848957572648,-6.12,0.0722111779192872,1.96412349404273,-10.04255973907834,-1.7360390585878205,0.0455883825736988,-9.381952929394526,10.233083683182912,37.785105070712255,-0.6691151457586767
2554.9200000000005,0.0,10.4,37.57226944201578,37.46986364618108,37.93683541784566,38.19226689637448,-6.12,0.087298484613156,1.9561360963812704,-10.027916176698996,-1.5607761642464737,-0.4151026539806981,-10.618808212317743,10.217298679195148,37.792808850604246,-0.3751700855083331
2554.9300000000003,0.0,10.4,37.57853709709709,37.59493573073073,37.783461376376366,38.11255706706706,-6.135221194701342,0.1023857913070676,1.948148698719788,-10.013272614319613,-1.3072291562650613,-0.6502945581626509,-11.59310534198795,10.201538837414104,37.767372817817815,-0.11811908771082147
2554.9400000000005,0.0,10.4,37.50998854854862,37.61957036536534,37.705273188188265,37.99902353353365,-6.165213696575849,0.1174730980009364,1.940161301058328,-9.998629051940268,-0.9477683474784132,-0.5803994008985803,-12.21217673489829,10.185804274635471,37.708463908908975,0.08901641382535841
2554.9500000000003,0.0,10.4,37.43620542274068,37.51399567055439,37.66614,37.99154322157416,-6.18,0.1325604046948051,1.932173903396868,-9.983985489560926,-0.6850575863795236,-0.4449073610414831,-12.31430645968932,10.17009510818969,37.65197107871731,0.17860708983528717
2554.9600000000005,0.0,10.4,37.35717724003885,37.27795096695815,37.66614,38.09032844995143,-6.18,0.1476477113887168,1.9241865057353853,-9.96934192718154,-0.5548622934398675,-0.2195693540305398,-11.70839759639323,10.154411455943286,37.597899164237106,0.10720035078822696
2554.9700000000003,0.0,10.4,37.29164990995631,37.18014968870587,37.777465695909214,38.11147031129413,-6.164846365226085,0.1627350180825856,1.916199108073925,-9.954698364802198,-0.6139393939397468,-0.3218181818187925,-11.983333333334976,10.138753436300204,37.59018390146638,0.1396016995912676
2554.9800000000005,0.0,10.4,37.24320123488564,37.2572271263183,38.029619027527,38.0343928736817,-6.134868848363761,0.1778223247764543,1.9082117104124647,-9.940054802422852,-0.8418675721560634,-0.2496774193552193,-11.164227504246323,10.123121168202708,37.64111006560316,-0.06840489960287749
2554.99,0.0,10.4,37.15931880239532,37.227850059880375,37.99878826347335,38.03452113772448,-6.104879999999962,0.1929096314703659,1.9002243127509828,-9.92541124004347,-0.9146419629443596,0.17792188282457,-9.73181271907844,10.107514771132676,37.605119565868385,-0.35408700849471697
2555.0000000000005,0.0,10.4,37.039718003992206,37.09116343313395,37.68270043912226,38.11247522954079,-6.074879999999962,0.2079969381642347,1.8922369150895229,-9.910767677664126,-0.8545518277415265,0.5284476715077622,-9.54653480220304,10.091934365112824,37.4815142764473,-0.3983962078549541
2555.01,0.0,10.4,36.96659074427487,37.01493881679393,37.56361398854942,38.00363515267248,-6.075116220944769,0.2230842448581035,1.884249517428063,-9.896124115284785,-0.94139917695508,0.8390534979426989,-9.31448559670746,10.076380070707579,37.38719467557267,-0.4949771940540871
2555.0200000000004,0.0,10.4,36.94106593511452,37.00064492366413,37.64631437022896,37.70346339694674,-6.10510872281932,0.2381715515520151,1.8762621197665803,-9.881480552905398,-1.2270442992019928,1.0956499636899255,-9.01915758896065,10.060852009024247,37.32287215648859,-0.6622788330352375
2555.0300000000007,0.0,10.4,36.894329097606,36.97545823730604,37.54865675874822,37.45643294922412,-6.135104999999991,0.2487355480755139,1.8702528903848967,-9.86822976730572,-156.9724204250801,0.8288601705848481,-8.614430085292424,10.04697337446498,37.2187192607211,-52.99815810809031
2555.0400000000004,0.0,10.4,36.81550773480679,36.933795516969305,37.178196353591886,37.2897820678772,-6.165104999999991,0.2428816039806856,1.871423679203863,-9.86003424557296,-160.237835662895,-0.3704161281983169,-8.014791935900842,10.038998624589441,37.05432041831129,-54.06079228760434
2555.05,0.0,10.4,36.79825206198439,36.81334010497428,37.06761125718531,37.28320783304134,-6.195093679740171,0.2370276598858572,1.8725944680228288,-9.8518387238402,-1.246978776529274,-1.183096129837237,-7.682734082396956,10.031027783521386,36.99060281429633,-0.6342734439717481
2555.0600000000004,0.0,10.4,36.84318082979253,36.613300114971366,37.2195132816795,37.43831905523611,-6.225071196602581,0.2311737157910123,1.8737652568417973,-9.84364320210742,-1.286928838951316,-1.4727340823970407,-7.712696629213487,10.023060860586234,37.028578320419875,-0.6130373658817629
2555.0700000000006,0.0,10.4,36.82227344046761,36.62973336255144,37.37723583150697,37.54120089116137,-6.24,0.225319771696184,1.874936045660764,-9.835447680374658,-1.2634668335419983,-1.2783103879855324,-8.258785982477292,10.015097865134543,37.09261088142185,-0.5427308238384866
2555.0800000000004,0.0,10.392626636027677,36.7347350913077,36.86525320671976,37.54084917457966,37.59122280496703,-6.24,0.2194658276013557,1.876106834479729,-9.8272521586419,-1.1533291614519203,-0.4222403003762884,-9.510350438046364,10.007138806541967,37.183015069393534,-0.4053516357996599
2555.0900000000006,0.0,10.35266260365673,36.69044687323005,36.97450183908047,37.57972613693156,37.59692563384975,-6.24,0.2136118835065107,1.8772776232986976,-9.819056636909115,-1.2036778115503646,4.704954407303502,-2.778936170198832,9.999183694209352,37.21040012077296,-1.9741271070135307
2555.1000000000004,0.0,10.3126985712859,36.70042854905879,36.925306436781696,37.46208495752145,37.54701725470607,-6.24,0.2077579394116824,1.878448412117664,-9.810861115176357,-1.136398305084829,4.924618644069772,-3.647605932199631,9.991232537562892,37.15870929951701,-1.8429115067946094
2555.1100000000006,0.0,10.272734538915069,36.710410224887525,36.876111034482925,37.34444377811134,37.49710887556238,-6.24,0.2019039953168541,1.8796192009366293,-9.802665593443596,-0.8940069947540986,0.5873694728961764,-10.989015738196722,9.983285346054046,37.10701847826104,-0.1994698324510471
2555.1200000000003,0.0,10.23277050654412,36.74461361723951,36.78314240123164,37.30597767060021,37.4828488353001,-6.24,0.1960500512220092,1.8807899897555984,-9.794470071710814,-0.7141418935796386,-0.3419335498385336,-10.584319260554189,9.975342129159674,37.079145631092864,-0.10368149365123891
2555.130000000001,0.0,10.192806474173288,36.809395556695605,36.63491253976428,37.36746561313482,37.5135928065674,-6.24,0.1901961071271809,1.881960778574564,-9.786274549978057,-0.7216487365524762,-0.5471603702775238,-10.497460595446666,9.967402896382163,37.08134162904052,-0.09800728168279012
2555.1400000000003,0.0,10.152842441802456,36.75361832000053,36.596685699999774,37.30579824000055,37.41734788000066,-6.195078690981949,0.1843421630323526,1.8831315673935296,-9.778079028245294,-0.9868476357267318,0.2434325744306343,-10.847723292469269,9.959467657249352,37.01836253500038,-0.21626675008276544
2555.1500000000005,0.0,10.112878409431511,36.57385832000027,36.67158569999988,37.11747824000028,37.19050788000034,-6.105146140394719,0.1784882189375077,1.8843023562124983,-9.769883506512512,-1.08500625782207,0.7021151439299205,-10.762340425530828,9.951536421314684,36.888357535000196,-0.3098475583231843
2555.1600000000003,0.0,10.07291437706068,36.48426017518248,36.64641281751855,36.987089362530575,37.08525444282234,-6.0600000000000005,0.1726342748426794,1.8854731450314643,-9.761687984779751,-0.954843554443072,0.7071214017521895,-10.08148936170222,9.94360919815731,36.800754199513484,-0.36969599675923975
2555.1700000000005,0.0,10.032950344689848,36.48738426277372,36.518325226277696,36.91627671046247,37.1050403309002,-6.0600000000000005,0.1667803307478511,1.88664393385043,-9.753492463046992,-0.8842299079372832,0.3800671808919145,-9.512343866634108,9.935685997382036,36.75675663260352,-0.3981079600934108
2555.1800000000003,0.0,9.998247978436655,36.45157978422812,36.38855505265864,36.84325365527872,37.03815032108916,-6.074913814639026,0.1609263866530061,1.8878147226693989,-9.745296941314209,-0.8941826324956513,-0.3962453346608048,-9.094329435182644,9.927766828619445,36.68038470331366,-0.38398822181891423
2555.1900000000005,0.0,9.988264949585709,36.36582586694074,36.2566259491396,36.76739442075527,36.86004603133846,-6.10489133150135,0.1550724425581778,1.8889855114883645,-9.73710141958145,-0.8081306532662933,-0.7748341708542399,-8.689228643216014,9.919851701526037,36.56247306704352,-0.37703062984075153
2555.2000000000003,0.0,9.978281920734764,36.30171483129224,36.26472561859509,36.77982003499108,36.83152127967987,-6.1497451274362005,0.1502620087336212,1.89,-9.728362445414868,-0.5870251256280644,-0.5939296482411436,-8.302293969849114,9.911393168501945,36.544445441139565,-0.38014830744184736
2555.2100000000005,0.0,9.96829889188379,36.259995261184685,36.41769737565614,36.88358409397655,36.9577497225694,-6.209715142428865,0.1522246209705125,1.89,-9.716096118934296,-0.5237453183524816,-0.2690162297113972,-8.046002496878677,9.899383623620194,36.62975661334669,-0.4314701796614214
2555.2200000000003,0.0,9.958315863032846,36.26691624847741,36.4653560243606,36.86780114007321,37.05476363459189,-6.269707426856771,0.1541872332073982,1.89,-9.703829792453762,-0.6735580524347127,0.2503345817736707,-7.96610237203482,9.887375098771027,36.66370926187578,-0.5478762112415934
2555.2300000000005,0.0,9.9483328341819,36.32426095006073,36.40384079902576,36.72808859439748,37.12149201461613,-6.329722430607671,0.156149845444284,1.89,-9.691563465973225,-0.791637995512371,0.3897008227373205,-8.219506357517112,9.875367597675503,36.644420589525026,-0.5636717793924582
2555.24,0.0,9.938349805330928,36.3165080276995,36.31394485765594,36.64193841497821,37.146926273403466,-6.36,0.1581124576811753,1.89,-9.679297139492654,-0.8664323111444773,0.0107429568679822,-8.927559212167717,9.863361124072496,36.60482939343428,-0.44222801563173464
2555.2500000000005,0.0,9.928366776479985,36.22539748653508,36.18770736086186,36.62437493716339,37.1194833393178,-6.36,0.160075069918061,1.89,-9.66703081301212,-0.9560516420155662,-0.1765078967159518,-9.685387315116747,9.85135568171889,36.539240780969536,-0.3381642575132709
2555.26,0.0,9.918383747629036,36.23421931103327,36.10595927109341,36.70108119820242,37.108072231652514,-6.36,0.1620376821549468,1.89,-9.654764486531583,-1.066354976184392,-0.0962872900477149,-10.51266232138294,9.839351274389466,36.5373330029954,-0.25834924978135765
2555.2700000000004,0.0,9.908400718778063,36.34746943584616,36.07070215676488,36.87629837244123,37.11341421867199,-6.36,0.1640002943918381,1.89,-9.642498160051012,-1.1511764705882823,-0.0203529411764049,-11.055647058823675,9.827347905877138,36.601971045931066,-0.21255533925390796
2555.2800000000007,0.0,9.9,36.30612061538492,36.09677217582404,36.890166593406825,37.07349169230783,-6.315472263868024,0.1659629066287238,1.89,-9.630231833570477,-1.201239048811045,0.0497346683354629,-11.21084105131424,9.815345579993139,36.59163776923091,-0.21316845730120124
2555.2900000000004,0.0,9.9,36.10126591453017,36.18770257875447,36.73339003663023,36.98569682051293,-6.22551724137941,0.1679255188656096,1.89,-9.61796550708994,-1.3041473736619666,0.0624595469255552,-11.079676375404444,9.80334430056693,36.50201383760695,-0.2689005657966057
2555.3,0.0,9.9,36.03193300358769,36.15795553049756,36.61265342901091,36.91235105074332,-6.18,0.1698881311024953,1.89,-9.605699180609404,-1.4784067712222235,-0.0022653721682544,-10.561877022653965,9.791344071446456,36.42872325345987,-0.3990530268475511
2555.3100000000004,0.0,9.9,36.1361359764222,35.97368079959022,36.53806603792937,36.85750738083042,-6.18,0.1718507433393866,1.89,-9.593432854128832,-1.4525920360627,-0.0838617580767753,-10.366521412472167,9.779344896498168,36.376347548693055,-0.41146409310741666
2555.3200000000006,0.0,9.9,36.09401474496201,35.835630644439185,36.4100254939045,36.80499952724573,-6.165221084186856,0.1738133555762724,1.89,-9.581166527648298,-1.147057350363207,-0.1890458302028303,-10.621968444778302,9.767346779607287,36.28616760263786,-0.25926308943201876
2555.3300000000004,0.0,9.9,35.89806550385742,35.746175556108824,36.22579060960507,36.75494727544184,-6.1352435673245305,0.1757759678131581,1.89,-9.568900201167764,-0.8394491737611208,-0.0310115172767188,-10.449939909865972,9.755349724677693,36.15624473625329,-0.19842974082887938
2555.3400000000006,0.0,9.9,35.79578,35.745341910331206,36.22583031189046,36.713366530214486,-6.134741314671367,0.1777385800500495,1.89,-9.556633874687192,-0.52898347521271,0.4897696544819057,-9.688798197295675,9.743353735632148,36.120079688109044,-0.26351210236771544
2555.3500000000004,0.0,9.9,35.79578,35.84128732943441,36.42710711500914,36.681037095516665,-6.1647338165458745,0.1797011922869352,1.89,-9.544367548206656,-0.3690384615384468,0.6228846153847448,-9.101923076923192,9.73135881641252,36.186302884990056,-0.3124580702172189
2555.3600000000006,0.0,9.9,35.81401279999984,35.88887987692315,36.479993969231344,36.63910461538483,-6.224178955261148,0.181663804523821,1.89,-9.53210122172612,-0.4139935064934774,0.2282792207794757,-8.752272727272954,9.71936497097967,36.20549781538479,-0.3394379673186686
2555.3700000000003,0.0,9.9,35.85681279999993,35.87132090256413,36.3329375589746,36.58423282051292,-6.314156460884926,0.1836264167607123,1.89,-9.519834895245548,-0.4716362271705139,-0.1476357267957314,-8.621708781586499,9.707372203313685,36.1613260205129,-0.3394658985863135
2555.380000000001,0.0,9.89580942878525,35.84038597741551,35.850361545796794,36.3131385595982,36.50793494604792,-6.36,0.185589028997598,1.89,-9.507568568765013,-0.5466925193896428,-0.4978984238183331,-8.791836377283191,9.695380517414089,36.12795525721461,-0.30250281624825426
2555.3900000000003,0.0,9.870865552506896,35.75875987954858,35.82565891091602,36.43342965119157,36.40805037892129,-6.36,0.1875516412344838,1.89,-9.495302242284478,-0.7636470588236667,-0.5178823529410326,-9.076352941176618,9.683389917299746,36.106474705144365,-0.3302240799547973
2555.4000000000005,0.0,9.845921676228476,35.712593455953545,35.749796931268314,36.36684977250759,36.359464908034845,-6.374663005491783,0.1895142534713751,1.89,-9.483035915803908,-1.1741602002509044,-0.0873441802246614,-9.516903629537556,9.671400407009095,36.04717626694107,-0.44617907337224183
2555.4100000000003,0.0,9.820977799950125,35.70430691190708,35.619283862536534,36.100644545014994,36.365679816069694,-6.404618072890671,0.1911288064403242,1.8892474623731168,-9.47435596779838,-1.4588470177189807,-0.1288345395557128,-9.927159970052372,9.662774301373872,35.947478783882076,-0.47538056899287295
2555.4200000000005,0.0,9.79603392367177,35.67881954265173,35.52168130010291,35.99149212744061,36.38215539568337,-6.405390390390408,0.1926288814440729,1.888247412370618,-9.466855592779636,-1.5736461192910842,-0.8076466184168454,-10.2965136011974,9.655254475715997,35.89353709146965,-0.3874495511376181
2555.4300000000003,0.0,9.771090047393349,35.62933341726625,35.46999579136697,36.10146129496389,36.41294676258989,-6.375360360360325,0.1941289564478259,1.887247362368116,-9.459355217760873,-1.6104082143751086,-0.9907438016525526,-10.52268219383924,9.647734956676452,35.90343431654675,-0.3465278308763122
2555.4400000000005,0.0,9.746146171114995,35.58088143646418,35.47967534404807,36.14539000502266,36.37398037669536,-6.345355983012737,0.1956290314515746,1.886247312365617,-9.451854842742128,-1.5402854996243054,-0.4948760330575875,-10.552734785875298,9.640215744972776,35.894981790557566,-0.3699932528175394
2555.4500000000003,0.0,9.721202294836642,35.53358861878462,35.55813842792551,36.11529457559021,36.25682316926191,-6.315378466150412,0.1971291064553234,1.8852472623631176,-9.444354467723384,-1.378883895131094,0.0237328339575378,-10.504129837702877,9.632696841324663,35.86596119789056,-0.3770740497603195
2555.4600000000005,0.0,9.69625841855822,35.48952436071949,35.52591632474478,36.10665843461352,36.14547129314536,-6.285393651587068,0.1986291814590763,1.884247212360616,-9.43685409270462,-1.0942397003740458,0.5730461922606134,-10.349323345817464,9.625178246454025,35.81689260330579,-0.3620327149484373
2555.4700000000003,0.0,9.671314542279866,35.44895070977159,35.374025221196206,36.12122333495379,36.04039594069052,-6.255401149712561,0.2001292564628251,1.8832471623581168,-9.429353717685874,-0.843328335832002,0.6067316341826403,-10.158530734632588,9.61765996108506,35.74614880165303,-0.3101487570115659
2555.4800000000005,0.0,9.65,35.41107057761744,35.33506967508989,36.04081386281654,35.99571162454862,-6.225408647838053,0.2016293314665738,1.8822471123556173,-9.42185334266713,-0.6384307846079378,-0.0629335332325939,-9.91865067466295,9.610141985944146,35.695666435018126,-0.20800902237717672
2555.49,0.0,9.65,35.376857065497695,35.44985048994321,35.83111814337298,36.0332361217122,-6.19541614596346,0.2031294064703268,1.881247062353116,-9.414352967648366,-0.4503177383036368,-0.3570903177381824,-9.58362271703752,9.602624321759901,35.672765455131525,-0.16495213440629614
2555.5000000000005,0.0,9.65,35.34733508098682,35.44391131323211,35.777793974582515,36.0758331024171,-6.16543820224717,0.2046294814740755,1.8802470123506163,-9.406852592629622,-0.2851938954215531,-0.1369251938954042,-9.118273705278922,9.595106969263263,35.661218367804636,-0.20281914542047016
2555.51,0.0,9.65,35.322804804385775,35.30952805880902,35.89084655370034,36.12382712185392,-6.135475655430724,0.2061295564778242,1.8792469623481167,-9.39935221761088,-0.3553717146431768,0.27622027534396,-8.932685857321589,9.587589929187365,35.66175163468726,-0.29743322039601194
2555.5200000000004,0.0,9.65,35.3020453365735,35.229436670716865,35.95135149939247,36.079276695018095,-6.12,0.2076296314815772,1.878246912345616,-9.391851842592114,-0.7458598247818367,0.9520650813531788,-9.127929912390918,9.580073202267606,35.64052755042523,-0.4692956598909431
2555.5300000000007,0.0,9.65,35.285403781287975,35.20863472660997,35.9544717910085,35.9336630862698,-6.12,0.2091297064853259,1.877246862343116,-9.38435146757337,-1.0890419161681546,0.7851796407162798,-9.129461077843857,9.572556789241743,35.595543346294065,-0.5669578984122247
2555.5400000000004,0.0,9.65,35.20049983479638,35.161737330924254,35.84199604543155,35.85299655136808,-6.12,0.2106297814890746,1.876246812340617,-9.376851092554627,-1.368483033932448,-0.5172155688637312,-8.86998003991987,9.565040690849745,35.51430744063007,-0.5646414623836427
2555.55,0.0,9.65,35.02152203407387,35.07887723799716,35.570214940630684,35.8618349612803,-6.12,0.2121298564928233,1.875246762338118,-9.369350717535884,-1.5596066148834984,-1.1283112002004,-8.948393886244132,9.557524907833903,35.3831122934955,-0.5534135438223112
2555.5600000000004,0.0,9.65,34.98630500747366,35.01442729446942,35.39529877927265,35.83185877927265,-6.12,0.2136299314965763,1.874246712335616,-9.36185034251712,-1.62976447005774,-0.7925557504379577,-9.48961162615971,9.550009440938789,35.3069724651221,-0.5299798506070901
2555.5700000000006,0.0,9.65,35.10466076233153,34.96964403587455,35.32385881913322,35.76041881913322,-6.12,0.215130006500325,1.8732466623331168,-9.354349967498376,-1.4549400898649203,-0.2082076884667861,-10.117266600100267,9.542494290911357,35.289645609118125,-0.43704455856736396
2555.5800000000004,0.0,9.6489124456223,35.1527632273721,35.02637132734716,35.399788604706785,35.70124507158472,-6.148882779305054,0.2166300815040737,1.8722466123306176,-9.34684959247963,-0.9506964553169832,0.7104143784324263,-10.861150773839302,9.53497945850082,35.32004205775269,-0.2506528376278314
2555.5900000000006,0.0,9.63391169558477,35.123682907061415,35.19462175200178,35.63762408153338,35.65554742538223,-6.20886778305424,0.2181301565078267,1.871246562328116,-9.339349217460866,-0.5860723192015913,1.0266658354103062,-11.332244389027665,9.52746494445872,35.4028690414947,-0.08979516715439675
2555.6000000000004,0.0,9.61891094554728,35.11856986666662,35.27804266666672,35.76583712000004,35.6650630933332,-6.220763206132336,0.2196302315115754,1.8702465123256165,-9.331848842442122,-0.4115087281792859,0.5229251870316538,-11.43199501246898,9.519950749539008,35.45687818666664,0.03630363650894111
2555.6100000000006,0.0,9.603910195509794,35.147103199999925,35.242376000000085,35.74015712000006,35.752089759999784,-6.180769871688098,0.2173627500000033,1.8628417500000087,-9.325855750000006,-0.3162900801603226,-0.0153131262525826,-11.288717434869676,9.5125712307682,35.47043151999996,0.10256447811467896
2555.6200000000003,0.0,9.588909445472265,35.17563653333332,35.20670933333335,35.71447712000002,35.839116426666614,-6.140776537243746,0.2138627499999963,1.8533417499999905,-9.320355749999994,-0.3313201402805726,-0.6014854709423321,-10.807755511021677,9.505242986093966,35.483984853333325,0.08568129358812626
2555.630000000001,0.0,9.573908695434778,35.155897846791014,35.082663768116284,35.62851884057995,35.85169469979309,-6.12,0.2103627499999993,1.8438417499999984,-9.31485575,-0.3246456692913548,-0.3411811023628391,-11.021338582676645,9.497923063961862,35.42969378882008,0.09317869043328349
2555.6400000000003,0.0,9.55890794539729,35.068392670807626,34.83454782608744,35.457939130435115,35.75975888198776,-6.12,0.2068627500000023,1.8343417500000063,-9.309355750000003,-0.4628156996585063,0.9482337883949796,-10.552730375427828,9.490611483628902,35.28015962732948,-0.1582181033856935
2555.6500000000005,0.0,9.54390719535976,34.924375510812816,34.65502807854834,35.30092082525478,35.663402674620926,-6.12,0.2033627499999953,1.824841749999988,-9.303855749999991,-0.8160219890062912,1.591149425287168,-9.348400799599036,9.483308264389516,35.13593177230922,-0.5259460459658921
2555.6600000000003,0.0,9.528906445322272,34.72011003728583,34.54863981108637,35.15836054685573,35.56233382053205,-6.12,0.1998627499999983,1.8153417499999955,-9.298355749999995,-1.3007796101956193,1.4762068965515542,-8.638755622187857,9.476013425575577,34.99736105394,-0.7841818131961215
2555.6700000000005,0.0,9.513905695284786,34.64923636761471,34.47875282275717,35.01481579868741,35.41559986870941,-6.148709999999975,0.1963627500000013,1.805841750000004,-9.292855750000005,-1.6011576846307642,0.7752694610770714,-8.263852295409224,9.468726986556259,34.88960121444218,-0.8689060361181398
2555.6800000000003,0.0,9.5,34.7272815900802,34.44961593970339,34.870171986384705,35.217885305130174,-6.20871000000006,0.1928627499999943,1.7963417499999847,-9.28735574999999,-1.651057884231602,-0.7217365269480613,-8.343692614770564,9.461448966738047,34.816238705324615,-0.7179164629997241
2555.6900000000005,0.0,9.5,34.78573869801081,34.46203702402471,34.84871362955288,35.17049311805713,-6.268688483637261,0.1893627499999973,1.786841749999993,-9.281855749999997,-1.6290909090909655,-0.062727272728964,-8.308545454545545,9.45417938556481,34.816745617411385,-0.7843848183513908
2555.7000000000003,0.0,9.5,34.816697106690725,34.53279910100737,35.000188700593895,35.33413042107954,-6.32864351736191,0.1858627500000003,1.777341750000001,-9.27635575,-1.2090777113585889,-0.2007173356072251,-8.910871050382866,9.446918262517608,34.92095383234288,-0.5378322558797273
2555.7100000000005,0.0,9.5,34.768353336648424,34.59972804077574,35.0502459273993,35.46209110890105,-6.36,0.1823627499999933,1.767841749999982,-9.27085574999999,-0.7544806007506561,-0.8005607008732568,-9.718585732165646,9.439665617114752,34.970104603431125,-0.20055724465042543
2555.7200000000003,0.0,9.5,34.63427079065164,34.66251272501233,34.99065368473406,35.551479472898905,-6.36,0.1788627499999963,1.75834174999999,-9.265355749999994,-0.5291989987482235,1.462267834795622,-10.069023779724985,9.432421468911816,34.95972916832424,-0.3071655498750059
2555.7300000000005,0.0,9.5,34.55776188321171,34.67381861313881,34.940949970803025,35.60574487591237,-6.331515757878996,0.1753627499999993,1.7488417499999982,-9.25985575,-0.5043359960061277,2.485319520718562,-10.221025961058348,9.425185837501491,34.944568835766475,-0.3821928895138069
2555.74,0.0,9.5,34.54630689537713,34.626957299270074,34.90241955717762,35.6203239513382,-6.271485742871312,0.1718627499999923,1.7393417499999793,-9.254355749999988,-0.7489690464310697,1.841285571640653,-10.10619820269562,9.417958742513601,34.924001925790755,-0.4147543821107598
2555.7500000000005,0.0,9.5,34.48349061969672,34.52561984057616,34.872561218822334,35.595559310876915,-6.254261434641372,0.1683627499999953,1.7298417499999874,-9.248855749999992,-1.0066374561848956,0.5793139709517052,-9.982741612418325,9.410740203615148,34.86930774749303,-0.3887438800251049
2555.76,0.0,9.5,34.34812420159463,34.34733236307585,34.85495257906922,35.51521989200332,-6.284253936515838,0.1648627499999983,1.7203417499999956,-9.243355749999996,-1.2820505758641547,-1.5238407611444549,-9.847538808212144,9.403530240510134,34.76640725893576,-0.2830007806924527
2555.7700000000004,0.0,9.5,34.26682967516244,34.27948037981003,34.86773654172908,35.39121091454292,-6.3,0.1613627499999914,1.7108417499999766,-9.237855749999987,-1.4911161048692891,-2.0697503121050147,-10.17466916354854,9.3963288729396,34.701314377811116,-0.24693598965296146
2555.7800000000007,0.0,9.499226416983769,34.246509835082485,34.33616203898043,34.914793013493195,35.2179575412296,-6.3,0.1578627499999943,1.7013417499999848,-9.232355749999993,-1.610966292135074,-0.5216853932552925,-11.123483146069336,9.38913612068163,34.67885560719643,-0.3045652427068799
2555.7900000000004,0.0,9.484205387542564,34.24788262724183,34.34728630150275,34.7768007949595,35.109418826951114,-6.257340000000038,0.1543627499999973,1.6918417499999927,-9.226855749999997,-1.5059424280347766,0.4740100125158042,-11.727311639549525,9.381952003551213,34.6203471376638,-0.2814495989729155
2555.8,0.0,9.46918435810136,34.27381573436734,34.30683065438696,34.4292971594777,35.07414980126042,-6.167340000000166,0.1508627500000003,1.6823417500000009,-9.22135575,-1.0954292866087056,0.719316645806993,-11.862480600750793,9.374776541400264,34.52102333737311,-0.1486427746975446
2555.8100000000004,0.0,9.454163328660115,34.30805420903218,34.29759830709671,34.24305950967733,34.99714580645186,-6.12,0.15,1.6852746318658096,-9.210957773944328,-0.6641038442333931,0.4192336495251344,-11.80159510733881,9.365062396919514,34.46146445806452,0.018194210905490338
2555.8200000000006,0.0,9.439142299218911,34.3544438864515,34.33404733935475,34.29276273548375,34.859081290322926,-6.12,0.15,1.6922748068701785,-9.198957473936838,-0.2047928107837868,-0.6142161757364796,-11.477081877184196,9.354523645235279,34.46008381290323,0.2307903935096438
2555.8300000000004,0.0,9.424121269777707,34.3791,34.39546571143257,34.42829863205119,34.81623319520698,-6.12,0.15,1.699274981874547,-9.186957173929349,0.034551827741648,-1.2842238357535265,-11.07369053580401,9.343993663291766,34.504774384672686,0.3197881785088793
2555.8400000000006,0.0,9.409100240336462,34.3791,34.485211093359894,34.66120926610067,34.88140543684468,-6.12,0.15,1.7062751568789356,-9.174956873921824,-0.0255383074612701,-1.459486730095371,-10.562924386579205,9.333472480770892,34.60173144907631,0.24053454386375178
2555.8500000000004,0.0,9.39407921089526,34.32644115906905,34.41723392822544,34.7533317216296,34.886770373423964,-6.105900000000031,0.15,1.7132753318833045,-9.162956573914336,-0.1111161048689485,-1.3491460674155873,-10.137950062421885,9.322960127463798,34.59594429558701,0.13600717233667825
2555.8600000000006,0.0,9.379058181454056,34.213317977691894,34.16815536372527,34.68379728903997,34.82346290494684,-6.075900000000031,0.15,1.720275506887673,-9.150956273906846,-0.2309662921347334,-0.8547640449442244,-9.828337078651938,9.312456633270983,34.47218338385099,-0.0025049309650269375
2555.8700000000003,0.0,9.364037152012813,34.1097870670104,34.03204274226801,34.699292536082325,34.857805865979195,-6.0600000000000005,0.15,1.7272756818920616,-9.138955973899323,-0.5483504380482941,-0.2664605757187516,-9.47806508135118,9.30196202820275,34.42473205283498,-0.2232724078064373
2555.880000000001,0.0,9.35,34.02043655154652,34.06292934020614,34.84048841237093,35.03650689690696,-6.0600000000000005,0.15,1.7342758568964305,-9.126955673891834,-1.1340826032546187,0.4494342928667565,-9.072558197746805,9.291476342379621,34.490090300257634,-0.5557830336058845
2555.8900000000003,0.0,9.35,33.93095486911016,34.03647111443553,34.859857322363794,35.0923186237848,-6.0600000000000005,0.15,1.741276031900799,-9.114955373884346,-1.542414481897677,1.02399750312121,-8.874077403245966,9.280999606032493,34.479900482423574,-0.7826919173904248
2555.9000000000005,0.0,9.35,33.84132136125665,33.94363640987296,34.738211847419734,35.00588631264034,-6.0600000000000005,0.15,1.7482762069051876,-9.102955073876824,-1.712202247191355,1.4085168539333628,-8.95397752809005,9.27053184950306,34.38226398279742,-0.8676017412798694
2555.9100000000003,0.0,9.35,33.79942534957366,33.87994930085269,34.62022977831938,34.78808606090218,-6.073564031321071,0.15,1.7552763819095565,-9.090954773869331,-1.708087130695807,1.126805207810547,-8.959659489233758,9.260073103244224,34.27192262241198,-0.8360665036324678
2555.9200000000005,0.0,9.35,33.81402218270398,33.85075563459204,34.50658300609045,34.41482418514111,-6.103874715837311,0.15,1.762276556913925,-9.078954473861844,-1.4677265898848173,-0.0599749624437144,-8.864516775162741,9.24962339782028,34.1465462521319,-0.6463417484268034
2555.9300000000003,0.0,9.35,33.807515141533734,33.79365139989712,34.34255148739078,34.20899808543487,-6.12,0.15,1.7692767319183136,-9.06695417385432,-1.2873639540686832,-0.8444583125317263,-8.844108836745054,9.239182763907305,34.03817902856413,-0.5072874986279833
2555.9400000000005,0.0,9.35,33.77006789500778,33.69562772516742,34.10465133299058,34.24864811116824,-6.12,0.15,1.7762769069226825,-9.05495387384683,-1.1875137294057254,-1.089091362955973,-8.92398901647542,9.228751232293595,33.9547487660835,-0.4362290324319337
2555.9500000000003,0.0,9.35,33.77498452989321,33.689591575291274,33.9507533316796,34.29500452989321,-6.106103542234355,0.15,1.783277081927051,-9.04295357383934,-1.1024055068835623,-0.7969787234035905,-9.165284105131716,9.218328833879813,33.927583491689326,-0.40150567493019257
2555.9600000000005,0.0,9.35,33.82913486479784,33.79045984619205,33.894479454229696,34.34915486479784,-6.076378498885274,0.15,1.7902772569314396,-9.030953273831818,-1.037324155193878,0.2242978723422202,-9.625859824781786,9.207915599679419,33.96580725750435,-0.4161432198053867
2555.9700000000003,0.0,9.35,33.840328125459465,33.824206547414875,33.9932167311932,34.4142597647635,-6.073585476550685,0.15,1.7972774319358082,-9.018952973824328,-0.9850874125873909,0.7737837162836632,-10.264945054945606,9.197511560819072,34.01800279220776,-0.3590203356402745
2555.9800000000005,0.0,9.349980025966294,33.798377623131664,33.77491470717971,34.283723959813216,34.49291695662813,-6.103842662632331,0.15,1.804277606940177,-9.00695267381684,-0.9501223776223668,0.6888686313686052,-11.144065934066203,9.187116748538799,34.08748331168818,-0.20540365064406407
2555.99,0.0,9.330005992210134,33.70915723100464,33.69730702192762,34.35588520142791,34.50721681285061,-6.12,0.15,1.8112777819445656,-8.994952373809317,-0.9002478097620464,0.4147334167697801,-11.701003754693636,9.176731194192401,34.0673915668027,-0.07586299967793025
2556.0000000000005,0.0,9.310031958454031,33.55092163692013,33.578357506374445,34.109255930647926,34.42755337582876,-6.12,0.15,1.8182779569489345,-8.982952073801828,-0.8301602002502783,-0.1159299123907505,-11.821153942428095,9.166354929247882,33.91652211244281,0.02103746852123506
2556.01,0.0,9.290057924697928,33.49301793033806,33.53790661786963,34.023513235739266,34.438724548207695,-6.12,0.1537701885094281,1.816229811490572,-8.97057452872643,-0.8830733833856059,-0.4923904092999157,-11.809336401065808,9.153881328401452,33.87329058303866,0.04062545670664697
2556.0200000000004,0.0,9.270083890941768,33.55999420494695,33.595160530035294,34.13802106007059,34.56295473498225,-6.12,0.1587704385219381,1.811229561478062,-8.958073903695155,-1.101043836280171,-0.6619229837734666,-11.620428675223852,9.140724732787035,33.96403263250877,-0.04353374725799558
2556.0300000000007,0.0,9.250109857185665,33.52858216582086,33.56526994923877,34.17098719845308,34.53288825235708,-6.12,0.1637706885344338,1.8062293114655663,-8.945573278663916,-1.185671834625338,-0.4365374677003495,-11.359496124031049,9.127571771723645,33.94943189146745,-0.13487908050910755
2556.0400000000004,0.0,9.230135823429562,33.383742910321736,33.434914619289565,34.1099477979213,34.32494046410478,-6.12,0.1687709385469295,1.8012290614530706,-8.933072653632676,-1.0358010335919046,0.4833591731255511,-10.97189922480665,9.114422460946226,33.813386447909345,-0.2388620894023467
2556.05,0.0,9.210161789673458,33.3049650847457,33.31961864406802,33.99038169491577,34.13971016949189,-6.106530000000061,0.1737711885594252,1.796228811440575,-8.920572028601438,-0.9094382022473456,0.9758426966293436,-10.436179775282094,9.101276816276327,33.688668898305345,-0.32871223531615934
2556.0600000000004,0.0,9.190187755917298,33.326947621982505,33.22729198767345,33.78154759116614,33.9891297894198,-6.076529999999976,0.1787714385719352,1.7912285614280647,-8.908071403570162,-0.8145568039948615,0.8959425717851465,-9.702097378276031,9.088134853622563,33.58122924756047,-0.39963591560261835
2556.0700000000006,0.0,9.170213722161195,33.313380000000144,33.157873333333434,33.58278222222269,33.870493333333535,-6.073470000000006,0.1837716885844309,1.786228311415569,-8.895570778538923,-0.7685106382978917,0.3265957446796594,-9.06297872340376,9.074996588981357,33.48113222222245,-0.42169330134207245
2556.0800000000004,0.0,9.150239688405094,33.25618623608039,33.11656672605805,33.396372917595336,33.791057550111645,-6.103469999999963,0.1887719385969266,1.781228061403073,-8.883070153507683,-0.7885356695869684,-0.9049436795985532,-8.552340425532307,9.061862038437265,33.39004585746135,-0.3776374650480775
2556.0900000000006,0.0,9.15,33.238850891186544,33.1042474199901,33.330474711964385,33.77184681437705,-6.133473368342101,0.1937721886094366,1.7762278113905634,-8.870569528476409,-0.7807913130304149,-1.445659011482439,-8.198105341986892,9.048731218163681,33.36135495937952,-0.372420668845619
2556.1000000000004,0.0,9.15,33.27467560807475,33.13058912358438,33.42530484490376,33.83295956671576,-6.163480870217551,0.1987724386219323,1.7712275613780677,-8.858068903445169,-0.7358587119320839,-1.0612356465300512,-8.053322516225604,9.035604144423509,33.41588228581966,-0.4192163883213623
2556.1100000000006,0.0,9.15,33.2551383963997,33.15525151525247,33.49406748791456,33.87460115352555,-6.18,0.203772688634428,1.766227311365572,-8.84556827841393,-0.675988983475235,-0.4127366049076389,-8.074158738107093,9.022480833569542,33.44476463827307,-0.46339091235518526
2556.1200000000003,0.0,9.15,33.151687821303604,33.17736853475578,33.52331902983829,33.88672984164027,-6.18,0.208772938646938,1.761227061353062,-8.833067653382656,-0.5958688032046774,0.5937731597412409,-8.319526790185677,9.009361302045146,33.43477630688449,-0.5040118486934235
2556.130000000001,0.0,9.15,33.0482372462078,33.19948555425902,33.55257057176193,33.898858529754946,-6.18,0.2137731886594337,1.7562268113405664,-8.820567028351416,-0.61831460674167,1.1230337078651018,-8.481348314606773,8.99624556638497,33.424787975495924,-0.5420941770217607
2556.1400000000003,0.0,9.15,33.00297258898839,33.1604535723434,33.57541464276566,33.907468660691414,-6.193484999999967,0.2187734386719295,1.7512265613280704,-8.808066403320177,-0.7781148564293832,1.013171036204799,-8.531285892634182,8.983133643215318,33.411577366197214,-0.5767768490095225
2556.1500000000005,0.0,9.15,33.04571778745195,33.02892988476323,33.58856701152368,33.91075675288092,-6.22348500000001,0.2237736886844394,1.7462263113155605,-8.795565778288902,-0.9656250000002478,0.5674999999990089,-8.823500000000683,8.970025549254865,33.39349285915495,-0.5491806765134861
2556.1600000000003,0.0,9.15,33.037410082686165,32.92399008268617,33.537095524931324,33.88725872212488,-6.24,0.2287739386969351,1.7412260613030648,-8.783065153257663,-1.190624999999928,-0.3324999999997121,-9.443499999999805,8.956921301315367,33.34643860310713,-0.43732489089266713
2556.1700000000005,0.0,9.15,32.965558416437105,32.85213841643711,33.405188734653194,33.830420836883086,-6.24,0.2337741887094309,1.736225811290569,-8.770564528226423,-1.3709872531865268,-0.7395276180958589,-9.965708572856212,8.943820916302043,33.26332660110263,-0.37653954932159484
2556.1800000000003,0.0,9.15,32.908684422795886,32.811212791037505,33.32748023380418,33.71238211397944,-6.213023255813865,0.2387744387219408,1.7312255612780592,-8.758063903195149,-1.4909572606848984,-0.4795926018493869,-10.35561109722592,8.93072441121432,33.189939890404254,-0.3848495144064055
2556.1900000000005,0.0,9.120466089034968,32.870116473453514,32.808085660009745,33.3160140867024,33.51954236726756,-6.15300825206305,0.2437746887344365,1.7262253112655634,-8.745563278163909,-1.49197796695047,-0.3597596394591694,-10.582125688532798,8.917631803146534,33.12843964685831,-0.3633725443493549
2556.2000000000003,0.0,9.090588586794189,32.83995284552849,32.80749509146341,33.25945482723599,33.34800276422789,-6.106500000000051,0.2487749387469323,1.7212250612530675,-8.73306265313267,-1.33173760640981,-0.4298647971957081,-10.587133199799691,8.90454310928836,33.06372638211394,-0.30151305091393327
2556.2100000000005,0.0,9.06071108455332,32.822554471544706,32.81075728658537,33.134404014227584,33.20881577235766,-6.076499999999967,0.2454699999999943,1.7169799999999962,-8.721317499999989,-1.1189793891231132,-0.2895306679906074,-10.694035261981885,8.89211194132789,32.99413288617883,-0.22847868366207744
2556.2200000000003,0.0,9.030833582312535,32.80844489135928,32.76947721071251,33.06021659423952,33.21237827185442,-6.073496625843563,0.2394699999999994,1.7129799999999995,-8.7098175,-0.8358902408738009,0.1326198162408232,-10.937392599950591,8.879896803713782,32.96262924204143,-0.14047913451617716
2556.2300000000005,0.0,9.000956080071754,32.79871270338556,32.66891126831745,33.05372846892371,33.40594067710942,-6.103489127718071,0.2334700000000045,1.708980000000003,-8.698317500000009,-0.565875251508889,0.6111569416502666,-11.086247484909467,8.86768561757274,32.98182327943403,-0.07703530624015731
2556.24,0.0,8.971078577830887,32.785856712929146,32.662371365960574,33.007016099342565,33.465035500365204,-6.146976744186174,0.2274699999999926,1.704979999999995,-8.686817499999986,-0.3143661971824543,1.1695070422549514,-11.101338028169051,8.855478399251279,32.98006991964937,-0.04834909252852049
2556.2500000000005,0.0,8.941201075590104,32.769182741660615,32.77075217920603,32.911140764548506,33.3597810567326,-6.2069917479370735,0.2214699999999977,1.7009799999999984,-8.675317499999997,-0.1423238380808718,1.0578260869551517,-10.882203898050252,8.843275165180952,32.952714185536934,-0.012124343681467559
2556.26,0.0,8.911323573349323,32.7276297966449,32.75549331469309,32.98700552109701,33.3035933350279,-6.26700000000003,0.2154700000000028,1.696980000000002,-8.663817500000006,-0.0773563218390953,0.043333333333565,-10.34747126436794,8.83107593187865,32.943430491865726,0.03425796189736892
2556.2700000000004,0.0,8.881446071108455,32.64820935943067,32.55204644128132,33.32427039145878,33.32208850533806,-6.327000000000115,0.2094699999999909,1.692979999999994,-8.652317499999983,-0.2142064483884644,-0.8650437390662811,-9.904033991501688,8.81888071594723,32.96165367437721,0.01564814293967225
2556.2800000000007,0.0,8.851568568867673,32.597798874873874,32.483745080726415,33.4104838496471,33.36092805751758,-6.36,0.203469999999996,1.6889799999999977,-8.640817499999992,-0.624103974006736,-1.6298525368662269,-9.584113971506936,8.806689534076133,32.96323896569125,-0.09089219744950128
2556.2900000000004,0.0,8.85,32.585921982845626,32.59495597880916,33.16322855196798,33.42679082240154,-6.36,0.1974700000000011,1.6849800000000008,-8.629317500000003,-0.8706151537884436,-1.509519879970181,-9.54861215303821,8.794502403041704,32.94272433400607,-0.1915609388265973
2556.3,0.0,8.85,32.59102443361749,32.62140669914753,32.98089542021944,33.385261583435174,-6.3464966241560985,0.1914700000000062,1.680980000000004,-8.617817500000012,-0.8956214053513185,-0.1891897974503842,-9.89869967491846,8.782319339707847,32.894647034104906,-0.2842694794228969
2556.3100000000004,0.0,8.85,32.61709020706453,32.54320937880641,32.87871758830704,33.211142216808945,-6.316489122280563,0.1854699999999943,1.6769799999999964,-8.606317499999989,-0.969574468085242,0.9678723404264378,-10.191489361702336,8.7701403610265,32.812539847746734,-0.38510950748026546
2556.3200000000006,0.0,8.85,32.58726111959313,32.44513898218858,32.83883908396934,33.07697806615792,-6.313514999999977,0.1794699999999994,1.6729799999999997,-8.5948175,-1.1097496871087784,1.90404255319077,-10.40675844805991,8.757965484038301,32.73705431297724,-0.4969509597489722
2556.3300000000004,0.0,8.85,32.4718209160308,32.316630076336175,32.89438106870216,33.00401114503834,-6.343514999999934,0.1734700000000045,1.668980000000003,-8.583317500000009,-1.2324633722372218,1.7627092128163122,-10.25823441768178,8.74579472587291,32.67171080152687,-0.5459417069549172
2556.3400000000006,0.0,8.85,32.39958020994751,32.21256100474881,32.88372137965508,32.9633399700075,-6.36,0.1674699999999926,1.6649799999999952,-8.571817499999986,-1.3317928979390172,0.1784032778726754,-9.62252545319029,8.733628103749666,32.61480064108972,-0.5107639660936515
2556.3500000000004,0.0,8.85,32.38460395401151,32.14088892276936,32.78530598350419,32.96547943514122,-6.36,0.1614699999999977,1.6609799999999986,-8.560317499999996,-1.2882647943829402,-1.1154162487469912,-9.18148445335994,8.721465634978228,32.56906957385657,-0.4283568616242062
2556.3600000000006,0.0,8.85,32.35437494716157,32.12032973703604,32.72916,32.88583282379,-6.346485000000024,0.1554700000000028,1.656980000000002,-8.548817500000006,-1.0425275827481502,-1.998064192578073,-9.015987963891613,8.709307336958913,32.5224243769969,-0.2790985323375321
2556.3700000000003,0.0,8.85,32.30388588350951,32.16766323420983,32.72916,32.69755069058756,-6.316484999999981,0.1494699999999909,1.652979999999994,-8.537317499999983,-0.8705189270492155,-1.893003258958581,-8.854720481323263,8.69715322718336,32.47456495207673,-0.2566652508289805
2556.380000000001,0.0,8.85,32.259144122137485,32.20576391857501,32.75669139949094,32.654619389312586,-6.3,0.143469999999996,1.6489799999999974,-8.525817499999992,-0.8003258962145082,-0.4239633993464933,-8.699293055903553,8.685003323235179,32.469054707379,-0.4093713210129106
2556.3900000000003,0.0,8.831349166749884,32.22320519083978,32.22972320610682,32.82639114503801,32.83431404580111,-6.3,0.1374700000000011,1.6449800000000008,-8.514317500000002,-0.7790807174887879,0.8567364225211461,-8.80080717488788,8.67285764279031,32.528408396946425,-0.5200455808733866
2556.4000000000005,0.0,8.811391078734674,32.15486960000002,32.226816400000004,32.76075710000004,32.90729360000001,-6.3,0.1314699999999892,1.640979999999993,-8.50281749999998,-0.8239237668162198,1.883143996015699,-9.249237668162198,8.660716203617682,32.51243417500002,-0.5739694881352364
2556.4100000000003,0.0,8.79143299071952,32.043589600000175,32.18829640000006,32.51572710000039,32.83881360000011,-6.3,0.1285618705207249,1.6392809352603626,-8.493528417343262,-0.8751540195342087,2.0460931630349,-9.675597295266874,8.651230843959569,32.396606675000186,-0.5435929781935023
2556.4200000000005,0.0,8.771474902704364,31.990547533742262,32.14737146012282,32.341735975460345,32.79978,-6.327006751687803,0.1266570632634109,1.6383285316317056,-8.48495678468535,-0.93525920360624,1.0092787377923582,-10.071289757074414,8.64260689995854,32.319858742331355,-0.3960821967975696
2556.4300000000003,0.0,8.751516814689152,32.01470458895703,32.10325857668715,32.26191266257676,32.79978,-6.387021755438873,0.1247522560060915,1.637376128003046,-8.476385152027412,-1.0036926147704976,-0.0869660678648392,-10.34422155688628,8.633983377065515,32.294913957055236,-0.2637668431076119
2556.4400000000005,0.0,8.731558726673997,32.00049796253543,32.03895645881466,32.29187568385899,32.76227645881466,-6.433511622094462,0.1228474487487775,1.6364237243743889,-8.467813519369498,-1.0835329341317244,-1.2646107784429337,-10.449011976047888,8.6253602765436,32.27340164100593,-0.1522641842386166
2556.4500000000003,0.0,8.711600638658842,31.9269131537082,31.943406035412146,32.491762776494134,32.66672603541214,-6.46350412396897,0.1209426414914635,1.635471320745732,-8.459241886711586,-1.1572585904187973,-1.55999247554644,-10.61274391773239,8.616737599660821,32.257202000256655,-0.12152888336161098
2556.4600000000005,0.0,8.691642550643632,31.881754001986103,31.85206601787497,32.53449225422063,32.59284178748764,-6.45301349325331,0.1190378342341441,1.6345189171170722,-8.450670254053648,-1.2224705292200144,-0.6269601203905639,-10.858542763983133,8.608115347690218,32.21528851539233,-0.2032495689715339
2556.4700000000003,0.0,8.671684462628477,31.872190943396244,31.765998490566204,32.38042075471728,32.54608905660387,-6.393043478260815,0.1171330269768301,1.6335665134884152,-8.442098621395736,-1.2430369630369635,0.2068531468531399,-11.023324175824175,8.599493521909952,32.1411748113209,-0.27192132032782546
2556.4800000000005,0.0,8.651726374613322,31.844219197259083,31.74081205090537,32.27863710230063,32.47800172295672,-6.333066733316644,0.1152282197195161,1.6326141098597582,-8.433526988737823,-1.203076923076936,0.9061538461536168,-11.078269230769212,8.590872123603177,32.08541751835545,-0.3229024670602591
2556.49,0.0,8.65,31.791845237396046,31.79632844836019,32.246165247185544,32.38163363680873,-6.2730817295674575,0.1133234124621967,1.6316617062310983,-8.424955356079886,-1.1568146669991568,0.9537889748052272,-11.02358194063322,8.582251154058136,32.053993142437626,-0.3205962624648585
2556.5000000000005,0.0,8.65,31.736035384615523,31.79988263736281,32.199169010989166,32.299701978022114,-6.266889832625631,0.1114186052048827,1.6307093026024415,-8.416383723421973,-1.1019381391868128,0.1106859565973978,-10.819042155150848,8.573630614568268,32.0086972527474,-0.24545350072939748
2556.51,0.0,8.65,31.67478314847962,31.72112976233094,32.12916645540528,32.2406373217482,-6.32684486635028,0.1095137979475687,1.6297568989737845,-8.40781209076406,-0.9946658322904808,-0.4469637046306837,-10.522127659574748,8.565010506432076,31.94142917199101,-0.19637754228655405
2556.5200000000004,0.0,8.65,31.673526354999936,31.65693333000004,32.10081587499998,32.19686603000002,-6.36,0.1076089906902493,1.6288044953451248,-8.399240458106123,-0.8144405506880225,-0.60716395494398,-10.096595744680052,8.556390830953235,31.907035397499996,-0.1835955539784502
2556.5300000000007,0.0,8.65,31.75163635499993,31.61199333000004,32.12756587499998,32.17332603000002,-6.36,0.1057041834329353,1.6278520917164678,-8.39066882544821,-0.5628249999996162,-0.5591324999996328,-9.818462499999915,8.547771589440684,31.91613039749999,-0.14618487958957344
2556.5400000000004,0.0,8.65,31.748425435897577,31.594049128205107,32.06225917948743,32.15857015384616,-6.346621722846414,0.1037993761756213,1.6268996880878108,-8.382097192790296,-0.2128250000001136,-0.2241325000001088,-9.743462500000025,8.53915278320851,31.890825974359068,-0.07483288871144626
2556.55,0.0,8.65,31.63763666910894,31.61181713797309,31.875172488400946,32.15543462271063,-6.316659176029967,0.1018945689183074,1.6259472844591538,-8.373525560132384,-0.1027651040357291,-0.070057658560883,-9.4954951115576,8.530534413576062,31.820015229548403,-0.09142091287130275
2556.5600000000004,0.0,8.65,31.577255815620976,31.564010832266472,31.827744322663083,32.20765159026875,-6.3,0.099989761660988,1.624994880830494,-8.364953927474446,-0.3233717723740075,-0.165319628979685,-9.00915768363003,8.521916481867942,31.79416564020482,-0.22920094348756054
2556.5700000000006,0.0,8.65,31.598080399487777,31.41056653009004,32.005301300895816,32.34903955441704,-6.3,0.098084954403674,1.6240424772018371,-8.356382294816534,-0.5264887780546552,-0.1456359102246408,-8.66200997506253,8.513298989414121,31.840746946222666,-0.3519952878199621
2556.5800000000004,0.0,8.65,31.58552024006024,31.36556901725393,32.01104471117866,32.36920172543191,-6.313339995003721,0.09618014714636,1.62309007357318,-8.34781066215862,-0.7060399002490263,0.0289276807976644,-8.50240897755642,8.504681937549812,31.832833923481182,-0.454597651103685
2556.5900000000006,0.0,8.65,31.52879605901485,31.464033633408185,31.78949932483159,32.22899667416878,-6.343317511866131,0.0942753398890406,1.6221376699445205,-8.339239029500684,-0.8835646530205097,0.2140738891662968,-8.594962556165854,8.496065327615586,31.752831422855852,-0.5194592081397329
2556.6000000000004,0.0,8.65,31.475378824677016,31.4584357229947,31.664789436722742,32.11638370641323,-6.373295028728456,0.0923705326317266,1.6211852663158637,-8.33066739684277,-1.058302546180686,0.4137743384922126,-9.034303544682867,8.487449160957455,31.678746922701922,-0.5324159508820602
2556.6100000000006,0.0,8.65,31.426327373811382,31.31545596196084,31.667920380395017,32.04019741038789,-6.403272545590781,0.0904657253744126,1.6202328626872065,-8.322095764184857,-1.2376210790462538,0.3537791718949911,-9.344544542032503,8.478833438926763,31.612475281638783,-0.5394446864946981
2556.6200000000003,0.0,8.65,31.38290733577859,31.23366784594865,31.617457829276425,31.96720618539513,-6.42,0.0862224055601266,1.6196222405560128,-8.31584464611614,-1.4233174404016884,-0.067801756587617,-9.475033877039024,8.472536968562766,31.5503097990997,-0.5382195939985135
2556.630000000001,0.0,8.65,31.34865591863957,31.25150712570856,31.47973858952996,31.89941692230749,-6.42,0.0812222805570061,1.6191222280557007,-8.310344508612706,-1.4980395593390057,-0.4655408112168403,-9.462641462193282,8.466993545531514,31.494829639046394,-0.5238298556030913
2556.6400000000003,0.0,8.65,31.314404501500555,31.26934640546846,31.34201934978349,31.83162765921985,-6.42,0.0762221555538856,1.6186222155553889,-8.304844371109274,-1.4229268903355712,-0.8310891337002204,-9.257333500250562,8.461453050276418,31.43934947899309,-0.4916655248008531
2556.6500000000005,0.0,8.65,31.253456375288373,31.21047973340167,31.335111556011302,31.769608905408862,-6.406766691672893,0.0712220305507509,1.6181222030550753,-8.299344233605826,-1.2366674987514727,-0.8089565651516277,-9.097214178731782,8.455915488552487,31.39216414252755,-0.4556496113110821
2556.6600000000003,0.0,8.65,31.14922669059229,31.027254919251707,31.54027946167623,31.716945485772943,-6.376759189797443,0.0662219055476304,1.6176221905547632,-8.293844096102394,-0.902169246130564,-0.2697653519716552,-8.997363954068826,8.450380866126808,31.35842663932329,-0.41449675615078296
2556.6700000000005,0.0,8.65,31.112961219085552,30.971847384461373,31.63029218586076,31.701265555833043,-6.333516620844819,0.0612217805445098,1.6171221780544511,-8.288343958598961,-0.6588760951189341,0.3105306633289737,-9.155146433041152,8.444849188778477,31.354091586310183,-0.36925681741695576
2556.6800000000003,0.0,8.65,31.16642112415685,31.085182383212526,31.56827869597805,31.73441069697725,-6.273531617095633,0.0562216555413751,1.6166221655541375,-8.282843821095513,-0.5387259073841328,0.9463254067589636,-9.660778473091774,8.43932046229866,31.38857322508117,-0.318498595456221
2556.6900000000005,0.0,8.632357331210535,31.179446897392204,31.12609450158428,31.5329,31.75600816963197,-6.279670164917579,0.0512215305382546,1.6161221530538257,-8.27734368359208,-0.4550349650349762,0.9273226773229616,-10.093236763236655,8.433794692490666,31.398612392152113,-0.22296990387263146
2556.7000000000003,0.0,8.612455843574352,31.13876446990014,31.07080812576173,31.5329,31.762267004630747,-6.369625187406192,0.0462214055351341,1.6156221405535136,-8.271843546088649,-0.4200699300699523,0.0332167832173517,-10.427902097901883,8.428271885169865,31.376184900073152,-0.0676077809236805
2556.7100000000005,0.0,8.592554355938113,31.106404258594143,31.04430582863008,31.54078582863007,31.77778122113905,-6.433193403298373,0.0412212805319994,1.6151221280532,-8.2663434085852,-0.5087659574472911,-0.6036946182733899,-10.679714643304395,8.42275204616376,31.367319284248335,0.006943671691746561
2556.7200000000003,0.0,8.572652868301928,31.087738276039023,31.06516780913285,31.56164780913285,31.80852519240631,-6.46317841079462,0.0362211555288789,1.614622115552888,-8.260843271081768,-0.7640851063833815,-0.8940575719654142,-10.819889862328132,8.417235181312048,31.380769771677755,-0.02739061459306244
2556.7300000000005,0.0,8.552751380665745,31.04541484628865,31.05551098225459,31.535470032492142,31.776058235441496,-6.48,0.0312210305257584,1.614122103052576,-8.255343133578336,-0.9378177278402596,-0.7561448189756246,-10.974893882646851,8.411721296466553,31.35311352411922,-0.07661602802344589
2556.74,0.0,8.532849893029505,30.97160329917528,31.005233551612147,31.44668222944273,31.659457385653702,-6.48,0.0262209055226237,1.6136220905522625,-8.249842996074888,-1.0027365792760778,-0.0470312109843817,-11.149675405743286,8.406210397491282,31.270744116470965,-0.14570206960722676
2556.7500000000005,0.0,8.51294840539332,30.89814628501839,30.912612267966143,31.44329733982929,31.536527313033105,-6.466854858855819,0.0212207805195032,1.6131220780519504,-8.244342858571454,-1.0954493116397166,0.462367959950246,-11.15616270337894,8.400702490262503,31.197645801461732,-0.22882423135283
2556.76,0.0,8.493046917757137,30.825162119366787,30.763516043849293,31.55381621924458,31.40515581486021,-6.436877341993494,0.0162206555163827,1.6126220655516383,-8.238842721068021,-1.2256120150187146,0.7026683354191655,-10.935887359199098,8.39519758066866,31.136912549330216,-0.3308589118142351
2556.7700000000004,0.0,8.473145430120898,30.771358809034904,30.64073971252565,31.5339721971252,31.269069199178613,-6.406893276680759,0.011220530513248,1.612122053051325,-8.233342583564573,-1.2935805243445555,0.4484119850178822,-10.58531835205944,8.389695674610444,31.05378497946609,-0.38030021600716735
2556.7800000000007,0.0,8.453243942484713,30.74938755646817,30.561643203285424,31.29778123203286,31.12515749486653,-6.376900774806252,0.0062204055101275,1.6116220405510129,-8.22784244606114,-1.2785992509363324,-0.4654456928837277,-10.060973782771631,8.384196778000854,30.933492371663245,-0.35959656211946767
2556.7900000000004,0.0,8.450000000000001,30.69747478521487,30.58548287712273,31.088564595404755,31.064342617382568,-6.36,0.001220280507007,1.6111220280507008,-8.222342308557709,-1.1420400500628642,-0.9878673341677144,-9.491284105132015,8.378700896765132,30.85896621878123,-0.34563004914893475
2556.8,0.0,8.450000000000001,30.605546713286955,30.74689146853104,30.91539776223822,31.11458237762224,-6.36,-0.0037798444961134,1.6106220155503888,-8.216842171054276,-0.8416645807262874,-0.982861076345438,-8.860495619525203,8.373208036840836,30.845604580419614,-0.3407412800433477
2556.8100000000004,0.0,8.450000000000001,30.54526223138493,30.76657342226552,30.86375994178984,31.128826684453102,-6.36,-0.0087799694992481,1.6101220030500754,-8.211342033550828,-0.633613886113779,-0.6011563436552279,-8.450771728271583,8.36771820417783,30.826105569973347,-0.3725718524665659
2556.8200000000006,0.0,8.450000000000001,30.527614887218075,30.59529037594012,30.97587248120283,31.094570075188024,-6.36,-0.0079381349576094,1.6075944907838775,-8.204845337394024,-0.548698801198721,0.2829595404603751,-8.335886613386505,8.3608558217052,30.79833695488726,-0.45337582905222606
2556.8300000000004,0.0,8.450000000000001,30.54320103076908,30.536841938461244,31.073120999999848,31.053599261538576,-6.36,-0.0052108002454595,1.6044126002863697,-8.19802700061365,-0.4615765765765504,0.576536536536391,-8.235845845845821,8.35355096035137,30.801690807692186,-0.46978570298313205
2556.8400000000006,0.0,8.450000000000001,30.616729235897445,30.67511886153848,31.144454333333343,31.00092233846153,-6.36,-0.0024834655333018,1.6012307097888523,-8.191208663833255,-0.3714864864863036,0.0760360360350205,-8.155765765765603,8.346247379992336,30.8593061923077,-0.3996070238719002
2556.8500000000004,0.0,8.450000000000001,30.63226143107337,30.67885046785108,31.1032204453342,31.03221870402787,-6.36,0.000243869178848,1.598048819291344,-8.184390327052881,-0.3585168539326673,-0.2335380774032966,-8.234109862671927,8.338945083993982,30.86163776207163,-0.3512044357500029
2556.8600000000006,0.0,8.450000000000001,30.56587163872924,30.49253072804657,30.90298026519948,31.18213113835333,-6.36,0.002971203890998,1.5948669287938355,-8.177571990272506,-0.448404494382006,-0.2884694132334481,-8.523747815230907,8.33164407573333,30.785878442582153,-0.3318451055049302
2556.8700000000003,0.0,8.450000000000001,30.52971322896281,30.38023569471625,30.85049964774933,31.248774168297512,-6.36,0.0056985386031556,1.5916850382963184,-8.170753653492111,-0.6663479349191498,-0.145121401751663,-8.920327909888053,8.324344358598655,30.752305684931475,-0.359922767835523
2556.880000000001,0.0,8.450000000000001,30.5359950293542,30.371859960861062,31.005450724070293,31.19851976516639,-6.36,0.0084258733153056,1.5885031477988103,-8.163935316711736,-1.056836045056144,0.2653917396744078,-9.461003754693122,8.317045935989594,30.777956369862988,-0.4519178802559323
2556.8900000000003,0.0,8.441553566989827,30.4955208958282,30.358449705656547,31.07178888149489,31.113575572050404,-6.36,0.0111532080274555,1.585321257301302,-8.157116979931361,-1.367732833957285,0.6048514357050477,-9.9433258426961,8.309748811317055,30.75983376375751,-0.5186274395220796
2556.9000000000005,0.0,8.431610738255031,30.376114701817333,30.33654031226006,30.98853318658823,30.9700690453034,-6.36,0.0138805427396132,1.5821393668037846,-8.150298643150968,-1.57247690387054,0.8495455680404014,-10.347820224719849,8.302452988003337,30.667814311492258,-0.5516130930059492
2556.9100000000003,0.0,8.421667909520265,30.29281568539333,30.291599011236126,30.82518035955118,30.89422301123592,-6.372968515742122,0.0166078774517631,1.5789574763062764,-8.143480306370593,-1.5982724086125704,0.7574812218318643,-10.688793189785091,8.295158469482221,30.57595451685414,-0.4991001628521132
2556.9200000000005,0.0,8.411725080785498,30.259687096129948,30.21465519101149,30.550533667916028,30.912390302122287,-6.402953523238369,0.019335212163913,1.575775585808768,-8.136661969590218,-1.3829494241360587,0.2116624937402418,-10.944176264396768,8.287865259198906,30.48431656429494,-0.33138491577906687
2556.9300000000003,0.0,8.401782252050703,30.24513443818848,30.154900827417425,30.35745064871492,30.89989952509187,-6.42,0.0220625468760707,1.572593695311251,-8.129843632809823,-1.202157303370449,-0.2906666666677794,-10.972172284643507,8.28057336061011,30.414346359853173,-0.21420046458431377
2556.9400000000005,0.0,8.391839423315936,30.25665952998774,30.119277816401528,30.27887047735631,30.8443695373318,-6.42,0.0247898815882206,1.5694118048137429,-8.123025296029448,-1.067325842696441,-0.7351111111117319,-10.69751560549275,8.27328277718417,30.374794340269343,-0.16427262049126498
2556.9500000000003,0.0,8.38189659458117,30.240051256746472,30.09367327679261,30.20211369313817,30.791092181958472,-6.394116470882329,0.0275172163003706,1.5662299143162344,-8.116206959249075,-0.8939173967459276,-0.7764831038798391,-10.394808510638292,8.265993512400978,30.331732602158933,-0.14754791274778387
2556.9600000000005,0.0,8.371953765846373,30.176252747365705,30.08487348239527,30.128415415060385,30.7415933384734,-6.334131467133143,0.0302445510125282,1.563048023818717,-8.10938862246868,-0.6686357947431754,-0.2758573216515005,-10.05438297872302,8.25870556975208,30.282783745823693,-0.175470329732209
2556.9700000000003,0.0,8.362010937111606,30.11923901418972,30.0515666417725,30.17016803086872,30.70689569330347,-6.312920309767685,0.0329718857246782,1.5598661333212087,-8.102570285688305,-0.4843135297054507,0.0763954068896549,-9.733634548177752,8.25141895274078,30.2619673450336,-0.1987414254715154
2556.9800000000005,0.0,8.352068108376839,30.071292785661,29.985507393577368,30.366214831963937,30.69197908887231,-6.34289782663001,0.0356992204368281,1.5566842428237009,-8.09575194890793,-0.3545082376436054,0.2311632551172397,-9.439076385422029,8.244133664882074,30.27874852501865,-0.21582160179143753
2556.99,0.0,8.35,30.042146248780487,30.02073006829276,30.45812414634144,30.70652960487807,-6.372878560719672,0.0384265551489858,1.5535023523261833,-8.088933612127535,-0.292799198798246,0.172809213820171,-9.257200801201751,8.236849709702748,30.306882517073188,-0.21655542730273952
2557.0000000000005,0.0,8.35,30.03901454146342,30.19610567804847,30.405929024390336,30.76185643414624,-6.402863568215876,0.0411538898611357,1.550320461828675,-8.082115275347162,-0.3228442663996197,-0.1727090635956266,-9.22715573360038,8.229567090741487,30.350726419512114,-0.1952638881095351
2557.01,0.0,8.35,30.031357135523663,30.20682395277296,30.31943870636598,30.785374271047328,-6.42,0.0438812245732856,1.5471385713311667,-8.075296938566787,-0.3878052325581437,-0.37,-9.180901162790695,8.222285811548806,30.335748516427483,-0.20356413793725525
2557.0200000000004,0.0,8.35,30.01597725872691,29.936577546201416,30.17442843942515,30.754614517453817,-6.42,0.0466085592854433,1.5439566808336496,-8.068478601786392,-0.4992393410855664,-0.37,-9.113071705426178,8.215005875687151,30.220399440451825,-0.2512511279304682
2557.0300000000007,0.0,8.35,29.97468053878784,29.82793920678457,30.16478876527788,30.68642083811441,-6.42,0.0493358939975932,1.5407747903361413,-8.061660265006017,-0.7246370446920642,-0.3039963833631434,-9.183149057091754,8.20772728673101,30.163457337241177,-0.3232020085974018
2557.0400000000004,0.0,8.35,29.89781348964851,29.941104584684137,30.340942419555496,30.56684987278657,-6.42,0.0563041666666661,1.5412608333333333,-8.04697138888889,-1.1483001808318027,-0.1231645569620355,-9.493146473779367,8.193436620194714,30.186677591668676,-0.4373654113951081
2557.05,0.0,8.35,29.85517547537784,29.948777259873804,30.401435777669843,30.447539161385176,-6.42,0.0646374999999915,1.5429274999999985,-8.029749166666685,-1.39,0.0228963795254331,-9.637827715355924,8.176898859362687,30.163231918576667,-0.5118250637992051
2557.0600000000004,0.0,8.35,29.860392442710857,29.808962535348925,30.300226611409293,30.32859230619237,-6.42,0.0729708333333406,1.5445941666666685,-8.01252694444443,-1.39,0.1227715355805377,-9.562921348314596,8.160372780557642,30.074543473915362,-0.5335466728979901
2557.0700000000006,0.0,8.35,29.83911037570788,29.685652660834062,30.145763674730585,30.27333542974764,-6.407238190452384,0.0813041666666661,1.5462608333333332,-7.995304722222224,-1.3365581977472634,0.0944931163956213,-9.522137672090109,8.143858454897595,29.98596553525504,-0.518831514634062
2557.0800000000004,0.0,8.35,29.7719256098819,29.59093315491547,29.89905240350075,30.328404909932868,-6.377245688577876,0.0896374999999915,1.5479274999999983,-7.978082500000018,-1.2114017521903564,-0.1057571964954299,-9.527143929912386,8.12735595402767,29.897579019557746,-0.4552211158576233
2557.0900000000006,0.0,8.338339064135143,29.72548673148844,29.57509771129377,29.83614089753144,30.35792315632013,-6.36,0.0979708333333406,1.5495941666666682,-7.960860277777763,-1.0756554307114246,-0.2586067415731453,-9.52356554307114,8.110865350124563,29.873662124158443,-0.3942825202356783
2557.1000000000004,0.0,8.323389146359704,29.707346616803825,29.66686535028653,30.023944437795684,30.352587828471712,-6.36,0.1063041666666661,1.551260833333333,-7.943638055555557,-0.9258426966291934,-0.3484943820224839,-9.50858426966292,8.094386715901038,29.937686058339438,-0.33689285057370505
2557.1100000000006,0.0,8.308439228584266,29.706351901631308,29.73859363038704,30.088526096907977,30.32729059167288,-6.36,0.1146374999999915,1.5529274999999985,-7.926415833333351,-0.7459424280351834,-0.395724655819781,-9.519239048810984,8.077920124610056,29.9651905551498,-0.26995513579872826
2557.1200000000003,0.0,8.293489310808784,29.72927861212564,29.78236280496712,29.98118740686635,30.274142308254213,-6.36,0.1229708333333406,1.5545941666666685,-7.909193611111096,-0.5256670838544011,-0.3857121401752,-9.5642953692116,8.061465650049334,29.941742783053332,-0.19020470474773338
2557.130000000001,0.0,8.278539393033347,29.72959095753542,29.77335992672782,29.914995497085755,30.2774395104079,-6.36,0.1313041666666661,1.5562608333333332,-7.891971388888891,-0.3335106117351387,-0.3864344569288576,-9.650054931336005,8.045023366565957,29.923846472939225,-0.11262092564650857
2557.1400000000003,0.0,8.263589475257909,29.69039029142388,29.672150934221648,29.920697412156525,30.379361242297914,-6.36,0.1396374999999915,1.5579274999999984,-7.8747491666666845,-0.1787041198501665,-0.4014157303370806,-9.789880149812754,8.028593349060602,29.915649970024994,-0.03791508586357481
2557.1500000000005,0.0,8.248639557482427,29.65118962531222,29.57094194171519,29.926399327227312,30.481282974188225,-6.36,0.1479708333333406,1.5595941666666682,-7.857526944444429,-0.2203653653659364,-0.371531531531363,-9.83366866866851,8.012175672992216,29.907453467110734,-0.0483863267486691
2557.1600000000003,0.0,8.23368963970699,29.615831958921703,29.53492072913989,29.94910715275993,30.480816662387745,-6.36,0.1563041666666661,1.561260833333333,-7.840304722222224,-0.5256706706709048,-0.2814414414413724,-9.74858358358352,7.995770414382728,29.89516912580232,-0.1731584276396769
2557.1700000000005,0.0,8.21873972193155,29.58726199743264,29.614037545571144,30.001851697047428,30.299507291399458,-6.36,0.1646374999999915,1.5629274999999985,-7.823082500000018,-0.770520547945194,-0.0868219178082425,-9.779068493150673,7.979377649821383,29.875664632862666,-0.2710075474304376
2557.1800000000003,0.0,8.20378980415607,29.53731310344824,29.63206344827584,30.02257655172413,30.14145724137926,-6.36,0.1729708333333406,1.5645941666666685,-7.805860277777763,-0.9349041095894176,0.2469265255300297,-9.963377334994195,7.962997456469525,29.833352586206868,-0.33302211661943387
2557.1900000000005,0.0,8.200000000000001,29.457103208395896,29.5636176711645,29.997978850574743,30.0163298050976,-6.36,0.1813041666666661,1.5662608333333332,-7.788638055555557,-1.1396448224115907,0.3134867433712416,-10.173319159580153,7.9466299120654265,29.758757383808184,-0.3769269506413021
2557.2000000000003,0.0,8.200000000000001,29.373804936585582,29.46308156097597,29.91024760975653,29.957107346341378,-6.372626843289181,0.1896374999999915,1.5679274999999984,-7.771415833333351,-1.3997748874437783,0.0133366683341017,-10.418441720860484,7.930275094928724,29.676060363414866,-0.3959765490902281
2557.2100000000005,0.0,8.200000000000001,29.28611713170736,29.31693521951226,29.73278419512204,29.99155612682925,-6.402619345163774,0.1979708333333407,1.5695941666666682,-7.754193611111096,-1.4822475570029798,-0.2468078175899322,-10.47954397394104,7.913933083965322,29.581848168292726,-0.3873745984465547
2557.2200000000003,0.0,8.200000000000001,29.25704000514528,29.22863641883199,29.62413671726265,29.965535811680105,-6.407400749063633,0.1956201478986287,1.5680091581357405,-7.747212821390036,-1.3218867451765974,-0.4522701077424846,-10.28911550989721,7.90672033539644,29.518837238230006,-0.34097674342210543
2557.2300000000005,0.0,8.200000000000001,29.330814124002988,29.24184969385128,29.63624888603034,29.833403061487186,-6.377438202247188,0.1898305218558428,1.565377509934474,-7.743528513908264,-1.155517069524158,-0.4912609020683958,-10.031034139048316,7.902447482985701,29.51057894134295,-0.32010980293924046
2557.24,0.0,8.200000000000001,29.35498817709618,29.237973633440493,29.57000498144928,29.751814998763283,-6.36,0.1840408958130405,1.5627458617332002,-7.73984420642648,-0.9810839770741796,-0.3068602043355614,-9.68216795414836,7.898179158480103,29.478695447687308,-0.33350331686474566
2557.2500000000005,0.0,8.200000000000001,29.31052614395253,29.2104495176849,29.39533270838493,29.740170180558994,-6.36,0.1782512697702546,1.560114213531934,-7.736159898944708,-0.7935164283920217,-0.140938048657966,-9.471562578379707,7.893915369224531,29.41411963764534,-0.3196403526347561
2557.26,0.0,8.200000000000001,29.26526718973607,29.189256797434016,29.35490483592377,29.729377379718738,-6.36,0.1724616437274687,1.5574825653306676,-7.732475591462935,-0.5878480060195368,-0.0004815650865128,-9.45149736644093,7.889656122571899,29.38470155070315,-0.26821465572705416
2557.2700000000004,0.0,8.200000000000001,29.21880284233897,29.177640710584743,29.517530051813587,29.719873308660244,-6.36,0.1666720176846663,1.5548509171293938,-7.728791283981152,-0.4186958698370313,0.0906883604506184,-9.281812265330846,7.885401425883162,29.408461728349383,-0.24657012329660263
2557.2800000000007,0.0,8.200000000000001,29.20862034614405,29.172768129294987,29.638760346144057,29.75355944515144,-6.36,0.1608823916418805,1.5522192689281276,-7.725106976499378,-0.2985456821024006,0.1157196495619998,-8.911349186482402,7.88115128652734,29.443427066683633,-0.26488954226064043
2557.2900000000004,0.0,8.177547461258671,29.25981912445911,29.17930414354797,29.68995912445911,29.86031434461687,-6.36,0.1550927655990946,1.5495876207268613,-7.721422669017605,-0.2986342072411472,-0.039440699126582,-8.845847690387439,7.876905711881416,29.497349184270764,-0.25869804146862513
2557.3,0.0,8.147650605411373,29.22703395000028,29.139195510000192,29.65238356000029,29.93712018999994,-6.36,0.1493031395563087,1.546955972525595,-7.717738361535833,-0.4584344569288604,-0.4339475655431241,-9.18542322097383,7.872664709330366,29.488933302500175,-0.21994896274708625
2557.3100000000004,0.0,8.117753749563988,29.071883950000053,29.03112551000004,29.485463560000056,29.97029018999999,-6.36,0.1435135135135063,1.5443243243243212,-7.714054054054049,-0.6413937282233675,-0.5643554006964759,-9.45651567944282,7.868428286267116,29.389690802500034,-0.2268032517559139
2557.3200000000006,0.0,8.08785689371669,28.98795840859162,28.99425148157177,29.414967019770444,29.950843495240584,-6.36,0.1377238874707205,1.5416926761230547,-7.710369746572277,-0.8554305624689558,-0.3403633648580696,-9.635709308113544,7.864196450092568,29.337005101293606,-0.2948536290770599
2557.3300000000004,0.0,8.057960037869393,29.007807078349952,29.061110158652472,29.484959697339303,29.85473414693708,-6.36,0.1319342614279346,1.5390610279217884,-7.706685439090504,-1.1038363042929946,-0.0483831282955834,-9.756791363293964,7.8599692082155,29.3521527703197,-0.3903099501341132
2557.3400000000006,0.0,8.02806318202201,28.983010108136074,29.065680005149463,29.49786082904233,29.735402481977545,-6.372491877030745,0.1261446353851322,1.5364293797205146,-7.703001131608721,-1.40009540547362,0.3382601054486226,-9.79696208887778,7.85574656805259,29.320488356076353,-0.5239247861540626
2557.3500000000004,0.0,7.998166326174711,28.87832421730196,28.958790200824104,29.40860233264693,29.574516797116697,-6.402484378905252,0.1203550093423464,1.5337977315192484,-7.699316824126948,-1.5296539706247982,0.4878018421706915,-10.008989295494366,7.851528537028421,29.205058386972425,-0.5508950924778744
2557.3600000000006,0.0,7.968269470327413,28.79156531412981,28.886238659051475,29.320663973181286,29.467359990067145,-6.42,0.1145653832995605,1.531166083317982,-7.6956325166451744,-1.4350560119492302,0.3185212845407275,-10.45210604929045,7.8473151225753925,29.11645698410743,-0.4344641378864994
2557.3700000000003,0.0,7.938372614480029,28.729921410479363,28.8617936627763,29.234575073255662,29.43547521231692,-6.42,0.1087757572567581,1.5285344351167085,-7.691948209163391,-1.2393370165740043,0.0667403314910793,-10.718397790055285,7.843106332133731,29.06544133970706,-0.3022565101680682
2557.380000000001,0.0,7.908475758632731,28.762585120819697,28.84256899194536,29.174759985355188,29.36591991213113,-6.42,0.1029861312139722,1.525902786915442,-7.688263901681618,-0.902822702159614,-0.2999095931693758,-10.738488196885994,7.838902173151506,29.036458502562844,-0.14808231843162703
2557.3900000000003,0.0,7.892843587694781,28.934955147668624,28.83107765682209,29.15386664876744,29.24055989260464,-6.42,0.0971965051711864,1.5232711387141755,-7.684579594199846,-0.6759336823735185,-0.6782024432807526,-10.609476439790765,7.834702653084528,29.040114836465698,-0.052076708430534496
2557.4000000000005,0.0,7.882855573312021,28.99031477454261,28.81154068539036,29.08916612213345,29.1975617263592,-6.395219999999957,0.091406879128384,1.520639490512902,-7.680895286718062,-0.596153079032492,-1.0721191722770709,-10.28038145100903,7.83050777939637,29.022145827106403,-0.03412870342803988
2557.4100000000003,0.0,7.87286755892929,28.832613151249845,28.777353620201016,28.944698201494614,29.30453415614521,-6.335219999999956,0.0918925946297352,1.519621481074053,-7.672808140407006,-0.4760155466397066,-1.1012988966894977,-10.011787863590548,7.822383169737052,28.96479978227267,-0.03139852403621649
2557.4200000000005,0.0,7.8628795445465585,28.77102365805154,28.781098250496903,28.93005373757421,29.354009860835053,-6.3,0.094392719635983,1.5191214560728037,-7.663307665383264,-0.3004889669008212,-0.6298846539622055,-9.826231193580869,7.812997143103466,28.959046376739426,-0.049554494385013484
2557.4300000000003,0.0,7.852891530163799,28.845476938369806,28.838533638171,29.099169045725706,29.322101312127224,-6.3,0.096892844642238,1.5186214310715525,-7.653807190359495,-0.2321106659990492,-0.2122909364043733,-9.60226089133682,7.803612226491741,29.026320233598433,-0.10390998394415424
2557.4400000000005,0.0,7.842903515781068,28.86420823984528,28.84708823984528,29.22026781431333,29.30884394584139,-6.3,0.0993929696484859,1.5181214060703028,-7.644306715335754,-0.3072233350024835,0.1332273410114243,-9.32684777165756,7.794228423911613,29.06010205996132,-0.20674319221155013
2557.4500000000003,0.0,7.832915501398337,28.80004963249524,28.78292963249524,29.26993899419724,29.32333137330753,-6.3,0.1018930946547337,1.5176213810690533,-7.634806240312011,-0.4655417495027094,0.113894135189377,-9.259865805168774,7.784845739391597,29.044062408123814,-0.26803626210049164
2557.4600000000005,0.0,7.822927487015577,28.71106320476304,28.720587118819523,29.270825270515072,29.33298,-6.312317682317749,0.1043932196609887,1.5171213560678023,-7.625305765288242,-0.7339314115311748,-0.3880939363823824,-9.468613320079802,7.775464176979165,29.00886389852441,-0.2743766982923373
2557.4700000000003,0.0,7.812939472632846,28.57256980585044,28.661865917680583,29.174433864871904,29.33298,-6.342287712287727,0.1068933446672366,1.5166213310665526,-7.6158052902645,-0.9278828262510272,-0.494795071661645,-9.568953985416096,7.766083740740952,28.93546239710073,-0.3132288186888492
2557.4800000000005,0.0,7.802951458250114,28.47903695042568,28.619447526289463,29.10131240861298,29.281221362043265,-6.347739195603325,0.1093934696734844,1.5161213060653032,-7.606304815240759,-1.018403319084794,-0.0522504400298957,-9.51866482273067,7.756704434762686,28.87025456184285,-0.3972554775917931
2557.49,0.0,7.800000000000001,28.45224676514772,28.60123020030045,29.062734541812706,29.152628472709026,-6.317761678740916,0.1118935946797394,1.515621281064052,-7.59680434021699,-1.1773657927597556,0.2171785268415609,-9.578039950063,7.74732626314939,28.817209994992474,-0.46966866406408037
2557.5000000000005,0.0,7.800000000000001,28.423191220107384,28.556095768667685,28.98389680819919,29.063051220107383,-6.312237237237236,0.1143937196859873,1.5151212560628025,-7.587303865193248,-1.4270536828968077,0.2571285892634892,-9.782784019975384,7.737949230025571,28.75655875427041,-0.5266872475465436
2557.51,0.0,7.800000000000001,28.39081445095172,28.47149840409966,28.84603443631056,29.03067445095172,-6.342267267267233,0.1168938446922351,1.514621231061553,-7.577803390169507,-1.4612050898201536,0.0218787425144819,-9.850935628742423,7.728573339535171,28.684755435578417,-0.5033798586343533
2557.5200000000004,0.0,7.800000000000001,28.37311470980997,28.41157425783255,28.76829148433489,28.965954062660423,-6.36,0.1193939696984901,1.514121206060302,-7.568302915145737,-1.20671407185552,-0.5819136726565112,-9.736165169660332,7.719198595841755,28.62973362865946,-0.37250143066743613
2557.5300000000007,0.0,7.800000000000001,28.381907724704664,28.39618648176684,28.79906703646633,28.842851854134675,-6.36,0.121894094704738,1.5136211810590523,-7.558802440121996,-0.9645215430857862,-0.8026953907810482,-9.657269539078104,7.709825003128717,28.605003274268128,-0.2801506735737042
2557.5400000000004,0.0,7.800000000000001,28.391023865671624,28.36530074626876,28.77974528358226,28.757952417910506,-6.347751124437779,0.1243942197109858,1.5131211560578028,-7.549301965098254,-0.7390706412826772,-0.5020941883769028,-9.62720941883769,7.700452565599217,28.573505578358287,-0.2402466750583335
2557.55,0.0,7.800000000000001,28.40060595522386,28.312066915423,28.68818309452755,28.72814147263688,-6.317766116941574,0.1268943447172337,1.5126211310565532,-7.539801490074512,-0.6035939060939345,-0.1143281718291294,-9.637759740259616,7.691081287476414,28.53224935945282,-0.2334755618292666
2557.5600000000004,0.0,7.800000000000001,28.39799473581213,28.29641226516635,28.6332,28.73826363502937,-6.287781109445267,0.1293944697234887,1.5121211060553024,-7.530301015050743,-0.5886088911088817,0.3901673326676485,-9.702694805194843,7.681711173003524,28.51646765900196,-0.2710753885454421
2557.5700000000006,0.0,7.800000000000001,28.3770554011742,28.337243967710325,28.6332,28.808410406066457,-6.257796101949021,0.1318945947297365,1.511621081054053,-7.520800540027001,-0.5332300774419142,0.5333125156132763,-9.693230077441914,7.672342226444045,28.538977443737746,-0.2687952253082766
2557.5800000000004,0.0,7.800000000000001,28.37017031944795,28.361226946077192,28.597426506516967,28.8427324150269,-6.264396099024711,0.1343947197359844,1.5111210560528032,-7.511300065003259,-0.4233125156133899,0.1885710716965411,-9.58331251561339,7.662974452081713,28.542889046767254,-0.21267004625891156
2557.5900000000006,0.0,7.786445587574277,28.388764748274976,28.354664206491183,28.496797832864843,28.812106296958863,-6.324411102775696,0.1368948447422394,1.5106210310515522,-7.50179958997949,-0.4663189568709099,-0.2290170511540744,-9.539137412236764,7.653607854220694,28.513083271147465,-0.1903755281825654
2557.6000000000004,0.0,7.766468561154681,28.355428000000128,28.289944000000173,28.45643599999994,28.8296519999999,-6.335610486891449,0.1393949697484873,1.5101210060503023,-7.492299114955749,-0.7170712136411036,-0.7455667001006735,-9.584272818455398,7.644242437185797,28.482865000000032,-0.21403964388100186
2557.6100000000006,0.0,7.746491534735085,28.24386910275709,28.137623197995257,28.50685204010016,28.91975726315773,-6.275685393258471,0.1430908812885428,1.5084545593557286,-7.481500076456507,-0.8857742257742083,-0.9261638361639136,-9.758201798201696,7.633397248405702,28.452025401002558,-0.22559212264918166
2557.6200000000003,0.0,7.726514508315432,28.155114849368324,28.07246592808551,28.569667580174915,28.949934557823138,-6.252138034508671,0.1471685610887443,1.5064157194556278,-7.470286457005954,-0.9457142857143344,-0.6614285714283565,-10.102857142857424,7.622081517205292,28.436795728862972,-0.22108964083540983
2557.630000000001,0.0,7.706537481895836,28.10000309037913,28.13589644314855,28.650775451894862,28.89170326530625,-6.282145536384078,0.1512462408889343,1.5043768795555328,-7.459072837555431,-1.0271389236545334,-0.2700200250314662,-10.4028485607008,7.6107682146470275,28.444594562682198,-0.24373342997682484
2557.6400000000003,0.0,7.68656045547624,28.05929542440323,28.12336912466903,28.68197014588884,28.80844726790501,-6.291902699100337,0.1553239206891242,1.502338039655438,-7.447859218104909,-1.1372765957446116,0.2906808510634772,-10.64314893617006,7.5994573515774295,28.418270490716527,-0.3026568148807883
2557.6500000000005,0.0,7.666583429056588,28.04581399204246,27.96726832891273,28.618820278514697,28.677890238727013,-6.271909363545468,0.1594016004893257,1.5002991997553372,-7.436645598654354,-1.1677528089886473,0.5562546816477455,-10.79504868913863,7.5881489389053405,28.327448209549228,-0.3175183580827008
2557.6600000000003,0.0,7.646606402636991,28.03233255968173,27.81116753315688,28.55567041114074,28.5473332095494,-6.251916027990655,0.1634792802895157,1.4982603598552422,-7.425431979203832,-1.0928464419475317,0.4314107365792196,-10.830004993757818,7.576842987602454,28.23662592838219,-0.27409135575783655
2557.6700000000005,0.0,7.626629376217395,27.99669220645187,27.751412309676983,28.454312567742505,28.47079470967732,-6.24,0.1675569600897056,1.4962215199551472,-7.41421835975331,-1.0092992992993617,0.2721721721723064,-10.721471471471668,7.565539508703557,28.16830294838717,-0.24590168820470146
2557.6800000000003,0.0,7.606652349797743,27.916062529032345,27.88726779354824,28.275380954838905,28.50393019354835,-6.24,0.1716346398899072,1.4941826800550464,-7.403004740302755,-0.9142042042041012,0.0669669669667445,-10.421171171170846,7.5542385133070615,28.14566036774196,-0.23807593534648663
2557.6900000000005,0.0,7.6,27.88943367813196,27.946181019332272,28.193673120763115,28.48652269143879,-6.252051025512781,0.1757123196900971,1.4921438401549514,-7.3917911208522336,-0.7891208791208267,-0.2518981018982512,-10.15764235764229,7.542940012575545,28.128952627416535,-0.20279583102014043
2557.7000000000003,0.0,7.6,27.946385724328245,27.88600527240789,28.26244540296241,28.3908862365054,-6.282066033016495,0.1797899994902871,1.4901050002548564,-7.380577501401711,-0.6242857142857143,-0.7214285714285715,-9.942857142857145,7.531644017735993,28.121430659050986,-0.1311227491663094
2557.7100000000005,0.0,7.6,27.95394247582209,27.82672216634433,28.24679029980666,28.29998813346233,-6.3,0.1838676792904886,1.4880661603547556,-7.369363881951156,-0.5000025031287768,-1.0328535669588903,-9.62073091364116,7.520350540080351,28.081860768858853,-0.10575303787526659
2557.7200000000003,0.0,7.6,27.887714235976883,27.768772456479773,28.10502047388801,28.216168017408243,-6.3,0.1879453590906786,1.4860273204546608,-7.358150262500634,-0.4299148936170086,-1.1329787234042734,-9.155148936170129,7.5090595909660705,27.99441879593823,-0.14226540126139736
2557.7300000000005,0.0,7.6,27.83215863987643,27.74333706336931,28.066999659968715,28.17274278207101,-6.287949038221344,0.1920230388908685,1.4839884805545658,-7.346936643050112,-0.4394580419579335,-0.8631468531475699,-8.846993006993102,7.497771181816366,27.953809536321366,-0.22016417555327217
2557.74,0.0,7.6,27.797980381246777,27.78302794435858,28.23678842864504,28.21022861411644,-6.257971521358933,0.1961007186910701,1.481949640654465,-7.335723023599558,-0.5543431568433383,-0.1039060939048941,-8.74709290709275,7.486485324120771,28.007006342091707,-0.3528122204864042
2557.7500000000005,0.0,7.6,27.778458634658666,27.827298154538607,28.350508622155523,28.272876764191,-6.24,0.20017839849126,1.47991080075437,-7.324509404149035,-0.6671939924907525,0.4544205256574384,-8.722177722152786,7.4752020294357004,28.05728554388595,-0.45253721741562325
2557.76,0.0,7.6,27.781669437359337,27.87867099774937,28.3772653113278,28.374552183045644,-6.24,0.20425607829145,1.477871960854275,-7.313295784698512,-0.7773316645808306,0.7447834793494628,-8.797271589486929,7.463921309384718,28.10303948237054,-0.5083520114652315
2557.7700000000004,0.0,7.6,27.77018405719823,27.88015806592336,28.358097968977148,28.41677681047015,-6.227999999999983,0.2083337580916515,1.4758331209541742,-7.302082165247959,-0.8443035446830035,0.5743235147257288,-8.992775836246624,7.452643175659107,28.106304225642223,-0.4835300973099774
2557.7800000000007,0.0,7.6,27.73595235579256,27.80443339311688,28.267850756180383,28.366985244789177,-6.198037453183536,0.2124114378918415,1.4737942810540792,-7.290868545797436,-0.854288567149285,-0.2045082376442376,-9.347244133799622,7.441367640018427,28.04380543746975,-0.3522527609550748
2557.7900000000004,0.0,7.587065271549605,27.69954123807076,27.726378725819096,28.1953362393604,28.331417498065527,-6.191937015746018,0.2164891176920314,1.4717554411539842,-7.279654926346914,-0.9114242803504,-0.6114317897371999,-9.744983729661934,7.430094714290816,27.988168425328944,-0.2689333027684647
2557.8,0.0,7.567135027404131,27.65869522311077,27.64358274954886,28.1589060098015,28.324793819963908,-6.221929517620525,0.2196749526459821,1.4698049715875892,-7.269414914762768,-1.031574468085031,-0.5213191489362269,-10.200553191489076,7.419769332149012,27.94649445060626,-0.24970708362924596
2557.8100000000004,0.0,7.5472047832586,27.611663007744244,27.57434745940549,28.11330883837128,28.27895435423443,-6.24,0.2173364824731644,1.4684018894838986,-7.265205668451697,-1.1064510489510684,-0.1452972027962321,-10.573968531468871,7.415298555052005,27.89456841493886,-0.25744007498194965
2557.8200000000006,0.0,7.527274539113126,27.55499550836883,27.52623354484146,28.0534337446916,28.17203454409213,-6.24,0.2149980123003534,1.466998807380212,-7.260996422140637,-1.1214360639360572,0.6089485514482116,-10.838703796203678,7.410828475176523,27.826674335498506,-0.30083687672972065
2557.8300000000004,0.0,7.507344294967652,27.507037605052325,27.540996395433226,28.02578826329845,28.08529918387192,-6.24,0.2126595421275424,1.4655957252765257,-7.256787175829577,-1.0913963963965143,0.9263338338341808,-11.05862862862842,7.40635909378497,27.78978036191398,-0.29046871316764655
2557.8400000000006,0.0,7.48741405082212,27.472731071168383,27.654311916443824,28.048659285887744,28.03020081127044,-6.24,0.2103210719547248,1.464192643172835,-7.252577929518505,-1.0013063063061394,0.6610685685680768,-11.218788788789086,7.401890412142602,27.8014757711926,-0.20839301710882116
2557.8500000000004,0.0,7.467483806676646,27.443623670756697,27.62908377300695,27.96690728016438,27.96074766871192,-6.24,0.2079826017819138,1.462789561069148,-7.248368683207445,-0.8338811188807718,0.0863811188798525,-11.12291958041902,7.397422431517567,27.750090598159986,-0.10691896328556602
2557.8600000000006,0.0,7.447553562531172,27.42502448875261,27.323838374233976,27.673696646217586,27.86228141104322,-6.24,0.2056441316091028,1.4613864789654616,-7.2441594368963855,-0.5641508491509708,-0.8976348651344215,-10.688354145854342,7.39295515318085,27.57121023006185,0.02021679726680399
2557.8700000000003,0.0,7.427623318385641,27.43035849056601,27.19483735849047,27.548179622641417,27.83707962264145,-6.24,0.2033056614362851,1.459983396861771,-7.239950190585313,-0.4958072590740955,-1.215449311638828,-10.264095118898105,7.388488578406303,27.502613773584837,0.01200863981473227
2557.880000000001,0.0,7.407693074240167,27.475581132075373,27.35957698113172,27.7021519496852,27.933985283018657,-6.24,0.2009671912634741,1.4585803147580845,-7.235740944274253,-0.6960575719651467,-0.644735919899332,-9.85358197747145,7.3840227084707015,27.617823836477736,-0.1767107174960516
2557.8900000000003,0.0,7.4,27.45005315827912,27.416527532215333,27.76823364454196,27.995356168247003,-6.251886085435904,0.1986287210906631,1.457177232654398,-7.231531697963193,-0.8207615480649263,-0.0122197253431095,-9.249802746566536,7.379557544653667,27.657542625820852,-0.3757352312554858
2557.9000000000005,0.0,7.4,27.312693566739863,27.303101808898827,27.695391436907503,28.000559183078035,-6.281863602298314,0.1962902509178454,1.4557741505507071,-7.227322451652122,-0.8457303370787024,0.7018876404508887,-8.390876404492637,7.375093088237725,27.57793649890606,-0.5883644643177592
2557.9100000000003,0.0,7.4,27.21279410223485,27.220305815566466,27.62337011559229,27.95636851785297,-6.3,0.1939517807450344,1.4543710684470206,-7.223113205341062,-0.8364619225967033,0.9430936329584416,-8.12468164794056,7.3706293405083345,27.503209637811644,-0.6506189751723326
2557.9200000000005,0.0,7.4,27.188607099923026,27.19941704084261,27.553007927048803,27.81234591317802,-6.3,0.1916133105722234,1.452967986343334,-7.218903959030002,-0.7815305867665518,0.5535805243446407,-8.64902621722837,7.366166302753834,27.438344495248113,-0.5123153676118203
2557.9300000000003,0.0,7.4,27.21504562406748,27.20251741919437,27.56902886623549,27.758069825957115,-6.288176823176785,0.1892748403994057,1.4515649042396437,-7.214694712718931,-0.7862643965950303,-0.0433099649488416,-9.01399599399123,7.361703976265479,27.436165433863614,-0.3966042041750424
2557.9400000000005,0.0,7.4,27.32252449030315,27.24401915962201,27.723330208851056,27.84745818995509,-6.258206793206807,0.1869363702265948,1.450161822135957,-7.210485466407871,-0.8713920881322559,-0.9196244366555748,-9.1642213319981,7.357242362337487,27.534333012182827,-0.3113345030089431
2557.9500000000003,0.0,7.4,27.33089441437158,27.26657395928145,27.75375943952132,27.89388766467071,-6.251774999999954,0.1845979000537837,1.44875874003227,-7.206276220096811,-0.8340926157697117,-1.3448310387984976,-9.612958698372967,7.35278146226698,27.561278869461265,-0.1866827751854804
2557.9600000000005,0.0,7.4,27.17302136047898,27.257347611976044,27.5764085413173,27.86825892215568,-6.281775000000039,0.1822594298809661,1.4473556579285796,-7.202066973785739,-0.6338423028780914,-1.16961201501833,-10.459016270340063,7.34832127735401,27.468759108982002,-0.009613478080996038
2557.9700000000003,0.0,7.4,27.07726554393303,27.23315424686195,27.47474815899578,27.82851299163183,-6.288227943014216,0.1799209597081551,1.445952575824893,-7.197857727474679,-0.6126335496758164,-0.6326834747862623,-10.94,7.343861808901628,27.403420235355647,0.014468483177886016
2557.9800000000005,0.0,7.4,27.13658562761493,27.171595669456195,27.56204941422576,27.753523451883,-6.258235441139709,0.1775824895353441,1.4445494937212064,-7.193648481163619,-0.8273115327008713,0.3807963055413224,-10.94,7.339403058215797,27.405938540794974,-0.16300992735258163
2557.99,0.0,7.4,27.150038335005046,27.119412938816467,27.585392036108363,27.647175145436385,-6.24,0.1752440193625264,1.443146411617516,-7.189439234852547,-0.980040060090205,0.8848998497744879,-10.899231347020436,7.33494502660545,27.375504613841564,-0.2728875699310996
2558.0000000000005,0.0,7.4,27.08671837512544,27.082923470411263,27.501680902708205,27.48833863590788,-6.24,0.1729055491897154,1.441743329513829,-7.185229988541487,-1.0501452178267436,0.7096369554331412,-10.80408863294942,7.330487715382525,27.289915346038196,-0.2926045616698906
2558.01,0.0,7.4,27.038735103633304,27.00914038039528,27.47397175810766,27.39422244818335,-6.251706220334758,0.1705670790169044,1.4403402474101423,-7.181020742230428,-1.0837297166384248,0.3508282877215497,-10.643405182853218,7.32603112586191,27.229017422579894,-0.29089028528459226
2558.0200000000004,0.0,7.4,27.0157748500366,26.87450980248728,27.537634279444,27.405702574981703,-6.281683737197168,0.1703987261817049,1.4384050952731802,-7.172424202547606,-1.0691983531121203,-0.2498014046990306,-10.396372002906045,7.317220366046307,27.208405376737396,-0.26094037522929225
2558.0300000000007,0.0,7.4,26.963115561826783,26.77447165212936,27.514474099538592,27.37505018984116,-6.288329999999968,0.1709250973786725,1.43629961048531,-7.162423149805222,-1.0088039266339244,-0.5503616636527711,-10.202076982691796,7.307015624511823,27.156777875833974,-0.23880973190808824
2558.0400000000004,0.0,7.4,26.85002166752206,26.74482567983588,27.31463828630112,27.258662298614937,-6.258330000000011,0.1714514685756401,1.4341941256974398,-7.152422097062838,-0.8693050891242934,-0.3333634719711229,-10.09874451046244,7.29681096444293,27.0420369830685,-0.23016572576024244
2558.05,0.0,7.4,26.78767050585592,26.73863448293039,27.16162124096706,27.210097333665423,-6.24,0.1719778397726076,1.4320886409095694,-7.142421044320455,-0.7792286570144956,-0.227234148776807,-9.880584123814536,7.286606386181895,26.9745058908547,-0.24396809115182216
2558.0600000000004,0.0,7.4,26.80793464739596,26.77063049588836,27.08483080986794,27.271956292050827,-6.24,0.1725042109695767,1.4299831561216931,-7.132419991578042,-0.7542661008486852,-0.2671742386421036,-9.511138292560542,7.276401890072876,26.983838061300773,-0.2873434860225259
2558.0700000000006,0.0,7.4,26.798382452694668,26.771489700598853,27.012222016766533,27.298027602395244,-6.2516433566433545,0.1730305821665443,1.4278776713338228,-7.122418938835659,-0.7078142213319234,-0.3736830245369992,-9.248502754131078,7.26619747646205,26.97003044311382,-0.3004157629951058
2558.0800000000004,0.0,7.4,26.738923770060044,26.720232215569,26.946612435928323,27.264197662275546,-6.281613386613374,0.1735569533635118,1.4257721865459527,-7.112417886093275,-0.6327015523284891,-0.5689759639459284,-9.128322483725585,7.255993145697451,26.917491520958226,-0.27307209626031415
2558.0900000000006,0.0,7.395037070661221,26.714168876080613,26.698758857741616,26.88630740372026,27.23459871102963,-6.288404999999949,0.1740833245604809,1.4236667017580764,-7.102416833350863,-0.501652933832325,-0.4796029962538106,-8.82081647939971,7.245788898129067,26.883458462143032,-0.2848942505798724
2558.1000000000004,0.0,7.384949815907611,26.775840345821223,26.75145993188359,26.839212826827428,27.21553662038253,-6.258404999999992,0.1746096957574484,1.421561216970206,-7.092415780608479,-0.2969088639199425,-0.0151835205988939,-8.266509363295455,7.235584734108952,26.89551243122869,-0.34831726067987456
2558.1100000000006,0.0,7.374862561154,26.797617140000103,26.75956794000016,26.90820377999937,27.237654639999786,-6.251597899474843,0.175136066954416,1.4194557321823358,-7.082414727866095,-0.3045657071337407,0.3423504380474285,-8.205574468084745,7.22538065399105,26.925760874999856,-0.39728806331081845
2558.1200000000003,0.0,7.36477530640036,26.753747140000044,26.694297940000062,27.16821377999974,27.32753463999991,-6.281605401350379,0.1756624381513851,1.4173502473944597,-7.072413675123683,-0.5949286608261772,0.5576195244056141,-8.801319148936468,7.215176658131311,26.98594837499994,-0.4270229441124115
2558.130000000001,0.0,7.354688051646749,26.690499407265968,26.694687342255992,27.237911816444093,27.359466271510644,-6.3,0.1761888093483526,1.4152447626065894,-7.0624126223813,-0.8030853719420175,0.6218347478782764,-9.33819271093328,7.204972746887783,26.995641209369175,-0.42235369249828403
2558.1400000000003,0.0,7.344600796893139,26.59536556405377,26.803119464626885,26.99445101338492,27.29604370936918,-6.3,0.1767151805453202,1.413139277818719,-7.052411569638916,-0.9029355966049754,0.4870369445832833,-9.797503744382889,7.194768920620454,26.922244937858686,-0.37235709609081125
2558.1500000000005,0.0,7.3345135421395,26.52702652930248,26.849322962337464,26.818345911163654,27.23401443675056,-6.3,0.1772415517422893,1.4110337930308428,-7.042410516896503,-1.054411617426358,0.1267651477209257,-10.227366049073998,7.184565179691356,26.85717745988854,-0.3207085864208561
2558.1600000000003,0.0,7.324426287385889,26.525580827562912,26.740172480999966,26.810394551596023,27.175463516297995,-6.3,0.1777679229392568,1.4089283082429729,-7.032409464154119,-1.2747421131697654,-0.5342263395092959,-10.617951927891855,7.174361524464667,26.812902844114223,-0.2668568832168011
2558.1700000000005,0.0,7.314339032632279,26.524135125823346,26.63102199966247,26.80244319202839,27.11691259584543,-6.3,0.1782942941362244,1.4068228234551023,-7.022408411411735,-1.404293532338303,-0.8863855721393343,-10.94519154228842,7.164157955306542,26.76862822833991,-0.2242200119276499
2558.1800000000003,0.0,7.304251777878639,26.48603815526525,26.50778522674875,26.78815647963107,27.038513451191463,-6.311535580524359,0.1788206653331935,1.404717338667226,-7.012407358669323,-1.4142437810945483,-0.831659203979984,-11.188972636816436,7.15395447258523,26.705123328209133,-0.19635864919840906
2558.1900000000005,0.0,7.288462305544473,26.371992549321284,26.35535888803518,26.76074167050993,26.918984883423267,-6.341498127340848,0.179347036530161,1.4026118538793555,-7.00240630592694,-1.2977344336080694,-0.4395273818444803,-11.270975243810792,7.1437510766711645,26.601769497822414,-0.18559763964263107
2558.2000000000003,0.0,7.26851814918231,26.327412059999773,26.26754341999993,26.666345260000654,26.84656107999998,-6.348524999999988,0.1798734077271286,1.4005063690914856,-6.992405253184556,-1.0076619154791324,0.415686421604627,-11.130940235058892,7.133547767936804,26.526965455000088,-0.19830650982758954
2558.2100000000005,0.0,7.248573992820091,26.399102059999976,26.28787342,26.459835260000062,26.85298108,-6.318524999999944,0.178520322431384,1.3977804836470762,-6.984081289725537,-0.675378844710989,0.7791472868215553,-10.853720930232331,7.124819383498783,26.49994795500001,-0.1664672718648915
2558.2200000000003,0.0,7.228629836457929,26.425349646182525,26.292402644320312,26.400237523277355,26.851783500931106,-6.3,0.1765720965345929,1.3948581448018895,-6.976288386138372,-0.2852813203301398,0.469069767441906,-10.38860465116286,7.116558620285786,26.492443328677822,-0.0736119047332289
2558.2300000000005,0.0,7.208685680095766,26.37553586592185,26.27048458100561,26.58654106145226,26.83783564245812,-6.3,0.1746238706378018,1.3919358059567029,-6.968495482551208,-0.1447755204412387,0.0462703787314387,-9.87627037873144,7.108298535826802,26.51759928770946,-0.05999904060214807
2558.24,0.0,7.188741523733548,26.327586398705133,26.24986693282977,26.687164127326582,26.823386932829774,-6.3,0.1726756447410051,1.389013467111508,-6.960702578964021,-0.3454276398295992,-0.5306044645100976,-9.299395535489904,7.100039132490767,26.522001097922818,-0.1546998935907019
2558.2500000000005,0.0,7.1687973673713845,26.28602179120588,26.233702918802283,26.49435053142725,26.807222918802285,-6.3,0.170727418844214,1.3860911282663213,-6.952909675376857,-0.4685436893203856,-0.8066019417475899,-8.929417475728169,7.091780412657524,26.455324540059426,-0.22333744810799422
2558.26,0.0,7.148853211009222,26.27548053986493,26.23591273681572,26.45345355161156,26.79947085228692,-6.288590704647684,0.1687791929474229,1.3831687894211346,-6.945116771789692,-0.4884590490415578,-0.6821309434902636,-8.8348195170526,7.083522378717751,26.44107942014478,-0.25728469160680545
2558.2700000000004,0.0,7.128909054647003,26.31720010997249,26.269074446388387,26.668469797550514,26.805889247688075,-6.258605697151395,0.1668309670506263,1.3802464505759395,-6.937323868202506,-0.5630750000002541,-0.4943624999995341,-8.731642499999804,7.075265033073086,26.515158400399866,-0.31748171413380016
2558.2800000000007,0.0,7.108964898284841,26.30483813693538,26.25245049836994,26.74009539823029,26.792122217047098,-6.251362275449095,0.1648827411538352,1.3773241117307529,-6.929530964615341,-0.7130750000002541,-0.2193624999995341,-8.616642499999806,7.067008378136262,26.522376562645675,-0.41385411584421944
2558.2900000000004,0.0,7.1000000000000005,26.2011772147184,26.15177979506306,26.56965292035429,26.74427871448541,-6.281302395209555,0.1629345152570441,1.3744017728855662,-6.921738061028177,-0.850662650602534,0.0223268072291176,-8.76531626506077,7.0587524163310285,26.416722161155292,-0.4626904101429823
2558.3,0.0,7.1000000000000005,26.102665289835752,26.07376,26.462225678080053,26.712912051765908,-6.3,0.160986289360253,1.3714794340403795,-6.913945157441012,-0.9711445783131876,0.2181099397589297,-9.277364457831048,7.050497150092306,26.337890754920426,-0.44601618305086904
2558.3100000000004,0.0,7.1000000000000005,26.021888800215827,26.07376,26.571850913992805,26.7382989485036,-6.3,0.1590380634634563,1.3685570951951846,-6.906152253853826,-1.0656203288490835,0.3022446437468261,-9.691696562033147,7.042242581866202,26.351449665678057,-0.42378717935157717
2558.3200000000006,0.0,7.1000000000000005,25.97896077922072,26.04405707792232,26.5711571428577,26.725765194805422,-6.288661181750166,0.1570898375666652,1.365634756349998,-6.898359350266661,-1.1254110612854895,0.237471350274053,-9.975702541106076,7.0339887141101745,26.32998504870154,-0.3941496462918719
2558.3300000000004,0.0,7.1000000000000005,26.00033940059933,25.96388724775252,26.38302527472589,26.64880215784241,-6.2587434554974095,0.1551416116698741,1.362712417504811,-6.890566446679497,-1.157897231229737,0.149533549513694,-10.21569967572946,7.0257355492929445,26.24901352023004,-0.3595942114655333
2558.3400000000006,0.0,7.1000000000000005,25.995457948717984,25.92649507692305,26.27966092307689,26.58586200000003,-6.262410000000025,0.1531933857730775,1.3597900786596164,-6.88277354309231,-1.1529084559740483,0.0298029433771608,-10.395295584934258,7.01748308989464,26.19686898717949,-0.31828905855602474
2558.3500000000004,0.0,7.1000000000000005,25.94557449883456,25.962411160839125,26.32156302097897,26.54695290909095,-6.32240999999994,0.1512451598762864,1.3568677398144298,-6.874980639505146,-1.0682763819092584,-0.1196281407037996,-10.3805577889443,7.009231338406923,26.1941253974359,-0.27655994947606977
2558.3600000000006,0.0,7.1000000000000005,25.89524040420381,25.963749814066503,26.30950599838354,26.479879062247665,-6.348786589942519,0.1492969339794952,1.353945400969243,-6.867187735917981,-0.8722964824120172,-0.3105829145729063,-10.09412562814064,7.000980297332922,26.162093819725378,-0.2342381151025016
2558.3700000000003,0.0,7.1000000000000005,25.843340646726,25.84495703583951,26.10998026407995,26.31495316626262,-6.318764073054783,0.1473487080826986,1.351023062124048,-6.8593948323307945,-0.749370176748766,-0.3370873786403749,-10.080943490167522,6.992729969187362,26.028307778227017,-0.19219597273274766
2558.380000000001,0.0,7.1000000000000005,25.81605539769881,25.78524432216099,25.98703165582789,26.26035857928936,-6.288744372186107,0.1454004821859075,1.348100723278861,-6.85160192874363,-0.7244759770973007,-0.1429126213589457,-10.43444112521833,6.984480356496703,25.96217248874426,-0.15052915476183265
2558.3900000000003,0.0,7.091955599900245,25.83104289144569,25.82699519759872,25.995595937968968,26.39524602301124,-6.258729364682393,0.1434522562891164,1.3451783844336749,-6.843809025156466,-0.6404782280391876,-0.1290158570350963,-10.574691668764086,6.976231461799065,26.012220012506155,-0.10254076299060565
2558.4000000000005,0.0,7.076989274133191,25.864791652892592,25.84898925619834,26.05683454545462,26.46622008264461,-6.24,0.1415040303923198,1.3422560455884798,-6.836016121569279,-0.4743569091363578,-0.3656128869876115,-10.41863830858264,6.9679832876443655,26.05920888429754,-0.04576863127927551
2558.4100000000003,0.0,7.062022948366179,25.93062269054173,25.83719862258954,26.208147676767563,26.427900523416007,-6.24,0.1391802141921519,1.3402342245165282,-6.82882887741736,-0.3735280898876312,-0.4482247191010501,-10.347258426966317,6.960495869234981,26.10096737832871,-0.014120580253942541
2558.4200000000005,0.0,7.047056622599168,25.955212208219454,25.823404624657574,26.29987650410989,26.400707441095854,-6.219333502925585,0.1355846624033685,1.341261525027609,-6.823692374861955,-0.3585468164794081,-0.3283745318352652,-10.387208489388245,6.955583606423519,26.119800194520693,-0.015506042722801872
2558.4300000000003,0.0,7.032090296832114,25.80511905753419,25.80112517260273,26.13922992876706,26.42064168767124,-6.158280335792423,0.131989110614575,1.3422888255386929,-6.818555872306535,-0.4230698023520214,-0.1998248686512765,-10.12201901425968,6.950673679597741,26.041528961643806,-0.09067460952481707
2558.4400000000005,0.0,7.017123971065103,25.72523699924978,25.76819753938489,26.055007306826667,26.39606679669925,-6.108807201800476,0.1283935588257916,1.343316126049774,-6.813419369751131,-0.5931973980487137,-0.0597197898422358,-9.451516137102129,6.9457660937115655,25.98612716054015,-0.26384844063827906
2558.4500000000003,0.0,7.002157645298091,25.76697743435848,25.71682469617419,26.103169347336696,26.29439137784475,-6.078799699925026,0.1247980070370082,1.344343426560855,-6.808282867195726,-0.7438346240320216,0.0070796902323148,-9.061386460154877,6.940860853730512,25.970340713928525,-0.38042314010636763
2558.4600000000005,0.0,6.987191319531037,25.761623648648776,25.68756927772599,26.08360988350439,26.228883574091338,-6.04881736526944,0.1212024552482147,1.3453707270719388,-6.803146364640307,-0.8687409442920633,-0.0228978266300951,-9.04140144891327,6.935957964631771,25.940421595992625,-0.4222764801636334
2558.4700000000003,0.0,6.9722249937640255,25.67486689189206,25.69654411463185,25.94699292171508,26.22589196178938,-6.01887724550898,0.1176069034594313,1.3463980275830196,-6.798009862084903,-0.9528496634256108,-0.1128147594117939,-9.22274495138416,6.9310574314042706,25.88607397250709,-0.4137276793954605
2558.4800000000005,0.0,6.957258667997015,25.590973002962745,25.6572807271753,25.858292028009497,26.20144705090248,-5.944491737606512,0.114011351670648,1.3474253280941006,-6.792873359529497,-0.9827673896783682,-0.2823485415107529,-9.671510845175522,6.926159259048612,25.82699820226251,-0.33823028412055056
2558.49,0.0,6.95,25.51719977376786,25.447488106652354,25.938981497441404,26.101161567465684,-5.794266399599216,0.1104157998818544,1.3484526286051846,-6.787736856974078,-1.0764921072415436,-0.2971335504883278,-9.847133550488328,6.921263452577147,25.751207736331825,-0.3415889933015831
2558.5000000000005,0.0,6.95,25.45826917682172,25.367140089529823,25.929470992290643,25.98546224819711,-5.621814092953405,0.106820248093071,1.3494799291162656,-6.7826003544186735,-1.2568980205464808,-0.1016938110746459,-9.651693811074647,6.916370017014028,25.685085626709824,-0.45207297646039746
2558.51,0.0,6.95,25.42527240984836,25.512964511315307,25.76235833374815,25.84283106192517,-5.411919040479675,0.1032246963042877,1.3505072296273464,-6.777463851863269,-1.270104895104758,0.0635089910090726,-9.548561438561451,6.911478957395164,25.635856579209246,-0.4892944057496881
2558.5200000000004,0.0,6.95,25.381161660785697,25.570581110326984,25.673539223712066,25.763432815808045,-5.21329675810432,0.0996291445154941,1.3515345301384305,-6.772327349307849,-1.0603146853143164,0.1883841158843354,-9.568541458541494,6.906590278768277,25.597178702658198,-0.42880393413753704
2558.5300000000007,0.0,6.95,25.316725057633544,25.466878452128988,25.72790760762169,25.79967840508113,-5.033745635910203,0.0960335927267107,1.3525618306495113,-6.767190846752444,-0.8972752316553273,0.2194114700725608,-9.528730277986392,6.9017039861929765,25.57779738061634,-0.3833033757134071
2558.5400000000004,0.0,6.95,25.271940128410883,25.367762664526605,25.717146003210605,25.797899229534696,-4.743859824781649,0.0924380409379274,1.3535891311605923,-6.76205434419704,-0.7970999248684656,0.1242449286250423,-9.40851990984216,6.89682008474069,25.538687006420695,-0.35795924217369546
2558.55,0.0,6.95,25.29369507758156,25.284177859818247,25.48585654360665,25.667369534510684,-4.263259073843126,0.088842489149144,1.3546164316716731,-6.756917841641635,-0.67771228771233,0.076443556443552,-9.385104895104863,6.891938579494754,25.432774753879283,-0.3164395542991987
2558.5600000000004,0.0,6.95,25.32070042,25.250958890000003,25.38600038000001,25.62134474000001,-3.861307578008823,0.0852469373603505,1.355643732182757,-6.751781339086215,-0.5328571428570252,0.0914285714285836,-9.490000000000084,6.887059475550401,25.394751107500007,-0.25347785253891597
2558.5700000000006,0.0,6.95,25.35708041999995,25.307668889999924,25.52082037999982,25.72620473999986,-3.593848439822026,0.0816513855715671,1.356671032693838,-6.746644836530811,-0.3879244811203456,-0.0605401350335888,-9.60351337834453,6.882182778014848,25.47794360749989,-0.17182538701453806
2558.5800000000004,0.0,6.95,25.3804,25.33717661509616,25.56798058134113,25.79738195968117,-3.229283551968944,0.0780558337827838,1.357698333204919,-6.741508333975406,-0.2428882220556709,-0.435633908476713,-9.728544636158905,6.8773084920072325,25.520734789029618,-0.0651936764593835
2558.5900000000006,0.0,6.944984529394162,25.3804,25.318114261603395,25.458622869198425,25.80841805907172,-2.6843794147322666,0.0744602819939902,1.358725633716003,-6.736371831419986,-0.2542700000001736,-0.607149999999921,-9.840707500000075,6.87243662265868,25.49138879746838,-0.03420646077862187
2558.6000000000004,0.0,6.935003493362631,25.36511625066965,25.309836164970484,25.412318896625266,25.80530290305313,-2.0752385710715053,0.0708647302052068,1.3597529342270838,-6.731235328864582,-0.4742699999998609,-0.5071500000000632,-9.93570749999994,6.867567175112369,25.473143553829633,-0.10410799380444546
2558.6100000000006,0.0,6.9250224573310994,25.29748904124278,25.338491762185264,25.581960032136752,25.753722828066525,-1.3557781663757105,0.0744393570384691,1.3570404286410207,-6.722971018022425,-0.6707024999997617,-0.3942950000001877,-10.04356249999982,6.8589677978550085,25.49291591590783,-0.1654863467270418
2558.6200000000003,0.0,6.91504142129954,25.23920001495886,25.313955427574168,25.68533692844677,25.77007687359761,-0.7680599999996268,0.0802844617632735,1.3531436921578175,-6.713716268874817,-0.8357025000002307,-0.2642949999998182,-10.168562500000174,6.849191892871852,25.502142311144354,-0.21549714438951653
2558.630000000001,0.0,6.905060385268009,25.19758445774128,25.19444408376982,25.670398010471228,25.907728332086545,-0.4080600000001384,0.0861295664880614,1.3492469556746258,-6.704461519727237,-1.0284565434566937,-0.0872627372625805,-10.289228271728348,6.839421753271537,25.49253872101722,-0.2803748191250741
2558.6400000000003,0.0,6.895079349236478,25.146021420256325,25.10943016065199,25.630445173457773,25.94634604423792,-0.015198601049947,0.0919746712128492,1.345350219191434,-6.695206770579656,-1.2582267732265242,0.1524975024972426,-10.404113386613265,6.829657403796974,25.458060699651,-0.36508077915188
2558.6500000000005,0.0,6.885098313204918,25.07626589057054,25.087506994179314,25.54474552270095,25.80384546216553,0.4344641518862028,0.0978197759376537,1.341453482708231,-6.6859520214320485,-1.3771921921921653,0.3198848848849477,-10.534039039039174,6.819898869318066,25.378090967404084,-0.40277449051454534
2558.6600000000003,0.0,6.875117277173387,25.01453915068501,25.04217006849351,25.465679000000144,25.659901589041493,0.7637927012164,0.1036648806624415,1.337556746225039,-6.676697272284468,-1.3471621621621257,0.3899549549550402,-10.684189189189372,6.8101461748325,25.295572452055037,-0.37725243491579963
2558.6700000000005,0.0,6.865136241141856,24.983758328767205,24.90658787671269,25.412179000000144,25.51039473972643,0.8837727045491146,0.1095099853872293,1.3336600097418472,-6.667442523136887,-1.2140440992230386,0.2517714858428183,-10.621834126784991,6.800399345466273,25.203229986301615,-0.32761667430164104
2558.6800000000003,0.0,6.855155205110297,24.95297750684931,24.77100568493149,25.358678999999995,25.36088789041094,1.0037527078821704,0.1153550901120338,1.3297632732586442,-6.65818777398928,-0.943435229265249,-0.1641643698330432,-10.276056126283374,6.790658406474487,25.110887520547934,-0.24581992788507911
2558.6900000000005,0.0,6.8500000000000005,24.91768099481867,24.71669396891186,25.27449772020732,25.24082099481867,1.08,0.1212001948368216,1.3258665367754523,-6.648933024841699,-0.7510883674487187,-0.428102845731481,-10.006500249625358,6.780923383242137,25.037423419689134,-0.19457499497212352
2558.7000000000003,0.0,6.8500000000000005,24.871111046632222,24.86527427979244,25.11372051813505,25.19425104663222,1.08,0.1270452995616095,1.3219698002922604,-6.639678275694118,-0.6612231652520565,-0.4930054917624036,-9.836754867698328,6.771194301284662,25.011089222797985,-0.18333670930238619
2558.7100000000005,0.0,6.8500000000000005,24.83502528000001,24.96438827999999,25.04179635999992,25.211113159999883,1.08,0.1328904042864139,1.3180730638090574,-6.630423526546512,-0.5281977471834948,-0.4847934918645629,-9.59576971213932,6.761471186248735,25.013080769999952,-0.1759884284094966
2558.7200000000003,0.0,6.8500000000000005,24.81790528000004,24.97401827999997,25.1306063599998,25.342723159999696,1.08,0.1387355090112018,1.3141763273258655,-6.621168777398931,-0.3379599499372668,-0.3796620775969106,-9.260350438047286,6.7517540639130775,25.066313269999878,-0.17379666547662043
2558.7300000000005,0.0,6.8500000000000005,24.82641435897417,24.964739941945,25.14688841799749,25.391359864538327,1.08,0.1445806137359896,1.3102795908426736,-6.61191402825135,-0.2235189810189856,-0.1860589410590364,-8.983586413586476,6.742042960189004,25.082350645863748,-0.19738177828854792
2558.74,0.0,6.8500000000000005,24.881286153846084,24.921256632801217,25.03196824383179,25.289898809869506,1.08,0.1504257184607941,1.3063828543594709,-6.602659279103743,-0.2085339660339328,0.1236313686320549,-8.78378621378577,6.7323379011212445,25.031102460087148,-0.2547897280606074
2558.7500000000005,0.0,6.8500000000000005,24.90591720930243,24.875957209302427,24.985098315245224,25.26154760723482,1.1115528882221843,0.1562708231855819,1.3024861178762788,-6.593404529956162,-0.2861861861864984,0.3215465465466246,-8.596741741741477,6.722638912888744,25.007130085271225,-0.3297538704898628
2558.76,0.0,6.8500000000000005,24.856149767442016,24.826189767442017,25.10564611886267,25.41306181912097,1.201575393848406,0.1621159279103697,1.2985893813930869,-6.584149780808581,-0.4863863863864776,0.3715965965966194,-8.426571571571493,6.712946021805241,25.050261868216918,-0.4279427555864431
2558.7700000000004,0.0,6.8500000000000005,24.830437650587328,24.786844978755337,25.12293034741337,25.48973362159468,1.2915900000000795,0.1679610326351742,1.294692644909884,-6.574895031660974,-0.6453671328673343,0.1666833166822808,-8.409932567432923,6.703259254320079,25.05748664958768,-0.46254212412540774
2558.7800000000007,0.0,6.8500000000000005,24.848623104223904,24.766520059985044,24.951773136716177,25.42982859785066,1.3815900000000798,0.1738061373599621,1.290795908426692,-6.565640282513393,-0.750262237762257,-0.3727772227773211,-8.594747752247788,6.693578637019037,24.999186224693947,-0.41370322527400727
2558.7900000000004,0.0,6.840693029758391,24.827232921129745,24.75632640701069,24.895996830574084,25.3645823369038,1.4926631657914728,0.1796512420847499,1.2868991719435,-6.5563855333658125,-0.9263804755942384,-0.6972415519398872,-8.893967459323731,6.683904196624901,24.96103462390458,-0.3938247217347947
2558.8,0.0,6.820720990613209,24.73346466407036,24.764661363193746,25.05123538948352,25.289567731256287,1.6427006751685092,0.1854963468095377,1.2830024354603082,-6.547130784218232,-1.1967183979971576,-0.7372916145180974,-9.344530663328596,6.674235959998328,24.95973228700098,-0.41225735670974056
2558.8100000000004,0.0,6.800748951467971,24.678969535301665,24.745488097560987,25.120158418485257,25.238007311938382,1.7716349999999663,0.1898956960414487,1.2797913920828974,-6.538226832704628,-1.3110786516853097,-0.5870162297124872,-9.814067415730795,6.6650083644751215,24.945655840821573,-0.3952289133528502
2558.8200000000006,0.0,6.780776912322788,24.71633025417197,24.66197590243911,24.987198213093848,25.241303845956352,1.8616349999999664,0.1894412125619235,1.278882425123847,-6.530500613552701,-1.221191011235971,-0.1875156054932041,-10.30844943820216,6.657241658068286,24.90170205391532,-0.33176529352000494
2558.8300000000004,0.0,6.760804873177606,24.70476814296445,24.61652055486124,24.89388562859289,25.209550872282115,1.9832699999998424,0.1889867290823984,1.2779734581647968,-6.522774394400773,-1.1549136420525987,0.1068110137670628,-10.788277847308702,6.649475012645232,24.85618129967517,-0.2674966176451977
2558.8400000000006,0.0,6.740832834032367,24.60314354911271,24.641124403899028,24.87356070982254,25.11327494126467,2.1632700000000984,0.188532245602872,1.277064491205744,-6.515048175248824,-1.1198698372965652,0.2620050062580686,-11.24885356695943,6.64170842841988,24.80777590102474,-0.20216294893420236
2558.8500000000004,0.0,6.720860794887185,24.50650768482499,24.654884834630355,24.855257947470832,25.02010768482499,2.322179999999955,0.1880777621233468,1.2761555242466938,-6.507321956096896,-1.0026966292132742,0.2008014981270202,-11.38891136079874,6.633941905607209,24.759189537937793,-0.1352535548781732
2558.8600000000006,0.0,6.700888755742002,24.41907577821036,24.6486396984436,24.84068596303506,24.93267577821036,2.442179999999955,0.1876232786438217,1.2752465572876437,-6.499595736944968,-0.7779775280899274,-0.1437677902621114,-11.109260923845245,6.6261754444231435,24.710269304474842,-0.06628079761028585
2558.8700000000003,0.0,6.680916716596764,24.36916950962767,24.61891272914004,24.835940046213068,24.8658846623877,2.541090000000118,0.1871687951642952,1.2743375903285905,-6.49186951779302,-0.6025857321650647,-0.4197421777223912,-10.807757196495196,6.61840904508462,24.672476736842118,-0.024313116796108425
2558.880000000001,0.0,6.660944677451582,24.408727917843297,24.533202844672854,24.854620405648223,24.8483031476252,2.601090000000033,0.1867143116847701,1.2734286233695402,-6.484143298641092,-0.4924480600751432,-0.6049737171463501,-10.477344180225431,6.610642707809653,24.661213578947393,-0.018069921557902782
2558.8900000000003,0.0,6.65,24.414750323065533,24.48254217881288,24.82166545454584,24.835720961682952,2.7138149999998165,0.1862598282052449,1.27251965641049,-6.476417079489164,-0.3932409488140926,-0.5867490636707813,-10.10404244694188,6.602876432817221,24.6386697295268,-0.04314425821142848
2558.9000000000005,0.0,6.65,24.357940906586546,24.49754843976959,24.69196848484852,24.832505334335085,2.923815000000115,0.1858053447257185,1.271610689451437,-6.468690860337214,-0.3083470661671332,-0.302104868913329,-9.67457927590432,6.595110220327331,24.594990791384934,-0.10922792646494585
2558.9100000000003,0.0,6.65,24.29303504836488,24.483026338093104,24.60612759557808,24.853634219253745,3.133814999999921,0.1853508612461933,1.2707017224923869,-6.460964641185288,-0.3181756756758864,-0.0969069069067507,-9.3093393393389,6.58734407056109,24.558955800322455,-0.18914071172941044
2558.9200000000005,0.0,6.65,24.21319165822221,24.414025877475986,24.60119899124828,24.919677517272987,3.343814999999921,0.1848963777666682,1.2697927555333364,-6.45323842203336,-0.4533108108108724,0.0031931931932388,-9.029059059058932,6.579577983740583,24.537023511054866,-0.2873477644451545
2558.9300000000003,0.0,6.65,24.15955450381673,24.34631734460202,24.567041892039413,24.95147468920404,3.690900000001181,0.1844418942871417,1.2688837885742836,-6.44551220288141,-0.5731960049939768,-0.1689388264680771,-8.837602996254518,6.571811960088939,24.50609710741555,-0.33868336542317445
2558.9400000000005,0.0,6.65,24.22489801526708,24.28447437840795,24.40018256815729,24.82778875681589,4.290900000000328,0.1839874108076166,1.2679748216152331,-6.437785983729483,-0.6730711610487976,-0.6982771535586272,-8.762696629213403,6.564045999830413,24.434335929662055,-0.32851711932339417
2558.9500000000003,0.0,6.65,24.23463576923097,24.27406115384597,24.315214999999856,24.758071538461472,4.68,0.1835329273280914,1.267065854656183,-6.430059764577555,-0.8096894565489192,-1.1184573002754206,-8.788920611069337,6.556280103190252,24.395495865384568,-0.3267356790396635
2558.9600000000005,0.0,6.65,24.13950090409586,24.36064457042961,24.38469551948055,24.79013947052949,4.68,0.183078443848565,1.26615688769713,-6.422333545425606,-0.9950137741048762,-1.393939393939681,-8.949201101928542,6.548514270394769,24.418745116133877,-0.3360689813493064
2558.9700000000003,0.0,6.65,24.07106048993452,24.413466199369395,24.434173800630603,24.83333233082704,5.070720000000782,0.1826239603690398,1.2652479207380798,-6.414607326273679,-1.03723664503246,-1.4093235147279273,-9.28239640539188,6.540748501671415,24.438008205190393,-0.29822323391533073
2558.9800000000005,0.0,6.65,24.053413145767685,24.402047329614387,24.44559267038561,24.89769323308256,6.180719999999205,0.1821694768895147,1.2643389537790295,-6.406881107121751,-0.892453819271171,-1.084810284573314,-9.841557663504444,6.532982797248657,24.44968659471256,-0.19872366484414894
2558.99,0.0,6.65,24.041697734193544,24.403549919999964,24.46346991999996,24.938526172903245,7.026720000000434,0.1817149934099883,1.2634299868199763,-6.399154887969801,-0.8229311639550008,-0.934483103880002,-10.203103879850005,6.525217157356046,24.461810936774178,-0.1362922393507675
2559.0000000000005,0.0,6.65,24.04501128258064,24.43778991999994,24.49770991999993,24.919749398709712,7.386720000000434,0.1812605099304631,1.2625210198609262,-6.391428668817874,-0.8529687108886584,-1.0145832290364225,-10.303229036295528,6.517451582224293,24.475065130322555,-0.12289753341061548
2559.01,0.0,6.65,24.02759648675676,24.44763699150433,24.48169197401325,24.91595850574707,7.884000000000529,0.180806026450938,1.261612052901876,-6.383702449665947,-0.8196633567448609,-1.2173020101723098,-10.498425768951632,6.509686072085141,24.46822098950535,-0.06109269540912182
2559.0200000000004,0.0,6.65,23.97091482758619,24.41127517241378,24.370467586206857,24.94055620689656,8.634000000001596,0.1803515429714115,1.2607030859428232,-6.375976230513997,-0.703412448534426,-1.580586098329919,-10.818115766530328,6.501920627171436,24.423303448275846,0.06410370120386624
2559.0300000000007,0.0,6.65,23.884754415332385,24.3573927802038,24.278601635128588,24.94237180009705,9.225600000000211,0.1797406315307294,1.2612968423463529,-6.369092210357553,-0.6585585120125165,-1.6481684319290737,-11.073309222423363,6.4952684319566965,24.365780157690455,0.12481462487013298
2559.0400000000004,0.0,6.65,23.74250308102881,24.270172983988463,24.223570097040344,24.90083856380404,9.525599999999786,0.1785955168761256,1.2670224156193717,-6.36508430906644,-0.7360578661844198,-1.2090054249549549,-11.21797468354425,6.492421768635645,24.284271181465417,0.0750165223077813
2559.05,0.0,6.65,23.62845863217224,24.25367903688485,24.1633161116805,24.85833702356568,9.994559999998724,0.1774504022215219,1.2727479888923905,-6.361076407775327,-0.8124425574424399,-0.8799750249753151,-11.044785214786142,6.48958158543631,24.225947701075818,-0.011058998536183723
2559.0600000000004,0.0,6.65,23.585702484631167,24.41593313524583,24.0898632428279,24.81338825307379,10.77456000000094,0.1763052875669149,1.2784735621654253,-6.357068506484202,-0.8873676323677039,-0.6951598401596638,-10.455374625374064,6.486747890870531,24.22622177894467,-0.14463866756943083
2559.0700000000006,0.0,6.65,23.55889396849212,24.46692342085544,24.01698882220564,24.79114546136531,11.649507623095198,0.1751601729123112,1.284199135438444,-6.35306060519309,-0.906271271271255,-0.984759759760032,-9.997042042041958,6.4839206934455875,24.20848791822963,-0.19023666051644222
2559.0800000000004,0.0,6.65,23.564245306326573,24.293540075019084,23.94528089522394,24.81469134783692,12.69924518870297,0.1740150582577074,1.2899247087114627,-6.349052703901976,-0.8512162162162606,-1.900675675674937,-9.711756756756987,6.4811000016640525,24.15443940610163,-0.11968251032495157
2559.0900000000006,0.0,6.642169608480412,23.537228456700547,24.20487429124333,23.81866692791489,24.83213862602806,13.569620379621382,0.1728699436031004,1.2956502819844975,-6.345044802610851,-0.7832317682316603,-2.508676323676584,-9.446183816183511,6.478285824023731,24.098227075471705,-0.07382132329910486
2559.1000000000004,0.0,6.622168608430429,23.445085253991497,24.28666432510867,23.58157936139385,24.83731521044992,14.109080919080984,0.1717248289484967,1.3013758552575163,-6.341036901319739,-0.6983166833166023,-2.713471528471724,-9.206423576423347,6.475478169017579,24.037661037735983,-0.06029480166596085
2559.1100000000006,0.0,6.602167608380446,23.338047325401515,24.32037596482192,23.419641883083106,24.85197499223988,14.858529632406698,0.170579714293893,1.3071014285305351,-6.337029000028625,-0.6564730913642056,-2.523607008760933,-9.076473091364203,6.472677045133563,23.982510041386604,-0.0856522297840635
2559.1200000000003,0.0,6.582166608330407,23.189697609933017,24.22073809622367,23.46613955509562,24.89293722710805,15.998814703677036,0.1694345996392859,1.31282700180357,-6.333021098737501,-0.6714918648310558,-1.8127183979966928,-9.091491864831056,6.469882460854588,23.94237812209009,-0.16234368901233573
2559.130000000001,0.0,6.562165608280424,23.102325851462776,24.17514440110012,23.458469157289617,24.931315193798365,16.939350487134785,0.1682894849846822,1.3185525750765887,-6.329013197446388,-0.7752509363295151,-1.4316479400748898,-8.879191011236124,6.467094424658423,23.91681365091272,-0.2689424448108355
2559.1400000000003,0.0,6.542164608230441,23.13764468117018,24.238290187546685,23.34180999249849,24.96449348837199,17.508923307518955,0.1671443703300785,1.3242781483496076,-6.3250052961552745,-0.9949762796501208,-1.4815855181023,-8.369827715356537,6.464312945017558,23.920559587396834,-0.4146242075462368
2559.1500000000005,0.0,6.522163608180401,23.131672293578085,24.289029449541253,23.281118899082507,24.939569816513927,18.08910000000061,0.1659992556754715,1.3300037216226426,-6.320997394864151,-1.0574267834792566,-1.9846933667090885,-8.27635043804785,6.46153803039913,23.910347614678944,-0.39742806154871924
2559.1600000000003,0.0,6.502162608130418,23.042807011105968,24.31486238049245,23.332784760984904,24.798005354901363,18.68909999999976,0.1648541410208677,1.3357292948956612,-6.316989493573037,-0.9122453066332444,-3.08607008760987,-8.731919899874992,6.458769689264846,23.872114876871173,-0.1652028434650004
2559.1700000000005,0.0,6.482161608080435,22.978666347941548,24.33245365205845,23.339912486720205,24.72653124169942,19.2401765195663,0.163709026366264,1.34145486816868,-6.312981592281924,-0.8278346653346653,-3.753306693306694,-9.130746753246758,6.456007930070846,23.844390932104908,-0.007116485970269773
2559.1800000000003,0.0,6.462160608030395,22.984350278884456,24.326769721115543,23.22126042828697,24.85299870517916,19.699793505412394,0.162563911711657,1.347180441441715,-6.3089736909908,-0.8228396603396477,-3.8532067932070464,-9.4554220779229,6.4532527612676205,23.846344783366533,0.05408483225442341
2559.1900000000005,0.0,6.448042642432719,22.99003420982735,24.32108579017265,23.102608369854075,24.97946616865853,20.159410491257184,0.1614187970570532,1.3529060147147336,-6.304965789699686,-0.858757485030072,-3.505199600797027,-9.93068113772554,6.4505041912999355,23.848298634628154,0.07776092567390192
2559.2000000000003,0.0,6.443049383332508,22.971739577464955,24.33770928012504,23.028321757955027,25.044020912884942,20.42888333749697,0.1602736824024495,1.3586315879877524,-6.300957888408573,-0.9485778443113246,-2.5670758483039435,-10.604333832334934,6.447762228606695,23.845447882107493,0.051997644118962794
2559.2100000000005,0.0,6.438056124232284,22.881317042253524,24.42143384976525,23.08748712050078,24.92234120500783,20.33895078690974,0.1603805095127392,1.3782644566114828,-6.285921148028649,-1.0320865649237587,-2.053530147610757,-11.124763572679786,6.437246266799486,23.828144804381846,0.04931454976231231
2559.2200000000003,0.0,6.433062865132073,22.80889130742054,24.45687027090703,23.1004959246173,24.824357926972976,20.28,0.1608805220130512,1.4022650566264612,-6.267420685517103,-1.1071428571428876,-2.108571428571451,-11.44000000000013,6.424390389807151,23.797653857479464,0.07754001019170895
2559.2300000000005,0.0,6.428069606031863,22.772594487632613,24.39536732626637,23.020844570082684,24.77394567726752,20.28,0.1613805345133633,1.4262656566414396,-6.248920223005557,-1.160738423028786,-2.541617021276598,-11.469662077596997,6.411651998800502,23.740688015312298,0.10906023363506906
2559.24,0.0,6.423076346931639,22.718505811663896,24.33157686947751,22.952927927291125,24.694183418328983,20.28,0.1618805470136768,1.450266256656486,-6.230419760493959,-1.1857697121402386,-3.4777872340449227,-11.11922403003666,6.399031795408698,23.674298506690377,0.14496579433021436
2559.2500000000005,0.0,6.418083087831429,22.59748586720548,24.25918100984613,22.9291561524868,24.50400921989433,20.28,0.1623805595139888,1.4742668566714645,-6.211919297982413,-1.1741229385306344,-3.7986706646668473,-10.779832583707602,6.386530480271299,23.572458062358184,0.13088059556135603
2559.26,0.0,6.413089828731218,22.49208459715653,24.187365213270315,22.916529763033115,24.393687582938,20.290307116104835,0.1628805720143009,1.498267456686443,-6.193418835470867,-1.1141529235382257,-3.3089155422288403,-10.45499500249872,6.374148752897964,23.49741678909949,0.050932716016239554
2559.2700000000004,0.0,6.4080965696309935,22.43911987888366,24.117496861506105,22.94132175882041,24.551454828857185,20.320269662921405,0.1633805845146143,1.5222680567014897,-6.174918372959269,-1.021984027950885,-2.5443848265518505,-10.291487397055228,6.361887311526353,23.512348332016842,-0.02235884926359341
2559.2800000000007,0.0,6.403103310530783,22.39162437437444,24.0349671121123,22.91367137637661,24.609645475475727,20.39126344758591,0.1638805970149264,1.5462686567164678,-6.156417910447723,-0.887219865235807,-1.4163588719737918,-10.341400049912664,6.349746852977938,23.48747708458477,-0.08684490705382258
2559.2900000000004,0.0,6.4,22.35520795795806,23.92678893393424,22.779787492492872,24.46612195195236,20.541376032023955,0.1643806095152384,1.5702692567314462,-6.137917447936177,-0.739474474474635,-0.964479479479037,-10.25673173173199,6.337728072511464,23.381976584084384,-0.09703073823710401
2559.3,0.0,6.4,22.344993421362734,23.85659334590896,22.66122648432005,24.382400075453774,20.68105735660825,0.1648806220155505,1.5942698567464246,-6.119416985424631,-0.5743093093096521,-1.4199349349339898,-9.991466466467015,6.325831663674744,23.31130333176138,-0.034349988985152874
2559.3100000000004,0.0,6.4,22.38737965102567,23.862648521575096,22.57342643716111,24.41873112945057,20.80075810473817,0.165380634515864,1.6182704567614712,-6.100916522913033,-0.4843007518796979,-2.1423308270675263,-9.631413533834651,6.3140583181542675,23.310546434803115,0.016504088041329423
2559.3200000000006,0.0,6.4,22.41140594966892,23.888331343046257,22.51842125562907,24.45745513112578,20.90026986506744,0.165880647016176,1.6422710567764498,-6.082416060401487,-0.4943258145363332,-3.220025062655824,-9.14519799498784,6.302408725623092,23.31890341986751,0.05161683676730437
2559.3300000000004,0.0,6.4,22.36718873112593,23.98696975364215,22.58531397086077,24.50507367417208,20.96023988005993,0.1663806595164881,1.666271656791428,-6.063915597889941,-0.5797714853449997,-3.687704918033244,-8.796696472926216,6.2908835735865045,23.36113653245023,0.01881179845315939
2559.3400000000006,0.0,6.4,22.34880681203005,24.03793616541357,22.57097742857155,24.50904509774442,21.030383170548603,0.1668806720168015,1.6902722568064743,-6.045415135378343,-0.7635767511178826,-3.3598360655735067,-8.627794336810593,6.279483547226156,23.366691375939897,-0.10256804968824729
