t_s,ICU_Brakpresr_bar,ICU_Speed_kmh,ICU_Speedfl_kmh,ICU_Speedfr_kmh,ICU_Speedrl_kmh,ICU_Speedrr_kmh,ICU_SteeringAngle_deg,SBG_GPS1_VELOCITY_ACC_D,SBG_GPS1_VELOCITY_ACC_E,SBG_GPS1_VELOCITY_ACC_N,GPS1_VEL_D_ms,GPS1_VEL_E_ms,GPS1_VEL_N_ms,IMU_ACCEL_X_ms2,IMU_ACCEL_Y_ms2,IMU_ACCEL_Z_ms2,SBG_VELOCITY_ACC_D,SBG_VELOCITY_ACC_E,SBG_VELOCITY_ACC_N,GPS1_VEL_MAG_ms,WHEEL_SPEED_kmh,IMU_ACCEL_LONG_ms2
3278.440000000001,0.0,18.85,69.05203986006997,69.3714212243878,69.08727981009494,69.96533378810595,1.3367874094429633,0.07,0.07,0.07,-0.4092078557348264,-2.248173322625397,18.636747462948087,1.3495275000004263,-2.770297499999732,-12.769930000000064,0.07,0.21,0.19,18.77631727350871,69.36901867066466,1.172616862348923
3278.4500000000007,0.0,18.85,69.11416849924963,69.21521739369746,69.11931456228079,70.15870260630254,1.2803801900952818,0.07,0.07,0.07,-0.3994733639969838,-2.256447640602564,18.62749969579713,1.7545274999992757,-2.5152975000004565,-12.829929999999893,0.07,0.21,0.19,18.767921564207533,69.4018507653826,1.2911883451920385
3278.460000000001,0.0,18.85,69.11095689344673,68.76023990495365,69.38587784392126,70.61368009504635,1.19033516758414,0.07,0.07,0.07,-0.3897388722591413,-2.26472195857973,18.618251928646185,1.2444650000026578,-1.178860000005151,-11.23949000000663,0.07,0.21,0.19,18.759535357165976,69.467688684342,0.7402366441528382
3278.4700000000007,0.0,18.84789437005324,69.05781015992036,68.65172082958429,69.50439853573234,70.69440430284966,1.1664599999997258,0.07,0.07,0.07,-0.3800043805212986,-2.272996276556896,18.609004161495232,0.2744650000026576,0.7011399999948491,-8.819490000006631,0.07,0.21,0.19,18.751158665133303,69.47708345702166,-0.14723722820325258
3278.480000000001,0.0,18.83296082433172,68.94123844577729,68.98325506246826,69.43488329335344,70.29977161919099,1.226459999999726,0.07,0.07,0.07,-0.370269888783456,-2.2812705945340626,18.599756394344283,-0.1964099999993972,1.130350000000822,-8.292837499998836,0.07,0.21,0.19,18.742791500867114,69.41478710519749,-0.4297000307321696
3278.4900000000007,0.0,18.81802727861019,68.88914357053048,69.07117217500677,69.5349774905701,70.09702640181033,1.2864335664332842,0.07,0.07,0.07,-0.3605353970456134,-2.2895449125112286,18.590508627193334,-0.4164099999993972,0.8303500000008219,-8.717837499998835,0.07,0.21,0.19,18.734433877133267,69.3980799094794,-0.4080663601436103
3278.500000000001,0.0,18.803093732888588,68.91927683681168,68.84840124214224,69.85137678652262,70.1389977369877,1.346373626373666,0.07,0.07,0.07,-0.3672526488583912,-2.3000731234144323,18.59201462468289,-1.1257114278593758,-0.5048112028053842,-9.339279819956806,0.07,0.21,0.19,18.737348229820817,69.43951315061605,-0.4133806281911934
3278.5100000000007,0.0,18.788160187167065,68.93437985078339,68.64305139517566,69.79417607560401,70.27341153941761,1.3140675844805498,0.07,0.07,0.07,-0.3749274095550822,-2.310732513270948,18.59414650265419,-2.0809502375611983,-2.360275068770705,-10.059459864967604,0.07,0.21,0.19,18.740926857348605,69.41125471524516,-0.43223972790488213
3278.520000000001,0.0,18.773226641445547,68.93118661526984,68.45890814722758,69.28219398159804,70.52035508579887,1.1638798498122611,0.07,0.07,0.07,-0.3826021702517731,-2.321391903127463,18.59627838062549,-2.180220000000069,-2.8734400000000337,-10.889409999999817,0.07,0.21,0.19,18.744514248128866,69.29816095747358,-0.28661219548912253
3278.5300000000007,0.0,18.758293095724024,68.88745118500032,68.50623586499887,69.01836407999983,70.4200244900018,1.0535166208448563,0.07,0.07,0.07,-0.390276930948464,-2.332051292983978,18.5984102585968,-1.850220000001008,-2.7134400000004884,-11.7744099999973,0.07,0.21,0.19,18.74811039713116,69.2080189050002,-0.058494370084145264
3278.540000000001,0.0,18.743359550002506,68.79222118500032,68.84756586499887,69.06972407999983,69.87860449000179,0.993531617095926,0.07,0.07,0.07,-0.397951691645155,-2.3427106828404933,18.60054213656809,-0.994080000004482,-1.4245700000074235,-12.06667000000002,0.07,0.21,0.19,18.751715299316572,69.14702890500021,0.13922318065342587
3278.5500000000006,0.0,18.728426004280987,68.75072042989244,68.98717732566894,69.10364338915268,69.5544752261936,0.986433566433284,0.07,0.07,0.07,-0.4056264523418459,-2.3533700726970084,18.602674014539403,0.1259199999955182,0.4304299999925765,-12.06167000000002,0.07,0.21,0.19,18.755328949637885,69.09900409272691,0.32169494799896037
3278.560000000001,0.0,18.71349245855938,68.77746374406406,68.87057647588064,69.11541044738819,69.50633726068467,1.0463736263736658,0.07,0.07,0.07,-0.4133012130385805,-2.3640294625535843,18.60480589251072,1.1095423855975544,0.3571867966978618,-11.407156789196062,0.07,0.21,0.19,18.758951343039463,69.0674469820044,0.5605777074746556
3278.5700000000006,0.0,18.7,68.87513540918204,68.87857820359316,69.07313453093789,69.54140155688653,1.0536534133533264,0.07,0.07,0.07,-0.4209759737352714,-2.3746888524101,18.60693777048202,2.0247711927987773,-0.6830732683177358,-10.426911727931364,0.07,0.21,0.19,18.762582474457336,69.0920624251499,0.8277506642030451
3278.580000000001,0.0,18.7,69.06307952095783,69.0451650299399,68.96207664670673,69.68235964071837,0.9936384096024264,0.07,0.07,0.07,-0.4286507344319624,-2.3853482422666143,18.609069648453325,2.3933016745812545,-1.3498400399894974,-9.217108222945658,0.07,0.21,0.19,18.76622233881929,69.1881702095807,0.8377532854252556
3278.5900000000006,0.0,18.7,69.14821428571443,69.1036171428574,68.98041142857085,69.76341714285714,0.9775799999999352,0.07,0.07,0.07,-0.4363254951286534,-2.39600763212313,18.611201526424622,2.488277930517061,-1.8297200699809384,-7.892439390156785,0.07,0.21,0.19,18.76987093104483,69.24891499999995,0.719074275903058
3278.600000000001,0.0,18.7,69.10035714285726,69.0221885714288,69.1661257142852,69.76698857142856,1.0175799999998596,0.07,0.07,0.07,-0.4440002558253443,-2.406667021979645,18.61333340439593,2.1702625656437324,-1.3604726181587186,-7.423353338334761,0.07,0.21,0.19,18.77352824604525,69.26391499999995,0.4924935430313376
3278.6100000000006,0.0,18.7,69.05250000000011,68.9407600000002,69.35183999999957,69.77055999999999,1.0575799999997837,0.07,0.07,0.07,-0.4516750165220352,-2.41732641183616,18.615465282367232,1.6451312828233586,-0.4152363090820459,-7.38334333583416,0.07,0.21,0.19,18.77719427872361,69.27891499999997,0.21179993388425844
3278.620000000001,0.0,18.7,69.01111249375322,68.91586484757609,69.51513115442242,69.84785035482211,1.119554999999418,0.07,0.07,0.07,-0.4593497772187261,-2.4279858016926754,18.617597160338537,1.1534916270955269,-0.2332666833281993,-8.07964508872266,0.07,0.21,0.19,18.78086902397484,69.32248971264346,0.13315313466494583
3278.630000000001,0.0,18.7,68.97795907046472,68.9629213193404,69.64988377811113,70.01896479760143,1.209554999999929,0.07,0.07,0.07,-0.4670245379154607,-2.438645191549251,18.61972903830985,0.6786103474124477,-0.4332166958263378,-9.144378905275248,0.07,0.21,0.19,18.784552476685743,69.40243224137942,0.1556055269123857
3278.640000000001,0.0,18.7,68.95936,68.9556509507217,69.55947288203069,70.17107508213047,1.1283474787823118,0.07,0.07,0.07,-0.4746992986121516,-2.4493045814057663,18.62186091628116,0.6227331887201736,-1.7873752711496744,-10.106767895878525,0.07,0.21,0.19,18.788244631734973,69.4113897287207,0.42329784135914583
3278.6500000000005,0.0,18.7,68.95936,68.87895607765053,69.18132454952695,70.29889987058243,0.8287968047938632,0.07,0.07,0.07,-0.4823740593088426,-2.4599639712622814,18.62399279425245,0.7769872258371615,-3.72037117377193,-11.017830802600736,0.07,0.21,0.19,18.791945483993132,69.32963512443997,0.8139783450161102
3278.6600000000008,0.0,18.7,68.87576843161857,68.63526680050185,69.12187917189462,70.27477530740275,0.6338100000002749,0.07,0.07,0.07,-0.4900488200055335,-2.4706233611187964,18.62612467222376,0.481700750714474,-3.6157830701592,-11.086823712143016,0.07,0.21,0.19,18.795655028322834,69.22692242785445,0.7143811628984207
3278.670000000001,0.0,18.7,68.68136943538286,68.1702128481811,69.48490050188173,70.04922951066519,0.5738100000002749,0.07,0.07,0.07,-0.4977235807022245,-2.481282750975312,18.62825655019506,-0.124046078174252,-2.1040046595993025,-10.574268703083323,0.07,0.21,0.19,18.799373259578626,69.09642807402773,0.2761898393743145
3278.6800000000007,0.0,18.7,68.33005986503505,67.92032019994994,69.53091329667669,69.94061231192192,0.5792555583308023,0.07,0.07,0.07,-0.5053983413989154,-2.491942140831827,18.630388428166366,-0.6875620767463491,-0.4643416102429749,-10.19804364183771,0.07,0.21,0.19,18.80310017260711,68.9304764183959,-0.1404854585331575
3278.690000000001,0.0,18.7,67.7770081279674,67.9470635141215,69.16934368907734,69.98233188202954,0.6691881089182878,0.07,0.07,0.07,-0.51307310209565,-2.502601530688403,18.63252030613768,-1.2293227990972344,1.2412014045653683,-9.892049159769154,0.07,0.21,0.19,18.80683576224695,68.71893680329894,-0.5460767432461956
3278.7000000000007,0.0,18.7,67.48013166708323,67.92518962259435,68.87322031992,70.04882752811798,0.72,0.07,0.07,0.07,-0.520747862792341,-2.513260920544918,18.634652184108983,-2.1766666666666667,0.6866666666666665,-9.82,0.07,0.21,0.19,18.81058002332886,68.58184228442889,-0.8174547907461175
3278.710000000001,0.0,18.7,67.51329337665587,67.84068074981248,68.66141327168191,70.14724292426901,0.72,0.07,0.07,0.07,-0.5284226234890319,-2.523920310401433,18.636784062080288,-3.3269542385589137,-0.9987546886711044,-9.865011252813176,0.07,0.21,0.19,18.81433295067571,68.54065758060482,-1.0216758770911696
3278.7200000000007,0.0,18.7,67.49422405688615,67.62385744011944,68.6446070059882,70.09502564371236,0.7330669330668294,0.07,0.07,0.07,-0.5360973841857228,-2.5345797002579484,18.63891594005159,-3.5132841789559444,-1.7800549862526729,-10.213416645837384,0.07,0.21,0.19,18.818094539102507,68.46442853667654,-0.9502795068617174
3278.730000000001,0.0,18.7,67.40772705089819,67.23622270958076,68.87953714570862,69.84834899700594,0.7630369630368499,0.07,0.07,0.07,-0.5391325960350641,-2.54433701982468,18.62698894052596,-3.218357910523705,-2.1099725068717885,-10.713291677078468,0.07,0.21,0.19,18.807685445504298,68.34295897579838,-0.7412810181320287
3278.7400000000007,0.0,18.7,67.32201668419741,67.18730333583737,68.83669721512682,69.42835388930683,0.8060465116276532,0.07,0.07,0.07,-0.5373677863403783,-2.5531610682981087,18.60051679510568,-2.8869580419599568,-1.8371453546485,-11.036471028969745,0.07,0.21,0.19,18.782614850533403,68.1935927811171,-0.6094504386136371
3278.750000000001,0.0,18.7,67.23733849737012,67.58282549962563,68.42938441772971,68.78094091660195,0.8660615153788941,0.07,0.07,0.07,-0.5356029766456823,-2.5619851167715884,18.574044649685234,-2.5373076923077305,-1.262719780219843,-11.271236263736238,0.07,0.21,0.19,18.757552423907857,68.00762233283184,-0.5162327589035336
3278.7600000000007,0.0,18.7,67.22361894052986,67.79564168915537,68.20245772113944,68.4703555622191,0.8739495378466118,0.07,0.07,0.07,-0.5338381669509965,-2.570809165245018,18.54757250426495,-1.871101376721252,-1.4192991239046582,-11.027314142678554,0.07,0.21,0.19,18.73249819841354,67.92301847826094,-0.3131406870162631
3278.770000000001,0.0,18.7,67.30168990504748,67.77211345327336,68.20887451274363,68.59548299850076,0.8139945041219623,0.07,0.07,0.07,-0.5320733572563106,-2.5796332137184472,18.52110035884466,-1.0450688360456653,-1.944956195243668,-10.541707133917756,0.07,0.21,0.19,18.70745220700075,67.96954021739131,-0.05457403487970146
3278.7800000000007,0.0,18.709733978234578,67.33649565217394,67.71695043478275,68.07340000000048,68.7508495652171,0.7540264933767992,0.07,0.07,0.07,-0.5303085475616247,-2.5884572621918767,18.49462821342437,-0.5900899100901942,-1.7235314685320948,-9.946883116883802,0.07,0.21,0.19,18.68241448278577,67.96942391304356,-0.014827539379582456
3278.790000000001,0.0,18.719810560257947,67.31510634682665,67.62069856071993,67.75362988505844,68.94549224387747,0.694041489627869,0.07,0.07,0.07,-0.5285437378669388,-2.597281310665306,18.46815606800408,-0.3203596403600102,-1.1291258741266894,-9.297532467533358,0.07,0.21,0.19,18.6573850590517,67.90873175912063,-0.0843270890971716
3278.8000000000006,0.0,18.72988714228132,67.2486675400005,67.50817250000053,67.62975873999947,68.94281566000103,0.621075000000527,0.07,0.07,0.07,-0.5267789281722529,-2.6061053591387355,18.441683922583795,-0.416339754815345,0.1714010507835567,-8.600840630474828,0.07,0.21,0.19,18.632363969249408,67.83235361000038,-0.3572290125633
3278.810000000001,0.0,18.73996372430474,67.12347753999978,67.37442249999977,67.76136874000022,68.68280565999956,0.5310750000000153,0.07,0.07,0.07,-0.525014118477557,-2.614929407612215,18.41521177716336,-0.6965499124346207,1.8276432324260607,-7.880300225168119,0.07,0.21,0.19,18.607351246998377,67.73551860999983,-0.7325967934845137
3278.8200000000006,0.0,18.750040306328103,67.02942419580411,67.26346237762225,67.8957051748254,68.51615552447545,0.3504119850187372,0.07,0.07,0.07,-0.5232493087828711,-2.6237534560856446,18.388739631743068,-1.0965900000001936,1.2769424999993038,-7.62333749999999,0.07,0.2024973488865089,0.1824973488865088,18.582346926088245,67.6761868181818,-0.8485626745918706
3278.830000000001,0.0,18.760116888351472,66.97597764235758,67.18222361638351,68.03359728271745,68.47126041958036,0.0507865168538496,0.07,0.07,0.07,-0.5214844990881852,-2.632577504559074,18.36226748632278,-1.5565900000001935,-0.3780575000006965,-7.59833749999999,0.07,0.2,0.18,18.557351040478984,67.66576474025972,-0.8347303057561728
3278.8400000000006,0.0,18.77019347037484,66.94146814371257,67.10148119760471,67.95691736526916,68.47943616766473,-0.1458193645233709,0.07,0.07,0.07,-0.5197196893934993,-2.6414015530325035,18.33579534090249,-1.6933458270864723,-2.0191829085446944,-8.236181909044864,0.07,0.2,0.18,18.532363624302413,67.6198257185628,-0.6134749256814267
3278.850000000001,0.0,18.78027005239821,66.93185736526947,67.0213913772455,67.59811497005983,68.55739025948105,-0.2058643982985887,0.07,0.07,0.07,-0.5179548796988134,-2.650225601505933,18.309323195482204,-1.6683583208396355,-3.653365817087841,-9.205697151422145,0.07,0.2,0.18,18.5073847118631,67.52718849301397,-0.28843023690736846
3278.8600000000006,0.0,18.79034663442157,66.85484672672693,66.94486596596604,67.48273001000975,68.47133075075114,-0.2270647014740067,0.07,0.07,0.07,-0.5161900700041275,-2.6590496499793623,18.282851050061915,-1.8887397260260217,-3.165698630143207,-9.510109589041216,0.07,0.2,0.1874260679079646,18.48241433763934,67.43844336336346,-0.3670787020023242
3278.870000000001,0.0,18.79811837323925,66.68775963964026,66.87310420420448,67.69265993993915,68.16607549549666,-0.1970871846116819,0.07,0.07,0.07,-0.5144252603094417,-2.667873698452792,18.256378904641625,-2.2324508094624806,-1.6115267746044366,-9.480221668742391,0.07,0.2,0.19,18.457452536284208,67.35489981982013,-0.64863529627962
3278.880000000001,0.0,18.75331773607441,66.4742151475738,66.76499179589797,67.70690439219612,67.96492052026014,-0.2057935516120672,0.07,0.07,0.07,-0.5126604506147457,-2.6766977469262714,18.229906759221187,-2.165760000000242,0.4202399999980302,-9.706879999999687,0.07,0.2,0.19,18.43249934262641,67.22775796398201,-0.8032075313558246
3278.890000000001,0.0,18.708517098909827,66.19908758379226,66.60869364682362,67.46175181590829,67.90175893946981,-0.2657785553609973,0.07,0.07,0.07,-0.5108956409200598,-2.685521795399701,18.20343461380089,-1.885760000000242,2.7002399999980304,-10.066879999999689,0.07,0.2,0.19,18.407554791671878,67.0428229964985,-0.891778777300509
3278.9000000000005,0.0,18.66371646174524,66.09128995761638,66.52757838942905,67.27442985290469,67.88651573672394,-0.3510929368024689,0.07,0.07,0.07,-0.5036993066039477,-2.6917641941508945,18.17639050226453,-1.8130530530530304,1.3953453453474185,-9.824444444444808,0.07,0.2,0.19,18.381525485095036,66.94495348416851,-0.7683645318299905
3278.9100000000008,0.0,18.61891582458065,66.20439890800296,66.54571850411368,67.16345503365747,67.93453368735975,-0.4700520446090832,0.07,0.07,0.07,-0.4909060205204939,-2.695346314254261,18.148757004324267,-1.8480880880880763,-1.7728228228217593,-9.268888888889077,0.07,0.2,0.19,18.354379893550107,66.96202653328346,-0.5347693774471959
3278.920000000001,0.0,18.57411518741607,66.23384111583691,66.47367156367282,67.16120960720535,68.04732219664741,-0.5152304609221451,0.07,0.07,0.07,-0.47811273443704,-2.698928434357629,18.12112350638401,-2.0123713927225144,-3.1381806775404075,-9.08,0.07,0.2,0.19,18.32724539079013,66.97901112084062,-0.4765502714478092
3278.9300000000007,0.0,18.529314550251485,66.15031847385558,66.27985620215206,67.30576802601918,68.24756237678214,-0.4551102204411447,0.07,0.07,0.07,-0.4653194483535862,-2.702510554460996,18.093490008443748,-2.2432371392718577,-3.5748180677532964,-9.08,0.07,0.2,0.19,18.30012202614078,66.99587626970224,-0.5086764024945117
3278.940000000001,0.0,18.484513913086644,66.0349246991259,66.17381951560552,67.28501545068633,68.22084092384478,-0.42,0.07,0.07,0.07,-0.4525261622700597,-2.7060926745643834,18.06585651050333,-2.144123788217249,-1.961237882172487,-9.52466815809224,0.07,0.2,0.19,18.273009849200143,66.92865014731564,-0.5758826376248884
3278.9500000000007,0.0,18.439713275922056,65.87676240199771,66.18557482147314,67.04242868414512,67.8895550312114,-0.42,0.07,0.07,0.07,-0.4397328761866059,-2.7096747946677504,18.03822301256307,-1.880638826746376,0.6736117325362438,-10.190837683320485,0.07,0.2,0.19,18.24590890984105,66.74858023470684,-0.6605632317177385
3278.960000000001,0.0,18.39491263875747,65.79710105552772,66.16280125562795,66.87237237118575,67.62891589794931,-0.4572537313429715,0.07,0.07,0.07,-0.4269395901031521,-2.7132569147711174,18.01058951462281,-1.79,1.375463917526303,-10.42989690721647,0.07,0.2,0.19,18.218819258211877,66.61529764507269,-0.6669271669362689
3278.9700000000007,0.0,18.350112001592883,65.8238644372186,66.09321646323166,66.80064650825416,67.46405346673343,-0.5468059701490531,0.07,0.07,0.07,-0.4141463040196982,-2.7168390348744844,17.98295601668255,-1.79,1.0636711088766615,-10.444983656022098,0.07,0.2,0.19,18.191740944738907,66.54544521885947,-0.632222610305798
3278.980000000001,0.0,18.35,65.86473595999996,66.01909362500007,66.66018787000017,67.370705855,-0.6609152288069382,0.07,0.07,0.07,-0.4013530179362444,-2.7204211549778514,17.95532251874229,-1.5296750000008204,-0.3616499999958356,-10.299812500000474,0.07,0.2,0.1824894067796878,18.164674020127954,66.47868082750004,-0.4185602790127188
3278.9900000000007,0.0,18.35,65.92465595999978,65.93884362500029,66.42692787000084,67.37391585499999,-0.8109527381841879,0.07,0.07,0.07,-0.3885597318527906,-2.724003275081219,17.927689020802028,-1.1396750000008202,-2.341649999995836,-10.074812500000473,0.07,0.2,0.18,18.137618535366112,66.41608582750023,-0.11575418730633483
3279.000000000001,0.0,18.35,65.87898988505752,65.81629034482764,66.30975712643676,67.24743379310351,-0.9488044022013896,0.07,0.07,0.07,-0.3757664457692641,-2.7275853951846063,17.900055522861614,-1.0133375000000084,-2.649562499999116,-9.622862499999048,0.07,0.2,0.18,18.110574541723377,66.31311778735636,-0.10970720012993325
3279.0100000000007,0.0,18.35,65.69076399800134,65.63662017991037,66.34932734132927,66.94584458770669,-1.0688644322162455,0.07,0.07,0.07,-0.3629731596858102,-2.7311675152879733,17.872422024921352,-1.018337499999994,-2.124562500000608,-9.057862500000656,0.07,0.2,0.18,18.083542090755074,66.15563902673692,-0.2514840365585475
3279.020000000001,0.0,18.35,65.47181685291979,65.52957808569283,66.38575717865189,66.80004959659215,-1.1645666917859925,0.07,0.07,0.07,-0.3501798736023565,-2.7347496353913403,17.84478852698109,-1.2436124999992957,-0.8586375000034387,-8.496200000001178,0.07,0.2,0.18,18.056521234302725,66.04680042846417,-0.5437725436282649
3279.0300000000007,0.0,18.35,65.2112205111508,65.52099878226011,66.41792956652459,66.86546678526668,-1.224853051996957,0.07,0.07,0.07,-0.3373865875189026,-2.738331755494708,17.81715502904083,-1.5786124999992954,0.7763624999965615,-7.936200000001178,0.07,0.2,0.18,18.029512024496483,66.00390391130054,-0.9110350289581177
3279.040000000001,0.0,18.35,65.1700213223132,65.50598363636371,66.33375685950494,66.93132975206589,-1.3600799999995137,0.07,0.07,0.07,-0.3245933014354488,-2.7419138755980743,17.789521531100572,-1.7433999999998318,0.8327250000015354,-7.850124999999685,0.07,0.2,0.18,18.002514513756818,65.98527289256194,-0.9852611735007955
3279.0500000000006,0.0,18.35,65.4208402554458,65.48240236914612,66.09472855998115,66.9977860505882,-1.6000799999988315,0.07,0.07,0.07,-0.311800015351995,-2.7454959957014418,17.76188803316031,-1.823399999999832,0.1027250000015354,-8.000124999999684,0.07,0.2,0.18,17.975528754796326,65.99893930879031,-0.9135179048409878
3279.060000000001,0.0,18.35,65.65481405472644,65.45336393034825,66.03367656716424,66.94294499999992,-1.8150599999998485,0.07,0.07,0.07,-0.2990067292684684,-2.749078115804829,17.734254535219893,-2.0336084021013945,-0.6207201800472869,-9.111590397604424,0.07,0.2,0.18,17.948554800621476,66.02119988805971,-0.7406759157366312
3279.0700000000006,0.0,18.35,65.86668470149289,65.41716492537307,66.20615417910474,66.72894499999965,-1.9950599999998488,0.07,0.07,0.07,-0.2862134431850146,-2.752660235908196,17.706621037279632,-2.3086771692930186,-1.340900225058085,-10.701987997003272,0.07,0.2,0.18,17.92159270453504,66.05473720149259,-0.5174738898579481
3279.080000000001,0.0,18.30147257362869,65.8545195677301,65.42443657702951,66.28394587584812,66.57854680572999,-2.250119999999697,0.07,0.07,0.07,-0.2734201571015607,-2.756242356011563,17.678987539339374,-1.6818999999995476,-0.9119999999995796,-12.569340000000844,0.07,0.2,0.18,17.894642520137094,66.03536220658444,-0.06898584232917421
3279.0900000000006,0.0,18.25147007350372,65.53612801206344,65.4911267001759,66.23231481276704,66.51508362402616,-2.610119999999697,0.07,0.07,0.07,-0.260626871018107,-2.75982447611493,17.651354041399113,-0.606900000002603,0.0879999999975784,-14.574339999995145,0.07,0.2,0.18,17.867704301327482,65.94366328725813,0.49147070697661766
3279.100000000001,0.0,18.201467573378743,65.2528992311538,65.40033273090432,66.11606817773385,66.5050065002495,-2.870048341390014,0.07,0.07,0.07,-0.2714082923049741,-2.7590493089745856,17.63478894359337,-0.6140599999981661,-0.0141999999978126,-13.570000000008411,0.07,0.2,0.18,17.85138080473239,65.81857666001036,0.34769791605156875
3279.1100000000006,0.0,18.15146507325377,65.01571500748975,65.1033182526223,65.91520946580214,66.56483675486746,-2.990068344723626,0.07,0.07,0.07,-0.2834043935720517,-2.758049633868996,17.618794141903933,-1.159059999998166,-0.6641999999978128,-11.070000000008411,0.07,0.2,0.18,17.83561220838716,65.6497698701954,-0.14608107391567582
3279.120000000001,0.0,18.101462573128803,64.77853078382569,64.8063037743403,65.7143507538704,66.6246670094854,-3.110088348057237,0.07,0.07,0.07,-0.2954004948391293,-2.7570499587634063,17.602799340214496,-1.343339999999983,-0.7998400000004038,-9.411680000004171,0.07,0.2,0.18,17.819852146954656,65.48096308038045,-0.4448294859716722
3279.130000000001,0.0,18.051460073003547,64.52827056067822,64.59451510590597,65.60367308746572,66.54643560927029,-3.18,0.07,0.07,0.07,-0.307396596106275,-2.7560502836578107,17.58680453852497,-1.3483400000000116,-0.6798399999997217,-8.171679999997124,0.07,0.2,0.18,17.804100643099908,65.31822359083006,-0.6466465329576825
3279.140000000001,0.0,18.001457572878575,64.26057058559732,64.4963939995018,65.61327189135308,66.2840683030157,-3.18,0.07,0.07,0.07,-0.3193926973733527,-2.755050608552221,17.570809736835532,-1.7641600000002609,-0.0354599999996193,-7.826800000000042,0.07,0.2,0.18,17.788357719556174,65.16357619486698,-0.9054857355185113
3279.1500000000005,0.0,17.951455072753603,64.09320951048957,64.35532637362681,65.63370593406586,66.17392017981996,-3.205049999999874,0.07,0.07,0.07,-0.3313887986404302,-2.754050933446631,17.554814935146094,-2.3841599999984986,0.8695399999978085,-7.926799999999758,0.07,0.2,0.18,17.772623399124594,65.06404049950055,-1.192665290850332
3279.1600000000008,0.0,17.90145257262863,64.06327944055951,64.15543626373677,65.66898065934058,66.27226183816158,-3.265049999999874,0.07,0.07,0.07,-0.3433848999075078,-2.753051258341041,17.538820133456657,-3.0575999999976444,0.8493600000016153,-9.13901999999406,0.07,0.2,0.18,17.756897704674717,65.03998955044962,-1.233265614906988
3279.170000000001,0.0,17.85145007250366,64.05222420841679,64.02554068136281,65.65296565130282,66.19961342685447,-3.3000000000000003,0.07,0.07,0.07,-0.3553810011745854,-2.752051583235452,17.522825331767223,-3.7575999999976446,0.3693600000016152,-10.90401999999406,0.07,0.2,0.18,17.741180659144636,64.98258599198422,-1.1513145844956842
3279.1800000000007,0.0,17.85,64.06723422845688,63.9923042084169,65.56612196392801,65.89083587174404,-3.3000000000000003,0.07,0.07,0.07,-0.367377102441663,-2.751051908129861,17.506830530077785,-3.525623905979127,-0.5884596148991997,-11.4699549887473,0.07,0.1924788135593303,0.18,17.725472285541137,64.87912406813646,-0.8881670421133858
3279.190000000001,0.0,17.85,64.0681558537806,63.987245207811846,65.24848105157494,65.65845661492189,-3.2624156039011885,0.07,0.07,0.07,-0.3793732037088088,-2.7500522330242663,17.490835728388255,-2.8304501125272514,-1.7837584396114163,-11.43994748687168,0.07,0.19,0.18,17.70977260693985,64.74058468202232,-0.5349637482690746
3279.2000000000007,0.0,17.85,64.04993852779164,64.02046503755643,64.61730428642782,65.52986372558802,-3.1723930982748385,0.07,0.07,0.07,-0.3913693049758863,-2.7490525579186764,17.47484092669882,-2.1789502624346566,-1.474908772807242,-10.815133716571244,0.07,0.19,0.18,17.69408164648577,64.55439289434098,-0.44285102033777685
3279.210000000001,0.0,17.85,64.01898098802391,64.03311630738521,64.25427206586826,65.31619474051868,-3.12,0.07,0.07,0.07,-0.4033654062429639,-2.7480528828130866,17.458846125009384,-1.54910772307089,-0.4201724568885536,-9.895363659087648,0.07,0.19,0.18,17.67839942739291,64.40564102544901,-0.48020953040062286
3279.2200000000007,0.0,17.85,63.970927095808506,64.01816620758487,64.25106847305389,64.98836040918249,-3.12,0.07,0.07,0.07,-0.4153615075100415,-2.7470532077074967,17.442851323319946,-0.9023505876493928,0.8955013753383627,-9.30268817204464,0.07,0.19,0.18,17.662725972944873,64.30713054640745,-0.48951896883216905
3279.230000000001,0.0,17.85,63.9232452505012,64.02586661322628,64.36940201402682,64.73298651302673,-2.9088510638315777,0.07,0.07,0.07,-0.4273576087771191,-2.746053532601907,17.42685652163051,-0.2471867967020693,2.340862715672534,-8.872580645163191,0.07,0.19,0.18,17.647061306494937,64.26287509769526,-0.4848878507042351
3279.2400000000007,0.0,17.85,63.876070901803786,64.06446380761508,64.65352025049995,64.57645344689438,-2.3982127659593973,0.07,0.07,0.07,-0.4393537100441966,-2.745053857496317,17.410861719941074,-0.1469874999991902,0.9047475000132564,-8.713287500000115,0.07,0.19,0.18,17.63140545146627,64.2926271017033,-0.32601368202856906
3279.250000000001,0.0,17.85,63.87828096000016,64.06510616999988,64.7436744899996,64.64393016000086,-1.850462384403441,0.07,0.07,0.07,-0.4513498113113424,-2.744054182390722,17.394866918251545,-0.321987500000185,-1.9602525000030293,-8.688287499999973,0.07,0.19,0.18,17.615758431351992,64.33274794500014,-0.09065249576347101
3279.2600000000007,0.0,17.85,63.94676096000016,64.01481616999988,64.5735444899996,65.01201016000087,-1.25061234691414,0.07,0.07,0.07,-0.46334591257842,-2.743054507285132,17.378872116562107,-0.5003300000001903,-3.020302500000174,-8.556327499999805,0.07,0.19,0.18,17.60012026971578,64.38678294500014,-0.06028622391802027
3279.270000000001,0.0,17.85,63.95681012228587,63.95681012228587,64.53079102071399,65.22155172448215,-0.7381573033718032,0.07,0.07,0.07,-0.4753420138454976,-2.742054832179542,17.362877314872673,-0.6803300000001904,-3.1853025000001747,-8.371327499999804,0.07,0.19,0.18,17.584490990191497,64.41649074744197,-0.13157412429298174
3279.2800000000007,0.0,17.817007481296713,63.88844975293233,63.88844975293233,64.65896671325189,65.2183473321687,-0.3486441947574493,0.07,0.07,0.07,-0.4873381151125752,-2.7410551570739523,17.346882513183235,-1.2046074999994143,-1.2478700000025111,-8.530604999999722,0.07,0.19,0.18,17.568870616483732,64.41355338782131,-0.4849932802405956
3279.290000000001,0.0,17.78209476309226,63.73679617508099,63.66737629942826,64.70761640885355,65.12228731161416,-0.0208056042038481,0.07,0.07,0.07,-0.4993342163796528,-2.7400554819683625,17.330887711493798,-1.899607499997439,1.73212999998902,-8.860604999998785,0.07,0.19,0.18,17.553259172367937,64.30851904874424,-0.978317464194026
3279.3000000000006,0.0,17.747182044887808,63.47175762745627,63.23841832877461,64.64800934593394,64.89982523750345,0.2193745308970229,0.07,0.07,0.07,-0.4787529994001852,-2.7338619776044983,17.30592006598688,-2.2235899999993523,2.646465000000509,-8.675860000002036,0.07,0.19,0.18,17.52706692739414,64.06450263491706,-1.2101521106475763
3279.310000000001,0.0,17.71226932668316,63.25863505964176,62.87767996023784,64.54668957256416,64.76440798210731,0.4220818771840736,0.07,0.07,0.07,-0.4562574985002579,-2.72736327734452,17.28042516496696,-2.363590000000148,2.536464999999884,-8.235859999999535,0.07,0.19,0.18,17.500279290159018,63.86185314363777,-1.3123176745541834
3279.3200000000006,0.0,17.677356608478707,63.11930106361817,62.61390262425424,64.38608321073545,64.7527081809145,0.5718572141782979,0.07,0.07,0.07,-0.4337619976004585,-2.720864577084577,17.254930263947188,-2.5570700000002327,0.69170749999714,-7.852682499999624,0.07,0.19,0.18,17.47351916275243,63.717998769880595,-1.2434570527329838
3279.330000000001,0.0,17.642443890274258,63.02124797199301,62.498817729432304,64.17743554888736,64.75170848212052,0.66,0.07,0.07,0.07,-0.411266496700659,-2.714365876824635,17.229435362927415,-2.777070000000233,-2.0132925000028603,-7.497682499999625,0.07,0.19,0.18,17.446786671759135,63.6123024331083,-1.0897868863069897
3279.3400000000006,0.0,17.607531172069805,62.98485887471872,62.605844486121406,63.89702544636191,64.766692228057,0.66,0.07,0.07,0.07,-0.3887709958008596,-2.707867176564693,17.203940461907642,-2.8767466866716176,-2.782953238309818,-8.05869717429229,0.07,0.19,0.18,17.420081944409887,63.56360525881475,-0.9583249681712352
3279.350000000001,0.0,17.572618453865353,62.94288856500008,62.73133351499977,63.77087168499984,64.63646798000053,0.5982441220617107,0.07,0.07,0.07,-0.3662754949010602,-2.7013684763047507,17.17844556088787,-2.916756689172104,-2.592905726432509,-9.073950987742126,0.07,0.19,0.18,17.393405108584293,63.520390436250054,-0.8378758163902742
3279.3600000000006,0.0,17.537705735660904,62.89259856500007,62.88434351499977,63.87466168499984,64.28978798000053,0.4481690845431408,0.07,0.07,0.07,-0.3437799940012608,-2.6948697760448086,17.152950659868097,-2.5085300000037103,-0.4962400000179028,-10.035514999994492,0.07,0.19,0.18,17.36675629281371,63.48534793625005,-0.7732823676602206
3279.370000000001,0.0,17.50279301745645,62.868512966758274,63.03690866283393,63.83370056985815,64.04020923269208,0.2363118440797651,0.07,0.07,0.07,-0.3212844931014613,-2.688371075784867,17.127455758848324,-1.87853000000371,2.5437599999820977,-10.970514999994494,0.07,0.19,0.18,17.34013562628421,63.44483285803561,-0.7363245507841905
3279.380000000001,0.0,17.5,62.88348922269434,63.188810687328335,63.57696475381128,63.935375441139605,-0.0635382308848362,0.07,0.07,0.07,-0.298788992201534,-2.681872375524888,17.101960857828406,-1.2552200000001268,2.4327700000003416,-11.44390499999995,0.07,0.19,0.18,17.313543238839333,63.396160026243386,-0.44382141329960995
3279.390000000001,0.0,17.5,62.92840530406254,63.2533823668938,63.37380934140808,63.836201619984905,-0.24,0.07,0.07,0.07,-0.2762934913017346,-2.6753736752649457,17.076465956808633,-0.6352200000001269,0.7627700000003417,-11.688904999999949,0.07,0.19,0.18,17.2869792609837,63.34794965808733,-0.024882549176317326
3279.4000000000005,0.0,17.5,63.0180444663133,63.18750298258902,63.25069049205161,63.7454824678275,-0.24,0.07,0.07,0.07,-0.2537979904019352,-2.668874975005004,17.05097105578886,-0.1958500000000716,-1.1815199999995745,-11.101000000000203,0.07,0.19,0.18,17.26044382388499,63.30043010219535,0.23586815826859614
3279.4100000000008,0.0,17.5,63.05140508172372,63.11191016344744,63.284599895987576,63.78219282317934,-0.4742114471361299,0.07,0.07,0.07,-0.2313024895021357,-2.662376274745061,17.025476154769088,0.1541499999999283,-3.2615199999995745,-10.101000000000203,0.07,0.19,0.18,17.233937059377524,63.30752699108452,0.4183523786274229
3279.420000000001,0.0,17.5,63.00688799405663,63.022875988113256,63.53580346210902,63.99523888558613,-1.0440689827509662,0.07,0.07,0.07,-0.2088069886023363,-2.65587757448512,16.999981253749315,-0.1213649999987679,-2.7491450000037805,-9.060860000002233,0.07,0.19,0.18,17.207459099965057,63.39020158246626,0.11513702033038982
3279.4300000000007,0.0,17.5,62.81645869467568,62.86533995499003,63.67696987246824,64.14567803450835,-1.4169265367310355,0.07,0.07,0.07,-0.1863114877025369,-2.649378874225177,16.974486352729542,-0.7063649999971052,-0.9541450000088818,-8.000860000005245,0.07,0.19,0.18,17.181010078823714,63.37611163916057,-0.4283870981090028
3279.440000000001,0.0,17.5,62.40761648412098,62.60526493623402,63.6534239859965,64.20240221555389,-1.506881559220416,0.07,0.07,0.07,-0.1638159868026096,-2.642880173965198,16.948991451709624,-1.1944336084018246,0.8980345086259781,-7.676766691672894,0.07,0.19,0.18,17.154590129804802,63.21717690547635,-0.8339343585332115
3279.4500000000007,0.0,17.5,62.131129369642025,62.39755019667182,63.63932,64.20002913767027,-1.5968181818181586,0.07,0.07,0.07,-0.1413204859028102,-2.6363814737052564,16.92349655068985,-1.6345436359084236,2.7785046261541737,-7.716776694173493,0.07,0.19,0.18,17.128199387438347,63.09200717599603,-1.1712150419676481
3279.460000000001,0.0,17.5,62.05234974281412,62.26804944024237,63.63932,64.10937860816966,-1.6867282717279646,0.07,0.07,0.07,-0.1188249850030107,-2.6298827734453143,16.89800164967008,-2.077927499999348,1.6559525000038202,-8.238819999998885,0.07,0.19,0.18,17.10183798693515,63.01727444780654,-1.1243797210501
3279.4700000000007,0.0,17.5,62.0872152404556,62.24944676251822,63.442410292514914,64.06903772930086,-1.7522311155576396,0.07,0.07,0.07,-0.0963294841032113,-2.623384073185372,16.872506748650306,-2.5229274999993474,-0.9490474999961792,-8.998819999998886,0.07,0.19,0.18,17.075506064190318,62.9620275061974,-0.8879247743832276
3279.480000000001,0.0,17.455645966453577,62.28031390183418,62.38525241447679,62.971334437283645,64.0987452156668,-1.7822461230614388,0.07,0.07,0.07,-0.0738339832034118,-2.61688537292543,16.847011847630533,-2.633177500000185,-2.348947499997288,-10.495269999993733,0.07,0.19,0.18,17.04920375578608,62.933911492315346,-0.5529115069812465
3279.4900000000007,0.0,17.405725838658103,62.44146141999984,62.463167440000014,62.76338910999974,63.9440538600006,-1.8734565434559287,0.07,0.07,0.07,-0.0513384823036124,-2.610386672665488,16.82151694661076,-2.5781775000003417,-3.153947499995,-12.355269999988447,0.07,0.19,0.18,17.02293119899472,62.90301795750005,-0.16924472949238012
3279.500000000001,0.0,17.35580571086235,62.55488142000016,62.45460743999999,62.94849911000027,63.51391385999938,-2.0532767232765634,0.07,0.07,0.07,-0.0624031377899248,-2.616843110504786,16.79989836289219,-2.2754625000006232,-1.7562925000036442,-13.713144999998372,0.07,0.19,0.18,17.002598243213008,62.86797545749995,-0.00742134818833573
3279.5100000000007,0.0,17.305885583066875,62.597313571788405,62.39500864483625,62.98675152644834,63.296032735516384,-2.2087799999996687,0.07,0.07,0.07,-0.0755909504320231,-2.624119145065944,16.778525011368792,-1.8504625000006232,0.7287074999963554,-14.823144999998371,0.07,0.19,0.18,16.98265635395173,62.818776619647345,0.04488860153729146
3279.520000000001,0.0,17.2559654552714,62.53370651889162,62.25916985390413,62.80563313853884,63.39521661460968,-2.3287799999996683,0.07,0.07,0.07,-0.0887787630741214,-2.6313951796271016,16.75715165984539,-1.0940600000013492,1.1717325000008287,-14.483677500001548,0.07,0.19,0.18,16.96273132520812,62.74843153148606,0.20146158681346804
3279.5300000000007,0.0,17.206045327475927,62.36897433160335,62.150363311094566,62.76497268594037,63.45094024709661,-2.4,0.07,0.07,0.07,-0.1019665757162197,-2.638671214188259,16.73577830832199,-0.1740600000013492,0.6067325000008286,-13.428677500001548,0.07,0.19,0.18,16.942823216466902,62.68381264393372,0.40950422593532765
3279.540000000001,0.0,17.156125199680453,62.0622780133434,62.0795058858414,62.92149356560406,63.4456523795404,-2.4,0.07,0.07,0.07,-0.1151543883583181,-2.6459472487494167,16.71440495679859,-0.07084999999956,-0.6344624999976902,-11.741000000002932,0.07,0.19,0.18,16.922932087442057,62.627232461082315,0.31781732791976813
3279.5500000000006,0.0,17.10620507188498,61.79664779507839,61.95967903566099,62.98704885986961,63.48842420391732,-2.314635000000823,0.07,0.07,0.07,-0.1283422010004164,-2.6532232833105747,16.693031605275188,-0.37084999999956,-2.20946249999769,-9.741000000002934,0.07,0.19,0.18,16.903057998077607,62.55794997363158,0.07816835070395008
3279.560000000001,0.0,17.056284944089224,61.594578483174246,61.76405874434953,62.91181028628828,63.6055814113511,-2.1046350000002256,0.07,0.07,0.07,-0.1415300136425897,-2.660499317871773,16.671658253751666,-0.9620825000017016,-1.7592249999966434,-8.82558999999912,0.07,0.19,0.18,16.883201008548227,62.46900723129079,-0.30573342177967466
3279.5700000000006,0.0,17.00636481629375,61.35381016245976,61.55120202949293,62.84272813296683,63.61299334666353,-1.98,0.07,0.07,0.07,-0.154717826284688,-2.667775352432931,16.650284902228265,-1.6970824999996124,-0.3092250000007643,-8.4455900000002,0.07,0.19,0.18,16.86336117926048,62.340183417895766,-0.760845872132962
3279.580000000001,0.0,17.0,61.05535477630611,61.31265166708338,62.78282310922273,63.45681239190212,-1.98,0.07,0.07,0.07,-0.1679056389267864,-2.675051386994089,16.628911550704863,-2.361784999999076,1.308149999997507,-8.982804999998548,0.07,0.19,0.18,16.84353857085286,62.151910486128585,-1.0709452254994136
3279.5900000000006,0.0,17.0,60.92785050037335,61.09926306198664,62.66362543689331,63.27738191187464,-1.98,0.07,0.07,0.07,-0.1810934515688846,-2.6823274215552466,16.607538199181462,-2.9917849999990764,3.0081499999975074,-9.972804999998548,0.07,0.19,0.18,16.823733244197015,61.99203022778199,-1.3094585765440336
3279.600000000001,0.0,17.0,61.05570710978328,60.92346022404799,62.45585844660218,63.06322209111302,-1.98,0.07,0.07,0.07,-0.194281264210983,-2.689603456116404,16.58616484765806,-3.2301274999999343,1.551457500004422,-10.828904999998842,0.07,0.19,0.18,16.803945260398365,61.87456196788662,-1.1084655050516057
3279.6100000000006,0.0,17.0,61.10671046457232,60.86915687499974,62.20724086898456,62.86181408422495,-2.0364805865680107,0.07,0.07,0.07,-0.2074690768530813,-2.696879490677562,16.564791496134664,-3.2751274999999342,-1.4635424999955775,-11.618904999998842,0.07,0.19,0.18,16.784174680796873,61.7612305731954,-0.6905092182500565
3279.620000000001,0.0,17.0,61.03876260360983,61.0029068749996,61.89539594919879,62.68014296123049,-2.176457257122977,0.07,0.07,0.07,-0.2206568894951797,-2.70415552523872,16.543418144611262,-3.0723580895236133,-3.052655663912622,-11.789594898725191,0.07,0.19,0.18,16.764421566967766,61.654302097259674,-0.43134151456596964
3279.630000000001,0.0,17.0,60.970814742646944,61.13665687500022,61.58355102941125,62.49847183823499,-2.316433927678739,0.07,0.07,0.07,-0.2338447021373529,-2.711431559799919,16.52204479308774,-2.7472768192053154,-3.9378769692409104,-11.654561140285283,0.07,0.19,0.18,16.744685980722195,61.54737362132335,-0.2505601091940282
3279.640000000001,0.0,17.0,60.94678451274364,61.16886806596697,61.2839516191903,62.2349361769114,-2.4241739565108418,0.07,0.07,0.07,-0.2470325147794513,-2.718707594361077,16.50067144156434,-2.1181730769244607,-2.107259615390244,-11.419951923077427,0.07,0.19,0.18,16.724967984108424,61.408635093703076,-0.26515434086984935
3279.6500000000005,0.0,17.0,60.98849365817086,61.04908795602213,61.0026822538734,61.84885921539277,-2.484158960259772,0.07,0.07,0.07,-0.2602203274215496,-2.725983628922234,16.47929809004094,-1.3393269230771998,1.0610096153834885,-11.136298076923175,0.07,0.19,0.18,16.705267639411897,61.22228077086479,-0.3759783639280867
3279.6600000000008,0.0,17.0,60.981480125000175,60.9010712300004,60.96672161499928,61.600348865000086,-2.65279180204824,0.07,0.07,0.07,-0.2734081400636479,-2.733259663483392,16.457924738517537,-0.663541666667078,2.771770833332858,-10.316302083334143,0.07,0.19,0.18,16.685585009156437,61.11240545874998,-0.45102458394526457
3279.670000000001,0.0,17.0,60.901230125000176,60.71061123000041,61.29949161499928,61.55861886500009,-2.9827093226682933,0.07,0.07,0.07,-0.2865959527057463,-2.7405356980445497,16.436551386994136,-0.0593750000013414,3.4696874999984506,-9.123593750002648,0.07,0.19,0.18,16.66592015610487,61.11748795874999,-0.5012082628661366
3279.6800000000007,0.0,16.962197309417146,60.780180279093365,60.58430975330184,61.49932,61.57403762272591,-3.18,0.07,0.07,0.07,-0.2997837653478445,-2.747811732605707,16.415178035470735,-0.2150999999975446,1.3885000000159833,-7.869050000005953,0.07,0.19,0.18,16.6462731432598,61.10946191378027,-0.5269552995513824
3279.690000000001,0.0,16.917354260089574,60.59780300523243,60.55444680787432,61.49932,61.67535833042643,-3.18,0.07,0.07,0.07,-0.3129715779900178,-2.7550877671669065,16.393804683947213,-0.745099999999051,-2.0614999999938224,-6.584050000002301,0.07,0.19,0.18,16.626644033864196,61.08173203588329,-0.540666378120503
3279.7000000000007,0.0,16.87251121076226,60.43798627901143,60.56780315447985,61.43215593710965,61.781356191664855,-3.228035982009041,0.07,0.07,0.07,-0.3261593906321162,-2.762363801728064,16.37243133242381,-1.097549999999277,-3.327299999999482,-6.384449999999086,0.07,0.19,0.18,16.607032891402604,61.05482539056645,-0.5576107532089252
3279.710000000001,0.0,16.82766816143494,60.31301497878698,60.64791296231604,61.26125501372579,61.89457805340666,-3.347976011993859,0.07,0.07,0.07,-0.3393472032742145,-2.7696398362892216,16.351057980900414,-1.362549999999277,-3.517299999999482,-6.719449999999086,0.07,0.19,0.18,16.587439779601233,61.02919025205887,-0.5761476474785537
3279.7200000000007,0.0,16.782825112107624,60.23923126286718,60.71691010293746,61.234350605071455,61.87371308059263,-3.396030000000129,0.07,0.07,0.07,-0.3209431304018203,-2.7694849494703195,16.31961201874885,-1.8376309226919296,-1.5182044887851651,-7.769002493762348,0.07,0.19,0.18,16.55604988579059,61.01605126286719,-0.7847245599655573
3279.730000000001,0.0,16.737982062780304,60.24567866432336,60.76848931458686,61.4331454833035,61.64268119507971,-3.3360300000001293,0.07,0.07,0.07,-0.3008938199355582,-2.7689430762144744,16.287641496654,-2.4161845386523906,1.559102244383836,-9.170498753114844,0.07,0.19,0.18,16.524068759652295,61.02249866432336,-1.086903272471229
3279.7400000000007,0.0,16.69313901345299,60.32034240358231,60.736810684250415,61.50068685245135,61.48495074396634,-3.3479040719457376,0.07,0.07,0.07,-0.280844509469296,-2.76840120295863,16.25567097455915,-2.136666666668015,2.280000000000883,-10.756666666663484,0.07,0.19,0.18,16.492111983980905,61.0106976710626,-0.8279487294880593
3279.750000000001,0.0,16.648295964125417,60.498187638716544,60.57919933814342,61.36969904453812,61.43809331674534,-3.4678141393957183,0.07,0.07,0.07,-0.2607951990029199,-2.7678593297027816,16.223700452464115,-1.4248872180428616,1.8138345864646912,-12.435864661659446,0.07,0.19,0.18,16.460179700602605,60.971294834535854,-0.286318035238639
3279.7600000000007,0.0,16.6034529147981,60.521604875471205,60.42760315471666,61.19464375849001,61.437466732075634,-3.54,0.07,0.07,0.07,-0.2407458885366577,-2.767317456446937,16.191729930369267,-1.0563674894037605,-0.4280079780662431,-12.47217402143957,0.07,0.19,0.18,16.428272052337675,60.89532963018837,0.07604810125098765
3279.770000000001,0.0,16.558609865470782,60.30195204528287,60.285474852830085,60.950226148427504,61.50960761257866,-3.54,0.07,0.07,0.07,-0.2206965780703955,-2.766775583191092,16.159759408274414,-0.8569159810520439,-3.544437796061813,-11.699299426576667,0.07,0.19,0.18,16.396389183006967,60.76181516477978,0.350119754070577
3279.7800000000007,0.0,16.55,60.14444661382222,60.17908312608378,60.798293212781786,61.52901230121384,-3.384779026219248,0.07,0.07,0.07,-0.2006472676041334,-2.7662337099352468,16.127788886179566,-0.8098654708519613,-3.2325261584493115,-10.784439461885276,0.07,0.19,0.18,16.364531237440204,60.66270881347541,0.19503287677715198
3279.790000000001,0.0,16.55,60.07977482784268,60.12607346544481,60.78451070101565,61.46964148129819,-2.995265917604894,0.07,0.07,0.07,-0.1805979571378712,-2.765691836679402,16.095818364084714,-0.839760837070122,-1.1896761335416677,-9.797892376685976,0.07,0.19,0.18,16.33269836148345,60.61500011890033,-0.17673223505811803
3279.8000000000006,0.0,16.55,59.92390273229675,60.06127224510335,60.85164701155105,61.40666799598225,-2.664960000001124,0.07,0.07,0.07,-0.1605486466716091,-2.765149963423557,16.063847841989865,-1.1601103863496438,0.9483843451962208,-9.116899147017415,0.07,0.1825162337662696,0.18,16.300890702006804,60.56087249623335,-0.6096958162767726
3279.810000000001,0.0,16.55,59.62079876443968,59.97743497739821,61.04941697639397,61.3378784429934,-2.42495999999976,0.07,0.07,0.07,-0.1404993362052329,-2.7646080901677093,16.031877319894832,-1.631761164074207,3.136041144003768,-8.595072754641304,0.07,0.18,0.18,16.269108406911954,60.496382290306315,-1.0745384480901627
3279.8200000000006,0.0,16.55,59.47025740759248,59.76948755744221,61.15092810689306,61.3027157842158,-2.1375112443776763,0.07,0.07,0.07,-0.1204500257389707,-2.764066216911864,15.99990679779998,-1.9327961019487536,2.4951724137957214,-8.851709145426465,0.07,0.18,0.18,16.237351625140718,60.423347214035886,-1.0701530594283242
3279.830000000001,0.0,16.55,59.55684082417587,59.36863840659319,61.10282620879118,61.31981868131869,-1.777691154423222,0.07,0.07,0.07,-0.1004007152727086,-2.7635243436560195,15.96793627570513,-2.1476886556715526,0.42620689655761,-9.50138430784423,0.07,0.18,0.18,16.205620506681825,60.337031030219734,-0.8288587153583514
3279.8400000000006,0.0,16.55,59.61304415245737,59.19665531594777,60.8970559578738,61.32942396188566,-1.488900000000389,0.07,0.07,0.07,-0.0803514048064464,-2.7629824704001744,15.93596575361028,-2.345813373252773,-1.5910404191541143,-10.100750998001812,0.07,0.18,0.18,16.17391520257951,60.25904484704115,-0.5949248632361199
3279.850000000001,0.0,16.55,59.621629909729165,59.383395536609406,60.44415726178639,61.32727752256771,-1.3089000000003888,0.07,0.07,0.07,-0.0603020943401843,-2.7624405971443293,15.90399523151543,-2.5354341317356863,-3.5820583832247057,-10.67460329341063,0.07,0.18,0.18,16.142235864941338,60.19411505767317,-0.36472395088849596
3279.8600000000006,0.0,16.55,59.58315553218176,59.51026958677672,60.11018238417292,61.12927793138193,-1.08155922039064,0.07,0.07,0.07,-0.0402527838739221,-2.7618987238884847,15.87202470942058,-2.4876040100259256,-2.855050125324069,-11.303055137841287,0.07,0.18,0.18,16.110582646946195,60.083221358628336,-0.32914956440946497
3279.870000000001,0.0,16.55,59.47275232657212,59.54564148760311,59.95797602304118,60.63192756824722,-0.7817091454285947,0.07,0.07,0.07,-0.0202034734076599,-2.76135685063264,15.840054187325729,-2.3171779448631256,-0.724724310789064,-11.9596967418509,0.07,0.18,0.18,16.078955702852376,59.902074351365904,-0.39406089750530593
3279.880000000001,0.0,16.50394743404312,59.37182731317176,59.5122666183455,59.84003695576111,60.303142369407695,-0.6472563718140619,0.07,0.07,0.07,-0.0001541629412838,-2.760814977376792,15.808083665230695,-1.9211050000001104,1.3489024999995582,-11.791267500000126,0.07,0.18,0.18,16.047355188005522,59.75681831417151,-0.5021648870921502
3279.890000000001,0.0,16.444100044885527,59.28517897525619,59.37534084978756,59.77371353661585,60.22826108972757,-0.7671964017988799,0.07,0.07,0.07,0.0198951475249782,-2.7602731041209467,15.776113143135843,-1.4111050000001102,3.3939024999995584,-11.206267500000124,0.07,0.18,0.18,16.015781258847536,59.665623612846794,-0.6320764556893433
3279.9000000000005,0.0,16.384252655727938,59.19267363409771,59.27725057328016,59.811191774675976,60.2308333998006,-0.898905820634049,0.07,0.07,0.07,0.0226905263158147,-2.757911578947376,15.75451789473686,-0.8699154649430562,2.014796121334019,-10.33922178020929,0.07,0.18,0.18,15.994105952908416,59.62798734546361,-0.43814736169996654
3279.9100000000008,0.0,16.324405266570345,59.09132767198414,59.23777898803593,60.005349302093535,60.35031495513448,-1.048793404945673,0.07,0.07,0.07,0.0079536842105648,-2.75370105263159,15.743465263157924,-0.3129786176036067,-1.0931103928370156,-9.329773744406538,0.07,0.18,0.18,15.98247888284596,59.671192729312025,-0.08071406560690442
3279.920000000001,0.0,16.264557877412756,59.03059974006497,59.18818792801815,60.00489665083801,60.455649862534166,-1.1752438109522934,0.07,0.07,0.07,-0.006783157894685,-2.7494905263158045,15.732412631578988,-0.3566800804823584,-2.7649874245459287,-8.46719315895489,0.07,0.18,0.18,15.970865705270878,59.66983354536382,-0.05208380541193777
3279.9300000000007,0.0,16.204710488255163,59.03273920519869,59.12293424143994,59.70323206698465,60.53908900274892,-1.265266316578643,0.07,0.07,0.07,-0.021519999999935,-2.745280000000019,15.721360000000049,-0.718853118711395,-3.6754502012050345,-7.682484909458644,0.07,0.18,0.18,15.959266450510864,59.59949862909305,-0.19779210977570183
3279.940000000001,0.0,16.144863099097233,59.01432632000001,59.10297367999999,59.49297584000002,60.49586544000006,-1.343508245877008,0.07,0.07,0.07,-0.0362568421052686,-2.741069473684209,15.710307368421049,-1.0866049073618995,-2.1038032048006823,-8.013184777167814,0.07,0.18,0.18,15.947681148945373,59.52653532000002,-0.43466831067085027
3279.9500000000007,0.0,16.08501570993964,58.96403632000001,59.15326367999999,59.42449584000002,60.25618544000006,-1.403478260869417,0.07,0.07,0.07,-0.0509936842105186,-2.7368589473684235,15.69925473684211,-1.4571607411121754,0.7154256384615505,-8.904521782675234,0.07,0.18,0.18,15.93610983100579,59.44949532000002,-0.7173681950949493
3279.960000000001,0.0,16.02516832078205,58.9204897855362,59.11731535162114,59.47950901745608,60.15857531172056,-1.44,0.07,0.07,0.07,-0.0657305263157685,-2.732648421052638,15.688202105263173,-1.703672499999844,2.355267499999111,-9.694689999999376,0.07,0.18,0.18,15.924552527174981,59.418972366583496,-0.8510854369350378
3279.9700000000007,0.0,15.965320931624458,58.88740250374076,58.947609615960666,59.72606263341564,60.28131845386493,-1.44,0.07,0.07,0.07,-0.0804673684210185,-2.728437894736852,15.677149473684237,-1.8886724999993183,3.410267499996113,-10.434689999997271,0.07,0.18,0.18,15.913009267987453,59.46059830174549,-0.9109242254970953
3279.980000000001,0.0,15.95,58.83145476214368,58.8054264897351,59.86683219829759,60.25454083124821,-1.5682691345661943,0.07,0.07,0.07,-0.0952042105262684,-2.7242273684210665,15.6660968421053,-1.726777971593942,1.0513506105354464,-10.903222028406056,0.07,0.18,0.1725053078556431,15.90148008402922,59.43956357035614,-0.5403611039676735
3279.9900000000007,0.0,15.95,58.73929652478773,58.70683860791246,59.84004201301969,59.99092540811375,-1.8984342171070483,0.07,0.07,0.07,-0.1099410526315183,-2.720016842105281,15.65504421052636,-1.392863194619218,-3.000480936933965,-11.237136805380782,0.07,0.18,0.17,15.889965005937709,59.31927563845841,0.043632433714784286
3280.000000000001,0.0,15.95,58.64555114664014,58.63377339495383,59.69443394953827,59.858058146390114,-2.076653346653333,0.07,0.07,0.07,-0.124677894736852,-2.715806315789471,15.64399157894736,-1.2932632106185695,-4.190946656649308,-10.802892561983995,0.07,0.18,0.17,15.878464064401628,59.207954159380584,0.13515108959966968
3280.0100000000007,0.0,15.95,58.54932331751208,58.60062825380972,59.36298253809717,59.92969441918545,-2.016713286713292,0.07,0.07,0.07,-0.1394147368421019,-2.711595789473685,15.632938947368425,-1.3132982719759136,-3.920473328325168,-9.976446280993564,0.07,0.18,0.17,15.86697729016112,59.110657132151104,-0.024775133745949876
3280.020000000001,0.0,15.95,58.331388133900425,58.54089857107191,59.10713091681267,59.96062311266557,-1.9567441860465435,0.07,0.07,0.07,-0.1541515789473519,-2.7073852631579,15.621886315789489,-1.3333000249811968,-1.2331701224213485,-9.653449912565812,0.07,0.18,0.17,15.85550471400729,58.985010183612644,-0.359809494846112
3280.0300000000007,0.0,15.95,57.92188526105428,58.43932475143644,58.97027355983016,59.92747797152136,-1.896729182295644,0.07,0.07,0.07,-0.1688884210526018,-2.7031747368421137,15.610833684210547,-1.3532850362227469,2.668903322491264,-9.583502373220387,0.07,0.18,0.17,15.844046366782374,58.81474038596056,-0.782858389499415
3280.040000000001,0.0,15.95,57.75777544227894,58.32035802098945,58.89300212893554,59.8425942428785,-1.97634182908481,0.07,0.07,0.07,-0.1836252631578518,-2.698964210526328,15.599781052631611,-1.5523676323662274,3.926933066933455,-9.357682317683796,0.07,0.18,0.17,15.832602279379598,58.70343245877061,-1.0147040547275061
3280.0500000000006,0.0,15.95,57.98236314842551,58.173841279360495,58.91011357321337,59.67575766116962,-2.276191904046855,0.07,0.07,0.07,-0.1983621052631017,-2.6947536842105424,15.588728421052677,-1.842077922076425,3.8470129870134,-9.052987012988588,0.07,0.18,0.17,15.82117248274306,58.685518915542254,-1.1497962785576963
3280.060000000001,0.0,15.95,58.10290014010496,58.06073352013994,58.99005943958018,59.56298675006248,-2.541249687578131,0.07,0.07,0.07,-0.2130989473684354,-2.6905431578947328,15.577675789473671,-1.916719417231852,1.0196784727455532,-9.545317759356944,0.07,0.18,0.177437742114048,15.809757007867573,58.67916996247189,-0.806357189169039
3280.0700000000006,0.0,15.95,58.05792640980732,58.00076854640975,59.16995436077073,59.53621667250436,-2.7511972006993863,0.07,0.07,0.07,-0.2278357894736853,-2.686332631578947,15.566623157894735,-1.881552373775456,-3.2104144687238056,-10.4445892991705,0.07,0.18,0.18,15.798355885798864,58.69121649737304,-0.21859244438998554
3280.080000000001,0.0,15.935315449577663,57.99689582751751,58.01033910269184,59.15447100697927,59.44582411266215,-2.9263568215888505,0.07,0.07,0.07,-0.2425726315789353,-2.6821221052631614,15.5555705263158,-1.91679442508705,-4.506411149825901,-10.907122946739465,0.07,0.18,0.18,15.786969147633032,58.65188251246269,-0.025665766126112738
3280.0900000000006,0.0,15.915444610034717,57.91048505982067,58.12982065802573,58.83016392821588,59.25486698404816,-3.046296851574009,0.07,0.07,0.07,-0.2511810086194539,-2.6821258155150174,15.542677746559386,-1.9864808362368749,-4.367038327526251,-11.156002986560267,0.07,0.18,0.18,15.774400854635829,58.53133415752761,-0.02589516358930688
3280.100000000001,0.0,15.89557377049177,57.82516016020044,58.12729012766003,58.579307944931465,59.14493431789733,-3.2009549999995768,0.07,0.07,0.07,-0.2535620743844881,-2.6864117338920788,15.527915138816176,-1.846953792064963,-1.514939728791095,-11.24,0.07,0.18,0.18,15.76062341050746,58.41917313767232,-0.26289880601137394
3280.1100000000006,0.0,15.875702930948822,57.74159570463101,57.92694970212818,58.44753322653351,59.166361101376665,-3.41095499999898,0.07,0.07,0.07,-0.2559431401495223,-2.6906976522691406,15.51315253107296,-1.6008463083891182,2.7191135107749664,-11.24,0.07,0.18,0.18,15.746849278482715,58.32060993366734,-0.6205232902054022
3280.120000000001,0.0,15.855832091405876,57.67478559146964,57.753703172276325,58.39921944685077,59.09522075308302,-3.5939340439697505,0.07,0.07,0.07,-0.2583242059145565,-2.694983570646202,15.49838992332975,-1.2413275000027033,3.7205300000037775,-10.74309000000482,0.07,0.18,0.18,15.733078467260738,58.23073224091994,-0.6791223877112027
3280.130000000001,0.0,15.835961251862816,57.6348522359213,57.62391976674424,58.48479092302578,58.87558729756717,-3.7338407728179512,0.07,0.07,0.07,-0.2607052716796043,-2.699269489023288,15.483627315586451,-0.8263275000003444,3.140530000000481,-10.003090000000611,0.07,0.18,0.18,15.719310985568944,58.15478755581462,-0.5914372863632157
3280.140000000001,0.0,15.81609041231987,57.59491888037319,57.49413636121288,58.5703623992003,58.655953842052575,-3.8737475016653566,0.07,0.07,0.07,-0.2630863374446385,-2.7035554074003496,15.468864707843242,-0.7806298425393103,0.4862109472646754,-9.06852786803341,0.07,0.18,0.18,15.7055468421635,58.078842870709735,-0.4415207376873823
3280.1500000000005,0.0,15.796219572776923,57.54039375624379,57.449677852147815,58.51794404595416,58.59249450549443,-3.948506493506544,0.07,0.07,0.07,-0.2654674032096727,-2.707841325777411,15.45410210010003,-0.9155961009747866,-3.182871782055309,-8.038785303673851,0.07,0.18,0.18,15.691786045828914,58.02512753996005,-0.261160361092803
3280.1600000000008,0.0,15.776348733233975,57.46236178821184,57.54267485514479,58.24322876123896,58.78062637362624,-3.9185364635365234,0.07,0.07,0.07,-0.2678484689747069,-2.712127244154473,15.439339492356815,-1.1781295323824783,-3.933605901476661,-7.911417854463018,0.07,0.18,0.18,15.678028605378477,58.00722294455545,-0.29053582332303607
3280.170000000001,0.0,15.756477893691027,57.37329300000022,57.60024,58.01162183000032,58.79353182000055,-3.854185639229773,0.07,0.07,0.07,-0.2702295347397411,-2.716413162531534,15.424576884613606,-1.5032108026989284,-3.253435858968396,-8.226496624154347,0.07,0.18,0.18,15.664274529654305,57.94467166250027,-0.42274748670562123
3280.1800000000007,0.0,15.739894042383078,57.26629300000052,57.60024,57.85005183000079,58.52175182000132,-3.7340955716793367,0.07,0.07,0.07,-0.2726106005047753,-2.720699080908596,15.409814276870394,-1.657004999999544,-0.6864650000227348,-8.941064999994072,0.07,0.18,0.172482573726555,15.650523827527406,57.809584162500656,-0.6331757594418136
3280.190000000001,0.0,15.724900039983968,57.22278159243589,57.5073249166461,57.79751189848212,58.33323286389653,-3.6714813889582616,0.07,0.07,0.07,-0.2749916662698231,-2.724984999285682,15.395051669127096,-1.727004999999942,2.803534999997104,-9.851064999999243,0.07,0.18,0.17,15.636776507897746,57.715212817865165,-0.8818678537332825
3280.2000000000007,0.0,15.709906037584942,57.282418317989546,57.26345330679276,57.92211005722815,58.27998578750933,-3.701458905820586,0.07,0.07,0.07,-0.2773727320348573,-2.729270917662743,15.380289061383886,-1.57205250000022,3.187847500000942,-10.656982499999373,0.07,0.18,0.17,15.623032579694664,57.68699186737995,-0.7478274988166782
3280.210000000001,0.0,15.694912035185917,57.32429011546184,57.13572248995982,58.0706618473895,58.23295055220884,-3.708557860534925,0.07,0.07,0.07,-0.2797537977998915,-2.733556836039805,15.365526453640673,-1.30705250000022,2.052847500000942,-11.411982499999374,0.07,0.18,0.17,15.609292051876494,57.69090625125501,-0.4265531758213538
3280.2200000000007,0.0,15.67991803278689,57.33610738453813,57.20447751004004,58.25973815261009,58.19642444779123,-3.678565358660375,0.07,0.07,0.07,-0.2821348635649257,-2.7378427544168664,15.35076384589746,-1.075591397849732,-0.654046011498518,-11.498799699925282,0.07,0.18,0.17,15.595554933431009,57.749186873744875,-0.054212556045344584
3280.230000000001,0.0,15.664924030387866,57.29674252500035,57.192727290000406,58.24996165500095,58.21233617499971,-3.5685828542868543,0.07,0.07,0.07,-0.2845159293299599,-2.742128672793928,15.336001238154248,-0.8605376344090074,-4.129914978738135,-11.258739684921682,0.07,0.18,0.17,15.58182123337544,57.73794191125035,0.34310986342168204
3280.2400000000007,0.0,15.64993002798884,57.17369252500035,57.049347290000405,57.915051655000944,58.31398617499971,-3.328642839291134,0.07,0.07,0.07,-0.2868969950949941,-2.7464145911709896,15.321238630411036,-0.8706399999995198,-4.107440000006923,-10.51808000000394,0.07,0.18,0.17,15.568090960756585,57.613019411250356,0.22528983104972106
3280.250000000001,0.0,15.63493602558973,56.963811379309554,56.94211620689644,57.68369999999986,58.3340386206894,-3.0203097676742576,0.07,0.07,0.07,-0.2892780608600419,-2.7507005095480754,15.30647602266774,-0.9906399999998609,-2.377440000002006,-9.533080000001142,0.07,0.18,0.17,15.554364124650851,57.48091655172381,-0.14396877901003957
3280.2600000000007,0.0,15.619942023190704,56.61195730634659,56.89399026986504,57.62167101449271,58.220675302348745,-2.60062453160171,0.07,0.07,0.07,-0.2916591266250761,-2.7549864279251373,15.291713414924528,-1.2643796711503137,0.5572346786181686,-9.09950672645771,0.07,0.18,0.17,15.54064073416467,57.337073473263274,-0.6066704817005983
3280.270000000001,0.0,15.604948020791678,56.328496995751074,56.73167973506626,57.55599211697077,58.10730125968509,-2.3172600000000942,0.07,0.07,0.07,-0.2940401923901103,-2.759272346302198,15.276950807181317,-1.613158943696509,4.079905331334743,-8.935082212257361,0.07,0.18,0.17,15.526920798434142,57.1808675268683,-1.114981312938599
3280.2800000000007,0.0,15.589954018392651,56.15733978505364,56.381877185703374,57.484320034991214,57.993909607598034,-2.257260000000094,0.07,0.07,0.07,-0.2964212581551445,-2.76355826467926,15.262188199438103,-1.8467837431005567,4.1588961364804575,-8.79658304064246,0.07,0.18,0.17,15.513204326625464,57.00436165333656,-1.2226111569096103
3280.290000000001,0.0,15.574960015993629,56.14592809999997,56.109293440000016,57.47695031999999,57.943603,-2.1859240759243246,0.07,0.07,0.07,-0.2988023239201787,-2.767844183056322,15.247425591694892,-2.022398394379981,2.5031008529887453,-8.6711440040143,0.07,0.18,0.17,15.499491327934964,56.91894371499999,-1.1283941877447852
3280.3000000000006,0.0,15.5599660135946,56.39737809999925,55.96377344000043,57.57539031999971,57.99710299999984,-2.0960139860145186,0.07,0.07,0.07,-0.3015246957766512,-2.7679670722977985,15.232884753042296,-2.11695999999978,-0.4222399999858135,-9.268399999996198,0.07,0.18,0.17,15.485261920773457,56.98341121499981,-0.7655743649503856
3280.310000000001,0.0,15.54497201119549,56.52343791447856,55.95093573893488,57.471559054763375,58.02835719429857,-2.028692826793361,0.07,0.07,0.07,-0.3045924941200546,-2.763876674506594,15.218568360773078,-2.1719599999999364,-3.967239999995889,-10.218399999998898,0.07,0.18,0.17,15.470507871782338,56.99357247561885,-0.2716507683565461
3280.3200000000006,0.0,15.529978008796464,56.44316784696173,56.156427111777965,57.03488988747184,58.02300585646412,-1.9987003249188104,0.07,0.07,0.07,-0.3076602924634406,-2.7597862767154124,15.204251968503945,-2.1328800000001777,-4.316880000002531,-10.792079999999183,0.07,0.18,0.17,15.455754691067709,56.914372675668915,-0.1353501458095598
3280.330000000001,0.0,15.514984006397436,56.35928591556338,56.27968839370473,56.798303467399386,57.88734588558604,-1.946140394704089,0.07,0.07,0.07,-0.3107280908068266,-2.755695878924231,15.18993557623481,-2.047880000000178,-3.106880000002531,-11.182079999999184,0.07,0.18,0.17,15.44100238111828,56.831155915563386,-0.17360359392858568
3280.3400000000006,0.0,15.499990003998413,56.269473275043865,56.26792721458907,56.89025450412176,57.53771810642075,-1.8562078441171144,0.07,0.07,0.07,-0.3137958891502126,-2.75160548113305,15.175619183965674,-1.734328582146606,-0.2028132033102121,-11.441072768191558,0.07,0.18,0.1775581395348571,15.426250944432221,56.74134327504387,-0.33108664077314276
3280.350000000001,0.0,15.484996001599386,56.18850356589164,56.27068727181789,56.899121095274126,57.30860225556396,-1.8562640660160423,0.07,0.07,0.07,-0.3168636874935986,-2.7475150833418684,15.16130279169654,-1.309222305577732,3.528119529870729,-11.636121530381985,0.07,0.18,0.18,15.411500383517122,56.666728547136906,-0.5467650869961903
3280.3600000000006,0.0,15.47000199920036,56.12214697674439,56.297443960990165,56.770688987247205,57.27863476369102,-2.006301575393292,0.07,0.07,0.07,-0.3199314858369846,-2.743424685550687,15.146986399427403,-0.8808972756823391,3.758310422398721,-10.859585103727731,0.07,0.18,0.18,15.396750700890026,56.617228672168196,-0.5443811422143119
3280.370000000001,0.0,15.455007996801337,56.10021871064447,56.23416281859157,56.72263412793568,57.183272603698974,-2.2351462134448625,0.07,0.07,0.07,-0.3229992841803706,-2.739334287759506,15.132670007158271,-0.451004748813785,2.283679080233332,-9.60989752562147,0.07,0.18,0.18,15.382001899077489,56.560072065217675,-0.4358032449339933
3280.380000000001,0.0,15.45,56.151553043478266,56.02240869565217,56.80712188405797,56.98007420289854,-2.595056235940489,0.07,0.07,0.07,-0.326067082523774,-2.7352438899683014,15.118353614889054,-0.3671342835709997,-0.4719279819997515,-8.749647411852122,0.0624367088607243,0.1724367088607244,0.1724367088607244,15.367253980615516,56.49028945652174,-0.2512889394753255
3280.390000000001,0.0,15.45,56.11712214392831,55.94111436281838,56.763968425787496,56.91619397301324,-2.85373313343307,0.07,0.07,0.07,-0.32913488086716,-2.73115349217712,15.10403722261992,-0.4521555388845327,-3.852773193290832,-8.079479869968978,0.06,0.17,0.17,15.352506948049976,56.43459972638686,-0.029710434788271622
3280.4000000000005,0.0,15.45,55.94066037481315,56.07586698650633,56.50943569215472,57.083030554722114,-2.943688155921939,0.07,0.07,0.07,-0.332202679210546,-2.7270630943859384,15.089720830350783,-0.7153749999988261,-3.873912500005416,-8.024762499999179,0.06,0.1775698471270612,0.17,15.337760803936108,56.402248402049075,-0.12418743353602185
3280.4100000000008,0.0,15.45,55.762156550000746,56.076850505000905,56.33601574000016,57.1414165100005,-2.9887828042989595,0.07,0.07,0.07,-0.335270477553932,-2.7229726965947574,15.075404438081652,-1.0653749999988262,-2.258912500005416,-8.269762499999178,0.06,0.18,0.17,15.323015550838932,56.32910982625057,-0.3725799376762995
3280.420000000001,0.0,15.45,55.58025655000075,55.8553605050009,56.29749574000016,57.0194365100005,-2.9587903024244944,0.07,0.07,0.07,-0.338338275897318,-2.718882298803576,15.061088045812516,-1.4019249999988932,0.1126499999908106,-8.861099999997451,0.06,0.18,0.17,15.308271191333176,56.188137326250576,-0.642711536915749
3280.4300000000007,0.0,15.45,55.48875265183681,55.68129007248225,56.31601856535822,56.91072354911306,-3.0072131966998232,0.07,0.07,0.07,-0.341406074240704,-2.7147919010123944,15.04677165354338,-1.7319249999988933,2.852649999990811,-9.621099999997451,0.06,0.18,0.17,15.293527728003358,56.09919620969758,-0.9234298330252171
3280.440000000001,0.0,15.45,55.54758794301439,55.58608387403126,56.42941021744591,56.82407521119699,-3.1871682079476367,0.07,0.07,0.07,-0.3444738725841074,-2.71070150322119,15.032455261274166,-1.907250000000042,2.246962499999063,-9.661524999999871,0.06,0.18,0.17,15.278785163443724,56.09678931142214,-0.9132079767199918
3280.4500000000007,0.0,15.45,55.55549886113873,55.5486267032968,56.51911991008999,56.75067924075916,-3.3111760299624464,0.07,0.07,0.07,-0.3475416709274934,-2.706611105430009,15.018138869005032,-2.007249999999758,0.0119625000054153,-9.351525000000752,0.06,0.18,0.17,15.264043500258635,56.093481178821165,-0.7613015108736522
3280.460000000001,0.0,15.45,55.478535824175935,55.60741791208783,56.56935967032959,56.69937054945063,-3.3411385767789348,0.07,0.07,0.07,-0.3506094692708795,-2.702520707638828,15.003822476735897,-1.865150000000872,-1.3992249999966129,-9.8317124999971,0.06,0.18,0.17,15.24930274106211,56.088670989011,-0.4941702031510243
3280.4700000000007,0.0,15.45,55.447017513729264,55.62116629056435,56.47612567149381,56.66839553669495,-3.3488850000000854,0.07,0.07,0.07,-0.3536772676142655,-2.698430309847646,14.98950608446676,-1.605150000000872,-2.409224999996613,-10.6967124999971,0.06,0.18,0.17,15.23456288847821,56.0531762531206,-0.17092568246920053
3280.480000000001,0.0,15.43158552434265,55.49189020469286,55.55919924113843,56.141717284074616,56.67160072890663,-3.3188850000000856,0.07,0.07,0.07,-0.3567450659576515,-2.694339912056465,14.975189692197628,-1.2678125000012577,-2.0305125000035384,-10.963187500000084,0.06,0.18,0.17,15.219823945141009,55.966101864703134,-0.05669303162407943
3280.4900000000007,0.0,15.401594521643489,55.44614520369955,55.43506277430698,55.92114497375662,56.658183759060336,-3.2666466616656944,0.07,0.07,0.07,-0.3598128643010375,-2.690249514265284,14.960873299928492,-0.8928125000012577,-0.9755125000035384,-10.938187500000083,0.06,0.18,0.17,15.205085913694614,55.86513417770587,-0.04424683040358646
3280.500000000001,0.0,15.371603518944156,55.24610521369636,55.20507027243165,55.89440165958507,56.61646418895272,-3.176624156038833,0.07,0.07,0.07,-0.3604004691331697,-2.6932037530653576,14.943180296406872,-0.9953438359596284,0.7489697424395175,-10.896366591647816,0.06,0.18,0.17,15.188214915670615,55.74051033366645,-0.264325921763922
3280.5100000000007,0.0,15.341612516244997,55.13420247314512,55.01225668748448,55.87674986260305,56.52062790906832,-3.12,0.07,0.07,0.07,-0.3608269538330307,-2.696615630664246,14.925267939012707,-1.3304276069021528,2.799482370595263,-10.846354088522066,0.06,0.18,0.17,15.171208093012098,55.63595923307524,-0.5976422373911519
3280.520000000001,0.0,15.311621513545832,55.17269360479634,54.8828837172123,55.87461146640021,56.33244904321789,-3.12,0.07,0.07,0.07,-0.3612534385328918,-2.700027508263134,14.907355581618544,-1.4265433641589689,2.3564633841546554,-10.30182704323952,0.06,0.18,0.17,15.15420413710476,55.56565945790669,-0.6662610638877118
3280.5300000000007,0.0,15.28163051084667,55.2068738538538,54.764857817818026,55.87523077077076,56.14414886886927,-3.13108891108886,0.07,0.07,0.07,-0.3616799232327529,-2.703439385862023,14.88944322422438,-1.4065483629093254,0.7018770307466657,-9.517023244191016,0.06,0.18,0.17,15.137203057609453,55.49777782782797,-0.6062675888310647
3280.540000000001,0.0,15.251639508147507,55.233650630630585,54.666319279279456,55.88058612612612,55.9556403603607,-3.1610589410588803,0.07,0.07,0.07,-0.3621064079326139,-2.706851263460911,14.871530866830216,-1.238600000000805,-1.7532624999904587,-9.15576250000052,0.06,0.18,0.17,15.120204864228846,55.43404909909921,-0.34924559950550915
3280.5500000000006,0.0,15.221648505448346,55.14182601202476,54.64985973947866,55.78518334669403,55.96302849699317,-3.18,0.07,0.07,0.07,-0.3625328926324749,-2.7102631410598,14.853618509436052,-0.998600000000805,-4.598262499990458,-9.000762500000521,0.06,0.18,0.17,15.103209566707637,55.38497439879765,0.0037270789264401832
3280.560000000001,0.0,15.191657502749011,54.8480584769536,54.773156332665465,55.51821941883739,56.30397038076189,-3.18,0.07,0.07,0.07,-0.3629593773323384,-2.713675018658708,14.835706152041784,-1.2832408102035804,-3.421185296318104,-9.363690922731855,0.06,0.18,0.17,15.08621717483267,55.36085115230458,-0.15933258995239996
3280.5700000000006,0.0,15.161666500049853,54.64101898305089,54.863506440677945,55.394589152542295,56.36259457627147,-3.323094226443188,0.07,0.07,0.07,-0.3633858620321994,-2.717086896257596,14.817793794647622,-1.8233758439616792,-0.2854013503335864,-9.978844711178578,0.06,0.18,0.17,15.06922769843356,55.31542728813565,-0.5736942569643283
3280.580000000001,0.0,15.15,54.57914460618156,54.89871082751739,55.510870309072594,55.94867633100765,-3.712996750811234,0.07,0.07,0.07,-0.3638123467320605,-2.7204987738564843,14.799881437253458,-1.8620694826294288,2.354796300923763,-10.889837540614405,0.06,0.1724973876697932,0.17,15.052241147382299,55.2343505184448,-0.7233572695003654
3280.5900000000006,0.0,15.15,54.583758289572096,54.8508531932988,55.58987401850459,55.65399588897247,-4.047981995497828,0.07,0.07,0.07,-0.3642388314319216,-2.723910651455373,14.781969079859293,-1.657120719820584,4.754196450880968,-11.944573856533092,0.06,0.17,0.17,15.035257531593901,55.16962034758699,-0.7444074142604802
3280.600000000001,0.0,15.15,54.70255798949701,54.66034556639219,55.60485776444106,55.56409341335362,-4.288042010501428,0.07,0.07,0.07,-0.3646653161317826,-2.7273225290542613,14.76405672246513,-1.5630932733184808,3.1453013253447866,-11.61060515129164,0.06,0.17,0.17,15.018276861026507,55.13296368342097,-0.5960747536814489
3280.6100000000006,0.0,15.15,54.76572150375952,54.53332018546372,55.60799546867175,55.47213979448657,-4.605067466264183,0.07,0.07,0.07,-0.3650918008316437,-2.73073440665315,14.746144365070965,-1.5230832708178808,-0.4155888972086048,-10.600352588151493,0.06,0.17,0.17,15.001299145681616,55.09479423809539,-0.3652545559285661
3280.620000000001,0.0,15.15,54.73354105263172,54.515084596491306,55.59083256140359,55.37667112280743,-5.05484257870725,0.07,0.07,0.07,-0.3655182855315047,-2.734146284252038,14.728232007676802,-1.173500000002308,-2.5491199999933536,-10.216160000000368,0.06,0.17,0.17,14.984324395604313,55.05403233333352,-0.08414846729519217
3280.630000000001,0.0,15.15,54.66649613397762,54.4938037327112,55.49430383602724,55.350957357107184,-5.34,0.07,0.07,0.07,-0.3659447702313682,-2.737558161850946,14.710319650282536,-0.6734999999994656,-3.989120000001539,-10.136159999999911,0.06,0.17,0.17,14.967352620883391,55.00139026495581,0.22139073622590053
3280.640000000001,0.0,15.15,54.54097038826876,54.46741479753377,55.26464877853716,55.442248808531815,-5.34,0.07,0.07,0.07,-0.3663712549312293,-2.7409700394498344,14.69240729288837,-0.5035443645083876,-3.68855155875232,-10.271390887290307,0.06,0.17,0.17,14.950383831651978,54.92882069321787,0.26767665216460806
3280.6500000000005,0.0,15.15,54.41544464255989,54.44102586235634,55.03499372104708,55.53354025995644,-5.34,0.07,0.07,0.07,-0.3667977396310903,-2.7443819170487225,14.674494935494208,-0.4939520383693057,-2.5422685851320286,-10.511199040767355,0.06,0.17,0.17,14.933418038087183,54.85625112147994,0.1879955175261081
3280.6600000000008,0.0,15.15,54.15603352323984,54.31557742129024,54.935677981009135,55.60753424287843,-5.329070464767745,0.07,0.07,0.07,-0.3672242243309513,-2.747793794647611,14.656582578100045,-0.9082554517120478,0.1311838006159593,-9.813177570096023,0.06,0.17,0.17,14.916455250410706,54.75370579210441,-0.33476865066253275
3280.670000000001,0.0,15.15,53.67156575712229,54.02361340329886,55.05545809095431,55.65245178410787,-5.299085457271456,0.07,0.07,0.07,-0.3676507090308124,-2.7512056722464995,14.63867022070588,-1.6195742471411958,3.874693665611693,-8.458037383183562,0.06,0.17,0.17,14.899495478888985,54.60077225887083,-1.1679923593664225
3280.6800000000007,0.0,15.12926067337738,53.43942080119398,53.73171263996071,55.09185649166478,55.571320323464064,-5.290899550224803,0.07,0.07,0.07,-0.3680771937306735,-2.754617549845388,14.620757863311717,-2.0596983408732865,5.006867772751142,-7.926777275013128,0.06,0.17,0.17,14.882538733833426,54.45857756407088,-1.5139224708583428
3280.690000000001,0.0,15.094550503297386,53.63324015924392,53.43991866135806,54.98749222194558,55.27739646180592,-5.320884557721178,0.07,0.07,0.07,-0.3685036784305369,-2.758029427444296,14.602845505917449,-2.3613574660636383,4.805761689290908,-7.81616892911,0.06,0.17,0.17,14.86558502560054,54.33451187608837,-1.6110531324089283
3280.7000000000007,0.0,15.059840333217592,53.82300356425697,53.22547141064259,54.90694042168676,55.02576359939764,-5.361739130434765,0.07,0.07,0.07,-0.368930163130398,-2.761441305043184,14.584933148523284,-2.372488122030424,1.5458164541104722,-7.776634158539632,0.06,0.17,0.17,14.848634364592568,54.24529474899599,-1.2817932198014936
3280.710000000001,0.0,15.025130163137796,54.00563408634504,53.1470477158636,54.86826572289164,54.84850456325334,-5.421709145427174,0.07,0.07,0.07,-0.369356647830259,-2.7648531826420726,14.56702079112912,-2.2424556139034744,-3.200370092523192,-7.771632908227057,0.06,0.17,0.17,14.831686761257146,54.217363022088406,-0.7453569063785829
3280.7200000000007,0.0,14.990419993058,54.04311183246123,53.23802846671562,54.68143205684473,54.759059476439646,-5.405788552862336,0.07,0.07,0.07,-0.3697831325301201,-2.768265060240961,14.549108433734956,-2.0653000000004216,-4.783674999999895,-8.254919999998483,0.06,0.1775492807671934,0.17,14.814742226087915,54.18040795811531,-0.44808675074677673
3280.730000000001,0.0,14.955709822978204,53.83396698080303,53.61683674395369,54.24286810770431,54.81881514834199,-5.255826043490011,0.07,0.07,0.07,-0.3650846927933167,-2.7632414525908104,14.525868491780786,-1.86530000000099,-4.833674999999753,-8.974919999996438,0.06,0.18,0.17,14.790863585292712,54.12812174520076,-0.26675980301231916
3280.7400000000007,0.0,14.920999652898407,53.69140843945072,53.79536007490658,53.97881230961293,54.74754252184807,-5.138345413647013,0.07,0.07,0.07,-0.3550840677542604,-2.749490593162108,14.4971166947935,-1.769790680289334,-2.262068278119608,-10.297535509583978,0.06,0.18,0.17,14.759816248162448,54.05328083645457,-0.301928064126966
3280.750000000001,0.0,14.886289482818416,53.66469183520594,53.62544247190979,54.0183528838952,54.44831655430655,-5.078360409897571,0.07,0.07,0.07,-0.3450834427151473,-2.735739733733328,14.46836489780605,-1.7249364565163547,1.5804435584322674,-11.912287565411226,0.06,0.18,0.17,14.728779219243858,53.93920093632937,-0.44204908796122416
3280.7600000000007,0.0,14.85157931273862,53.688110238154906,53.542012454249175,53.99455298069694,54.208552980696936,-5.018375406148532,0.07,0.07,0.07,-0.335082817676091,-2.721988874304625,14.439613100818764,-1.2081188863812071,3.1009029345370203,-12.386428392274954,0.06,0.18,0.17,14.69775256384039,53.85830716344949,-0.3548386115355103
3280.770000000001,0.0,14.816869142658824,53.79969710203042,53.61068129355719,53.85936120330929,54.0733612033093,-4.958390402399601,0.07,0.07,0.07,-0.3250821926370348,-2.708238014875923,14.410861303831476,-0.4556734386759213,3.4620767494355578,-12.291118635565615,0.06,0.18,0.17,14.666736347785632,53.83577520055155,-0.1541327983982645
3280.7800000000007,0.0,14.8,53.845910196664335,53.63329903908404,53.85822012447043,54.08555130694483,-4.909213483146207,0.07,0.07,0.07,-0.3150815675979785,-2.6944871554472205,14.38210950684419,0.1065449999990094,2.020847500004879,-11.495577500002392,0.06,0.18,0.17,14.635730637449162,53.85574516679091,0.0641393845090254
3280.790000000001,0.0,14.8,53.77985094846921,53.57682903659465,54.087296549663215,54.350853771470426,-4.879250936329719,0.07,0.07,0.07,-0.3050809425589222,-2.680736296018518,14.353357709856905,0.5765449999976737,-0.2941524999885416,-10.360577500005618,0.06,0.18,0.17,14.604735499741595,53.94870757654938,0.2909274096285265
3280.8000000000006,0.0,14.8,53.6534307021073,53.5082509127386,54.15646968405306,54.56592122868553,-4.763499125220029,0.07,0.07,0.07,-0.295080317519866,-2.666985436589816,14.324605912869616,0.4168225000027331,-1.8009524999934468,-9.49834500000429,0.06,0.18,0.17,14.573751002119838,53.97101813189612,0.263482885984505
3280.810000000001,0.0,14.8,53.419468816449445,53.41810046138419,53.94075253259788,54.69148792878631,-4.493566608348309,0.07,0.07,0.07,-0.2850796924807529,-2.653234577161036,14.295854115882165,-0.0481774999999101,-2.915952499999785,-8.76834500000014,0.06,0.18,0.17,14.542777212592265,53.867452434804456,0.1127912544353824
3280.8200000000006,0.0,14.8,53.21995383005257,53.34569709444313,53.84637017194099,54.71151783204613,-4.245030000000607,0.07,0.07,0.07,-0.2750790674416967,-2.639483717732333,14.267102318894878,-0.6243049999998782,-2.1889300000003136,-8.344787500000052,0.06,0.172447999999995,0.17,14.5118141997248,53.780884732120704,-0.2203827825371681
3280.830000000001,0.0,14.8,53.08023790680318,53.30410227759789,53.96262235235461,54.54833816596096,-4.035030000000607,0.07,0.07,0.07,-0.2650784424026404,-2.6257328583036306,14.238350521907591,-1.254304999999878,-0.5689300000003135,-8.069787500000054,0.06,0.17,0.17,14.4808620326453,53.72382517567916,-0.6420208215454737
3280.8400000000006,0.0,14.8,52.91345056264119,53.20443704926282,54.08017331832929,54.42452869717442,-3.77148000000104,0.07,0.07,0.07,-0.2550778173635841,-2.6119819988749287,14.209598724920305,-1.881042760689786,1.0041860465106691,-8.343780945235975,0.06,0.17,0.17,14.449920781049784,53.65564740685193,-0.9746042515801238
3280.850000000001,0.0,14.8,52.69832678169609,53.00108621155352,54.20004328582108,54.37101531882987,-3.41148000000104,0.07,0.07,0.07,-0.2450771923245279,-2.5982311394462263,14.180846927933018,-2.50619904976166,2.5545736434089155,-8.883915978994075,0.06,0.17,0.17,14.418990515207819,53.567617899475145,-1.2640156996846708
3280.8600000000006,0.0,14.8,52.5928842042039,52.763411036037056,54.18209768768858,54.31286689689712,-3.169306040938699,0.07,0.07,0.07,-0.2350765672854716,-2.584480280017524,14.152095130945732,-2.71,1.8774256435942704,-9.35985503623963,0.06,0.17,0.17,14.38807130596815,53.46281495620666,-1.1900158022505258
3280.870000000001,0.0,14.8,52.6828541741739,52.46458220720813,53.91861420420501,54.24646049049069,-3.1393509735398544,0.07,0.07,0.07,-0.2250759422464154,-2.5707294205888216,14.123343333958443,-2.71,0.1228642839380635,-9.804743814044196,0.06,0.17,0.17,14.357163224764404,53.32812776901943,-0.9402412777445733
3280.880000000001,0.0,14.774498724936103,52.715351029521024,52.33173837757423,53.68896714959022,54.1783433688909,-3.088163877092301,0.07,0.07,0.07,-0.2150753172073022,-2.556978561160041,14.094591536970997,-2.5988447111778963,-1.258402100524389,-10.397989497373931,0.06,0.17,0.17,14.32626634362067,53.22859998139409,-0.6695030492211069
3280.890000000001,0.0,14.724496224811135,52.646335896799634,52.49206583974237,53.519083745968345,54.10720469362424,-2.9982313265053264,0.07,0.07,0.07,-0.2135179409033642,-2.5516417057549035,14.075309412128847,-2.433803450862922,-2.4587021755423866,-11.063155788946403,0.06,0.17,0.17,14.30632029393996,53.19117254403365,-0.3886020154113674
3280.9000000000005,0.0,14.674493724686164,52.58787874062962,52.56990744627674,53.33064268865532,53.92820747626126,-2.9294170627972047,0.07,0.07,0.07,-0.2206609681182897,-2.5549751184552023,14.06578537584228,-2.091693608555984,-1.8576896294485024,-11.340343198209212,0.06,0.17,0.17,14.297653910975557,53.104159087955736,-0.294261082554604
3280.9100000000008,0.0,14.624491224561192,52.5493779910045,52.49183648175912,53.10712444777611,53.54533891054472,-2.899394545909596,0.07,0.07,0.07,-0.2278039953332152,-2.5583085311555007,14.056261339555713,-1.663939318578775,-0.3854190499920631,-11.42987316587886,0.06,0.17,0.17,14.288992968252218,52.92341945777111,-0.2901554507528451
3280.920000000001,0.0,14.57448872443622,52.5086518229558,52.44180772693173,52.93782697674427,53.28939060765193,-2.869385307346514,0.07,0.07,0.07,-0.2349470225481408,-2.561641943855799,14.046737303269143,-1.161889055474652,1.0616466766553232,-11.340629685158218,0.06,0.17,0.17,14.28033747566837,52.79441928357093,-0.2855342035858977
3280.9300000000007,0.0,14.524486224311248,52.46370058514637,52.4450185296324,52.87147038759702,53.274406861715455,-2.839400299850224,0.07,0.07,0.07,-0.2420900497630663,-2.564975356556098,14.037213266982578,-0.6221589205429706,2.4959295352237723,-11.16071964018099,0.06,0.17,0.17,14.271687443140214,52.763649091022806,-0.28065145744323305
3280.940000000001,0.0,14.474483724185992,52.44802424690193,52.395667178264574,52.82733516682554,53.27059108198289,-2.872923538231029,0.07,0.07,0.07,-0.2492330769780324,-2.5683087692564155,14.027689230695955,-0.4830624999999446,1.929937500001352,-10.358000000000954,0.06,0.17,0.17,14.263042880601693,52.73540441849374,-0.29656872565829834
3280.9500000000007,0.0,14.42448122406102,52.487804990467176,52.24674439466133,52.825295128694,53.28793140610108,-3.022848575712052,0.07,0.07,0.07,-0.256376104192958,-2.571642181956714,14.01816519440939,-0.5480624999999446,0.3449375000013512,-9.238000000000955,0.06,0.17,0.17,14.25440379800471,52.711943979980894,-0.32308222760285515
3280.960000000001,0.0,14.37447872393605,52.50599795724465,52.16068023752969,52.82292128266033,53.32222750593824,-3.1411147213195254,0.07,0.07,0.07,-0.2635191314078835,-2.5749755946570123,14.008641158122822,-0.4067488056326458,-1.1028740256460214,-8.773376917274465,0.06,0.17,0.17,14.245770205318838,52.702956745843224,-0.19539302545719034
3280.9700000000007,0.0,14.32447622381108,52.45855536025349,52.26573170229585,52.81953252573239,53.40807601477941,-3.201099725068456,0.07,0.07,0.07,-0.270662158622809,-2.578309007357311,13.999117121836257,-0.1603319084740582,-2.4807970832266952,-8.642625094292358,0.06,0.17,0.17,14.237142112531547,52.73797390076528,0.010852271225302274
3280.980000000001,0.0,14.3,52.3346403762238,52.28898489591222,52.7506462854284,53.43178890895447,-3.24,0.07,0.07,0.07,-0.2778051858377345,-2.5816424200576096,13.989593085549688,-0.4667764471047076,-2.3986027944126627,-8.519281437125974,0.06,0.17,0.17,14.228519529648153,52.70151511662973,-0.11927137283510816
3280.9900000000007,0.0,14.3,52.07056212189715,52.16231321294253,52.561712249812594,53.34161584650146,-3.24,0.07,0.07,0.07,-0.28494821305266,-2.5849758327579084,13.98006904926312,-1.0406287425135246,-1.6101796407205486,-8.399520958084134,0.06,0.17,0.17,14.21990246669185,52.534050857788436,-0.4120897864547361
3281.000000000001,0.0,14.3,51.86741435311626,52.08652920288058,52.46629975664282,53.26131693071752,-3.250539730134905,0.07,0.07,0.07,-0.2920912402676262,-2.588309245458226,13.9705450129765,-1.4548997995996935,-0.1717935871717544,-8.648677354710054,0.06,0.17,0.17,14.21129093370367,52.420390060839296,-0.6630717966443352
3281.0100000000007,0.0,14.3,51.77282284579071,52.10140876583068,52.53750909361823,53.19861020114215,-3.2805247376311093,0.07,0.07,0.07,-0.2992342674825517,-2.5916426581585243,13.961020976689932,-1.7905711422843225,1.5867234468924956,-9.079539078155996,0.06,0.17,0.17,14.202684940742687,52.40258772659544,-0.893447817082607
3281.020000000001,0.0,14.3,51.707993047833696,52.05439703981942,52.55811916854484,53.13163916854484,-3.436592555581805,0.07,0.07,0.07,-0.3063772946974772,-2.5949760708588228,13.951496940403365,-1.9502859985076773,1.8549316090534247,-9.260228798806144,0.06,0.17,0.17,14.194084497885747,52.3630371061857,-0.9476271392918477
3281.0300000000007,0.0,14.3,51.69941804157276,51.89040004507888,52.48308786376158,53.05660786376158,-3.826300274792028,0.07,0.07,0.07,-0.3135203219124027,-2.5983094835591216,13.941972904116795,-2.02489430489905,1.4023078836124248,-9.31991544391924,0.06,0.17,0.17,14.185489615227675,52.28237845354369,-0.9165837261553255
3281.040000000001,0.0,14.3,51.72300197950498,51.72726539865063,52.46456359410132,52.98387222194463,-4.132349999999185,0.07,0.07,0.07,-0.3206633491273283,-2.60164289625942,13.93244886783023,-1.8441606204662009,0.0813635226468183,-9.243720290218064,0.06,0.17,0.17,14.17690030288125,52.22467579855039,-0.7300644679483678
3281.0500000000006,0.0,14.3,51.806441119719736,51.56573578105538,52.55121193201665,52.91540933766586,-4.282349999999185,0.07,0.07,0.07,-0.3278063763422538,-2.6049763089597184,13.922924831543662,-1.5339279459600268,-1.6799574680979124,-9.098611458594206,0.06,0.17,0.17,14.1683165709772,52.20969954261441,-0.4646942348099976
3281.060000000001,0.0,14.3,51.80139947013239,51.51695383654094,52.49412565358645,52.87382669332667,-4.4113943028485485,0.07,0.07,0.07,-0.3349494035572199,-2.608309721660036,13.91340079525704,-1.3601225919436484,-2.1967950963219174,-9.299562171629828,0.06,0.17,0.17,14.159738429664188,52.171576413396615,-0.3221727067244767
3281.0700000000006,0.0,14.3,51.63131199200181,51.67848345413665,52.16892695326133,52.88238455386154,-4.501349325337163,0.07,0.07,0.07,-0.3420924307721454,-2.611643134360335,13.903876758970473,-1.2550437828370171,-2.0867125344006845,-9.674843632724938,0.06,0.17,0.17,14.151165889109008,52.090276738315325,-0.2415373684035216
3281.080000000001,0.0,14.290375715352052,51.52124897313583,51.78147308059251,52.013232985187166,52.81381165955294,-4.591304347825865,0.07,0.07,0.07,-0.349235457987071,-2.614976547060633,13.894352722683903,-1.130067466266952,-0.827583708147086,-10.089782608695378,0.06,0.17,0.17,14.142598959496313,52.03244167461712,-0.2677003437840925
3281.0900000000006,0.0,14.270470266235378,51.52339810695455,51.77502567913634,52.17441802159153,52.60104741149918,-4.681259370314734,0.07,0.07,0.07,-0.3563784852019965,-2.618309959760932,13.88482868639734,-0.9951349325340316,1.0064992503707568,-10.524565217390345,0.06,0.17,0.17,14.134037651028832,52.018472304795395,-0.34730253539780875
3281.100000000001,0.0,14.250564817118704,51.47801735257562,51.70929017168496,52.29326736501606,52.4387676635981,-4.781639999999835,0.07,0.07,0.07,-0.3555628890722765,-2.619753493837349,13.870879271981902,-1.0101657458561066,1.7637292817673658,-10.563038674033589,0.06,0.17,0.17,14.120581613887426,51.97983563821868,-0.4252671872316609
3281.1100000000006,0.0,14.23065936800203,51.34702954466312,51.53676964419045,52.33586502612581,52.36741658123925,-4.901639999999494,0.07,0.07,0.07,-0.3465626640666596,-2.619253481337037,13.852378809470355,-1.10057257659443,1.979701155197805,-10.40231541938768,0.06,0.17,0.17,14.102091800888424,51.89677019905466,-0.5024087630980126
3281.120000000001,0.0,14.210753918885356,51.275307214588985,51.38147217087209,52.31870289283063,52.34463896577553,-5.011206595053134,0.07,0.07,0.07,-0.3375624390610427,-2.618753468836725,13.83387834695881,-1.0393729783533896,0.902057725809602,-10.031127146058225,0.06,0.17,0.17,14.083607785268129,51.83003031101681,-0.4259745811767845
3281.130000000001,0.0,14.190848469768568,51.31486754434185,51.25851438920776,52.189329922557725,52.41306764426699,-5.10113914564062,0.07,0.07,0.07,-0.3285622140553746,-2.6182534563364097,13.81537788444716,-0.9050111968152272,-0.7998581736737895,-9.558372729535058,0.06,0.17,0.17,14.065129589882712,51.79394487509358,-0.2754278578751969
3281.140000000001,0.0,14.170943020651894,51.2989672558289,51.1667513353986,52.08516166313376,52.46868574270346,-5.173815394868272,0.07,0.07,0.07,-0.3195619890497577,-2.6177534438360976,13.796877421935614,-0.8566774918810997,-1.6789932550577262,-9.419935048713402,0.06,0.17,0.17,14.046657237701712,51.75489149926618,-0.18873175779943818
3281.1500000000005,0.0,14.15103757153522,51.1782367813467,51.13395172672425,52.02863467797157,52.500089623349126,-5.21380206597786,0.07,0.07,0.07,-0.3105617640441408,-2.6172534313357856,13.778376959424069,-0.8516812390707122,-2.143644766423761,-9.449912565575728,0.06,0.17,0.17,14.02819075180806,51.710228202347906,-0.13420100927331569
3281.1600000000008,0.0,14.131132122418546,51.0575063068645,51.10115211804989,51.97210769280939,52.53149350399478,-5.253788737087447,0.07,0.07,0.07,-0.3015615390385239,-2.616753418835473,13.759876496912522,-1.0093595196390703,-1.4932424318272073,-9.61935951963907,0.06,0.17,0.17,14.009730155399142,51.66556490542965,-0.22913981227558378
3281.170000000001,0.0,14.111226673301871,50.9624434588419,51.06105628148541,51.90373337834343,52.48981830693359,-5.300659670164618,0.07,0.07,0.07,-0.292561314032907,-2.616253406335161,13.741376034400975,-1.2495396547406243,-0.2773304978755893,-9.859539654740624,0.06,0.17,0.17,13.991275471787354,51.604262856401085,-0.3998834443510453
3281.1800000000007,0.0,14.1,50.93354706829408,51.00215210075333,51.804818810698976,52.25975858218751,-5.360629685157197,0.07,0.07,0.07,-0.2835610890272901,-2.6157533938348494,13.72287557188943,-1.4464914914909384,0.7823523523492545,-10.009894894894565,0.06,0.17,0.17,13.972826724400777,51.500069140483475,-0.5534588708026364
3281.190000000001,0.0,14.1,50.88022158439692,50.92615815555032,51.73289384059719,52.07648158439692,-5.472098950525204,0.07,0.07,0.07,-0.274560864021622,-2.6152533813345347,13.70437510937778,-1.6216666666666666,1.7633333333333332,-10.115,0.06,0.17,0.17,13.954383936783712,51.40393879123534,-0.698385652316654
3281.2000000000007,0.0,14.1,50.78231645557439,50.81897780399724,51.71022107392249,51.97857645557439,-5.681994002998636,0.07,0.07,0.07,-0.2655606390160052,-2.6147533688342226,13.685874646866234,-1.6166824881340394,1.3968398700989586,-9.936719960030448,0.06,0.17,0.17,13.935947132597786,51.32252294726713,-0.6855832041417482
3281.210000000001,0.0,14.1,50.71158,50.71173997413358,51.6517513036732,51.89585854630113,-5.830277569392329,0.07,0.07,0.07,-0.2565604140103883,-2.6142533563339105,13.667374184354689,-1.5217536847366775,0.3576192855383655,-9.61695978016565,0.06,0.17,0.17,13.917516335622002,51.24273245602698,-0.5940343789258588
3281.2200000000007,0.0,14.1,50.71158,50.6043524935334,51.500080325918304,51.85268213657528,-5.860285071267779,0.07,0.07,0.07,-0.2475601890047714,-2.6137533438335985,13.648873721843142,-1.310045067602313,-0.5865172759108512,-9.46001251877842,0.06,0.17,0.17,13.899091569753818,51.16717373900675,-0.44851588473698123
3281.230000000001,0.0,14.1,50.7271006315789,50.56684895739339,51.40066,51.84100924812025,-5.869710000000079,0.07,0.07,0.07,-0.2385599639991544,-2.6132533313332864,13.630373259331597,-1.0396394591899498,-1.482861792685167,-9.384899849774984,0.06,0.17,0.17,13.88067285900974,51.13390470927314,-0.2758706373224288
3281.2400000000007,0.0,14.1,50.77215326315769,50.66231762907226,51.40066,51.88927992481182,-5.8397100000001645,0.07,0.07,0.07,-0.2295597389935376,-2.6127533188329743,13.61187279682005,-1.0438716148439735,-1.619077231696045,-9.443813941824976,0.06,0.17,0.17,13.862260227526,51.18110270426044,-0.2542117241253202
3281.250000000001,0.0,14.1,50.74694036205668,50.69806282404065,51.370331194786495,51.82391666908072,-5.799435423432545,0.07,0.07,0.07,-0.2205595139878695,-2.612253306332659,13.593372334308398,-1.1842928786362803,-1.3783550651949477,-9.569190070210963,0.06,0.17,0.17,13.843853699559144,51.159812762491136,-0.30742486746423336
3281.2600000000007,0.0,14.1,50.590947120444426,50.62264887279763,51.283553497465775,51.547054491914615,-5.739480389707896,0.07,0.07,0.07,-0.2115592889822526,-2.611753293832347,13.574871871796852,-1.2131921255918057,-0.3587590331411173,-9.764632444555389,0.06,0.17,0.17,13.825453299487151,51.011050995655616,-0.3935731201396255
3281.270000000001,0.0,14.1,50.44786435387698,50.53774435387698,51.23657135188854,51.3388807952287,-5.659040479760495,0.07,0.07,0.07,-0.2025590639766357,-2.611253281332035,13.556371409285306,-1.1882731123848072,1.0367057064507903,-9.993887366059774,0.06,0.17,0.17,13.807059051809494,50.8902652137178,-0.49561518762447315
3281.2800000000007,0.0,14.085997202936891,50.33831166998026,50.42819166998026,51.292943121272295,51.30909948310143,-5.539100449775336,0.07,0.07,0.07,-0.1935588389710188,-2.610753268831723,13.53787094677376,-1.2233657927588462,1.5266866416977516,-10.26014232209648,0.06,0.17,0.17,13.78867098114827,50.842136486083554,-0.5180553364943101
3281.290000000001,0.0,14.051033914389894,50.28463883089762,50.35015678496868,51.30193630480177,51.30120361169098,-5.47021499999994,0.07,0.07,0.07,-0.1845586139654019,-2.610253256331411,13.519370484262216,-1.288284644194572,1.5666367041197369,-10.544786516853124,0.06,0.17,0.17,13.770289112248804,50.80948388308977,-0.5009328551536908
3281.3000000000006,0.0,14.016070625842897,50.38516075156559,50.35909206680583,51.18019308977056,51.35369839248425,-5.500214999999855,0.07,0.07,0.07,-0.1812337499999831,-2.609506500000007,13.500870250000125,-1.1966950425644194,0.5935803705608271,-10.556687531297367,0.06,0.17,0.17,13.751940494090997,50.81953607515656,-0.3671922450843569
3281.310000000001,0.0,13.981107337295697,50.426997706975406,50.327657904899496,51.117330818247794,51.4040908182478,-5.479170622033638,0.07,0.07,0.07,-0.1837337499999952,-2.6085065000000016,13.482370250000036,-1.0264396594890006,-0.8886429644487013,-10.431499749624264,0.06,0.17,0.17,13.733621947961046,50.81901931209263,-0.17483591140726515
3281.3200000000006,0.0,13.946144048748698,50.35984829833437,50.221251918899085,51.16381887038389,51.45057887038389,-5.359260554584338,0.07,0.07,0.07,-0.186233749999993,-2.6075065000000026,13.46387025000005,-0.9165867665418732,-1.5035181023719184,-10.406691635455664,0.06,0.17,0.17,13.715304417548221,50.79887448950031,-0.07776261889677731
3281.330000000001,0.0,13.9111807602017,50.25723247221515,50.16184893553971,51.13053375648282,51.4379009681401,-5.259654913728621,0.07,0.07,0.07,-0.1887337499999909,-2.606506500000004,13.445370250000067,-0.83668664169813,-1.6882871410730744,-10.431660424469332,0.06,0.17,0.17,13.696987906927502,50.746879033094444,-0.027938882326777784
3281.3400000000006,0.0,13.8762174716547,50.062735065448656,50.22421495183983,50.8905831513959,51.27194394171434,-5.199639909977721,0.07,0.07,0.07,-0.1912337499999888,-2.605506500000004,13.426870250000082,-0.9433667083846388,-1.1731889862364375,-10.349977471840369,0.06,0.17,0.17,13.678672420195557,50.61236927759968,-0.12968771724203645
3281.350000000001,0.0,13.8412541831077,49.88655498426075,50.25562526757632,50.71899477439652,51.10593282266596,-5.149822633025367,0.07,0.07,0.07,-0.1937337499999866,-2.604506500000005,13.4083702500001,-1.14361702127569,-0.307106382982641,-10.214808510638909,0.06,0.17,0.17,13.660357961470815,50.49177696222489,-0.3074504243449642
3281.3600000000006,0.0,13.8062908945607,49.76417303252927,50.196118447009646,50.748186799580175,50.939762833159016,-5.1198451161630425,0.07,0.07,0.07,-0.1962337499999845,-2.603506500000006,13.389870250000117,-1.3535480649179026,0.3906142322070239,-10.096556803995492,0.06,0.17,0.17,13.64204453489357,50.412060278069525,-0.46839698658312373
3281.370000000001,0.0,13.7713276060137,49.70232506024077,50.108150534940265,50.75609406265072,50.8246008771085,-5.13039720209785,0.07,0.07,0.07,-0.1987337499999824,-2.6025065000000067,13.37137025000013,-1.568279650436072,1.0048464419450436,-9.986694132335034,0.06,0.17,0.17,13.623732144626151,50.34779263373506,-0.6210046527512956
3281.380000000001,0.0,13.75,49.75389132530121,49.96685896867467,50.72412297831325,50.805005696385535,-5.220329752685335,0.07,0.07,0.07,-0.2012337499999945,-2.601506500000002,13.35287025000004,-1.5333066332913785,0.7832265331655135,-9.766620775969557,0.06,0.17,0.162499999999985,13.605420794852963,50.312469742168666,-0.6195207828601113
3281.390000000001,0.0,13.75,49.78392250702072,49.83073043145283,50.654046944090126,50.78389910645906,-5.320369907522868,0.07,0.07,0.07,-0.2037337499999923,-2.600506500000003,13.334370250000056,-1.3731063829785377,0.1424255319141496,-9.49127659574436,0.06,0.17,0.16,13.587110489781036,50.26314974725568,-0.5407597762657695
3281.4000000000005,0.0,13.75,49.75660568292068,49.70835105948464,50.48249728874186,50.75876762828703,-5.440339915021069,0.07,0.07,0.07,-0.2062337499999902,-2.599506500000004,13.315870250000073,-1.323338327091133,-0.4171860174778243,-9.520179775280786,0.06,0.17,0.1674906567005041,13.568801233639554,50.176555414858555,-0.46148207204883085
3281.4100000000008,0.0,13.75,49.74730241999989,49.62075833500004,50.3480742500002,50.77822013499958,-5.54014489133142,0.07,0.07,0.07,-0.2087337499999881,-2.5985065000000045,13.297370250000087,-1.328332084893867,-0.9365368289621552,-9.699955056179208,0.06,0.17,0.17,13.550493030680423,50.123588784999924,-0.3819481445530745
3281.420000000001,0.0,13.75,49.77726241999989,49.60898833500004,50.2945742500002,50.89485013499958,-5.600099925056069,0.07,0.07,0.07,-0.2112337499999859,-2.597506500000005,13.278870250000104,-1.2399774718403689,-0.9299549436807376,-10.31347183979625,0.06,0.17,0.17,13.532185885178313,50.14391878499993,-0.26011253548306446
3281.4300000000007,0.0,13.75,49.71348229099185,49.58009251809361,50.20616722236153,50.86125663089739,-5.6500099750622335,0.07,0.07,0.07,-0.2137337499999838,-2.5965065000000065,13.26037025000012,-1.1048085106389094,-0.6596170212778186,-11.144510638294111,0.06,0.17,0.17,13.513879801430809,50.0902496655861,-0.11706256958714606
3281.440000000001,0.0,13.75,49.44538146743189,49.51386841028198,50.04167508360363,50.50022843024693,-5.679935162094757,0.07,0.07,0.07,-0.2162337499999959,-2.5955065000000017,13.24187025000003,-1.0931844130057085,-0.2514296351451987,-11.300536113179447,0.06,0.17,0.17,13.495574783758459,49.87528834789111,-0.13199109206591994
3281.4500000000007,0.0,13.75,49.241992211369954,49.42190388179328,49.92467311294767,50.28514869020776,-5.7,0.07,0.07,0.07,-0.2187337499999938,-2.5945065000000023,13.223370250000048,-1.14282452221387,0.2251154132531521,-11.121831720030068,0.06,0.17,0.17,13.477270836505351,49.71842947407966,-0.22525898462214144
3281.460000000001,0.0,13.75,49.18196716754336,49.272913148009394,49.91288247933888,50.39340814425216,-5.7,0.07,0.07,0.07,-0.2212337499999916,-2.593506500000004,13.204870250000065,-1.2752858222105086,0.5019919415759226,-10.493452530851217,0.06,0.17,0.17,13.458967964038628,49.69029273478595,-0.3936307809152284
3281.4700000000007,0.0,13.75,49.12937849000013,49.16775136500004,49.87384062000036,50.42353653500051,-5.729985014984883,0.07,0.07,0.07,-0.2237337499999895,-2.5925065000000043,13.186370250000078,-1.4515638378234832,0.673233442457098,-9.62717199698174,0.06,0.17,0.17,13.440666170749068,49.64862675250026,-0.6017364467697853
3281.480000000001,0.0,13.7345424135004,49.09299849000013,49.15812136500004,49.77540062000036,50.28336653500051,-5.819895104894688,0.07,0.07,0.07,-0.2262337499999874,-2.591506500000005,13.167870250000094,-1.4365568039954917,0.3060324594285199,-9.153053682897614,0.06,0.17,0.17,13.42236546105115,49.57747175250026,-0.6302663173675396
3281.4900000000007,0.0,13.694600329522205,49.06335702021469,49.09071718991842,49.69481884202662,50.17585847766424,-5.899880059969636,0.07,0.07,0.07,-0.2287337499999852,-2.590506500000006,13.149370250000109,-1.326694132335033,-0.328174781520492,-8.87340324594372,0.06,0.17,0.17,13.404065839383184,49.50618788245599,-0.5697470090140995
3281.500000000001,0.0,13.65465824554378,49.04840318941852,48.89738552033933,49.65316174195157,50.13954203144496,-5.959850074962556,0.07,0.07,0.07,-0.230916200598731,-2.5886256991019034,13.133815645958569,-1.1932849273909336,-0.8401502253384816,-8.81668502754137,0.06,0.17,0.17,13.388480822101359,49.434623120788594,-0.48029215782085166
3281.5100000000007,0.0,13.614716161565584,48.98411027541325,48.77984368552825,49.56680430645983,50.10985422133201,-6.009922441831399,0.07,0.07,0.07,-0.2327727367663749,-2.585840894850437,13.12128402682697,-1.0480671006509608,-1.2908262393590872,-8.871767651477223,0.06,0.17,0.17,13.375681320707638,49.360153122183334,-0.3763260884473054
3281.520000000001,0.0,13.574774077587389,48.81050987481252,48.83020923385069,49.38141622433682,50.09485171757639,-6.039944958719008,0.07,0.07,0.07,-0.2346292729340187,-2.583056090598972,13.108752407695372,-1.0701397903143737,-0.975741387919145,-9.24403894158684,0.06,0.17,0.17,13.36288214978929,49.27924676264411,-0.36016316985614744
3281.5300000000007,0.0,13.534831993609192,48.69982160040004,48.8385470067519,49.26364979244804,50.03683890972782,-6.079915021244506,0.07,0.07,0.07,-0.2364858091016626,-2.580271286347506,13.096220788563778,-1.1749825262103308,-0.2817823265125723,-9.773245132299769,0.06,0.17,0.17,13.35008331029683,49.20971432733195,-0.38744246787036646
3281.540000000001,0.0,13.494889909630997,48.72657828957231,48.7550661365344,49.29361728432099,49.88486091522929,-6.139900024993436,0.07,0.07,0.07,-0.2383423452693064,-2.5774864820960404,13.083689169432182,-1.3700801201791573,0.2634902353508496,-10.22347020530606,0.06,0.17,0.17,13.33728480318439,49.165030656414245,-0.44152306059697405
3281.5500000000006,0.0,13.4549478256528,48.72724816943294,48.698840292296246,49.30015590785252,49.77401138469168,-6.18,0.07,0.07,0.07,-0.2401988814369502,-2.5747016778445744,13.071157550300589,-1.610440660990147,0.7341962944390377,-10.6340861291915,0.06,0.17,0.17,13.324486629409753,49.125063938568346,-0.5090445428642699
3281.560000000001,0.0,13.415005741674378,48.671057929155154,48.70202087193461,49.255627792915405,49.7528075204359,-6.18,0.07,0.07,0.07,-0.2420554176046046,-2.571916873593093,13.05862593116892,-1.553060409385834,0.6361607588615459,-10.429321018472075,0.06,0.17,0.17,13.31168878993428,49.09537852861027,-0.5105699044396623
3281.5700000000006,0.0,13.37506365769618,48.65368149074559,48.68207850925441,49.18974025012472,49.694467653826486,-6.209677741693436,0.07,0.07,0.07,-0.2439119537722485,-2.569132069341628,13.046094312037324,-1.34836744882648,0.2567299051417675,-9.920084872690268,0.06,0.17,0.17,13.298891285723228,49.0549919759878,-0.47944247685298647
3281.580000000001,0.0,13.35,48.72861895947987,48.60714104052013,49.07305190595279,49.54780432216084,-6.29961029228041,0.07,0.07,0.07,-0.2457684899398923,-2.5663472650901613,13.033562692905727,-1.066559839759302,-0.1001151727595026,-9.609929894842042,0.06,0.17,0.1624947033898439,13.28609411774533,48.9891540570284,-0.3946383067997791
3281.5900000000006,0.0,13.35,48.751140109890045,48.51350604395595,48.98657538461537,49.473907472527536,-6.350152385710872,0.07,0.07,0.07,-0.2476250261075362,-2.563562460838696,13.02103107377413,-0.7460791186779824,-0.4456334501753003,-9.399614421632426,0.06,0.17,0.16,13.273297286973106,48.93128225274723,-0.2829151698041002
3281.600000000001,0.0,13.35,48.64959165834163,48.375613936063885,48.97161034965034,49.57224913086916,-6.320174868848547,0.07,0.07,0.07,-0.24948156227518,-2.56077765658723,13.008499454642536,-0.64,-0.590067415730252,-9.17966292134874,0.06,0.17,0.16,13.260500794382796,48.892266268731255,-0.26556010126788043
3281.6100000000006,0.0,13.35,48.49774464464482,48.2784,48.91429703703714,49.585969989990105,-6.3,0.07,0.07,0.07,-0.2513380984428239,-2.557992852335764,12.99596783551094,-0.64,-0.6350112359548575,-8.954943820225713,0.06,0.17,0.16,13.247704640954396,48.819102917918016,-0.2948953625673999
3281.620000000001,0.0,13.35,48.225692592593454,48.2784,48.755778518519016,49.39746148148208,-6.3,0.07,0.07,0.07,-0.2531946346104677,-2.5552080480842987,12.983436216379344,-0.7501101376711861,-0.459809762204315,-9.267053817268412,0.06,0.17,0.16,13.234908827671655,48.664333148148636,-0.3028563025709848
3281.630000000001,0.0,13.35,48.04873340329837,48.27141211394302,48.66276260869567,49.26938683658172,-6.3,0.07,0.07,0.07,-0.2550511707781221,-2.5524232438328167,12.970904597247676,-0.9153166458072424,-0.1744530663329449,-9.847779724655762,0.06,0.17,0.16,13.222113355522037,48.56307374062969,-0.30012206455150353
3281.640000000001,0.0,13.35,48.09685934032977,48.247883878061,48.72479159420281,49.28435935032482,-6.3,0.07,0.07,0.07,-0.256907706945766,-2.549638439581351,12.95837297811608,-1.327100264485861,0.1805866794896823,-9.444832892523566,0.06,0.17,0.16,13.209318225497027,48.5884735407296,-0.5363068755402473
3281.6500000000005,0.0,13.35,48.14505385623043,48.2290380808908,48.7726089438349,49.27934146061909,-6.313093453273262,0.07,0.07,0.07,-0.2587642431134098,-2.546853635329885,12.945841358984485,-1.8608824236577148,0.5701033902367109,-8.555195960570476,0.06,0.17,0.16,13.19652343859171,48.606510585393806,-0.8907012608515477
3281.6600000000008,0.0,13.35,48.193411478630935,48.22132889471101,48.78662564597998,49.22677882757507,-6.353073463268239,0.07,0.07,0.07,-0.2606207792810537,-2.54406883107842,12.933309739852888,-1.8036718750015737,0.5427109375010666,-8.93608593749575,0.06,0.17,0.1671523579201792,13.18372899580507,48.60703621172425,-0.81099709237143
3281.670000000001,0.0,13.35,48.24176910103144,48.21361970853122,48.80064234812505,49.17421619453105,-6.393053473263216,0.07,0.07,0.07,-0.2624773154486975,-2.541284026826954,12.920778120721293,-1.3349218750009075,0.2250026041672818,-10.20171093749755,0.06,0.17,0.17,13.170934898139958,48.60756183805469,-0.4290071625096901
3281.6800000000007,0.0,13.341783277725291,48.25247842157884,48.176674105894605,48.82940510489481,49.170690209789626,-6.42,0.07,0.07,0.07,-0.2643338516163414,-2.538499222575488,12.908246501589696,-0.942683474788788,-0.0905766350465683,-10.877371442834695,0.06,0.17,0.17,13.158141146603091,48.60731196053947,-0.1622171521183647
3281.690000000001,0.0,13.31688411931672,48.14558531468516,48.04840237762219,48.90423027972039,49.32034055944078,-6.42,0.07,0.07,0.07,-0.2661903877839958,-2.5357144183240066,12.89571488245803,-0.5882151772337755,-0.4051048427362272,-11.261794807788725,0.06,0.17,0.17,13.14534774220501,48.604639632867126,0.0477041900363287
3281.7000000000007,0.0,13.291984960908287,48.059300470646505,47.95811934109489,48.890431518454086,49.35699710676222,-6.410295652174014,0.07,0.07,0.07,-0.2680469239516396,-2.532929614072541,12.883183263326432,-0.6331701224081421,-0.4001099175618635,-11.047009742693088,0.06,0.17,0.17,13.132554685960379,48.56621210923943,-0.0004172374255651534
3281.710000000001,0.0,13.267085802499857,48.03809660639092,47.98780475105272,48.596757998514185,49.03681875650283,-6.380481987577778,0.07,0.07,0.07,-0.2699034601192834,-2.530144809821075,12.870651644194838,-0.8779865101171279,-0.235233574819077,-10.53239570322318,0.06,0.17,0.17,13.119761978887581,48.41486952811517,-0.17765683993107523
3281.7200000000007,0.0,13.242186644091426,47.98918167894005,47.96518783505216,48.42238827687704,48.77395970544937,-6.350610000000166,0.07,0.07,0.07,-0.2715803950987741,-2.529473201633742,12.853669250646004,-0.96,-0.1334150612961637,-10.469807355516185,0.06,0.17,0.17,13.103007433173035,48.28767937407966,-0.2252580821313534
3281.730000000001,0.0,13.217287485682991,47.8431532056949,47.759277182130944,48.66611925380418,48.71197639666187,-6.3206100000001655,0.07,0.07,0.07,-0.2732474785362985,-2.5289175071545675,12.836442721791585,-0.96,-0.063362521891743,-10.634931198398034,0.06,0.17,0.17,13.086036439363733,48.24513150957298,-0.20755278192179535
3281.7400000000007,0.0,13.192388327274562,47.70937968335045,47.6039961593462,48.833621797753,48.66934564862099,-6.309389999999834,0.07,0.07,0.07,-0.2749145619738229,-2.5283618126753926,12.819216192937164,-1.1395062344126594,0.0165112219447261,-10.400795511224048,0.06,0.17,0.17,13.06906635048743,48.20408582226766,-0.31157385530501547
3281.750000000001,0.0,13.16748916886599,47.62959418794667,47.67175918283981,48.66530719101078,48.71197077630247,-6.339390000000005,0.07,0.07,0.07,-0.2765816454113569,-2.5278061181962146,12.801989664082646,-1.408832917706129,0.1012992518704479,-9.966880299251237,0.06,0.17,0.17,13.052097170073763,48.16965783452493,-0.47650377429180285
3281.7600000000007,0.0,13.14259001045756,47.55232826479433,47.68735324974912,48.51424860581738,48.74150930792376,-6.37878000000001,0.07,0.07,0.07,-0.2782487288488814,-2.52725042371704,12.784763135228228,-1.3010526315785695,0.0835789473683328,-9.322631578946424,0.06,0.17,0.17,13.03512890167085,48.12385985707115,-0.5359661306970736
3281.770000000001,0.0,13.117690852049126,47.48364220661993,47.52529708124391,48.42195171514554,48.72648423269811,-6.43878000000001,0.07,0.07,0.07,-0.2799158122864059,-2.5266947292378648,12.767536606373808,-1.00030075187951,0.0134035087718856,-8.570751879698776,0.06,0.17,0.17,13.018161548844812,48.03934380892687,-0.5414590692138187
3281.7800000000007,0.0,13.1,47.42946488755624,47.38430457771136,48.35240592703647,48.72766845577196,-6.489389999999978,0.07,0.07,0.07,-0.2815828957239303,-2.52613903475869,12.750310077519387,-1.1059456765506883,-0.0863992025913844,-8.715282830798902,0.06,0.17,0.17,13.001195115180307,47.973460962019004,-0.5446857534393157
3281.790000000001,0.0,13.1,47.423048095952055,47.31265040479793,48.35775325337329,48.78221118440755,-6.519389999999893,0.07,0.07,0.07,-0.2832499791614548,-2.525583340279516,12.733083548664968,-1.4149414403174685,-0.2010266633435769,-9.308355345125465,0.06,0.17,0.17,12.984229604280527,47.9689157346327,-0.5467784604613168
3281.8000000000006,0.0,13.1,47.37621255213607,47.24578730883842,48.28149630586092,48.71588017875137,-6.53060765191315,0.07,0.07,0.07,-0.2849170625989792,-2.5250276458003404,12.715857019810548,-1.5727868032987358,-0.0321519620112282,-9.78383154211219,0.06,0.1624650912996894,0.1624650912996894,12.967265019767323,47.90484408639669,-0.5453883317799506
3281.810000000001,0.0,13.1,47.19557700099292,47.19478432969212,47.93510107249231,48.24941543197584,-6.5006001500375294,0.07,0.07,0.07,-0.2865841460365132,-2.5244719513211624,12.698630490956033,-1.652766808297991,0.2827693076733399,-10.198727818045828,0.06,0.16,0.16,12.950301365281234,47.6437194587883,-0.542204015008905
3281.8200000000006,0.0,13.1,47.0515608871365,47.12592931493332,47.69112135041906,47.86739554460316,-6.48,0.07,0.07,0.07,-0.2882512294740377,-2.5239162568419875,12.681403962101612,-1.7362402809129134,0.3866917481815933,-10.346616503636811,0.06,0.16,0.16,12.933338644481982,47.434001774273014,-0.5586610143965749
3281.830000000001,0.0,13.1,47.03890440611138,46.99303626416944,47.81452204041409,47.788292538196096,-6.48,0.07,0.07,0.07,-0.2899183129115621,-2.5233605623628126,12.664177433247191,-1.8215174316526024,0.3816754451969057,-10.356649109606188,0.06,0.16,0.16,12.916376861048027,47.40868881222275,-0.5852588297842525
3281.8400000000006,0.0,13.1,47.02530854054054,46.91961567567572,47.91168497297297,47.72976183783784,-6.48,0.07,0.07,0.07,-0.2915853963490866,-2.5228048678836377,12.646950904392773,-1.5716023886553951,0.0585170440425396,-10.313600398109232,0.06,0.16,0.16,12.89941601867707,47.396592756756775,-0.47424417678926134
3281.850000000001,0.0,13.1,47.0076817709138,47.10139173745149,47.89626154954957,47.75950701158297,-6.48,0.07,0.07,0.07,-0.293252479786611,-2.522249173404463,12.629724375538352,-1.1535879572045278,-0.4241900970376286,-10.243931326200755,0.06,0.16,0.16,12.882456121086076,47.44121051737446,-0.29421666427379195
3281.8600000000006,0.0,13.1,46.99855055815093,47.17895513646486,47.85999606097887,47.78710819768866,-6.4705973506625325,0.07,0.07,0.07,-0.2949195632241355,-2.5216934789252883,12.612497846683931,-0.8646250629098408,-0.4644489179675897,-9.869778560646434,0.06,0.16,0.16,12.865497172011404,47.45615248832083,-0.2496147351298023
3281.870000000001,0.0,13.1,47.01538852225222,46.93796177526504,47.76002064912742,47.80815565281528,-6.440604848787982,0.07,0.07,0.07,-0.29658664666166,-2.5211377844461134,12.595271317829514,-0.6431857070975467,-0.2732058379478811,-9.33631102164409,0.06,0.16,0.16,12.848539175208936,47.380381649864994,-0.27587143186345625
3281.880000000001,0.0,13.091215510812797,46.997619238191696,46.71866822752639,47.664440629761145,47.820090035551,-6.42,0.07,0.07,0.07,-0.298253730099194,-2.520582089966936,12.578044788974996,-0.6767996011960752,-0.076500498504906,-9.00981306081802,0.06,0.1675755968169966,0.16,12.831582134454084,47.30020453275756,-0.3570255333504344
3281.890000000001,0.0,13.061387024608493,46.85198185881162,46.57955192483497,47.58510086338245,47.798353113255466,-6.42,0.07,0.07,0.07,-0.2999208135367184,-2.5200263954877604,12.560818260120575,-0.8363210368888445,0.1229012961110556,-8.785486041875064,0.06,0.17,0.16,12.814626053542336,47.20374694007113,-0.465279847340691
3281.9000000000005,0.0,13.031558538404193,46.70250613732864,46.476466032459406,47.48809292384547,47.719339026217696,-6.42,0.069534400586582,0.069534400586582,0.069534400586582,-0.292550409385315,-2.515344005865822,12.544635219357213,-1.006491096061647,0.1733584148483361,-8.716656634060666,0.06,0.17,0.16,12.797672210078442,47.0966010299628,-0.5380895740068024
3281.9100000000008,0.0,13.001730052199893,46.54113784769064,46.48501534581772,47.33634261173556,47.46285962546855,-6.42,0.0690455823047787,0.0690455823047787,0.0690455823047787,-0.2847293168764636,-2.51045582304779,12.528504216057708,-1.182061700526214,0.1482768999248266,-8.726689240030069,0.06,0.17,0.16,12.78072287138483,46.95633885767812,-0.5929232590229434
3281.920000000001,0.0,12.971901565995593,46.42921587837829,46.48950459459461,47.25191935810786,47.242629155405616,-6.4293899999998345,0.0685567640229753,0.0685567640229753,0.0685567640229753,-0.2769082243676121,-2.5055676402297578,12.5123732127582,-1.3602392821529352,0.2201595214352901,-8.850239282152936,0.06,0.17,0.1675744680850693,12.763778076253047,46.85331724662159,-0.6415355271560598
3281.9300000000007,0.0,12.942073079791292,46.47259425675655,46.481242046332085,47.37895603764418,47.13624884652561,-6.459389999999835,0.068067945741172,0.068067945741172,0.068067945741172,-0.2690871318587607,-2.5006794574117253,12.496242209458694,-1.5397008973073008,0.3398005982048672,-9.0297008973073,0.06,0.17,0.17,12.74683784280282,46.86726029681461,-0.687083515331828
3281.940000000001,0.0,12.912244593586822,46.51292262506443,46.47119979886542,47.45097435275945,47.06772948942736,-6.498761238761243,0.0675791274593658,0.0675791274593658,0.0675791274593658,-0.2612660393498648,-2.4957912745936657,12.480111206159096,-1.4144973808926995,0.2342479421299783,-9.364941381891176,0.06,0.17,0.17,12.72990218924534,46.87570656652917,-0.583327117033361
3281.9500000000007,0.0,12.882416107382522,46.53830684373384,46.45243755028368,47.25341891181056,47.18471762764291,-6.558701298701283,0.0670903091775625,0.0670903091775625,0.0670903091775625,-0.2534449468410134,-2.490903091775633,12.463980202859592,-1.1351259665749165,0.0147418308802913,-9.779009728112175,0.06,0.17,0.17,12.712971133884183,46.857220233367755,-0.4040191014828358
3281.960000000001,0.0,12.852587621178222,46.533022929016376,46.41809720049828,47.09378287920305,47.27474,-6.60932999999996,0.0666014908957591,0.0666014908957591,0.0666014908957591,-0.245623854332162,-2.486014908957601,12.447849199560086,-1.0267570281124498,-0.0765537148594376,-9.82729919678715,0.06,0.17,0.17,12.696044695115292,46.82991075217943,-0.35082536896103966
3281.9700000000007,0.0,12.82275913497392,46.42535667745961,46.33175099875474,47.06073680199256,47.27474,-6.639329999999874,0.0661126726139558,0.0661126726139558,0.0661126726139558,-0.2378027618233106,-2.481126726139569,12.43171819626058,-1.006676706827341,-0.1016541164658238,-9.686736947791386,0.06,0.17,0.17,12.679122891427909,46.77314611955173,-0.362744469450745
3281.980000000001,0.0,12.8,46.3431291589718,46.237982365859786,47.001951150486704,47.2740254205141,-6.66,0.0656238543321524,0.0656238543321524,0.0656238543321524,-0.2299816693144591,-2.476238543321537,12.415587192961071,-0.9169156086634964,0.1292830470491303,-9.450567587752772,0.06,0.1624400639318211,0.1624400639318211,12.662205741405042,46.714272023958095,-0.392356156235564
3281.9900000000007,0.0,12.8,46.34953794359869,46.11835171949108,46.853480973296975,47.27082102820066,-6.66,0.0651350360503491,0.0651350360503491,0.0651350360503491,-0.2221605768056077,-2.471350360503505,12.399456189661567,-0.79244461040617,0.4877595220302303,-9.166773711726067,0.06,0.16,0.16,12.645293263724016,46.64804791614685,-0.4307810039839505
3282.000000000001,0.0,12.8,46.33389513513485,46.04491297297324,46.736176216216194,47.2239454054048,-6.669332333083251,0.064646217768543,0.064646217768543,0.064646217768543,-0.2143394842967119,-2.466462177685445,12.383325186361969,-0.8290404797602705,0.5243728135930402,-9.2840679660174,0.06,0.16,0.16,12.628385477156932,46.584732432432276,-0.42912664914876275
3282.0100000000007,0.0,12.8,46.239841081080826,46.13572378378403,46.72968972972971,47.021783243242695,-6.699339834958701,0.0641573994867396,0.0641573994867396,0.0641573994867396,-0.2065183917878604,-2.461573994867413,12.367194183062464,-0.9489805097450886,0.3944377811094873,-9.608905547226282,0.06,0.16,0.16,12.61148240057164,46.53175945945931,-0.40673328356838917
3282.020000000001,0.0,12.8,46.16067953690297,46.20672205499278,46.71014234442824,46.86814,-6.72,0.0636685812049363,0.0636685812049363,0.0636685812049363,-0.198697299279009,-2.4566858120493804,12.351063179762956,-1.0493833040860845,0.2675231887693273,-9.75299072449227,0.06,0.16,0.16,12.59458405293171,46.48642098408099,-0.40544782796036855
3282.0300000000007,0.0,12.8,46.12867760733235,46.21498061746262,46.64923544621318,46.86814,-6.72,0.0631797629231329,0.0631797629231329,0.0631797629231329,-0.1908762067701576,-2.4517976292313484,12.33493217646345,-1.1396314865878507,0.1421784908502071,-9.803128603659918,0.06,0.16,0.16,12.577690453297409,46.46525841775204,-0.41513335291552744
3282.040000000001,0.0,12.8,46.10833873114921,46.21108098803958,46.58976528341139,46.88579527821103,-6.748020989505046,0.0626909446413296,0.0626909446413296,0.0626909446413296,-0.1830551142613062,-2.4469094464133163,12.318801173163944,-1.1336166500500702,0.268686440676947,-9.8067696909273,0.06,0.16,0.16,12.560801620826169,46.448745070202804,-0.4257171710106417
3282.0500000000006,0.0,12.8,46.146175444617725,46.146536006240346,46.53746159126373,46.991515507020125,-6.837976011993661,0.0622021263595262,0.0622021263595262,0.0622021263595262,-0.1752340217524547,-2.4420212635952843,12.302670169864438,-1.0787811565306809,0.5229237288122982,-9.7868295114657,0.06,0.16,0.16,12.543917574773175,46.45542213728548,-0.43675656656106904
3282.060000000001,0.0,12.8,46.14430981546094,46.04956064837842,46.491930134663264,47.07508600498758,-6.909310344827595,0.0617133080777201,0.0617133080777201,0.0617133080777201,-0.1674129292435589,-2.437133080777224,12.28653916656484,-1.0500754716981229,0.5802264150943685,-10.038037735848809,0.06,0.16,0.16,12.527038334491852,46.44022165087255,-0.3950576618466893
3282.0700000000006,0.0,12.8,46.019432009974935,45.8521042892766,46.46738150623439,47.09002864837907,-6.9392953523238,0.0612244897959167,0.0612244897959167,0.0612244897959167,-0.1595918367347074,-2.432244897959192,12.270408163265335,-1.0349811320755051,0.5349433962265151,-10.43049056603687,0.06,0.16,0.16,12.510163919434847,46.357236613466256,-0.32588671478899983
3282.080000000001,0.0,12.791679956144709,45.90655244267205,45.68348251246268,46.42396838484556,47.05856586241292,-6.950715000000072,0.0607356715141134,0.0607356715141134,0.0607356715141134,-0.151770744225856,-2.42735671514116,12.25427715996583,-1.0768414481895867,0.4062421972538609,-10.41947565543124,0.06,0.16,0.16,12.493294349154027,46.2681423005983,-0.32822839833947837
3282.0900000000006,0.0,12.756795076248393,45.83187647058837,45.60667294117661,46.3204888235296,46.8793435294121,-6.920715000000072,0.06024685323231,0.06024685323231,0.06024685323231,-0.1439496517170046,-2.422468532323128,12.238146156666325,-1.1467540574280604,0.2364544319604246,-10.20973782771582,0.06,0.16,0.16,12.476429643301483,46.15959544117667,-0.3657927208466532
3282.100000000001,0.0,12.721910196352075,45.75927685749708,45.55665730855008,46.20997942007472,46.71790669640673,-6.8907312203644455,0.06,0.06,0.06,-0.1428286387770859,-2.4178785209171854,12.22481416224201,-1.1666583229036411,0.1265331664582578,-10.1968085106381,0.06,0.16,0.16,12.462448309354002,46.06095507063215,-0.3630036587595296
3282.1100000000006,0.0,12.687025316455763,45.69351229739799,45.594843182156005,46.076328862453984,46.615016981412985,-6.860783628649983,0.06,0.06,0.06,-0.1485430605490279,-2.413592704588229,12.214337722326782,-1.1616520650813646,0.0464330413018373,-10.2819148936168,0.06,0.16,0.16,12.451407180697842,45.99492533085524,-0.3401134725110093
3282.120000000001,0.0,12.652140436559447,45.625317880000296,45.60220267000041,45.99338557499961,46.5174672950003,-6.84,0.06,0.06,0.06,-0.1542574823209699,-2.4093068882592727,12.203861282411555,-1.2302095808379927,0.1169560878238948,-10.069281437126882,0.06,0.16,0.16,12.44036917671696,45.93459335500015,-0.402649339370989
3282.130000000001,0.0,12.617255556662933,45.54827787999986,45.49734266999981,46.09503557500018,46.43935729499986,-6.84,0.06,0.06,0.06,-0.1599719040929443,-2.405021071930292,12.193384842496268,-1.3350000000001987,0.2616666666669408,-9.70999999999932,0.06,0.16,0.16,12.429334305735992,45.89500335499993,-0.5072607249273133
3282.140000000001,0.0,12.582370676766615,45.48386842451872,45.385643617021074,46.15515574468071,46.36896873860176,-6.849243445692865,0.06,0.06,0.06,-0.1656863258648863,-2.400735255601336,12.182908402581042,-1.2432064128256113,0.2165731462925555,-9.583326653306612,0.06,0.16,0.16,12.418302576106992,45.848409131205564,-0.4909162111657379
3282.1500000000005,0.0,12.547485796870305,45.46543883991895,45.24904787234044,46.06409191489362,46.32668910334347,-6.879205992509269,0.06,0.06,0.06,-0.1714007476368282,-2.396449439272379,12.172431962665817,-1.052825651302986,0.0762925851706211,-9.573306613226473,0.06,0.16,0.16,12.407273996209149,45.77631693262413,-0.4139121322815285
3282.1600000000008,0.0,12.512600916973987,45.4427123696683,45.133368270142256,46.00236800947862,46.29601962085307,-6.9,0.06,0.06,0.06,-0.1771151694087702,-2.392163622943422,12.161955522750588,-1.0335064935063023,0.193986013985294,-9.432787212787815,0.06,0.16,0.16,12.396248574449128,45.71861706753556,-0.4409285829248112
3282.170000000001,0.0,12.477716037077672,45.40649029790123,45.083381811103706,46.03279454976296,46.301815152335806,-6.9,0.06,0.06,0.06,-0.1828295911807122,-2.387877806614466,12.151479082835362,-1.098441558441347,0.4387412587404609,-9.227992007992675,0.06,0.16,0.16,12.385226319261129,45.70612045277592,-0.5191790257240585
3282.1800000000007,0.0,12.45,45.370268226134165,45.03339535206515,46.06322109004729,46.30761068381853,-6.9,0.06,0.06,0.06,-0.1885440129526541,-2.383591990285509,12.141002642920132,-1.2002402402396335,0.4431031031036847,-9.360600600599083,0.06,0.16,0.16,12.374207239106962,45.693623838016286,-0.5337497880209029
3282.190000000001,0.0,12.45,45.3263191954022,45.011308735632255,45.99112126436732,46.229337701148985,-6.890809595202429,0.06,0.06,0.06,-0.1942584347246286,-2.3793061739565284,12.130526203004848,-1.3203603603601328,0.3279879879882061,-9.660900900900332,0.06,0.16,0.16,12.36319134247612,45.63952172413769,-0.5166713677920237
3282.2000000000007,0.0,12.45,45.26322074462769,45.0583652073963,45.6649343578211,45.94272100949527,-6.860824587706223,0.06,0.06,0.06,-0.1999728564965706,-2.375020357627572,12.120049763089622,-1.333233458177379,0.3000374531834828,-10.124694132333213,0.06,0.16,0.16,12.352178637886094,45.48231032983509,-0.44789817342070515
3282.210000000001,0.0,12.45,45.19144946339033,45.08671288365098,45.46141035606803,45.71854144433311,-6.84,0.06,0.06,0.06,-0.2056872782685125,-2.3707345412986154,12.109573323174391,-1.293283395755394,0.3150187265917272,-10.669013732832756,0.06,0.16,0.16,12.34116913388212,45.36452853686061,-0.3536633738743911
3282.2200000000007,0.0,12.45,45.09807935305952,45.068468149448414,45.56336622367065,45.64985538615872,-6.84,0.06,0.06,0.06,-0.2114017000404545,-2.366448724969659,12.099096883259168,-1.2632916145182056,0.2865832290364111,-10.716332916145644,0.06,0.16,0.16,12.330162839037538,45.344942278084325,-0.33347349488746547
3282.230000000001,0.0,12.45,45.01011722569393,45.039915161209954,45.62173254186476,45.620346703323854,-6.83092273068273,0.06,0.06,0.06,-0.2171161218123964,-2.3621629086407028,12.08862044334394,-1.238260325406824,0.2365206508136483,-10.516082603254594,0.06,0.16,0.16,12.319159761953808,45.32302790802313,-0.3501674152806595
3282.2400000000007,0.0,12.45,44.935235946013805,44.986428532867,45.57466430892296,45.685600389902255,-6.80091522880728,0.06,0.06,0.06,-0.2228305435843384,-2.357877092311746,12.078144003428712,-1.0325474525483194,0.2166533466533613,-10.42992007992017,0.06,0.16,0.16,12.30815991126064,45.295482294426506,-0.2920588184752999
3282.250000000001,0.0,12.45,44.90064474762628,44.90671396301827,45.4957465567214,45.73461055472266,-6.789083187609364,0.06,0.06,0.06,-0.2285449653563129,-2.3535912759827653,12.067667563513426,-0.7378421578414432,0.2116583416583295,-10.399950049949975,0.06,0.16,0.16,12.297163295616025,45.25942895552215,-0.19710719080995748
3282.2600000000007,0.0,12.45,44.96374319840079,44.76340561719141,45.33960462768616,45.744235742128936,-6.819060704471689,0.06,0.06,0.06,-0.2342593871282549,-2.349305459653809,12.0571911235982,-0.6901627033792398,0.199967459324152,-10.092367959949843,0.06,0.16,0.16,12.286169923706579,45.202747296351816,-0.22642888381169282
3282.270000000001,0.0,12.45,44.97017191297842,44.62349191297842,45.24042357089267,45.7709926631657,-6.84,0.06,0.06,0.06,-0.2399738089001968,-2.345019643324852,12.046714683682971,-0.7652565707131702,0.1849486858573659,-9.646811013768524,0.06,0.16,0.16,12.275179804247285,45.1512700150038,-0.3175151613356727
3282.2800000000007,0.0,12.445887500000008,44.83852900225082,44.49184900225082,45.28002347086764,45.83948978744672,-6.84,0.06,0.06,0.06,-0.2456882306721388,-2.340733826995896,12.036238243767745,-0.8569662921344539,0.3306741573025211,-9.352674157304202,0.06,0.16,0.16,12.264192945981847,45.112472815704,-0.4079804305444149
3282.290000000001,0.0,12.420887500000022,44.70601883175277,44.41788914628038,45.250463999002086,45.80175171742474,-6.849048689138394,0.06,0.06,0.06,-0.2514026524440808,-2.33644801066694,12.025761803852518,-0.9568414481894164,0.5553932584261868,-9.132948813983283,0.06,0.16,0.16,12.253209357682728,45.04403092361499,-0.4981405211701976
3282.3000000000006,0.0,12.395887500000038,44.57140075886236,44.48412978532169,45.05281047928204,45.50580563654663,-6.879011235954883,0.06,0.06,0.06,-0.2571170742160227,-2.332162194337983,12.015285363937291,-1.0970137672084386,0.4627909887368145,-9.21383229036213,0.06,0.16,0.16,12.242229048151257,44.90353666500318,-0.5233432359223068
3282.310000000001,0.0,12.37088749999991,44.46450975756062,44.48373285178711,44.94952275931013,45.2927710572357,-6.9,0.06,0.06,0.06,-0.2577235253579746,-2.3269647004772995,12.002158809566357,-1.2572140175221902,0.2124780976215777,-9.444120150188148,0.06,0.16,0.16,12.228368747418507,44.797634106473396,-0.5162617458983481
3282.3200000000006,0.0,12.345887499999924,44.4259993851537,44.31899403649083,45.07896039990006,45.284213196700826,-6.9,0.06,0.06,0.06,-0.253129227392232,-2.320838969856309,11.986334005462131,-1.4271910112359552,-0.0072808988764044,-9.486516853932583,0.06,0.16,0.16,12.211575280047278,44.77704175456135,-0.5440757759948964
3282.330000000001,0.0,12.320887499999936,44.37452547910932,44.19306504378283,45.18222208656493,45.2719521741306,-6.890989505247463,0.06,0.06,0.06,-0.2485349294264894,-2.31471323923532,11.970509201357908,-1.6019725343316435,-0.2120249687884964,-9.436579275905244,0.06,0.16,0.16,12.194784029691984,44.75544119589692,-0.5890383129961512
3282.3400000000006,0.0,12.295887499999951,44.29100283712799,44.163082556917736,45.22077099824862,45.2505361120841,-6.861004497751258,0.06,0.06,0.06,-0.2439406314607467,-2.308587508614329,11.954684397253684,-1.546326326326863,0.0810810810793771,-9.597197197196362,0.06,0.16,0.16,12.177995005523211,44.73134812609461,-0.5765217523812892
3282.350000000001,0.0,12.270887499999969,44.25921530734599,44.14952025487246,45.21193560719684,45.2102415742132,-6.857965508622522,0.06,0.06,0.06,-0.2393463334950041,-2.3024617779933387,11.93885959314946,-1.3761561561566384,0.6216216216200899,-9.862462462461712,0.06,0.16,0.16,12.161208216760974,44.70772818590712,-0.5354377360645711
3282.3600000000006,0.0,12.24588749999998,44.35439771614144,44.17625688655658,45.08680817091518,45.12361488755666,-6.917950512371623,0.06,0.06,0.06,-0.2347520355292615,-2.296336047372349,11.923034789045234,-1.2296629213486543,0.7330836454434476,-9.986803995006104,0.06,0.16,0.16,12.144423672675032,44.68526941529247,-0.47901496524196363
3282.370000000001,0.0,12.220887499999996,44.42304539095676,44.16875212590617,45.005491591306345,45.07493547339466,-6.951036722458293,0.06,0.06,0.06,-0.2301577375635189,-2.2902103167513586,11.90720998494101,-1.094831460674455,0.6332084893884851,-10.041735330836334,0.06,0.16,0.16,12.127641382585223,44.66805614539098,-0.41503728548352603
3282.380000000001,0.0,12.2,44.42625298526104,44.07680108918327,45.03222154384207,45.11984179365468,-6.921059205595799,0.06,0.06,0.06,-0.2255634395977502,-2.2840845861303336,11.891385180836696,-0.9864922383572556,0.4128192288424376,-10.083397596394695,0.06,0.16,0.16,12.110861355861687,44.663779352985266,-0.3494328508287275
3282.390000000001,0.0,12.2,44.38398967483772,43.99403435717871,44.99720512256165,45.09870685342708,-6.891072768192069,0.06,0.06,0.06,-0.2209691416320076,-2.277958855509344,11.875560376732471,-0.8913495242862388,0.132398597896283,-10.118450175262966,0.06,0.16,0.16,12.094083601925584,44.618484002001296,-0.2830180850837897
3282.4000000000005,0.0,12.2,44.22876206103058,43.93408438219112,44.8087909154578,44.91350425212614,-6.861065266316619,0.06,0.06,0.06,-0.216374843666265,-2.271833124888353,11.859735572628246,-0.9102247191011236,0.2475955056179775,-10.337595505617978,0.06,0.16,0.16,12.077308130248868,44.471285402701405,-0.26817018467054987
3282.4100000000008,0.0,12.2,44.06915666416224,43.88769559729526,44.68822280991736,44.75663528174303,-6.83106669997508,0.06,0.06,0.06,-0.2117805457005224,-2.265707394267363,11.843910768524022,-0.9851310861421329,0.5572084893874825,-10.647208489387484,0.06,0.16,0.16,12.060534950354993,44.35042758827947,-0.27866349548275937
3282.420000000001,0.0,12.2,43.898728414726,43.874833087903845,44.73538534435255,44.66981334335098,-6.801089183112755,0.06,0.06,0.06,-0.2071862477347798,-2.2595816636463733,11.828085964419795,-1.0367534418021096,0.442628285357859,-10.57944680851155,0.06,0.16,0.16,12.043764071819155,44.294690047583344,-0.2943397958424322
3282.4300000000007,0.0,12.2,43.78921419709844,43.86228732866436,44.75319694847438,44.618598014006906,-6.78,0.06,0.06,0.06,-0.2025919497690372,-2.253455933025383,11.812261160315574,-1.07680350438032,0.1172215269099008,-10.32412765957546,0.06,0.16,0.16,12.026995504268651,44.25582412206103,-0.3125920730430982
3282.440000000001,0.0,12.2,43.82775346673343,43.85051144072034,44.69967018509246,44.65392567783898,-6.78,0.06,0.06,0.06,-0.1979976518032684,-2.247330202404358,11.79643635621126,-1.0531685393258428,-0.0703595505617977,-9.838202247191012,0.06,0.16,0.16,12.010229257383108,44.2579651925963,-0.35868891441063855
3282.4500000000007,0.0,12.2,43.848155144566284,43.81097611166496,44.602512612163416,44.66331805583248,-6.788888333749569,0.06,0.06,0.06,-0.1934033538375258,-2.241204471783368,11.780611552107034,-0.9982372034957692,-0.1902097378274125,-9.238951310862936,0.06,0.16,0.16,11.993465340895227,44.23124048105679,-0.418469251516898
3282.460000000001,0.0,12.2,43.82468555333999,43.70429615154541,44.39982068793629,44.60997807577271,-6.818865850611894,0.06,0.06,0.06,-0.1888090558717832,-2.235078741162378,11.764786748002807,-0.9967250876313472,0.2115423134675637,-9.11024536805166,0.06,0.16,0.16,11.976703764590559,44.1346951171486,-0.47921527276636194
3282.4700000000007,0.0,12.2,43.77515500749644,43.57762370314871,44.26561766116936,44.57712883058468,-6.848849999999833,0.06,0.06,0.06,-0.1842147579060406,-2.2289530105413875,11.748961943898586,-1.0217626439658252,0.8725338006977854,-9.215403104656469,0.06,0.16,0.16,11.95994453830824,44.048881300599795,-0.5404412448175461
3282.480000000001,0.0,12.196639831991558,43.66072222388843,43.40116193403355,44.30197948025975,44.59530974012988,-6.878849999999833,0.06,0.06,0.06,-0.179620459940298,-2.222827279920397,11.73313713979436,-1.1104194756548265,0.7951285892656368,-9.132721598003378,0.06,0.16,0.16,11.943187671941242,43.989793344577905,-0.5746779897825025
3282.4900000000007,0.0,12.166638331916593,43.58690260999988,43.27935678999994,44.24670099000123,44.54506460500096,-6.9,0.06,0.06,0.06,-0.1750261619745554,-2.216701549299408,11.717312335690137,-1.2302696629207814,0.3556779026238016,-8.957940074907194,0.06,0.16,0.16,11.926433175436744,43.9145062487505,-0.5956815667719288
3282.500000000001,0.0,12.136636831841455,43.61472261000004,43.29433679000002,43.96208098999961,44.3235746049997,-6.9,0.06,0.06,0.06,-0.1704318640087867,-2.2105758186783824,11.701487531585824,-1.169624624624434,0.2903003003004529,-9.411914414415389,0.06,0.16,0.16,11.909681058796394,43.798678748749836,-0.4998137071266687
3282.5100000000007,0.0,12.10663533176649,43.61046065016244,43.29740096524128,43.76055336834209,44.1790702625657,-6.891186610042568,0.06,0.06,0.06,-0.1674609995329347,-2.2053451658103804,11.687728164409185,-1.019474474474236,0.4104204204206113,-10.177680180181396,0.06,0.16,0.16,11.895149437138294,43.71187131157788,-0.345990901715765
3282.520000000001,0.0,12.076633831691524,43.52590951237805,43.270644276069,43.76697497374344,44.2272323030758,-6.861209093180243,0.06,0.06,0.06,-0.1646585707613349,-2.2002073797291137,11.67418309201312,-1.1307592407591394,0.3361288711289429,-10.39985764235766,0.06,0.16,0.16,11.880849120521,43.69769026631657,-0.34201338199109454
3282.5300000000007,0.0,12.04663233161656,43.45207512000003,43.2120634200001,43.802161999999925,44.24264676000005,-6.84,0.06,0.06,0.06,-0.161856141989735,-2.1950695936478475,11.660638019617052,-1.370519480518622,0.1662987012993093,-10.354902597402758,0.06,0.16,0.16,11.866549917991993,43.67723682500002,-0.41167347842337443
3282.540000000001,0.0,12.016630831541592,43.404995120000166,43.07403342000049,43.90916199999962,44.17630676000024,-6.84,0.06,0.06,0.06,-0.1590537132181352,-2.189931807566581,11.647092947220989,-1.3763729662082924,-0.0037872340417299,-10.216172715895764,0.06,0.16,0.16,11.852251833583574,43.64112432500013,-0.4169482326142575
3282.5500000000006,0.0,11.986629331466627,43.33709718929802,42.99262140535099,43.96352105026301,44.12557293823463,-6.822488755622437,0.06,0.06,0.06,-0.1562512844465353,-2.1847940214853145,11.633547874824922,-1.2662352941182142,-0.1739999999991235,-10.030941176471542,0.06,0.16,0.16,11.837954871347188,43.604703145786665,-0.39029517685230775
3282.560000000001,0.0,11.95662783139149,43.21722722180554,43.052556389097234,43.886461785446414,44.11379999499876,-6.762518740629687,0.06,0.06,0.06,-0.1534488556749195,-2.179656235404019,11.62000280242878,-1.0495068493147837,-0.0561917808216435,-10.03016438356174,0.06,0.16,0.16,11.823659035353492,43.567511347836984,-0.32988117432821046
3282.5700000000006,0.0,11.926626331316523,43.12832958020991,43.0928687856072,43.84067205397299,44.1063192053973,-6.711267816954279,0.06,0.06,0.06,-0.1506464269033197,-2.1745184493227527,11.606457730032712,-0.7805155666246195,0.2028368617688849,-10.11982814445846,0.06,0.16,0.16,11.809364329692766,43.542047406296845,-0.25291374187181365
3282.580000000001,0.0,11.9,43.11656546226886,43.084313063468265,43.872756011994014,44.1095276011994,-6.681260315078829,0.06,0.06,0.06,-0.1478439981317198,-2.1693806632414865,11.592912657636647,-0.7932296110416672,0.3799096612298391,-9.843641154327956,0.06,0.16,0.16,11.79507075847456,43.54579053473264,-0.3173938048383315
3282.5900000000006,0.0,11.9,43.10632663165791,43.02931017754419,43.85137359839942,44.06415242310558,-6.66,0.06,0.06,0.06,-0.14504156936012,-2.16424287716022,11.57936758524058,-0.948813048933616,0.5154178168131495,-9.381909661229267,0.06,0.16,0.16,11.780778325828114,43.51279070767678,-0.45361023888144225
3282.600000000001,0.0,11.9,43.09990502625656,42.85806736684162,43.69618480120022,43.897190682670576,-6.66,0.06,0.06,0.06,-0.1422391405885201,-2.159105091078953,11.565822512844514,-1.0,0.7007340823967388,-9.34057677902601,0.06,0.16,0.16,11.766487035902408,43.387836969242244,-0.4963249474227908
3282.6100000000006,0.0,11.9,43.04666282000012,42.74100233999999,43.58721612,43.756558600000055,-6.642634341414868,0.06,0.06,0.06,-0.1394367118169203,-2.153967304997688,11.55227744044845,-1.0,0.9104719101115648,-9.50537078651623,0.06,0.16,0.16,11.752196892866266,43.28285997000004,-0.4931945476332618
3282.620000000001,0.0,11.9,42.876532820000605,42.759192339999935,43.59363611999998,43.68165860000027,-6.582649337665938,0.06,0.06,0.06,-0.1366342830453204,-2.1488295189164206,11.538732368052385,-1.100400500625056,0.5014242803539004,-9.800961201500137,0.06,0.16,0.16,11.737907900908478,43.2277549700002,-0.4396425073847046
3282.630000000001,0.0,11.9,42.77035717570609,42.76361358160459,43.59822,43.61533037240689,-6.531334332833651,0.06,0.06,0.06,-0.1338318542737046,-2.143691732835125,11.52518729565624,-1.250588235294198,-0.214470588235677,-10.161411764706076,0.06,0.16,0.16,11.723620064237837,43.186880282429385,-0.36108706577068045
3282.640000000001,0.0,11.9,42.82384380404904,42.73366106973254,43.59822,43.57040160459881,-6.501349325337446,0.06,0.06,0.06,-0.1310294255021048,-2.138553946753859,11.511642223260171,-1.316160886319845,-0.2883911368015506,-10.131319845857426,0.06,0.16,0.16,11.709333387083582,43.1815316195951,-0.37997519867065654
3282.6500000000005,0.0,11.9,42.82111477369325,42.68414835208791,43.52305189797418,43.547772403100815,-6.471355677839055,0.06,0.06,0.06,-0.1282269967305049,-2.1334161606725925,11.498097150864108,-1.3402456647398666,-0.0475433526013341,-9.909739884393227,0.06,0.16,0.16,11.695047873695039,43.14402185671404,-0.44664117958091043
3282.6600000000008,0.0,11.9,42.677698919729856,42.585683735933934,43.259766076518986,43.58095069767443,-6.441340670335255,0.06,0.06,0.06,-0.125424567958905,-2.128278374591326,11.484552078468042,-1.1489342344693367,0.2789056407579859,-9.872586430984944,0.06,0.16,0.16,11.680763528342032,43.02602485746431,-0.42196313173787403
3282.670000000001,0.0,11.9,42.57752266094421,42.50911613733907,43.09542103004287,43.59655759656653,-6.408445777111545,0.06,0.06,0.06,-0.1226221391873052,-2.12314058851006,11.471007006071977,-0.8110085781146997,0.6636210033771113,-9.96096698726231,0.06,0.16,0.16,11.66648035531497,42.94465435622317,-0.33510973659191434
3282.6800000000007,0.0,11.896866606983098,42.585294202707146,42.4872145196435,43.17808197424871,43.568297444701294,-6.368465767116644,0.06,0.06,0.06,-0.1198197104157053,-2.1180028024287934,11.45746193367591,-0.8140124843934364,0.625687890138871,-9.92964044943877,0.06,0.16,0.16,11.652198358924931,42.95472203532517,-0.33691500031179134
3282.690000000001,0.0,11.867024768725717,42.59306574447013,42.46531290194781,43.26074291845501,43.54003729283589,-6.3284857571215145,0.06,0.06,0.06,-0.1170172816440896,-2.112865016347498,11.443916861279767,-0.983800249687838,0.3809937578028219,-9.839752808988791,0.06,0.16,0.16,11.637917543503729,42.96478971442721,-0.3820923704180572
3282.7000000000007,0.0,11.837182930468504,42.57661026946115,42.4430022954092,43.29389256487034,43.46387733532951,-6.3,0.06,0.06,0.06,-0.1142148528724897,-2.107727230266231,11.4303717888837,-0.973016270337964,0.2330162703379638,-9.92387234042546,0.06,0.16,0.16,11.623637913404341,42.94434561626755,-0.35035312540982977
3282.710000000001,0.0,11.807341092211294,42.49011326347318,42.41950928143716,43.18390254491033,43.24923661676677,-6.3,0.06,0.06,0.06,-0.1114124241008898,-2.102589444184965,11.416826716487634,-0.8728911138924382,0.1328911138924382,-10.094085106382856,0.06,0.16,0.16,11.609359473000563,42.83569042664686,-0.2805579766604421
3282.7200000000007,0.0,11.77749925395408,42.37519691931578,42.38422154523241,43.08241302689501,43.08466395110028,-6.291413586413649,0.06,0.06,0.06,-0.1140018287927134,-2.098132479896734,11.401996342414574,-0.9739985033672568,0.1066999251683628,-10.26724869044635,0.06,0.16,0.16,11.593993139233826,42.73162386063587,-0.2855820367973543
3282.730000000001,0.0,11.74765741569687,42.17637051344782,42.31410907579476,43.00602182885101,43.06792067481666,-6.261443556443713,0.06,0.06,0.06,-0.12207003200385,-2.0943673183982034,11.3858599359923,-1.173549513594245,0.1166774756797122,-10.441855824394963,0.06,0.16,0.16,11.577524866702834,42.641105523227566,-0.32720789904780606
3282.7400000000007,0.0,11.71781557743966,42.04373013306012,42.2152981166842,42.9430142067554,43.02345148413544,-6.205860000000899,0.06,0.06,0.06,-0.1301382352149865,-2.090602156899673,11.369723529570027,-1.2233208302076308,0.0532833208305234,-10.11637909477551,0.06,0.16,0.16,11.561062515078653,42.556373485158794,-0.38658734002472006
3282.750000000001,0.0,11.687973739182276,42.16310577277406,42.00721213920118,42.93096712384849,42.87341054247664,-6.085860000000217,0.06,0.06,0.06,-0.1382064384261689,-2.086836995401121,11.353587123147662,-1.198314578644685,-0.0467416854212605,-9.541235308827751,0.06,0.16,0.16,11.54460610969043,42.493673894575096,-0.45483026183550734
3282.7600000000007,0.0,11.658131900925063,42.20420683709252,41.84271632080196,42.8693949974935,42.79036088220564,-5.965902621723052,0.06,0.06,0.06,-0.1462746416373055,-2.083071833902591,11.337450716725389,-1.1599399549662908,-0.1100600450337091,-9.406780085063671,0.06,0.16,0.16,11.528155676003054,42.42666975939841,-0.4557075036782822
3282.770000000001,0.0,11.628290062667851,42.015414857142765,41.80624514285712,42.66236742857133,42.9040651428572,-5.846052434457097,0.06,0.06,0.06,-0.1543428448484421,-2.0793066724040603,11.321314310303116,-1.1149061796347497,-0.1550938203652506,-9.49184388291214,0.06,0.16,0.16,11.511711239617421,42.347023142857104,-0.42302805849566755
3282.7800000000007,0.0,11.6,41.87552,41.79776452933828,42.50896,42.98361467166044,-5.751535767883988,0.06,0.06,0.06,-0.1624110480595786,-2.07554151090553,11.305177903880844,-1.0497998999500535,0.1044272136063729,-9.53004002000999,0.06,0.16,0.16,11.495272826271654,42.29146480024968,-0.42236947345961334
3282.790000000001,0.0,11.6,41.87552,41.86936502871389,42.50896,42.965447380774094,-5.721520760380274,0.06,0.06,0.06,-0.1704792512707152,-2.071776349407,11.28904149745857,-0.9747623811907687,0.5146323161571307,-9.545047523761848,0.06,0.16,0.16,11.478840461841852,42.304823102372,-0.43755379531223093
3282.8000000000006,0.0,11.6,41.874695604505646,41.88742579224101,42.48752571714686,42.92500974718452,-5.7,0.06,0.06,0.06,-0.1785474544818517,-2.068011187908469,11.272905091036296,-1.026992255807757,0.6399575318511621,-9.55,0.06,0.16,0.16,11.462414172342953,42.293664215269516,-0.467375887760199
3282.810000000001,0.0,11.6,41.87148158698373,41.75029437797243,42.40396126157695,42.82001850813514,-5.7,0.06,0.06,0.06,-0.1866156576930341,-2.0642460264099176,11.256768684613933,-1.1419060704473225,0.6249687734199145,-9.55,0.06,0.16,0.16,11.445993983929496,42.21143893366706,-0.5044076284121463
3282.8200000000006,0.0,11.6,41.8571248269089,41.65711705376872,42.34040702185121,42.72017479499139,-5.691529235382371,0.06,0.06,0.06,-0.1946838609041707,-2.060480864911387,11.240632278191658,-1.106391391391461,0.3857907907910121,-9.79759259259236,0.06,0.16,0.16,11.429579922896847,42.14370592438005,-0.43014017719454845
3282.830000000001,0.0,11.6,41.810888637368,41.68969255094528,42.334102086913816,42.63505817333654,-5.661544227886082,0.06,0.06,0.06,-0.2027520641153073,-2.056715703412857,11.224495871769385,-0.996281281281629,0.0354404404415468,-10.167962962961797,0.06,0.16,0.16,11.413172015681532,42.11743536214091,-0.3006809801212913
3282.8400000000006,0.0,11.6,41.743003109755946,41.69324484756088,42.34686206808952,42.560895777438986,-5.64,0.06,0.06,0.06,-0.2108202673264438,-2.0529505419143264,11.208359465347112,-1.0671996002990354,-0.3211991006728298,-10.480949288032658,0.06,0.16,0.16,11.39677028886246,42.086001450711336,-0.2400451516408833
3282.850000000001,0.0,11.6,41.59946652439018,41.59537899390239,42.42624214939028,42.52501163109755,-5.64,0.06,0.06,0.06,-0.2188884705375804,-2.049185380415796,11.19222305892484,-1.2270796902314345,-0.6809293030207274,-10.76573569822474,0.06,0.16,0.16,11.380374769161737,42.0365248246951,-0.21323079959858615
3282.8600000000006,0.0,11.6,41.509326663336616,41.505825379620426,42.46120817682325,42.47622452047959,-5.631610486891462,0.06,0.06,0.06,-0.2269566737487169,-2.0454202189172657,11.176086652502564,-1.2231492126972905,-0.3485378655373058,-10.625908522871196,0.06,0.16,0.16,11.363985483445523,41.98814618506497,-0.26763539095924704
3282.870000000001,0.0,11.6,41.57560038961013,41.44062058441584,42.36607331168869,42.389641103896444,-5.601647940075058,0.06,0.06,0.06,-0.2350248769598535,-2.041655057418735,11.159950246080292,-1.1381704573860647,0.3262934266400756,-10.275996001001442,0.06,0.16,0.16,11.347602458724973,41.94298384740278,-0.36222454176250124
3282.880000000001,0.0,11.59820459186212,41.60326129467637,41.36540946763314,42.27065032741819,42.32194881779556,-5.571672918229599,0.06,0.06,0.06,-0.2430930801710359,-2.037889895920184,11.143813839657929,-0.9296402697975376,0.626819885086234,-10.123260054958758,0.06,0.16,0.16,11.33122572215699,41.89031747688081,-0.3465606733069383
3282.890000000001,0.0,11.563342297923208,41.5166129567608,41.26057567608096,42.17437439640088,42.31018175956011,-5.5416654163541486,0.06,0.06,0.06,-0.2511612833821725,-2.034124734421653,11.127677433235654,-0.6598426180366144,0.7417336997251458,-10.068301274044495,0.06,0.16,0.16,11.314855301045531,41.81543619720068,-0.2762238416731243
3282.9000000000005,0.0,11.528480003984296,41.41022346933658,41.19187918898625,42.08508144180221,42.30812943679601,-5.536684171042603,0.06,0.06,0.06,-0.2592294865933091,-2.0303595729231225,11.11154102681338,-0.6533541614593458,0.6166258435396825,-9.743256685829609,0.06,0.16,0.16,11.298491222841967,41.74882838423026,-0.31022752632951833
3282.9100000000008,0.0,11.493617710045385,41.24523723654564,41.23044739924907,42.01651573466832,42.33491291614519,-5.596699174793502,0.060466056936752,0.060466056936752,0.060466056936752,-0.2590678861265018,-2.0267376014427567,11.096018291897527,-0.7783229192696168,0.371687078231551,-9.28337165708781,0.06,0.16,0.16,11.282570780139094,41.70677832165206,-0.3963232528521361
3282.920000000001,0.0,11.45875541610647,41.15890550859946,41.22333738574943,41.90036555773964,42.28235187714997,-5.648348738446046,0.060981321654,0.060981321654,0.060981321654,-0.2580373566920058,-2.0231307484220205,11.080560350380086,-0.9233074999991842,0.3966399999991578,-9.233307499999183,0.06,0.16,0.16,11.266696897541644,41.64124008230963,-0.45518327241748807
3282.9300000000007,0.0,11.42389312216756,41.30297430466807,41.08242338083561,41.64482747420188,41.99736907616753,-5.678326255308371,0.061496586371248,0.061496586371248,0.061496586371248,-0.2570068272575097,-2.019523895401284,11.065102408862646,-1.0783074999991842,0.5566399999991578,-9.388307499999184,0.06,0.16,0.16,11.250823107309602,41.506898558968274,-0.500415222559789
3282.940000000001,0.0,11.389030828228448,41.35429465889703,40.96742224811841,41.44720463704785,41.779273512988645,-5.733231692076916,0.062011851088499,0.062011851088499,0.062011851088499,-0.2559762978230078,-2.0159170423805275,11.049644467345118,-1.1833066733317343,0.2268582854281593,-9.836468382904776,0.06,0.16,0.16,11.234949409834385,41.387048764262985,-0.43356005808553294
3282.9500000000007,0.0,11.354168534289537,41.07581930080085,40.94456233066276,41.45551733430445,41.79901616897308,-5.853201699574776,0.062527115805747,0.062527115805747,0.062527115805747,-0.2549457683885118,-2.0123101893597912,11.034186525827677,-1.2632866783305352,-0.3479980005007211,-10.431319670083356,0.06,0.16,0.16,11.219075805509895,41.31872878368529,-0.3106192931239433
3282.960000000001,0.0,11.319306240350622,40.85679852369851,40.92926199430199,41.49123286713284,41.817196270396266,-5.948288783412303,0.063042380522995,0.063042380522995,0.063042380522995,-0.2539152389540157,-2.0087033363390554,11.018728584310235,-1.2201224081937443,-0.6132050961779821,-10.190769422932108,0.06,0.16,0.16,11.203202294731993,41.2736224138824,-0.30495122965952487
3282.9700000000007,0.0,11.284443946411711,40.94991429681432,40.95364945868946,41.67081328671333,41.82717296037296,-5.978266300274627,0.063557645240243,0.063557645240243,0.063557645240243,-0.2528847095195197,-2.005096483318319,11.003270642792796,-1.1152010991756076,-0.7231226580065064,-9.531264051960962,0.06,0.16,0.16,11.187328877898873,41.35038750064752,-0.3580956020806306
3282.980000000001,0.0,11.25,41.0077624355735,40.969710121273366,41.784362920666965,41.83064109651338,-6.0,0.0640729099574911,0.0640729099574911,0.0640729099574911,-0.2518541800850236,-2.001489630297583,10.987812701275354,-1.046649937264785,-0.196383939774867,-9.533445420325942,0.06,0.16,0.16,11.17145555541099,41.398119143506804,-0.389516848992235
3282.9900000000007,0.0,11.25,40.947206599292606,40.95781522486105,41.67622749873679,41.812258074785255,-6.0,0.0645881746747391,0.0645881746747391,0.0645881746747391,-0.2508236506505276,-1.9978827772768468,10.972354759757916,-0.9964617314931886,0.6517967377651124,-9.869706398995636,0.06,0.16,0.16,11.15558232767108,41.348376849418926,-0.4099702876142315
3283.000000000001,0.0,11.25,40.87747122685718,40.90152575660257,41.61502954332295,41.78736425573915,-6.0,0.06510343939199,0.06510343939199,0.06510343939199,-0.2497931212160257,-1.99427592425609,10.956896818240386,-0.8996612702363356,0.8697459526772517,-10.033559153175776,0.06,0.16,0.16,11.139709195084073,41.29534769563046,-0.3753286809329346
3283.0100000000007,0.0,11.25,40.780270535670006,40.71240702048839,41.694269237225534,41.742990027153695,-6.0,0.0656187041092381,0.0656187041092381,0.0656187041092381,-0.2487625917815296,-1.9906690712353536,10.941438876722945,-0.7801095890410457,0.7800821917807842,-10.113260273972635,0.06,0.16,0.16,11.123836158057486,41.232484205134405,-0.3137954449967245
3283.020000000001,0.0,11.25,40.69359390279822,40.560639705449184,41.68122123711333,41.69347187039763,-5.983602298276456,0.0661339688264861,0.0661339688264861,0.0661339688264861,-0.2477320623470336,-1.9870622182146176,10.925980935205503,-0.8933718013044689,0.4999372804818442,-9.9232789764176,0.06,0.16,0.16,11.107963217000894,41.157231678939596,-0.35145215626132104
3283.0300000000007,0.0,11.25,40.64316680412378,40.5375272852234,41.35029340206231,41.62623573883171,-5.923647264551807,0.0666492335437341,0.0666492335437341,0.0666492335437341,-0.2467015329125375,-1.983455365193881,10.910522993688064,-1.1241796287002834,0.123620170597364,-9.597137481184385,0.06,0.16,0.16,11.092090372326298,41.0393058075603,-0.4391889687838611
3283.040000000001,0.0,11.25,40.59771221288522,40.49294267379717,41.09059557422956,41.539470791953626,-5.888155922038837,0.0671644982609821,0.0671644982609821,0.0671644982609821,-0.2456710034780415,-1.9798485121731453,10.895065052170622,-1.166483653606273,0.2815373097073067,-9.865383079609742,0.06,0.16,0.16,11.076217624448057,40.93018031321639,-0.4292203688208231
3283.0500000000006,0.0,11.25,40.57373462184882,40.3556164705887,41.13855075630236,41.36835798319386,-5.918140929535041,0.0676797629782302,0.0676797629782302,0.0676797629782302,-0.2446404740435454,-1.9762416591524088,10.879607110653184,-1.116571000748837,0.700803593709771,-10.424404791613028,0.06,0.16,0.16,11.060344973782918,40.859064957983435,-0.371453960962575
3283.060000000001,0.0,11.25,40.53085399899879,40.2813410310313,41.14616397897873,41.22219449449438,-5.923740000000111,0.0681950276954811,0.0681950276954811,0.0681950276954811,-0.2436099446090435,-1.9726348061316523,10.864149169135654,-1.0966558197747078,0.3417171464314673,-10.536428035043572,0.06,0.16,0.16,11.044472420749912,40.7951383758758,-0.31047349215509
3283.0700000000006,0.0,11.25,40.42267582082058,40.42486455455487,41.01442223723694,41.16221451451438,-5.863740000000111,0.0687102924127291,0.0687102924127291,0.0687102924127291,-0.2425794151745475,-1.9690279531109165,10.848691227618213,-1.0916495619524316,-0.4042152690876984,-10.426290362953496,0.06,0.16,0.16,11.028599965770766,40.75604428178169,-0.24789561581046826
3283.080000000001,0.0,11.25,40.34769218430892,40.52984376089658,40.9342504607723,41.11050810958899,-5.82,0.0692255571299772,0.0692255571299772,0.0692255571299772,-0.2415488857400514,-1.96542110009018,10.833233286100771,-1.079947526236872,-0.4355472263866035,-10.259317841079335,0.06,0.16,0.16,11.012727609269362,40.73057362889169,-0.26597722486099384
3283.0900000000006,0.0,11.220384980276624,40.38606827397261,40.503193698630135,41.03019068493152,41.08705605479452,-5.82,0.0697408218472252,0.0697408218472252,0.0697408218472252,-0.2405183563055554,-1.961814247069444,10.817775344583332,-1.0649550224887698,-0.1157071464270886,-10.064415292354008,0.06,0.16,0.16,10.996855351672114,40.751627178082195,-0.3236968658839229
3283.100000000001,0.0,11.190425425675354,40.390485252626505,40.441820630315455,41.07628299149596,41.08444796398187,-5.803890410959158,0.0697693093204598,0.0697693093204598,0.0697693093204598,-0.2411534266285961,-1.957693146742808,10.803079440228425,-0.925999499625266,0.0938503877904189,-9.889449587190844,0.06,0.16,0.16,10.98167759606266,40.74825920960495,-0.3253024849169594
3283.1100000000006,0.0,11.160465871074084,40.27379690845456,40.25661802901504,40.94460715357717,41.156173826913246,-5.744114570361513,0.0693051429632378,0.0693051429632378,0.0693051429632378,-0.2434742045533545,-1.953051590893291,10.789154772679874,-0.7258493870412067,0.2489667250430647,-9.724325744308995,0.06,0.16,0.16,10.967203422651309,40.65779897949,-0.29920730593986533
3283.120000000001,0.0,11.130506316472813,40.19854675695612,40.10566780595925,40.87227419354782,41.19333901009639,-5.7,0.0688409766060157,0.0688409766060157,0.0688409766060157,-0.2457949824781128,-1.948410035043774,10.775230105131325,-0.7873944541582625,0.3838121408935937,-9.65323757182128,0.06,0.16,0.16,10.952730283203321,40.592456941639895,-0.3446554571010353
3283.130000000001,0.0,11.100546761871373,40.27021383403105,40.07615783304604,41.010338709677455,41.107970874168906,-5.7,0.0683768102487911,0.0683768102487911,0.0683768102487911,-0.2481157604028844,-1.943768479194231,10.761305437582694,-0.9772520609540654,0.5087184611539903,-9.628256307769202,0.06,0.16,0.16,10.938258181822926,40.61617031273086,-0.4251822306412752
3283.140000000001,0.0,11.0705872072701,40.30292859104792,40.030375208545365,41.03457456256397,40.992575157680776,-5.691936047964109,0.0679126438915691,0.0679126438915691,0.0679126438915691,-0.2504365383276428,-1.939126923344714,10.747380770034145,-1.0132066033017433,0.5700950475236926,-9.62,0.06,0.16,0.16,10.923787122636067,40.590113379959504,-0.4448881340768633
3283.1500000000005,0.0,11.040627652668828,40.16904252797573,39.91499372329616,40.57196011698933,40.748750132248496,-5.661958531101784,0.0674484775343471,0.0674484775343471,0.0674484775343471,-0.2527573162524013,-1.9344853674951967,10.733456102485592,-0.9731865932967914,0.6001100550274064,-9.62,0.06,0.16,0.16,10.909317109790022,40.35118662512743,-0.4345696946154094
3283.1600000000008,0.0,11.010668098067558,40.03589861607159,39.808080967262,40.25330924107119,40.55420056547622,-5.631979010494896,0.0669843111771251,0.0669843111771251,0.0669843111771251,-0.2550780941771596,-1.9298438116456809,10.719531434937045,-1.0907148212939808,0.5295601099729348,-9.733956510871677,0.06,0.16,0.16,10.894848147453898,40.162872347470255,-0.44945592960964936
3283.170000000001,0.0,10.980708543466289,39.90533313988108,39.7305908878969,40.43482709821411,40.53084739087304,-5.601994002998692,0.0665201448199031,0.0665201448199031,0.0665201448199031,-0.257398872101918,-1.925202255796164,10.705606767388492,-1.2856660834785578,0.4095901024747337,-9.903914021494128,0.06,0.16,0.16,10.880380239818654,40.15039962921628,-0.4767283543627283
3283.1800000000007,0.0,10.950748988865016,39.81741949991487,39.66963318931791,40.58668634461639,40.50977192719852,-5.548020000000904,0.0660559784626811,0.0660559784626811,0.0660559784626811,-0.2597196500266764,-1.9205606999466471,10.69168209983994,-1.3365966491623538,0.1655988997258926,-9.839369842461185,0.06,0.16,0.16,10.865913391097285,40.14587774026192,-0.4782287800137879
3283.190000000001,0.0,10.95,39.892405041673975,39.67181723422351,40.62527113794874,40.49739567273343,-5.428020000000222,0.0655918121054564,0.0655918121054564,0.0655918121054564,-0.262040427951448,-1.915919144097104,10.677757432291312,-1.31659164791194,-0.1394773693429157,-9.65932483120746,0.06,0.16,0.16,10.851447605524854,40.17172227164492,-0.46703553446512586
3283.2000000000007,0.0,10.95,39.96739058343265,39.67400127912911,40.66385593128088,40.4850194182684,-5.308020000000222,0.0651276457482344,0.0651276457482344,0.0651276457482344,-0.2643612058762064,-1.9112775882475872,10.66383276474276,-1.1658785303673629,-0.1863734066483209,-9.660329917520638,0.06,0.16,0.16,10.836982887358966,40.19756680302776,-0.4113945673768342
3283.210000000001,0.0,10.95,39.97274482276594,39.66271512730906,40.60877782326524,40.49915277084369,-5.188043967024984,0.0646634793910124,0.0646634793910124,0.0646634793910124,-0.2666819838009648,-1.9066360323980704,10.649908097194212,-0.9509322669336964,-0.1063934016497474,-9.750307423144031,0.06,0.16,0.16,10.822519240879432,40.185847636045985,-0.33391090939038204
3283.2200000000007,0.0,10.95,39.7879120718926,39.61463724413391,40.29787417873264,40.58569296055896,-5.068133899575685,0.0641993130337904,0.0641993130337904,0.0641993130337904,-0.2690027617257232,-1.9019944765485537,10.63598342964566,-0.7424780976226306,0.3627534418003111,-9.981251564454686,0.06,0.16,0.16,10.808056670388732,40.07152911382953,-0.2777407071095558
3283.230000000001,0.0,10.95,39.64809228385812,39.57533228385812,40.10280217891011,40.64221479260379,-4.956167874094789,0.0637351466765684,0.0637351466765684,0.0637351466765684,-0.2713235396504816,-1.8973529206990367,10.62205876209711,-0.5372215269093032,1.02357947434078,-10.281627033791263,0.06,0.16,0.16,10.793595180212089,39.99211038480753,-0.23206817704207833
3283.2400000000007,0.0,10.95,39.63311977011497,39.56035977011497,40.228999080459495,40.6154781609196,-4.866235323507815,0.0632709803193464,0.0632709803193464,0.0632709803193464,-0.27364431757524,-1.89271136484952,10.60813409454856,-0.684877683473309,0.957973040441282,-10.064398402398576,0.06,0.16,0.16,10.779134774697614,40.00948919540226,-0.30770711784376437
3283.250000000001,0.0,10.95,39.60317383999973,39.51939711999958,40.250695039999,40.543823679999264,-4.7841939515121545,0.0628068139621218,0.0628068139621218,0.0628068139621218,-0.2759650955000116,-1.8880698089999768,10.59420942699993,-1.0043984023961372,0.5386020968550702,-9.595102346480674,0.06,0.16,0.16,10.764675458216365,39.97927241999939,-0.44242339204436565
3283.2600000000007,0.0,10.95,39.531483839999936,39.4059771199999,39.98105503999977,40.34694367999983,-4.724208947763224,0.0623426476048998,0.0623426476048998,0.0623426476048998,-0.2782858734247699,-1.88342825315046,10.58028475945138,-1.0798272408613867,0.2726039058591876,-9.641151727590756,0.06,0.16,0.16,10.750217235162847,39.81636491999986,-0.43312537559205255
3283.270000000001,0.0,10.95,39.45499168000011,39.31317816000004,39.78909703999997,40.20119256,-4.640550000000658,0.0618784812476778,0.0618784812476778,0.0618784812476778,-0.2806066513495284,-1.8787866973009435,10.56636009190283,-1.034759639459326,0.0823184777171541,-9.941602403604492,0.06,0.16,0.16,10.735760109954644,39.689614860000034,-0.35273441954175505
3283.2800000000007,0.0,10.95,39.36511168000011,39.27786816000004,39.81370703999997,40.19798256,-4.490550000000658,0.0614143148904557,0.0614143148904557,0.0614143148904557,-0.2829274292742867,-1.8741451414514263,10.55243542435428,-1.194675324674398,0.1644430569422906,-10.029922577422631,0.06,0.16,0.16,10.721304087032923,39.663667360000034,-0.4016106188407395
3283.290000000001,0.0,10.922934472934449,39.29335662782052,39.233669040416686,39.87412545995509,40.19029679642949,-4.372153157633152,0.0609501485332337,0.0609501485332337,0.0609501485332337,-0.2852482071990451,-1.869503585601909,10.538510756805728,-1.4544155844145752,0.3792282717274371,-10.01493756243762,0.06,0.16,0.16,10.706849170862485,39.647861981155444,-0.5134384811546461
3283.3000000000006,0.0,10.892944969260755,39.27213173320117,39.1646881329038,40.03437341433119,40.17013314654111,-4.34231725509711,0.0604859821760117,0.0604859821760117,0.0604859821760117,-0.2875689851238036,-1.864862029752393,10.52458608925718,-1.3017342342355764,0.3258333333340327,-10.043558558558368,0.06,0.16,0.16,10.692395365931953,39.660331606744315,-0.452281409168537
3283.310000000001,0.0,10.862955465586897,39.2482192203898,39.10245698650674,40.11340325337328,40.11128571214389,-4.274673994504051,0.0600218158187871,0.0600218158187871,0.0600218158187871,-0.2898897630485751,-1.8602204739028496,10.510661421708548,-0.9463788788780878,0.1406481481477359,-10.09360860860872,0.06,0.16,0.16,10.677942676753798,39.64384129310343,-0.3061153351638718
3283.3200000000006,0.0,10.832965961913208,39.21613526236886,39.06074784107952,39.94549720639703,39.934823943028725,-4.094808893330102,0.06,0.06,0.06,-0.2854991730764203,-1.8584997243588068,10.501498438033238,-0.7091011235953921,0.0430586766541475,-9.848052434456685,0.06,0.16,0.16,10.668505070874907,39.53930106321853,-0.25344721304421813
3283.330000000001,0.0,10.802976458239518,39.18826743000004,39.041980239999866,39.80341845500016,39.8208503599998,-3.9374437218610727,0.06,0.06,0.06,-0.2807738954663654,-1.856924631822122,10.492572913658693,-0.5293258426969699,-0.0118726591759258,-9.458539325843434,0.06,0.16,0.16,10.659319369316558,39.463629121249966,-0.2463115507635913
3283.3400000000006,0.0,10.772986954565829,39.17328743000004,39.09334023999987,39.74028845500016,39.897890359999806,-3.847398699349931,0.06,0.06,0.06,-0.2760486178563106,-1.8553495392854369,10.483647389284142,-0.5236670838545832,-0.1071464330409633,-9.40043804755914,0.06,0.16,0.16,10.650135554780102,39.47620162124997,-0.24329728326814978
3283.350000000001,0.0,10.74299745089214,39.171167443881146,39.119052787835045,39.6644537146998,39.93684115858095,-3.734763927055433,0.06,0.06,0.06,-0.2713233402462557,-1.853774446748752,10.474721864909592,-0.6037672090110037,-0.2222903629533177,-9.505569461826942,0.06,0.16,0.16,10.640953632151401,39.47287877624923,-0.24231295648782478
3283.3600000000006,0.0,10.713007947218449,39.208357885590026,39.06636632874746,39.54978318609742,39.859361071687445,-3.554898825881484,0.06,0.06,0.06,-0.2665980626362009,-1.8521993542120672,10.465796340535046,-0.8313975542787507,0.0152433241809593,-9.576922884951106,0.06,0.16,0.16,10.631773606332189,39.42096711803059,-0.33265680304118145
3283.370000000001,0.0,10.68301844354476,39.20199939614869,38.98644424778845,39.42788692347798,39.767172170745056,-3.3824906226565403,0.06,0.06,0.06,-0.261872785026146,-1.850624261675382,10.456870816160498,-1.130873471423368,0.4245270776119364,-9.631826803094285,0.06,0.16,0.16,10.622595482240111,39.34587568454005,-0.4674764514789048
3283.380000000001,0.0,10.653028939870898,38.99033880270662,38.77812566371652,39.27192648620488,39.60564171785505,-3.2324531132784378,0.06,0.06,0.06,-0.2571475074160643,-1.849049169138688,10.4479452917859,-1.2601577761081326,0.6538241923364123,-9.680157776108134,0.06,0.16,0.16,10.613419264808769,39.16150816762077,-0.5274214748080618
3283.390000000001,0.0,10.65,38.81641699725199,38.61131379465397,39.19658802398218,39.48649788158882,-3.112456712672567,0.06,0.06,0.06,-0.2524222298060094,-1.8474740766020032,10.43901976741135,-1.3052366641621562,0.7940696218378189,-9.725236664162155,0.06,0.16,0.16,10.604244958987962,39.027704174369234,-0.5503209063409191
3283.4000000000005,0.0,10.65,38.75333430926804,38.56640747439421,39.35803693729704,39.49184387209593,-3.082343789209609,0.06,0.06,0.06,-0.2476969521959545,-1.8458989840653184,10.430094243036804,-1.3267166042446628,0.4168539325862477,-9.776941323345644,0.06,0.16,0.16,10.595072569743447,39.0424056482638,-0.5104851239371897
3283.4100000000008,0.0,10.65,38.69863208281368,38.52610078822651,39.4644328710402,39.47643107009234,-3.0368436798806475,0.06,0.06,0.06,-0.2429716745858997,-1.8443238915286333,10.421168718662257,-1.336704119850159,-0.2123595505600161,-9.831872659175874,0.06,0.16,0.16,10.585902102057204,39.041399203043184,-0.4400979919951038
3283.420000000001,0.0,10.65,38.66873934148168,38.49941084060865,39.407850182090336,39.39956402095291,-2.947090501122375,0.06,0.06,0.06,-0.2382463969758448,-1.8427487989919484,10.412243194287706,-1.131987981974003,-0.3461892839262591,-9.685603405108486,0.06,0.16,0.16,10.576733560927442,38.99389109628339,-0.379570362022123
3283.4300000000007,0.0,10.65,38.6263580000001,38.49950735999989,39.33929472000014,39.355027999999926,-2.895153788446724,0.06,0.06,0.06,-0.23352111936579,-1.841173706455264,10.40331766991316,-0.8215222834264747,-0.2360240360545555,-9.4402353530306,0.06,0.16,0.16,10.567566951368677,38.955047020000016,-0.32389890466085125
3283.440000000001,0.0,10.65,38.54610799999988,38.58082736000012,39.23443471999984,39.40852800000008,-2.955168792197965,0.06,0.06,0.06,-0.2287958417557082,-1.8395986139185696,10.39439214553856,-0.6964744069912162,0.0083695380777991,-9.534761548065251,0.06,0.16,0.16,10.558402278411709,38.94247451999998,-0.2930128262731212
3283.4500000000007,0.0,10.65,38.50193887056465,38.6329622688656,39.11553066466783,39.47395660169904,-2.9848313764677767,0.06,0.06,0.06,-0.2240705641456534,-1.8380235213818843,10.385466621164012,-0.6615181023719794,0.3179825218481829,-9.794436953808152,0.06,0.16,0.16,10.549239547103927,38.931097101449275,-0.2741695694673016
3283.460000000001,0.0,10.65,38.567176251873896,38.59660044977521,38.954041409295776,39.57555580209869,-2.924876342743127,0.06,0.06,0.06,-0.2193452865355985,-1.8364484288452,10.376541096789463,-0.6634234234234234,0.4736936936936937,-9.95382882882883,0.06,0.16,0.16,10.540078762509038,38.92334347826089,-0.266878677566257
3283.4700000000007,0.0,10.65,38.6002064736713,38.52516067382143,38.84879735462917,39.60483473421577,-2.88,0.06,0.06,0.06,-0.2146200089255437,-1.8348733363085143,10.367615572414916,-0.6834434434433929,0.5537737737735714,-10.06393893893866,0.06,0.16,0.16,10.530919929707348,38.894749809084416,-0.26526489861986535
3283.480000000001,0.0,10.65,38.535050496631015,38.346782835039015,38.915021462440606,39.413639326179535,-2.88,0.06,0.06,0.06,-0.2098947313154888,-1.8332982437718297,10.358690048040367,-0.8713936063926442,0.5900774225773691,-9.94547952048034,0.06,0.16,0.16,10.521763053795757,38.802623530072545,-0.3500847439984731
3283.4900000000007,0.0,10.636534337439585,38.45062739119512,38.20004173584911,38.94073692075482,39.23675141132089,-2.88,0.06,0.06,0.06,-0.205169453705434,-1.8317231512351448,10.34976452366582,-1.141123876122828,0.6050624375623793,-9.715709290710183,0.06,0.16,0.16,10.512608139887845,38.70703936477999,-0.47699680048023096
3283.500000000001,0.0,10.621572490150095,38.30634563018823,38.15158890566023,38.840601071697805,39.10431367547129,-2.88,0.06,0.06,0.06,-0.2004441760953522,-1.8301480586984509,10.34083899929122,-1.2937772215270498,0.2105531914884775,-9.770911138923944,0.06,0.16,0.16,10.503455193113858,38.60071232075439,-0.4788841289431174
3283.5100000000007,0.0,10.606610642860687,38.20364966550177,38.08955657513715,38.772937743384965,38.98143763354954,-2.8652668504133967,0.060432614297987,0.060432614297987,0.060432614297987,-0.1978380700121749,-1.82567614002435,10.328325578065744,-1.388896120150299,-0.3851914893623998,-9.96615519399272,0.06,0.16,0.16,10.490307074472485,38.51189540439336,-0.41933126667874976
3283.520000000001,0.0,10.59164879557128,38.221812421367936,37.9880588217674,38.799647678482266,38.88635026460314,-2.8051315459785893,0.0609098501479436,0.0609098501479436,0.0609098501479436,-0.1954518338225186,-1.8209036676450367,10.3154399026416,-1.3595056179775848,-0.3951560549315093,-9.885485642946453,0.06,0.16,0.16,10.4767452947563,38.47396729655519,-0.420633624536902
3283.5300000000007,0.0,10.576686948281877,38.209132579767726,37.93018466485268,38.80245882760342,38.79657184269124,-2.76,0.0613870859979002,0.0613870859979002,0.0613870859979002,-0.1930655976328622,-1.8161311952657249,10.302554227217456,-1.2696179775283738,-0.120499375781142,-9.670754057428892,0.06,0.16,0.16,10.463184527100863,38.43458697872877,-0.45150456631773955
3283.540000000001,0.0,10.561725100992469,38.10538783576588,38.00111219391516,38.73470715805119,38.72246845411849,-2.76,0.0618643218478568,0.0618643218478568,0.0618643218478568,-0.1906793614432059,-1.811358722886412,10.289668551793312,-0.9613942428052498,0.0975544430530182,-9.542936170213125,0.06,0.16,0.16,10.449624775446312,38.39091891046268,-0.39001476809530294
3283.5500000000006,0.0,10.546763253703062,38.01589205763416,38.05211355915072,38.63580396865608,38.6802971435791,-2.76,0.0623415576978134,0.0623415576978134,0.0623415576978134,-0.1882931252535495,-1.8065862505070995,10.276782876369168,-0.5458748435563184,0.2877922402995169,-9.457829787234427,0.06,0.16,0.16,10.436066043752962,38.346026682255015,-0.28313665692487494
3283.560000000001,0.0,10.531801406413573,37.97369792214349,38.03696694641049,38.4334884984829,38.7441292972701,-2.76,0.0628187935477728,0.0628187935477728,0.0628187935477728,-0.1859068890638796,-1.80181377812776,10.26389720094495,-0.4435326357748517,0.3600597907324555,-9.433353263577484,0.06,0.16,0.16,10.422508336001368,38.29707066607674,-0.25998701048749284
3283.5700000000006,0.0,10.516839559124165,37.95193076233191,37.97511409566479,38.29381255605389,38.7879958146487,-2.767573106723284,0.0632960293977294,0.0632960293977294,0.0632960293977294,-0.1835206528742233,-1.797041305748447,10.251011525520806,-0.4933582461385939,0.3750074738415782,-9.438335824613858,0.06,0.16,0.16,10.408951656192754,38.25221330717482,-0.2775196938691008
3283.580000000001,0.0,10.50187771183476,37.99031641255603,37.77572196811173,38.33859581464871,38.77306806178377,-2.7975656085977487,0.063773265247686,0.063773265247686,0.063773265247686,-0.181134416684567,-1.792268833369134,10.238125850096662,-0.6136185696362998,0.2964366373900808,-9.523563362609918,0.06,0.16,0.16,10.395396008348671,38.21942556427506,-0.2968371826776197
3283.5900000000006,0.0,10.5,38.01844952547453,37.62969586413582,38.39078440559421,38.754969220779294,-2.82,0.0642505010976426,0.0642505010976426,0.0642505010976426,-0.1787481804949106,-1.7874963609898211,10.225240174672518,-0.7692020075282486,0.1709661229610898,-9.64903387703891,0.06,0.16,0.16,10.381841396511456,38.19847475399596,-0.31704975408761576
3283.600000000001,0.0,10.5,38.01524273226774,37.64679876123871,38.46560958041936,38.72717701298709,-2.82,0.0647277369475992,0.0647277369475992,0.0647277369475992,-0.1763619443052543,-1.7827238886105086,10.212354499248374,-0.9578951310857544,0.2308988764042105,-9.632823970037611,0.06,0.16,0.16,10.368287824744266,38.213707021728226,-0.3891018384964436
3283.6100000000006,0.0,10.5,37.968133187641904,37.63185645817671,38.47351023361031,38.64545850791341,-2.8350599999998054,0.0652049727975558,0.0652049727975558,0.0652049727975558,-0.1739757081155979,-1.777951416231196,10.19946882382423,-1.1626392009978463,0.380711610486229,-9.547930087391135,0.06,0.16,0.16,10.354735297131224,38.17973959683559,-0.4862847335869833
3283.620000000001,0.0,10.5,37.78536503893566,37.51789514192459,38.27461548354764,38.39710884702434,-2.895059999999635,0.0656822086475124,0.0656822086475124,0.0656822086475124,-0.1715894719259416,-1.7731789438518832,10.186583148400086,-1.303883883883329,0.4132082082083343,-9.560300300299998,0.06,0.16,0.16,10.341183817777543,37.99374612785806,-0.5352245079005727
3283.630000000001,0.0,10.5,37.668845071196685,37.443471476392745,38.12786945790658,38.20640847364475,-2.947503736920704,0.0661594444974717,0.0661594444974717,0.0661594444974717,-0.1692032357362717,-1.7684064714725434,10.173697472975867,-1.4139939939941002,0.388183183183159,-9.62036036036042,0.06,0.16,0.16,10.327633390809588,37.86164861978519,-0.5605100545898736
3283.640000000001,0.0,10.5,37.74689653260055,37.48517020234824,38.13428464651511,38.18502451161629,-2.977399103138949,0.0666366803474283,0.0666366803474283,0.0666366803474283,-0.1668169995466153,-1.7636339990932308,10.160811797551723,-1.3370534643971672,0.0992471829301016,-9.791671062095231,0.06,0.16,0.16,10.314084020375324,37.88784397327005,-0.478701363606095
3283.6500000000005,0.0,10.5,37.76379881474119,37.52010738047807,38.10436627988061,38.14347563247021,-3.0146840521563267,0.0671139161973849,0.0671139161973849,0.0671139161973849,-0.164430763356959,-1.758861526713918,10.14792612212758,-1.169228002877623,-0.3179189642756229,-10.01703668185005,0.06,0.16,0.16,10.30053571064398,37.88293702689252,-0.34485728522427705
3283.6600000000008,0.0,10.5,37.5996753087653,37.53502769920316,37.966886200199504,38.04223061255002,-3.0748645937810872,0.0675911520473415,0.0675911520473415,0.0675911520473415,-0.1620445271673027,-1.7540890543346055,10.135040446703435,-0.9342476489042753,-0.324247648904275,-9.892066353188952,0.06,0.16,0.16,10.286988465806498,37.78595495517949,-0.2842010060910328
3283.670000000001,0.0,10.5,37.47042800501889,37.54997639648678,37.87194839146788,37.990686976160255,-3.1274794315630405,0.0680683878972981,0.0680683878972981,0.0680683878972981,-0.1596582909776464,-1.7493165819552927,10.122154771279291,-0.652115987462423,-0.0421159874624229,-9.521115464996887,0.06,0.16,0.16,10.273442290075598,37.72075994228345,-0.2749319051546193
3283.6800000000007,0.0,10.5,37.44894745294864,37.565012782935945,37.908465329987294,38.09271959849391,-3.157397157815883,0.0685456237472547,0.0685456237472547,0.0685456237472547,-0.15727205478799,-1.7445441095759802,10.109269095855147,-0.5835371942085038,0.2853719420850373,-9.46724912631001,0.06,0.16,0.16,10.259897187685919,37.753786291091444,-0.2941072359911651
3283.690000000001,0.0,10.475018709773924,37.41794937376397,37.525247027026886,37.91196209624252,38.16797352669743,-3.204486730095348,0.0690228595972141,0.0690228595972141,0.0690228595972141,-0.1548858185983201,-1.7397716371966403,10.096383420430929,-0.6184847728407873,0.6348477284078724,-9.567099350973676,0.06,0.16,0.16,10.246353162894069,37.7557830059327,-0.32707188675977644
3283.7000000000007,0.0,10.44508307139646,37.358700856954464,37.32281459459442,37.81744660514165,38.16374148978246,-3.3046369554331654,0.0695000954471707,0.0695000954471707,0.0695000954471707,-0.1524995824086638,-1.7349991648173275,10.083497745006785,-0.6904356534803159,0.5485478217322803,-9.522776664997377,0.06,0.16,0.16,10.232810219979092,37.665675886618246,-0.34896836932157727
3283.710000000001,0.0,10.415147433018998,37.29945234014496,37.12038216216195,37.72293111404077,38.159509452867496,-3.404787180770983,0.0699773312971273,0.0699773312971273,0.0699773312971273,-0.1501133462190074,-1.730226692438015,10.07061206958264,-0.7805708562844371,0.2480971457185432,-9.407603905858776,0.06,0.16,0.16,10.219268363242136,37.57556876730379,-0.365425684957124
3283.7200000000007,0.0,10.385211794641531,37.22216282995845,36.974599443766806,37.650841010002445,38.13662414247372,-3.4949362659333363,0.07,0.07,0.07,-0.146295627534865,-1.723649647202626,10.057299294405253,-0.9270722622295816,0.2771070275635459,-9.443588279115737,0.06,0.16,0.16,10.204981117776844,37.496056856550354,-0.41219447431739586
3283.730000000001,0.0,10.35527615626407,37.08015746279613,37.03202808489863,37.659194266894346,38.04682663088579,-3.554921269682437,0.07,0.07,0.07,-0.1424065225845943,-1.7169826101450187,10.04396522029004,-1.1008989322067388,0.4658331263958879,-9.552850757387093,0.06,0.16,0.16,10.190659755266633,37.45455161136873,-0.47365769006390596
3283.7400000000007,0.0,10.325340517886607,36.97577329113886,37.057505579747456,37.66467938227852,37.93327105316564,-3.6,0.07,0.07,0.07,-0.1385174176343235,-1.7103155730874118,10.030631146174825,-1.2198036748043986,0.3705235338549369,-9.825892272839573,0.06,0.16,0.16,10.17634156389937,37.40780732658261,-0.4623558796531048
3283.750000000001,0.0,10.295404879508974,37.05703911392411,36.925313174683446,37.656011027848095,37.70247611645553,-3.6,0.07,0.07,0.07,-0.1346283126840306,-1.7036485360297668,10.017297072059534,-1.3104153032972383,0.1288925245406974,-10.183304807450218,0.06,0.16,0.16,10.162026557079303,37.3352098582278,-0.4135690557660605
3283.7600000000007,0.0,10.265469241131507,37.10792565217391,36.84151891304349,37.61803652173912,37.52638869565217,-3.607329161451755,0.07,0.07,0.07,-0.1307392077337598,-1.6969814989721597,10.00396299794432,-1.2257050162217895,0.0130222111305789,-10.26302221113058,0.06,0.16,0.16,10.147714748283565,37.27346744565217,-0.3610087306555313
3283.770000000001,0.0,10.235533602754046,37.03219258847336,36.959446112234325,37.45791518705798,37.57831993933255,-3.637366708385413,0.07,0.07,0.07,-0.126850102783489,-1.6903144619145527,9.990628923829105,-1.0560019965065064,-0.0418817070126008,-10.2081182929874,0.06,0.16,0.16,10.133406151062157,37.25696845677455,-0.3066190838678543
3283.7800000000007,0.0,10.20559796437658,36.95089084186901,37.03053166625072,37.33806030477131,37.61652546590062,-3.645213696576041,0.07,0.07,0.07,-0.1229609978332182,-1.6836474248569455,9.977294849713893,-0.9026796894570988,-0.0902028549960727,-9.965156523918123,0.06,0.16,0.16,10.119100779038765,37.234002069697915,-0.28687532316819353
3283.790000000001,0.0,10.2,36.84931702223383,36.931096242818384,37.36479025730688,37.60476428678497,-3.5852286928271107,0.07,0.07,0.07,-0.1190718928829474,-1.6769803877993386,9.963960775598675,-0.7574254946163561,-0.1352817430500963,-9.629569246182616,0.06,0.16,0.16,10.104798645911124,37.18749195228602,-0.2841959541240342
3283.8000000000006,0.0,10.2,36.77401313536242,36.83775399653592,37.36358763672417,37.59098686463759,-3.5252510617041533,0.07,0.07,0.07,-0.1151827879326767,-1.6703133507417316,9.950626701483465,-0.6696505242139935,-0.0995631552674919,-9.573799301048007,0.06,0.16,0.16,10.090499765451547,37.141585408315024,-0.2668736833552019
3283.810000000001,0.0,10.2,36.7951960108884,36.76679136352386,37.25979154664684,37.5698039891116,-3.465296027979163,0.07,0.07,0.07,-0.1112936829823838,-1.6636463136840869,9.937292627368173,-0.6097403894157932,-0.0246754867697416,-9.653679480778942,0.06,0.16,0.16,10.076204151507266,37.09789572754267,-0.24245281212114703
3283.8200000000006,0.0,10.2,36.80717282190428,36.7124200197336,37.21836743463257,37.57621301924031,-3.42,0.07,0.07,0.07,-0.107404578032113,-1.6569792766264797,9.92395855325296,-0.542994491737532,0.3894742113175913,-9.716932899349082,0.06,0.16,0.16,10.061911818001311,37.078543323877696,-0.25353032620260557
3283.830000000001,0.0,10.2,36.78077913665515,36.72720048347312,37.43690714849541,37.69762397138634,-3.42,0.07,0.07,0.07,-0.1035154730818422,-1.6503122395688723,9.910624479137743,-0.4728893340009934,0.9703455182774828,-9.772015523284937,0.06,0.16,0.16,10.04762277893246,37.1606276850025,-0.2820526098013286
3283.8400000000006,0.0,10.2,36.759692211981566,36.72674903225806,37.5562998156682,37.76762235023041,-3.405340994254513,0.07,0.07,0.07,-0.0996263681315714,-1.6436452025112651,9.897290405022533,-0.6849028400591299,1.03583707025446,-9.7363079222722,0.06,0.16,0.16,10.033337048376103,37.202590852534556,-0.3654649172993289
3283.850000000001,0.0,10.2,36.7651709626216,36.65004652329768,37.17936177163433,37.58024907834149,-3.345385960529864,0.07,0.07,0.07,-0.0957372631813006,-1.6369781654536584,9.883956330907315,-1.0336821126043376,0.8514823119091359,-9.65658694569044,0.06,0.16,0.16,10.019054640484613,37.04370708397378,-0.4754868651880183
3283.8600000000006,0.0,10.2,36.73489965372326,36.55762582240982,36.874085401929456,37.40960042048036,-3.3000000000000003,0.07,0.07,0.07,-0.0918481582310298,-1.6303111283960514,9.870622256792103,-1.246957612239045,0.2684349134727231,-9.716927514421211,0.06,0.16,0.16,10.004775569487906,36.89405282463572,-0.47734974033168553
3283.870000000001,0.0,10.2,36.572930818699966,36.40730180559082,36.83279922829607,37.30056257729475,-3.3000000000000003,0.07,0.07,0.07,-0.087959053280759,-1.6236440913384442,9.85728818267689,-1.3924303987954003,-0.5141083521407743,-9.847351392023462,0.06,0.16,0.16,9.990499849693895,36.7783986074704,-0.42509250930683073
3283.880000000001,0.0,10.2,36.43918455886031,36.27433823544121,36.80169927518119,37.20506600849792,-3.271080000000003,0.07,0.07,0.07,-0.0840699483304662,-1.6169770542807993,9.8439541085616,-1.3324275724274357,-0.6388961038959374,-9.950509490509567,0.06,0.16,0.16,9.97622749548895,36.68007201949516,-0.37635468649925785
3283.890000000001,0.0,10.180350815908945,36.42420830292428,36.21443321169711,36.81346633341664,37.166555636091,-3.151080000000003,0.07,0.07,0.07,-0.0801808433801954,-1.6103100172231923,9.830620034446383,-1.172587412587327,-0.4440909090908045,-10.040419580419629,0.06,0.16,0.16,9.961958521338719,36.65466587103226,-0.32932688818996547
3283.9000000000005,0.0,10.155399471031474,36.40513148787198,36.17522303075767,36.85167387346833,37.12558210052514,-3.0455363840960343,0.0695098694355902,0.0695098694355902,0.0695098694355902,-0.08,-1.6095098820324365,9.817747050810905,-0.97909000000031,0.0024699999991592,-9.845215000000495,0.06,0.16,0.16,9.94912454510779,36.63940262315578,-0.34032366004552006
3283.9100000000008,0.0,10.130448126154004,36.36874239059768,36.22338507126777,37.00151133283308,37.07420925731437,-2.985521380345135,0.0689958363318588,0.0689958363318588,0.0689958363318588,-0.08,-1.6089958621398668,9.80489655349667,-0.7690900000009067,0.5724699999975392,-9.510215000001446,0.06,0.16,0.16,9.936360707480084,36.66696201300323,-0.37977063098333624
3283.920000000001,0.0,10.105496781276534,36.333725241581305,36.25889103953151,37.08006825768702,37.037713177159546,-2.954479140644426,0.0684818032281275,0.0684818032281275,0.0684818032281275,-0.08,-1.6084818422472975,9.792046056182436,-0.6665919840679951,0.8234752302708094,-9.563699278066824,0.06,0.16,0.16,9.923597120159465,36.67759942898984,-0.36335597253679086
3283.9300000000007,0.0,10.080545436399063,36.304481708150384,36.2411360370913,36.85865293313861,37.06382347486573,-3.014434174369076,0.0679677701243961,0.0679677701243961,0.0679677701243961,-0.08,-1.6079678223547282,9.7791955588682,-0.6168035847650646,0.9180731889463776,-9.807662434651183,0.06,0.16,0.16,9.910833784113006,36.61702353831151,-0.31955163291603983
3283.940000000001,0.0,10.055594091521453,36.27325693261026,36.19020581461329,36.671902520010384,37.08841238316555,-3.0528017995500534,0.0674537370206618,0.0674537370206618,0.0674537370206618,-0.08,-1.607453802462156,9.766345061553894,-0.6364831038797915,0.6614518147689223,-9.67773466833576,0.06,0.16,0.16,9.89807070031267,36.55594441259987,-0.3191390725767386
3283.9500000000007,0.0,10.030642746643982,36.230158559256296,35.94045626645955,36.69289916343924,37.10388359411313,-3.0228092976755883,0.0669397039169305,0.0669397039169305,0.0669397039169305,-0.08,-1.6069397825695866,9.75349456423966,-0.6915519399248304,0.2259073842308858,-9.357334167710077,0.06,0.16,0.16,9.88530786973564,36.491849395817056,-0.34083175828693846
3283.960000000001,0.0,10.005691401766512,36.19157270786793,35.77474596177735,36.68630735170001,37.12668950111698,-3.0071814092952835,0.0664256708131991,0.0664256708131991,0.0664256708131991,-0.08,-1.606425762677017,9.740644066925428,-0.9232798797289185,0.2266299173136313,-9.346642445502166,0.06,0.16,0.16,9.872545293363915,36.44482888061557,-0.4203437747351535
3283.9700000000007,0.0,9.980740056889044,36.17032674112684,35.93196611566143,36.573703727972216,37.1776798212956,-3.037166416791488,0.0659116377094677,0.0659116377094677,0.0659116377094677,-0.08,-1.6059117427844478,9.727793569611192,-1.24400150338214,0.4471260335752212,-9.491969431220031,0.06,0.16,0.16,9.859782972184624,36.46341910151402,-0.5289828224575998
3283.980000000001,0.0,9.955788712011572,36.12461097725596,36.02285159710107,36.47820144963764,37.15397718570419,-3.0671478521476976,0.0653976046057364,0.0653976046057364,0.0653976046057364,-0.08,-1.6053977228918783,9.714943072296958,-1.206380643552731,0.5467198802692594,-10.091097530553476,0.0523957219251688,0.16,0.16,9.847020907190005,36.44491030242472,-0.43603389413230453
3283.9900000000007,0.0,9.95,35.97591815046299,35.834578665334426,36.4546673331668,36.81594169457773,-3.097117882117718,0.064883571502005,0.064883571502005,0.064883571502005,-0.08,-1.604883702999309,9.702092574982723,-0.9918633075593268,0.5866300823145438,-10.914245447737468,0.05,0.16,0.16,9.834259099377423,36.27027646088549,-0.24357066246986245
3284.000000000001,0.0,9.95,35.84773260717848,35.68808017946161,36.43890867397806,36.52323224825527,-3.12,0.0643695383982707,0.0643695383982707,0.0643695383982707,-0.08,-1.6043696831067369,9.689242077668418,-0.956611611611542,0.2039289289296829,-10.817227227227937,0.05,0.16,0.16,9.821497549749335,36.12448842721835,-0.2066203971184335
3284.0100000000007,0.0,9.95,35.806127422731855,35.71795056829508,36.45597746759719,36.42188628614171,-3.12,0.0638555052945393,0.0638555052945393,0.0638555052945393,-0.08,-1.6038556632141674,9.676391580354183,-1.0116666666666143,-0.3916666666661024,-10.256666666667195,0.05,0.16,0.16,9.808736259313607,36.100485436191455,-0.24801125013637162
3284.020000000001,0.0,9.95,35.775336037046024,35.73028285644664,36.42285893736344,36.34630608335356,-3.11290677330669,0.063341472190808,0.063341472190808,0.063341472190808,-0.08,-1.603341643321598,9.663541083039949,-1.0500099999999748,-0.6400249999999369,-9.909920000000202,0.05,0.16,0.16,9.79597522908312,36.06869597855242,-0.28753866515990784
3284.0300000000007,0.0,9.95,35.79202626370944,35.665608228125926,36.16937611991289,36.38385909334624,-3.082914271432225,0.0628274390870766,0.0628274390870766,0.0628274390870766,-0.08,-1.6028276234290286,9.650690585725716,-1.0800099999999748,-0.7150249999999368,-9.669920000000202,0.05,0.16,0.16,9.7832144600761,36.00271742627363,-0.32613575806629597
3284.040000000001,0.0,9.95,35.79702961894973,35.60059260556146,35.96314959835195,36.41106416065922,-3.0458400000002674,0.0623134059833452,0.0623134059833452,0.0623134059833452,-0.08,-1.6023136035364594,9.63784008841148,-0.8931365682846389,-0.4063331665841337,-9.710120060029713,0.05,0.16,0.16,9.770453953316059,35.94295899588059,-0.28939504826279216
3284.0500000000006,0.0,9.95,35.7265043872298,35.533373244078405,36.06232570545809,36.37139371781676,-2.9858400000002674,0.0617993728796139,0.0617993728796139,0.0617993728796139,-0.08,-1.60179958364389,9.624989591097249,-0.597988994498118,0.0939169584777658,-9.890210105051995,0.05,0.16,0.16,9.757693709831853,35.92339926364576,-0.2150419122186755
3284.060000000001,0.0,9.95,35.65516073889137,35.507573389915706,36.15046015976052,36.34672476285586,-2.890464767616012,0.0612853397758796,0.0612853397758796,0.0612853397758796,-0.08,-1.6012855637513177,9.61213909378294,-0.5167083541771255,0.3502251125564775,-9.863116558278948,0.05,0.16,0.16,9.744933730657623,35.914979762855864,-0.21849842274996203
3284.0700000000006,0.0,9.95,35.58037292061892,35.65608062905671,36.19212765851232,36.38518706939598,-2.680569715142581,0.0607713066721482,0.0607713066721482,0.0607713066721482,-0.08,-1.6007715438587484,9.599288596468703,-0.5417208604302205,0.4852926463231904,-9.733051525762852,0.05,0.16,0.16,9.732174016833136,35.95344206939598,-0.2606267935554804
3284.080000000001,0.0,9.95,35.536724324324325,35.732997027027025,36.2271345945946,36.3933027027027,-2.51295352323845,0.0602572735684169,0.0602572735684169,0.0602572735684169,-0.08,-1.600257523966179,9.586438099154472,-0.6470535267632295,0.5032266133066954,-9.653186593296706,0.05,0.16,0.16,9.719414569403385,35.97253966216216,-0.30995107032108304
3284.0900000000006,0.0,9.930883961419848,35.62669429429407,35.502716746747325,36.233561021021,36.271200600600906,-2.4829685157422454,0.0602431248478952,0.0602431248478952,0.0602431248478952,-0.0804857747815682,-1.5985426756552954,9.572713378276475,-0.7921260630311804,0.4632066033017433,-9.598159079539895,0.05,0.16,0.16,9.705599315264708,35.908543165665826,-0.3628356533240411
3284.100000000001,0.0,9.906025653773456,35.661367619048484,35.31356666666673,36.16640761904926,36.17242,-2.438950524738063,0.0607298612801168,0.0607298612801168,0.0607298612801168,-0.0814592713378232,-1.5956221859865305,9.558110929932653,-0.9536726546900836,0.4566866267464755,-9.596716566866188,0.05,0.16,0.16,9.690723931791544,35.82844047619112,-0.4166265231580372
3284.1100000000006,0.0,9.881167346127064,35.461826357517445,35.298627748691146,35.78759934181119,36.17242,-2.3489955022491937,0.0612165977123383,0.0612165977123383,0.0612165977123383,-0.0824327678940783,-1.5927016963177651,9.543508481588823,-1.1233333333326905,0.4666666666666288,-9.621666666666572,0.05,0.16,0.16,9.675848696255743,35.68011836200495,-0.4708637730729985
3284.120000000001,0.0,9.85630903848067,35.307830873925404,35.260488228271555,35.49650089780304,36.17185127507164,-2.28,0.0617033341445599,0.0617033341445599,0.0617033341445599,-0.0834062644503333,-1.589781206649,9.528906033245,-1.193296730721141,0.3436810581491594,-9.51032942350973,0.05,0.16,0.16,9.660973609340669,35.55916781876791,-0.4984199989213014
3284.130000000001,0.0,9.831450730834138,35.35381941260758,35.120478677172486,35.590521910219934,36.16878537249283,-2.28,0.0621900705767842,0.0621900705767842,0.0621900705767842,-0.0843797610065939,-1.5868607169802182,9.514303584901093,-1.213261791864229,0.1540129772898237,-9.330643873221938,0.05,0.16,0.16,9.646098671733785,35.55840134312321,-0.512595651138418
3284.140000000001,0.0,9.806592423187746,35.379141055949226,35.004286918833955,35.690341576044425,36.15849060677683,-2.2521069732569043,0.0626768070090057,0.0626768070090057,0.0626768070090057,-0.085353257562849,-1.583940227311453,9.499701136557263,-1.213361723446898,-0.0925526052103023,-9.728041082164031,0.05,0.16,0.16,9.631223884127053,35.558065039401114,-0.4268488726055983
3284.1500000000005,0.0,9.781734115541354,35.19926188599959,35.124581113737776,35.84773584975036,36.07642073548731,-2.1321369657590443,0.0631635434412273,0.0631635434412273,0.0631635434412273,-0.0863267541191041,-1.5810197376426878,9.48509868821344,-1.2033416833667314,-0.3681037074148869,-10.419423847695535,0.05,0.16,0.16,9.616349247216473,35.56199989624376,-0.2901982142566203
3284.1600000000008,0.0,9.756875807894962,35.06502999252412,35.20922695738868,35.91659054572725,35.98632052329962,-2.0330452160881123,0.0636502798734488,0.0636502798734488,0.0636502798734488,-0.0873002506753591,-1.5780992479739226,9.470496239869613,-0.973672908864349,-0.5099250936328642,-10.380404494382534,0.05,0.16,0.16,9.601474761702407,35.54429200473491,-0.2042289414780252
3284.170000000001,0.0,9.732017500248572,35.127955484674615,35.13990226264661,35.60302961874006,35.8615360727639,-2.003067699225788,0.0641370163056704,0.0641370163056704,0.0641370163056704,-0.0882737472316142,-1.5751787583051575,9.455893791525789,-0.6340973782784404,-0.5848314606738734,-9.975910112361085,0.05,0.16,0.16,9.586600428289584,35.433105859706295,-0.14361937175673017
3284.1800000000007,0.0,9.70715919260218,35.16217575500031,35.056553915000485,35.35511922499984,35.76969286499981,-1.98,0.0646237527378919,0.0646237527378919,0.0646237527378919,-0.0892472437878692,-1.5722582686363922,9.44129134318196,-0.5567035175876371,-0.1795678391995276,-9.753246231156494,0.05,0.1524073078990143,0.1524073078990143,9.571726247687085,35.33588544000011,-0.1934674183101649
3284.190000000001,0.0,9.7,35.06694575499977,34.90996391499966,35.40326922500012,35.826402865000134,-1.98,0.0651104891701162,0.0651104891701162,0.0651104891701162,-0.0902207403441298,-1.5693377789676104,9.426688894838051,-0.6119798994974297,0.4686733668334931,-9.622592964824255,0.05,0.15,0.15,9.556852220608326,35.301645439999916,-0.2992096803296836
3284.2000000000007,0.0,9.7,34.981254118641104,34.80402761534579,35.427582095656405,35.88345417610288,-1.98,0.0655972256023378,0.0655972256023378,0.0655972256023378,-0.0911942369003849,-1.5664172892988453,9.412086446494223,-0.6801986097317991,0.626454816286081,-9.737288977159638,0.05,0.1576223404255408,0.1576223404255408,9.541978347771412,35.274079501436546,-0.3211676188879392
3284.210000000001,0.0,9.7,34.93857708636127,34.881424945073626,35.34439804968723,35.942044678046386,-1.98,0.0660839620345593,0.0660839620345593,0.0660839620345593,-0.0921677334566399,-1.56349679963008,9.3974839981504,-0.7546772591856677,0.5470109235352878,-9.970655412115091,0.05,0.16,0.16,9.52710462989868,35.27661118979213,-0.3026007956533816
3284.2200000000007,0.0,9.7,34.89590005408144,34.95882227480146,35.26121400371805,36.00063517998989,-1.98,0.0665706984667809,0.0665706984667809,0.0665706984667809,-0.093141230012895,-1.560576309961315,9.382881549806577,-0.8631024930746595,0.6862049861493189,-10.010110803324164,0.05,0.16,0.16,9.51223106771705,35.27914287814771,-0.3475149073443846
3284.230000000001,0.0,9.7,34.84150371000007,34.99342873000008,35.18011591000005,35.99294997000017,-1.9937331334330315,0.0670574348990024,0.0670574348990024,0.0670574348990024,-0.0941147265691501,-1.5576558202925497,9.368279101462749,-0.9890153613696412,0.9380307227392826,-9.949672626542572,0.05,0.16,0.16,9.49735766195799,35.25199958000009,-0.4251313188455582
3284.2400000000007,0.0,9.7,34.74627371000034,34.87893873000041,35.10628591000026,35.75433997000084,-2.0537031484254404,0.0675441713312239,0.0675441713312239,0.0675441713312239,-0.0950882231254051,-1.5547353306237846,9.353676653118924,-1.154626716603428,0.3328689138621818,-10.132097378275828,0.05,0.16,0.16,9.48248441335756,35.12145958000046,-0.39021204306568485
3284.250000000001,0.0,9.7,34.67418317048853,34.76285982053842,35.06200429710866,35.54895670987041,-2.09316000000004,0.0680309077634483,0.0680309077634483,0.0680309077634483,-0.0960617196816657,-1.5518148409550028,9.339074204775011,-1.3393957553056344,-0.685857677901335,-10.431722846441568,0.05,0.16,0.16,9.467611322656333,35.0120009995015,-0.30098533035360014
3284.2600000000007,0.0,9.7,34.68271756729809,34.641244666002144,35.120678275174406,35.45934554337,-2.0631600000000394,0.0685176441956698,0.0685176441956698,0.0685176441956698,-0.0970352162379208,-1.5488943512862376,9.324471756431189,-1.258703379224514,-0.9762653316647306,-10.334876095119569,0.05,0.16,0.16,9.452738390599821,34.97599651296116,-0.25834625143945533
3284.270000000001,0.0,9.7,34.6782576655837,34.56157284178942,35.157102589352746,35.38918,-2.04,0.0690043806278914,0.0690043806278914,0.0690043806278914,-0.0980087127941758,-1.5459738616174723,9.30986930808736,-1.0484405506889105,-0.9111839799751388,-10.044513141427544,0.05,0.16,0.16,9.437865617937936,34.94652827418147,-0.23844637473617902
3284.2800000000007,0.0,9.7,34.62691050237447,34.63324492376897,35.11324355411153,35.38918,-2.04,0.0694911170601129,0.0694911170601129,0.0694911170601129,-0.0989822093504309,-1.5430533719487074,9.295266859743537,-0.8081743256750724,-0.2363886113914521,-9.80849650349712,0.05,0.16,0.16,9.422993005425433,34.94064474506374,-0.2636463458697474
3284.290000000001,0.0,9.67960625187863,34.58413179500002,34.65905319500018,35.04760657500019,35.37945049000005,-2.0468065967015043,0.0699778534923344,0.0699778534923344,0.0699778534923344,-0.0999557059066859,-1.540132882279942,9.280664411399709,-0.5534290709298988,0.7326423576392086,-9.598706293706975,0.05,0.16,0.16,9.408120553821806,34.91756051375011,-0.3106105875312253
3284.3000000000006,0.0,9.649549143372491,34.57236179500005,34.51888319500058,34.9031565750006,35.334510490000184,-2.076791604197709,0.07,0.07,0.07,-0.0974139098864924,-1.536896691863791,9.26655233140976,-0.483466833541856,0.8378973717157674,-9.583867334167424,0.05,0.16,0.16,9.393643224120071,34.83222801375035,-0.30030639443796797
3284.310000000001,0.0,9.619492034866186,34.53993969954942,34.41277204807209,34.81526832749113,35.29141189784681,-2.1,0.07,0.07,0.07,-0.0947045436072523,-1.5336454523287029,9.252463626757711,-0.503491864831075,0.5225031289105689,-9.6639674593243,0.05,0.16,0.16,9.379185491741959,34.76484799323987,-0.26211311229994144
3284.3200000000006,0.0,9.589434926360047,34.43277895843786,34.42991776664994,34.932073535302735,35.25497724586887,-2.1,0.07,0.07,0.07,-0.0919951773280277,-1.5303942127936334,9.238374922105743,-0.5774157303370786,-0.1597752808988763,-9.679887640449438,0.05,0.16,0.16,9.364728547085397,34.76243687656485,-0.21358307938051754
3284.330000000001,0.0,9.55937781785391,34.36110908173064,34.42252348076945,35.03159577403837,35.241219062499844,-2.07971514242888,0.07,0.07,0.07,-0.0892858110488031,-1.5271429732585635,9.224286217453775,-0.6772908863917576,-1.018701622969116,-9.664906367041237,0.05,0.16,0.16,9.350272393804115,34.76411184975958,-0.16007609238109533
3284.3400000000006,0.0,9.529320709347774,34.41563792788457,34.32786963461547,35.06966308173074,35.30809406249994,-1.9897601199402664,0.07,0.07,0.07,-0.0865764447695785,-1.5238917337234943,9.210197512801807,-0.8244108081056176,-0.768326244685659,-9.653269952464376,0.05,0.16,0.16,9.335817035574355,34.78031617668268,-0.23727784502902693
3284.350000000001,0.0,9.499263600841635,34.44999521434137,34.24083565081839,35.0521608573655,35.34004506625095,-1.92,0.07,0.07,0.07,-0.0838670784903539,-1.5206404941884246,9.19610880814984,-0.994538403802552,0.0222667000236236,-9.643262446835145,0.05,0.16,0.16,9.321362476094961,34.77075919719405,-0.378133296167903
3284.3600000000006,0.0,9.469206492335498,34.3599250662511,34.20080447388938,34.6918802650044,35.15656883865965,-1.92,0.07,0.07,0.07,-0.0811577122111293,-1.5173892546533552,9.182020103497871,-1.1173326673325006,0.5998301698293775,-9.841998001997505,0.05,0.16,0.16,9.30690871908755,34.60229466095113,-0.44935081126598886
3284.370000000001,0.0,9.439149383829362,34.26274439329534,34.15142263197423,34.40307421065808,34.971330142607535,-1.926686656671481,0.07,0.07,0.07,-0.0784483459319046,-1.5141380151182855,9.167931398845903,-1.217232767232569,1.074355644354701,-10.141698301697708,0.05,0.16,0.16,9.292455768296689,34.447142844633795,-0.4868858825221645
3284.380000000001,0.0,9.409092275323054,34.1396020365273,34.067899989992426,34.37523332999748,34.77965638729032,-1.956671664167856,0.07,0.07,0.07,-0.0757389796526646,-1.5108867755831976,9.153842694193855,-1.1827158948684386,0.7085481852303989,-10.317376720901295,0.05,0.1524136097820375,0.1524136097820375,9.27800362748998,34.340597935951884,-0.410669514760557
3284.390000000001,0.0,9.4,34.05424778583936,33.99527330497875,34.39955394545898,34.63991229922439,-1.986659999999903,0.07,0.07,0.07,-0.07302961337344,-1.5076355360481282,9.139753989541887,-1.082590738423198,-0.0674217772202163,-10.432520650813323,0.05,0.15,0.15,9.26355230045858,34.27224683387537,-0.27893161128847566
3284.4000000000005,0.0,9.4,34.105646334751086,33.96207840880659,34.61264376282221,34.688098438829144,-2.016659999999903,0.07,0.07,0.07,-0.0703202470942154,-1.5043842965130585,9.12566528488992,-0.9859865134867918,-0.4682417582411139,-10.38914085914121,0.05,0.15,0.15,9.249101791016871,34.34211673630226,-0.21137632789988076
3284.4100000000008,0.0,9.4,34.12698365269458,33.937283972055894,34.76042365269458,34.68923127744504,-2.04,0.07,0.07,0.07,-0.0676108808149908,-1.501133056977989,9.111576580237951,-0.891081418581727,-0.6880219780212637,-10.26926073926113,0.05,0.15,0.15,9.234652103002981,34.37848063872252,-0.17479427332882946
3284.420000000001,0.0,9.4,34.040486646706846,33.94262329341316,34.673926646706846,34.52157658682686,-2.04,0.07,0.07,0.07,-0.0649015145357662,-1.4978818174429194,9.097487875585983,-0.6950312891122636,-0.8206007509383522,-10.12899874843608,0.05,0.15,0.1575836431226768,9.220203240278877,34.29465329341343,-0.11639780832458915
3284.4300000000007,0.0,9.4,33.95257375844016,33.91246441110373,34.56311003250931,34.42255232808112,-2.04,0.07,0.07,0.07,-0.0621921482565415,-1.49463057790785,9.083399170934015,-0.4497246558207258,-0.9107133917393252,-9.97881101376779,0.05,0.15,0.16,9.205755206730553,34.212675132533576,-0.047377968722611595
3284.440000000001,0.0,9.4,33.859460480120106,33.751924276069154,34.36296999749954,34.5756005901474,-2.04,0.07,0.07,0.07,-0.0594827819773015,-1.4913793383727618,9.069310466281967,-0.4980898876404495,-0.3467415730337078,-9.51876404494382,0.05,0.15,0.16,9.191308006268128,34.13748883595905,-0.1918866879203542
3284.4500000000007,0.0,9.4,33.77989679160423,33.647613028485644,34.21975341829078,34.69765520239879,-2.066213446638273,0.07,0.07,0.07,-0.0567734156980769,-1.4881280988376924,9.05522176163,-0.6878526841443395,0.5321598002474676,-8.90952559301028,0.05,0.15,0.16,9.176861642826365,34.08622961019486,-0.43920545394737376
3284.460000000001,0.0,9.4,33.74995176411793,33.749212228885575,34.28499079960021,34.70621092453773,-2.1861834541361334,0.07,0.07,0.07,-0.0540640494188523,-1.4848768593026227,9.041133056978031,-0.8072340425528881,1.0321026282842325,-8.932202753440626,0.05,0.15,0.16,9.162416120364373,34.122591429285364,-0.5278500098063279
3284.4700000000007,0.0,9.4,33.722068208582826,33.787625998003904,34.33516005489022,34.71225603293413,-2.325768557859619,0.07,0.07,0.07,-0.0513546831396277,-1.4816256197675532,9.027044352326064,-0.892340425531585,1.347496871087638,-9.26261576971086,0.05,0.15,0.16,9.14797144286611,34.13927757360277,-0.5392219949131143
3284.480000000001,0.0,9.4,33.70177878742521,33.59327470059939,34.329820733532955,34.70905244011977,-2.535716070981471,0.07,0.07,0.07,-0.0526551609691017,-1.4784511561013574,9.015795995132256,-1.0278651685387237,0.9646067415757434,-9.498089887639734,0.05,0.15,0.16,9.136365131319836,34.08348166541933,-0.5092832387118674
3284.4900000000007,0.0,9.37992709841723,33.66611005032766,33.443475737292296,34.251141570208354,34.65056336185354,-2.7195847923958816,0.07,0.07,0.07,-0.0579654829073656,-1.4753534683040366,9.00738798539667,-1.1876654182266635,0.2455056179800132,-9.687852684144165,0.05,0.15,0.16,9.127599146167283,34.002822679920456,-0.4594541255841691
3284.500000000001,0.0,9.349967543815788,33.57241100654247,33.46178474584802,33.89573140412658,34.383467237040584,-2.8096298149075354,0.07,0.07,0.07,-0.0632758048456597,-1.4722557805066985,8.998979975661038,-1.2433667083854925,-0.4983729662093623,-9.918335419274625,0.05,0.15,0.16,9.118836631559017,33.82834859838941,-0.36592757755367683
3284.5100000000007,0.0,9.320007989214515,33.49292541428214,33.47057016173176,33.648544787260604,34.18764747449618,-2.8931067233191365,0.07,0.07,0.07,-0.0685861267839236,-1.469158092709378,8.990571965925454,-1.2483729662077687,-1.2543178973730806,-10.168648310388438,0.05,0.15,0.16,9.11007759750955,33.69992195944267,-0.2511208660581578
3284.520000000001,0.0,9.290048434613247,33.4631070515054,33.44607650659372,33.77953259517273,34.240894550883226,-2.9530917270680668,0.07,0.07,0.07,-0.0738964487221875,-1.4660604049120574,8.98216395618987,-1.15561797752809,-1.142696629213483,-10.185955056179775,0.05,0.15,0.16,9.101322054067811,33.732402676038774,-0.2289595163048952
3284.5300000000007,0.0,9.260088880011976,33.43581241788102,33.421846658434255,33.88689788589769,34.26771482341343,-3.006536731634056,0.07,0.07,0.07,-0.0792067706604513,-1.4629627171147366,8.973755946454284,-1.0157927590515392,-0.6133583021236843,-10.091073657927833,0.05,0.15,0.16,9.092570011317472,33.753067946406595,-0.2514051925753348
3284.540000000001,0.0,9.230129325410704,33.41784254877754,33.398591533712114,33.90698185724863,34.19689239812325,-3.036521739130346,0.07,0.07,0.07,-0.0845170925987152,-1.459865029317416,8.9653479367187,-0.8824655819779358,0.1424405506852734,-10.150901126407527,0.05,0.15,0.16,9.083821479377033,33.730077084465385,-0.276167797913822
3284.5500000000006,0.0,9.200169770809431,33.39309392137119,33.360404450605245,33.897254838710225,34.13372699596786,-3.079389426656532,0.07,0.07,0.07,-0.0898274145369791,-1.4567673415200957,8.956939926983116,-0.7523028785987524,1.00852315393907,-10.286070087608987,0.05,0.15,0.16,9.075076468399935,33.69612005166363,-0.302058721869107
3284.560000000001,0.0,9.170210216207993,33.33916246975799,33.25793469254018,33.75919032258045,34.10352538306448,-3.16874162323173,0.07,0.07,0.07,-0.0951377364752732,-1.4536696537227571,8.948531917247484,-0.6055056179772315,0.939438202246196,-10.201910112359188,0.05,0.15,0.1524492037341999,9.066334988574656,33.614953216985775,-0.2583142574109045
3284.5700000000006,0.0,9.14025066160672,33.285746366366304,33.177734204204214,33.646293523523504,34.08935653153159,-3.24,0.07,0.07,0.07,-0.1004480584135371,-1.4505719659254366,8.9401239075119,-0.4506991260920396,0.4200873907603908,-10.01214731585476,0.05,0.15,0.15,9.057597050125032,33.5497826564064,-0.18104164297588068
3284.580000000001,0.0,9.110291107005448,33.234334954954875,33.18416063063064,33.631298528528504,34.13755472972981,-3.24,0.07,0.07,0.07,-0.105758380351801,-1.447474278128116,8.931715897776314,-0.5178642964449641,-0.140635953931881,-9.747946920380064,0.05,0.15,0.15,9.048862663310086,33.54683721096096,-0.185274710860484
3284.5900000000006,0.0,9.1,33.18699641658435,33.18489761105624,33.638158272458185,34.15682360809463,-3.2643060765184937,0.07,0.07,0.07,-0.1110687022900649,-1.4443765903307957,8.92330788804073,-0.6931271907863107,-0.7215072608917728,-9.447496244366324,0.05,0.15,0.15,9.040131838424367,33.541718977048355,-0.22920013704902187
3284.600000000001,0.0,9.1,33.15530836130305,33.1637722408687,33.728997364264586,34.06492824777885,-3.384336084020293,0.07,0.07,0.07,-0.1163790242283287,-1.441278902533475,8.914899878305146,-0.756746566791498,-0.8020549313360321,-9.41409238451923,0.05,0.15,0.15,9.031404585798022,33.5282515535538,-0.24724443410191382
3284.6100000000006,0.0,9.1,33.127210724129306,33.12749008769745,33.78466365823116,33.978199338511736,-3.4982699999994207,0.07,0.07,0.07,-0.1216893461665926,-1.438181214736154,8.906491868569562,-0.7667340823969659,-0.6422546816485457,-9.508973782771177,0.05,0.15,0.15,9.022680915796931,33.50439095214241,-0.2528558275212012
3284.620000000001,0.0,9.1,33.115414181909344,33.02239362064689,33.68063960410968,33.91492697569558,-3.588269999999421,0.07,0.07,0.07,-0.1269996681048565,-1.4350835269388336,8.898083858833978,-0.810420420420156,-0.0005355355393904,-9.667997997997162,0.05,0.15,0.1576200640341056,9.013960838822838,33.43334359559037,-0.3101883408096926
3284.630000000001,0.0,9.1,33.090748274137155,32.94070098049022,33.54713993997026,33.84177265632828,-3.68435999999991,0.07,0.07,0.07,-0.1323099900431506,-1.4319858391414957,8.889675849098344,-0.8704804804805767,0.8753403403417434,-9.858188188188493,0.05,0.15,0.16,9.005244365313434,33.35509046273148,-0.3926513239316166
3284.640000000001,0.0,9.1,33.009387593797086,32.96211168584287,33.283788264132674,33.72508431215635,-3.80435999999991,0.07,0.07,0.07,-0.1376203119814145,-1.428888151344175,8.88126783936276,-0.9386895888435016,0.9522577542677266,-9.984919451791336,0.05,0.15,0.16,8.996531505742693,33.245092963982245,-0.4043761033514413
3284.6500000000005,0.0,9.1,32.946546726726666,32.943879759760385,33.10328726726667,33.60240852852901,-3.9243599999998406,0.07,0.07,0.07,-0.1429306339196784,-1.425790463546854,8.872859829627176,-1.0108223130559142,0.6444914642947659,-10.081096417407888,0.05,0.15,0.16,8.987822270620699,33.14903057057069,-0.38204174765593096
3284.6600000000008,0.0,9.1,32.96475493493488,32.7521580380386,33.28536934934881,33.453529649650086,-4.044359999999499,0.07,0.07,0.07,-0.1482409558579422,-1.4226927757495336,8.864451819891592,-1.0524062499999334,-0.0103671874971482,-10.104492187500083,0.05,0.15,0.16,8.979116670493982,33.1139529929931,-0.3243711892226395
3284.670000000001,0.0,9.1,32.97893922349429,32.6042900945743,33.43041637630666,33.33264,-4.14,0.07,0.07,0.07,-0.1535512777962062,-1.419595087952213,8.856043810156008,-1.0732395833332349,-0.9009921874957773,-10.078450520833456,0.05,0.15,0.16,8.970414715945603,33.08657142359381,-0.24269812196051765
3284.6800000000007,0.0,9.1,32.97574360378299,32.64583315082119,33.4155034843206,33.33264,-4.14,0.07,0.07,0.07,-0.15886159973447,-1.4164974001548924,8.847635800420422,-0.8843495630476492,-1.0753083645451735,-10.157705368288983,0.05,0.15,0.16,8.961716417595285,33.09243005973119,-0.14914477645435573
3284.690000000001,0.0,9.087888446215036,32.93996873436667,32.67840699349673,33.364168334166486,33.33264,-4.152179999999954,0.07,0.07,0.07,-0.1641719216727641,-1.413399712357554,8.83922779068479,-0.5947116104866115,-0.9055205992507722,-10.287543071161174,0.05,0.15,0.16,8.95302178609951,33.07879601550747,-0.04988432467037801
3284.7000000000007,0.0,9.067968127489962,32.754766133066255,32.66984271135566,33.14577913956946,33.33264,-4.212179999999955,0.07,0.07,0.07,-0.169482243611028,-1.4103020245602336,8.830819780949206,-0.5269536921151783,-0.3580951188979961,-10.063832290362615,0.05,0.15,0.16,8.944330832151833,32.97575699599785,-0.11790925351295216
3284.710000000001,0.0,9.048047808764888,32.59658938401048,32.65575211009173,32.95445740498033,33.33264,-4.26,0.07,0.07,0.07,-0.17,-1.41,8.818984743411917,-0.5670037546933885,0.3728185231543407,-9.668337922402788,0.05,0.15,0.16,8.932608348323134,32.884859724770635,-0.267215489137744
3284.7200000000007,0.0,9.028127490039813,32.56153040629101,32.61648605504593,32.886442988204564,33.33264,-4.26,0.07,0.07,0.07,-0.17,-1.41,8.806779472954231,-0.603612983770243,0.6572259675404859,-9.54337328339575,0.05,0.15,0.16,8.92055854110313,32.84927486238537,-0.32799528792805505
3284.730000000001,0.0,9.00820717131474,32.52647142857154,32.577220000000125,32.8184285714288,33.33264,-4.26,0.07,0.07,0.07,-0.17,-1.41,8.794574202496545,-0.6385692883893807,0.7271385767787613,-9.548367041198484,0.05,0.15,0.16,8.908509157160795,32.813690000000115,-0.34624832320581156
3284.7400000000007,0.0,8.988286852589665,32.4996087814312,32.53887384912974,32.78163760154657,33.34522336557014,-4.26,0.07,0.07,0.07,-0.17,-1.41,8.782368932038858,-0.7477071339166961,0.5107859824798131,-9.563476846057476,0.05,0.15,0.16,8.896460198215994,32.791335899419416,-0.35811513920902566
3284.750000000001,0.0,8.968366533864478,32.52858363636368,32.5067945454545,32.95755636363664,33.44353090909106,-4.26,0.07,0.07,0.07,-0.17,-1.41,8.770163661581103,-0.8928886107635335,0.1553416770961768,-9.583501877346697,0.05,0.15,0.16,8.884411665997792,32.85911636363647,-0.36687899280096825
3284.7600000000007,0.0,8.948446215139402,32.55487538623223,32.46780111403017,33.111449689962825,33.52386243825497,-4.26,0.07,0.07,0.07,-0.17,-1.41,8.757958391123417,-1.0071137605563845,-0.1579855936413338,-9.730938897168407,0.05,0.15,0.16,8.872363562244791,32.91449715712005,-0.35034422627158635
3284.770000000001,0.0,8.928525896414328,32.53913182343665,32.32048634787151,32.92027785601647,33.322569742511455,-4.26,0.07,0.07,0.07,-0.17,-1.41,8.745753120665729,-1.1064679582711738,-0.4510804768999629,-9.939582712369464,0.05,0.15,0.16,8.860315888704777,32.77561644245902,-0.3216563846432594
3284.7800000000007,0.0,8.908605577689254,32.4999895399998,32.208059300000095,32.72988973999978,33.13692094999988,-4.26,0.07,0.07,0.07,-0.17,-1.41,8.733547850208042,-1.123333333333381,-0.5200000000000858,-10.12333333333301,0.05,0.15,0.16,8.848268647135072,32.643714882499886,-0.29234503911353105
3284.790000000001,0.0,8.9,32.33520954000027,32.28295929999988,32.5437097400003,33.03527095000016,-4.26,0.07,0.07,0.07,-0.17,-1.41,8.721342579750356,-1.098176100629018,-0.4747169811322325,-10.294402515722677,0.05,0.15,0.16,8.836221839302508,32.549287382500154,-0.262716059520824
3284.8000000000006,0.0,8.9,32.19950141424265,32.31829824473489,32.412708304914105,32.92784408224728,-4.26,0.07,0.07,0.07,-0.17,-1.41,8.70913730929267,-1.0496814335492677,-0.2852862120468258,-10.41383773021366,0.05,0.15,0.1523682810005469,8.824175466983505,32.46458801153473,-0.24805313003184798
3284.810000000001,0.0,8.9,32.21989258776335,32.14121700100252,32.577984132397646,32.78939874623833,-4.26,0.07,0.07,0.07,-0.17,-1.41,8.696932038834914,-0.9899502239919352,-0.0264509706317188,-10.508412145346105,0.05,0.15,0.15,8.812129531964064,32.43212311685046,-0.24059607651883042
3284.8200000000006,0.0,8.9,32.22652192298238,31.99539562423355,32.71289767966635,32.69610731420205,-4.247876969242246,0.07,0.07,0.07,-0.17,-1.41,8.684726768377228,-0.8830067822153581,0.1637226827432268,-10.299095704596375,0.05,0.15,0.15,8.80008403604011,32.40773063527108,-0.25613497122409346
3284.830000000001,0.0,8.9,32.16248464066712,32.01009270542066,32.69190184939905,32.83467979396624,-4.187861965491517,0.07,0.07,0.07,-0.17,-1.41,8.672521497919542,-0.7523863350916011,0.3194624466215524,-9.937377543330587,0.05,0.15,0.15,8.78803898101713,32.42478974736327,-0.2832063684891655
3284.8400000000006,0.0,8.9,32.10369507031453,32.02936358476085,32.65117557657914,32.94687148555368,-4.146074999999844,0.07,0.07,0.07,-0.17,-1.41,8.660316227461854,-0.615548064919028,0.0765243445698372,-10.029143570536435,0.05,0.15,0.1576329787234007,8.77599436871054,32.43277642930205,-0.1981040457476642
3284.850000000001,0.0,8.9,32.08180808488879,32.08079800051134,32.4717022960881,32.873550084377456,-4.1760749999998446,0.07,0.07,0.07,-0.17,-1.41,8.648110957004167,-0.4757228464424774,-0.3579325842680164,-10.338756554305942,0.05,0.15,0.16,8.763950200945663,32.376964616466424,-0.05911516172998242
3284.8600000000006,0.0,8.9,32.05771461652649,32.107613359722954,32.32542321622958,32.814051608114795,-4.206074999999845,0.07,0.07,0.07,-0.17,-1.41,8.635905686546481,-0.5007534418017454,-0.6718297872328103,-10.315339173968352,0.05,0.15,0.16,8.751906479557801,32.326200700148455,-0.038424712813240794
3284.870000000001,0.0,8.9,32.02277151905006,32.01337288471077,32.34236532409694,32.82252266204847,-4.236074999999845,0.07,0.07,0.07,-0.17,-1.41,8.623700416088795,-0.6058848560695473,-0.9271489361689006,-10.130107634544132,0.05,0.15,0.16,8.73986320639231,32.30025809747656,-0.07521359269117764
3284.880000000001,0.0,8.9,31.97529908183614,31.917117564870093,32.37007568862289,32.82009932135718,-4.266075000000015,0.07,0.07,0.07,-0.17,-1.41,8.61149514563104,-0.7007342657342863,-0.5173776223774558,-9.99239510489508,0.05,0.15,0.16,8.727820383304582,32.270647914171576,-0.1705166320460445
3284.890000000001,0.0,8.890876386529404,31.855698283433025,31.809263273452995,32.459776287425235,32.754959600798344,-4.296075000000015,0.07,0.07,0.07,-0.1695614692653666,-1.4117541229385333,8.596844077960998,-0.7906443556443477,0.2118931068930416,-9.87750999001,0.05,0.15,0.16,8.713640392870621,32.2199243612774,-0.2939289900537854
3284.9000000000005,0.0,8.87089037673628,31.754731419847328,31.72713358778627,32.485278412213695,32.67159890076333,-4.32,0.07,0.07,0.07,-0.1690617191404296,-1.4137531234382814,8.58185157421289,-0.9006788120787368,0.6012727726476315,-9.863531320189631,0.05,0.15,0.16,8.699164109311333,32.159685580152654,-0.37348535613123673
3284.9100000000008,0.0,8.850904366943157,31.76453294656487,31.797922391857405,32.12915627480967,32.47992460050918,-4.32,0.07,0.07,0.07,-0.1685619690154926,-1.4157521239380295,8.566859070464778,-1.0204691789365836,0.8258797105060944,-9.898470177189838,0.05,0.15,0.16,8.684690066262473,32.04288405343528,-0.4317811708126196
3284.920000000001,0.0,8.830918357150034,31.758504772093254,31.830562055814365,31.86421778604607,32.32505434418601,-4.332069051788736,0.07,0.07,0.07,-0.1680622188905556,-1.4177511244377776,8.551866566716667,-1.113413054309714,0.2824115595439305,-9.966751370204072,0.05,0.15,0.16,8.670218274944945,31.944584739534925,-0.396148183024959
3284.9300000000007,0.0,8.81093234735691,31.6798722139538,31.688227172093587,32.01750150697614,32.33898922790692,-4.3921140855639536,0.07,0.07,0.07,-0.1675624687656185,-1.4197501249375255,8.536874062968556,-1.1931340308917016,-0.6393622321853002,-10.051454907822434,0.05,0.15,0.16,8.655748746652955,31.931147530232614,-0.3142517552146615
3284.940000000001,0.0,8.790946337563675,31.60434614483495,31.54734329073476,32.166439137380195,32.35129730564427,-4.44,0.07,0.07,0.07,-0.1670627186406787,-1.4217491254372852,8.52188155922036,-1.113547415955609,-1.0863923733068763,-10.063366783743064,0.05,0.15,0.16,8.641281492754493,31.917356469648546,-0.23923845501920615
3284.9500000000007,0.0,8.77096032777055,31.632833897763582,31.45504297124599,32.16985766773163,32.3091354313099,-4.44,0.07,0.07,0.07,-0.1665629685157416,-1.4237481259370333,8.50688905547225,-0.9529854490720218,-1.2921123933764722,-10.038278976417503,0.05,0.15,0.16,8.626816524692266,31.891717492012774,-0.16772381848382623
3284.960000000001,0.0,8.750974317977427,31.64156653913921,31.38172270828089,32.134045013843505,32.252843830858325,-4.433994008986535,0.07,0.07,0.07,-0.1660632183908046,-1.4257471264367814,8.491896551724139,-0.7154269972456964,-0.8532632106200028,-10.06355872777351,0.05,0.15,0.16,8.612353853983786,31.85254452303048,-0.12975433201250902
3284.9700000000007,0.0,8.730988308184305,31.53922573873649,31.41511812735967,31.87765437704511,32.117107611376824,-4.40403894158769,0.07,0.07,0.07,-0.1655634682658676,-1.4277461269365297,8.476904047976028,-0.4399449035814346,-0.0969396443781207,-10.113646381167012,0.05,0.15,0.16,8.597893492222315,31.737276463629524,-0.10830708363265028
3284.980000000001,0.0,8.71100229839118,31.447403987042144,31.452318574632404,31.69098483428844,32.02141992524288,-4.385933900851153,0.07,0.07,0.07,-0.1650637181409306,-1.4297451274362776,8.461911544227917,-0.3533717146432925,0.2747534418018229,-10.038963704631104,0.05,0.15,0.152387339055804,8.583435451077381,31.65303183030147,-0.1291864703421723
3284.9900000000007,0.0,8.700000000000001,31.4090087714928,31.50884486419116,31.858430635434186,32.12913983553409,-4.415978968452527,0.07,0.07,0.07,-0.1645639680159935,-1.4317441279360257,8.446919040479807,-0.3583779724655545,0.4599849812255182,-9.903794743430026,0.05,0.15,0.15,8.56897974229539,31.72635602666306,-0.17058500531701812
3285.000000000001,0.0,8.700000000000001,31.371453512839715,31.528115811518443,31.9847521166792,32.207532465719325,-4.446011994002985,0.07,0.07,0.07,-0.1640642178910537,-1.433743128435785,8.431926536731611,-0.4139720558881239,0.2670059880244192,-9.68121756487059,0.05,0.15,0.15,8.554526377700157,31.77296347668917,-0.20287246613423165
3285.0100000000007,0.0,8.700000000000001,31.338374480179485,31.348848795811413,31.891917412116623,32.12963667913234,-4.47599700149919,0.07,0.07,0.07,-0.1635644677661166,-1.4357421289355332,8.4169340329835,-0.4938123752493506,-0.107245508981331,-9.416746506986524,0.05,0.15,0.15,8.54007536919387,31.677194341809965,-0.23079308075718674
3285.020000000001,0.0,8.700000000000001,31.295469172857715,31.19788983655276,31.792065235264783,32.07768263001499,-4.505982008995394,0.07,0.07,0.07,-0.1630647176411796,-1.437741129435281,8.401941529235389,-0.7216504126023958,-0.1863090772694809,-9.494681170291956,0.05,0.15,0.15,8.525626728757219,31.59077671867256,-0.28728974605640945
3285.0300000000007,0.0,8.700000000000001,31.19795555225361,31.2042494205052,31.653214318969813,32.16989659732539,-4.5359670164916,0.07,0.07,0.07,-0.1625649675162426,-1.4397401299350294,8.38694902548728,-1.021725431356895,-0.121292823206006,-9.73974243560813,0.05,0.15,0.15,8.51118046845036,31.556328972263504,-0.3577342456144197
3285.040000000001,0.0,8.700000000000001,31.1110083442706,31.182359141847904,31.53693802120136,32.22239914184791,-4.583825956488334,0.07,0.07,0.07,-0.1620652173913055,-1.4417391304347775,8.371956521739168,-1.2142206654987442,0.0446960220159282,-9.988251188390617,0.05,0.15,0.1576335470085132,8.496736600413474,31.51317616229194,-0.40202908964015993
3285.0500000000006,0.0,8.700000000000001,31.09264388187789,30.97710926804705,31.56718537102464,32.01714926804705,-4.703855963990133,0.07,0.07,0.07,-0.1615654672663685,-1.4437381309345256,8.356964017991057,-1.354325744307984,0.2598573930444039,-10.2384388291214,0.05,0.15,0.16,8.482295136867412,31.41352194724916,-0.43358934305333785
3285.060000000001,0.0,8.700000000000001,31.067639451371488,30.815855910224546,31.560429152119426,31.819598628428725,-4.835811047237849,0.07,0.07,0.07,-0.1610657171414287,-1.4457371314342853,8.34197151424286,-1.3629670329669177,0.1919680319676016,-10.30316683316678,0.05,0.15,0.16,8.467856090114278,31.315880785536045,-0.4196360279083142
3285.0700000000006,0.0,8.700000000000001,31.005734214463896,30.89910778054855,31.34803014962613,31.66483553615974,-5.01576605848515,0.07,0.07,0.07,-0.1605659670164916,-1.4477361319340334,8.32697901049475,-1.308021978022036,-0.0128271728269565,-10.278191808191837,0.05,0.15,0.16,8.453419472538398,31.22942692019958,-0.38366873153203246
3285.080000000001,0.0,8.700000000000001,30.9498011308482,30.959023957968675,31.156061901426263,31.510314085564577,-5.16,0.07,0.07,0.07,-0.1600662168915546,-1.4497351324337815,8.31198650674664,-1.1489152711825548,-0.2479580104969587,-10.165866033491886,0.05,0.15,0.16,8.438985296606518,31.143800268951928,-0.32278703166788086
3285.0900000000006,0.0,8.68672300845119,30.92838506880164,30.88406774080573,31.08217648736565,31.357189241931707,-5.16,0.07,0.07,0.07,-0.1653910320760927,-1.4470971365744116,8.301291409723236,-0.9389677580607028,-0.4978955261182111,-10.01090477380671,0.05,0.15,0.16,8.428100817225541,31.062954634726182,-0.24974473010120035
3285.100000000001,0.0,8.656718507776118,30.904372775397068,30.809027063272072,31.053380322661727,31.25436931686394,-5.165922038980383,0.07,0.07,0.07,-0.1716054782733246,-1.4437508963143637,8.291252688943091,-0.7320320721629281,-0.4453971435735883,-10.037396642445188,0.05,0.15,0.16,8.41776313771586,31.005287369548704,-0.18170137309548776
3285.1100000000006,0.0,8.626714007101045,30.86553234182009,30.73350399798351,31.2821073203928,31.438861376354566,-5.195907046476587,0.07,0.07,0.07,-0.1778199244705566,-1.4404046560543156,8.281213968162948,-0.5265697820106683,-0.2449461287908958,-10.152655975945237,0.05,0.15,0.16,8.407430658959893,31.08000125913774,-0.11610351614678817
3285.120000000001,0.0,8.596709506425972,30.81368839859353,30.674798133645883,31.458530860492623,31.578869106682536,-5.214105000000212,0.07,0.07,0.07,-0.1840343706677885,-1.4370584157942676,8.271175247382804,-0.3690582959649726,-0.1160039860494251,-10.055271549577736,0.05,0.15,0.16,8.397103400155926,31.131471624853642,-0.0913539503008644
3285.130000000001,0.0,8.566705005750729,30.69627690973008,30.700889575615538,31.371224881594163,31.49457367878057,-5.184105000000042,0.07,0.07,0.07,-0.1902488168650558,-1.4337121755342006,8.261136526602602,-0.2345291479821039,-0.0213353263577768,-9.855969108121636,0.05,0.15,0.16,8.386781380587028,31.065741261430087,-0.08618255948108217
3285.140000000001,0.0,8.536700505075656,30.58262694770544,30.72612,31.282692433297523,31.413474525080066,-5.1541108891109335,0.07,0.07,0.07,-0.1964632630622878,-1.430365935274153,8.251097805822459,-0.3405249999999539,-0.0903499999999693,-9.636130000000048,0.05,0.15,0.16,8.376464619621693,31.001228476520758,-0.147871812913645
3285.1500000000005,0.0,8.506696004400583,30.579201120597656,30.72612,31.158220715048145,31.42603589114193,-5.124140859140913,0.07,0.07,0.07,-0.2026777092595197,-1.4270196950141047,8.241059085042314,-0.565524999999954,-0.2403499999999693,-9.406130000000047,0.05,0.15,0.16,8.36615313671387,30.972394431696934,-0.24264159436943195
3285.1600000000008,0.0,8.47669150372551,30.56679986010513,30.69330951786233,31.06017009742678,31.44510012490613,-5.088341658341784,0.07,0.07,0.07,-0.2088921554567517,-1.4236734547540568,8.23102036426217,-0.7774887218043831,-0.269879699248139,-9.423894736842016,0.05,0.15,0.16,8.355846951403626,30.941344900075094,-0.30806409769465887
3285.170000000001,0.0,8.446687003050437,30.50692476642545,30.48695428428771,31.10186882338228,31.49856002997728,-5.028401598401744,0.07,0.07,0.07,-0.2151066016539836,-1.420327214494009,8.220981643482027,-0.9830025062654072,-0.2398045112782331,-9.564245614034911,0.05,0.15,0.16,8.345546083317489,30.89857697601818,-0.35896649778935535
3285.1800000000007,0.0,8.416682502375364,30.44482888888928,30.33773377777696,31.10687355555656,31.515304444445384,-4.98,0.07,0.07,0.07,-0.2213210478512156,-1.4169809742339607,8.210942922701882,-1.0971328671326166,-0.0010689310701481,-9.865864135862775,0.05,0.15,0.152366737739905,8.33525055216885,30.851185166667044,-0.3764717807716269
3285.190000000001,0.0,8.4,30.37085358024686,30.49413871604949,30.91559454320974,31.33565012345666,-4.98,0.07,0.07,0.07,-0.2275354940484829,-1.413634733973894,8.20090420192168,-1.1670629370628631,0.3385914085910499,-10.245484515484115,0.05,0.15,0.15,8.324960377758325,30.779059240740686,-0.37782356200505934
3285.2000000000007,0.0,8.4,30.310700967333528,30.587312631045563,30.736448250189834,31.15538698404644,-4.997410647338171,0.07,0.07,0.07,-0.2337499402457148,-1.4102884937138458,8.190865481141538,-1.2302094240836947,0.4634031413612316,-10.302984293193845,0.05,0.15,0.15,8.314675579974395,30.697462208153844,-0.4033058373673307
3285.210000000001,0.0,8.4,30.34104789060521,30.266502299316308,30.63673693086858,30.97113780703977,-5.087388152961567,0.07,0.07,0.07,-0.2399643864429468,-1.406942253453798,8.180826760361393,-1.2900448765893795,0.4833482921964598,-10.203258539017702,0.05,0.15,0.15,8.304396178793475,30.553856231957464,-0.4405660920068899
3285.2200000000007,0.0,8.4,30.351946050730813,30.009102808667816,30.558119035780244,30.80702587602895,-5.16,0.07,0.07,0.07,-0.2461788326401787,-1.40359601319375,8.17078803958125,-1.1195236901480266,0.0154800701933291,-10.086457758836854,0.05,0.15,0.15,8.294122194280567,30.431548442801954,-0.35232754745875505
3285.230000000001,0.0,8.4,30.259199536368385,30.08962691416077,30.591910401478184,30.750227623047305,-5.16,0.07,0.07,0.07,-0.2523932788374107,-1.400249772933702,8.160749318801106,-0.8337377788924326,-0.6964778139872732,-9.961113060917734,0.05,0.15,0.15,8.283853646589604,30.422741118763664,-0.2012925294987422
3285.2400000000007,0.0,8.4,30.16645302200596,30.17015101965374,30.625701767176125,30.693429370065665,-5.16,0.07,0.07,0.07,-0.2586077250346427,-1.396903532673654,8.15071059802096,-0.6424624624630125,-0.8862762762765228,-9.819099099099668,0.05,0.15,0.1576310160427389,8.273590555963894,30.413933794725374,-0.1388147707170203
3285.250000000001,0.0,8.4,30.096569399098723,30.22069475713552,30.66152886329504,30.65627584376576,-5.148594297148712,0.07,0.07,0.07,-0.26482217123191,-1.393557292413587,8.140671877240761,-0.497317317317409,-0.8212112112112524,-9.668948948949044,0.05,0.15,0.16,8.263332942736465,30.40876721582376,-0.11956138843928876
3285.2600000000007,0.0,8.4,30.129789228843308,30.13603777165738,30.7065363745619,30.70771299949931,-5.088564282141284,0.07,0.07,0.07,-0.2710366174291419,-1.3902110521535391,8.130633156460616,-0.3892640801002753,-0.5165657071346181,-9.62,0.05,0.15,0.16,8.253080827330725,30.420019093640477,-0.12236099273838849
3285.270000000001,0.0,8.4,30.14148162999996,30.085754425000047,30.706323394999902,30.756766940000016,-5.034272863568345,0.07,0.07,0.07,-0.2772510636263738,-1.386864811893491,8.120594435680472,-0.2991514392993022,-0.0960400500634105,-9.62,0.05,0.15,0.16,8.242834230260545,30.42258159749998,-0.13582717511472675
3285.2800000000007,0.0,8.4,30.05802162999996,30.187404425000047,30.506233394999903,30.79528694000001,-5.0042878560720565,0.07,0.07,0.07,-0.2834655098236058,-1.383518571633443,8.110555714900329,-0.3037827715354871,0.0839176029961333,-9.68080898876388,0.05,0.15,0.16,8.232593172130915,30.386736597499983,-0.14689236857509785
3285.290000000001,0.0,8.391228420317358,29.982299119402978,30.229834835820856,30.36329258208957,30.82611070149253,-4.98,0.07,0.07,0.07,-0.2896799560208378,-1.3801723313733951,8.100516994120184,-0.3537203495629684,0.1488364544318589,-9.770696629213344,0.05,0.15,0.16,8.22235767363831,30.350384309701482,-0.15680941729885137
3285.3000000000006,0.0,8.37127033230221,29.94077673134334,30.010511452736623,30.47295427363169,30.8229166716418,-4.98,0.07,0.07,0.07,-0.2870735093718719,-1.3809754968760428,8.085855295297382,-0.5117526289429751,-0.1472558838247538,-9.752749123685676,0.05,0.15,0.16,8.207957137999918,30.311789782338366,-0.18180716906567948
3285.310000000001,0.0,8.351312244286946,29.899212649487005,29.82833886915185,30.543112789591884,30.81355321491108,-4.968671328671304,0.07,0.07,0.07,-0.2839881212557443,-1.3820039595814186,8.070942586069432,-0.7220681021537867,-0.6179619429156176,-9.682643965948738,0.05,0.15,0.16,8.193332559157001,30.271054380785454,-0.21409914812063663
3285.3200000000006,0.0,8.331354156271797,29.857451328496342,29.8219140505379,30.426395251438493,30.77500430322739,-4.908731268731263,0.07,0.07,0.07,-0.2809027331396343,-1.383032422286789,8.056029876841565,-0.8981847690388026,-0.4420649188511298,-9.741138576779102,0.05,0.15,0.16,8.178710314172138,30.22019123342503,-0.28268051619397383
3285.330000000001,0.0,8.311396068256649,29.813513910761213,29.790558057742945,30.31512204724419,30.74324,-4.854388597149296,0.07,0.07,0.07,-0.2778173450235242,-1.3840608849921587,8.0411171676137,-1.057985018726289,0.0423295880140633,-9.860988764044716,0.05,0.15,0.16,8.164090415585376,30.165608503937086,-0.3685757286585526
3285.3400000000006,0.0,8.291437980241499,29.759388403722408,29.64247884037263,30.22933822476759,30.74324,-4.8243810952738455,0.07,0.07,0.07,-0.2747319569074142,-1.3850893476975288,8.026204458385836,-1.1437587587586335,0.4160560560552545,-10.004652152151763,0.05,0.15,0.16,8.149472876024806,30.093611367215658,-0.414499856644053
3285.350000000001,0.0,8.271479892226349,29.70581493031837,29.51157462003654,30.14493358927191,30.7174198843032,-4.805623594101419,0.07,0.07,0.07,-0.2716465687913041,-1.3861178104028988,8.01129174915797,-1.1938088088086996,0.7363763763756768,-10.15980730730697,0.05,0.15,0.16,8.13485770820724,30.019935755982505,-0.44113475112606726
3285.3600000000006,0.0,8.251521804211201,29.65854698396019,29.576849403102592,30.076282524323133,30.396673105444147,-4.835616095975885,0.07,0.07,0.07,-0.2685611806751941,-1.3871462731082689,7.996379039930105,-1.2201373626373282,0.3804395604411199,-10.15931318681336,0.05,0.15,0.16,8.120244924938984,29.927088004207516,-0.4130395756885735
3285.370000000001,0.0,8.231563716196051,29.623929569972585,29.63101130499626,29.981071260254225,30.119438245090976,-4.848788408693841,0.07,0.07,0.07,-0.265475792559084,-1.3881747358136387,7.98146633070224,-1.2351223776223383,-0.2988811188793433,-10.084388111888307,0.05,0.15,0.16,8.10563453911658,29.83886259507851,-0.35877266688946985
3285.380000000001,0.0,8.21160562818079,29.64733498881432,29.63420295302013,29.76403919463087,30.0417748098434,-4.788833374968851,0.07,0.07,0.07,-0.2623904044429564,-1.3892031985190147,7.96655362147429,-1.0678303303300078,-0.793445945946458,-10.063375875875884,0.05,0.15,0.1523614072494384,8.091026563727517,29.77183798657718,-0.25434601310902955
3285.390000000001,0.0,8.200000000000001,29.64912768068516,29.60905778393382,29.617661435406323,29.9762173306472,-4.74,0.07,0.07,0.07,-0.2593050163268464,-1.3902316612243846,7.951640912246424,-0.8125750750753975,-1.1988513513508394,-10.068380880880875,0.05,0.15,0.15,8.076421011851359,29.713016057668128,-0.12571328521310324
3285.4000000000005,0.0,8.200000000000001,29.54350189372956,29.443074404432167,29.822446124401868,29.97082825988416,-4.74,0.07,0.07,0.07,-0.2562196282107363,-1.3912601239297546,7.936728203018559,-0.5407692307698729,-0.7487912087931811,-9.816565934066794,0.05,0.15,0.15,8.061817896660013,29.694962670611936,-0.11934373949881354
3285.4100000000008,0.0,8.200000000000001,29.452248480318868,29.32301892376687,29.96997173891373,29.974958674638792,-4.74,0.07,0.07,0.07,-0.2531342400946263,-1.392288586635125,7.921815493790694,-0.2610489510496822,0.1103496503474048,-9.44194055944154,0.05,0.15,0.15,8.047217231418886,29.680049454409563,-0.1714400318275915
3285.420000000001,0.0,8.200000000000001,29.42559177877434,29.40938663677113,29.860146128550284,30.02187446935716,-4.74,0.07,0.07,0.07,-0.2500488519785162,-1.3933170493404947,7.906902784562829,-0.2341576971211232,0.417013767208894,-9.292986232791106,0.05,0.15,0.15,8.032619029487586,29.67924975336323,-0.21684001188512012
3285.4300000000007,0.0,8.200000000000001,29.383169319319776,29.47070581581604,29.75791887887914,30.05589406406417,-4.734523630907907,0.07,0.07,0.07,-0.2469634638624062,-1.3943455120458648,7.891990075334964,-0.3292765957443725,0.4570638297871042,-9.252936170212896,0.05,0.15,0.15,8.018023304320769,29.66692201951978,-0.2590084876515901
3285.440000000001,0.0,8.200000000000001,29.26642257257233,29.41393904904893,29.691512472472333,30.02911728728723,-4.704516129032285,0.07,0.07,0.07,-0.2438780757462786,-1.3953739747512406,7.877077366107014,-0.3735230961298503,0.0068339575526266,-9.368469413233578,0.05,0.15,0.1576858638743526,8.003430069468852,29.600247845345205,-0.20956615444693283
3285.4500000000007,0.0,8.200000000000001,29.17034,29.33559186999967,29.64064780000004,30.02147364000015,-4.6635300000001285,0.07,0.07,0.07,-0.2407926876301685,-1.3964024374566106,7.862164656879148,-0.3934981273407861,-0.6773108614219248,-9.558232209737469,0.05,0.15,0.16,7.988839338579199,29.542013327499966,-0.11641585773031535
3285.460000000001,0.0,8.200000000000001,29.17034,29.15690187000018,29.66204779999998,30.10279363999992,-4.573530000000129,0.07,0.07,0.07,-0.2377072995140585,-1.397430900161981,7.847251947651283,-0.680267834792275,-1.0451989987478052,-9.484931163955531,0.05,0.15,0.16,7.974251125396456,29.52302082750002,-0.18555771933616344
3285.4700000000007,0.0,8.200000000000001,29.15707938484647,29.013439309827387,29.6749240660166,30.153238949737755,-4.489020000000117,0.07,0.07,0.07,-0.2346219113979484,-1.3984593628673507,7.832339238423418,-1.0957872340412065,-1.2604680851056853,-9.28468085106448,0.05,0.15,0.16,7.959665443763733,29.499670427607054,-0.3330184801779145
3285.480000000001,0.0,8.200000000000001,29.08216065516409,29.03377439359832,29.64816737684432,30.06012567141824,-4.429020000000287,0.07,0.07,0.07,-0.2315365232818383,-1.3994878255727208,7.817426529195552,-1.294234706616432,-0.6504644194787982,-9.49722347066039,0.05,0.15,0.16,7.945082307623384,29.45605702425624,-0.4309255425347811
3285.4900000000007,0.0,8.18746572269035,29.018446638276608,29.019670490982744,29.597423852706136,29.94376612725552,-4.374511372157171,0.07,0.07,0.07,-0.2293025032999173,-1.3976750109997245,7.803955028599284,-1.3891161048686462,0.3532808988735754,-9.906711610485738,0.05,0.15,0.16,7.931443069378532,29.394826777305248,-0.5051902937973162
3285.500000000001,0.0,8.157550979707702,29.006653051102184,28.845983116232148,29.435530065129964,29.719687970941475,-4.34451887028245,0.07,0.07,0.07,-0.2279130676423602,-1.3930435588078676,7.791913252900456,-1.3896019028541764,0.8083475212823663,-10.27305207811798,0.05,0.15,0.16,7.9187389692970696,29.251963550851443,-0.4972314466014103
3285.5100000000007,0.0,8.127636236725225,28.98462348020896,28.72760612397341,29.299732486930505,29.53086527259142,-4.32,0.07,0.07,0.07,-0.226523631984811,-1.3884121066160369,7.779871477201696,-1.3445343014521158,0.9986329494243996,-10.618570355533778,0.05,0.15,0.16,7.906035753487462,29.135706840926076,-0.4495931608609772
3285.520000000001,0.0,8.097721493742748,28.916433288523663,28.85865914861858,29.281619467264097,29.501032063729102,-4.32,0.07,0.07,0.07,-0.2251341963272618,-1.3837806544242064,7.767829701502936,-1.1947367107561324,0.4885126029446587,-10.797631644621934,0.05,0.15,0.16,7.893333426218976,29.13943599203386,-0.3191451163510649
3285.5300000000007,0.0,8.06780675076027,28.862077228614314,28.95259419709848,29.22996988494229,29.4639514257128,-4.325401350337424,0.07,0.07,0.07,-0.2237447606697126,-1.3791492022323757,7.755787925804177,-0.9950860993263876,-0.3550112303460133,-10.897456950336808,0.05,0.15,0.16,7.880631991788172,29.127148184091972,-0.14927840438281237
3285.540000000001,0.0,8.037892007777794,28.87385311655828,28.869092446223146,29.01800390195106,29.39222556278142,-4.355408852212874,0.07,0.07,0.07,-0.2223553250121634,-1.374517750040545,7.743746150105417,-0.7038141748067555,-0.8393062859997189,-10.616040571000422,0.05,0.15,0.16,7.8679314545190495,29.038293756878478,-0.043693958528398386
3285.5500000000006,0.0,8.007977264795317,28.87428494258621,28.798632790813794,28.88326054917582,29.328704273589658,-4.38,0.07,0.07,0.07,-0.2209658893546142,-1.3698862978487143,7.731704374406657,-0.3682268970712468,-1.149849737038548,-10.150225394442176,0.05,0.15,0.16,7.855231818763274,28.97122063904137,0.030798471371638637
3285.560000000001,0.0,7.978062521812669,28.820865072391303,28.790085611582608,29.11510278582173,29.3041311333,-4.38,0.07,0.07,0.07,-0.2195764536970572,-1.3652548456568574,7.71966259870783,-0.1720569146280844,-0.8271967049427136,-9.790289565651586,0.05,0.15,0.16,7.84253308890031,29.007546150773912,0.008653389304335943
3285.5700000000006,0.0,7.948147778830192,28.76687045306631,28.76339770713388,29.301254433041287,29.27918002503128,-4.385409590409564,0.07,0.07,0.07,-0.218187018039508,-1.3606233934650267,7.707620823009069,-0.0422516225664233,-0.2031328008001123,-9.480753869196857,0.05,0.15,0.16,7.829835269337936,29.027675654568192,-0.05949257484375903
3285.580000000001,0.0,7.918233035847715,28.71008947684605,28.648764415519395,29.26590024030037,29.252396545682103,-4.415379620379585,0.07,0.07,0.07,-0.2167975823819588,-1.3559919412731962,7.69557904731031,-0.1688360450555874,-0.0067534418022234,-9.255061326658868,0.05,0.15,0.1523626666666492,7.81713836451204,28.96928766958698,-0.1565783626079677
3285.5900000000006,0.0,7.9,28.6461359880389,28.53385024669826,29.22113633690508,29.23599635185646,-4.44,0.07,0.07,0.07,-0.2154081467244096,-1.3513604890813655,7.68353727161155,-0.4191489361694014,-0.016765957446776,-9.069829787234642,0.05,0.15,0.15,7.804442378887126,28.909279730874673,-0.26762992144283937
3285.600000000001,0.0,7.9,28.548014881634742,28.417598066284643,29.131547500623025,29.2690588985796,-4.44,0.07,0.07,0.07,-0.2140187110668604,-1.3467290368895348,7.67149549591279,-0.5879220779216159,-0.0436713286712042,-8.79357642357756,0.05,0.15,0.15,7.791747316956471,28.841554836780503,-0.3633173622115093
3285.6100000000006,0.0,7.9,28.457659778894527,28.32938022110548,29.04488760804028,29.29857546733667,-4.445270270270115,0.07,0.07,0.07,-0.2126292754093112,-1.342097584697704,7.659453720214031,-0.7177922077917045,-0.0786363636362281,-8.473896103897344,0.05,0.15,0.15,7.7790531832423575,28.78262576884424,-0.4516745073591172
3285.620000000001,0.0,7.9,28.40604168844233,28.380998311557672,28.972837356784087,29.31040461306529,-4.475300300300154,0.07,0.07,0.07,-0.211239839751762,-1.3374661325058737,7.647411944515271,-0.9897872340411268,0.0485481852306793,-8.589649561951077,0.05,0.15,0.15,7.766359982296302,28.767570492462344,-0.5387229440735537
3285.630000000001,0.0,7.9,28.3677151533284,28.401759880328843,28.88823133881796,29.286332161555325,-4.52128403697238,0.07,0.07,0.07,-0.2098504040942049,-1.3328346803140163,7.635370168816443,-1.3302127659578489,0.2538047559451736,-8.915056320400884,0.05,0.15,0.15,7.753667718699216,28.73600963350763,-0.6251412619132393
3285.640000000001,0.0,7.9,28.391190595861392,28.27904733981545,28.74524455248061,29.095327424582305,-4.64119410442168,0.07,0.07,0.07,-0.2084609684366558,-1.328203228122186,7.623328393117683,-1.303098388260601,0.4047486167910563,-9.329658407505782,0.05,0.15,0.1576617954071203,7.740976397061935,28.62770247818494,-0.5689860941166783
3285.6500000000005,0.0,7.9,28.39633018745324,28.194441699574984,28.63503566108467,28.934511572106988,-4.750557360659763,0.07,0.07,0.07,-0.2070715327791066,-1.3235717759303554,7.611286617418924,-1.101029588645575,0.5298388260765488,-9.78671878758739,0.05,0.15,0.16,7.728286022025021,28.54007978005497,-0.4449638427521414
3285.6600000000008,0.0,7.9,28.31289104723848,28.293926828292587,28.683173626593188,28.919535316171007,-4.810542364408693,0.07,0.07,0.07,-0.2056820971215573,-1.3189403237385249,7.599244841720164,-0.9794849115505272,0.2091311134240555,-10.181925078043395,0.05,0.15,0.16,7.71559659825929,28.552381704573815,-0.3109884072577667
3285.670000000001,0.0,7.9,28.25191880507816,28.36820119492184,28.692471127708203,28.883798954444345,-4.86,0.07,0.07,0.07,-0.2042926614640082,-1.314308871546694,7.587203066021404,-0.9118470343394152,-0.4100156087391993,-10.535723204993827,0.05,0.15,0.16,7.702908130465985,28.549097520538137,-0.17034982178666241
3285.6800000000007,0.0,7.9,28.29986503360688,28.32025496639312,28.513471874534307,28.74741857107376,-4.86,0.07,0.07,0.07,-0.202903225806459,-1.3096774193548637,7.575161290322645,-0.7412459425728954,-0.6674731585513813,-10.717615480648684,0.05,0.15,0.16,7.690220623377025,28.470252611402017,-0.05875990871865189
3285.690000000001,0.0,7.8914209582626365,28.315573602812066,28.26159058498628,28.37822783831276,28.619579864423866,-4.854777388694398,0.07,0.07,0.07,-0.2015137901489019,-1.3050459671630064,7.563119514623817,-0.5215205992513527,-0.752367041198341,-10.81749063670393,0.05,0.15,0.16,7.67753408175517,28.393742972633742,0.03897074114999845
3285.7000000000007,0.0,7.8665180794898735,28.165134235500894,28.14768649259353,28.468491458699464,28.53576364549336,-4.824762381190683,0.07,0.07,0.07,-0.2001243544913527,-1.300414514971176,7.551077738925056,-0.4432448673009658,-0.5874787180775252,-10.478467701553118,0.05,0.15,0.16,7.664848510394568,28.32926895807181,-0.003195680004282761
3285.710000000001,0.0,7.841615200717111,28.04461886255925,28.04248900473931,28.54989213270144,28.487639431279675,-4.77901573819685,0.07,0.07,0.07,-0.1990617271228382,-1.2981234542456763,7.543432089859867,-0.433229844767146,-0.3020505758636624,-9.927641462193034,0.05,0.15,0.16,7.656900010317195,28.28115985781992,-0.11287358613758085
3285.7200000000007,0.0,7.816712321944349,28.069173614367685,27.97950072836116,28.58832565727116,28.61254838613126,-4.659105670747551,0.07,0.07,0.07,-0.198031224237431,-1.2960624484748622,7.536218569662017,-0.4841323345817223,-0.0712858926343365,-9.645118601747912,0.05,0.15,0.16,7.649417269690433,28.312387096532817,-0.19672002158208243
3285.730000000001,0.0,7.791809443171586,28.07903621439998,27.9282542112,28.605081427199973,28.707766502399988,-4.553062312562722,0.07,0.07,0.07,-0.1970007213520238,-1.2940014427040476,7.529005049464167,-0.5640324594254655,0.1334581772777554,-9.49031210986316,0.05,0.15,0.16,7.641934706132361,28.330034588799986,-0.268270295702457
3285.7400000000007,0.0,7.766906564398824,28.01534981440004,27.935787011199995,28.513318227200056,28.65435210240004,-4.513075641453134,0.07,0.07,0.07,-0.1959702184666166,-1.2919404369332332,7.5217915292663164,-0.6643243243239099,0.0277027027036634,-9.43324324324328,0.05,0.15,0.16,7.634452320163615,28.279701788800033,-0.29959016896684276
3285.750000000001,0.0,7.74200368562592,27.951663414399736,27.94331981120003,28.42155502719962,28.60093770239978,-4.473088970343318,0.07,0.07,0.07,-0.1949397155812035,-1.289879431162407,7.514578009068424,-0.774434434434681,-0.2275525525531241,-9.42323323323321,0.05,0.15,0.16,7.62697011230682,28.22936898879979,-0.3115398492262101
3285.7600000000007,0.0,7.717100806853158,27.888300595455554,27.94288596500333,28.33230113345511,28.54737420736467,-4.44,0.07,0.07,0.07,-0.1939092126957963,-1.2878184253915927,7.507364488870574,-0.8707174887892943,-0.4044494270055689,-9.332296960637686,0.05,0.15,0.16,7.619488083086772,28.177715475319665,-0.33924139082084137
3285.770000000001,0.0,7.692197928080396,27.83241132932879,27.75845138678501,28.30100314442412,28.490367155915365,-4.44,0.07,0.07,0.07,-0.1928787098103891,-1.2857574196207782,7.500150968672724,-0.9604035874437762,-0.5439611360236519,-9.202750373692323,0.05,0.15,0.16,7.612006233030186,28.09555825411332,-0.37445822224007785
3285.7800000000007,0.0,7.667295049307633,27.77869347432033,27.611261641490184,28.26642705941604,28.43526293051369,-4.445139860139819,0.07,0.07,0.07,-0.1918482069249818,-1.2836964138499638,7.492937448474873,-0.9463845768655168,-0.2712719078633919,-9.022443665498937,0.05,0.15,0.16,7.6045245626658815,28.02291127643506,-0.425392950022962
3285.790000000001,0.0,7.65,27.739901933534856,27.72009346424943,28.209317291037426,28.393238761329428,-4.475109890109755,0.07,0.07,0.07,-0.1908177040395746,-1.2816354080791492,7.4857239282770225,-0.8812869303958737,0.2044416624916918,-8.817135703556218,0.05,0.15,0.16,7.597043072524752,28.015637862537783,-0.4840693282537079
3285.8000000000006,0.0,7.65,27.70070194805209,27.80091958041989,28.14428375624415,28.34116375624415,-4.505084999999785,0.07,0.07,0.07,-0.1897872011541674,-1.2795744023083349,7.478510408079172,-0.86,0.5953146853129966,-9.05927072926851,0.05,0.15,0.1523814655172809,7.5895617631397645,27.99676726024007,-0.48092076822735896
3285.810000000001,0.0,7.65,27.65901363636356,27.7111293706292,28.03097706293685,28.22785706293685,-4.535084999999956,0.07,0.07,0.07,-0.1887566982687543,-1.2775133965375087,7.47129688788128,-0.86,0.9449650349652228,-9.518811188811435,0.05,0.15,0.15,7.582080635045939,27.907244283216617,-0.4477324536532818
3285.8200000000006,0.0,7.65,27.62749870461241,27.635863395485792,27.93050086359172,28.110303915603307,-4.580324756432481,0.07,0.07,0.07,-0.1877261953833471,-1.2754523907666944,7.46408336768343,-0.8298049999999806,0.5601049999996782,-9.774005000000066,0.05,0.15,0.15,7.574599688780523,27.82604171982331,-0.3589525486581019
3285.830000000001,0.0,7.65,27.659000176643808,27.65056408243377,27.909499882237466,27.966447193326616,-4.70023482388178,0.07,0.07,0.07,-0.1866956924979399,-1.2733913849958798,7.45686984748558,-0.7848049999999805,-0.1848950000003217,-9.929005000000068,0.05,0.15,0.15,7.567118924882747,27.796377833660415,-0.2429153660942643
3285.8400000000006,0.0,7.65,27.680310646060253,27.64603757284001,27.876272728654577,27.83810569039777,-4.8,0.07,0.07,0.07,-0.1856651896125327,-1.2713303792250654,7.449656327287728,-0.7398276292780507,-0.6814364226829112,-10.000114913814633,0.05,0.15,0.1576442307692307,7.559638343894004,27.76018165948815,-0.16541721957775135
3285.850000000001,0.0,7.65,27.61091110210297,27.470369977198143,27.73422053711701,27.84786500126677,-4.8,0.07,0.07,0.07,-0.1846346867271254,-1.269269373454251,7.442442807089878,-0.6948613539845635,-1.0561553834619712,-10.03009243067696,0.05,0.15,0.16,7.552157946357825,27.66584165442122,-0.1068152621216624
3285.8600000000006,0.0,7.65,27.543174385093373,27.31981155279496,27.62614258385048,27.861260795030915,-4.779894973743701,0.07,0.07,0.07,-0.1836041838417182,-1.2672083676834365,7.435229286892028,-0.693386653336607,-0.7315471132236683,-10.130359910022095,0.05,0.15,0.16,7.544677732819874,27.587597329192434,-0.12489963151085068
3285.870000000001,0.0,7.65,27.48681662111829,27.341078633540267,27.75055500621057,27.89954154037248,-4.659864966241901,0.07,0.07,0.07,-0.182573680956311,-1.265147361912622,7.428015766694178,-0.7133816545862502,-0.0617145713606153,-10.26532616845719,0.05,0.15,0.16,7.5371977038279745,27.6194979503104,-0.1808403579165156
3285.880000000001,0.0,7.65,27.43484027603514,27.344707879548366,27.85448434127982,27.93206135508156,-4.5600000000000005,0.07,0.07,0.07,-0.1815431780708979,-1.263086356141796,7.420802246496286,-0.7233449999999989,0.3239049999999498,-10.34010499999999,0.05,0.15,0.16,7.5297178599320675,27.64152346298622,-0.2129674427845467
3285.890000000001,0.0,7.64541739347123,27.41658180677544,27.21260248431637,27.80078296110421,27.920247051442928,-4.5600000000000005,0.07,0.07,0.07,-0.1805126751854907,-1.2610253503709814,7.4135887262984355,-0.7283449999999989,0.5689049999999498,-10.38510499999999,0.05,0.15,0.16,7.522238201684399,27.587553575909737,-0.23331229245185703
3285.9000000000005,0.0,7.630465985546997,27.39130842450232,27.095887007814483,27.751809684900465,27.911730315099536,-4.535025000000008,0.07,0.07,0.07,-0.1787134847282343,-1.259742696945647,7.402023605315053,-0.6731634182909617,0.1418140929544813,-10.336476761619313,0.05,0.15,0.16,7.510582109648549,27.5376838580792,-0.17773009640676823
3285.9100000000008,0.0,7.615514577622764,27.31578535921376,27.08941360221832,27.73670507184276,27.92683492815725,-4.385025000000434,0.07,0.07,0.07,-0.1761532553316825,-1.2592306510663365,7.386150183056432,-0.5882058970517157,-0.6178060969493663,-10.24152423788133,0.05,0.15,0.16,7.494791946986485,27.517184740358022,-0.08458160420199833
3285.920000000001,0.0,7.600563169698532,27.23837783155892,27.090750977734555,27.714053426912184,27.92774578896453,-4.235049950050747,0.07,0.07,0.07,-0.1735930259351308,-1.2587186051870265,7.370276760797811,-0.5933916520868312,-1.2206123469117265,-10.119842539365555,0.05,0.15,0.16,7.479003048298186,27.49273200629255,-0.04205624260444037
3285.9300000000007,0.0,7.585611761774299,27.14929748305933,27.1404702420134,27.644653620522966,27.84073707647656,-4.085199800200645,0.07,0.07,0.07,-0.171032796538579,-1.258206559307716,7.35440333853919,-0.6433791552110816,-1.7454811297163566,-9.98487628093008,0.05,0.15,0.16,7.4632154216057,27.443789605518063,-0.024690880051566333
3285.940000000001,0.0,7.570660353849981,27.072269555950506,27.17609512306477,27.571916386703524,27.7622998223802,-3.900780000000078,0.07,0.07,0.07,-0.1684725671420127,-1.2576945134284023,7.338529916280479,-0.6433250062452424,-1.2363252560549371,-9.746570072444811,0.05,0.15,0.16,7.447429074998358,27.39564522202475,-0.11368150992043356
3285.9500000000007,0.0,7.555708945925748,27.14829087033748,27.03274064450648,27.456798396346112,27.79270834813499,-3.540780000000078,0.07,0.07,0.07,-0.1659123377454609,-1.257182467549092,7.322656494021858,-0.618343742193305,-0.2120934299255066,-9.456787409442338,0.05,0.15,0.16,7.431644016633835,27.357634564831265,-0.25565096747432964
3285.960000000001,0.0,7.540757538001515,27.19858676760082,26.90562978551598,27.363996401715568,27.81446505172865,-3.235312277368817,0.07,0.07,0.07,-0.1633521083489091,-1.256670421669782,7.306783071763237,-0.616658335416148,0.825796050987473,-9.363329167708072,0.05,0.15,0.16,7.415860254738323,27.320669501640253,-0.3771523353272341
3285.9700000000007,0.0,7.525806130077282,27.02362840272584,26.92074964420888,27.46659544284596,27.760465556396863,-3.2068154832582434,0.07,0.07,0.07,-0.1607918789523574,-1.2561583757904715,7.290909649504616,-0.6266558360409697,1.87053486628134,-9.368327918020483,0.05,0.15,0.16,7.4000777976076115,27.292859761544385,-0.48838892546230095
3285.980000000001,0.0,7.510854722153049,26.876282896242632,26.92154078128929,27.520055491417,27.694959890520632,-3.18,0.07,0.07,0.07,-0.1582316495558056,-1.255646329911161,7.275036227245995,-0.7304528301881077,1.791401257864074,-9.380045283018813,0.05,0.15,0.1523684210526428,7.384296653607719,27.25320976486739,-0.5132441139268599
3285.9900000000007,0.0,7.5,26.929529972629823,26.81824145309814,27.21654715601,27.54586807663649,-3.18,0.07,0.07,0.07,-0.1556714201592538,-1.255134284031851,7.259162804987374,-0.8813962264142854,1.1473761006323826,-9.395139622641429,0.05,0.15,0.15,7.368516831175641,27.127546664593613,-0.49468145286603965
3286.000000000001,0.0,7.5,26.96645527263607,26.734696163081736,26.961203761881283,27.39967306153044,-3.184641670621684,0.07,0.07,0.07,-0.1531111907626875,-1.2546222381525376,7.243289382728663,-0.9333672709212804,-0.1846684877076502,-9.420203625527682,0.05,0.15,0.15,7.352738338819995,27.01550706478238,-0.36983036895465576
3286.0100000000007,0.0,7.5,26.873318704352045,26.80856309654838,27.08966799399718,27.276561505752703,-3.213118177503545,0.07,0.07,0.07,-0.1505509613661357,-1.2541101922732272,7.227415960470042,-0.938333747206356,-1.843471566922919,-9.450002483238135,0.05,0.15,0.15,7.336961185122146,27.012027825162576,-0.19450012256863417
3286.020000000001,0.0,7.5,26.79196071218075,26.87057260314341,27.206044931237724,27.173567067779977,-3.24,0.07,0.07,0.07,-0.147990731969584,-1.2535981463939168,7.211542538211421,-0.8797734138973379,-2.2059365558914217,-9.433232628398818,0.05,0.15,0.15,7.3211853787364225,27.010536328585466,-0.13968190833074154
3286.0300000000007,0.0,7.5,26.80352259823183,26.839040186640464,27.22706654223969,27.22927433693518,-3.24,0.07,0.07,0.07,-0.1454305025730322,-1.2530861005146066,7.1956691159528,-0.7891389728097805,-1.913892245720404,-9.392950654582126,0.05,0.15,0.15,7.305410928391263,27.024725916011793,-0.14570912191186564
3286.040000000001,0.0,7.5,26.81026526719509,26.804729501406285,27.24246154947584,27.28072,-3.24,0.07,0.07,0.07,-0.1428702731764804,-1.252574054635296,7.179795693694179,-0.6956390414381022,-0.9595956065935768,-9.610344483274162,0.05,0.15,0.1576951283394284,7.289637842889899,27.034544079519307,-0.180641144331065
3286.0500000000006,0.0,7.5,26.75883085144476,26.7368798465867,27.18993278445421,27.28072,-3.24,0.07,0.07,0.07,-0.1403100437799287,-1.2520620087559855,7.163922271435558,-0.6007813280084269,0.3085022466241887,-9.949835247127735,0.05,0.15,0.16,7.273866131111157,26.99159087062142,-0.2292694026257289
3286.060000000001,0.0,7.5,26.714393917808227,26.66253556164368,27.14879046575348,27.28072,-3.24,0.07,0.07,0.07,-0.1377498143833623,-1.2515499628766724,7.148048849176847,-0.5226439659489371,0.8045643465197553,-10.080295443164742,0.05,0.15,0.16,7.258095802010174,26.951609986301346,-0.23486800499911115
3286.0700000000006,0.0,7.5,26.720789932752176,26.541011277708662,27.19036456288914,27.28072,-3.24,0.07,0.07,0.07,-0.1351895849868106,-1.2510379169973622,7.132175426918226,-0.4525388082123984,0.9297521281921456,-10.110340510766116,0.05,0.15,0.16,7.24232686461956,26.933221443337494,-0.21979581041216179
3286.080000000001,0.0,7.5,26.71176882779333,26.43158019495129,27.21471429142738,27.271249657585784,-3.2370783132532,0.07,0.07,0.07,-0.1326293555902588,-1.2505258711180518,7.116302004659605,-0.5079300873906201,0.3872184769049283,-10.21148314606725,0.05,0.15,0.16,7.226559328049703,26.907328242939446,-0.16667588662931737
3286.0900000000006,0.0,7.49260958460076,26.5823311872034,26.41660393901527,27.10453183704091,27.187810517370785,-3.1768373493978728,0.07,0.07,0.07,-0.130069126193707,-1.2500138252387414,7.100428582400984,-0.6227865168538269,-0.4717078651677495,-10.34631460674145,0.05,0.15,0.16,7.210793201489947,26.82281937015759,-0.09552745151771617
3286.100000000001,0.0,7.462688874482612,26.46485197592781,26.404654012036094,26.99794701103319,27.1138,-3.1132166083048824,0.0694974439638215,0.0694974439638215,0.0694974439638215,-0.1330585461689556,-1.2474512115258702,7.09133411918796,-0.7073792240299653,-1.068117647058339,-10.224172715895122,0.05,0.15,0.16,7.201448374584465,26.745313249749273,-0.08040328399843373
3286.1100000000006,0.0,7.432768164364463,26.441241143430364,26.41645942828482,26.919601975928025,27.1138,-2.9931565782896854,0.068973128850439,0.068973128850439,0.068973128850439,-0.1362019646365362,-1.2448316961362198,7.082427766863148,-0.7774668335418333,-1.5387058823523092,-9.978866082603584,0.05,0.15,0.16,7.192283364809144,26.722775636910804,-0.09213098437852885
3286.120000000001,0.0,7.402847454246314,26.40642431449689,26.40758843243323,26.83806599508652,27.1138,-2.873212001967898,0.0684488137370564,0.0684488137370564,0.0684488137370564,-0.1393453831041167,-1.2422121807465694,7.0735214145383365,-0.92197752808932,-0.8022746566832828,-9.818681647940451,0.05,0.15,0.16,7.183120035174132,26.69146968550416,-0.24147941451516608
3286.130000000001,0.0,7.372926744127995,26.288645444717503,26.24564248648657,26.732906289926344,27.1138,-2.75515986227231,0.0679244986236709,0.0679244986236709,0.0679244986236709,-0.1424888015717151,-1.239592665356904,7.064615062213474,-1.101752808988764,0.5060898876404494,-9.698831460674157,0.05,0.15,0.16,7.173958392117525,26.595248555282605,-0.4560379619957209
3286.140000000001,0.0,7.343006034009846,26.17744814739004,26.09959989764581,26.64044382804495,27.09889666325518,-2.641494282083903,0.0674001835102884,0.0674001835102884,0.0674001835102884,-0.1456322200392957,-1.2369731499672536,7.055708709888663,-1.1160160160160553,1.0924024024022576,-9.883303303303103,0.05,0.15,0.16,7.164798442109325,26.504097134083995,-0.493877015330697
3286.1500000000005,0.0,7.3130853238916975,26.13802133060401,26.126979631525,26.68644178096199,26.92147598771804,-2.7024853875476142,0.0668758683969058,0.0668758683969058,0.0668758683969058,-0.1487756385068762,-1.2343536345776032,7.046802357563851,-1.0509509509509694,1.332642642642574,-10.21363363363354,0.05,0.15,0.16,7.155640191651305,26.46822968270226,-0.4470161927736809
3286.1600000000008,0.0,7.283164613773549,26.10831374530884,26.138410808106457,26.683585043784145,26.751946720040493,-2.7736971214013275,0.0663515532835233,0.0663515532835233,0.0663515532835233,-0.1519190569744568,-1.2317341191879527,7.037896005239039,-0.9893707865169676,0.766704119851985,-10.296299625468231,0.05,0.15,0.16,7.146483647277405,26.420564079309983,-0.35497745693439936
3286.170000000001,0.0,7.2532439036554,26.143650247685656,26.04310933199929,26.3537776882672,26.635229181886768,-3.013997496870589,0.0658272381701407,0.0658272381701407,0.0658272381701407,-0.1550624754420373,-1.2291146037983025,7.028989652914228,-0.92944569288416,-0.1821098626674655,-10.261343320849091,0.05,0.15,0.16,7.13732881555388,26.29394161245973,-0.24148254399054303
3286.1800000000007,0.0,7.223323193537251,26.161823513243608,25.975669180409515,26.0881539330331,26.526406361819227,-3.25248251748198,0.0653029230567582,0.0653029230567582,0.0653029230567582,-0.1582058939096179,-1.2264950884086516,7.020083300589416,-0.7713144717087684,-0.5677991987975202,-10.11469704556953,0.05,0.1423351063830165,0.1523351063830166,7.128175703079482,26.188013247126364,-0.17046682984980585
3286.190000000001,0.0,7.2,26.066641104447616,26.092240894552923,26.246434792603967,26.46972470264858,-3.46227272727272,0.0647786079433726,0.0647786079433726,0.0647786079433726,-0.1613493123772163,-1.2238755730189863,7.011176948264554,-0.566006509764881,-0.682971957936774,-9.914396594892567,0.05,0.14,0.15,7.119024316485611,26.21876037356327,-0.11985748138153007
3286.2000000000007,0.0,7.2,25.98623378780367,26.180446479920658,26.36315282597915,26.425839866137835,-3.663449137715393,0.0642542928299901,0.0642542928299901,0.0642542928299901,-0.1644927308447968,-1.221256057629336,7.002270595939742,-0.4559525593009539,-0.5471985018729729,-9.704304619226232,0.05,0.14,0.15,7.109874662436704,26.238918239960327,-0.128812444214178
3286.210000000001,0.0,7.2,26.004270475954367,26.079653222607945,26.20294459593473,26.467218150718843,-3.723434141464493,0.0637299777166075,0.0637299777166075,0.0637299777166075,-0.1676361493123774,-1.2186365422396854,6.993364243614931,-0.3910337078652282,-0.2925168539328184,-9.489573033708062,0.05,0.14,0.15,7.100726747630134,26.188521611303976,-0.16599132168688652
3286.2200000000007,0.0,7.2,26.015244572271484,25.981582708948057,26.08026522123856,26.49422738938072,-3.78840294840268,0.063205662603225,0.063205662603225,0.063205662603225,-0.1707795677799579,-1.216017026850035,6.984457891290119,-0.3666157697121453,-0.2167684605757093,-9.31170463078865,0.05,0.1476955380577116,0.1576955380577116,7.0915805787966,26.142829972959703,-0.19258625137590435
3286.230000000001,0.0,7.2,25.971055781711,25.90477838249769,26.25070769911472,26.409006150442643,-3.9358230958226375,0.0626813474898424,0.0626813474898424,0.0626813474898424,-0.1739229862475385,-1.2133975114603843,6.975551538965307,-0.361609511889869,-0.2267809762202619,-9.15150438047581,0.05,0.15,0.16,7.082436162700288,26.133887003441515,-0.2141084013579272
3286.2400000000007,0.0,7.2,25.924694496163813,25.83262961636832,26.4077740460358,26.33363481329916,-4.079084287201016,0.0621570323764599,0.0621570323764599,0.0621570323764599,-0.177066404715119,-1.210777996070734,6.966645186640496,-0.434541822721251,-0.3045418227212511,-9.140659176029772,0.05,0.15,0.16,7.073293506139059,26.12468324296677,-0.23215595353392238
3286.250000000001,0.0,7.2,25.85317872463754,25.81438579710141,26.40996330434783,26.372311710145,-4.037460978147787,0.0616327172630744,0.0616327172630744,0.0616327172630744,-0.1802098231827175,-1.2081584806810688,6.9577388343156334,-0.5444044943820224,-0.4144044943820225,-9.200584269662922,0.05,0.15,0.16,7.064152615944605,26.112459884057944,-0.24855710453883045
3286.2600000000007,0.0,7.2,25.78166295311168,25.79614197783461,26.41215256265985,26.410988606990625,-3.995837669094795,0.0611084021496918,0.0611084021496918,0.0611084021496918,-0.183353241650298,-1.2055389652914184,6.948832481990822,-0.7796695869834254,-0.5176846057570934,-9.406132665832008,0.05,0.15,0.16,7.055013498982855,26.100236525149192,-0.2857169087602307
3286.270000000001,0.0,7.2,25.70792905820649,25.774450287284605,26.37724172370764,26.43219209093193,-3.951660000000244,0.0605840870363093,0.0605840870363093,0.0605840870363093,-0.1864966601178785,-1.202919449901768,6.93992612966601,-1.075038798497726,-0.617809762202619,-9.6814768460572,0.05,0.15,0.16,7.04587616215387,26.072953290032668,-0.33282612665352307
3286.2800000000007,0.0,7.2,25.62132401199123,25.73275156132911,26.127049367974674,26.352002233325216,-3.891660000000244,0.0600597719229267,0.0600597719229267,0.0600597719229267,-0.1896400785854591,-1.2002999345121173,6.931019777341199,-1.0819051186019075,-0.4941398252187599,-9.902142322097138,0.05,0.15,0.16,7.036740612392255,25.95828179365506,-0.3145964087544234
3286.290000000001,0.0,7.196297963880153,25.54218111027769,25.68839945986517,25.91886606151525,26.276472423105947,-3.831657914478869,0.06,0.06,0.06,-0.1853420366783917,-1.1974592927336682,6.918566817301507,-0.9520674157304564,-0.2644269662923461,-10.096898876404316,0.05,0.15,0.16,7.023875513829941,25.856479763691013,-0.2654065318908543
3286.3000000000006,0.0,7.17628695782684,25.50686228057029,25.62846447611928,25.957395693923324,26.22831038259585,-3.7716429107279694,0.06,0.06,0.06,-0.1800817731870161,-1.1945900581020088,6.90565526145904,-0.930310465698504,0.3245317976954355,-10.39018527791638,0.05,0.15,0.16,7.010531323806154,25.830258208302183,-0.2749566251585578
3286.310000000001,0.0,7.156275951773414,25.474045587206383,25.561665807096368,25.969845407296244,26.17453250374806,-3.711632091977003,0.06,0.06,0.06,-0.1748215096956105,-1.191720823470333,6.892743705616499,-0.9603555333000484,1.0856735102678965,-10.730696044067216,0.05,0.15,0.16,6.997190641440387,25.795022326336763,-0.31266019523506094
3286.3200000000006,0.0,7.136264945720101,25.455864677661182,25.454719280359907,25.82974545727148,26.087905817091524,-3.651647088228073,0.06,0.06,0.06,-0.1695612462042349,-1.1888515888386737,6.879832149774031,-0.8513825804837825,0.8724756675803038,-10.673935612677296,0.05,0.15,0.16,6.983853486833966,25.707058808096022,-0.2624858881376201
3286.330000000001,0.0,7.116253939666787,25.437690994268667,25.366682242711136,25.70810423124847,25.993117248941257,-3.604056420233343,0.06,0.06,0.06,-0.1643009827128593,-1.1859823542070145,6.866920593931564,-0.6766882954827558,0.1986548540049149,-10.429363613675855,0.05,0.15,0.16,6.970519880236498,25.626398679292382,-0.1707669586949934
3286.3400000000006,0.0,7.096242933613475,25.419559920259204,25.390145985546912,25.69530582606532,25.85020172439608,-3.633239299610764,0.06,0.06,0.06,-0.1590407192214836,-1.1831131195753548,6.854009038089096,-0.5727386306847013,-0.3677086456768405,-10.184585207396454,0.05,0.15,0.16,6.957189842047494,25.588803364066877,-0.11401050765118476
3286.350000000001,0.0,7.076231927560162,25.411076553799703,25.400398560321243,25.6714936744422,25.72663396538752,-3.6625617283949135,0.06,0.06,0.06,-0.153780455730108,-1.1802438849436954,6.841097482246629,-0.5027736131935574,-0.8824512743616847,-9.93970764617745,0.05,0.15,0.16,6.943863392817626,25.552400688487666,-0.07404950329929921
3286.3600000000006,0.0,7.056220921506849,25.462604018058563,25.328474808126582,25.579173634311736,25.72341349887133,-3.6934259259257898,0.06,0.06,0.06,-0.1485201922387324,-1.177374650312036,6.828185926404161,-0.4597447447448775,-0.8001851851868227,-9.78910660660707,0.05,0.15,0.16,6.930540553250076,25.523416489842056,-0.09094564342384664
3286.370000000001,0.0,7.036209915453536,25.484506779830628,25.27209228157755,25.5079858811781,25.70423873190242,-3.72,0.06,0.06,0.06,-0.1432599287473567,-1.1745054156803765,6.815274370561694,-0.4297147147149233,-0.429814814817388,-9.684001501502232,0.05,0.15,0.16,6.917221344201899,25.492205918622176,-0.13527988662816876
3286.380000000001,0.0,7.016198909400109,25.33172595107318,25.307349395906183,25.56140575137301,25.59098860708921,-3.72,0.06,0.06,0.06,-0.1379996652559512,-1.1716361810487008,6.802362814719153,-0.4640275344178733,-0.0187409261586839,-9.355354192741924,0.05,0.1423084994753023,0.1523084994753022,6.903905786685319,25.447867426360396,-0.23928480079488124
3286.390000000001,0.0,7.0,25.201553009514267,25.319339809714624,25.604653139709573,25.510406339509217,-3.745109999999992,0.06,0.06,0.06,-0.1327394017645756,-1.1687669464170414,6.789451258876685,-0.529108886107465,0.4117972465570762,-8.919809762203888,0.05,0.14,0.15,6.89059390186942,25.40898807461192,-0.3718240269442463
3286.4000000000005,0.0,7.0,25.207982653980963,25.190746920380743,25.586435813720605,25.627211547320822,-3.925109999999481,0.06,0.06,0.06,-0.1274791382731999,-1.165897711785382,6.776539703034218,-0.6076285571640783,0.404233649526155,-8.800339490763792,0.05,0.14,0.15,6.877285711081106,25.403094233850787,-0.4154864596751875
3286.4100000000008,0.0,7.0,25.21162145245823,25.071352383329327,25.573492942350843,25.71887141502384,-4.096735816045359,0.06,0.06,0.06,-0.1222188747818243,-1.1630284771537225,6.763628147191751,-0.6925012481277129,0.1895556665004908,-8.830294558162722,0.05,0.14,0.15,6.863981235806809,25.39383454829056,-0.4171320283594886
3286.420000000001,0.0,7.0,25.19880388320444,25.00619640628923,25.59165116546038,25.66226048415293,-4.216705823543561,0.06,0.06,0.06,-0.1169586112904487,-1.160159242522063,6.750716591349283,-0.767402955171418,-0.1644177310285082,-9.080400701226475,0.05,0.14,0.1576983709931304,6.850680497693849,25.364727984776742,-0.3676273366361819
3286.4300000000007,0.0,7.0,25.175545385960948,24.93800538596095,25.604365460904425,25.600951511366908,-4.315828957239435,0.06,0.06,0.06,-0.111698347799073,-1.1572900078904036,6.737805035506816,-0.8375256699221213,-0.5851540195327282,-9.43602304031933,0.05,0.14,0.16,6.837383518551889,25.329716936048307,-0.293606839628663
3286.440000000001,0.0,7.0,25.0889403397452,24.8514003397452,25.58405069697727,25.511138870846874,-4.285821455363814,0.06,0.06,0.06,-0.1064380843076675,-1.154420773258728,6.724893479664275,-0.86,-0.8930561797752808,-9.77056179775281,0.05,0.1477068062827362,0.16,6.824090320354315,25.25888256182864,-0.21850873795071601
3286.4500000000007,0.0,7.0,25.00411604203158,24.79026220665492,25.553987355516707,25.446492644483293,-4.247445000000004,0.06,0.06,0.06,-0.1011778208162919,-1.1515515386270685,6.711981923821807,-0.86,-1.1477378277147123,-10.095156054930516,0.05,0.15,0.16,6.810800925240011,25.198714562171624,-0.14290236210580978
3286.460000000001,0.0,7.0,24.930230627970968,24.885563682762086,25.46403989492117,25.536440105078825,-4.157445000000259,0.06,0.06,0.06,-0.0959175573249163,-1.148682303995409,6.69907036797934,-0.8091741741744088,-0.7081881881905981,-10.14917417417441,0.05,0.15,0.16,6.797515355514413,25.204068577683262,-0.1633649862050189
3286.4700000000007,0.0,7.0,24.86167146201741,24.95440781569109,25.380484747197976,25.60476047820668,-4.038139534885348,0.06,0.06,0.06,-0.0906572938335406,-1.1458130693637496,6.686158812136872,-0.7340990990993099,0.0625825825804182,-10.07409909909931,0.05,0.15,0.16,6.784233633651302,25.20033112577829,-0.22966259846142734
3286.480000000001,0.0,7.0,24.82542737733504,24.862731601494502,25.335712642590337,25.541866331257857,-3.738064516130848,0.06,0.06,0.06,-0.085397030342165,-1.1429438347320902,6.673247256294405,-0.6964335664336248,0.7034265734248806,-10.29080419580316,0.05,0.15,0.16,6.7709557822942665,25.141434488169438,-0.25085520058219335
3286.4900000000007,0.0,6.995561318637483,24.78687279180221,24.78161987003253,25.296079935016262,25.4874,-3.467403149213282,0.06,0.06,0.06,-0.0801367668507894,-1.1400746001004307,6.660335700451938,-0.6764535464536112,1.2828471528452756,-10.6454495504484,0.05,0.15,0.16,6.757681824258232,25.08799314921275,-0.2507242264824574
3286.500000000001,0.0,6.970624906488345,24.73338616345912,24.76878307923019,25.289661539615093,25.4874,-3.37742564358912,0.06,0.06,0.06,-0.0826008589421274,-1.1391330470192909,6.64959656423149,-0.6598348348348254,0.9752952952948336,-10.78371871871874,0.05,0.15,0.16,6.746968316788561,25.069807695576102,-0.1922375083760205
3286.5100000000007,0.0,6.945688494339349,24.684178808212355,24.73977755132722,25.26779120681042,25.4874,-3.2832558139534567,0.06,0.06,0.06,-0.0852711453303402,-1.1382429515565533,6.638915418678639,-0.6448198198198483,0.2445645645659491,-10.818753753753688,0.05,0.15,0.16,6.736324377682766,25.0447868915875,-0.1059089803523578
3286.520000000001,0.0,6.9207520821903525,24.66274665999004,24.60582662493776,25.14562796194324,25.4874,-3.163225806451657,0.06,0.06,0.06,-0.0879414317185529,-1.1373528560938158,6.628234273125789,-0.690861423220787,-0.434189762794873,-10.80287390761558,0.05,0.15,0.16,6.725681734524525,24.975400311717763,-0.05319455344703891
3286.5300000000007,0.0,6.895815670041356,24.63765526618722,24.50346956834498,25.02641012949676,25.452655021583634,-3.052191494306364,0.06,0.06,0.06,-0.0906117181067657,-1.1364627606310782,6.617553127572937,-0.7657677902620089,-1.0883720349548776,-10.762923845193596,0.05,0.15,0.16,6.715040393475666,24.90504749640315,-0.016371328985198996
3286.540000000001,0.0,6.87087925789236,24.589415458033777,24.600975563548744,24.925824997602348,25.19811305515696,-2.996416453637172,0.06,0.06,0.06,-0.0932820044949784,-1.1355726651683409,6.606871982020087,-0.7425857321653672,-0.9376195244067348,-10.431647058824607,0.05,0.15,0.16,6.704400360736385,24.828582268585457,-0.07439710806563538
3286.5500000000006,0.0,6.845942845743364,24.543144866268552,24.68767905479152,24.83150750454417,24.963834635159014,-2.940641412967979,0.06,0.06,0.06,-0.0959522908831911,-1.134682569705603,6.596190836467235,-0.6724981226534993,-0.4019499374231728,-9.96105882353064,0.05,0.15,0.16,6.693761642545525,24.756541515190815,-0.17777935816782714
3286.560000000001,0.0,6.821006433594226,24.53314226954037,24.57542769150864,24.852624097636987,25.102759589717028,-3.00406697272487,0.06,0.06,0.06,-0.0986225772714191,-1.1337924742428604,6.585509690914324,-0.578776223775934,0.0854195804208638,-9.572587412586447,0.05,0.15,0.16,6.683124245180833,24.765988412100757,-0.25577488254986175
3286.5700000000006,0.0,6.79607002144523,24.514240241145423,24.47840370761116,24.862816729464942,25.20792438583268,-3.06,0.06,0.06,0.06,-0.1012928636596318,-1.132902378780123,6.5748285453614725,-0.4738811188808625,0.5499550449561806,-9.222937062936207,0.05,0.15,0.16,6.672488174959479,24.76584626601355,-0.32176872952888147
3286.580000000001,0.0,6.771133609296233,24.43360723436325,24.48700456166792,24.797235217282115,25.07891157498121,-3.06,0.06,0.06,0.06,-0.1039631500478446,-1.1320122833173851,6.564147399808622,-0.4976026026026563,0.5373573573572057,-9.0693393393393,0.05,0.1423004201680488,0.1523004201680488,6.66185343823801,24.69918964707362,-0.3516701889390755
3286.5900000000006,0.0,6.75,24.37042432499996,24.47834666500011,24.7551834849999,24.96419033000002,-3.06,0.06,0.06,0.06,-0.1066334364360573,-1.1311221878546476,6.5534662542557705,-0.5826876876875264,0.2971171171175723,-9.009279279279394,0.05,0.14,0.15,6.651220041412884,24.642036201249997,-0.3643517943099694
3286.600000000001,0.0,6.75,24.418574324999955,24.35957666500011,24.8632534849999,24.94065033000002,-3.06,0.06,0.06,0.06,-0.10930372282427,-1.13023209239191,6.54278510870292,-0.593041958042031,-0.0920279720266294,-9.135839160838533,0.05,0.147709643605863,0.1577096436058629,6.640587990920723,24.645513701249996,-0.3082108426918989
3286.6100000000006,0.0,6.75,24.451217666750008,24.27225689233063,24.946828408693555,24.918996112915323,-3.0558020989507173,0.06,0.06,0.06,-0.1119740092124828,-1.1293419969291725,6.532103963150068,-0.5680669330670141,-0.5515684315669429,-9.35062437562368,0.05,0.15,0.16,6.629957293238617,24.647324770172382,-0.21953374852046742
3286.620000000001,0.0,6.75,24.384927384461783,24.38559189108146,24.8741229377968,24.90937333000252,-3.025817091454428,0.06,0.06,0.06,-0.1146442956006955,-1.128451901466435,6.521422817597218,-0.5091614518150354,-0.8694618272832155,-9.555569461826572,0.05,0.15,0.16,6.61932795488444,24.63850388583564,-0.13568030548003612
3286.630000000001,0.0,6.75,24.314315835835583,24.459628048047595,24.804414394394268,24.90477161161168,-2.970795397698548,0.06,0.06,0.06,-0.1173145819889235,-1.1275618060036925,6.510741672044306,-0.4340675844804643,-1.1197747183984523,-9.755819774718764,0.05,0.15,0.16,6.608699982417104,24.620782472472282,-0.05412824990640351
3286.640000000001,0.0,6.75,24.215777297297297,24.279688108108108,24.75407405405405,24.93261945945946,-2.760690345172549,0.06,0.06,0.06,-0.1199848683771362,-1.1266717105409547,6.500060526491455,-0.4819913315675196,-0.934941006501405,-9.914897664339003,0.05,0.15,0.16,6.598073382437113,24.54553972972973,-0.06536703900865848
3286.6500000000005,0.0,6.75,24.1322383225162,24.12988677983017,24.70171657513743,24.953338052920667,-2.550636704120115,0.06,0.06,0.06,-0.1226551547653489,-1.1257816150782172,6.489379380938604,-0.5879388393928879,-0.5448615458716398,-10.05455574283608,0.05,0.15,0.16,6.587448161586528,24.479294932601118,-0.1203725179096456
3286.6600000000008,0.0,6.75,24.143990693959047,24.17155427858208,24.636544333499824,24.92876491263108,-2.3408988764052894,0.06,0.06,0.06,-0.1253254411535617,-1.1248915196154796,6.478698235385753,-0.7522615024686253,0.1429347543504182,-10.2980946191825,0.05,0.15,0.16,6.576824326549526,24.470213554668007,-0.21021802531282402
3286.670000000001,0.0,6.75,24.14309090909097,24.19218370629379,24.584305034965013,24.886845664335777,-2.151752061984857,0.06,0.06,0.06,-0.1279957275417744,-1.124001424152742,6.468017089832902,-0.9550168962820068,1.0267403171266962,-10.610025994280011,0.05,0.15,0.16,6.566201884052669,24.45160632867139,-0.32300132925930286
3286.6800000000007,0.0,6.75,24.05971428571461,24.07567021978067,24.61637296703284,24.73185065934126,-2.091767058235756,0.06,0.06,0.06,-0.1306660139299872,-1.1231113286900043,6.457335944280051,-0.996241258741405,0.9434365634388204,-10.679453046953236,0.05,0.15,0.16,6.555580840865233,24.370902032967347,-0.3176760610063569
3286.690000000001,0.0,6.747715127603206,23.98054023970042,23.97875984519348,24.609101253433447,24.58302050436963,-2.04,0.06,0.06,0.06,-0.1333363003182151,-1.1222212332272616,6.446654798727139,-0.9612762237761824,0.403976023975386,-10.63449800199795,0.05,0.15,0.16,6.544961203799478,24.287855460674244,-0.25664248165577896
3286.7000000000007,0.0,6.72274384457871,23.92924435955059,24.011888434456907,24.340866546816635,24.475085423221035,-2.04,0.06,0.06,0.06,-0.1360065867064278,-1.121331137764524,6.435973653174289,-0.9093093093093472,-0.2074249249245171,-10.51488238238248,0.05,0.15,0.16,6.534342979711228,24.189271191011294,-0.19371774044703505
3286.710000000001,0.0,6.697772561554216,23.88082670667668,24.034571177794465,24.11507670417602,24.385695998999736,-2.04,0.06,0.06,0.06,-0.1386768730946406,-1.1204410423017863,6.425292507621437,-0.849249249249439,-0.8530705705685315,-10.359727227227715,0.05,0.15,0.16,6.523726175499842,24.104042646911726,-0.12989277827981538
3286.7200000000007,0.0,6.672801278529721,23.851929482370625,23.98640913728437,24.1771522230557,24.42208509627403,-2.04,0.0602878087740313,0.0602878087740313,0.0602878087740313,-0.1402878087740313,-1.1179853385817808,6.415107250841468,-0.8198202247191575,-0.8665842696639904,-10.204808988764627,0.05,0.15,0.16,6.513307372324234,24.10939398474618,-0.14204984308772073
3286.730000000001,0.0,6.647829995505226,23.8224906759791,23.94184331753557,24.21593306560258,24.441109748067003,-2.0440939765057613,0.0608582919733005,0.0608582919733005,0.0608582919733005,-0.1408582919733005,-1.1139919561868965,6.405409036453891,-0.8048389513109131,-0.5819400749073471,-10.050002496879436,0.05,0.15,0.16,6.5030826583361145,24.105344201796065,-0.19004537683745346
3286.7400000000007,0.0,6.622858712480731,23.78939514093296,23.921558957346004,24.097429698179283,24.34289074083328,-2.0740864783802264,0.0614287751725697,0.0614287751725697,0.0614287751725697,-0.1414287751725697,-1.109998573792012,6.395710822066315,-0.7288260325410495,-0.1883579474358764,-9.749196495620842,0.05,0.15,0.16,6.492858835040486,24.037818634322882,-0.25096840887100114
3286.750000000001,0.0,6.597887429456094,23.75350549658937,23.89218718016932,23.99509835967397,24.256368115122257,-2.107959681352491,0.0619992583718421,0.0619992583718421,0.0619992583718421,-0.1419992583718421,-1.106005191397105,6.386012607678683,-0.6236946182726499,0.2571989987492451,-9.37873341677029,0.05,0.15,0.16,6.482635906651445,23.97428978788873,-0.31805921335062576
3286.7600000000007,0.0,6.572916146431599,23.69796731658609,23.798911518881777,24.00649080685413,24.25209594742969,-2.166486750121745,0.0625697415711113,0.0625697415711113,0.0625697415711113,-0.1425697415711113,-1.1020118090022204,6.376314393291106,-0.4814157303370786,0.3491011235955056,-9.256606741573034,0.05,0.15,0.16,6.47241387740952,23.938866397437923,-0.2983179571731849
3286.770000000001,0.0,6.547944863407104,23.642429136582827,23.70563585759424,24.01788325403429,24.24782377973714,-2.225013818890999,0.0631402247703805,0.0631402247703805,0.0631402247703805,-0.1431402247703805,-1.098018426607336,6.36661617890353,-0.3216154806495922,0.2741947565544964,-9.2516129837703,0.05,0.15,0.16,6.4621927515815205,23.903443006987125,-0.2376205929159091
3286.7800000000007,0.0,6.522973580382609,23.59592776718516,23.618093356748595,24.01731449071746,24.2229767586552,-2.28,0.0637107079696497,0.0637107079696497,0.0637107079696497,-0.1437107079696498,-1.0940250442124515,6.3569179645159535,-0.3513416770959434,0.1618798498127279,-9.165269086358393,0.05,0.15,0.16,6.451972533460976,23.863578093326602,-0.2489914922051854
3286.790000000001,0.0,6.5,23.616329172102304,23.572995514300167,23.92819256397414,24.04580666332209,-2.28,0.0642811911689189,0.0642811911689189,0.0642811911689189,-0.144281191168919,-1.0900316618175672,6.347219750128377,-0.4714918648305741,0.0317171464335446,-9.040112640801484,0.05,0.15,0.16,6.441753227368278,23.790830978424673,-0.2947465113259128
3286.8000000000006,0.0,6.5,23.62404597149332,23.52602819204834,23.86149285821407,23.90269227306776,-2.2765491372845044,0.0648516743681882,0.0648516743681882,0.0648516743681882,-0.1448516743681882,-1.0860382794226828,6.337521535740801,-0.523566259046572,-0.3050661342629399,-9.176361367605436,0.05,0.15,0.16,6.431534837650892,23.72856482370587,-0.25659447478592673
3286.810000000001,0.0,6.5,23.543775903976027,23.46609320830209,23.95032506626653,23.99580555138781,-2.216534133533264,0.0654221575674606,0.0654221575674606,0.0654221575674606,-0.1454221575674606,-1.0820448970277756,6.327823321353169,-0.54353132018966,-0.7393062141251033,-9.43590716246558,0.05,0.15,0.16,6.421317368683507,23.73899993248311,-0.17886596828266105
3286.8200000000006,0.0,6.5,23.46069660884448,23.414798236012697,24.00834263376513,24.06893867090161,-2.154884860362454,0.0659926407667298,0.0659926407667298,0.0659926407667298,-0.1459926407667298,-1.0780515146328913,6.318125106965593,-0.6786651640367062,-0.8122814926122599,-9.584332582018352,0.05,0.15,0.16,6.4111008248684795,23.73819403738098,-0.194195843724813
3286.830000000001,0.0,6.5,23.3582192084048,23.423163738089404,23.853580845346027,24.00410602980712,-2.0666927976482943,0.066563123965999,0.066563123965999,0.066563123965999,-0.146563123965999,-1.0740581322380067,6.308426892578016,-0.8689982469314723,-0.712106185825541,-9.679499123465735,0.05,0.15,0.16,6.400885210635697,23.65976745541184,-0.25412766554312505
3286.8400000000006,0.0,6.5,23.264898127702835,23.42450151615389,23.70998056474184,23.940104874078006,-1.9789589180915408,0.0671336071652682,0.0671336071652682,0.0671336071652682,-0.1471336071652682,-1.0700647498431224,6.29872867819044,-0.9808988764042132,-0.0420674157338628,-9.828764044943163,0.05,0.15,0.16,6.390670530443028,23.58487127066914,-0.33878961934491464
3286.850000000001,0.0,6.5,23.27687472398876,23.3450204680746,23.694737624014305,23.885665800051093,-1.917718805817998,0.0677040903645374,0.0677040903645374,0.0677040903645374,-0.1477040903645374,-1.0660713674482378,6.289030463802863,-1.055805243445435,0.8967590511827849,-10.00354556803935,0.05,0.15,0.16,6.380456788776477,23.55057465403219,-0.4351160430522946
3286.8600000000006,0.0,6.5,23.273682433384177,23.263306284565573,23.66029726495813,23.83130037204651,-1.861725862931373,0.0682745735638066,0.0682745735638066,0.0682745735638066,-0.1482745735638066,-1.0620779850533535,6.279332249415287,-1.1511739674589505,0.9966458072601414,-10.13117396745895,0.05,0.15,0.16,6.370243990150406,23.5071465887386,-0.4582142215651227
3286.870000000001,0.0,6.5,23.15317966817549,23.16432187028701,23.47739128205209,23.777504494721203,-1.891740870435087,0.0688450567630758,0.0688450567630758,0.0688450567630758,-0.1488450567630758,-1.058084602658469,6.26963403502771,-1.2563053817267524,0.6962703379235646,-10.236305381726751,0.05,0.15,0.16,6.360032139107756,23.393099328808947,-0.4463748473479627
3286.880000000001,0.0,6.5,23.05485187515489,23.07855832548924,23.31930275947488,23.715557924200983,-1.9182511210762327,0.0694155399623483,0.0694155399623483,0.0694155399623483,-0.1494155399623483,-1.054091220263562,6.259935820640079,-1.1474475524472376,0.182524975024053,-10.432917082917442,0.05,0.15,0.16,6.349821240220211,23.29206772108,-0.3266421846010155
3286.890000000001,0.0,6.499223184941663,23.1110421154322,23.08491948476591,23.33414546445379,23.59681628436969,-1.8883557548580725,0.0699860231616175,0.0699860231616175,0.0699860231616175,-0.1499860231616175,-1.0500978378686774,6.250237606252503,-0.9376573426570946,-0.4318606393613659,-10.672677322677606,0.05,0.15,0.16,6.339611298088656,23.2817308372554,-0.15601945713963594
3286.9000000000005,0.0,6.479304850114474,23.150633989950048,23.08990960804022,23.326803306533247,23.489169085427186,-1.86,0.07,0.07,0.07,-0.1529264268393246,-1.0480490487737837,6.239269768255809,-0.6936295369214274,-0.528247809762362,-10.855143929912224,0.05,0.15,0.16,6.328529097802456,23.264128997487674,-0.036433169281254035
3286.9100000000008,0.0,6.459386515287286,23.05169931658334,23.08345734673369,23.13431084422193,23.47411380904529,-1.86,0.07,0.07,0.07,-0.1559263518411972,-1.0460490987725353,6.228270043248943,-0.4333041301638016,-0.3780600750945009,-11.01033792240235,0.05,0.15,0.16,6.317426649821392,23.185895329146064,0.05885902002084048
3286.920000000001,0.0,6.439468180460098,22.96815226915503,23.064724499018283,22.98426218074564,23.45048998035411,-1.86,0.07,0.07,0.07,-0.1589262768430697,-1.0440491487712869,6.217270318242077,-0.2956543456547809,-0.156773226774614,-10.727132867135534,0.05,0.15,0.16,6.306325903140052,23.116907232318265,0.03921445566264972
3286.9300000000007,0.0,6.419549845632909,23.00073576620808,22.95330996070788,23.15453722986155,23.362199214145864,-1.86,0.07,0.07,0.07,-0.1619262018449423,-1.0420491987700384,6.206270593235211,-0.2157342657347263,0.0979720279705596,-10.2376223776252,0.05,0.15,0.16,6.295226866758445,23.117695542730843,-0.03451799277226897
3286.940000000001,0.0,6.399631510805609,23.024548721576544,22.85705127842345,23.295166265790776,23.28745404749875,-1.8608192161820505,0.07,0.07,0.07,-0.164926126846832,-1.0400492487687787,6.195270868228283,-0.2205481852315216,0.1460575719649759,-9.614988735920171,0.05,0.15,0.16,6.284129549738708,23.116055078322383,-0.135363239430829
3286.9500000000007,0.0,6.37971317597842,22.94885392622543,22.93274607377457,23.09944115209717,23.36639290550777,-1.8911605562579044,0.07,0.07,0.07,-0.1679260518487046,-1.0380492987675305,6.184271143221417,-0.2656045056320082,0.0959949937422131,-8.929131414268321,0.05,0.15,0.16,6.273033961205884,23.086858514401232,-0.24908506577611567
3286.960000000001,0.0,6.359794841151232,22.87846077581868,22.990603244332647,22.94204411083096,23.42617356171301,-1.92,0.07,0.07,0.07,-0.1709259768505771,-1.036049348766282,6.173271418214551,-0.3717299051420039,-0.2223689465791979,-8.689615576635111,0.05,0.15,0.16,6.261940110348075,23.059320423173826,-0.2878674309555899
3286.9700000000007,0.0,6.339876506324044,22.85474289168767,22.89141936523935,23.122084413098136,23.317286911838853,-1.92,0.07,0.07,0.07,-0.1739259018524497,-1.0340493987650334,6.162271693207685,-0.5065277084368058,-0.6667024463287301,-8.659660509236266,0.05,0.15,0.16,6.250848006417227,23.046383395466002,-0.2914651409659738
3286.980000000001,0.0,6.319958171496856,22.82566265,22.796829360000004,23.262907450000007,23.22226671,-1.906093906094936,0.07,0.07,0.07,-0.1769258268543223,-1.032049448763785,6.151271968200819,-0.6245995995991164,-0.5760285285300442,-8.7483358358352,0.05,0.15,0.16,6.239757658729615,23.0269165425,-0.32712461158539596
3286.9900000000007,0.0,6.300039836669668,22.7561126500002,22.736909360000173,23.107757450000445,23.23189670999997,-1.666333666334772,0.07,0.07,0.07,-0.1799257518561949,-1.0300494987625368,6.140272243193952,-0.7347097097092616,-0.2306831831845887,-8.89348098098039,0.05,0.15,0.16,6.228669076666383,22.9581690425002,-0.37804595349136105
3287.000000000001,0.0,6.300000000000001,22.690192033008245,22.67423273818453,22.977021065266328,23.2417774343586,-1.4366366366365986,0.07,0.07,0.07,-0.1829256768580845,-1.028049548761277,6.129272518187023,-0.7530252310766657,-0.0419160629526622,-9.150487134649346,0.05,0.15,0.16,6.217582269674037,22.895805817704424,-0.36493039610089445
3287.0100000000007,0.0,6.300000000000001,22.651662400600166,22.590751867967025,23.030534443610883,23.2535503775944,-1.3765765765766904,0.07,0.07,0.07,-0.1859256018599571,-1.0260495987600289,6.118272793180157,-0.7280439670247283,0.0729977516862495,-9.46025480889337,0.05,0.15,0.16,6.20649724726525,22.881624772443118,-0.32161053227240893
3287.020000000001,0.0,6.300000000000001,22.604171786417428,22.522277293307045,23.06328182578752,23.26084637303152,-1.3114454277292418,0.07,0.07,0.07,-0.1889255268618297,-1.0240496487587802,6.107273068173291,-0.72,-0.0223754693365938,-9.794202753441668,0.05,0.15,0.16,6.1954140190190525,22.862644319635876,-0.25845272807608527
3287.0300000000007,0.0,6.300000000000001,22.489378479330743,22.56650957677164,22.94006332185043,23.234517632874024,-1.1639528023604706,0.07,0.07,0.07,-0.1919254518637023,-1.0220496987575318,6.096273343166425,-0.72,-0.2176195244053688,-10.13963454317873,0.05,0.15,0.16,6.184332594581648,22.807617252706713,-0.18587336517998473
3287.040000000001,0.0,6.300000000000001,22.389323792840827,22.59497567402893,22.83044575780655,23.215828301599394,-1.02,0.07,0.07,0.07,-0.1949253768655749,-1.0200497487562834,6.085273618159559,-0.7641772784018335,-0.1066891385774224,-10.277186017478051,0.05,0.15,0.16,6.173252983666932,22.757643381568926,-0.19142705833738594
3287.0500000000006,0.0,6.300000000000001,22.446912013201235,22.45480811881209,22.86630257425737,23.2788493729372,-1.02,0.07,0.07,0.07,-0.1979253018674475,-1.018049798755035,6.074273893152693,-0.8290961298373748,0.147992509362009,-10.317136079899925,0.05,0.15,0.16,6.16217519605706,22.761718019801975,-0.2336648241019677
3287.060000000001,0.0,6.300000000000001,22.49260695999989,22.33226532000003,22.894896999999933,23.29819283999922,-1.0051041666664036,0.07,0.07,0.07,-0.2009252268693371,-1.0160498487537752,6.063274168145764,-0.8126726726726707,0.1451651651651609,-10.350360360360362,0.05,0.15,0.16,6.1510992416029815,22.754490529999767,-0.22282738824473414
3287.0700000000006,0.0,6.300000000000001,22.447666960000017,22.34403532,22.868147000000008,22.984682840000108,-0.7967708333335966,0.07,0.07,0.07,-0.2039251518712097,-1.0140498987525268,6.052274443138898,-0.7576176176175982,0.0200400400399959,-10.3803903903904,0.05,0.15,0.16,6.140025130225279,22.661133030000034,-0.1867831457171778
3287.080000000001,0.0,6.300000000000001,22.400359204005195,22.355185652065064,22.831326813517222,22.70232043554456,-0.6016704288937959,0.07,0.07,0.07,-0.2069250768730823,-1.0120499487512784,6.041274718132032,-0.7060339660339541,-0.0132067932067908,-10.172617382617307,0.05,0.15,0.16,6.12895287191439,22.57229802628301,-0.19744729555714502
3287.0900000000006,0.0,6.300000000000001,22.3350075143932,22.361613687108868,22.71776486107671,22.65732419023794,-0.6317682468020074,0.07,0.07,0.07,-0.2099250018749549,-1.01004999875003,6.030274993125166,-0.65608391608392,-0.003216783216784,-9.85293706293709,0.05,0.15,0.16,6.1178824767314595,22.517927563204182,-0.23009186533472506
3287.100000000001,0.0,6.280423834455244,22.278407308838105,22.35531820754752,22.605320466733225,22.617030431976183,-0.66,0.0695124756237813,0.0695124756237813,0.0695124756237813,-0.2031748293707365,-1.0095124878121955,6.0192747318683,-0.5551439299126812,-0.0780675844803332,-9.733028785982537,0.05,0.15,0.16,6.106722834061392,22.464019103773758,-0.20655772374722253
3287.1100000000006,0.0,6.260478683620061,22.28690780536244,22.25437481132104,22.501189384310123,22.61171762164848,-0.66,0.0690124506225318,0.0690124506225318,0.0690124506225318,-0.1961746543663678,-1.0090124753118834,6.008274456861435,-0.4299874843561304,-0.1932115143923599,-9.707997496871227,0.05,0.15,0.16,6.095568276979953,22.41354740566052,-0.15634283723409792
3287.120000000001,0.0,6.240533532784879,22.28709889549299,22.17295178306071,22.40893686478452,22.605077033184788,-0.6619283611381892,0.0685124256212822,0.0685124256212822,0.0685124256212822,-0.1891744793619991,-1.0085124628115714,5.9972741818545705,-0.3696155766352227,-0.2979480778825911,-9.506347978034617,0.05,0.15,0.16,6.084421252972837,22.36851614413075,-0.15569523500611854
3287.130000000001,0.0,6.220588381949582,22.216083541356987,22.258806166419163,22.41847624071324,22.5870582119861,-0.6913689892050782,0.0680124006200298,0.0680124006200298,0.0680124006200298,-0.1821743043575906,-1.0080124503112564,5.986273906847643,-0.3396605092361225,-0.3977983025462582,-9.221774837743164,0.05,0.15,0.16,6.073281803519051,22.370106040118873,-0.1783198551582484
3287.140000000001,0.0,6.200643231114399,22.149385113579,22.329007380111044,22.431541034830897,22.572889061080264,-0.72,0.0675123756187802,0.0675123756187802,0.0675123756187802,-0.1751741293532219,-1.0075124378109444,5.9752736318407775,-0.4046369554331982,-0.3282223335001843,-9.170711066599926,0.05,0.15,0.16,6.062149970374379,22.3707056474003,-0.21510291134505685
3287.1500000000005,0.0,6.180698080279216,22.128860126198912,22.23178375567906,22.482313372034262,22.599895623422483,-0.72,0.0670123506175306,0.0670123506175306,0.0670123506175306,-0.1681739543488532,-1.0070124253106325,5.964273356833912,-0.5148022033049018,-0.1779969954933157,-9.230801201802674,0.05,0.15,0.16,6.051025795573028,22.36071321933368,-0.2586255920650061
3287.1600000000008,0.0,6.160752929444033,22.101962896517342,22.14225452267608,22.50749584565316,22.61746803808584,-0.72,0.0665123256162811,0.0665123256162811,0.0665123256162811,-0.1611737793444845,-1.0065124128103202,5.953273081827048,-0.6043856143855326,-0.0280269730271263,-9.396161338661118,0.05,0.15,0.16,6.039909321429913,22.342295325733105,-0.2792785184845128
3287.170000000001,0.0,6.14080777860885,22.02045951390648,22.11866143823608,22.313389105487783,22.554195675269497,-0.72,0.0660123006150315,0.0660123006150315,0.0660123006150315,-0.1541736043401158,-1.0060124003100084,5.942272806820182,-0.6843056943055871,0.1218231768229758,-9.610946553446263,0.05,0.15,0.16,6.028800590542644,22.25167643322496,-0.28919391882169976
3287.1800000000007,0.0,6.120862627773668,21.95145011482768,22.08494637044462,22.14882478282557,22.49653899151276,-0.7178165503490253,0.0655122756137819,0.0655122756137819,0.0655122756137819,-0.1471734293357471,-1.0055123878096963,5.931272531813318,-0.7439589589588009,-0.0507332332322058,-9.64264514514532,0.05,0.15,0.16,6.017699645793595,22.17044006490266,-0.2864863981129574
3287.190000000001,0.0,6.1009174769383705,21.98457043434852,21.968491053419715,22.22574939590624,22.48478662006988,-0.687906281156461,0.0650122506125295,0.0650122506125295,0.0650122506125295,-0.1401732543313386,-1.0050123753093814,5.92027225680639,-0.7940090090090091,-0.3760585585585585,-9.58759009009009,0.05,0.15,0.16,6.006606530351915,22.165899375936092,-0.27779764068155294
3287.2000000000007,0.0,6.1000000000000005,22.00622269606617,21.8650620546229,22.281219934853464,22.47428,-0.6579839518555275,0.0645122256112799,0.0645122256112799,0.0645122256112799,-0.1331730793269699,-1.0045123628090693,5.909271981799525,-0.7250436953808483,-0.4935930087390642,-9.7501073657926,0.05,0.15,0.16,5.9955212876758734,22.156696171385633,-0.2178209253633254
3287.210000000001,0.0,6.1000000000000005,21.931153791029843,21.871496532197444,22.15574762214988,22.47428,-0.627893681043147,0.0640122006100303,0.0640122006100303,0.0640122006100303,-0.1261729043226012,-1.0040123503087572,5.898271706792659,-0.6001997503121452,-0.5135680399500568,-10.014776529338253,0.05,0.15,0.16,5.984443961514595,22.108169486344288,-0.13376411813485944
3287.2200000000007,0.0,6.1000000000000005,21.85622385316585,21.868015205715743,22.053228277900907,22.472998319783205,-0.5978618501343159,0.0635121756087808,0.0635121756087808,0.0635121756087808,-0.1191727293182325,-1.0035123378084452,5.887271431785795,-0.5973460190284976,-0.4928392588883654,-10.055863795693591,0.05,0.15,0.16,5.97337459591043,22.062616414141427,-0.1287431418267408
3287.230000000001,0.0,6.1000000000000005,21.78241256959865,21.78471389997563,22.135475136732925,22.46139940379408,-0.5685721259459232,0.0630121506075312,0.0630121506075312,0.0630121506075312,-0.1121725543138638,-1.0030123253081331,5.876271156778929,-0.6524286429643493,-0.4527791687532005,-9.990766149223951,0.05,0.15,0.16,5.962313235201024,22.04100025252532,-0.16125835660471674
3287.2400000000007,0.0,6.1000000000000005,21.71194498606554,21.70596415505462,22.1995537724862,22.446787479098315,-0.5407534597640684,0.0625121256062816,0.0625121256062816,0.0625121256062816,-0.1051723793094951,-1.002512312807821,5.865270881772064,-0.6870037453182575,0.0259026217202538,-10.055018726591287,0.05,0.15,0.16,5.95125992402148,22.01606259817617,-0.21292053154395885
3287.250000000001,0.0,6.1000000000000005,21.679413949835286,21.67885495819608,22.057501580947424,22.39799092475293,-0.5715069195283988,0.0620121006050292,0.0620121006050292,0.0620121006050292,-0.0981722043050866,-1.002012300307506,5.854270606765136,-0.7119725343320691,0.7100474406986941,-10.179862671660349,0.05,0.15,0.16,5.940214707306454,21.953440353432928,-0.2735516936957359
3287.2600000000007,0.0,6.1000000000000005,21.647143657678736,21.65273360576116,21.933108728856173,22.340647017249857,-0.6,0.0615120756037796,0.0615120756037796,0.0615120756037796,-0.091172029300718,-1.001512287807194,5.843270331758272,-0.7743479349185156,0.6480700876102001,-10.28114142678333,0.05,0.15,0.16,5.929177630292589,21.89340825238648,-0.27272656463648004
3287.270000000001,0.0,6.1000000000000005,21.61703814771393,21.63481365935353,21.95532946240162,22.212340200971283,-0.6,0.0610120506025301,0.0610120506025301,0.0610120506025301,-0.0841718542963493,-1.0010122753068822,5.832270056751407,-0.8544480600749361,0.2325506883612688,-10.371254067584305,0.05,0.15,0.16,5.918148738520333,21.854880367610093,-0.24278102640350613
3287.2800000000007,0.0,6.1000000000000005,21.58693263774913,21.61689371294591,21.977550195947074,22.08403338469271,-0.6,0.0605120256012805,0.0605120256012805,0.0605120256012805,-0.0771716792919806,-1.00051226280657,5.821269781744541,-0.8460009985024144,-0.2263904143768219,-10.535996005990343,0.05,0.15,0.16,5.907128077836403,21.816352482833707,-0.16729015307898487
3287.290000000001,0.0,6.1000000000000005,21.55424346480286,21.592426919620653,21.9696876585125,21.97033724413381,-0.6035038682304307,0.0600120006000309,0.0600120006000309,0.0600120006000309,-0.0701715042876119,-1.000012250306258,5.810269506737677,-0.7960758861710063,-0.7056714927583397,-10.735696455315976,0.05,0.15,0.16,5.896115694395952,21.771673821767457,-0.07046453394779359
3287.3000000000006,0.0,6.077644411102794,21.502960389416035,21.52084429355988,21.74532420369515,21.961790064902672,-0.6334514599448924,0.06,0.06,0.06,-0.0709755243881081,-0.9980489512237838,5.798293707342703,-0.6509864797208176,-0.6562944416644487,-10.66080120180404,0.05,0.15,0.16,5.883990920345735,21.682729737893435,-0.03820959951056682
3287.310000000001,0.0,6.052638159539791,21.45422542372879,21.4492744067796,21.55400745762716,21.951721016949136,-0.6634084084083423,0.06,0.06,0.06,-0.0719755493887379,-0.9960489012225242,5.786293407335146,-0.4607010515777024,-0.3558437656490038,-10.455493239860154,0.05,0.15,0.16,5.871838322800328,21.602307076271174,-0.03662097845388376
3287.3200000000006,0.0,6.0276319079769305,21.42435503489532,21.37779883349951,21.607347437686933,21.930385024925226,-0.6934384384383818,0.06,0.06,0.06,-0.072975574389362,-0.994048851221276,5.774293107327656,-0.4,0.052868913856825,-10.182554307116671,0.05,0.15,0.16,5.859685950834181,21.58497158275175,-0.10004200311672294
3287.330000000001,0.0,6.00262565641407,21.395237352723715,21.32405611042633,21.63606304658633,21.906214705447425,-0.7167023554604306,0.06,0.06,0.06,-0.0739755993899861,-0.9920488012200278,5.762292807320168,-0.4,0.5122946317096526,-9.877935081149037,0.05,0.15,0.16,5.8475338058536215,21.565392803795948,-0.1939154168907545
3287.3400000000006,0.0,5.977619404851209,21.372028084791765,21.40950841508486,21.47148823761433,21.85979616958353,-0.6881513204854077,0.06,0.06,0.06,-0.0749756243906102,-0.9900487512187796,5.750292507312678,-0.4067917917917795,0.3917242242247096,-9.48795295295348,0.05,0.15,0.16,5.8353818892767375,21.528205226768623,-0.2426782502909845
3287.350000000001,0.0,5.952613153288349,21.34510187389233,21.48471777158785,21.33977761458529,21.8118966219298,-0.6604421052631186,0.06,0.06,0.06,-0.0759756493912343,-0.9880487012175314,5.7382922073051885,-0.4168018018017927,-0.0036711711708117,-9.057522522522914,0.05,0.15,0.16,5.82323020253343,21.49537347049882,-0.27006591554047893
3287.3600000000006,0.0,5.927606901725487,21.27790511521931,21.44895175487479,21.564128083058115,21.7479513193216,-0.6920210526315018,0.06,0.06,0.06,-0.0769756743918584,-0.9860486512162832,5.7262919072977,-0.4335964035963445,-0.255766733266187,-8.797632367632898,0.05,0.15,0.16,5.811078747065528,21.509734068118455,-0.28882348444838296
3287.370000000001,0.0,5.9026006501626265,21.213161538461755,21.40982989011021,21.749337362637995,21.69668395604371,-0.72,0.06,0.06,0.06,-0.0779756993924825,-0.984048601215035,5.71429160729021,-0.4535764235763014,-0.4405819180807883,-8.617812187813287,0.05,0.15,0.16,5.7989275243269205,21.517253186813416,-0.3035291565434306
3287.380000000001,0.0,5.877594398599624,21.16826643356641,21.343556163836126,21.617858841158768,21.747992647352675,-0.72,0.06,0.06,0.06,-0.0789757243931122,-0.9820485512137754,5.702291307282653,-0.5958698372962892,-0.5509511889861084,-8.71964705882314,0.05,0.1422782152230751,0.16,5.786776535783614,21.469418521478495,-0.32442594388185375
3287.390000000001,0.0,5.852588147036763,21.12764292134831,21.27151343820221,21.50635078651687,21.7860271460674,-0.72,0.06,0.06,0.06,-0.0799757493937363,-0.9800485012125272,5.690291007275164,-0.7961201501873403,-0.6260450563202526,-8.954941176470124,0.05,0.14,0.16,5.7746257829141285,21.422883573033698,-0.3482563252522224
3287.4000000000005,0.0,5.8500000000000005,21.12229960049937,21.151823051185943,21.55978399500628,21.71442664669159,-0.72,0.06,0.06,0.06,-0.0809757743943604,-0.978048451211279,5.678290707267674,-0.8634007490636612,-0.3983445692890756,-9.169430711610106,0.05,0.14,0.16,5.762475267209219,21.3870833233458,-0.3620670470280307
3287.4100000000008,0.0,5.8500000000000005,21.11593802802802,21.03786712212208,21.593681246246163,21.636142252252167,-0.72,0.06,0.06,0.06,-0.0819757993949845,-0.9760484012100308,5.666290407260186,-0.8683945068664093,-0.0288064918857142,-9.37417478152278,0.05,0.14,0.16,5.750324990172286,21.345907162162106,-0.37118427187183467
3287.420000000001,0.0,5.8500000000000005,21.10094303303306,20.97253178678691,21.461939504504752,21.50118729729755,-0.72,0.06,0.06,0.06,-0.0829758243956086,-0.9740483512087826,5.654290107252696,-0.7986861861865181,0.0560410410411991,-9.766006006004488,0.05,0.14,0.16,5.738174953319425,21.259150405405567,-0.2972983927881666
3287.4300000000007,0.0,5.8500000000000005,21.08204017995522,20.91031012746828,21.34436,21.384879865033582,-0.72,0.06,0.06,0.06,-0.0839758493962327,-0.9720483012075344,5.642289807245207,-0.6935810810816786,0.0059909909912754,-10.246486486483755,0.05,0.14,0.16,5.726025158179574,21.18039754311427,-0.18408237676587053
3287.440000000001,0.0,5.8500000000000005,21.030693016745698,20.87393922019487,21.34436,21.423390237440724,-0.72,0.06,0.06,0.06,-0.0849758743968625,-0.9700482512062748,5.6302895072376495,-0.6532000999250708,-0.292195853109565,-10.617596802397738,0.05,0.1477265584075666,0.16,5.713875606294579,21.168095618595324,-0.0833517654136935
3287.4500000000007,0.0,5.8500000000000005,20.973759401346708,20.845001222250023,21.338991050137064,21.452068351209643,-0.7134393638170556,0.06,0.06,0.06,-0.0859758993974866,-0.9680482012050268,5.61828920723016,-0.6432075943042959,-0.7068848363717247,-10.937356982262536,0.05,0.15,0.16,5.7017262992195965,21.15245500623586,0.011516852121052606
3287.460000000001,0.0,5.8500000000000005,20.87020240458971,20.87809675729607,21.28881394861564,21.39868845597408,-0.6537972166998727,0.06,0.06,0.06,-0.0869759243981107,-0.9660481512037784,5.606288907222671,-0.6230037546934397,-0.493276595746171,-10.961817271589824,0.05,0.1424044321329528,0.16,5.689577238522834,21.108950391618876,-0.00020827365137615628
3287.4700000000007,0.0,5.8500000000000005,20.775061553495423,20.90571147582065,21.2249832823859,21.3523189125532,-0.6029399999999127,0.06,0.06,0.06,-0.0879759493987348,-0.9640481012025304,5.594288607215182,-0.5979724655820583,0.0173617021260096,-10.84667334167747,0.05,0.14,0.16,5.677428425785956,21.064518806063795,-0.0623260232854074
3287.480000000001,0.0,5.8500000000000005,20.753613294913617,20.885335630167937,21.04160067151143,21.367332693560467,-0.6329399999999127,0.06,0.06,0.06,-0.0889759743993589,-0.962048051201282,5.582288307207692,-0.5968047928107376,0.3501198202684416,-10.54461308038123,0.05,0.14,0.16,5.665279862604161,21.011970572538363,-0.14224868223076634
3287.4900000000007,0.0,5.8500000000000005,20.73228523369164,20.850772021994977,20.8877981404646,21.36597448138009,-0.6629407351837068,0.06,0.06,0.06,-0.089975999399983,-0.960048001200034,5.570288007200204,-0.6067898152770193,0.5997453819254821,-10.155197204196249,0.05,0.14,0.16,5.653131550586331,20.95920746938283,-0.23049249101580907
3287.500000000001,0.0,5.832311437940898,20.71196031492126,20.69780026493371,20.980864873781588,21.227978980254885,-0.6929482370593273,0.06,0.06,0.06,-0.09454598383755,-0.9577270080812248,5.56272642585992,-0.5930162703379639,0.3403254067592772,-9.883939924906487,0.05,0.14,0.16,5.645361392685884,20.904651108472862,-0.2399433392113785
3287.5100000000007,0.0,5.812436649110552,20.692209005235625,20.563051922213884,21.047769124906733,21.103089005235624,-0.72,0.06,0.06,0.06,-0.0992037541628909,-0.9553981229185544,5.555273993339375,-0.5679849812265825,-0.1603003754683507,-9.668670838548609,0.05,0.14,0.16,5.637703087179132,20.851529764397966,-0.21205898205663776
3287.520000000001,0.0,5.792561860280206,20.67727008726004,20.581192036898525,20.895178748441825,21.08815008726004,-0.72,0.06,0.06,0.06,-0.1038615244882318,-0.953069237755884,5.5478215608188295,-0.566803196803174,-0.4696703296698273,-9.702047952047607,0.05,0.1477253668763232,0.16,5.630049045870904,20.810447739965106,-0.17444145720312482
3287.5300000000007,0.0,5.77268707144986,20.65537652540266,20.599856916976474,20.76314236431231,21.05618606195772,-0.72,0.06,0.06,0.06,-0.1085192948135727,-0.9507403525932135,5.540369128298284,-0.5767932067931808,-0.6894505494499772,-9.851898101897712,0.05,0.15,0.16,5.622399286176373,20.768640467162292,-0.13226463646717643
3287.540000000001,0.0,5.752812282619514,20.57157974721188,20.62319272862454,20.81405686245354,20.872681724907032,-0.72,0.06,0.06,0.06,-0.1131770651389136,-0.9484114674305432,5.532916695777739,-0.5494144144145265,-0.6240640640645625,-9.801446446446809,0.05,0.15,0.16,5.6147538255958525,20.72037776579925,-0.1375047069025589
3287.5500000000006,0.0,5.732937493789168,20.49532052936728,20.62800376607018,20.85864797075877,20.713779087471583,-0.72,0.06,0.06,0.06,-0.1178348354642545,-0.9460825822678728,5.525464263257193,-0.5043693693694671,-0.4238638638642984,-9.656301301301616,0.05,0.15,0.16,5.607112681715242,20.67393783841695,-0.1651613046813674
3287.560000000001,0.0,5.713062704958709,20.50179393496348,20.429485994453405,20.833833249306675,20.82490588353967,-0.72,0.06,0.06,0.06,-0.1224926057896218,-0.9437536971051892,5.518011830736605,-0.6192607392610173,-0.0572577422570909,-9.344675324674752,0.05,0.1424557522123594,0.16,5.599475872206432,20.64750476556581,-0.2890261806494733
3287.5700000000006,0.0,5.693187916128363,20.494458999999587,20.255528000000147,20.79812499999958,20.914219999999663,-0.72,0.06,0.06,0.06,-0.1271503761149627,-0.9414248119425186,5.51055939821606,-0.809070929070608,0.3872977022969499,-8.955064935065595,0.05,0.14,0.16,5.591843414827934,20.615582999999745,-0.45795778311055646
3287.580000000001,0.0,5.673313127298018,20.36284899999996,20.302608000000014,20.66437499999996,20.80721999999997,-0.72,0.06,0.06,0.06,-0.1318081464403036,-0.9390959267798482,5.5031069656955145,-0.8292090112642554,0.5096045056321278,-8.792608260325567,0.05,0.14,0.16,5.584215327425065,20.534262999999978,-0.502024426104622
3287.5900000000006,0.0,5.653438338467671,20.24204893882652,20.34380446941326,20.54667166042441,20.7072865418228,-0.72,0.06,0.06,0.06,-0.1364659167656445,-0.9367670416171776,5.495654533174969,-0.76913391739694,0.47956695869847,-8.737539424280529,0.05,0.14,0.16,5.576591627930584,20.459952902621747,-0.48706065379764074
3287.600000000001,0.0,5.65,20.21853832709118,20.33204916354559,20.57338826466912,20.670951960050008,-0.72,0.06,0.06,0.06,-0.1411236870909854,-0.9344381564545072,5.488202100654424,-0.7261772784021066,0.1024494382039289,-8.81869413233413,0.05,0.14,0.16,5.5689723343651005,20.448731928838974,-0.42113907444073007
3287.6100000000006,0.0,5.65,20.201911447861885,20.31037878469637,20.5814299324834,20.645777629407217,-0.7170687936192324,0.06,0.06,0.06,-0.1457814574163263,-0.9321092712918368,5.480749668133878,-0.6912209737828696,-0.4368764044928686,-8.963513108613826,0.05,0.14,0.16,5.561357464837541,20.43487444861222,-0.3314022910549833
3287.620000000001,0.0,5.65,20.24900322080509,20.19693042260592,20.41660872718218,20.723907161790265,-0.6871585244268381,0.06,0.06,0.06,-0.1504392277416672,-0.9297803861291664,5.473297235613333,-0.6935969962452482,-0.7255744680846097,-9.3771188986217,0.05,0.14,0.16,5.553747037545603,20.396612383095864,-0.2395857957471457
3287.630000000001,0.0,5.65,20.29032711644175,20.0946,20.28313710144968,20.788510774612536,-0.6544647781398397,0.06,0.06,0.06,-0.1550969980670345,-0.9274515009664828,5.465844803092745,-0.7136220275344671,-0.8957872340429708,-9.917794743430612,0.05,0.14,0.16,5.54614107077618,20.36414374812599,-0.14678610820461283
3287.640000000001,0.0,5.65,20.27856299850073,20.0946,20.43820956521755,20.72862071964012,-0.5942993231386621,0.06,0.06,0.06,-0.1597547683923754,-0.9251226158038124,5.4583923705722,-0.5460139691714812,-0.7103588631984552,-10.385447976878616,0.05,0.14,0.16,5.538539582906003,20.3849983208396,-0.039007526817084054
3287.6500000000005,0.0,5.65,20.265967990000007,20.09117493000001,20.56983301000004,20.678276439999987,-0.54,0.06,0.06,0.06,-0.1644125387177163,-0.9227937306411418,5.450939938051654,-0.2907153179199506,-0.3587210982671018,-10.81897398843782,0.05,0.14,0.16,5.530942592401838,20.40131309250001,0.07577146203889323
3287.6600000000008,0.0,5.65,20.24563799000001,20.055864930000013,20.48316301000004,20.716796439999985,-0.54,0.06,0.06,0.06,-0.1690703090430572,-0.9204648454784714,5.443487505531109,-0.2340592515589366,-0.1004106029114577,-11.059235966735471,0.05,0.14,0.16,5.52335011782115,20.37536559250001,0.10429854434354884
3287.670000000001,0.0,5.65,20.21057460506714,20.02655799304519,20.407581112767,20.73724635866872,-0.5341485371344029,0.06,0.06,0.06,-0.1737280793683981,-0.9181359603158008,5.436035073010563,-0.3068243243240644,0.0970945945938891,-11.173581081080671,0.05,0.14,0.16,5.515762177812511,20.345490017387014,0.07663012353478085
3287.6800000000007,0.0,5.65,20.038354038748327,20.0531352409339,20.43522145057125,20.589476860407515,-0.4741335333836736,0.06,0.06,0.06,-0.178385849693739,-0.9158070751531304,5.428582640490018,-0.3912737262734073,0.2961638361631273,-11.08064435564503,0.05,0.14,0.16,5.5081787911160855,20.27904689766525,0.013505487924325515
3287.690000000001,0.0,5.65,19.880330359999988,20.06768307999956,20.45469779999973,20.45079443999985,-0.42,0.06,0.06,0.06,-0.1830436200191064,-0.9134781899904468,5.42113020796943,-0.4811838161839797,0.4959640359643993,-10.89083416583382,0.05,0.14,0.16,5.500599976564065,20.213376419999783,-0.06618966040046562
3287.7000000000007,0.0,5.633502069722132,19.87712036,19.95105307999989,20.38514779999993,20.411204439999963,-0.42,0.06,0.06,0.06,-0.1877013903444473,-0.9111493048277765,5.4136777754488845,-0.6800876095117823,0.2538423028787919,-10.56466332916162,0.05,0.14,0.16,5.493025753081317,20.156131419999944,-0.15717103195815096
3287.710000000001,0.0,5.613552940002935,19.86843486142333,19.83865439700385,20.30492272659209,20.36147483146094,-0.4141244066951588,0.06,0.06,0.06,-0.1894533336931004,-0.9086333342327512,5.403440004317205,-0.930400500624884,-0.1967209011247912,-10.174175219025182,0.05,0.14,0.16,5.48257886235865,20.093371704120052,-0.2534757803315237
3287.7200000000007,0.0,5.593603810283739,19.80004035455689,19.772397218477,20.10828851935108,20.20117520599273,-0.3541693729705092,0.06,0.06,0.06,-0.1883740320012961,-0.9059350800032404,5.390488384015554,-1.0065959570751362,-0.5136061891680581,-9.951282755178948,0.05,0.14,0.16,5.469329772771022,19.970475324594425,-0.27984507698529804
3287.730000000001,0.0,5.573654680564541,19.73233407703859,19.703774872436327,19.929337723861902,20.05856417708848,-0.2971050000001443,0.06,0.06,0.06,-0.1872947303094919,-0.90323682577373,5.377536763713903,-1.0016046917893784,-0.768160718741705,-9.806536061891972,0.05,0.14,0.16,5.456080802602735,19.856002712606326,-0.2736051747427331
3287.7400000000007,0.0,5.553705550845344,19.67238410205117,19.60849723361704,19.949677893946923,20.115302546273,-0.2671050000001442,0.06,0.06,0.06,-0.1862154286176876,-0.9005385715442192,5.364585143412252,-0.9558643982989016,-0.625926945209808,-9.702284213160102,0.05,0.14,0.16,5.442831952725863,19.836465443972035,-0.2888119989829331
3287.750000000001,0.0,5.533756421126034,19.61411382499992,19.5289364750002,19.95554012499968,20.16162212499985,-0.2371049999999737,0.06,0.06,0.06,-0.1851361269258772,-0.8978403173146933,5.351633523110528,-0.8908156117087126,-0.2956792594442331,-9.617220415311394,0.05,0.14,0.16,5.429583224020907,19.815053137499913,-0.31418112619196475
3287.7600000000007,0.0,5.513807291406836,19.57452382499992,19.6241664750002,19.80039012499968,20.09207212499985,-0.2071049999999737,0.06,0.06,0.06,-0.184056825234073,-0.8951420630851826,5.338681902808877,-0.6832334581770951,0.0137453183522598,-9.52548064918845,0.05,0.14,0.16,5.416334617377203,19.772788137499912,-0.2905298061817003
3287.770000000001,0.0,5.49385816168764,19.541318530245032,19.70547946008984,19.66198229295127,20.026494794200925,-0.1819188069594164,0.06,0.06,0.06,-0.1829775235422687,-0.892443808855672,5.325730282507226,-0.4085767790259482,0.3133707865171474,-9.430599250936236,0.05,0.14,0.16,5.403086133692574,19.733818769371766,-0.24381004042129478
3287.7800000000007,0.0,5.473909031968443,19.579118896850545,19.632018370271584,19.709767662056347,20.00509836027328,-0.2018028169013753,0.06,0.06,0.06,-0.1818982218504645,-0.8897455546261613,5.312778662205575,-0.2792685370741734,0.2606513026053024,-9.18615981963941,0.05,0.14,0.16,5.38983777387374,19.73150082236294,-0.2318969490226061
3287.790000000001,0.0,5.453959902249245,19.61691926345605,19.55855728045333,19.75755303116143,19.98370192634563,-0.2216868268433342,0.06,0.06,0.06,-0.1808189201586602,-0.8870473003966507,5.299827041903924,-0.2191482965933443,0.0402104208422624,-8.870528557115058,0.05,0.14,0.16,5.376589538836346,19.729182875354113,-0.23655234837166392
3287.8000000000006,0.0,5.45,19.64503785446381,19.4926119529882,19.792117234308847,19.969676764190886,-0.2423735603403247,0.06,0.06,0.06,-0.179739618466856,-0.88434904616714,5.286875421602272,-0.2476335496751636,-0.1729006490254909,-8.844852720918114,0.05,0.14,0.16,5.363341429505075,19.724860951487933,-0.22784394146393927
3287.810000000001,0.0,5.45,19.56476778694652,19.510806501625453,19.678668872217752,20.0381738884723,-0.2724186279418692,0.06,0.06,0.06,-0.1786603167750456,-0.881650791937614,5.273923801300548,-0.3175287069395323,-0.3825861208185969,-8.954687968047837,0.05,0.14,0.16,5.350093446813691,19.698104262315507,-0.21288994058276087
3287.8200000000006,0.0,5.45,19.48203902621702,19.52450239700368,19.58789288389544,20.09634726591749,-0.3,0.06,0.06,0.06,-0.1775810150832413,-0.8789525377081033,5.2609721809988965,-0.4894942413615837,-0.4669879819729072,-9.190458187280306,0.05,0.14,0.16,5.3368455917054405,19.672695393258405,-0.22618180372083685
3287.830000000001,0.0,5.45,19.37196661672916,19.488167815230984,19.749261173532982,20.039708064918887,-0.3,0.06,0.06,0.06,-0.1765017133914371,-0.8762542834785927,5.248020560697245,-0.7098247371049908,-0.4920255383073853,-9.485901352027147,0.05,0.14,0.16,5.323597865132727,19.662275917603004,-0.2528576687487036
3287.8400000000006,0.0,5.45,19.2761783999998,19.44618000000032,19.897035200000023,19.98015280000028,-0.3,0.06,0.06,0.06,-0.1754224116996328,-0.873556029249082,5.235068940395594,-0.7255344655347491,-0.3978771228776545,-9.644677822177483,0.05,0.14,0.16,5.310350268057522,19.649886600000105,-0.2438941847471469
3287.850000000001,0.0,5.45,19.3446583999998,19.339180000000315,19.888475200000027,19.88706280000028,-0.3,0.06,0.06,0.06,-0.1743431100078286,-0.8708577750195714,5.222117320093943,-0.6456143856146945,-0.2480269730275523,-9.739582917082547,0.05,0.14,0.16,5.297102801451411,19.614844100000106,-0.21827459998836957
3287.8600000000006,0.0,5.45,19.40430398089985,19.23927711987942,19.86063598894272,19.79806398089985,-0.3,0.06,0.06,0.06,-0.1732638083160243,-0.8681595207900608,5.209165699792292,-0.5995894868586988,-0.1251614518152289,-9.81422277847282,0.05,0.14,0.16,5.283855466295716,19.57557026765546,-0.2042986389861899
3287.870000000001,0.0,5.45,19.36235374214648,19.220991118371543,19.611085850717508,19.75611374214648,-0.3,0.06,0.06,0.06,-0.17218450662422,-0.8654612665605501,5.196214079490641,-0.5695519399250412,-0.0150237797251507,-9.879304130162412,0.05,0.14,0.16,5.270608263581614,19.487636113345502,-0.19581463002824565
3287.880000000001,0.0,5.45,19.31717320576548,19.20195356361832,19.38893287276337,19.71584233598412,-0.2950450450449312,0.06,0.06,0.06,-0.1711052049324097,-0.8627630123310241,5.183262459188916,-0.5259425717852033,-0.0957952559303088,-9.930651685393318,0.05,0.14,0.16,5.2573611943101834,19.405975494532825,-0.16499996323111416
3287.890000000001,0.0,5.45,19.239529070576545,19.175363106361832,19.44211378727634,19.69244273359841,-0.2349849849850229,0.06,0.06,0.06,-0.1700259032406054,-0.8600647581015135,5.170310838887265,-0.476004993757722,-0.2655830212237451,-9.97559550561805,0.05,0.14,0.16,5.244114259492839,19.387362174453283,-0.12377305421583377
3287.9000000000005,0.0,5.431066075785459,19.161846831707862,19.1553128482121,19.48616305576389,19.66877959989996,-0.18,0.06,0.06,0.06,-0.1725066132470329,-0.8594986773505934,5.161477514960088,-0.4191789737171723,-0.2349561952441088,-10.112463078848483,0.05,0.14,0.16,5.235393647608549,19.368025583895953,-0.08716109183716672
3287.9100000000008,0.0,5.406169397002431,19.083717299324817,19.212037029257324,19.42301726931732,19.64202291072768,-0.18,0.06,0.06,0.06,-0.1750748645247356,-0.8589850270950529,5.152745460615899,-0.3591038798500279,-0.109799749687558,-10.292688360449915,0.05,0.14,0.16,5.226786036070311,19.340198627156784,-0.05272586293461884
3287.920000000001,0.0,5.381272718219403,19.010414248756227,19.2548597412936,19.36679451741292,19.61292219900501,-0.1847837641940403,0.06,0.06,0.06,-0.1776431158024384,-0.8584713768395122,5.144013406271709,-0.5341273408227234,-0.0325368289640358,-10.37724594257161,0.05,0.14,0.16,5.218180152634422,19.31124767661694,-0.10673944400688797
3287.9300000000007,0.0,5.356376039436375,18.993379422885607,19.13561596019926,19.391282079601936,19.55649433830858,-0.2427687847303791,0.06,0.06,0.06,-0.1802113670801412,-0.8579577265839717,5.13528135192752,-0.8187715355793665,0.0223945068661935,-10.417196004993595,0.05,0.14,0.16,5.209576005865023,19.269192950248847,-0.2019945523116903
3287.940000000001,0.0,5.331479360653205,18.972920693293005,19.020890881687908,19.40992578749045,19.495651574980915,-0.2991973244146382,0.06,0.06,0.06,-0.1827796183578585,-0.8574440763284282,5.1265492975832805,-0.96102628285368,-0.0824630788488317,-10.453812265331717,0.05,0.14,0.16,5.200973604381143,19.224847234363068,-0.23332157552316074
3287.9500000000007,0.0,5.306582681870177,18.90626407435309,18.96713554383313,19.349719809093106,19.375239618186217,-0.2374530486237358,0.06,0.06,0.06,-0.1853478696355613,-0.8569304260728877,5.117817243239092,-1.036120150187824,-0.2626883604507778,-10.488856070087651,0.05,0.14,0.16,5.192372956857325,19.149589761366386,-0.23449561672904903
3287.960000000001,0.0,5.281686003087149,18.84179486404831,18.911932663645462,19.280536888217384,19.25176110775416,-0.1841835966889478,0.06,0.06,0.06,-0.1879161209132641,-0.8564167758173472,5.109085188894902,-1.00550811485648,-0.3847091136079301,-10.482971285892653,0.05,0.14,0.16,5.183774072023753,19.07150638091633,-0.21241792546308572
3287.9700000000007,0.0,5.256789324304121,18.80300332326284,18.839737296072496,19.10597495468275,19.09228477341387,-0.2443792325053707,0.06,0.06,0.06,-0.1904843721909669,-0.8559031255618066,5.100353134550713,-0.9256079900127367,-0.4795905118598751,-10.45800249687898,0.05,0.14,0.16,5.175176958666896,18.96025008685799,-0.1794985172968131
3287.980000000001,0.0,5.231892645521093,18.768096850787305,18.774714751312167,18.94756,18.95329911522116,-0.3,0.06,0.06,0.06,-0.1930526234686696,-0.8553894753062661,5.091621080206523,-0.770733416771759,-0.2514668335435179,-10.395571964956533,0.05,0.14,0.16,5.166581625629881,18.860917679330157,-0.16065786025062978
3287.9900000000007,0.0,5.206995966738065,18.77130604848787,18.780063414146447,18.94756,19.0153436040988,-0.3,0.06,0.06,0.06,-0.1956208747463724,-0.8548758250507255,5.082889025862333,-0.5804956195252603,0.1290087609494794,-10.31547183980011,0.05,0.14,0.16,5.15798808181295,18.878568266683278,-0.1484577326144122
3288.000000000001,0.0,5.2,18.77422,18.777586501117387,18.935239721877213,19.07500451949345,-0.3016080910240963,0.06,0.06,0.06,-0.1981891260240898,-0.8543621747951821,5.074156971518095,-0.4178021978020667,0.1920879120878378,-10.085604395604134,0.05,0.14,0.16,5.1493963361738455,18.89051268562201,-0.13516909709069944
3288.0100000000007,0.0,5.2,18.77422,18.69787455674193,18.80132365532643,19.11114060094366,-0.3319494310998633,0.06,0.06,0.06,-0.2007573773017925,-0.8538485245396414,5.065424917173905,-0.2679520479519645,0.1071728271727799,-9.785904095903929,0.05,0.14,0.16,5.140806397728461,18.846139703253005,-0.12137291683362567
3288.020000000001,0.0,5.2,18.76993625499997,18.627695805000027,18.69203116000011,19.13923230999996,-0.3621968962171756,0.06,0.06,0.06,-0.2033256285794953,-0.8533348742841009,5.056692862829716,-0.1723404255318979,-0.1106382978724082,-9.404042553191386,0.05,0.14,0.16,5.1322182755510015,18.80722388250002,-0.12440626201485562
3288.0300000000007,0.0,5.2,18.71536625500012,18.669425804999907,18.8717911599996,19.072892310000142,-0.3912948593597177,0.06,0.06,0.06,-0.2058938798571981,-0.8528212240285603,5.047960808485526,-0.10225281602003,-0.3909887359198798,-8.98351689612018,0.05,0.14,0.16,5.123631978774633,18.832368882499942,-0.1353593838729175
3288.040000000001,0.0,5.2,18.66272755188812,18.69964643160841,19.03483550387613,19.01108787196804,-0.4208356977040601,0.06,0.06,0.06,-0.2084621311349009,-0.8523075737730198,5.039228754141337,-0.2129213483142377,-0.5106741573032856,-8.867041198501825,0.05,0.14,0.16,5.115047516591905,18.852074339835177,-0.17770600927816793
3288.0500000000006,0.0,5.2,18.63276006001517,18.59476021005309,19.001657209302508,19.002525731432904,-0.482739231364051,0.06,0.06,0.06,-0.2110303824126036,-0.8517939235174793,5.030496699797148,-0.4076779026208618,-0.5556179775278912,-8.892009987515495,0.05,0.14,0.16,5.106464898255202,18.807925802700915,-0.23465693853138908
3288.060000000001,0.0,5.2,18.59763683000004,18.498667179999995,18.95317964000009,18.989906320000028,-0.54,0.06,0.06,0.06,-0.213598633690321,-0.8512802732619358,5.021764645452908,-0.5346808510638528,-0.3895744680850422,-9.097446808510709,0.05,0.14,0.16,5.097884133077179,18.75984749250004,-0.2634823125917878
3288.0700000000006,0.0,5.2,18.50240683000004,18.50508718,18.7263396400001,18.929986320000022,-0.54,0.06,0.06,0.06,-0.2161668849680238,-0.8507666230063953,5.013032591108719,-0.6297997496871022,-0.1242428035043994,-9.387809762202734,0.05,0.14,0.16,5.089305230431427,18.66595499250004,-0.27907213126688035
3288.080000000001,0.0,5.2,18.413507637279604,18.503164473551696,18.527640251889096,18.87386314357684,-0.5495873175639795,0.06,0.06,0.06,-0.2187351362457265,-0.8502529727508547,5.0043005367645295,-0.7383895131086191,-0.0059176029962525,-9.55157303370787,0.05,0.14,0.16,5.080728199752656,18.57954387657431,-0.3030588897111993
3288.0900000000006,0.0,5.2,18.39841443828719,18.403980594458684,18.657010528966936,18.862004201511365,-0.7005686965269071,0.06,0.06,0.06,-0.2180665745987993,-0.8495166436496998,4.994441401971549,-0.8532459425718261,0.0440199750312287,-9.65644194756558,0.05,0.14,0.16,5.0708654563617275,18.580352440806045,-0.3309519168393734
3288.100000000001,0.0,5.189709999999977,18.382543167039064,18.311823310995383,18.76553252419993,18.85155956813104,-0.8422875654122447,0.06,0.06,0.06,-0.2142568693747446,-0.8485642173436861,4.983488499452391,-0.8184927391086828,-0.0796094141211432,-9.775127691537282,0.05,0.14,0.16,5.05975541515641,18.577864642591354,-0.2884639335882695
3288.1100000000006,0.0,5.174709999999994,18.3591726036238,18.28739044924306,18.67311256887591,18.85474646314221,-0.8721903812607275,0.06,0.06,0.06,-0.2104471641506899,-0.8476117910376725,4.972535596933233,-0.7133350025038748,-0.2849173760638636,-9.900315473209671,0.05,0.14,0.16,5.048647741719886,18.543605521221245,-0.2128554748646331
3288.120000000001,0.0,5.15971000000001,18.32934026946126,18.261164610778525,18.58897384730537,18.85411440119768,-0.8979527175239435,0.06,0.06,0.06,-0.2066374589266351,-0.8466593647316588,4.961582694414076,-0.6663604593110879,-0.3738691962055961,-10.079805292061348,0.05,0.14,0.16,5.037542451714796,18.50839828218571,-0.16066721822695762
3288.130000000001,0.0,5.144709999999942,18.224689570857937,18.214178582834176,18.600720354291457,18.80926410179626,-0.868705825006118,0.06,0.06,0.06,-0.2028277537025587,-0.8457069384256397,4.9506297918948565,-0.6463904143784112,-0.4088167748377804,-10.284498252621283,0.05,0.14,0.16,5.0264395609387575,18.462213152444956,-0.11934895289402385
3288.140000000001,0.0,5.129709999999959,18.127049584168304,18.16620697394774,18.608423071142177,18.75719595691347,-0.84,0.06,0.06,0.06,-0.199018048478504,-0.844754512119626,4.939676889375699,-0.6161761761762204,-0.2600400400403372,-10.424874874874735,0.05,0.14,0.16,5.0153390853260404,18.414718896542922,-0.10342835380946752
3288.1500000000005,0.0,5.1147099999999766,18.115255996993984,18.106166893787552,18.566609443887764,18.61674505511017,-0.84,0.06,0.06,0.06,-0.1952083432544493,-0.8438020858136124,4.928723986856542,-0.5811411411412739,-0.0248048048056962,-10.534984984984568,0.05,0.14,0.16,5.004241040948627,18.351194347444867,-0.09945959766518911
3288.1600000000008,0.0,5.099709999999994,18.10108246500007,18.05132532499999,18.51484986000028,18.48524831000005,-0.8421938392185587,0.06,0.06,0.06,-0.1913986380303945,-0.8428496595075986,4.917771084337384,-0.5189010989014593,0.1113186813182488,-10.62791208791168,0.05,0.14,0.16,4.993145444017915,18.288126490000096,-0.07864931665213495
3288.170000000001,0.0,5.084710000000011,18.05935246500007,18.05667532499999,18.34792986000028,18.457428310000047,-0.8722464312545745,0.06,0.06,0.06,-0.1875889328063398,-0.8418972332015849,4.906818181818228,-0.4439760239764082,0.2012287712283101,-10.712827172826737,0.05,0.14,0.16,4.982052310886132,18.230346490000095,-0.04998624251828304
3288.1800000000007,0.0,5.069710000000028,18.01592492630538,18.06236501124155,18.20278012490613,18.430884986260324,-0.9022790466731248,0.06,0.06,0.06,-0.1837792275822851,-0.8409448068955713,4.89586527929907,-0.4506459689531655,-0.0049524286409354,-10.542503755635156,0.05,0.14,0.16,4.97096165804782,18.177988762178344,-0.05656318584765216
3288.190000000001,0.0,5.05470999999996,17.95284223832107,18.071987794154413,18.309699935049032,18.419123807144608,-0.9320705064548416,0.06,0.06,0.06,-0.1799695223582086,-0.8399923805895522,4.88491237677985,-0.4957135703554822,-0.3504707060586972,-10.25206810215356,0.05,0.14,0.16,4.95987350214129,18.18841344366728,-0.0797236668073027
3288.2000000000007,0.0,5.050000000000001,17.895597601199423,18.068931184407496,18.40085577211376,18.40127286356804,-0.9581122577397057,0.06,0.06,0.06,-0.1761598171341539,-0.8390399542835385,4.873959474260693,-0.5441073657926981,-0.4634107365792698,-9.893962546816956,0.05,0.14,0.16,4.948787859950397,18.191664355322178,-0.1384265509849173
3288.210000000001,0.0,5.050000000000001,17.907361719140432,17.915997651174354,18.305673363318306,18.31143778110941,-0.927908381575684,0.06,0.06,0.06,-0.1723501119100992,-0.8380875279775248,4.863006571741535,-0.5940449438201794,-0.468404494382018,-9.5044494382026,0.05,0.14,0.16,4.937704748405706,18.11011762868563,-0.21362568965771678
3288.2200000000007,0.0,5.050000000000001,17.912048464419573,17.778296059925037,18.20539464169808,18.21683522596773,-0.9,0.06,0.06,0.06,-0.1685404066860444,-0.8371351016715112,4.852053669222379,-0.6508708708707192,-0.3235460460465897,-9.33912912912928,0.05,0.14,0.16,4.926624184586319,18.028143598002604,-0.27279121527271555
3288.230000000001,0.0,5.050000000000001,17.831898651685695,17.82317995505601,18.044026352060538,18.065084913858254,-0.9,0.06,0.06,0.06,-0.1647307014619897,-0.8361826753654975,4.841100766703221,-0.7109309309306274,-0.1083308308319182,-9.279069069069372,0.05,0.14,0.16,4.915546185721387,17.941047468165124,-0.32442883585907856
3288.2400000000007,0.0,5.050000000000001,17.753010928661215,17.862485186483287,17.89667536921135,17.931583884855495,-0.9,0.06,0.06,0.06,-0.160920996237935,-0.8352302490594838,4.830147864184063,-0.634569288390302,0.0826966292124689,-9.253183520599308,0.05,0.14,0.16,4.904470769191722,17.860938842302836,-0.32256630242806156
3288.250000000001,0.0,5.050000000000001,17.689801917396796,17.832487689612037,17.92345884856068,18.024790392991168,-0.9,0.06,0.06,0.06,-0.1571112910138586,-0.8342778227534647,4.819194961664844,-0.4947440699125596,0.2624719101124234,-9.243196004993754,0.05,0.14,0.16,4.893397952531362,17.86763471214017,-0.29581541895883096
3288.2600000000007,0.0,5.050000000000001,17.634671604197862,17.799529675162486,17.946615372313865,18.110078860569725,-0.902320938357801,0.06,0.06,0.06,-0.1533015857898038,-0.8333253964474511,4.808242059145687,-0.415948923385087,0.0952628943415743,-9.277456184276405,0.05,0.14,0.16,4.882327753429457,17.872723878060985,-0.24678256450746036
3288.270000000001,0.0,5.050000000000001,17.6763807496252,17.731083898050954,17.926295532233876,18.10045367316341,-0.9322685300722628,0.06,0.06,0.06,-0.1494918805657491,-0.8323729701414373,4.797289156626529,-0.3658738107161309,-0.2352328492735364,-9.332538808212256,0.05,0.14,0.16,4.871260189731569,17.85855346326836,-0.1872640766526805
3288.2800000000007,0.0,5.050000000000001,17.70901369981666,17.66735232383807,17.908116048642352,18.089609295352293,-0.95703654263327,0.06,0.06,0.06,-0.1456821753416944,-0.8314205438354236,4.786336254107372,-0.3909288389512378,-0.4048039950061265,-9.394339575530507,0.05,0.14,0.16,4.860195279441606,17.843522841912343,-0.16869258186932495
3288.290000000001,0.0,5.050000000000001,17.63129922372157,17.66093553223389,17.915958793936355,18.063942128935565,-0.916989821458608,0.06,0.06,0.06,-0.1418724701176396,-0.83046811752941,4.775383351588214,-0.4508539325842153,-0.4996853932583409,-9.459258426966231,0.05,0.14,0.16,4.849133040723466,17.818033919706846,-0.1691257676185135
3288.3000000000006,0.0,5.033616808404198,17.55358474762648,17.654518740629708,17.923801539230354,18.03827496251884,-0.8769431002839464,0.06,0.06,0.06,-0.1402603619978982,-0.828698190010509,4.764011674048342,-0.5347284105128602,-0.3153742177731478,-9.60264330412963,0.05,0.14,0.16,4.837584199757495,17.792544997501345,-0.19475814535543945
3288.310000000001,0.0,5.00860430215096,17.48301583291645,17.64770269634818,17.92882686343173,18.0111702951476,-0.8376761619191074,0.06,0.06,0.06,-0.1407723816594556,-0.826138091702722,4.752235221832522,-0.6298473091363795,2.0025031153059203e-05,-9.782868585732087,0.05,0.14,0.16,4.825563243148502,17.76767892196099,-0.2322217381405026
3288.3200000000006,0.0,4.9835917958978655,17.5012149324662,17.63592680840422,17.89885187593802,17.966207813907037,-0.8076911544228177,0.06,0.06,0.06,-0.1412844013210101,-0.8235779933949496,4.740458769616768,-0.6293033707865717,0.0010886392011753,-9.911625468164669,0.05,0.14,0.16,4.813542493808236,17.75055035767887,-0.21266429992674227
3288.330000000001,0.0,4.958579289644771,17.513996706706862,17.613071851852318,17.864104669669945,17.920354109109276,-0.7777112939416583,0.06,0.06,0.06,-0.1417964209825646,-0.8210178950871772,4.728682317401015,-0.5843595505618386,-0.1437303370785203,-10.016494382022378,0.05,0.14,0.16,4.801521953293339,17.727881834334603,-0.16664175654947022
3288.3400000000006,0.0,4.933566783391676,17.460443153153292,17.45455333333375,17.77092148648673,17.86358734234249,-0.7477935676889008,0.06,0.06,0.06,-0.142308440644119,-0.8184577967794047,4.716905865185262,-0.5972540675844398,-0.292202753441649,-10.07044055068833,0.05,0.14,0.16,4.789501623176119,17.637376328829063,-0.14736914895196018
3288.350000000001,0.0,4.908554277138581,17.407811574744297,17.307161078113335,17.68082099326192,17.80335588719765,-0.72,0.06,0.06,0.06,-0.1428204603056735,-0.8158976984716323,4.705129412969509,-0.63730413016265,-0.4423904881099374,-10.100478097621988,0.05,0.14,0.16,4.777481505044685,17.549787383329303,-0.14065584257658925
3288.3600000000006,0.0,4.883541770885486,17.366154474669482,17.29220724731725,17.627414454704464,17.701883463938483,-0.72,0.06,0.06,0.06,-0.143332479967228,-0.8133376001638598,4.693352960753756,-0.6431785268414797,-0.414963795256277,-10.178214731585202,0.05,0.14,0.16,4.765461600503136,17.49691491015742,-0.13371595161738636
3288.370000000001,0.0,4.858529264632391,17.32488720680188,17.273924811203095,17.575980005001384,17.615839979994472,-0.7177055736067681,0.06,0.06,0.06,-0.1438444996287825,-0.8107775018560874,4.681576508538002,-0.6331910112360118,-0.3051011235961302,-10.27808988763988,0.05,0.14,0.16,4.753441911171769,17.44765800075021,-0.1266708962173706
3288.380000000001,0.0,4.833516758379154,17.288498109527378,17.213989827456857,17.549223315828954,17.722866736684185,-0.6877130717321326,0.06,0.06,0.06,-0.1443565192903399,-0.8082174035483004,4.669800056322182,-0.6061526908636152,-0.0724080100128118,-10.333847309136384,0.05,0.14,0.16,4.741422438687216,17.443644497374343,-0.1333489175171372
3288.390000000001,0.0,4.808504252126059,17.25036487025951,17.157883552894216,17.524857779441117,17.813487075848357,-0.6577222777224052,0.06,0.06,0.06,-0.1448685389518944,-0.8056573052405279,4.658023604106429,-0.5711088861076813,0.2179549436792124,-10.36889111389232,0.05,0.14,0.16,4.729403184702921,17.4366483196108,-0.1464700291999119
3288.4000000000005,0.0,4.800000000000001,17.19056447105795,17.149340638722563,17.5301971007984,17.70029346307398,-0.6277522477523848,0.06,0.06,0.06,-0.1453805586134489,-0.8030972069327555,4.646247151890675,-0.5258841158841984,0.2417682317683965,-10.393646353646322,0.05,0.14,0.16,4.71738415088894,17.392598918413224,-0.13001242696428503
3288.4100000000008,0.0,4.800000000000001,17.130171394422433,17.138244352589723,17.529975722111686,17.585011982071972,-0.6,0.06,0.06,0.06,-0.1458925782750034,-0.8005371086249831,4.634470699674922,-0.4759340659341642,0.1418681318683284,-10.413626373626334,0.05,0.14,0.16,4.705365338932434,17.345850862798954,-0.0998264904501879
3288.420000000001,0.0,4.800000000000001,17.06196422310778,17.09348339641448,17.456439865538076,17.44220321713191,-0.6,0.06,0.06,0.06,-0.1464045979365578,-0.7979770103172106,4.622694247459169,-0.4668168168167789,-0.0263363363355776,-10.205270270271466,0.05,0.14,0.16,4.693346750537813,17.26352267554806,-0.11080655597080677
3288.4300000000007,0.0,4.800000000000001,16.99761673366837,17.046277537688805,17.380711683417555,17.30832,-0.598132061260451,0.06,0.06,0.06,-0.1469166175981123,-0.7954169120094382,4.610917795243416,-0.4768268268267636,-0.226536536535272,-9.889954954956949,0.05,0.14,0.16,4.68132838742696,17.183231488693682,-0.14106996165177751
3288.440000000001,0.0,4.800000000000001,16.99116447236181,16.96239814070351,17.272098618090443,17.30832,-0.5680040170725482,0.06,0.06,0.06,-0.1474286372596697,-0.7928568137016512,4.599141343027595,-0.4936429463170793,-0.3206966292134283,-9.745660424469492,0.05,0.14,0.16,4.6693102513393825,17.133495307788937,-0.15876337583192307
3288.4500000000007,0.0,4.800000000000001,16.98045854826647,16.883748590671,17.17739726615107,17.305069164380193,-0.5378834125594751,0.06,0.06,0.06,-0.1479406569212242,-0.7902967153938787,4.587364890811842,-0.5136179775280718,-0.3656404494381615,-9.680741573033767,0.05,0.14,0.16,4.65729234403272,17.086668392367184,-0.17062269439572791
3288.460000000001,0.0,4.800000000000001,16.915335076078893,16.872005013719143,17.260669902718792,17.260230052382187,-0.5078608956718662,0.06,0.06,0.06,-0.1484526765827787,-0.7877366170861063,4.575588438596089,-0.5540761141711843,-0.2062118177269602,-9.387391086630526,0.05,0.14,0.16,4.645274667282554,17.077060011224752,-0.24518256644556607
3288.4700000000007,0.0,4.800000000000001,16.851818583146958,16.857225766840735,17.32496869997539,17.2176442157594,-0.48,0.06,0.06,0.06,-0.1489646962443332,-0.7851765187783338,4.563811986380336,-0.6041512268401404,0.0491712568847163,-8.986790185278876,0.05,0.14,0.16,4.633257222882931,17.06291431643062,-0.3491808320866781
3288.480000000001,0.0,4.800000000000001,16.810327158836845,16.80083998508597,17.129214287845635,17.205941506338597,-0.48,0.06,0.06,0.06,-0.1494767159058877,-0.7826164204705613,4.552035534164582,-0.6711985018724733,0.1368264669163297,-9.04090137328274,0.05,0.14,0.16,4.621240012646519,16.98658073452676,-0.37262222340226736
3288.4900000000007,0.0,4.800000000000001,16.772023207970022,16.746917250311412,16.942833584059958,17.190021439602024,-0.48,0.06,0.06,0.06,-0.1499887355674422,-0.780056322162789,4.540259081948829,-0.7461048689136952,0.146813982521826,-9.305570536828393,0.05,0.14,0.16,4.6092230384048545,16.912948870485852,-0.3587611264598527
3288.500000000001,0.0,4.787457240592814,16.78694724283936,16.734125220423405,16.91298551432128,17.10367523785799,-0.48,0.06,0.06,0.06,-0.1473884599123314,-0.7795647433187219,4.530424353011882,-0.6813591989985579,-0.0988760951194336,-9.587737171464756,0.05,0.14,0.16,4.599368365928526,16.884433303860508,-0.26876779202647294
3288.5100000000007,0.0,4.76762679093739,16.79638444444432,16.72196,16.886819259259315,17.023620740740796,-0.4765972396487152,0.06,0.06,0.06,-0.1447181735241187,-0.7791196955873532,4.520633302921769,-0.551196495619745,-0.464332916144562,-9.878100125155957,0.05,0.14,0.16,4.5895638473917835,16.857196111111108,-0.14311192637556622
3288.520000000001,0.0,4.747796341281967,16.699332290249558,16.72196,16.932110264550207,17.06567667422519,-0.4163713927227995,0.06,0.06,0.06,-0.1420478871359059,-0.7786746478559844,4.510842252831655,-0.4895205992510106,-0.5151485642948671,-10.014372034956144,0.05,0.14,0.16,4.579760871419465,16.854769807256236,-0.09649274249261425
3288.5300000000007,0.0,4.727965891626544,16.611219527127776,16.71989882528633,16.967334594325937,17.101790826281913,-0.36,0.06,0.06,0.06,-0.1393776007476932,-0.7782296001246156,4.501051202741542,-0.4595580524345219,-0.4202671660426527,-10.079290886391869,0.05,0.14,0.16,4.569959447938393,16.85006094325549,-0.08647210986038512
3288.540000000001,0.0,4.7081354419711205,16.652762583374663,16.687942628173335,16.8565531110009,17.05172611747156,-0.36,0.06,0.06,0.06,-0.1367073143594804,-0.7777845523932467,4.491260152651429,-0.3886332916147238,-0.2399924906137693,-9.973857321652488,0.05,0.14,0.16,4.560159586959154,16.812246110005113,-0.09735596351222241
3288.5500000000006,0.0,4.688304992315698,16.690208597285185,16.65375920060358,16.750248024132837,16.999901779789134,-0.36,0.06,0.06,0.06,-0.1340370279712677,-0.777339504661878,4.481469102561316,-0.2985206508137508,-0.0197171464336129,-9.788625782228266,0.05,0.14,0.16,4.550361298576967,16.773529400452684,-0.1180320801958966
3288.560000000001,0.0,4.668474542660162,16.657931070889816,16.581672724987257,16.720122332830496,16.918132046254204,-0.36,0.06,0.06,0.06,-0.1313667415830398,-0.7768944569305066,4.471678052471146,-0.2597602996254493,0.1216779026218553,-9.7095205992509,0.05,0.14,0.16,4.540564592972513,16.719464543740443,-0.13169003098330143
3288.5700000000006,0.0,4.648644093004739,16.623614411764542,16.514947537387858,16.698171969092968,16.84477957128626,-0.3620194465220662,0.06,0.06,0.06,-0.1286964551948271,-0.7764494091991379,4.461887002381033,-0.2447790262172474,0.2265468164792683,-9.679558052434494,0.05,0.14,0.16,4.530769480413035,16.670378372382906,-0.14209816537530692
3288.580000000001,0.0,4.628813643349315,16.56067323529401,16.523481934197424,16.790983534396965,16.889585154536466,-0.3919371727748237,0.06,0.06,0.06,-0.1260261688066143,-0.7760043614677691,4.452095952290919,-0.4138723404249492,0.0452165206515333,-9.67,0.05,0.14,0.16,4.520975971252917,16.691180964606218,-0.18147415641464704
3288.5900000000006,0.0,4.608983193693892,16.49669577450731,16.527366260912906,16.870429239211695,16.9266420054876,-0.42,0.06,0.06,0.06,-0.1233558824184015,-0.7755593137364003,4.442304902200806,-0.6691914893610396,-0.2701777221518723,-9.67,0.05,0.14,0.16,4.5111840759348105,16.705283320029878,-0.23441952523752313
3288.600000000001,0.0,4.6000000000000005,16.416625931653957,16.459039995011377,16.742317490646332,16.843369368920115,-0.42,0.06,0.06,0.06,-0.1206855960301888,-0.7751142660050315,4.432513852110692,-0.7773058676653192,-0.4723970037449467,-9.734851435705131,0.05,0.14,0.16,4.5013938049905,16.615338196557943,-0.23988444321767974
3288.6100000000006,0.0,4.6000000000000005,16.340197751004087,16.387140240964495,16.613619277109102,16.763556787148698,-0.4182986198245287,0.06,0.06,0.06,-0.1180153096419761,-0.7746692182736628,4.422722802020579,-0.8172559300873041,-0.6222097378273905,-9.829732833957348,0.05,0.14,0.16,4.491605169041841,16.526128514056595,-0.2233631685249641
3288.620000000001,0.0,4.6000000000000005,16.3251575903615,16.25500168674746,16.475034939759528,16.74207084337357,-0.3881856963615709,0.06,0.06,0.06,-0.1153450232537633,-0.7742241705422939,4.412931751930466,-0.7686332916148985,-0.4483979974982444,-9.86340926157695,0.05,0.14,0.16,4.481818178801702,16.449316265060514,-0.2200117584818235
3288.630000000001,0.0,4.6000000000000005,16.30745146713304,16.13282618345421,16.351070882279718,16.72237077730569,-0.36,0.06,0.06,0.06,-0.1126747368655354,-0.7737791228109226,4.403140701840297,-0.6785206508136696,-0.1229912390493624,-9.86841551939924,0.05,0.14,0.16,4.472032845074868,16.378429827543165,-0.222829492085181
3288.640000000001,0.0,4.6000000000000005,16.250755641089672,16.15636029992504,16.440928417895613,16.72878917270683,-0.36,0.06,0.06,0.06,-0.1100044504773226,-0.7733340750795538,4.393349651750183,-0.6302694250662392,0.0950950204469384,-9.971941303824432,0.05,0.14,0.16,4.46224917875923,16.39420838290429,-0.21363572845674075
3288.6500000000005,0.0,4.6000000000000005,16.196709720279735,16.175006143856205,16.522432792207837,16.73045586413594,-0.361919999999929,0.06,0.06,0.06,-0.1073341640891099,-0.772889027348185,4.38355860166007,-0.6014024536926639,0.2634856867927937,-10.121087322587902,0.05,0.14,0.16,4.452467190846432,16.40615113011993,-0.19887994745608972
3288.6600000000008,0.0,4.6000000000000005,16.181744685314705,16.121559590409667,16.48074448051954,16.662044275724377,-0.391919999999929,0.06,0.06,0.06,-0.1046638777008972,-0.7724439796168162,4.373767551569957,-0.4926220145384282,0.1980685358262576,-10.11089304257566,0.05,0.14,0.16,4.442686892423088,16.361523257992072,-0.1570898052932988
3288.670000000001,0.0,4.6000000000000005,16.16802877841618,16.069953374968815,16.437017102173506,16.59376314763939,-0.42,0.06,0.06,0.06,-0.1019935913126844,-0.7719989318854474,4.363976501479844,-0.3316666666671241,-0.0199999999993802,-9.996666666666991,0.05,0.14,0.16,4.432908294671726,16.31719060079947,-0.09764912980951215
3288.6800000000007,0.0,4.6000000000000005,16.173374768923292,16.04643101673751,16.3621732350739,16.52747286535117,-0.42,0.06,0.06,0.06,-0.0993233049244717,-0.7715538841540787,4.35418545138973,-0.2833958489622249,-0.2733758439601438,-10.027916979244498,0.05,0.14,0.16,4.423131408871813,16.27736297152147,-0.050362516616862384
3288.690000000001,0.0,4.6000000000000005,16.170705617977283,16.021947565542995,16.294320674157383,16.45804269662899,-0.42,0.06,0.06,0.06,-0.0966530185362438,-0.7711088364227073,4.344394401299561,-0.2883970992748282,-0.5434433608407283,-10.127941985496566,0.05,0.14,0.16,4.413356246400728,16.236254138576662,-0.008821785597030264
3288.7000000000007,0.0,4.586308899215429,16.042465917603078,15.982406991260948,16.335998576779,16.339420973782847,-0.42,0.06,0.06,0.06,-0.093982732148031,-0.7706637886913386,4.334603351209448,-0.3751077154308886,-0.4699974949899294,-10.112339679358705,0.05,0.14,0.16,4.403582818735021,16.17507311485647,-0.047939320936792325
3288.710000000001,0.0,4.561325138659821,15.923997077921952,15.942742922078049,16.372698531468668,16.231738056942838,-0.4180954761310045,0.06,0.06,0.06,-0.0913124457598183,-0.7702187409599698,4.324812301119335,-0.5003582164326159,-0.2345265531066822,-10.042199398797734,0.05,0.14,0.16,4.393811137451145,16.117794147102877,-0.125100968665033
3288.7200000000007,0.0,4.536341378104211,15.96568538961025,15.90105461038975,16.327803426573578,16.3033564385612,-0.3881029742565394,0.06,0.06,0.06,-0.0914503707929126,-0.7676794067313398,4.315068739304097,-0.5638926342071542,0.0174881398245742,-9.97221473158569,0.05,0.14,0.16,4.383778400735716,16.124474966283692,-0.18323386700040273
3288.730000000001,0.0,4.511357617548603,15.999405702831742,15.861025291906833,16.27760302179956,16.361655529942983,-0.36,0.06,0.06,0.06,-0.0943026240730014,-0.7631158014831978,4.305371078151795,-0.5988489388263911,0.2771635455674768,-9.90230212234722,0.05,0.14,0.16,4.373495036234333,16.12492238662028,-0.23255535468044158
3288.7400000000007,0.0,4.486373856992994,15.89752647456815,15.849228749686835,16.13711692808871,16.19328670007578,-0.36,0.06,0.06,0.06,-0.0971548773530901,-0.7585521962350558,4.2956734169994935,-0.5827259073843217,0.2884055068838444,-9.72658322903681,0.05,0.14,0.16,4.363215627277962,16.019289713104868,-0.2549029607664035
3288.750000000001,0.0,4.461390096437243,15.79977029742558,15.838846023494147,16.00506,16.03482744813796,-0.3618740629685554,0.06,0.06,0.06,-0.1000071306331951,-0.7539885909868878,4.2859757558471365,-0.5426758448058838,0.1832740926154449,-9.501301627033095,0.05,0.14,0.16,4.352940201889443,15.919625942264421,-0.264615224372843
3288.7600000000007,0.0,4.436406335881634,15.766608587853046,15.850613081729565,16.00506,16.031618250437393,-0.3918590704647599,0.06,0.06,0.06,-0.1028593839132839,-0.7494249857387456,4.276278094694835,-0.6016063856324371,-0.0034422549266507,-9.508426041406954,0.05,0.14,0.16,4.342668788346105,15.913474980005002,-0.2639116195728307
3288.770000000001,0.0,4.411422575326025,15.73261803950999,15.858113868467262,16.00862613153274,16.0286,-0.4181554611347725,0.06,0.06,0.06,-0.1057116371933727,-0.7448613804906036,4.266580433542533,-0.7063706660013087,-0.2279371414313758,-9.623167872287148,0.05,0.14,0.16,4.332401415182169,15.906989509877498,-0.25838486575953545
3288.7800000000007,0.0,4.3864388147704165,15.685526266566784,15.798178884721365,16.068561115278637,16.0286,-0.3881629592603074,0.06,0.06,0.06,-0.1085638904734615,-0.7402977752424615,4.256882772390231,-0.6923508771932022,-0.2897894736842576,-9.714456140350626,0.05,0.14,0.16,4.322138111191776,15.895216566641697,-0.23342967167184142
3288.790000000001,0.0,4.361455054214808,15.641388250374554,15.738505490261566,16.11964173464324,16.026205993008304,-0.36,0.06,0.06,0.06,-0.1114161437535503,-0.7357341699943194,4.247185111237929,-0.622175438596755,-0.2747518796993046,-9.794656641603709,0.05,0.14,0.16,4.3118789054317475,15.881435367071916,-0.1992896037576974
3288.8000000000006,0.0,4.3500000000000005,15.643525756617269,15.682930327950976,16.032003978691925,15.986305876477624,-0.36,0.06,0.06,0.06,-0.1142683970336391,-0.7311705647461774,4.237487450085627,-0.4941123595511412,-0.1367865168546615,-9.676539325843482,0.05,0.14,0.16,4.301623827224444,15.836191484934448,-0.18850534845766984
3288.810000000001,0.0,4.3500000000000005,15.645663262859996,15.62735516564007,15.94436622274011,15.946405759946716,-0.36,0.06,0.06,0.06,-0.1171206503137441,-0.7266069594980094,4.22778978893327,-0.3393058676650693,0.0579700374536224,-9.466801498126868,0.05,0.14,0.16,4.291372906160601,15.790947602796722,-0.18851120541816263
3288.8200000000006,0.0,4.3500000000000005,15.644958164082068,15.576432131065518,15.857627488744413,15.906945442721378,-0.3617792175429136,0.06,0.06,0.06,-0.1199729035938329,-0.7220433542498673,4.218092127780968,-0.3036436436436562,0.1848073073073673,-9.348836336336287,0.05,0.14,0.16,4.281126172102489,15.746490806653345,-0.20757681399253303
3288.830000000001,0.0,4.3500000000000005,15.596784077038606,15.60319551275633,15.785901625813036,15.874829384692404,-0.3916820333913964,0.06,0.06,0.06,-0.1228251568739217,-0.7174797490017253,4.208394466628667,-0.3236636636636257,0.2799024024022222,-9.273761261261404,0.05,0.14,0.16,4.270883655186531,15.715177650075095,-0.23555002475172193
3288.8400000000006,0.0,4.3500000000000005,15.551686323126695,15.62002674632855,15.71952529250678,15.843028384366525,-0.4184060150376859,0.06,0.06,0.06,-0.1256774101540105,-0.7129161437535831,4.198696805476365,-0.33,-0.0177522477508514,-9.403633866133212,0.05,0.14,0.16,4.260645385826533,15.683566686582138,-0.18707193669593974
3288.850000000001,0.0,4.3500000000000005,15.557013681852109,15.47405711725222,15.740834727408432,15.816391590739457,-0.3883308270677799,0.06,0.06,0.06,-0.1285296634340993,-0.7083525385054411,4.188999144324063,-0.33,-0.4972727272711785,-9.628409090908368,0.05,0.14,0.16,4.2504113947166715,15.647074279313054,-0.1031924791079848
3288.8600000000006,0.0,4.3500000000000005,15.557549500125996,15.336557005777328,15.761521441848744,15.791165360462186,-0.3565200000002564,0.06,0.06,0.06,-0.1313819167141881,-0.7037889332572991,4.179301483171761,-0.4119028542809444,-0.7660290435646713,-9.8126164246363,0.05,0.14,0.16,4.24018171283456,15.611698327053563,-0.07487312847807163
3288.870000000001,0.0,4.3500000000000005,15.46509031901578,15.363434674704717,15.770122295905509,15.793315573976376,-0.2965200000002564,0.06,0.06,0.06,-0.1342341699942769,-0.6992253280091569,4.169603822019459,-0.5320831246864393,-0.9362844266391224,-9.977864296443853,0.05,0.14,0.16,4.229956371444373,15.597990715900593,-0.07251987332344477
3288.880000000001,0.0,4.3500000000000005,15.37279120539056,15.38717785874719,15.774533346643368,15.790278662340896,-0.2417382617382985,0.06,0.06,0.06,-0.1370864232743819,-0.6946617227609889,4.159906160867102,-0.6691285892635193,-0.6310861423217409,-10.012908863920083,0.05,0.14,0.16,4.219735402099935,15.581195268280503,-0.144974473072482
3288.890000000001,0.0,4.3500000000000005,15.283068220614034,15.360474589468463,15.71151363114557,15.703760069877816,-0.2717082917082338,0.06,0.06,0.06,-0.1399386765544707,-0.6900981175128469,4.1502084997148,-0.8139475655432148,-0.1067415730331875,-9.987940074906344,0.05,0.14,0.16,4.209518836648146,15.51470412777647,-0.25190953771862457
3288.9000000000005,0.0,4.342017141718171,15.197634586241303,15.328668514456922,15.647735473579448,15.622821435692885,-0.3,0.06,0.06,0.06,-0.140489262231554,-0.6860859021475676,4.137279181979595,-0.8087859824781775,0.2682703379220784,-9.966342928660849,0.05,0.14,0.16,4.196132758573036,15.44921500249264,-0.2924397594611146
3288.9100000000008,0.0,4.327067968905741,15.185899790628156,15.209186959123038,15.57092590229338,15.63775663010962,-0.3,0.06,0.06,0.06,-0.1409892747318661,-0.6820858021450712,4.124278856971482,-0.7336921151442469,0.5736520650800625,-9.9463178973718,0.05,0.14,0.16,4.182677982721033,15.40094232053855,-0.3020070192633476
3288.920000000001,0.0,4.312118796093311,15.17474,15.096926596491109,15.497406947368464,15.65285354385957,-0.3017202692594434,0.06,0.06,0.06,-0.1414892872321781,-0.6780857021425748,4.111278531963368,-0.6279625468170792,0.4546516853948329,-9.943418227215956,0.05,0.14,0.16,4.169224221031357,15.355481771929787,-0.254565684665732
3288.9300000000007,0.0,4.2971696232808805,15.17474,15.124816320801866,15.487752812030124,15.67108913283199,-0.3316379955122008,0.06,0.06,0.06,-0.1419892997324902,-0.6740856021400784,4.098278206955255,-0.5081123595511242,0.1400449438217009,-9.948411985018703,0.05,0.14,0.16,4.155771483353657,15.364599566415995,-0.18084792708259873
3288.940000000001,0.0,4.282220450468365,15.173295499999996,15.14813765999999,15.47474873999999,15.682504219999986,-0.36,0.06,0.06,0.06,-0.1424893122328051,-0.6700855021375594,4.085277881947068,-0.4222122122121205,-0.0862962962965386,-9.99096096096104,0.05,0.14,0.16,4.142319779664704,15.36967152999999,-0.12202587453037207
3288.9500000000007,0.0,4.267271277655936,15.146545499999997,15.091427659999992,15.40305873999999,15.574434219999985,-0.36,0.06,0.06,0.06,-0.1429893247331171,-0.6660854021350628,4.072277556938954,-0.3521421421420281,-0.2714814814817828,-10.05102102102112,0.05,0.14,0.16,4.1288691200707435,15.303866529999992,-0.07014932667055523
3288.960000000001,0.0,4.252322104843506,15.119452841107504,15.03743409827887,15.330397375904203,15.46562786729856,-0.36,0.06,0.06,0.06,-0.1434893372334292,-0.6620853021325664,4.0592772319308414,-0.3095004995005124,-0.3607492507492313,-10.049500499500512,0.05,0.14,0.16,4.115419514809125,15.238228045647285,-0.04677714856898206
3288.9700000000007,0.0,4.237372932031075,15.086357306061355,15.031028510850584,15.240719151908197,15.34392170616112,-0.36,0.06,0.06,0.06,-0.1439893497337412,-0.65808520213007,4.046276906922728,-0.2795304695305771,-0.4057042957041343,-10.019530469530578,0.05,0.14,0.16,4.1019709742507295,15.175506668745314,-0.03657365591117027
3288.980000000001,0.0,4.222423759218645,15.05150004012036,15.02568374122367,15.155055005015043,15.228558746238717,-0.36,0.06,0.06,0.06,-0.1444893622340533,-0.6540851021275736,4.033276581914615,-0.3041426783476943,-0.2014868585747565,-10.01682853566954,0.05,0.14,0.16,4.088523508902068,15.115199383149449,-0.06648309900049461
3288.9900000000007,0.0,4.207474586406216,14.982813981945965,15.04070881644932,15.146469247743246,15.234998064192563,-0.36,0.06,0.06,0.06,-0.1449893747343653,-0.6500850021250772,4.020276256906501,-0.3542052565704571,0.1189136420509254,-10.02684105131409,0.05,0.14,0.16,4.075077129407488,15.101247527582775,-0.11509622767319078
3289.000000000001,0.0,4.2,14.915446453386568,15.049912906773136,15.140497325668656,15.236092906773136,-0.3567599999999918,0.06,0.06,0.06,-0.1454893872346802,-0.6460849021225581,4.007275931898314,-0.4452009987516352,0.1242896379524642,-9.941126092384431,0.05,0.14,0.16,4.061631846551351,15.085487398150374,-0.15918539404650256
3289.0100000000007,0.0,4.2,14.87051768557862,14.960055371157235,15.17900769807547,15.146235371157236,-0.2967599999999918,0.06,0.06,0.06,-0.1459893997349922,-0.6420848021200617,3.994275606890201,-0.5550636704120939,-0.0155355805244833,-9.81128838951298,0.05,0.14,0.16,4.048187671260638,15.038954031492139,-0.20118937399800485
3289.020000000001,0.0,4.2,14.825070607569856,14.872853994024007,15.212117529880626,15.064074930278762,-0.2416095380029836,0.06,0.06,0.06,-0.1464894122353043,-0.6380847021175653,3.981275281882088,-0.59,-0.1863279098871623,-9.643672090112837,0.05,0.14,0.16,4.034744614606828,14.993529265438312,-0.22052889872783088
3289.0300000000007,0.0,4.2,14.77071801792849,14.83129024900414,15.152436254980302,15.11416457171296,-0.2714157973174205,0.06,0.06,0.06,-0.1469894247356163,-0.6340846021150689,3.9682749568739744,-0.59,-0.3715594493108576,-9.458440550689142,0.05,0.14,0.16,4.021302687808601,14.967152273406473,-0.22930053964467037
3289.040000000001,0.0,4.2,14.718667793380169,14.788451755266133,15.084614232699233,15.153173650953766,-0.3,0.06,0.06,0.06,-0.1474894372359284,-0.6300845021125725,3.9552746318658607,-0.6617827715350557,-0.3035255930096637,-9.41367290886382,0.05,0.14,0.16,4.007861902234187,14.936226858074825,-0.26725609204123285
3289.0500000000006,0.0,4.2,14.713301695085276,14.719765697091542,14.851725566701017,14.96750664995058,-0.3,0.06,0.06,0.06,-0.1479894497362404,-0.6260844021100761,3.942274306857748,-0.7666516853927664,-0.1187565543079831,-9.433647940074811,0.05,0.14,0.16,3.9944222694038625,14.813074902207102,-0.3186631040025508
3289.060000000001,0.0,4.2,14.705046620034816,14.650923277541656,14.636846749937826,14.795306719960209,-0.2984553861534422,0.06,0.06,0.06,-0.1484894622365553,-0.6220843021075569,3.929273981849561,-0.7522002503128297,0.059499374217926,-9.593642052565905,0.05,0.14,0.16,3.9809838009923944,14.697030841868626,-0.30813243455349887
3289.0700000000006,0.0,4.2,14.645171526355131,14.57928700474632,14.743766560080118,14.863735398451276,-0.2684628842789771,0.06,0.06,0.06,-0.1489894747368674,-0.6180842021050605,3.916273656841447,-0.6821126408009617,0.2347183979975958,-9.818923654568335,0.05,0.14,0.16,3.9675465088319375,14.70799012240821,-0.2687217318365725
3289.080000000001,0.0,4.2,14.586837831084436,14.515030189905096,14.841930429785064,14.92864,-0.2415296175954922,0.06,0.06,0.06,-0.1494894872371794,-0.6140841021025641,3.9032733318333337,-0.564289637952736,0.2284719101124731,-10.016474406991028,0.05,0.14,0.16,3.954110404914213,14.718109612693649,-0.19860784832175044
3289.0900000000006,0.0,4.2,14.556892803598227,14.586684362818524,14.778831979010551,14.92864,-0.2715221194700425,0.06,0.06,0.06,-0.1499894997374915,-0.6100840021000677,3.890273006825221,-0.4244644194761853,0.1385842696632619,-10.201243445692183,0.05,0.14,0.16,3.940675501393496,14.712762286356826,-0.11434224305131895
3289.100000000001,0.0,4.1854303646143896,14.528027611902996,14.646991062766062,14.714109682420837,14.922586566641952,-0.3015138646014755,0.06,0.06,0.06,-0.1465734143353749,-0.6119580489512143,3.882167804195143,-0.3629286608261529,-0.0914418022513963,-10.14050062578307,0.05,0.14,0.16,3.9328365436915176,14.702928730932962,-0.0789511105519698
3289.1100000000006,0.0,4.1555439330543535,14.519465471367868,14.493942800700642,14.618855868967533,14.802716599150154,-0.3314913814638003,0.06,0.06,0.06,-0.1430733268331906,-0.6139580989524624,3.8741676041901503,-0.3378973717147714,-0.3868110137656969,-9.9652816020034,0.05,0.14,0.16,3.9251228196677985,14.60874518504655,-0.06634895509299198
3289.120000000001,0.0,4.1256575014943175,14.507961727409135,14.350825042436188,14.533200479280728,14.692937643534403,-0.3570724421212444,0.06,0.06,0.06,-0.1395732393310062,-0.6159581489537107,3.866167404185157,-0.3436729088638201,-0.3706167290894389,-9.721997503122472,0.05,0.14,0.16,3.9174143931404073,14.521231223165113,-0.10679071939985264
3289.130000000001,0.0,4.095771069934113,14.441721088367448,14.39249254118822,14.626151053419871,14.770930654018974,-0.2973263629573881,0.06,0.06,0.06,-0.136073151828802,-0.6179581989549703,3.858167204180119,-0.3636479400749262,-0.2108164794005905,-9.447340823969764,0.05,0.14,0.16,3.909711295443096,14.557823834248628,-0.17168150735430832
3289.140000000001,0.0,4.065884638374077,14.380663039999924,14.431749120000015,14.71248288000008,14.839427680000211,-0.2387804265997471,0.06,0.06,0.06,-0.1325730643266176,-0.6199582489562184,3.8501670041751264,-0.3973141426783831,-0.0439148936168718,-9.428285356695955,0.05,0.14,0.16,3.9020135581354247,14.591080680000058,-0.2032261439379902
3289.1500000000005,0.0,4.035998206814041,14.422393039999928,14.423189120000014,14.66754288000008,14.719587680000211,-0.2086675031367892,0.06,0.06,0.06,-0.1290729768244333,-0.6219582989574667,3.842166804170133,-0.4373642052565933,0.1262978723405216,-9.528410513141484,0.05,0.14,0.16,3.8943212130043046,14.558178180000057,-0.21922228178892134
3289.1600000000008,0.0,4.006111775254006,14.458419304478504,14.412470072554514,14.620442521891588,14.607504543407478,-0.169920000000401,0.06,0.06,0.06,-0.1255728893222489,-0.6239583489587148,3.8341666041651408,-0.4807717282716521,-0.0251448551443471,-9.563419080919072,0.05,0.14,0.16,3.886634292065986,14.524709110583021,-0.21275367062994377
3289.170000000001,0.0,3.9762253436939696,14.381321481111124,14.35892991743828,14.53049506129631,14.649265864398142,0.040079999999002,0.06,0.06,0.06,-0.1220728018200646,-0.6259583989599631,3.826166404160148,-0.5257267732265551,-0.3248451548437005,-9.568414085914062,0.05,0.14,0.16,3.8789528275678373,14.480003081060964,-0.19593059882434624
3289.1800000000007,0.0,3.946338912133934,14.307299045715798,14.305975913065437,14.445158775918044,14.68779564326768,0.245752808987872,0.06,0.06,0.06,-0.1185727143178802,-0.6279584489612112,3.818166204155155,-0.512665832290606,-0.4815018773461365,-9.59391739674572,0.05,0.14,0.16,3.871276851990189,14.436557344491739,-0.17139510586886642
3289.190000000001,0.0,3.916452480573728,14.292330272295793,14.264277187109704,14.448366370222333,14.664273285036243,0.3656029962545083,0.06,0.06,0.06,-0.115072626815676,-0.6299584989624708,3.810166004150117,-0.4726157697121681,-0.5716145181476218,-9.628961201501854,0.05,0.14,0.16,3.863606398048147,14.417311778666019,-0.14327178329395351
3289.2000000000007,0.0,3.9,14.275769377655667,14.222680154961328,14.450957875531136,14.634845438640596,0.4881899999997933,0.06,0.06,0.06,-0.1115725393134916,-0.6319585489637191,3.802165804145124,-0.4907788317522774,-0.3400898652029913,-9.687878182725765,0.05,0.14,0.16,3.8559414986936362,14.396063211697182,-0.16452965637446465
3289.210000000001,0.0,3.9,14.227631412147016,14.183100049987548,14.441330282429403,14.488292076980915,0.6681899999997933,0.06,0.06,0.06,-0.1080724518113073,-0.6339585989649672,3.7941656041401313,-0.5357114328505447,0.0393409885157102,-9.757773339989736,0.05,0.14,0.16,3.848282187117023,14.33508845538622,-0.20849567052280846
3289.2200000000007,0.0,3.9,14.179240019990036,14.145247601199404,14.43216,14.352560769615144,0.8427272727271953,0.06,0.06,0.06,-0.1045723643091229,-0.6359586489662155,3.786165404135138,-0.5773209814720763,0.2214722083121716,-9.855132699048209,0.05,0.14,0.16,3.8406284967491877,14.277302097701147,-0.22667341068324376
3289.230000000001,0.0,3.9,14.125766756621806,14.142039205397309,14.43216,14.433840129934856,0.902667332667066,0.06,0.06,0.06,-0.1010722768069386,-0.6379586989674636,3.7781652041301457,-0.6173810716073552,0.3116074111165493,-9.965297946920227,0.05,0.14,0.16,3.8329804612633995,14.283451522988493,-0.23282670637398856
3289.2400000000007,0.0,3.9,14.072840039990156,14.134154971257564,14.423554536366582,14.506316001000144,0.96,0.06,0.06,0.06,-0.0975721893047542,-0.6399587489687119,3.7701650041251527,-0.6163171036205248,0.1381772784027418,-10.099200998751195,0.05,0.14,0.16,3.8253381145772374,14.284216387153611,-0.19417080423749955
3289.250000000001,0.0,3.9,14.03112046988242,14.030390912271654,14.23849080229893,14.398273011746774,0.96,0.06,0.06,0.06,-0.09407210180255,-0.6419587989699714,3.7621648041201134,-0.5963420724094755,-0.156454431960236,-10.244019975031303,0.05,0.14,0.16,3.817701490854497,14.174568799049945,-0.13490921258880403
3289.2600000000007,0.0,3.9,13.989400899774925,13.93056346913266,14.063465438640446,14.294953961509606,0.96,0.06,0.06,0.06,-0.0905720143003657,-0.6439588489712196,3.7541646041151218,-0.5319148936170539,-0.1748310387985404,-10.29,0.05,0.14,0.16,3.8100706245073215,14.06959594226441,-0.10440387408690673
3289.270000000001,0.0,3.9,13.947681329667542,13.91237801549611,14.09662714821298,14.289605298675326,0.96,0.06,0.06,0.06,-0.0870719267981813,-0.6459588989724678,3.7461644041101287,-0.4468085106383572,-0.0646933667084622,-10.29,0.05,0.14,0.16,3.8024455501979073,14.061572948012989,-0.08727598668245755
3289.2800000000007,0.0,3.9,13.907422053973026,13.894046786606724,14.127598750624706,14.282553573213445,0.961318022965458,0.06,0.06,0.06,-0.083571839295997,-0.647958948973716,3.738164204105136,-0.389213483146181,-0.1599875156050137,-10.221585518102623,0.05,0.14,0.16,3.794826302840675,14.052905291104477,-0.06837916300941131
3289.290000000001,0.0,3.9,13.897796866566743,13.87265748125943,14.1126262368816,14.23977496251886,0.9912730903643028,0.06,0.06,0.06,-0.0800717517938126,-0.6499589989749642,3.730164004100143,-0.3442696629215754,-0.3497503121089038,-10.121710362047946,0.05,0.14,0.16,3.7872129176042217,14.030713886806657,-0.04866888689167839
3289.3000000000006,0.0,3.894156331266255,13.885934448517425,13.850093905365084,14.094226474508895,14.196520043319127,1.0216405468486744,0.06,0.06,0.06,-0.079534933409304,-0.6472096004558245,3.721163734776778,-0.3709909909906524,-0.3553453453457968,-9.919204204205617,0.05,0.14,0.16,3.7778652190850415,14.006693717927632,-0.08770765053350513
3289.310000000001,0.0,3.879153330666065,13.826034415194918,13.802316497834042,14.002237137620767,14.14303787070975,1.061653884628128,0.06,0.06,0.06,-0.0790601334187977,-0.6443608005127864,3.712142534957157,-0.431051051051073,-0.275265265265236,-9.668953953953862,0.05,0.14,0.16,3.7684815968466427,13.943406480339869,-0.15407655355177438
3289.3200000000006,0.0,3.864150330065961,13.766134381872757,13.75453909030327,13.91024780073316,14.089555698100677,1.101667222407354,0.06,0.06,0.06,-0.078585333428294,-0.6415120005697645,3.703121335137588,-0.4431618381618357,-0.0858841158840563,-9.518199300699274,0.05,0.14,0.16,3.759098419070223,13.880119242752466,-0.20065113857210456
3289.330000000001,0.0,3.8491473294658576,13.707819072781698,13.710789042871305,13.824719506480456,14.035012377866542,1.1488155922031362,0.06,0.06,0.06,-0.0781105334377904,-0.6386632006267426,3.6941001353180174,-0.4331718281718288,0.1538761238761071,-9.413304195804203,0.05,0.14,0.16,3.7497156890923513,13.819585,-0.2381021190223586
3289.3400000000006,0.0,3.8341443288657535,13.6843494815554,13.75559462612151,13.88125988534381,13.95713600697928,1.358710644677164,0.06,0.06,0.06,-0.0776357334472867,-0.6358144006837206,3.685078935498449,-0.4675844806007297,0.0864956195244862,-9.400500625782216,0.05,0.14,0.16,3.740333410282976,13.819585,-0.24458977197615842
3289.350000000001,0.0,3.8191413282656494,13.659840239222715,13.795600388736911,13.932440403688334,13.882739930226707,1.5686056971511673,0.06,0.06,0.06,-0.0771609334567831,-0.6329656007406987,3.6760577356788793,-0.5226533166457689,-0.1237672090111175,-9.430538172715874,0.05,0.14,0.16,3.730951586045775,13.817655240468666,-0.2366732396110835
3289.3600000000006,0.0,3.8041383276655454,13.608646618490113,13.712410755046434,13.846051168702068,13.897671402940382,1.778500749624599,0.06,0.06,0.06,-0.0766861334662794,-0.6301168007976768,3.6670365358593098,-0.5707942057940728,-0.2071078921078182,-9.546068931068472,0.05,0.14,0.16,3.7215702198185854,13.76619498629475,-0.22668956535178084
3289.370000000001,0.0,3.7891353270654418,13.559139934722555,13.62910176249096,13.757976183781675,13.90944176249096,1.984798800299396,0.06,0.06,0.06,-0.0762113334757758,-0.6272680008546548,3.65801533603974,-0.6157492507489758,-0.2320829170827643,-9.70091408591314,0.05,0.14,0.16,3.712189315073826,13.713914910871537,-0.21575530759366857
3289.380000000001,0.0,3.774132326465253,13.562363635450671,13.542061842831862,13.617207918653998,13.82240184283186,2.1047688077979383,0.06,0.06,0.06,-0.0757365334852694,-0.6244192009116167,3.64899413622012,-0.5821421421422273,-0.1579579579581038,-9.965360360359975,0.05,0.14,0.16,3.702808875318883,13.636008809942098,-0.17215622061458363
3289.390000000001,0.0,3.759129325865149,13.562051871577683,13.45669282229954,13.482252453957209,13.740104345445578,2.223555888971965,0.06,0.06,0.06,-0.0752617334947658,-0.6215704009685948,3.63997293640055,-0.5120720720721349,-0.0378378378379454,-10.280675675675392,0.05,0.14,0.16,3.693428904096753,13.560275373320003,-0.11339644423131783
3289.4000000000005,0.0,3.75,13.47577013937285,13.411954146341476,13.488643693379789,13.773125749128909,2.3135783945983155,0.06,0.06,0.06,-0.0747869335042621,-0.6187216010255728,3.6309517365809807,-0.5105294705294402,-0.1026473526472007,-10.24655844155864,0.05,0.14,0.16,3.684049404986184,13.537373432055755,-0.11130253525830296
3289.4100000000008,0.0,3.75,13.391956784196068,13.369591937984392,13.494285066266624,13.802757049262558,2.403596403596014,0.06,0.06,0.06,-0.0743121335137585,-0.6158728010825509,3.621930536761411,-0.5404995004994606,-0.2524975024973029,-10.051753246753506,0.05,0.14,0.16,3.6746703816023336,13.514647709427411,-0.1352666529046975
3289.420000000001,0.0,3.75,13.38660544636161,13.402770232558016,13.476090517629476,13.724627516879512,2.493506493506075,0.06,0.06,0.06,-0.0738373335232548,-0.613024001139529,3.6129093369418417,-0.4987108886108871,-0.3,-9.877163954943953,0.05,0.14,0.16,3.6652918375971755,13.497523428357152,-0.14271583617133307
3289.4300000000007,0.0,3.75,13.37863372000039,13.43399124000013,13.459554609999849,13.651905299999582,2.5834182908541217,0.06,0.06,0.06,-0.0733625335327511,-0.610175201196507,3.6038881371222726,-0.4236170212767429,-0.3,-9.711957446808835,0.05,0.14,0.16,3.6559137766599727,13.481021217499988,-0.14249996204643428
3289.440000000001,0.0,3.75,13.28875371999988,13.40403123999996,13.494864610000048,13.748205300000128,2.6733733133432462,0.06,0.06,0.06,-0.0728877335422448,-0.6073264012534689,3.594866937302652,-0.3897303370786233,-0.197303370786233,-9.632614232209662,0.05,0.14,0.16,3.646536202517694,13.483963717500005,-0.15380660750943842
3289.4500000000007,0.0,3.75,13.203218990000064,13.37350734999994,13.525199109999845,13.83511818999974,2.7633299999997814,0.06,0.06,0.06,-0.0724129335517411,-0.604477601310447,3.585845737483082,-0.3747490636704214,-0.0474906367042144,-9.59266416978779,0.05,0.14,0.16,3.6371591189357098,13.484260909999897,-0.17039966057322375
3289.460000000001,0.0,3.75,13.25350898999992,13.325357350000075,13.4000091100002,13.628608190000328,2.853329999999781,0.06,0.06,0.06,-0.0719381335612375,-0.6016288013674251,3.576824537663513,-0.3255494367961021,-0.2017371714638441,-9.614192740926075,0.05,0.14,0.16,3.6277825297179658,13.401870910000131,-0.13458023563934576
