t_s,ICU_Brakpresr_bar,ICU_Speed_kmh,ICU_Speedfl_kmh,ICU_Speedfr_kmh,ICU_Speedrl_kmh,ICU_Speedrr_kmh,ICU_SteeringAngle_deg,SBG_GPS1_VELOCITY_ACC_D,SBG_GPS1_VELOCITY_ACC_E,SBG_GPS1_VELOCITY_ACC_N,GPS1_VEL_D_ms,GPS1_VEL_E_ms,GPS1_VEL_N_ms,IMU_ACCEL_X_ms2,IMU_ACCEL_Y_ms2,IMU_ACCEL_Z_ms2,SBG_VELOCITY_ACC_D,SBG_VELOCITY_ACC_E,SBG_VELOCITY_ACC_N,GPS1_VEL_MAG_ms,WHEEL_SPEED_kmh,IMU_ACCEL_LONG_ms2
2108.6400000000003,0.0,18.77319490090625,68.69212976581959,68.7321158844045,68.98006905829598,69.14436070752359,-2.534025974026005,0.0536687500000001,0.0536687500000001,0.0536687500000001,-0.3503590000000258,-3.2556830000000168,18.44064799999998,1.408595744680814,3.2560425531900217,-10.254042553190892,0.06,0.19,0.16,18.729114284591073,68.88716885401091,0.18506143700959016
2108.65,0.0,18.763235733492664,68.77316613851494,68.88139341305384,68.94168340807187,69.26378273044307,-2.593966033966046,0.0541687499999997,0.0541687499999997,0.0541687499999997,-0.3558590000000212,-3.259183000000013,18.436647999999984,1.3184831038800977,-0.3134192740828085,-8.802227784734903,0.06,0.19,0.16,18.725888468408474,68.96500642252093,0.3062497671841875
2108.6600000000003,0.0,18.75327656607907,68.82946682706779,68.99574,68.93060354887177,69.32212700751954,-2.619120000000004,0.0546687499999992,0.0546687499999992,0.0546687499999992,-0.3613590000000165,-3.2626830000000107,18.432647999999983,1.2950649350644443,-2.9648701298654463,-7.796883116884,0.06,0.19,0.16,18.72266522099013,69.01948434586478,0.4219454795601369
2108.67,0.0,18.75,68.80479514786981,68.99574,69.00890931328274,69.18053302255721,-2.5291200000000043,0.0551687499999988,0.0551687499999988,0.0551687499999988,-0.3668590000000118,-3.266183000000008,18.428647999999992,1.3949650349645126,-3.918916083911097,-7.617062937063877,0.06,0.19,0.16,18.71944454366298,68.99749437092744,0.5274853259776894
2108.6800000000003,0.0,18.75,68.79548674337141,68.99574,69.03754119059616,69.12574259129417,-2.418292134831574,0.0556687499999984,0.0556687499999984,0.0556687499999984,-0.3723590000000071,-3.269683000000005,18.424648,1.3220070070091117,-2.86486986989542,-7.856336336330902,0.06,0.1858804865151327,0.16,18.716226437753793,68.98862763131544,0.42959233799782937
2108.69,0.0,18.75,68.83509654827382,68.99574,68.90800642321263,69.3473433916941,-2.238516853933152,0.056168749999998,0.056168749999998,0.056168749999998,-0.3778590000000024,-3.2731830000000017,18.420648,0.9266116116135904,1.93492992990591,-8.877357357352249,0.06,0.18,0.16,18.713010904589193,69.02154659079514,-0.047769919884274814
2108.7000000000003,0.0,18.75,68.89580938663977,69.02558415197377,68.88812409237542,69.54994048174774,-2.045180393132448,0.0566687500000004,0.0566687500000004,0.0566687500000004,-0.383359000000029,-3.2766830000000184,18.416647999999977,0.7696364541833923,4.104327689241838,-9.7637450199206,0.06,0.18,0.16,18.70979794549565,69.08986452818417,-0.1919224299775039
2108.71,0.0,18.75,69.02334849764051,69.1499347851995,69.21547447727733,69.69235915569858,-1.806315003731952,0.05716875,0.05716875,0.05716875,-0.3888590000000242,-3.280183000000016,18.412647999999983,1.0535009960157016,1.410104581675534,-10.40119521912298,0.06,0.18,0.16,18.706587561799548,69.27027922895398,0.28003083291175146
2108.7200000000003,0.0,18.75,69.1315088983902,69.20052605130854,69.42918149899457,69.7686293108657,-1.5934740015069564,0.0576687499999995,0.0576687499999995,0.0576687499999995,-0.3943590000000196,-3.283683000000013,18.408647999999985,0.9421134538171718,-1.766782128505033,-10.785562248996206,0.06,0.18,0.16,18.70337975482703,69.38246143988975,0.6311384995965226
2108.73,0.0,18.75,69.17349078973825,68.99922826458841,69.25479518108729,69.61900154426625,-1.4729012810850268,0.0581687499999991,0.0581687499999991,0.0581687499999991,-0.3998590000000149,-3.287183000000009,18.40464799999999,0.0736395582362103,-5.8681877509885325,-10.68516064257066,0.06,0.18,0.16,18.700174525904128,69.26162894492005,0.7507722400220203
2108.74,0.0,18.75,69.15237337295812,68.75695670133933,69.15941343239142,69.52250274888519,-1.2840895522387157,0.0586687499999987,0.0586687499999987,0.0586687499999987,-0.4053590000000102,-3.2906830000000067,18.400648,-0.6793033707839885,-6.726359550585887,-10.684853932583405,0.06,0.18,0.16,18.69697187635672,69.14781156389351,0.5871085523173657
2108.75,0.0,18.75,68.92978793462267,68.38386110946276,69.31628316988498,69.59563796433827,-0.8661791044781834,0.0591687499999982,0.0591687499999982,0.0591687499999982,-0.4108590000000055,-3.294183000000004,18.396647999999995,-1.218629213480786,-1.5877827715580652,-10.869622971285084,0.06,0.18,0.16,18.693771807510487,69.05639254457716,-0.10037288712615308
2108.76,0.0,18.75,68.65981347326439,68.14125275862017,69.39270946526786,69.67056081959002,-0.493893473367724,0.0596687500000007,0.0596687500000007,0.0596687500000007,-0.4163590000000321,-3.297683000000021,18.392647999999976,-1.7235319148937982,2.293872340426162,-10.993489361702132,0.06,0.18,0.16,18.690574320690985,68.96608412918562,-0.6548120007080517
2108.77,0.0,18.74316392625808,68.22133271364365,68.36263206896528,69.18309427286378,69.75184017990996,-0.2838409602395745,0.06,0.06,0.06,-0.4206590621039386,-3.3003295310519696,18.38406844106456,-2.164082603252857,3.825787234038344,-11.003501877346656,0.06,0.18,0.16,18.682695242009643,68.87972480884567,-0.9605364075405205
2108.78,0.0,18.733198804185346,67.8629918179545,68.46641937484378,69.00033786946739,69.83827763940982,-0.1332033008253071,0.06,0.06,0.06,-0.4226089499853834,-3.301304474992692,18.366519450131552,-2.5499350649336674,3.498051948070437,-10.79785714286011,0.06,0.18,0.16,18.665643473324867,68.79200667541886,-1.0871561659609417
2108.79,0.0,18.723233682112603,67.7912838909728,68.14962017504402,68.91364619654921,69.94316386096516,-0.1932183045762069,0.06,0.06,0.06,-0.4245588378668281,-3.302279418933414,18.348970459198547,-2.8346503496488613,-0.2681818181621311,-10.193461538464698,0.06,0.18,0.16,18.648592882039733,68.6994285308828,-0.882610919190859
2108.8,0.0,18.713268560039868,67.74896350364952,67.89347086836152,68.90208954945834,69.99016347344607,-0.24,0.06,0.06,0.06,-0.4265087257482729,-3.303254362874137,18.331421468265543,-3.007781945486569,-2.8805801450336577,-10.05657914478204,0.06,0.18,0.16,18.631543471386724,68.63367184872887,-0.6898208545072918
2108.81,0.0,18.703303437967133,67.81144525547415,67.85361181978372,69.158480186256,69.83072727913492,-0.24,0.06,0.06,0.06,-0.4284586136297177,-3.304229306814859,18.31387247733254,-2.972773193298545,-3.3406951737905564,-10.791762940730562,0.06,0.18,0.16,18.61449524460994,68.6635661351622,-0.5189580778996703
2108.82,0.0,18.6933383158944,67.79855123042687,67.79556384787554,69.26052390753452,69.57355276659611,-0.2264738154614935,0.06,0.06,0.06,-0.4304085015111625,-3.305204250755581,18.296323486399537,-2.656566716647765,-2.7614467766299144,-11.19664167916194,0.06,0.18,0.16,18.59744820496514,68.60704793810827,-0.41172825906637844
2108.83,0.0,18.6833731938216,67.53683609246855,67.6774728709919,68.85305684315226,68.99373670892423,-0.1666234413964478,0.06,0.06,0.06,-0.4323583893926183,-3.306179194696309,18.27877449546644,-1.8169865067492657,-0.2477036481838133,-10.986746626687315,0.06,0.18,0.16,18.58040235571973,68.26527562888424,-0.42293403117283734
2108.84,0.0,18.673408071748863,67.35941818181809,67.58996844155843,68.51178038961048,68.56308480519472,-0.1266266866566588,0.06,0.06,0.06,-0.4343082772740631,-3.307154138637032,18.26122550453343,-1.0850175262918236,1.1474286429675802,-10.473054581877678,0.06,0.18,0.16,18.563357700153144,68.00606295454543,-0.399936783294461
2108.8500000000004,0.0,18.663442949676128,67.47913846153833,67.6102781318681,68.40381835164847,68.65821967032956,-0.1566116941529485,0.06,0.06,0.06,-0.4362581651555078,-3.308129082577754,18.24367651360043,-0.554221332000888,0.4513845768690891,-9.391432148228224,0.06,0.18,0.16,18.546314241556395,68.03786365384612,-0.3129990260316135
2108.86,0.0,18.65347782760339,67.55437139430299,67.64440860569701,68.20051985007588,68.68801955022522,-0.3054627313665617,0.06,0.06,0.06,-0.4382080530369526,-3.309104026518477,18.226127522667426,-0.2767016229701569,-0.1404244694108565,-8.468831460677901,0.06,0.18,0.16,18.52927198323243,68.02182985007528,-0.2978891108970405
2108.87,0.0,18.65,67.47095310344855,67.72782689655145,67.65723149425466,68.48482114942594,-0.8757478739371274,0.06,0.06,0.06,-0.4401579409183974,-3.310078970459199,18.208578531734425,-0.4664644194745856,-0.5399250936307066,-7.839617977531637,0.06,0.18,0.16,18.512230928496155,67.83520816092015,-0.41529798842654775
2108.88,0.0,18.65,67.40970434564171,67.79306,67.27105159005194,68.31162323034444,-1.4922938530726415,0.06,0.06,0.06,-0.4421078287998422,-3.3110539143999214,18.19102954080142,-0.6474413965077067,-0.6085286783076442,-7.612768079797249,0.06,0.18,0.16,18.49519108067443,67.69635979150952,-0.503271132888927
2108.8900000000003,0.0,18.65,67.42798116051245,67.79306,67.44844420497371,68.24604171816124,-2.2719040479783903,0.06,0.06,0.06,-0.444057716681298,-3.3120288583406494,18.17348054986832,-0.8120299251865826,-0.0599002493780579,-8.136458852866399,0.06,0.18,0.16,18.47815244310609,67.72888177091184,-0.5363369357263978
2108.9,0.0,18.65,67.3999652573987,67.79306,67.6409331957224,68.20555045511065,-2.959200000000654,0.06,0.06,0.06,-0.4460076045627428,-3.313003802281372,18.155931558935315,-0.9717293233076092,-0.0379649122763796,-8.42137343358471,0.06,0.18,0.16,18.461115019142316,67.75987722705793,-0.5491294755620283
2108.9100000000003,0.0,18.65,67.21475759761276,67.79306,67.88468350659011,68.25025575230036,-3.319200000000655,0.06,0.06,0.06,-0.4479574924441876,-3.313978746222094,18.13838256800232,-1.1221052631571389,-1.020421052626641,-8.25094736842191,0.06,0.18,0.16,18.444078812146167,67.78568921412581,-0.5232613743240238
2108.92,0.0,18.65,67.08809677758298,67.77563267950983,68.01326637478178,68.30268732049016,-3.7980000000010734,0.06,0.06,0.06,-0.4499073803256324,-3.3149536901628163,18.12083357706931,-1.2968953430132515,-1.7299048572847744,-8.27631447170531,0.06,0.18,0.16,18.427043825492955,67.79492078809119,-0.5043456061563064
2108.9300000000003,0.0,18.65,67.17269022266663,67.69532244683546,67.72629114335875,68.38299755316453,-4.697999999998517,0.06,0.06,0.06,-0.4518572682070771,-3.315928634103539,18.103284586136308,-1.517225838756659,-1.9302053079605992,-8.666900350523168,0.06,0.18,0.16,18.4100100625703,67.74432534150634,-0.49839823004837513
2108.94,0.0,18.65,67.21258874874943,67.63256,67.52027426426379,68.42422932932989,-5.485821455362279,0.06,0.06,0.06,-0.4538071560885219,-3.3169035780442613,18.085735595203303,-1.732069912607762,-1.304144818991765,-9.16785018726084,0.06,0.18,0.16,18.392977526778086,67.69741308558577,-0.5598340856632671
2108.9500000000003,0.0,18.65,67.09262878878876,67.63256,67.60381780780784,68.32569079079076,-5.875918979745346,0.06,0.06,0.06,-0.4557570439699778,-3.3178785219849893,18.068186604270203,-1.9368139825215989,0.8431710362021358,-9.871970037452328,0.06,0.18,0.16,18.375946221528476,67.66367434684685,-0.7453163451365744
2108.96,0.0,18.65,66.98403147639269,67.63256,67.6755412290782,68.20408594554077,-6.232893553223438,0.06,0.06,0.06,-0.4577069318514226,-3.318853465925712,18.0506376133372,-1.9702927927933327,1.6470045045077195,-10.32475225225228,0.06,0.18,0.16,18.358916150246333,67.62405466275291,-0.7716212693038461
2108.9700000000003,0.0,18.62734824439592,66.91560279790161,67.63256,67.70547877591804,68.00093830627043,-6.472773613193074,0.06,0.06,0.06,-0.4596568197328673,-3.319828409866434,18.0330886224042,-1.6850075075087687,-0.0496921921846911,-10.309737237237304,0.06,0.18,0.16,18.3418873163687,67.56364497002252,-0.5016605093041615
2108.98,0.0,18.592632910136874,66.86216,67.63256,67.71105982009009,67.84673004497748,-6.640249937515844,0.06,0.06,0.06,-0.4538198454961369,-3.3216480412010303,18.012695567389184,-1.571967540573064,-1.3255305867635707,-9.91558801498778,0.06,0.18,0.16,18.32202226189082,67.5131274662669,-0.3906831552596733
2108.99,0.0,18.55791757587783,66.86216,67.63256,67.62978045977039,67.86704988505741,-6.550272431892193,0.06,0.06,0.06,-0.4463196579914562,-3.3236480912022786,17.99169504237608,-1.7767116104857372,-1.8249063670383832,-8.82195505618594,0.06,0.18,0.16,18.301555353825044,67.49788758620696,-0.5730222699625119
2109.0,0.0,18.523202241618783,66.84839421855493,67.53806607652113,67.5909517429352,67.9326368042,-6.42745313671626,0.06,0.06,0.06,-0.4388194704867754,-3.325648141203527,17.970694517362972,-1.948447671506626,-1.5260991487333888,-8.527681522276527,0.06,0.18,0.16,18.281092952095296,67.47751221055282,-0.7063006434888549
2109.01,0.0,18.488486907359544,66.785248432108,67.1046077119278,67.70440010502631,68.16060379594909,-6.187513121719175,0.06,0.06,0.06,-0.4313192829820521,-3.327648191204786,17.949693992349747,-2.058612919378956,0.2615823735585088,-9.724476715071384,0.06,0.18,0.16,18.26063507185052,67.4387150112528,-0.7480645685722764
2109.02,0.0,18.453771573100497,66.69992255308523,66.71025849113173,67.74820500124912,68.22568802398216,-5.954115000000017,0.06,0.06,0.06,-0.4238190954773713,-3.3296482412060344,17.92869346733664,-2.0157428214736544,1.4041797752809675,-10.572069912608926,0.06,0.18,0.16,18.240181728304606,67.34601851736205,-0.7242057702812312
2109.03,0.0,18.419056238841453,66.5352660454661,66.45578934299307,67.54291896577593,67.70819614289347,-5.744115000000017,0.06,0.06,0.06,-0.4163189079726905,-3.3316482912072827,17.907692942323536,-1.691148564295026,1.3592359550562343,-10.7768139825216,0.06,0.18,0.16,18.219732936736044,67.06054262428215,-0.5795415039594871
2109.04,0.0,18.38434090458241,66.4167911627906,66.22611550387627,67.38589596899222,67.32320558139514,-5.586551724137919,0.06,0.06,0.06,-0.4088187204680098,-3.333648341208531,17.886692417310428,-1.4135118898627304,0.6213767209054162,-10.603804755946785,0.06,0.18,0.16,18.19928871248868,66.83800205426355,-0.4357633289725417
2109.05,0.0,18.349625570323365,66.4649532033007,66.08591045261355,67.40302025006247,67.41631885971468,-5.616536731634123,0.06,0.06,0.06,-0.4013185329633291,-3.335648391209779,17.86569189229732,-1.2232740926167731,-1.4061576971107077,-9.727709637050928,0.06,0.18,0.16,18.178849070971967,66.84255069142284,-0.2936343740522304
2109.06,0.0,18.31491023606432,66.486692129222,65.9762,67.30524055800488,67.46935907489022,-5.6772236748271085,0.06,0.06,0.06,-0.3938183454586483,-3.3376484412110274,17.844691367284216,-1.0877626024338285,-2.405324062584152,-9.0918202135599,0.06,0.18,0.16,18.158414027661284,66.80937294052929,-0.24046463461145418
2109.07,0.0,18.3,66.41336858541408,65.9762,66.7940707097438,67.37822838472891,-5.848367007368091,0.06,0.06,0.06,-0.3863181579539675,-3.3396484912122752,17.82369084227111,-1.0529972684382989,-1.511358331270534,-8.898127638441949,0.06,0.18,0.16,18.13798359809823,66.6404669199717,-0.35106072367235197
2109.08,0.0,18.3,66.32709926001054,65.99626263558002,66.40238322351702,67.27170733569908,-6.02123490858954,0.06,0.06,0.06,-0.3788179704492441,-3.341648541213535,17.802690317257884,-1.0708960483260006,-0.2520312106753226,-8.853496098665584,0.06,0.1760140997831062,0.16,18.117557797890903,66.49936311370166,-0.49477537115339165
2109.09,0.0,18.3,66.17958785605717,66.11123475924957,66.57592605169746,67.0923797465793,-6.207506036564396,0.06,0.06,0.06,-0.3713177829445634,-3.343648591214784,17.781689792244777,-1.1917115529824336,1.7212886987130829,-9.100161087339137,0.06,0.17,0.16,18.09713664271466,66.48978210339588,-0.7032106283669532
2109.1000000000004,0.0,18.3,66.03207645210378,66.2262068829191,66.7494688798779,66.9130521574595,-6.393777164539252,0.06,0.06,0.06,-0.3638175954398827,-3.345648641216031,17.760689267231673,-1.183846153846582,2.2263736263774705,-9.115824175824892,0.06,0.17,0.16,18.076720148311768,66.48020109309007,-0.7507194067791826
2109.11,0.0,18.3,65.90025661691564,66.26610079602058,66.87036333333354,66.76907532338312,-6.520664501624036,0.06,0.06,0.06,-0.3563174079352019,-3.34764869121728,17.739688742218565,-0.939090909091415,0.028571428575971,-8.706233766234613,0.06,0.17,0.16,18.056308330492215,66.45144901741322,-0.5019771673959225
2109.12,0.0,18.3,65.82572925373168,66.03187194029957,66.79903000000031,66.75416985074634,-6.430731951037061,0.06,0.06,0.06,-0.3488172204305212,-3.349648741218528,17.71868821720546,-1.047883941968907,-1.627613806901686,-8.287673836919641,0.06,0.17,0.16,18.035901205133925,66.35270026119447,-0.42964014876785706
2109.13,0.0,18.3,65.80037004263762,65.84566,66.67277939302927,66.77048834712737,-6.36,0.06,0.06,0.06,-0.3413170329258404,-3.351648791219776,17.697687692192353,-1.8132666333136127,-2.2779389694821552,-7.852456228115789,0.06,0.17,0.16,18.015498788183105,66.27232444569856,-0.6849128258312843
2109.1400000000003,0.0,18.3,65.9656873238024,65.84566,66.33355691998987,66.90789491848511,-6.36,0.06,0.06,0.06,-0.333816845421117,-3.3536488412210352,17.67668716717913,-2.192473763118329,-1.6475262368805628,-8.783853073464417,0.06,0.17,0.16,17.995101095654487,66.26319979056935,-0.7368543360919164
2109.15,0.0,18.3,66.10100258160976,65.84566,66.09946463992024,66.96909547470723,-6.353580000000003,0.06,0.06,0.06,-0.3263166579164362,-3.3556488912222835,17.65568664216602,-1.8576411794107128,1.3509745127398889,-12.242123938026673,0.06,0.17,0.16,17.974708143632117,66.25380567405931,-0.4128359396404356
2109.1600000000003,0.0,18.3,66.12446632444548,65.84566,66.25731163717865,66.74618991776799,-6.323580000000002,0.06,0.06,0.06,-0.3188164704117555,-3.357648941223532,17.634686117152913,-1.3965065065087037,2.930380380383716,-14.306066066067723,0.06,0.17,0.16,17.954319948269024,66.24340696984802,-0.10985598357769921
2109.17,0.0,18.276242181636363,66.12830129568987,65.83017777161628,66.37351066296978,66.57694228888305,-6.2808691333498965,0.06,0.06,0.06,-0.3113162829070748,-3.35964899122478,17.61368559213981,-0.7008108108147655,1.874324324330328,-13.780540540543528,0.06,0.17,0.16,17.933936525788038,66.22723300478974,0.15405258319126597
2109.1800000000003,0.0,18.236212159119507,66.05601493319939,65.75465470632771,66.32819682379663,66.61578272246003,-6.191472560218535,0.06,0.06,0.06,-0.3182449999999892,-3.3558775000000054,17.60175500000001,-0.4416004993718549,0.4816054931480961,-12.525942571803997,0.06,0.17,0.16,17.921634209944603,66.18866229644594,0.19605133278205433
2109.19,0.0,18.196182136602648,65.99263162709347,65.6977555661084,66.3035825593598,66.63085547113272,-6.10195048762198,0.06,0.06,0.06,-0.3282449999999814,-3.350877500000009,17.591755000000017,-0.9859200998714008,-1.5308789013593986,-9.92918851437497,0.06,0.17,0.16,17.91105716533943,66.1562063059236,-0.17046571744555042
2109.2000000000003,0.0,18.156152114085565,65.96053965008753,65.70631342664333,66.35172052486872,66.56239258685336,-6.011927981995374,0.06,0.06,0.06,-0.3382450000000305,-3.3458774999999847,17.58175499999997,-1.3977396745930564,-2.2801001251582416,-8.056282853567549,0.06,0.17,0.16,17.90048644045896,66.14524154711324,-0.5142991058745388
2109.21,0.0,18.116122091568705,65.81833466534027,65.66708634486216,66.34709197810423,66.53259520776301,-5.90382000000025,0.06,0.06,0.06,-0.3482450000000228,-3.3408774999999884,17.57175499999998,-1.5629461827281736,-0.6780976220298318,-7.530625782228538,0.06,0.17,0.16,17.889922046505834,66.09127704901742,-0.815912974984075
2109.2200000000003,0.0,18.07609206905185,65.28799378452533,65.45942274695268,66.15646744463861,66.63908936053708,-5.7238200000002495,0.06,0.06,0.06,-0.358245000000015,-3.3358774999999925,17.561754999999984,-1.9424594257158967,0.8890986267128068,-7.768317103616324,0.06,0.17,0.16,17.879363994702263,65.88574333416342,-1.0703518862196537
2109.23,0.0,18.03606204653499,64.86051979452078,65.24851467221256,66.06306840019423,66.75782505381515,-5.562273395394527,0.06,0.06,0.06,-0.3682450000000072,-3.330877499999996,17.551754999999993,-2.71649188513966,2.392219725335726,-9.411263420715796,0.06,0.17,0.16,17.868812296290315,65.73248198018568,-1.237945988641189
2109.24,0.0,17.996032024018135,64.81654719178111,65.02551075831853,66.33213885029173,66.92219883072296,-5.474081332680121,0.06,0.06,0.06,-0.3782449999999995,-3.3258775000000003,17.541755000000002,-3.0467376064130978,2.608695543330278,-10.83877566348803,0.06,0.17,0.16,17.858266962531843,65.77409890777858,-1.1553211991195125
2109.25,0.0,17.95600200150128,64.79896950484851,64.80765622256405,66.54131894333914,66.9843857886712,-5.414705131478133,0.06,0.06,0.06,-0.3882449999999918,-3.320877500000004,17.531755000000008,-2.550993990990432,0.4304281422306841,-11.865315473201631,0.06,0.17,0.16,17.847728004708515,65.78308261485573,-0.6069814190002574
2109.26,0.0,17.915971978984192,64.9125784890247,64.61539486472743,66.45283502297116,66.53868900459543,-5.506612203217117,0.06,0.06,0.06,-0.3982450000000408,-3.31587749999998,17.52175499999996,-2.173684473290475,-1.222860708934827,-11.896450324517843,0.06,0.17,0.16,17.837195434121778,65.62987434532968,-0.30364655358818793
2109.27,0.0,17.900000000000002,65.0025,64.46321999999999,66.23593565479412,66.15032330657357,-5.58,0.06,0.06,0.06,-0.4082450000000331,-3.310877499999984,17.511754999999965,-2.013924113829516,-1.9118272591102128,-10.099146280582053,0.06,0.17,0.16,17.8266692620931,65.46299474034191,-0.4503561769081325
2109.28,0.0,17.900000000000002,65.0025,64.46321999999999,65.53155030607381,65.97959576016117,-5.58,0.06,0.06,0.06,-0.4182450000000254,-3.305877499999988,17.501754999999974,-1.7191885800158797,-1.2536438767893203,-8.97376408715232,0.06,0.17,0.16,17.816149499963657,65.24421651655874,-0.590132277674267
2109.29,0.0,17.900000000000002,64.94709202930501,64.46321999999999,64.92715579975672,65.76750322832861,-5.615550110266622,0.06,0.06,0.06,-0.4282450000000176,-3.300877499999991,17.491754999999984,-1.173233158028261,1.911895817671001,-9.09898322063572,0.06,0.17,0.16,17.805636159094558,65.02624276434759,-0.7170034959760988
2109.3,0.0,17.900000000000002,64.6899784761914,64.46321999999999,64.68676507936594,65.40482679365209,-5.791977456505281,0.06,0.06,0.06,-0.4382450000000099,-3.295877499999995,17.48175499999999,-0.6913479780347109,3.390758861715228,-9.18881178232639,0.06,0.17,0.16,17.795129250866818,64.81119758730236,-0.6953599629093804
2109.31,0.0,17.900000000000002,64.47606,64.46321999999999,64.52524073394409,65.05763608562795,-5.935070170962065,0.06,0.06,0.06,-0.4482450000000021,-3.290877499999999,17.471754999999998,-0.3268946580154318,1.7781777334107465,-9.213774338492094,0.06,0.17,0.16,17.784628786681385,64.63053920489301,-0.4015095059412379
2109.32,0.0,17.900000000000002,64.47606,64.46321999999999,64.7542927217111,64.78713659531262,-5.904450114825293,0.06,0.06,0.06,-0.4582449999999943,-3.285877500000003,17.461755000000007,-0.1162828535663528,-0.2056695869621619,-8.967171464336472,0.06,0.17,0.16,17.774134777959137,64.62017732925592,-0.16181480083545335
2109.33,0.0,17.900000000000002,64.51816082935362,64.46321999999999,64.93992691631058,64.59651258105023,-5.867909999999852,0.06,0.06,0.06,-0.4682450000000434,-3.280877499999978,17.451754999999956,-0.1913767209009239,-2.879011264072892,-8.21623279099076,0.06,0.17,0.16,17.76364723614085,64.6294550816786,-0.022695063476775634
2109.34,0.0,17.900000000000002,64.72253378738347,64.46321999999999,64.95821291781851,64.71375812013052,-5.807910000000023,0.06,0.06,0.06,-0.4782450000000357,-3.2758774999999822,17.441754999999965,-0.4461601150511404,-3.829295302019452,-7.822941035473875,0.06,0.17,0.16,17.75316617268748,64.71443120633313,-0.06896260767378443
2109.3500000000004,0.0,17.900000000000002,64.83473527689709,64.48469570139045,64.99966720175635,64.88881008538617,-5.730374908111148,0.06,0.06,0.06,-0.4882450000000279,-3.270877499999986,17.431754999999974,-1.0310115052719513,-1.614530201347201,-8.086603547458667,0.06,0.17,0.16,17.742691599079755,64.80197706635751,-0.4557642364334018
2109.36,0.0,17.900000000000002,64.61337396926172,64.58389062698178,65.12496605513488,65.27305990241362,-5.583352119578933,0.06,0.06,0.06,-0.4982450000000202,-3.26587749999999,17.42175499999998,-1.5198719958196447,0.5920114942467801,-8.428983803551208,0.06,0.17,0.16,17.732223526818498,64.898822638448,-0.7975620914017663
2109.37,0.0,17.88538339055594,64.40699018052462,64.66652,65.22625052123072,65.5667885634386,-5.4452067381319615,0.06,0.06,0.06,-0.5082450000000125,-3.2608774999999937,17.41175499999999,-1.7445323928930452,2.7759195402161123,-8.988022466036181,0.06,0.17,0.16,17.721761967424566,64.96663731629849,-1.0154940248834619
2109.38,0.0,17.860504055331795,64.27531461479866,64.66652,65.20775064836015,65.40899553013064,-5.353323124043195,0.06,0.06,0.06,-0.5182450000000047,-3.2558774999999978,17.401754999999994,-1.85654595404678,3.31667332669487,-9.117582417588151,0.06,0.17,0.16,17.711306932438838,64.88964519832237,-1.08973250457758
2109.3900000000003,0.0,17.835624720107514,64.162917610664,64.66652,65.16770789235416,65.28348748993963,-5.28,0.06,0.06,0.06,-0.5282450000000538,-3.250877499999973,17.391754999999947,-1.7616408591411752,0.8391508491590969,-8.458241758243952,0.06,0.17,0.16,17.700858433422212,64.82015824823944,-0.90002343439557
2109.4,0.0,17.810745384883372,64.12739447183102,64.66652,65.04176221831001,65.28671686619718,-5.28,0.06,0.06,0.06,-0.5052636257568562,-3.244503027945968,17.36572170676136,-1.8473573573559177,-1.1173423423389492,-7.930007507508484,0.06,0.17,0.16,17.673437176354412,64.78059838908456,-0.805307710771926
2109.4100000000003,0.0,17.78586604965923,64.0613851504039,64.55775367571643,64.87118124724942,65.30905591587165,-5.315629593336833,0.06,0.06,0.06,-0.4752619589976244,-3.237835990888361,17.336275626423596,-2.2677777777764723,-2.108333333330256,-7.644722222223108,0.06,0.17,0.16,17.642446214425345,64.69984399731035,-0.8866210273477599
2109.42,0.0,17.760986714435088,63.88239762289118,64.04591214967128,64.53518711665538,65.40221316703324,-5.492013718765154,0.06,0.06,0.06,-0.4452602922383926,-3.2311689538307538,17.30682954608583,-2.5804868913853327,-1.797677902631961,-7.979288389507526,0.06,0.17,0.16,17.611503583547698,64.46642751406277,-0.9733052088539518
2109.4300000000003,0.0,17.736107379210946,63.7248939024392,63.64052048780446,64.27756195121906,65.41541560975742,-5.6597243491573845,0.06,0.06,0.06,-0.4152586254791608,-3.224501916773147,17.277383465748066,-2.6953433208482136,0.9039450686471064,-9.452446941314042,0.06,0.17,0.16,17.580609538915684,64.26459798780503,-1.0698550216862448
2109.44,0.0,17.711228043986804,63.673786178862,63.76230910569056,64.40804975609703,65.03265138211538,-5.782235834609073,0.06,0.06,0.06,-0.3852569587199291,-3.21783487971554,17.2479373854103,-2.445844806014981,2.526833541930479,-10.692102628278857,0.06,0.17,0.16,17.54976433711833,64.21919910569125,-0.9672145305550995
2109.4500000000003,0.0,17.68634870876252,63.649680095501445,63.86748465946221,64.4823218798692,64.68750157325947,-5.910300000000266,0.06,0.06,0.06,-0.3552552919605267,-3.2111678426578947,17.21849130507237,-1.5196871088886048,2.1463579474353187,-11.498110137669917,0.06,0.17,0.16,17.51896823614447,64.17174705202308,-0.49464918919051437
2109.46,0.0,17.661469373538377,63.7335805730082,63.90620795677302,64.33173127921606,64.4928094395579,-6.060300000000266,0.06,0.06,0.06,-0.3252536252012949,-3.204500805600288,17.189045224734606,-0.7703371628384413,0.9104645354729884,-11.752367632369918,0.06,0.17,0.16,17.488221495388576,64.11608231213879,-0.07601102406924065
2109.4700000000003,0.0,17.650000000000002,63.824497251161326,63.93678,64.1870610858404,64.29525381266872,-6.150301396716315,0.06,0.06,0.06,-0.2952519584420632,-3.1978337685426808,17.15959914439684,-0.3457617382631517,-1.8967282717189264,-10.9931268731294,0.06,0.17,0.16,17.45752437565477,64.0608980374176,0.24356942015487423
2109.48,0.0,17.650000000000002,63.941728848128726,63.93678,64.06459593543696,64.08695838591414,-6.003278608184509,0.06,0.06,0.06,-0.2652502916828315,-3.191166731485074,17.130153064059076,-0.0770170170169484,-3.2060035035085246,-10.124589589593256,0.06,0.17,0.16,17.426877139162585,64.00751579236996,0.33851914288051116
2109.49,0.0,17.650000000000002,64.01042022233524,63.93678,63.98148750884237,63.95147452248515,-5.860224489796396,0.06,0.06,0.06,-0.2352486249235997,-3.1844996944274664,17.10070698372131,-0.0970370370369748,-1.739537037041591,-9.053518518521845,0.06,0.17,0.16,17.396280049551738,63.97004056341569,0.01721307783003581
2109.5,0.0,17.650000000000002,63.83524083880837,63.93678,64.09611105608835,64.1818029711964,-5.737775510204473,0.06,0.06,0.06,-0.2052469581643679,-3.1778326573698594,17.071260903383546,-0.2860739260719221,0.102694805184645,-8.259637862139003,0.0558141962422244,0.1658141962422244,0.1558141962422244,17.365733371887114,64.01248371652328,-0.357976014832255
2109.51,0.0,17.650000000000002,63.64980065000003,63.93678,64.16749019000002,64.39747277999997,-5.633982080637042,0.06,0.06,0.06,-0.1752452914049656,-3.1711656203122147,17.041814823045613,-0.7855744255736838,2.6351623376585773,-7.974922577423,0.05,0.16,0.15,17.335237372663432,64.03788590500001,-0.8321417326861585
2109.52,0.0,17.650000000000002,63.41975065000003,63.93678,64.05086019000002,64.54941277999997,-5.604116475858546,0.06,0.06,0.06,-0.1452436246457338,-3.164498583254608,17.01236874270785,-1.1187734668334508,3.3833516896213407,-7.905809762201549,0.05,0.16,0.15,17.304792319810822,63.989200905000004,-1.0322954301674634
2109.53,0.0,17.650000000000002,63.25095504705296,63.93678,64.00638458642881,64.66739020307084,-5.574311745875319,0.06,0.06,0.06,-0.115241957886502,-3.1578315461970003,16.982922662370086,-1.143804755944832,0.8251539424381615,-8.236222778471783,0.05,0.16,0.15,17.274398482698547,63.96537745913815,-0.7246864821908046
2109.54,0.0,17.650000000000002,63.34846866765706,63.93678,64.27560697374884,64.63771214462612,-5.5447623737995135,0.06,0.06,0.06,-0.0852402911272702,-3.1511645091393934,16.95347658203232,-1.4314706616697936,-1.3888064918787313,-8.841340823965545,0.0541670991177789,0.16,0.15,17.244056132140415,64.049641946508,-0.4994969809066486
2109.55,0.0,17.650000000000002,63.42596940166633,63.93678,64.43007404191013,64.63843418833572,-5.5200000000000005,0.06,0.06,0.06,-0.0552386243680385,-3.1444974720817864,16.924030501694556,-2.2005093632930053,-2.971827715349887,-9.94995505617563,0.06,0.16,0.15,17.2137655403993,64.10781440797804,-0.42537088475286344
2109.56,0.0,17.650000000000002,63.40435869729878,63.93678,64.01622905327169,64.78970911890853,-5.5200000000000005,0.06,0.06,0.06,-0.0252369576088067,-3.137830435024179,16.894584421356793,-2.6298122653323945,-2.862958698384792,-11.350821026275772,0.0561221122112628,0.16,0.15,17.183526981191754,64.03676921736975,-0.36885471558838795
2109.57,0.0,17.62098604930257,63.379579305173976,63.93678,63.69402023993949,64.84302052487138,-5.531907023244117,0.06,0.06,0.06,0.004764709150425,-3.131163397966572,16.865138341019026,-2.429561952441344,0.3810963704502379,-13.29324906131897,0.05,0.16,0.15,17.153340729692534,63.96335001749621,-0.3449709218297161
2109.58,0.0,17.56598329916482,63.34106893276683,63.93678,63.76890151962005,64.47182332416921,-5.591892026993388,0.06,0.06,0.06,-0.017242181054591,-3.128348958723964,16.85504687617189,-2.0197153558047423,2.270227215979649,-14.609935081148672,0.0541858037578101,0.16,0.1541858037578101,17.142913104204567,63.87964344413902,-0.2045095642287299
2109.59,0.0,17.510980549027384,63.31683102517084,63.93678,63.81857309218206,64.14549153525596,-5.659790104947564,0.06,0.06,0.06,-0.0502430060751863,-3.126348908722716,16.849046726168147,-1.2257078651700437,1.6759700374543094,-14.779722846441626,0.06,0.16,0.16,17.136713729281023,63.80441891315221,0.14962228573865433
2109.6000000000004,0.0,17.455977798889943,63.35464399399889,63.93678,63.758643103850815,64.01421632272084,-5.759740129935007,0.06,0.06,0.06,-0.0832438310957816,-3.124348858721468,16.843046576164404,-0.60649899900001,0.4812887887966889,-14.174264264271256,0.06,0.16,0.16,17.130578019823297,63.76607085514264,0.39016285704388487
2109.61,0.0,17.400975048752507,63.39245696282694,63.93678,63.69871311551957,63.88294111018572,-5.85969015492245,0.06,0.06,0.06,-0.1162446561163769,-3.12234880872022,16.837046426160658,-0.3112037037046206,-1.826018518511353,-12.132222222228563,0.06,0.16,0.16,17.12450604426538,63.72772279713306,0.42021117302182676
2109.62,0.0,17.34597229861507,63.366339366265,63.84647070363813,63.6124378704581,63.81068354147119,-5.9170901141609615,0.06,0.06,0.06,-0.1492454811369722,-3.120348758718971,16.831046276156915,-0.3007242409138789,-2.726943753117563,-10.290637132907689,0.06,0.16,0.16,17.11849787042702,63.658982870458104,0.23870887994964246
2109.63,0.0,17.290969548477634,63.06318931966681,63.36482112302326,63.41199984622707,63.99416909599114,-5.800500364343142,0.06,0.06,0.06,-0.1822463061575675,-3.118348708717723,16.82504612615317,-0.8134171229432837,-1.044514683933691,-8.8172672971727,0.06,0.16,0.16,17.112553565510066,63.45854484622707,-0.3313863758507596
2109.6400000000003,0.0,17.23596679833988,62.758704178455645,62.90316,63.23447228509164,64.16897698585426,-5.6786817713691295,0.06,0.06,0.06,-0.2152471311783504,-3.1163486587164635,16.81904597614939,-1.408854559153628,0.8451921627660051,-8.25381311227966,0.06,0.16,0.16,17.106673196094892,63.26632836235039,-0.8131169852461025
2109.65,0.0,17.180964048202444,62.42338317736744,62.90316,63.586093612621646,64.14336218716002,-5.524201853758759,0.06,0.06,0.06,-0.2482479561989457,-3.1143486087152152,16.813045826145647,-2.1624340617906874,3.1310499874317514,-9.429397136393472,0.06,0.16,0.16,17.100856828136912,63.263999744287275,-1.125964362126414
2109.6600000000003,0.0,17.125961298065008,62.16936362921059,62.90316,63.84581500368843,64.10261500368844,-5.40556028368794,0.06,0.06,0.06,-0.281248781219541,-3.112348558713967,16.807045676141904,-2.632367632367846,3.49387112888464,-10.577912087907391,0.06,0.16,0.16,17.095104526962878,63.25523840914686,-1.147690097026123
2109.67,0.0,17.1,62.23355836734678,62.90316,63.74583959183698,64.00263959183698,-5.433929078014186,0.06,0.06,0.06,-0.3142496062401363,-3.1103485087127187,16.801045526138157,-2.582417582417812,0.3320329670474837,-11.676813186808142,0.06,0.16,0.16,17.089416357267456,63.22129938775519,-0.6358302728185194
2109.6800000000003,0.0,17.1,62.28495635678986,62.90316,63.63803015768461,63.89483015768461,-5.465003861003866,0.06,0.06,0.06,-0.3472504312607316,-3.1083484587114705,16.795045376134414,-2.621721903811606,-2.243045103406587,-12.17308497383807,0.06,0.16,0.1558079748164136,17.08379238310975,63.18024416803978,-0.3061583727132221
2109.69,0.0,17.1,62.273876102612434,62.90316,63.49197226170936,63.74877226170937,-5.526779922779832,0.06,0.06,0.06,-0.3802512562813269,-3.1063484087102227,16.789045226130668,-2.826057812109571,-3.73320209318931,-11.55509344630276,0.06,0.16,0.15,17.078232667909788,63.10444515650779,-0.3133524633340984
2109.7000000000003,0.0,17.1,62.25875888286346,62.90316,63.329062359002776,63.60228430585702,-5.58,0.06,0.06,0.06,-0.4132520813021098,-3.104348358708963,16.78304507612689,-2.690413844996732,-3.432921996490929,-10.977188362177392,0.06,0.16,0.15,17.072737274445085,63.02331638693081,-0.38648412691866596
2109.71,0.0,17.1,62.15895411062927,62.90316,62.8126306887212,63.44677454446886,-5.58,0.06,0.06,0.06,-0.4462529063227051,-3.1023483087077146,16.777044926123146,-1.907870579385466,0.2741259091932093,-10.475558063708633,0.06,0.16,0.15,17.067306264847346,62.83037983595484,-0.5850790098867267
2109.7200000000003,0.0,17.1,62.058970277365326,62.90316,62.37762094106026,63.248489118376526,-5.609025000000074,0.06,0.06,0.06,-0.4792537313433003,-3.1003482587064664,16.7710447761194,-1.179860627180712,2.91761075161447,-10.158735689397592,0.06,0.16,0.15,17.061939700598888,62.64706008420053,-0.6634255257736084
2109.73,0.0,17.1,61.958276864785006,62.90316,62.2652682912338,62.88069317979365,-5.759025000000073,0.06,0.06,0.06,-0.5122545563638957,-3.098348208705218,16.765044626115657,-0.5526829268322868,3.594564459927056,-10.183623693379673,0.06,0.16,0.15,17.05663764252943,62.50184958395312,-0.5194324683347668
2109.74,0.0,17.1,61.86426419258274,62.82830683252953,62.15578632112474,62.54439277125204,-5.913906059868592,0.06,0.06,0.06,-0.5452553813844909,-3.0963481587039703,16.759044476111914,-0.1708185231534984,2.7815769712321483,-9.643554443061834,0.06,0.16,0.15,17.051400150812704,62.34818752937226,-0.38839082118761153
2109.75,0.0,17.1,61.800177576595686,62.41815249021241,62.05916342317504,62.3491750794761,-6.089131175468106,0.06,0.06,0.06,-0.5782562064050862,-3.094348108702722,16.753044326108167,-0.2609311639544714,-0.8980225281409169,-8.016520650822043,0.06,0.16,0.15,17.04622728496318,62.15666714236481,-0.2822673844852283
2109.76,0.0,17.1,61.73663639183677,62.01292,61.96511152653039,62.15649565714283,-6.24,0.06,0.06,0.06,-0.6112570314258692,-3.0923480587014622,16.74704417610439,-0.4681350000001026,-3.3375600000000194,-6.765692499999872,0.06,0.16,0.15,17.04111910383277,61.96779089387749,-0.2874771847496429
2109.77,0.0,17.094739988045404,61.71800237823133,62.01292,62.08273873741469,62.17280041904758,-6.24,0.06,0.06,0.06,-0.6442578564464644,-3.090348008700214,16.741044026100646,-0.8981350000001025,-3.4175600000000195,-6.230692499999872,0.06,0.16,0.15,17.03607566560769,61.9966153836734,-0.5045271499843398
2109.78,0.0,17.084777844192057,61.6857184661808,62.01292,62.19185886849365,62.24391300980547,-6.24,0.06,0.06,0.06,-0.6260454011350082,-3.089586989674741,16.713980349508716,-1.3179034275705124,-2.2719639729811743,-6.336805103827322,0.06,0.16,0.15,17.00866307899634,62.03360258611998,-0.7485579682843848
2109.79,0.0,17.07481570033871,61.58886153884868,62.01292,62.26073490570761,62.57430275081618,-6.24,0.06,0.06,0.06,-0.5970446761169093,-3.0890869771744294,16.68247956198906,-1.7182036527386306,1.2056442331668549,-7.662799599696713,0.06,0.16,0.15,16.976573418508544,62.109204798843116,-1.0439268103415185
2109.8,0.0,17.064853556485367,61.53088612684257,62.01292,62.32052609407903,62.82926714720364,-6.2620443587267065,0.06,0.06,0.06,-0.5680439510988103,-3.0885869646741173,16.650978774469397,-1.8464561403523296,3.0568220551424483,-9.32259147868812,0.06,0.16,0.15,16.944531197898783,62.17339984203131,-1.0282980748203416
2109.81,0.0,17.05489141263202,61.643069604492815,62.01292,62.34055885794515,62.7541442827057,-6.377762777241608,0.06,0.06,0.06,-0.5390432260807114,-3.088086952173805,16.61947798694974,-1.46049122807187,1.833764411032939,-11.61331829572929,0.06,0.16,0.15,16.912536686803566,62.18767318628592,-0.4248299874511788
2109.82,0.0,17.044929268778677,61.75538446471628,62.01292,62.35817888382093,62.67336063321814,-6.48,0.06,0.06,0.06,-0.5100425010626125,-3.087586939673493,16.58797719943008,-1.1347419596122172,0.0651458489303488,-12.840972326107169,0.06,0.16,0.1541881240146444,16.880590156500595,62.19996099543884,0.054261915437942565
2109.83,0.0,17.034967124925274,61.87022213576582,62.01292,62.32946946605855,62.4838784759864,-6.48,0.06,0.06,0.06,-0.4810417760443488,-3.0870869271731785,16.556476411910243,-0.9203315881329032,-2.712216404883091,-12.10300174520162,0.06,0.16,0.16,16.848691879916483,62.174122519452695,0.30338189887193384
2109.84,0.0,17.02500498107193,61.92492018486208,61.96837293030311,62.25439357981611,62.336799350487,-6.468696735609245,0.06,0.06,0.06,-0.4520410510262499,-3.0865869146728664,16.52497562439058,-0.8248925537227706,-3.606249375319913,-11.107188905551428,0.06,0.16,0.16,16.816842131635344,62.12112151136708,0.27769204481237164
2109.8500000000004,0.0,17.015042837218584,61.71642655508461,61.72887255558438,61.97640207344615,62.37529048213823,-6.40889110391228,0.06,0.06,0.06,-0.423040326008151,-3.0860869021725543,16.493474836870924,-0.9548275862063236,-0.932586206908343,-9.622931034489303,0.06,0.16,0.16,16.78504118790551,61.949247916563344,-0.2685854753555028
2109.86,0.0,17.005080693365237,61.50194342012788,61.53356,61.7739658831802,62.39167590429316,-6.354678007290413,0.06,0.06,0.06,-0.3940396009900521,-3.0855868896722423,16.461974049351266,-1.1160371206409097,1.4110158013452516,-8.769240030095972,0.06,0.16,0.16,16.75328932664807,61.80028630190031,-0.6956155007024749
2109.87,0.0,17.0,61.26098634764347,61.53356,61.90548828524461,62.31035289232967,-6.325516403402237,0.06,0.06,0.06,-0.3650388759719532,-3.08508687717193,16.430473261831605,-1.3367544519677934,3.126591422113304,-9.115364936040404,0.06,0.16,0.16,16.72158682746445,61.752596881304434,-0.8957464466387476
2109.88,0.0,17.0,61.032921662644135,61.52188038616322,62.02888420488073,62.23844983105359,-6.303867973181964,0.06,0.06,0.06,-0.3360381509538543,-3.084586864671618,16.398972474311947,-1.516735609269359,3.2184001993664,-9.45195614253519,0.06,0.16,0.1558110236221185,16.689933971644166,61.70553402118542,-0.9147950252132784
2109.8900000000003,0.0,17.0,61.03521718423169,61.30151031375728,62.0070767497989,62.33486173773119,-6.334811758638553,0.06,0.06,0.06,-0.3070374259355906,-3.0840868521713034,16.367471686792108,-1.6213954647396434,0.3078594567642017,-9.770919511587485,0.06,0.16,0.15,16.658331042172332,61.66966649637976,-0.5990217906229218
2109.9,0.0,17.0,61.03888937453273,61.12268,62.00948416147477,62.406867709942816,-6.365581395348905,0.06,0.06,0.06,-0.2780367009174916,-3.083586839670992,16.335970899272446,-1.8295922961479945,-1.842993996998361,-10.141995997998908,0.06,0.16,0.15,16.626778323738048,61.64448031148758,-0.3891266303488682
2109.9100000000003,0.0,17.0,61.048488178420094,61.12268,62.11613753800104,62.37380516321968,-6.395588897224354,0.06,0.06,0.06,-0.2490359758993927,-3.08308682717068,16.30447011175279,-2.234794897448133,-2.54834667333564,-10.612231115557092,0.06,0.16,0.15,16.59527610274097,61.66527771991021,-0.3806917827397986
2109.92,0.0,17.0,61.02967588290912,61.09123473087904,62.11970983947345,62.35301227573165,-6.436776611694226,0.06,0.06,0.06,-0.2200352508812939,-3.082586814670367,16.27296932423313,-2.446218930454906,-2.0436756213994376,-10.989394928445282,0.06,0.16,0.15,16.563824667299592,61.64840818224832,-0.44709021503648627
2109.9300000000003,0.0,17.0,60.883169745043446,60.91845852691331,61.65998368272255,62.38736543909326,-6.526731634182839,0.06,0.06,0.06,-0.1910345258631949,-3.082086802170055,16.24146853671347,-2.2905573688182925,0.7532111473616445,-11.190248556363493,0.06,0.16,0.15,16.532424307258637,61.46224434844314,-0.6552495205569455
2109.94,0.0,17.0,60.74209660357288,60.75674,61.23617930151877,62.38585507864995,-6.616690827292955,0.06,0.06,0.06,-0.162033800845096,-3.081586789669743,16.20996774919381,-2.0121194029887155,2.669194029848512,-11.274208955224818,0.06,0.16,0.15,16.50107531419655,61.2802177459354,-0.7482689640794292
2109.9500000000003,0.0,17.0,60.68048103439103,60.75674,61.33773088776293,61.85984068248639,-6.706668332916862,0.06,0.06,0.06,-0.1330330758268323,-3.0810867771694284,16.178466961673973,-1.5096318407976002,2.9776517412925623,-11.144855721393442,0.06,0.16,0.15,16.469777981432795,61.15869815116008,-0.6311744221411719
2109.96,0.0,17.0,60.63449682847887,60.75674,61.37414731391684,61.40546472491969,-6.78,0.06,0.06,0.06,-0.1040323508087334,-3.0805867646691163,16.146966174154315,-0.9822988505768676,2.0591204397923284,-10.819320339832707,0.06,0.16,0.15,16.43853260403595,61.042712216828846,-0.4078394608487672
2109.9700000000003,0.0,16.971435715357448,60.65580626338053,60.75674,61.13015428429291,61.25949509584336,-6.78,0.06,0.06,0.06,-0.0750316257906344,-3.080086752168804,16.115465386634654,-0.4075862068979818,-1.199250374804484,-10.119670164919285,0.06,0.16,0.15,16.40733947883002,60.9505489108792,0.018093509449596958
2109.98,0.0,16.911426714007302,60.671832559887314,60.71422144668979,60.92410930953516,61.11555537811248,-6.785420420420398,0.06,0.06,0.06,-0.07413260331508,-3.077520438010952,16.09553588839722,-0.1970650263608611,-3.133321616873161,-9.248365553605714,0.06,0.16,0.15,16.387278700990358,60.856429673556185,0.15804037309557764
2109.99,0.0,16.851417712657156,60.6637912259277,60.4780072616262,60.890938806951766,60.98086303428899,-6.815450450450437,0.06,0.06,0.06,-0.0791327283182005,-3.07452036300908,16.078035450886297,-0.6841350740625217,-2.53076073311853,-8.048265126794405,0.06,0.16,0.15,16.369549823107693,60.75340008219867,-0.24980539320596185
2110.0,0.0,16.79140871130701,60.647344733886726,60.25384,60.8615616528482,60.86985322278559,-6.84,0.06,0.06,0.06,-0.084132853321321,-3.0715202880072074,16.060535013375375,-1.0598297872329925,-1.0225907384426418,-7.502280350433971,0.06,0.16,0.15,16.351822532442803,60.65814990238013,-0.6154246766779401
2110.01,0.0,16.731399709956523,60.47449637871105,60.25384,60.90277053222783,61.199524257822624,-6.84,0.06,0.06,0.06,-0.0891329783244699,-3.068520213005318,16.043034575864354,-1.2300425531913537,2.1563829787208664,-8.163106382978196,0.06,0.16,0.15,16.334096834163386,60.707657792190375,-0.903138201643166
2110.02,0.0,16.67139070860638,60.31344932901008,60.25384,60.959752282364256,61.442232337241705,-6.856257192894613,0.06,0.06,0.06,-0.0941331033275904,-3.065520138003446,16.025534138353432,-1.3646199701936552,3.761564828615565,-9.087675111771745,0.06,0.16,0.15,16.31637273345942,60.74231848715401,-0.9753216186378386
2110.03,0.0,16.611381707256236,60.20562194063393,60.25384,61.08786403092998,61.29276863058169,-6.946324743557697,0.06,0.06,0.06,-0.0991332283307109,-3.062520063001573,16.00803370084251,-1.434167908594008,2.494798807751999,-10.493537009436016,0.06,0.16,0.15,16.298650235542695,60.7100236505364,-0.6541930306931603
2110.04,0.0,16.55137270590609,60.14938953375026,60.21851883089836,61.16922537230386,61.15007855254038,-7.0145440919310245,0.06,0.06,0.06,-0.1041333533338314,-3.059519987999701,15.990533263331589,-1.3770306995479766,0.6165777554194976,-11.510956215399288,0.06,0.16,0.15,16.280929345647323,60.671803072373216,-0.2857261442748751
2110.05,0.0,16.491363704555944,60.333059215958585,60.01896420320176,61.0332105265604,61.03888393412237,-6.984566575068699,0.06,0.06,0.06,-0.1091334783369519,-3.0565199129978287,15.973032825820669,-1.0750679416221212,-2.4433115248958384,-11.77768998490046,0.06,0.16,0.15,16.263210069029753,60.60602946996078,0.17422443332940868
2110.06,0.0,16.4313547032058,60.51305409152447,59.825718310316525,60.89732924993271,60.92945706471712,-6.949295774647952,0.06,0.06,0.06,-0.1141336033400724,-3.0535198379959567,15.955532388309743,-1.016119850184738,-3.656314606755756,-11.421430711620305,0.06,0.16,0.15,16.24549241096888,60.54138967912271,0.26623703765172735
2110.07,0.0,16.400000000000002,60.52580253452473,59.919593208773016,60.76752692120274,60.90048333062561,-6.889992587101716,0.06,0.06,0.06,-0.1191337283431929,-3.0505197629940843,15.938031950798823,-1.4006392009963438,-1.499011235968565,-9.928297128598617,0.06,0.16,0.15,16.227776376766183,60.528351498781525,-0.31318519064487355
2110.08,0.0,16.400000000000002,60.48759845884375,60.0013499824869,60.662126514886175,60.874518704028,-6.830472819216081,0.06,0.06,0.06,-0.1241338533463419,-3.047519687992195,15.920531513287804,-1.576074111166899,0.9912869303933972,-8.970560841261872,0.06,0.1559259259259417,0.15,16.21006197174572,60.506398415061206,-0.7759924486415661
2110.09,0.0,16.400000000000002,60.20918965223933,60.02597845384037,60.6717637428071,60.862739869902434,-6.769790139064372,0.06,0.06,0.06,-0.1291339783494623,-3.0445196129903227,15.903031075776882,-1.365758637957283,4.095943915868681,-9.000605908863244,0.06,0.15,0.15,16.192349201254657,60.442417929697314,-1.0236508922914327
2110.1000000000004,0.0,16.400000000000002,59.97853621648628,60.01808113572061,60.68536093255612,60.83052206827674,-6.716412989175659,0.06,0.06,0.06,-0.1341341033525829,-3.0415195379884503,15.88553063826596,-1.3219630830625206,5.084869044656023,-9.126111249687524,0.06,0.15,0.15,16.174638070662795,60.37812508825994,-1.0927816998147
2110.11,0.0,16.400000000000002,59.97069608326397,59.8584275137392,60.717434204829175,60.702941718568376,-6.696429641965034,0.06,0.06,0.06,-0.1391342283557033,-3.038519462986578,15.868030200755038,-1.581379396357605,2.221312047898744,-9.425437765028006,0.06,0.15,0.15,16.156928585363072,60.31237488010018,-0.8368360923284925
2110.12,0.0,16.400000000000002,59.96285595004167,59.69877389175778,60.74950747710223,60.575361368860015,-6.6764462947544105,0.06,0.06,0.06,-0.1441343533588239,-3.0355193879847056,15.850529763244117,-1.730721081622577,-0.3883725588326885,-9.909183775661344,0.06,0.15,0.15,16.139220750771607,60.246624671940424,-0.5424140306620666
2110.13,0.0,16.400000000000002,59.95022528925645,59.5669,60.77545693728733,60.49731415653755,-6.66,0.06,0.06,0.06,-0.1491344783619443,-3.0325193129828336,15.833029325733197,-1.6756384576867254,-2.526579869797118,-10.73542313469912,0.06,0.15,0.15,16.1215145723278,60.19747409577034,-0.1765356969459496
2110.1400000000003,0.0,16.400000000000002,59.91485338842977,59.5669,60.77233588721439,60.65440701020897,-6.66,0.06,0.06,0.06,-0.1541346033650933,-3.029519237980944,15.815528888222174,-1.6964376717463805,-3.0352160879311043,-11.143015238570644,0.06,0.15,0.15,16.10381005549436,60.22712407146328,-0.06894620786951225
2110.15,0.0,16.400000000000002,59.85404196543715,59.5669,60.72876489553772,60.77826640185708,-6.66,0.06,0.06,0.06,-0.1591347283682138,-3.0265191629790715,15.798028450711252,-1.85631776167878,-0.5570746939789206,-10.783285036222749,0.06,0.15,0.15,16.086107205757845,60.23199331570799,-0.43476431789459835
2110.1600000000003,0.0,16.400000000000002,59.60123825122536,59.5669,60.37991784885245,60.65131257157605,-6.66,0.06,0.06,0.06,-0.1641348533713343,-3.0235190879772,15.78052801320033,-1.8456195244059903,1.7802753441771393,-10.588713391739512,0.06,0.15,0.15,16.068406028628168,60.04984216791347,-0.7036639922748948
2110.17,0.0,16.382458418660413,59.37071484674833,59.5669,60.06307017194153,60.53159952155512,-6.66,0.06,0.06,0.06,-0.1691349783744548,-3.020519012975327,15.763027575689408,-1.5202127659589582,3.857872340415883,-10.698851063829276,0.06,0.15,0.15,16.050706529639122,59.88307113506124,-0.7937539781324335
2110.1800000000003,0.0,16.342500374606722,59.24273079491719,59.5669,59.893491303265264,60.44521028656909,-6.66,0.06,0.06,0.06,-0.1733078346082629,-3.010903454827277,15.74718214089298,-1.150898876407449,4.03149063672582,-10.586149812737496,0.06,0.15,0.15,16.033381446166814,59.787083096187885,-0.704840602468513
2110.19,0.0,16.30254233055303,59.15406479251544,59.5669,59.752020522907216,60.32141246342277,-6.670467383154025,0.06,0.06,0.06,-0.1773076346182595,-2.9999040047997863,15.731682915854243,-0.7014606741601177,0.7306167291093093,-10.066799001251692,0.06,0.15,0.15,16.01613902912584,59.698599444711355,-0.2892713749790474
2110.2000000000003,0.0,16.262584286499113,59.254674051331214,59.5669,59.74586077236748,60.01753143679553,-6.730452386903297,0.06,0.06,0.06,-0.1813074346282788,-2.9889045547722333,15.71618369081542,-0.485686029043413,-1.6599399098642942,-9.455418127191338,0.06,0.15,0.15,15.998901606886713,59.64624156512356,-0.06075678019122693
2110.21,0.0,16.222626242445422,59.33870790161408,59.5669,59.74503759159624,59.74263879579812,-6.774777388694383,0.06,0.06,0.06,-0.1853072346382754,-2.9779051047447425,15.700684465776682,-0.7010090135199246,-2.371006509763472,-8.674246369555622,0.06,0.15,0.15,15.981669195611431,59.598321072252105,-0.1773486699256784
2110.2200000000003,0.0,16.18266819839173,59.24988392006156,59.5669,59.79986720983854,59.77005360491927,-6.744762381190583,0.06,0.06,0.06,-0.189307034648272,-2.966905654717252,15.685185240737946,-0.96919870194601,-1.9291487768422049,-8.196547678482057,0.06,0.15,0.15,15.964441811526767,59.596676183704844,-0.3856523002526664
2110.23,0.0,16.14271015433804,59.15032495291464,59.5669,59.8377584219905,59.80707346907586,-6.714756554307078,0.06,0.06,0.06,-0.1933068346582686,-2.9559062046897613,15.66968601569921,-1.333652021965289,0.6120394408264676,-8.27143534697917,0.06,0.15,0.15,15.947219470924967,59.59051421099525,-0.76095149772512
2110.24,0.0,16.10275211028435,58.98256725375492,59.5669,59.76804093662542,59.9051136828705,-6.684794007490675,0.06,0.06,0.06,-0.1973066346682652,-2.944906754662271,15.654186790660471,-1.5876014021028346,2.571544817220174,-8.65970706058471,0.06,0.15,0.15,15.930002190163954,59.555655468312715,-0.9912286826824503
2110.25,0.0,16.06279406623066,58.84358,59.5669,59.69356573825566,59.9764873825507,-6.66,0.06,0.06,0.06,-0.2013064346782618,-2.93390730463478,15.638687565621735,-1.6376765147717909,3.4578743114606985,-9.626156735095565,0.06,0.15,0.15,15.912789985667631,59.52013328020159,-0.9539474746993605
2110.26,0.0,16.02283602217674,58.84358,59.5669,59.59610648609782,59.91903771812082,-6.66,0.06,0.06,0.06,-0.2053062346882811,-2.922907854607227,15.62318834058291,-1.5425393258434703,2.7589338327168287,-10.623530586764277,0.06,0.15,0.15,15.895582873926086,59.48140605105466,-0.6983789588376476
2110.27,0.0,16.0,58.861433060266094,59.5669,59.51767274197756,59.84912429428648,-6.6547976011994,0.06,0.06,0.06,-0.2093060346982777,-2.9119084045797363,15.607689115544174,-1.1829887640456052,-0.8265842696563253,-11.67721348314413,0.06,0.15,0.15,15.87838087149629,59.448782524132525,-0.045336656694319744
2110.28,0.0,16.0,59.07024078267607,59.5669,59.64273405165626,59.645899666058575,-6.62481259370311,0.06,0.06,0.06,-0.2133058347082743,-2.900908954552246,15.592189890505438,-0.9253291614519372,-3.035456821026852,-12.085096370464443,0.0558346333853863,0.15,0.15,15.861183995001822,59.481443625097725,0.3326055525034778
2110.29,0.0,16.0,59.21993968051199,59.489039552718296,59.70239686901109,59.475597891373845,-6.589657756682358,0.06,0.06,0.06,-0.2173056347182709,-2.889909504524755,15.5766906654667,-0.8552415519400693,-2.710050062578893,-11.304120150189345,0.05,0.15,0.15,15.843992261133563,59.471743498403804,0.204113499684277
2110.3,0.0,16.0,59.07899104448336,59.02832684689336,59.440484851316086,59.46718304743184,-6.529702722957709,0.06,0.06,0.06,-0.2213054347282675,-2.8789100544972643,15.561191440427963,-0.9091360798992418,-1.2607990012594783,-10.359198501876588,0.05,0.15,0.15,15.82680568664992,59.25374644753116,-0.10768689115428542
2110.31,0.0,16.0,58.92753372403652,58.62958,59.19159353115796,59.45833415924832,-6.438990756932236,0.06,0.06,0.06,-0.2253052347382641,-2.867910604469774,15.545692215389227,-1.188786516852343,2.234831460654287,-9.115752808995833,0.05,0.15,0.15,15.809624288377123,59.0517603536107,-0.7532687550328134
2110.32,0.0,16.0,58.70845360534231,58.62958,59.0264896735913,59.44669222057375,-6.199170622033638,0.06,0.06,0.06,-0.2293050347482607,-2.856911154442283,15.530192990350493,-1.428152690862352,4.403078848562747,-8.369914893615757,0.05,0.15,0.15,15.792448083209557,58.952803874876835,-1.1719889719830845
2110.33,0.0,16.0,58.488709763581454,58.62958,58.906965658953766,59.44035635311872,-5.989829999999776,0.06,0.06,0.06,-0.23330483475828,-2.84591170441473,15.514693765311666,-1.593359198998408,4.127734668335987,-8.540127659574118,0.05,0.15,0.15,15.77527708810996,58.866402943913485,-1.1730775207111197
2110.34,0.0,16.0,58.26372988430601,58.62958,59.147015960764406,59.47587949195168,-5.929829999999947,0.06,0.06,0.06,-0.2373046347682766,-2.83491225438724,15.49919454027293,-1.7153684971097176,2.68466040463324,-8.856620905586205,0.05,0.15,0.15,15.75811132011015,58.87905133425552,-1.0160968902700642
2110.3500000000004,0.0,16.0,58.07158468812871,58.56994149396459,59.34377808853137,59.49465024144886,-5.905418645338461,0.06,0.06,0.06,-0.2413044347782732,-2.823912804359749,15.483695315234192,-1.7587210982657566,-0.8847037572139689,-9.439472543350728,0.05,0.15,0.15,15.740950796310743,58.86998862801838,-0.5712921268116515
2110.36,0.0,16.0,58.11033720321922,58.09091734909583,59.23613221327996,59.39561603621756,-6.055381154711212,0.06,0.06,0.06,-0.2453042347882698,-2.812913354332258,15.468196090195455,-1.8348843254478069,-3.2572965947518404,-10.022162724198528,0.05,0.15,0.15,15.72379553388188,58.70825070045315,-0.26197488226909244
2110.37,0.0,15.987507489514718,58.12965283914048,57.67728,59.15761587842808,59.32338100815383,-6.174931267183221,0.06,0.06,0.06,-0.2493040347982664,-2.801913904304768,15.45269686515672,-1.9960488692481868,-2.5294567195243176,-10.604434624380549,0.05,0.15,0.15,15.706645550063431,58.5719824314306,-0.30366031241090397
2110.38,0.0,15.957549430796952,58.02601063503885,57.67728,59.2633732295522,59.420677771188025,-6.144938765308757,0.06,0.06,0.06,-0.2504130309773236,-2.793804535340146,15.442565442408176,-2.0574638042940627,-0.9540589116456272,-10.960504243634778,0.05,0.15,0.15,15.695250170380517,58.59683540894477,-0.4342131532085084
2110.3900000000003,0.0,15.927591372079018,57.93408,57.67728,59.29234596579539,59.464892615694566,-6.109892526868213,0.06,0.06,0.06,-0.2509130684801386,-2.7863039727979206,15.433564767357506,-1.937643534698002,2.161268097851947,-10.90558662006992,0.05,0.15,0.15,15.685068333449571,58.59214964537249,-0.7262293175961324
2110.4,0.0,15.897633313361252,57.93408,57.67728,58.71859345070538,59.09243788732469,-6.049907523119113,0.06,0.06,0.06,-0.2514131059829508,-2.7788034102557377,15.424564092306886,-1.6397246558208682,3.824035043806522,-10.785414267835217,0.05,0.15,0.15,15.674888656076375,58.35559783450752,-0.8172695462171616
2110.4100000000003,0.0,15.867675254643489,57.922510978124485,57.67728,58.21319691224549,58.73721387478066,-6.015112443778295,0.06,0.06,0.06,-0.251913143485763,-2.771302847713556,15.415563417256267,-1.0139424280363332,2.8127709637067144,-10.545113892365952,0.05,0.15,0.15,15.664711142471024,58.13755044128766,-0.5383313476319058
2110.42,0.0,15.837717195925723,57.829958803118224,57.67728,58.186292210208784,58.50260487302061,-6.105067466266909,0.06,0.06,0.06,-0.2524131809885752,-2.7638022851713724,15.406562742205647,-0.523234265734847,1.1117282717352952,-10.142097902099565,0.05,0.15,0.15,15.654535796853718,58.0490339715869,-0.25765315977030356
2110.4300000000003,0.0,15.80775913720796,57.757243699136666,57.6833311072748,58.15772926263887,58.27941742046912,-6.19001749562602,0.06,0.06,0.06,-0.2529132184913873,-2.756301722629189,15.397562067155029,-0.2784790209796801,-1.8453146853067213,-9.442797202799088,0.05,0.15,0.15,15.644362623454743,57.96943037237986,0.026193330144591527
2110.44,0.0,15.777801078490194,57.8100180517876,57.727661563501584,58.11867624167718,58.128482771887455,-6.250002499374951,0.06,0.06,0.06,-0.2534132559941995,-2.7488011600870066,15.388561392104409,-0.2205882352929726,-3.278235294123131,-8.813529411766714,0.05,0.15,0.15,15.634191626514484,57.94620965721346,0.0994019559255554
2110.4500000000003,0.0,15.74784301977226,57.856093951837785,57.76716,58.07430126235762,58.0254561013935,-6.255067466266696,0.06,0.06,0.06,-0.2539132934970146,-2.741300597544781,15.379560717053735,-0.5059449311635307,-1.9115269086378268,-8.312903629537665,0.05,0.15,0.15,15.624022810283408,57.930752828897226,-0.2143057786596679
2110.46,0.0,15.717884961054494,57.8474146108999,57.76716,57.98642293536148,58.31404418757837,-5.985202398800089,0.06,0.06,0.06,-0.2544133309998268,-2.733800035002598,15.37056004200312,-0.7608936595100969,-0.1544633050503032,-8.192046929603777,0.05,0.15,0.15,15.613856179022324,57.97876043345993,-0.5009187349572721
2110.4700000000003,0.0,15.7,57.8139320825056,57.76716,57.907345954274426,58.55220602385712,-5.74014992503716,0.06,0.06,0.06,-0.254913368502639,-2.726299472460416,15.361559366952498,-0.960594108836296,2.311837244128256,-8.761193210183444,0.05,0.15,0.15,15.603691737002027,58.010161015159284,-0.7383031504249243
2110.48,0.0,15.7,57.623544408549165,57.76716,57.88394635188872,58.47137103379741,-5.620209895052342,0.06,0.06,0.06,-0.2554134060054512,-2.7187989099182324,15.352558691901878,-1.2521632448663935,3.0410165247920435,-9.2428092138201,0.05,0.15,0.15,15.593529488503613,57.93650544855882,-0.839153418146981
2110.49,0.0,15.7,57.45936726597322,57.7188621396738,57.886685200594016,58.37856245170908,-5.485472263868166,0.06,0.06,0.06,-0.2559134435082634,-2.711298347376049,15.34355801685126,-1.7128542814207908,0.5723134702125039,-9.56328993490142,0.05,0.15,0.15,15.583369437818412,57.860869264487526,-0.6886567320628418
2110.5,0.0,15.7,57.47950594848928,57.33092751857485,58.07323299653231,58.20155403169945,-5.275577211394735,0.06,0.06,0.06,-0.2564134810110756,-2.7037977848338666,15.33455734180064,-2.011772784019953,-1.4046941323297908,-9.82495630461854,0.05,0.15,0.15,15.573211589248013,57.77130512382398,-0.5438628000429376
2110.51,0.0,15.7,57.490567970721806,56.98392,58.24579838465426,58.05142567390213,-5.070569999999585,0.06,0.06,0.06,-0.2569135185138906,-2.696297222291641,15.32555666674997,-2.016766541822715,-2.488339575529218,-9.979762796504174,0.05,0.15,0.15,15.56305594710426,57.69292800731955,-0.4094302099137854
2110.52,0.0,15.7,57.4246719586068,56.98392,58.29981150933869,58.12920457344772,-4.890569999999585,0.06,0.06,0.06,-0.2574135560167028,-2.688796659749458,15.31655599169935,-1.831129193792418,-2.1256159238955883,-10.305938908360472,0.05,0.15,0.15,15.55290251570948,57.7094020103483,-0.3354437995796642
2110.53,0.0,15.7,57.36698,56.98392,58.28793774943814,58.21742049512351,-4.641973519858815,0.06,0.06,0.06,-0.257913593519515,-2.6812960972072752,15.307555316648733,-1.2953254882345866,0.8939133700424695,-10.94690035052311,0.05,0.15,0.15,15.542751299396192,57.71406456114042,-0.37248973369174077
2110.54,0.0,15.7,57.36698,56.98392,57.81273894973853,58.379030897724064,-4.042423182612319,0.06,0.06,0.06,-0.2584136310223272,-2.6737955346650923,15.29855464159811,-1.003245132300881,2.9376160758849483,-11.122171742389398,0.05,0.15,0.15,15.532602302507337,57.63566746186565,-0.46038968311469425
2110.55,0.0,15.7,57.3471408546174,56.97629966601198,57.38590365422425,58.50401686640514,-3.506005495878038,0.06,0.06,0.06,-0.2589136685251393,-2.66629497212291,15.28955396654749,-1.1530204692955304,3.212204193708472,-10.453175237146633,0.05,0.15,0.15,15.52245552939628,57.5533402603147,-0.6404848867388988
2110.56,0.0,15.7,57.18842769155302,56.91533699410645,57.297612888016246,58.37263179764323,-3.2961628778417644,0.06,0.06,0.06,-0.2594137060279515,-2.658794409580727,15.280553291496872,-1.2394117647060028,2.474117647069249,-9.99000000000034,0.05,0.15,0.15,15.512310984426813,57.44350234282973,-0.6628441786294321
2110.57,0.0,15.690265089111913,57.04062095774679,56.8598,57.24712684762833,58.233235559540965,-3.08147036759228,0.06,0.06,0.06,-0.2599137435307637,-2.651293847038544,15.271552616446252,-1.2093742177724307,-0.1241301626847466,-9.904893617021887,0.05,0.15,0.15,15.50216867197319,57.34519584122902,-0.3954616184664893
2110.58,0.0,15.665303779142253,57.00445194366208,56.8598,57.58360828168905,58.01183735211339,-2.841410352587316,0.0595863844250605,0.0595863844250605,0.0595863844250605,-0.2645513637841089,-2.6528963224080693,15.254690867271634,-1.1173158551817226,-2.4364294631649166,-9.812771535580882,0.05,0.15,0.15,15.485911008963821,57.36492439436613,-0.1380469554900823
2110.59,0.0,15.640342469172737,56.97760274568631,56.8598,57.85838211552929,57.783991027757885,-2.5965734265727725,0.0590865468722656,0.0590865468722656,0.0590865468722656,-0.2700515012875414,-2.6563964099102537,15.236190404760087,-0.9125717852690494,-4.229188514351494,-9.707902621723171,0.05,0.15,0.15,15.46838284210845,57.36994397224337,0.10125702104425625
2110.6000000000004,0.0,15.61538115920322,57.00971077269304,56.8598,57.74279321830505,57.51535386846823,-2.3268431568433545,0.0585867093194707,0.0585867093194707,0.0585867093194707,-0.275551638790974,-2.6598964974124377,15.217689942248542,-0.9352941176457332,-3.9500000000122935,-9.59235294117688,0.05,0.15,0.15,15.450859693266255,57.28191446486658,0.047108246453428995
2110.61,0.0,15.5904198492337,57.01517843086478,56.8598,57.63315485816212,57.33237541254488,-2.087286356821868,0.0580868717666758,0.0580868717666758,0.0580868717666758,-0.2810517762944065,-2.663396584914622,15.199189479736996,-1.3758448060060458,0.1351063829651515,-9.45718397997542,0.05,0.15,0.15,15.433341579529719,57.21012717539295,-0.5460778511330263
2110.62,0.0,15.565458539264185,56.8528312108941,56.8598,57.56100053817516,57.68898426324971,-2.007326336831914,0.0575870342138809,0.0575870342138809,0.0575870342138809,-0.286551913797839,-2.6668966724168066,15.18068901722545,-1.6316283716286624,3.5466733266653696,-9.813306693302152,0.05,0.15,0.15,15.415828518064101,57.24065400307974,-0.9328270130109454
2110.63,0.0,15.540497229294669,56.69048399092343,56.8598,57.488846218188186,58.04559311395453,-1.92736631684196,0.057087196661086,0.057087196661086,0.057087196661086,-0.2920520513012716,-2.670396759918991,15.162188554713904,-1.5517082917086078,5.734485514476862,-11.062057942053004,0.05,0.15,0.15,15.398320526107787,57.27118083076654,-0.944500615638004
2110.6400000000003,0.0,15.515535919325009,56.53038565445048,56.8598,57.41314125654476,58.35390094240942,-1.8930832708177672,0.0565873591082883,0.0565873591082883,0.0565873591082883,-0.2975521888047354,-2.6738968474211955,15.143688092202254,-1.4593643643642915,5.033413413409627,-11.665055055054689,0.05,0.15,0.15,15.380817620972554,57.28930696335116,-0.7493329172318897
2110.65,0.0,15.490574609355493,56.41087431064613,56.8598,57.27335566691646,57.79049032161749,-2.103135783945917,0.0560875215554934,0.0560875215554934,0.0560875215554934,-0.303052326308168,-2.6773969349233795,15.125187629690709,-1.344249249249467,-0.9625825825712208,-11.084474474475575,0.05,0.15,0.15,15.363319820044323,57.08363007479502,-0.17505382571632375
2110.6600000000003,0.0,15.465613299385971,56.29924701728,56.8598,57.14240701728001,57.233559869774176,-2.3273408239697937,0.0555876840026985,0.0555876840026985,0.0555876840026985,-0.3085524638116005,-2.680897022425564,15.106687167179162,-1.2327622377626193,-4.947032967031768,-10.667442557442994,0.05,0.15,0.15,15.345827140782932,56.88375347608355,0.21359029107326677
2110.67,0.0,15.45,56.34748142749795,56.8598,57.19064142749795,56.80802518407366,-2.626966292134681,0.0550878464499036,0.0550878464499036,0.0550878464499036,-0.3140526013150331,-2.6843971099277484,15.088186704667615,-1.1278671328675478,-5.276703296701993,-10.547562437562911,0.05,0.15,0.15,15.328339600722897,56.801487009767385,0.26495396082033057
2110.6800000000003,0.0,15.45,56.40286468360689,56.84531528151543,57.23310151469872,56.41437238166365,-2.912687687687555,0.0545880088971087,0.0545880088971087,0.0545880088971087,-0.3195527388184656,-2.687897197429933,15.06968624215607,-0.938062578224254,-4.155757196511765,-10.531852315393497,0.05,0.15,0.15,15.310857217473684,56.72391346537117,0.20975648008142334
2110.69,0.0,15.45,56.592660398603925,56.55848917289632,57.1669928948683,56.6201621175874,-3.122897897897234,0.0540881713443138,0.0540881713443138,0.0540881713443138,-0.3250528763218981,-2.6913972849321173,15.051185779644523,-0.5926307884871906,-0.3760325406931724,-10.707071339173163,0.05,0.15,0.15,15.293380008720069,56.73457614598899,-0.04075279772739887
2110.7000000000003,0.0,15.45,56.75161981693456,56.28414,57.090552723112665,56.82864512585765,-3.3424825174826114,0.053588333791516,0.053588333791516,0.053588333791516,-0.330553013825362,-2.6948973724343213,15.032685317132874,-0.5794308537195529,2.666994508238026,-10.221879680478905,0.05,0.15,0.15,15.275907992222418,56.73873941647622,-0.4261732486101143
2110.71,0.0,15.45,56.232535148742144,56.28414,56.78693716247182,57.096349168573234,-3.6122127872127954,0.0530884962387211,0.0530884962387211,0.0530884962387211,-0.3360531513287945,-2.6983974599365057,15.014184854621329,-1.1685471792301687,4.374433349972184,-8.539403394910451,0.05,0.15,0.15,15.258441185817452,56.599990369946795,-1.0561794970859668
2110.7200000000003,0.0,15.45,55.72994404650048,56.28414,56.518030408112615,57.34180972545143,-3.8866266866565264,0.0525886586859262,0.0525886586859262,0.0525886586859262,-0.3415532888322271,-2.70189754743869,14.995684392109782,-1.6841512268390304,4.689213820738348,-7.513545317976383,0.05,0.15,0.15,15.24097960741803,56.468481045016134,-1.4173134909288594
2110.73,0.0,15.45,55.42506153351546,56.28414,56.66517856542136,57.32063732871635,-4.186476761618572,0.0520888211331313,0.0520888211331313,0.0520888211331313,-0.3470534263356596,-2.7053976349408746,14.977183929598237,-2.064722083123097,2.4458487731691108,-7.693815723584626,0.05,0.15,0.15,15.223523275013925,56.423754356913285,-1.2845615702269215
2110.74,0.0,15.45,55.15482947704274,56.28414,56.80631786398217,57.28075265897508,-4.500270067515515,0.0515889835803364,0.0515889835803364,0.0515889835803364,-0.3525535638390922,-2.708897722443059,14.95868346708669,-2.2567415730344083,-0.2746516853764953,-7.989303370784159,0.05,0.15,0.15,15.206072206672093,56.38151,-1.0214392871880313
2110.75,0.0,15.45,55.47427951386992,56.28414,56.84519829609601,56.92242219003406,-4.890367591896364,0.0510891460275415,0.0510891460275415,0.0510891460275415,-0.3580537013425247,-2.712397809945243,14.940183004575143,-2.1069288389519647,-3.8601697877496495,-8.49367290886172,0.05,0.15,0.15,15.188626420537073,56.38151,-0.5219634217921189
2110.76,0.0,15.45,55.78766,56.28414,56.88212040671088,56.57218160650721,-5.252517482517686,0.0505893084747438,0.0505893084747438,0.0505893084747438,-0.3635538388459886,-2.7158978974474475,14.921682542063492,-1.9746558197746773,-5.234543178972623,-8.825301627033799,0.05,0.15,0.15,15.17118593483125,56.38152550330452,-0.28444295671743913
2110.77,0.0,15.43689334931088,55.78766,56.28414,56.817931286222766,56.63963458057947,-5.46230769230783,0.0500894709219489,0.0500894709219489,0.0500894709219489,-0.3690539763494211,-2.719397984949632,14.903182079551948,-1.874530663329437,-2.556195244062436,-8.840320400500584,0.05,0.15,0.15,15.153750767855653,56.38234146670056,-0.5270503783553555
2110.78,0.0,15.40194228080682,55.780371160000094,56.28414,56.73454580000029,56.705916879999975,-5.630819999999977,0.05,0.05,0.05,-0.3613057826445521,-2.7133758343958494,14.883439585989624,-1.7123839241150516,0.0361208187609973,-9.43569645530969,0.05,0.15,0.15,15.13306724352531,56.37624346000008,-0.6520533411469992
2110.79,0.0,15.366991212302764,55.64020116000049,56.28414,56.30119580000152,56.75085687999984,-5.570819999999977,0.05,0.05,0.05,-0.350805520137999,-2.705375634390857,14.86343908597714,-1.4377958062915277,2.472466300540627,-11.083225162250834,0.05,0.15,0.15,15.111715432030474,56.244098460000465,-0.5638465325518469
2110.8,0.0,15.332040143798704,55.50921507638345,56.28414,55.89038,56.774007598299306,-5.524586560079948,0.05,0.05,0.05,-0.340305257631446,-2.697375434385864,14.84343858596466,-1.0093490235376013,3.197433650483531,-12.0299699549335,0.05,0.15,0.15,15.090371465199407,56.11443566867069,-0.35207131912624245
2110.81,0.0,15.297089075294643,55.54565885299256,56.28414,55.89038,56.399922950164594,-5.554564076942272,0.05,0.05,0.05,-0.329804995124893,-2.689375234380871,14.823438085952178,-0.2982824236384235,0.7788057085729472,-11.689459188784598,0.05,0.15,0.15,15.069035376365937,56.03002545078928,0.08668415565747181
2110.82,0.0,15.262138006790586,55.578879089989975,56.28414,55.88179349342829,56.04017513144634,-5.598179999999767,0.05,0.05,0.05,-0.3193047326183399,-2.681375034375878,14.803437585939696,0.1209438202253436,-1.0356404494341147,-11.178853932588924,0.05,0.15,0.15,15.047707199040618,55.94624692871615,0.33886699614012783
2110.83,0.0,15.227186938286328,55.5572410717897,56.28414,55.7270816632963,55.92441173407485,-5.718180000000108,0.05,0.05,0.05,-0.3088044701117272,-2.67337483437084,14.7834370859271,0.0110811485645721,-1.7547415730318912,-10.359877652935902,0.05,0.15,0.15,15.026386966911673,55.87321861729021,0.2528049342044504
2110.84,0.0,15.19223586978227,55.53350429159615,56.28414,55.59946283361541,55.82509108258635,-5.80181090545288,0.05,0.05,0.05,-0.2983042076051741,-2.665374634365848,14.763436585914617,-0.0370492623158639,-1.847491872972868,-9.662283070769774,0.05,0.15,0.15,15.005074713846582,55.81054955194948,0.14071329092668888
2110.8500000000004,0.0,15.15728480127821,55.48478547348043,56.28414,55.794338106078285,55.92149214821958,-5.681750875437682,0.05,0.05,0.05,-0.287803945098621,-2.6573744343608543,14.743436085902136,0.0279669917476109,-0.7922280570195455,-9.18716429107515,0.05,0.15,0.15,14.98377047389242,55.87118893194458,-0.0190869617815303
2110.86,0.0,15.122333732774152,55.43471336393845,56.28414,55.98668,56.02071260392619,-5.566288711288607,0.05,0.05,0.05,-0.277303682592068,-2.6493742343558613,14.723435585889654,-0.1966924806351762,0.2326380214783058,-8.682188358734175,0.05,0.15,0.15,14.962474281277467,55.931561491966164,-0.2775237124032548
2110.87,0.0,15.1,55.28189520530568,56.28414,55.98668,56.33398982912336,-5.4763786213788,0.05,0.05,0.05,-0.266803420085515,-2.6413740343508687,14.703435085877173,-0.9511266550036837,1.2019110666934745,-8.122608043970779,0.05,0.15,0.15,14.94118617041218,55.97167625860726,-0.7163522477565055
2110.88,0.0,15.1,55.13255890718627,56.28414,55.98668,56.618486167666426,-5.390972256936041,0.05,0.05,0.05,-0.2563031575789619,-2.633373834345876,14.68343458586469,-1.648096192380574,1.4261523046173608,-8.03863727454348,0.05,0.15,0.15,14.91990617589031,56.00546626871317,-0.9864338097966177
2110.8900000000003,0.0,15.1,55.04606190119782,56.28414,55.98668,56.38355602794468,-5.330987253186599,0.05,0.05,0.05,-0.2458028950723492,-2.625373634340838,14.663434085852094,-2.2392785571137708,0.2788577154317504,-8.830220440881149,0.05,0.15,0.15,14.898634332489907,55.92510948228563,-0.9458675345909776
2110.9,0.0,15.1,54.9559179734806,56.28414,55.98969216912666,56.15477467100357,-5.293486513486714,0.05,0.05,0.05,-0.2353026325657961,-2.617373434335845,14.643433585839611,-2.6324165421025967,-0.8945789735908846,-9.655734927751745,0.05,0.15,0.15,14.87737067517493,55.846131203402706,-0.830940578923825
2110.9100000000003,0.0,15.1,54.794226705029104,56.28414,56.05179874906167,56.04662355766847,-5.383396603396775,0.05,0.05,0.05,-0.224802370059243,-2.609373234330852,14.62343308582713,-2.6672944693571177,-2.115306427499111,-10.542630792223845,0.05,0.15,0.15,14.856115239095654,55.79419725293981,-0.58149598781443
2110.92,0.0,15.1,54.63537437718872,56.28414,56.10020170085068,55.948804462231,-5.464442221110599,0.05,0.05,0.05,-0.21430210755269,-2.601373034325859,14.603432585814648,-2.576347695392479,-2.3312474949986224,-11.198682364728285,0.05,0.15,0.15,14.834868059590296,55.742130135067605,-0.42921397812329976
2110.9300000000003,0.0,15.1,54.53046192096074,56.28414,55.88823571785945,56.04729370685318,-5.494457228614313,0.05,0.05,0.05,-0.203801845046137,-2.593372834320866,14.583432085802166,-2.2506963927870607,-0.6729308617310314,-11.424133266532037,0.05,0.15,0.15,14.813629172186056,55.68753283641834,-0.45817219910495793
2110.94,0.0,15.1,54.43470278745616,56.28414,55.66491518168409,56.1357620507719,-5.5200000000000005,0.05,0.05,0.05,-0.1933015825395839,-2.5853726343158736,14.563431585789685,-1.93778332501388,0.8088666999444805,-11.45897154268749,0.05,0.15,0.15,14.79239861260027,55.629880004978034,-0.5019001318966072
2110.9500000000003,0.0,15.1,54.50926724738669,56.28414,55.230310900946165,56.03776304629178,-5.5200000000000005,0.05,0.05,0.05,-0.1828013200329712,-2.577372434310836,14.543431085777089,-1.6482176734900669,1.9671293060397328,-11.144443334997831,0.05,0.15,0.15,14.77117641674144,55.51537029865616,-0.5726988962502395
2110.96,0.0,15.1,54.576420000000375,56.28414,54.81157221052653,55.93306736842201,-5.528847788053142,0.05,0.05,0.05,-0.1723010575264181,-2.5693722343058427,14.523430585764606,-1.3027751435000974,2.1033291739503817,-10.618562515600198,0.05,0.15,0.15,14.749962620710921,55.40129989473723,-0.5504411236113529
2110.9700000000003,0.0,15.08563206985509,54.47451523809568,56.28414,54.75472008020075,55.67562375939961,-5.588832791802071,0.05,0.05,0.05,-0.1618007950198651,-2.5613720343008497,14.503430085752123,-0.8535612677831713,0.3414125280828832,-9.700169703023372,0.05,0.15,0.15,14.728757260803349,55.29724976942401,-0.3553640679853793
2110.98,0.0,15.045941655090308,54.37487222920358,56.24420122141657,54.70503943201762,55.420927248053246,-5.644407796101896,0.05,0.05,0.05,-0.1608503977418529,-2.563401590967412,14.491070823710544,-0.4438063063078819,-1.363220720713219,-9.155495495494742,0.05,0.15,0.15,14.716930188895473,55.18626003267275,-0.12293656484016545
2110.99,0.0,15.006251240325527,54.3210898718273,55.39443997487139,54.8007720281474,55.22193252576102,-5.674392803598101,0.05,0.05,0.05,-0.1618768283294836,-2.5675073133179347,14.480293302540424,-0.1084709709724397,-2.9598173173103244,-9.315655655654954,0.05,0.15,0.15,14.707045659787969,54.934558600151774,0.1799339901213312
2111.0,0.0,14.966560825560745,54.27172279501581,54.58710640605947,54.89418673344718,55.03678508184693,-5.695627651609817,0.05,0.05,0.05,-0.1629032589171143,-2.571613035668457,14.4695157813703,0.0315482741381068,-3.2939344672429614,-9.263096548276213,0.05,0.15,0.15,14.697163604733735,54.697450254092345,0.2537437060846741
2111.01,0.0,14.926870410795738,54.29472792572689,54.47521781578286,54.94960818470568,55.07861259223071,-5.6656800598951,0.05,0.05,0.05,-0.1639296895047508,-2.575718758019004,14.458738260200116,-0.1935642821410276,-1.2679214607307512,-8.812871435717945,0.05,0.15,0.15,14.687284028726577,54.69954162961154,-0.10066217798280484
2111.02,0.0,14.887179996030955,54.31725267598473,54.36456,55.00068710038097,55.122408777636736,-5.627165374030173,0.05,0.05,0.05,-0.1649561200923816,-2.5798244803695263,14.447960739029991,-0.5125280478675897,0.4002842183978335,-8.587965594614504,0.05,0.15,0.15,14.677406936772648,54.70122713850061,-0.4152795325726218
2111.03,0.0,14.847489581266176,54.29658685641678,54.36456,54.66133258958089,55.34320674459961,-5.537097823367347,0.05,0.05,0.05,-0.1659825506800123,-2.5839302027200493,14.437183217859872,-1.006170531038088,1.402528047865209,-8.78243081525743,0.05,0.15,0.15,14.667532333890177,54.66642154764932,-0.655841269354072
2111.04,0.0,14.807799166501397,54.26685348698926,54.36456,54.34550684014833,55.54189571747264,-5.451357839459849,0.05,0.05,0.05,-0.167008981267643,-2.588035925070572,14.426405696689748,-1.4303621730369147,1.7208450704269782,-8.847706237425363,0.05,0.15,0.15,14.657660225109682,54.629704011152555,-0.8215142584720438
2111.05,0.0,14.768108751736612,54.03773824535372,54.36456,54.5470433952907,55.25444094671694,-5.391342835708949,0.05,0.05,0.05,-0.1680354118552737,-2.592141647421095,14.415628175519624,-1.7221126760547498,0.7349295774701563,-8.666619718310846,0.05,0.15,0.15,14.647790615473978,54.55094564684035,-0.8443761473918969
2111.06,0.0,14.728418336971831,53.813655002519006,54.36456,54.7450498438285,54.971348644836645,-5.357296758104592,0.05,0.05,0.05,-0.1690618424429044,-2.5962473697716177,14.404850654349504,-1.8656883246211449,-0.5380881254555177,-8.691797361212338,0.05,0.15,0.15,14.637923510038219,54.473653372796036,-0.756408328660463
2111.07,0.0,14.7,53.7780781763226,54.36456,54.81081306800974,54.85168113853965,-5.476997506234003,0.05,0.05,0.05,-0.1700882730305351,-2.6003530921221407,14.39407313317938,-1.7412173263638184,-2.330470500361018,-9.09010455563578,0.05,0.15,0.15,14.628058913869882,54.451283095718,-0.46795081406017586
2111.08,0.0,14.7,53.745809939758985,54.36456,54.86599573293197,54.737140230923686,-5.58,0.05,0.05,0.05,-0.1711147036181717,-2.604458814472687,14.383295612009196,-1.6269875000001568,-3.0360875000022007,-9.483787499999366,0.05,0.1458289334741399,0.15,14.618196832048808,54.42837647590366,-0.29663812533108624
2111.09,0.0,14.7,53.79093042168663,54.36456,54.67369653614512,54.742511716867455,-5.58,0.05,0.05,0.05,-0.1721411342058024,-2.6085645368232098,14.372518090839074,-1.5319875000001566,-1.7010875000022008,-9.868787499999366,0.05,0.14,0.15,14.608337269667409,54.3929246686748,-0.34528802331610464
2111.1000000000004,0.0,14.7,53.82912836744924,54.34906396405526,54.48438076884729,54.75683385921038,-5.558764382190974,0.05,0.05,0.05,-0.1731675647934331,-2.6126702591737327,14.361740569668951,-1.4249039181435204,-0.2680334414807914,-10.184175193411145,0.05,0.14,0.15,14.598480231830383,54.35485173989054,-0.4106110649653207
2111.11,0.0,14.7,53.73297260109867,54.032818332502295,54.35296788816819,54.94487180229593,-5.408689344672404,0.05,0.05,0.05,-0.1741939953810638,-2.616775981524256,14.35096304849883,-1.2951310207141862,1.3491365111001423,-10.36885200898366,0.05,0.14,0.15,14.588625723654983,54.26590765601627,-0.5072412324878257
2111.12,0.0,14.7,53.6407677039068,53.73243568197388,54.21930108293396,55.11268874571686,-5.294238134887417,0.05,0.05,0.05,-0.1752204259686945,-2.6208817038747783,14.340185527328709,-1.194500625782421,2.0724580725949493,-10.30917396746158,0.05,0.14,0.15,14.578773750270972,54.176298303632876,-0.5576927569246993
2111.13,0.0,14.7,53.630500397532586,53.761037464016354,54.038889842358365,54.86113973954845,-5.394154870940537,0.05,0.05,0.05,-0.1762468565563253,-2.624987426225301,14.329408006158586,-1.1494443053819348,1.0912315394287984,-9.78351689612257,0.05,0.14,0.15,14.568924316820672,54.07289186086393,-0.5200826829175723
2111.1400000000003,0.0,14.7,53.62023309115831,53.78963924605899,53.85847860178175,54.60959073337861,-5.4940716069942255,0.05,0.05,0.05,-0.1772732871439618,-2.629093148575848,14.318630484988402,-1.0660903387703036,-0.1551794228365928,-9.486953575909736,0.05,0.14,0.15,14.559077428458936,53.969485418094415,-0.40736592715466985
2111.15,0.0,14.7,53.59342723735401,53.81458,53.730204046692734,54.38464435797663,-5.592577988519992,0.05,0.05,0.05,-0.1782997177315925,-2.6331988709263703,14.30785296381828,-0.9105069008783548,-1.9017289836881484,-9.622461731493049,0.05,0.14,0.15,14.54923309035341,53.88071391050585,-0.15299775284343917
2111.1600000000003,0.0,14.7,53.45395252918324,53.81458,53.95711066147801,54.34092840466937,-5.6824207636633774,0.05,0.05,0.05,-0.1793261483192232,-2.6373045932768933,14.297075442648156,-0.8348110137670606,-2.751762202755107,-9.71886107634538,0.05,0.14,0.15,14.539391307684216,53.89164289883265,-0.024599093591452376
2111.17,0.0,14.69338620380072,53.32872074074042,53.81458,54.15840666666737,54.300994074074026,-5.768198198197994,0.05,0.05,0.05,-0.1803051299133931,-2.64091538974018,14.285270486342409,-0.904898623278729,-1.965779724659968,-9.74389236545669,0.05,0.14,0.15,14.528451290609233,53.90067537037045,-0.12607700701920346
2111.1800000000003,0.0,14.673435084044144,53.38706436213962,53.81458,54.029610370371024,54.30980065843617,-5.828258258258073,0.05,0.05,0.05,-0.181193426604487,-2.6435802798134613,14.271501887630452,-0.9108339575538495,-0.8422446941448087,-9.824089887639156,0.05,0.14,0.15,14.515409532021575,53.8852638477367,-0.2327624783757166
2111.19,0.0,14.653483964287574,53.425750560000445,53.78705104000102,53.900864800000605,54.34090015999913,-5.863388305847439,0.05,0.05,0.05,-0.1820817232955809,-2.646245169886743,14.257733288918496,-0.8009712858933908,0.8905892634087911,-10.003865168538088,0.05,0.14,0.15,14.502369661232672,53.863641640000296,-0.34884784742441827
2111.2000000000003,0.0,14.633532844530889,53.330520559999904,53.57198103999979,53.772464799999874,54.52387016000017,-5.743448275861939,0.05,0.05,0.05,-0.1829700199866798,-2.6489100599600395,14.243964690206464,-0.9143103879844028,1.822145181477436,-10.036705882353203,0.05,0.14,0.15,14.489331683339296,53.79970913999993,-0.47880585267392967
2111.21,0.0,14.613581724774315,53.24748,53.38444,53.64371307392989,54.65650762645903,-5.648237643534689,0.05,0.05,0.05,-0.1838583166777736,-2.651574950033321,14.23019609149451,-1.4349612015011357,1.2914818523161502,-9.801411764706218,0.05,0.14,0.15,14.476295603456066,53.73303517509723,-0.6340794595762731
2111.2200000000003,0.0,14.593630605017744,53.24748,53.38444,53.51256521400812,54.44625470817175,-5.708147778332548,0.05,0.05,0.05,-0.1847466133688675,-2.6542398401066025,14.216427492782554,-1.7221119402988017,0.2795671641832236,-9.6021119402988,0.05,0.14,0.15,14.46326142671507,53.647684980544966,-0.655449543018435
2111.23,0.0,14.57367948526117,53.236291373051216,53.376087926362175,53.4115825977995,54.23616930196994,-5.772117117117231,0.05,0.05,0.05,-0.1856349100599613,-2.656904730179884,14.2026588940706,-1.5877835820900592,-1.6010298507391711,-9.46778358209006,0.05,0.14,0.15,14.450229158266243,53.56503279979571,-0.4351171935090179
2111.24,0.0,14.5537283655046,53.08089377652848,53.26008690360577,53.69939645614795,54.02824294042543,-5.862207207207094,0.05,0.05,0.05,-0.1865232067510552,-2.6595696202531656,14.188890295358645,-1.4547286432167656,-2.593195979903082,-9.48621356783759,0.05,0.14,0.15,14.437198803277353,53.517155019176904,-0.2844765135072623
2111.25,0.0,14.533777245748023,52.94209548906216,53.14957594166486,53.92108226301348,53.85331631380407,-5.948187953011546,0.05,0.05,0.05,-0.187411503442149,-2.6622345103264475,14.17512169664669,-1.3240753768852715,-1.9097788944768048,-9.792746231153789,0.05,0.14,0.15,14.424170366934081,53.466517501886145,-0.26527452333010604
2111.26,0.0,14.51382612599134,52.92918123208447,53.080699904450505,53.64127336183019,53.92864947950726,-6.008172956760988,0.05,0.05,0.05,-0.1882998001332479,-2.664899400399744,14.161353097934658,-1.1669905094908657,-1.0194780219802198,-10.036298701298476,0.05,0.14,0.15,14.41114385444003,53.394950994468104,-0.26824014428125875
2111.27,0.0,14.5,52.91206501821712,53.02064,53.40699394704887,53.99513840660676,-6.0518583187825525,0.05,0.05,0.05,-0.1891880968243418,-2.6675642904730257,14.147584499222702,-0.962195304695726,0.2442582417556422,-10.166168831168564,0.05,0.14,0.15,14.398119271017078,53.33370934296819,-0.3112193914912519
2111.28,0.0,14.5,52.86632297303873,53.02064,53.482884158367575,54.00137595822199,-5.991993015714626,0.05,0.05,0.05,-0.1900763935154356,-2.670229180546307,14.133815900510749,-0.9346821821815476,1.130970970970541,-10.11338088088171,0.05,0.14,0.15,14.385096621905024,53.34280577240707,-0.4021724085838141
2111.29,0.0,14.5,52.81439777379801,53.02064,53.5409409160705,53.989064472877445,-5.94,0.05,0.05,0.05,-0.1909646902065295,-2.6728940706195887,14.120047301798794,-1.2299774774769368,1.3311711711708043,-9.727995495496202,0.05,0.14,0.15,14.372075912361945,53.34126079068649,-0.5804796385381662
2111.3,0.0,14.5,52.6796894831124,53.02064,53.360234672467854,53.72840940634757,-5.94,0.05,0.05,0.05,-0.1918529868976233,-2.6755589606928702,14.106278703086838,-1.3719205794209504,1.0112587412622045,-9.526298701298344,0.05,0.14,0.15,14.359057147664213,53.19724339048196,-0.6254057947352836
2111.31,0.0,14.5,52.56596417955078,53.02064,53.2004,53.48417627431508,-5.956015996000778,0.05,0.05,0.05,-0.1927412835887172,-2.678223850766152,14.092510104374885,-1.2370554445562414,-0.2474825174750801,-9.656168831168063,0.05,0.14,0.15,14.346040333106565,53.06779511346647,-0.42957256534084715
2111.32,0.0,14.5,52.61292677306702,53.02064,53.2004,53.36570245885365,-6.075986003498638,0.05,0.05,0.05,-0.1936295802798111,-2.6808887408394333,14.07874150566293,-1.0559399249082708,-1.2711914893569018,-9.956515644550771,0.05,0.14,0.15,14.333025474002168,53.04991730798017,-0.21684734570189754
2111.33,0.0,14.5,52.64565406571853,53.02064,53.2004,53.27133748406076,-6.207881207886102,0.05,0.05,0.05,-0.19451787697091,-2.68355363091273,14.064972906950896,-0.7906082603261195,-1.866936170211165,-10.567279098871952,0.05,0.14,0.15,14.320012575682638,53.034507887444825,0.02663606774157347
2111.34,0.0,14.5,52.56379040706248,53.02064,53.2004,53.37104322216748,-6.417514349887334,0.05,0.05,0.05,-0.1954061736620038,-2.6862185209860114,14.05120430823894,-0.6715151515147455,-1.7932323232359229,-10.889595959596516,0.05,0.14,0.15,14.307001643498404,53.03896840730749,0.10774488475970684
2111.3500000000004,0.0,14.5,52.48300699565357,53.02064,53.20188667348496,53.46643685502413,-6.592218327491415,0.05,0.05,0.05,-0.1962944703530977,-2.6888834110592934,14.037435709526989,-0.8158152958149198,-0.5137710437743774,-10.692385762386277,0.05,0.14,0.15,14.29399268281835,53.04299263104066,-0.10360250410987851
2111.36,0.0,14.5,52.41625169010506,53.02064,53.2226793096394,53.50583342879045,-6.532128192288667,0.05,0.05,0.05,-0.1971827670441915,-2.691548301132575,14.023667110815031,-0.9677439500384896,0.5358704137378364,-10.54421285454079,0.05,0.14,0.15,14.280985699030165,53.04135110713373,-0.2861929607472017
2111.37,0.0,14.492400897531924,52.35513312031957,52.97912207688578,53.212059420869465,53.52268955566698,-6.48,0.05,0.05,0.05,-0.1980710637352854,-2.6942131912058565,14.009898512103076,-1.1394847775165882,0.988641686180096,-10.523395784543444,0.05,0.14,0.15,14.267980697540379,53.017251043435444,-0.39409814734155035
2111.38,0.0,14.462483171279132,52.33697036445341,52.62120894658191,52.96205442835871,53.36777193210262,-6.48,0.05,0.05,0.05,-0.1989593604263792,-2.696878081279138,13.996129913391124,-1.3139461883395156,0.9869133034438872,-10.263096661689094,0.05,0.14,0.15,14.254977683774428,52.822001417874155,-0.49189932270096914
2111.3900000000003,0.0,14.432565445026173,52.313641492537386,52.30374,52.76763565940759,53.22266814778574,-6.48,0.05,0.05,0.05,-0.1998476571174781,-2.6995429713524346,13.982361314679087,-1.4933183856500072,0.164790732437468,-9.57052067762914,0.05,0.14,0.15,14.241976663176638,52.65192132493267,-0.5714622617918801
2111.4,0.0,14.40264771877338,52.24976089552258,52.30374,53.00954414974234,53.15459865916341,-6.48,0.05,0.05,0.05,-0.2064442469026071,-2.697698483249069,13.968952719595531,-1.552115432873497,-0.6524065244656668,-9.24629360100328,0.05,0.14,0.15,14.228557074274923,52.67941092610708,-0.5553004162237517
2111.4100000000003,0.0,14.372729992520588,52.17686511436744,52.29219631971297,53.22080287329833,53.08636731431543,-6.487657657657772,0.05,0.05,0.05,-0.2142224568031512,-2.694920551141732,13.955618645480312,-1.3864943538272287,-1.4604366373883693,-9.607648682558771,0.05,0.14,0.15,14.215054689168191,52.69405790542354,-0.3609726982073038
2111.42,0.0,14.342812266267796,51.98326963762635,52.12610020046352,53.02170752505892,53.015968959136856,-6.54771771771768,0.05,0.05,0.05,-0.2220006667036952,-2.692142619034395,13.942284571365096,-1.3245581627554213,-1.5593709435888228,-10.048532201695371,0.05,0.14,0.15,14.201556789527107,52.53676158057141,-0.26316304298722304
2111.4300000000003,0.0,14.312894540015003,51.82216515613248,51.9806,52.8473,52.95469774169371,-6.6000000000000005,0.05,0.05,0.05,-0.2297788766042393,-2.6893646869270573,13.928950497249875,-1.4493709435839417,-0.3811382925675917,-10.632656015972849,0.05,0.14,0.15,14.188063388153484,52.40119072445655,-0.339194044290518
2111.44,0.0,14.282976813762216,51.89059383462354,51.9806,52.8473,52.95790533599798,-6.6000000000000005,0.05,0.05,0.05,-0.2375570865047833,-2.68658675481972,13.915616423134658,-1.3615973960974803,0.5838557836714711,-11.146494742110464,0.05,0.14,0.15,14.174574497893628,52.41909979265537,-0.3322978904030061
2111.4500000000003,0.0,14.253059087509252,51.9548041155234,51.97883340553553,52.81196811071059,52.97447419975909,-6.588497254118725,0.05,0.05,0.05,-0.2453352964053715,-2.6838088227123675,13.902282349019364,-0.8858838257396925,1.1597195793677406,-11.532073109663616,0.05,0.14,0.15,14.161090131638398,52.43001995788215,-0.1740713911619749
2111.46,0.0,14.22314136125646,51.98879689530683,51.96441222623347,52.52354452466935,53.086753381468,-6.498632051921936,0.05,0.05,0.05,-0.2531135063059155,-2.6810308906050304,13.888948274904145,-0.7725393258411993,1.3552883895144672,-11.332524344572768,0.05,0.14,0.15,14.1476103023237,52.39087675691941,-0.18654346551122328
2111.4700000000003,0.0,14.2,52.01625740259739,51.947288259740255,52.24729958441559,53.1749701298701,-6.4350112584441455,0.05,0.05,0.05,-0.2608917162064596,-2.678252958497693,13.875614200788927,-1.311865168537997,0.8659001248451509,-10.079091136082988,0.05,0.14,0.15,14.134135022930202,52.34645384415584,-0.506464231231208
2111.48,0.0,14.2,51.90508857142866,51.8728051428572,52.229512571428586,52.75252857142891,-6.555101325994581,0.05,0.05,0.05,-0.2686699261070036,-2.675475026390356,13.862280126673708,-1.581912390488633,0.1666608260351071,-9.092528160201438,0.05,0.14,0.15,14.120664306483802,52.18998371428584,-0.6737470727911798
2111.49,0.0,14.2,51.80148488755631,51.80726,52.235035412293534,52.36820308845596,-6.663792155883056,0.05,0.05,0.05,-0.2764481360075476,-2.6726970942830186,13.84894605255849,-1.3616370463084766,-0.9146908635765694,-8.59190237797381,0.05,0.14,0.15,14.107198166055737,52.052995847076446,-0.5630954149258692
2111.5,0.0,14.2,51.7533589505249,51.80726,52.4114971814087,52.26339549225423,-6.693769672745381,0.05,0.05,0.05,-0.2842263459080917,-2.669919162175681,13.835611978443271,-1.1558202247197824,-1.4905543071173728,-8.441146067413912,0.05,0.14,0.15,14.093736614762747,52.05887790604696,-0.45691294812879363
2111.51,0.0,14.2,51.69222039961004,51.80726,52.53506544834291,52.17974723196885,-6.7275056292220725,0.05,0.05,0.05,-0.2920045558086799,-2.667141230068329,13.822277904327978,-0.9760449438203382,-1.1559725343322962,-8.920546816479098,0.05,0.14,0.15,14.080279665767184,52.05357326998045,-0.3587800327510793
2111.52,0.0,14.2,51.53474476608217,51.80726,52.26704400584846,52.25274918128641,-6.78755066299729,0.05,0.05,0.05,-0.2997827657092239,-2.664363297960992,13.80894383021276,-0.8955032548820634,-0.5157361041593429,-9.2850300450672,0.05,0.14,0.15,14.066827332277484,51.965449488304266,-0.34314625791691306
2111.53,0.0,14.2,51.38392500256303,51.78242020502462,52.02102197847232,52.33070772936893,-6.84,0.05,0.05,0.05,-0.307560975609768,-2.661585365853654,13.79560975609754,-0.9956534802199756,0.6810590886287099,-9.440262894340965,0.05,0.14,0.15,14.053379627547887,51.87951872885723,-0.4777330619855027
2111.54,0.0,14.2,51.32579071245535,51.41167699641339,52.08135001537652,52.47768876473552,-6.84,0.05,0.05,0.05,-0.315339185510312,-2.658807433746317,13.782275681982323,-1.1599500748866023,1.4482151772341678,-9.797014478279836,0.05,0.14,0.15,14.039936564878927,51.824126622245196,-0.5586884770140326
2111.55,0.0,14.2,51.266090192355946,51.08394,52.11111487384522,52.5730164726464,-6.828921691268754,0.05,0.05,0.05,-0.323117395410856,-2.65602950163898,13.768941607867104,-1.4395307039432814,1.4432226660010128,-10.515936095854151,0.05,0.14,0.15,14.02649815761752,51.75854038471189,-0.5432574096401539
2111.56,0.0,14.2,51.19445391956061,51.08394,51.90796723457486,52.27471020234941,-6.738854140605671,0.05,0.05,0.05,-0.3308956053114,-2.6532515695316428,13.755607533751888,-1.5880470706061431,1.026387080623962,-10.674672008014255,0.05,0.14,0.15,14.013064419157153,51.61526783912122,-0.5257651808336518
2111.57,0.0,14.194605487133376,51.1343683845777,51.08394,51.74685487066783,51.996448950708256,-6.667468132966647,0.05,0.05,0.05,-0.338673815211944,-2.6504736374243056,13.742273459636667,-1.4979118678020218,-0.1403630445627173,-9.81338007010821,0.05,0.14,0.15,13.999635362938056,51.49040305148844,-0.5045198357936616
2111.58,0.0,14.169572944828264,51.16361191800879,51.08394,51.91082754026357,51.87320834553439,-6.727453136715918,0.05,0.05,0.05,-0.3319114703617865,-2.6453171670515605,13.721694380292464,-1.3293133583019268,-0.9881897627966778,-9.336766541822858,0.05,0.14,0.15,13.978296205353683,51.50789695095168,-0.43187107138474856
2111.59,0.0,14.144540402523292,51.1874878912263,51.08394,52.05521397126739,51.75322143150338,-6.78,0.05,0.05,0.05,-0.3221603797792975,-2.639671798819593,13.69962612265841,-1.0197003745324218,-1.262846441947045,-9.551498127340416,0.05,0.14,0.15,13.95533627027338,51.51996582349926,-0.2668399379011739
2111.6000000000004,0.0,14.11950786021832,51.13478394048243,51.08394,51.92016009748623,51.67965550025672,-6.78,0.05,0.05,0.05,-0.3124092891968086,-2.634026430587626,13.677557865024356,-0.7933416770966435,-1.061451814772337,-9.61180225281682,0.05,0.14,0.15,13.932382565523394,51.45463488455634,-0.2026396217426258
2111.61,0.0,14.09447531791335,51.0774969892477,51.07758100525154,51.78899481370385,51.62550769692384,-6.78,0.05,0.05,0.05,-0.3026581986143197,-2.6283810623556585,13.655489607390304,-0.7182478097624994,0.0048811013725105,-9.391526908636664,0.05,0.14,0.15,13.909435121948086,51.392395126281734,-0.32163895959997485
2111.62,0.0,14.069442775608378,50.985453978495066,51.022997359340096,51.6873193948492,51.71862097524336,-6.78,0.05,0.05,0.05,-0.2929071080318307,-2.6227356941236915,13.633421349756247,-0.67,0.8596004993733832,-9.43209737827458,0.05,0.14,0.15,13.886493970587232,51.353597926981934,-0.3881733406276284
2111.63,0.0,14.044410233303408,50.89196239457159,50.96808436257909,51.58127682986021,51.78813692680623,-6.777551224387852,0.05,0.05,0.05,-0.2831560174493417,-2.617090325891724,13.611353092122195,-0.67,1.3340074906331083,-9.941460674153443,0.05,0.14,0.15,13.86355914267755,51.30736512845428,-0.3604175544841269
2111.6400000000003,0.0,14.019377690998294,50.78753841654567,50.910685752141,51.44227537566676,51.67956365164021,-6.75756121939025,0.05,0.05,0.05,-0.2734049268667974,-2.611444957659725,13.589284834488016,-0.8932592962297292,1.399021712006007,-9.807534314952704,0.05,0.14,0.15,13.840630669654018,51.2050157989984,-0.4624210788313661
2111.65,0.0,13.994345148693322,50.68311443852035,50.853287141703234,51.30327392147411,51.5709903764748,-6.737571214392761,0.05,0.05,0.05,-0.2636538362843085,-2.605799589427757,13.567216576853962,-1.5221587222352098,0.7202096331429482,-8.504814075369922,0.05,0.14,0.15,13.81770858315192,51.102666469543124,-0.8001844771728973
2111.6600000000003,0.0,13.969312606388351,50.58217039460512,50.79280272727382,51.17271525973893,51.46676002497455,-6.72,0.05,0.05,0.05,-0.2539027457018195,-2.6001542211957904,13.545148319219908,-1.819083395943193,-0.0527498121704197,-8.124793388428523,0.05,0.14,0.15,13.794792915007573,51.00361210164811,-0.8770343241695444
2111.67,0.0,13.95,50.632410154844855,50.59825727272843,51.40894902597262,51.55120557942008,-6.72,0.05,0.05,0.05,-0.2441516551193305,-2.594508852963823,13.523080061585851,-1.5035311795650286,-0.9994064613049144,-9.447107438013214,0.05,0.14,0.15,13.77188369726037,51.04770550824149,-0.47251165894020253
2111.6800000000003,0.0,13.95,50.68400702771349,50.4077,51.63677061276488,51.63246993643573,-6.7236263736262485,0.05,0.05,0.05,-0.2344005645368416,-2.5888634847318555,13.5010118039518,-1.190004997502515,-1.255177411298436,-10.56079460269565,0.05,0.14,0.1457720588235797,13.748980962154212,51.090236894228525,-0.17208348897678225
2111.69,0.0,13.95,50.80044740401661,50.4077,51.462654162218165,51.561735128401125,-6.753596403596269,0.05,0.05,0.05,-0.2246494739543526,-2.5832181164998884,13.478943546317746,-0.8801599200417352,-0.2556771614249522,-11.29542728635266,0.05,0.14,0.14,13.726084742139035,51.05813417365898,-0.060784754076891545
2111.7000000000003,0.0,13.95,50.897500314606745,50.4077,51.30036373033708,51.500013707865165,-6.783567324506645,0.05,0.05,0.05,-0.2148983833718083,-2.577572748267889,13.456875288683566,-0.6994214463839421,0.6389476309214392,-11.634049875312405,0.05,0.14,0.1442301629006869,13.703195069872264,51.026394438202246,-0.04186886184819566
2111.71,0.0,13.95,50.65491354806553,50.4077,51.34524762546805,51.59619348314582,-6.813544841368969,0.05,0.05,0.05,-0.2051472927893193,-2.571927380035922,13.434807031049512,-0.7542842892765889,1.3421895261817296,-11.25000997506388,0.05,0.14,0.15,13.680311978220915,51.00101366416985,-0.1915386090728478
2111.7200000000003,0.0,13.95,50.4253065783664,50.4077,51.368627186658685,51.67503928378827,-6.815312656328398,0.05,0.05,0.05,-0.1953962022068304,-2.5662820118039544,13.41273877341546,-0.8898895305031539,1.4915691689727182,-10.88083354255764,0.05,0.14,0.15,13.657435500262409,50.96916826220333,-0.30848122121143534
2111.73,0.0,13.95,50.43475470198671,50.4077,50.99595119941306,51.43463702722701,-6.6052076038024,0.05,0.05,0.05,-0.1856451116243414,-2.5606366435719874,13.390670515781403,-1.176105950287421,0.6078132061300692,-10.539382375095707,0.05,0.14,0.15,13.634565669286683,50.818260732156695,-0.3643769424000564
2111.74,0.0,13.95,50.441518178198976,50.4077,50.631761941263086,51.19643220507746,-6.423553223388206,0.05,0.05,0.05,-0.1758940210418525,-2.55499127534002,13.368602258147352,-1.2870226537225766,-0.1646925566317973,-9.996051779939243,0.05,0.14,0.15,13.611702518797726,50.66935308113488,-0.4035239178941171
2111.75,0.0,13.95,50.24445496266886,50.4077,50.91191126928697,51.125063364858455,-6.453538230884496,0.05,0.05,0.05,-0.1661429304593635,-2.5493459071080524,13.346534000513296,-1.0828902165805614,-0.7372591486154989,-9.089902912625906,0.05,0.14,0.15,13.588846082515161,50.67228239920357,-0.41257000077573325
2111.76,0.0,13.95,50.04838041623316,50.40704085327763,51.190788574401616,51.05320505723181,-6.48,0.05,0.05,0.05,-0.1563918398768191,-2.5437005388760534,13.324465742879118,-0.9710293748430516,-1.0767034898318348,-8.60339442631167,0.05,0.14,0.15,13.565996394375814,50.674853725286056,-0.4133357999905003
2111.77,0.0,13.9413238593866,50.098484474505696,50.24225417273684,51.15293217481792,50.85946936524466,-6.48,0.05,0.05,0.05,-0.1525190114068439,-2.5406717363751583,13.307313054499367,-1.0312854632185149,-0.9812980165706848,-8.899653527491031,0.05,0.14,0.15,13.548537029927083,50.58828504682628,-0.39865614170622965
2111.78,0.0,13.901433557716231,50.13299559462792,50.09098,51.10361023199064,50.69413285958451,-6.48,0.05,0.05,0.05,-0.1598310909622638,-2.542621624256604,13.299513502973586,-1.1753571428558864,-0.5146428571476911,-9.322142857140088,0.05,0.14,0.15,13.541326748792091,50.50542967155077,-0.4316237922967946
2111.79,0.0,13.861543256045866,49.99294187057416,50.09098,50.9259301343105,50.84672870818039,-6.48,0.05,0.05,0.05,-0.1671431705176837,-2.544571512138049,13.291713951447804,-1.4700624375610876,0.6192232767180822,-9.971493506490532,0.05,0.14,0.15,13.534121352601632,50.464145178266264,-0.5502233196779461
2111.8,0.0,13.821652954375502,49.85454370294512,50.09098,50.754153121638936,50.99942945454515,-6.4737300000001365,0.05,0.05,0.05,-0.1744552500731036,-2.5465214000194942,13.283914399922024,-1.5906081081090204,1.4282882882872592,-10.493198198196842,0.05,0.14,0.15,13.526920849161904,50.4247765697823,-0.5958803743501463
2111.81,0.0,13.781762652705137,49.76247712163939,50.09098,50.74757693725996,51.15506581818102,-6.413730000000136,0.05,0.05,0.05,-0.1817673296285236,-2.54847128790094,13.276114848396242,-1.395412912913763,1.6485085085075497,-10.783488488487226,0.05,0.14,0.15,13.519725246290434,50.43902496927009,-0.5092971374276869
2111.82,0.0,13.74187235103477,49.67480451548482,50.09098,50.733738941059705,51.268313506496405,-6.363134999999932,0.05,0.05,0.05,-0.1890794091839435,-2.550421175782385,13.26831529687046,-1.403928571426594,1.365000000006275,-10.709285714289564,0.05,0.14,0.15,13.512534551816072,50.441959240760234,-0.4939063660897042
2111.83,0.0,13.701982049364176,49.6363229970031,50.09098,50.63860407592433,50.90701480519576,-6.393135000000103,0.05,0.05,0.05,-0.196391488739405,-2.5523710636638413,13.260515745344636,-1.7785539460529154,0.1761888111920821,-9.980014985016991,0.05,0.14,0.15,13.505348773578962,50.318230469530796,-0.6064628930428574
2111.84,0.0,13.662091747693813,49.60002066857693,50.09098,50.54241371537759,50.5611300286538,-6.4231350000000935,0.05,0.05,0.05,-0.2037035682948249,-2.5543209515452867,13.252716193818854,-1.829569461829908,-0.894332916140989,-9.426352941177624,0.05,0.14,0.15,13.498167919430687,50.19863610315208,-0.5960686329474674
2111.8500000000004,0.0,13.622201446023444,49.58877902578801,50.09098,50.43408515759352,50.39250538682011,-6.4531350000000085,0.05,0.05,0.05,-0.2110156478502448,-2.556270839426732,13.244916642293072,-1.2938998748463455,-1.750403003750233,-9.19105882353064,0.05,0.14,0.15,13.490991997234046,50.12658739255041,-0.3627720317718276
2111.86,0.0,13.58231114435308,49.57753738299909,50.09098,50.32575659980946,50.22388074498642,-6.4768650000000685,0.05,0.05,0.05,-0.2183277274056647,-2.558220727308177,13.237117090767292,-0.8838526841457982,-1.804789013740165,-9.07933083645385,0.05,0.14,0.15,13.483821014863215,50.05453868194874,-0.23632360164435565
2111.87,0.0,13.55,49.415708081868985,49.72887919706273,50.07398072946843,50.12296657045438,-6.446865000000068,0.05,0.05,0.05,-0.2256398069610847,-2.560170615189622,13.22931753924151,-0.6990836454441175,-0.4215181023789338,-9.18919350811431,0.05,0.14,0.15,13.476654980203689,49.83538364471363,-0.30148557882006427
2111.88,0.0,13.55,49.26856129129109,49.3912,49.84516972472448,50.03778525525488,-6.413730000000136,0.05,0.05,0.05,-0.2329518865165046,-2.562120503071068,13.221517987715728,-0.6138147684601098,0.6248360450541874,-9.211947434293528,0.05,0.14,0.1457637795276302,13.469493901152312,49.63567906781761,-0.3782107637111686
2111.8900000000003,0.0,13.55,49.31354627627622,49.3912,49.90193649149142,50.12132879879869,-6.3537299999997945,0.05,0.05,0.05,-0.2402639660719661,-2.564070390952524,13.213718436189904,-0.7089336670838999,1.0603804755946995,-9.0767784730913,0.05,0.14,0.14,13.462337785617216,49.68200289164158,-0.4758993448692925
2111.9,0.0,13.55,49.349340271581234,49.3912,49.9439167507279,50.19155844325926,-6.296863431715759,0.05,0.05,0.05,-0.247576045627386,-2.5660202788339697,13.205918884664122,-0.8558127340822457,1.291730337078737,-8.98463670411986,0.05,0.14,0.14,13.455186641517988,49.7190038663921,-0.5632254421960088
2111.9100000000003,0.0,13.55,49.282919321047856,49.3912,49.82145312318199,50.11372139185296,-6.2668484242120455,0.05,0.05,0.05,-0.2548881251828059,-2.567970166715415,13.19811933313834,-1.0955131086134753,1.1568988764049202,-8.969655430711658,0.05,0.14,0.14,13.448040476785442,49.65232345902071,-0.6319685377925591
2111.92,0.0,13.55,49.21754308565541,49.3912,49.7015,50.03575960784367,-6.24,0.05,0.05,0.05,-0.2622002047382258,-2.56992005459686,13.19031978161256,-1.25,0.632187734674367,-8.940423028786253,0.05,0.14,0.1442384453781341,13.440899299361762,49.58650067337477,-0.6337109057129524
2111.9300000000003,0.0,13.55,49.20208384932928,49.3912,49.7015,49.95183803921609,-6.24,0.05,0.05,0.05,-0.2695122842936458,-2.5718699424783056,13.182520230086778,-1.25,-0.5993516896055979,-8.885354192741213,0.05,0.14,0.15,13.43376311720047,49.561655472136344,-0.5139850064373257
2111.94,0.0,13.55,49.18522826458396,49.37310114718167,49.70968757627496,49.86527346351031,-6.243164999999856,0.05,0.05,0.05,-0.2768243638490657,-2.573819830359751,13.174720678560996,-1.2017423864211905,-1.3471043434855028,-8.992985521714992,0.05,0.14,0.15,13.426631938266434,49.53332261288772,-0.4037363322247554
2111.9500000000003,0.0,13.55,49.15284359287281,49.15372111300936,49.8089309250672,49.749315445447806,-6.273165000000027,0.05,0.05,0.05,-0.2841364434045272,-2.575769718241207,13.166921127035172,-1.0669445831256223,-1.2272840738894422,-9.392386420368526,0.05,0.14,0.15,13.419505770535817,49.4662027690993,-0.31048312865586103
2111.96,0.0,13.55,49.11791926945216,48.9421276657493,49.8982102777084,49.640431028271145,-6.306330000000053,0.05,0.05,0.05,-0.2914485229599471,-2.5777196061226526,13.15912157550939,-0.9693340010016184,-0.67003004507282,-9.658888332498652,0.05,0.14,0.15,13.412384621996248,49.39967206029525,-0.2953168303518981
2111.9700000000003,0.0,13.547136234484826,49.01083895921968,48.95176489367023,49.70439491618762,49.732520095071074,-6.366330000000054,0.05,0.05,0.05,-0.298760602515367,-2.579669494004098,13.151322023983608,-0.9392889334002446,0.6819979969889971,-9.68392588883313,0.05,0.14,0.15,13.405268500646565,49.34987971603715,-0.42202674020656733
2111.98,0.0,13.532181845371634,48.90841446830255,48.96082696319021,49.51656669222915,49.822971257668506,-6.413669999999964,0.05,0.05,0.05,-0.2934384135261071,-2.5686265834452526,13.135127070659175,-0.911061173533216,1.5660898876402114,-9.732179775280423,0.05,0.14,0.15,13.387139791235388,49.30219484534761,-0.49717570959737734
2111.99,0.0,13.51722745625844,48.93248399795486,48.95426254601231,49.49140309304718,49.86892217791384,-6.353670000000134,0.05,0.05,0.05,-0.285537647151777,-2.554931921729747,13.117218666877362,-0.8860923845194754,1.6110337078649444,-9.82206741572989,0.05,0.14,0.15,13.36677352345324,49.31176795373205,-0.47986064608713414
2112.0,0.0,13.50227306714525,48.955569672131055,48.934528464978925,49.45175944858575,49.89397880775124,-6.3,0.05,0.05,0.05,-0.2776368807774468,-2.541237260014241,13.099310263095546,-0.9232850362220648,1.4055458406229144,-9.794743942044695,0.05,0.14,0.15,13.346418936107648,49.30895909836174,-0.4751183949418463
2112.01,0.0,13.487318678031972,48.96726366120216,48.76230789865913,49.24445691505265,49.67710846497816,-6.3,0.05,0.05,0.05,-0.2697361144030717,-2.5275425982986577,13.08140185931363,-1.0731726205345409,0.7460404696480198,-9.554923807144736,0.05,0.14,0.15,13.326076082721489,49.16278423497303,-0.49316989223374275
2112.02,0.0,13.47236428891878,48.97079270323247,48.60154,49.05498210577846,49.47389339373167,-6.303179999999989,0.05,0.05,0.05,-0.2618353480287416,-2.513847936583152,13.063493455531814,-1.1558293720290886,0.1517237928454278,-9.361030773079994,0.05,0.14,0.15,13.305745017114345,49.02530205068565,-0.48847196164008266
2112.03,0.0,13.457409899805588,48.85970553379085,48.60154,49.11576565132199,49.46236547992169,-6.333179999999989,0.05,0.05,0.05,-0.2539345816544114,-2.5001532748676465,13.04558505175,-1.1157993495122769,-0.3236327245417127,-9.25094821115876,0.05,0.14,0.15,13.28542579340363,49.00984416625863,-0.4422595383513158
2112.04,0.0,13.442455510692394,48.7540205517585,48.60154,49.17625430523894,49.452075444191145,-6.363179999999989,0.05,0.05,0.05,-0.2460338152800812,-2.486458613152141,13.027676647968184,-1.0295196397305542,-0.5481736302236909,-9.496632474351804,0.05,0.14,0.15,13.265118466006825,48.995972575297145,-0.35275500862266207
2112.05,0.0,13.427501121579205,48.86343082763807,48.60154,49.22500145785855,49.49107316628683,-6.393179999999989,0.05,0.05,0.05,-0.238133048905751,-2.472763951436636,13.00976824418637,-0.85939204403362,-0.3180010007513681,-10.387300475353404,0.05,0.14,0.15,13.244823089643205,49.045261362945865,-0.18476450814551296
2112.06,0.0,13.41254673246601,48.954974493784405,48.60154,49.266144937833495,49.52666998223814,-6.42,0.05,0.05,0.05,-0.2302322825314208,-2.4590692897211293,12.991859840404556,-0.8480279580619269,0.070614078879275,-10.874448327509592,0.05,0.14,0.15,13.224539719335638,49.08733235346401,-0.14763353819559796
2112.07,0.0,13.4,48.69976008119884,48.60154,49.15971509769143,49.49626145648327,-6.42,0.05,0.05,0.05,-0.2223315161570906,-2.445374628005624,12.97395143662274,-1.1226160758846715,0.7446030953532843,-10.634807788318833,0.05,0.14,0.15,13.20426841041243,48.98931915884338,-0.34619634452038744
2112.08,0.0,13.4,48.46230657322376,48.58432691155131,49.05376420009659,49.47051342677624,-6.416822383212605,0.05,0.05,0.05,-0.2144307497827156,-2.4316799662900404,12.956043032840824,-1.2379102981710597,1.192417940365788,-10.51370583813571,0.05,0.14,0.1457684210526658,13.184009218509065,48.89272777791198,-0.4498072373762411
2112.09,0.0,13.4,48.433345722571296,48.3650518994684,48.953435538907705,49.4994742774287,-6.38684486635028,0.05,0.05,0.05,-0.2065299834083854,-2.4179853045745348,12.938134629059007,-1.0625156602357042,1.227496867952859,-10.60892007015776,0.05,0.14,0.14,13.163762199570492,48.812826859594026,-0.3801442994345535
2112.1000000000004,0.0,13.4,48.40384302936641,48.14815327150949,48.85406,49.52585572385399,-6.353733133433411,0.05,0.05,0.05,-0.1986292170340552,-2.404290642859029,12.920226225277192,-1.0215211970071258,0.9335187032434682,-10.369610972570072,0.05,0.14,0.14,13.143527409852332,48.73297800618248,-0.3720253458066584
2112.11,0.0,13.4,48.317846120556574,48.179023956723285,48.85406,49.28330034003135,-6.293763118440832,0.05,0.05,0.05,-0.190728450659725,-2.390595981143523,12.902317821495377,-1.2210224438894777,0.0507256857890614,-9.531705735664191,0.05,0.14,0.14,13.123304905923195,48.658557604327804,-0.47403321487741923
2112.12,0.0,13.4,48.234689068384654,48.20676302279488,48.86393920713541,49.04958738850376,-6.243105776444117,0.05,0.05,0.05,-0.1828276842853948,-2.376901319428017,12.884409417713565,-1.326970684039441,-0.6617188674495933,-8.98822851415688,0.05,0.14,0.14,13.10309474466646,48.58874467170468,-0.5177792552992317
2112.13,0.0,13.4,48.19014992071382,48.191916640237935,49.00816120911716,48.936118607532826,-6.273113278319567,0.05,0.05,0.05,-0.1749269179110647,-2.363206657712512,12.866501013931748,-1.2618241042348806,-1.0626208970161204,-8.983217238787299,0.05,0.14,0.14,13.082896983282154,48.581586594400434,-0.45497289905219507
2112.1400000000003,0.0,13.4,48.14409945608126,48.17139421621651,49.13746938175712,48.83166591216201,-6.293764157228247,0.05,0.05,0.05,-0.1670261515366896,-2.3495119959969286,12.848592610149831,-1.2003345817728186,-0.9678102372041172,-9.114082397003507,0.05,0.14,0.14,13.06271167928878,48.571157241554225,-0.4243773060115177
2112.15,0.0,13.4,48.069633239865006,48.04415097297321,48.98636803040569,48.896733479729605,-6.233804130579472,0.05,0.05,0.05,-0.1591253851623594,-2.335817334281423,12.830684206368016,-1.1454032459427452,0.0159600499344712,-9.488614232208556,0.05,0.14,0.14,13.042538890525659,48.499221430743376,-0.4515451486658532
2112.1600000000003,0.0,13.4,47.995167023648754,47.91690772972992,48.83526667905427,48.96180104729721,-6.173844103930698,0.05,0.05,0.05,-0.1512246187880292,-2.322122672565917,12.8127758025862,-1.1402628943410764,0.674922383575004,-9.852831747619662,0.05,0.14,0.1439447513811791,13.022378675154195,48.42728561993254,-0.4632200306878915
2112.17,0.0,13.39659846931136,47.92498009770399,47.797490146556,48.69623160234492,49.01747936980953,-6.12,0.05,0.05,0.05,-0.1488477272727295,-2.322304545454541,12.799629545454566,-1.225390585878302,0.7450275413115426,-10.19835002503546,0.05,0.14,0.15,13.009449279221107,48.35904530410361,-0.446807112069354
2112.1800000000003,0.0,13.356580461207736,47.89779885686382,47.75671828529574,48.67845925256481,48.97879837322929,-6.12,0.05,0.05,0.05,-0.1474840909090942,-2.325031818181812,12.787356818181848,-1.267468164794237,0.7810486891387406,-10.48623970037332,0.05,0.14,0.15,12.997846702747763,48.327943691988416,-0.4211143713386526
2112.19,0.0,13.316562453104114,47.87194413935482,47.71772,48.65607879742027,48.93661098322669,-6.113946053946344,0.05,0.05,0.05,-0.1461204545454589,-2.327759090909082,12.77508409090913,-1.232511860175,0.756079900125,-10.671008739075,0.05,0.14,0.15,12.986246074302844,48.29558848000045,-0.37881631433145013
2112.2000000000003,0.0,13.276544445000262,47.87525768774193,47.71772,48.532372990967865,48.817323241290445,-6.054005994005962,0.05,0.05,0.05,-0.1447568181818158,-2.330486363636368,12.762811363636343,-1.1975212819229089,0.4405107661498129,-10.60638457686566,0.05,0.14,0.15,12.974647399111475,48.23566848000006,-0.34403189593989664
2112.21,0.0,13.236526436896638,47.87103654626426,47.719515863433934,48.42963690252346,48.69810895596246,-6.002967774169377,0.05,0.05,0.05,-0.1433931818181806,-2.333213636363639,12.750538636363624,-1.1624687030546397,-0.4007511266886512,-10.090610916375413,0.05,0.14,0.15,12.963050682416801,48.179574567046025,-0.32283956538184294
2112.2200000000003,0.0,13.196508428793011,47.80326811479482,47.73645797130129,48.50375862444316,48.57951420089093,-6.032945291031703,0.05,0.05,0.05,-0.1420295454545452,-2.335940909090909,12.738265909090908,-1.0539690464310572,-0.97405391912104,-9.785092361457608,0.05,0.14,0.15,12.95145592947967,48.155749727857554,-0.27302589588603743
2112.23,0.0,13.156490420689387,47.74099302348338,47.739056135030005,48.56864325831717,48.46201179060711,-6.0600000000000005,0.05,0.05,0.05,-0.1406659090909099,-2.33866818181818,12.72599318181819,-0.8143285072402981,-1.0689116325507155,-9.85498751872158,0.05,0.14,0.15,12.939863145578943,48.12767605185941,-0.1721083872278946
2112.24,0.0,13.116472412585765,47.73785212328769,47.58724595890496,48.534093356164576,48.35626815068552,-6.0600000000000005,0.05,0.05,0.05,-0.1393022727272746,-2.3413954545454505,12.713720454545472,-0.6671306960439383,-0.762769153737182,-9.898217325989016,0.05,0.14,0.15,12.92827233601153,48.053864897260695,-0.14796792461490155
2112.25,0.0,13.076454404482142,47.728945671795856,47.44166,48.49691046153914,48.2591345128198,-6.057045738565482,0.05,0.05,0.05,-0.1379386363636393,-2.344122727272721,12.701447727272756,-0.6871607411115207,0.2687781672433154,-9.89320981472212,0.05,0.14,0.15,12.916683506092445,47.9816626615387,-0.262716275637809
2112.26,0.0,13.03643639637829,47.58518156923102,47.44166,48.39814123076941,48.363390923076736,-6.027053236690762,0.05,0.05,0.05,-0.1365749999999962,-2.3468500000000074,12.689174999999969,-0.7322616075884453,0.9317923115326916,-9.863115327009629,0.05,0.14,0.15,12.905096661154818,47.947093430769286,-0.3513591138758083
2112.27,0.0,13.0,47.44876377433863,47.42921530703974,48.296401427858505,48.46253508736884,-5.997062203347409,0.05,0.05,0.05,-0.135211363636361,-2.3495772727272777,12.676902272727247,-0.8221268097852348,0.9367848227658464,-9.788227658512303,0.05,0.14,0.15,12.89351180655023,47.90922889915143,-0.39339015908889946
2112.28,0.0,13.0,47.385728327508815,47.29246043934116,48.1649885471794,48.51061297054412,-5.967084686485085,0.05,0.05,0.05,-0.1338477272727256,-2.3523045454545484,12.664629545454533,-1.0047559449306425,0.7724705882359946,-9.663364205256892,0.05,0.14,0.1457593273778472,12.88192894764841,47.83844757114338,-0.4565313001557547
2112.29,0.0,13.0,47.32475424774563,47.16774,48.0484469957285,48.53399237778845,-5.94,0.05,0.05,0.05,-0.1324840909090903,-2.355031818181819,12.652356818181817,-1.3551939924889849,0.3018823529433634,-9.448095118899625,0.05,0.14,0.14,12.870348089837535,47.76873340531565,-0.5578603674300425
2112.3,0.0,13.0,47.285143426673066,47.16774,48.0860264926435,48.30140576174699,-5.94,0.05,0.05,0.05,-0.131120454545455,-2.3577590909090897,12.640084090909095,-1.5817907092906756,-0.1593731268701095,-9.24016233766366,0.05,0.14,0.14,12.858769238524264,47.710078920265886,-0.6174612598401723
2112.31,0.0,13.0,47.2455326056005,47.16774,48.12360598955849,48.06881914570553,-5.942937062936975,0.05,0.05,0.05,-0.1297568181818197,-2.3604863636363604,12.62781136363638,-1.586785714285679,-0.6039285714254127,-9.045357142858528,0.05,0.14,0.14,12.847192399133824,47.65142443521613,-0.6023937445065521
2112.32,0.0,13.0,47.22041414402543,47.16774,48.12985769453967,48.01788336586673,-5.972907092906995,0.05,0.05,0.05,-0.1283931818181844,-2.363213636363631,12.61553863636366,-1.540027534419063,-0.784700876097311,-9.08776470587886,0.05,0.14,0.14,12.835617577110058,47.63397380110796,-0.5614761615388811
2112.33,0.0,13.0,47.19127839057407,47.15260334921031,48.12098419654047,47.9696579242918,-6.002874251497068,0.05,0.05,0.05,-0.1270295454545414,-2.365940909090917,12.603265909090874,-1.3998523153945304,-0.4893316645813315,-9.558352941175505,0.05,0.14,0.14,12.824044777915452,47.60863096515416,-0.473897937552361
2112.34,0.0,13.0,47.11617184758093,46.97556649786935,47.95682275256976,47.91279154173985,-6.032814371257529,0.05,0.05,0.05,-0.125665909090906,-2.368668181818188,12.590993181818156,-1.2374747474751873,-0.1428619528629055,-9.977421837421126,0.05,0.14,0.14,12.812474007031462,47.49033815993997,-0.39197420901418595
2112.3500000000004,0.0,13.0,47.04185569350162,46.82304536372431,47.80675001939866,47.86638876818608,-6.057235853780648,0.05,0.05,0.05,-0.1243022727272707,-2.3713954545454583,12.578720454545438,-1.035454545454943,0.2948484848476231,-10.30450216450152,0.05,0.14,0.14,12.800905269958209,47.38450996120267,-0.3201466687270018
2112.36,0.0,13.0,46.97543474296824,46.91541199805979,47.79740957322991,47.92450709990279,-6.027190786179274,0.05,0.05,0.05,-0.1229386363636354,-2.374122727272729,12.56644772727272,-0.8710515356586946,0.677048412284619,-10.628912024986128,0.05,0.14,0.14,12.789338572214811,47.40319085354019,-0.2555836840923058
2112.37,0.0,12.997977528090026,46.9102034778123,46.99965614035182,47.781807368422186,47.97671300309671,-5.997152847152878,0.05,0.05,0.05,-0.1215750000000001,-2.37685,12.554175000000004,-0.8033784487250215,0.9165070275883856,-10.946454971367208,0.05,0.14,0.14,12.777773919339397,47.417094997420755,-0.20970098542132296
2112.38,0.0,12.973008739076311,46.88480616099088,46.8119368421065,47.5565442105278,47.830954489165045,-5.9671828171828585,0.05,0.05,0.05,-0.1202113636363648,-2.3795772727272704,12.541902272727285,-0.8191462805778796,0.8728457314070679,-10.943884173743752,0.05,0.14,0.14,12.766211316889178,47.27106042569755,-0.210845135324502
2112.3900000000003,0.0,12.94803995006246,46.85821468000009,46.6413,47.35810904999984,47.68570453000032,-5.937209999999888,0.05,0.05,0.05,-0.1238962036989774,-2.374372150212588,12.527012654336742,-0.9838991512729304,0.3236694957568985,-10.369745381927666,0.05,0.14,0.14,12.75064858816637,47.135832065000066,-0.29595644382726616
2112.4,0.0,12.923071161048748,46.81969468000009,46.6413,47.42765904999984,47.54553453000032,-5.9072099999999725,0.05,0.05,0.05,-0.1285070956504045,-2.367711972949416,12.511643014498652,-1.0489882294015591,-0.2760706235906451,-9.712917605810912,0.05,0.14,0.1442406726221528,12.734354517710486,47.10854706500006,-0.35485490652696655
2112.4100000000003,0.0,12.898102372035035,46.77833544371521,46.64177347434961,47.49457309992697,47.41177544371521,-5.882790697674367,0.05,0.05,0.05,-0.1331179876018317,-2.361051795686243,12.496273374660564,-0.9337866265968324,-0.9672802404190064,-8.906506386177826,0.05,0.14,0.15,12.718063305188684,47.081614365426745,-0.36633462569608055
2112.42,0.0,12.873133583021325,46.708615044979474,46.64697648918064,47.53515661560896,47.34205504497948,-5.912798199549817,0.05,0.05,0.05,-0.1377288795532588,-2.35439161842307,12.480903734822473,-0.903075386919118,-1.1371892161789194,-8.582044433347734,0.05,0.14,0.15,12.701774961597664,47.05820079868714,-0.3874570635091895
2112.4300000000003,0.0,12.84816479400761,46.637356332819934,46.6488526502313,47.56448083204984,47.27803902927563,-5.94,0.05,0.05,0.05,-0.142339771504686,-2.347731441159898,12.46553409498438,-1.0228956565144975,-0.3783275087415161,-9.116243135293802,0.05,0.14,0.15,12.685489497988668,47.03218221109418,-0.4257593658329324
2112.44,0.0,12.823196004993898,46.52304713918888,46.55762512069882,47.27870784797221,47.37366306625545,-5.94,0.05,0.05,0.05,-0.1469506634561131,-2.3410712638967253,12.45016445514629,-1.0946458072591854,0.2456395494339722,-9.508187734667333,0.05,0.14,0.15,12.669206925467801,46.933260793528845,-0.45542048059047635
2112.4500000000003,0.0,12.798227215980043,46.4206157826196,46.478037776108216,47.02947606311054,47.46898586526428,-5.94,0.05,0.05,0.05,-0.1515615554075665,-2.334411086633515,12.434794815308113,-1.079627033792271,0.6261151439291323,-9.64335669586956,0.05,0.14,0.15,12.652927255196268,46.84927887177566,-0.46948382760889656
2112.46,0.0,12.773258426966333,46.44205329827196,46.51984093163031,47.16131678437254,47.56116718256941,-5.94,0.05,0.05,0.05,-0.1561724473589937,-2.3277509093703426,12.41942517547002,-1.10405391912104,0.9201847229152168,-9.89130803794177,0.05,0.14,0.15,12.636650498391061,46.921094549211055,-0.47074066177123547
2112.4700000000003,0.0,12.75,46.45464905477478,46.53773354338393,47.25029234125139,47.61966173533752,-5.94,0.05,0.05,0.05,-0.1607833393104208,-2.32109073210717,12.404055535631931,-1.1989116325507154,1.0599750374431596,-10.34063404892444,0.05,0.14,0.15,12.620376666324772,46.96558416868691,-0.44913127102890377
2112.48,0.0,12.75,46.37892438196819,46.3167834706743,46.91108730004928,47.3416588269517,-5.94,0.05,0.05,0.05,-0.165394231261848,-2.314430554843997,12.38868589579384,-1.3117104933625732,0.8878812922655779,-10.483784122216171,0.05,0.14,0.15,12.604105770326246,46.73711349491087,-0.4474522840858512
2112.49,0.0,12.75,46.30344317329927,46.101958464698335,46.5857490064181,47.06747097304272,-5.937343671835972,0.05,0.05,0.05,-0.1700051232132751,-2.307770377580825,12.37331625595575,-1.4569646882037293,0.1515927873810966,-10.073065364389455,0.05,0.14,0.15,12.587837821780877,46.5146554043646,-0.48182717367952554
2112.5,0.0,12.75,46.23641364826724,46.09976077535303,46.74178494993529,46.925720010270055,-5.907328664332257,0.05,0.05,0.05,-0.1746160151647023,-2.301110200317652,12.35794661611766,-1.4207415730352977,-0.526454431957511,-9.750756554307843,0.05,0.14,0.1457845675816135,12.571572832130904,46.5009198459564,-0.44793470126196244
2112.51,0.0,12.75,46.17091455497376,46.09456174520065,46.88508820244328,46.79898774869116,-5.88537000000009,0.05,0.05,0.05,-0.1792269071161557,-2.294450023054442,12.34257697627948,-1.0611910112364091,-1.1007365792751795,-9.585962546816688,0.05,0.14,0.14,12.55531081287569,46.487388062827215,-0.2924142862319295
2112.52,0.0,12.75,46.12289660433808,46.055080319122425,46.88295407130392,46.84380450261779,-5.945370000000089,0.05,0.05,0.05,-0.1838377990675828,-2.287789845791269,12.327207336441392,-0.8300000000000001,-1.2591591591607971,-9.53539039038996,0.05,0.14,0.14,12.53905177557243,46.47618387434555,-0.20595594941697792
2112.53,0.0,12.75,46.07567241982514,46.02947836734669,46.87466294460656,46.88658580174924,-5.997317012240777,0.05,0.05,0.05,-0.1884486910190099,-2.281129668528097,12.3118376966033,-0.8300000000000001,-0.6685685685700186,-9.690545545545165,0.05,0.14,0.14,12.522795731835918,46.46659988338191,-0.24388673386893694
2112.54,0.0,12.75,46.0382380174928,46.1750565986391,46.7904355393588,46.904263158406174,-5.967339495378453,0.05,0.05,0.05,-0.1930595829704371,-2.274469491264924,12.29646805676521,-0.815657927590638,0.0058052434430908,-9.806134831460533,0.05,0.14,0.14,12.506542693339307,46.47699832847422,-0.29170109588898996
2112.55,0.0,12.75,46.001589481253184,46.31632885464851,46.70537909604561,46.922424776579206,-5.94,0.05,0.05,0.05,-0.1976704749218643,-2.2678093140017515,12.28109841692712,-0.7757078651687664,0.8297752808941927,-9.85107865168514,0.05,0.14,0.14,12.490292671814329,46.48643055213162,-0.3571627370767591
2112.56,0.0,12.75,46.01038249614789,46.20861442218849,46.57238474576334,46.96858810477636,-5.94,0.05,0.05,0.05,-0.2022813668732914,-2.261149136738579,12.265728777089029,-0.8035553329983505,1.2511041562366874,-9.992466199296535,0.05,0.14,0.14,12.474045679051672,46.43999244221902,-0.38892837377430267
2112.57,0.0,12.748459922996258,46.01311547703229,46.09195519434776,46.4341812720861,46.99397653710403,-5.94,0.05,0.05,0.05,-0.2068922588247186,-2.2544889594754065,12.25035913725094,-0.953780671005219,0.9456459689560548,-10.30793940911096,0.05,0.14,0.14,12.457801726901328,46.38330712014255,-0.3598710682834815
2112.58,0.0,12.7134581729086,45.93533657748626,45.85645797072228,46.22677087329669,46.743355638566825,-5.94,0.05,0.05,0.05,-0.2105017056967725,-2.2498327647677425,12.23598635442582,-1.1397627965035204,0.5058451935104245,-10.360993757804156,0.05,0.14,0.14,12.442886341328471,46.19048026501801,-0.368566280617363
2112.59,0.0,12.67845642282114,45.85774540082368,45.64404186001446,46.04058764349712,46.51245686606935,-5.937378931602576,0.05,0.05,0.05,-0.2120406802267427,-2.2493197732577523,12.223674558186058,-1.3894506866409269,-0.1733058676633206,-9.94651186017606,0.05,0.14,0.14,12.430712787160857,46.01370794260115,-0.44452293291579625
2112.6000000000004,0.0,12.64345467273368,45.78207574715458,45.66788298377321,46.07168476144332,46.483432889319566,-5.90742386420373,0.05,0.05,0.05,-0.213579654756713,-2.248806781747762,12.211362761946296,-1.4409787234051714,-0.6850638297866034,-9.608510638298473,0.05,0.14,0.14,12.41853971747119,46.00126909542267,-0.459765257767258
2112.61,0.0,12.60845292264622,45.70699953452712,45.68918225575487,46.10360228644468,46.45498590792842,-5.882535633908387,0.05,0.05,0.05,-0.2151186292866832,-2.2482937902377724,12.199050965706537,-1.1355969962463184,-0.8953266583222071,-9.40826032540742,0.05,0.14,0.14,12.40636713368557,45.988692496163765,-0.36565376595515364
2112.62,0.0,12.57345117255876,45.65555196419463,45.60927432736612,46.16818540664929,46.449512762148366,-5.912543135783837,0.05,0.05,0.05,-0.2166576038166534,-2.2477807987277822,12.186739169466772,-0.9471828171827448,-0.7821928071953075,-9.432634865133323,0.05,0.14,0.1442640125719799,12.39419503723564,45.9706311150896,-0.3104558262833873
2112.63,0.0,12.5384494224713,45.60060825325377,45.534101166166224,46.21957058558622,46.44918412412378,-5.94,0.05,0.05,0.05,-0.2181965783466237,-2.247267807217792,12.17442737322701,-0.9671628371627584,-0.0928821178848373,-9.857210289708616,0.05,0.14,0.15,12.382023429558625,45.9508660322825,-0.3245878731102764
2112.6400000000003,0.0,12.50344767238364,45.49885650150169,45.52231938438441,46.09425527027051,46.517732672672544,-5.94,0.05,0.05,0.05,-0.2197355528766026,-2.2467548157077992,12.162115576987178,-0.9495820820820284,0.3750500500500943,-10.192625125125236,0.05,0.14,0.15,12.369852312097278,45.908290957207285,-0.3165799701863369
2112.65,0.0,12.46844592229618,45.40392588953012,45.50855442374296,45.97325798186342,46.575880217642535,-5.938339999999983,0.05,0.05,0.05,-0.2212745274065729,-2.246241824197809,12.149803780747416,-0.8644969969971582,0.4451201201199873,-10.367800300299969,0.05,0.14,0.15,12.357681686300173,45.86540462819475,-0.26878208764031797
2112.6600000000003,0.0,12.43344417220872,45.39757469414676,45.46903587469098,45.90833465127804,46.49896018466638,-5.918339999999984,0.05,0.05,0.05,-0.2228135019365431,-2.245728832687819,12.137491984507657,-0.836901970565963,0.5007607882263851,-10.540977799949516,0.05,0.14,0.15,12.34551155362135,45.81847635119554,-0.23909240493607611
2112.67,0.0,12.4,45.39122349876341,45.42951732563901,45.84341132069266,46.42204015169023,-5.898339999999983,0.05,0.05,0.05,-0.2243524764665133,-2.245215841177829,12.125180188267892,-0.9117335994010836,0.5306934397604335,-10.710596158642456,0.05,0.14,0.15,12.333341915520576,45.771548074196325,-0.24166503655404564
2112.6800000000003,0.0,12.4,45.38048563212714,45.38562290530519,45.77870281606357,46.34303047099677,-5.877508754377167,0.05,0.05,0.05,-0.2258914509964836,-2.244702849667839,12.112868392028131,-0.9990695347669464,0.3706353176608365,-10.50034017008862,0.05,0.14,0.15,12.321172773463344,45.72196045612317,-0.28617059712560283
2112.69,0.0,12.4,45.26165568666373,45.23390252850816,45.71928784333186,46.212529727318206,-5.847493746873453,0.05,0.05,0.05,-0.2274304255264538,-2.2441898581578488,12.100556595788367,-1.1091245622805643,-0.1346173086516821,-9.5998899449772,0.05,0.14,0.15,12.309004128920872,45.60684394645549,-0.4068641553745701
2112.7000000000003,0.0,12.4,45.14375271279234,45.08624647088108,45.66162525634647,46.085157779990055,-5.82,0.05,0.05,0.05,-0.2289694000564328,-2.243676866647856,12.088244799548535,-1.1301350675338808,-0.6149374687340132,-9.021780890445218,0.05,0.1357814950339951,0.145781495033995,12.296835983370078,45.494195555002484,-0.45146470050781984
2112.71,0.0,12.4,45.06705783972138,45.11926787456441,45.68186418118464,46.09687505226479,-5.82,0.05,0.05,0.05,-0.230508374586403,-2.2431638751378657,12.075933003308776,-0.9900650325165488,-1.050155077537866,-9.026783391695837,0.05,0.13,0.14,12.28466833829388,45.49126623693381,-0.35841383989026665
2112.7200000000003,0.0,12.4,44.99211055230313,45.15245477729682,45.70082038177687,46.10784522270318,-5.822459385153644,0.05,0.05,0.05,-0.2320473491163732,-2.242650883627876,12.063621207069014,-0.9445470426749016,-1.1037010232115003,-9.144040429247749,0.05,0.1342572178477642,0.14,12.272501195180796,45.48830773352,-0.319814578449405
2112.73,0.0,12.4,45.04984534487126,45.19820687706779,45.62238821074093,46.06209312293221,-5.852451887028194,0.05,0.05,0.05,-0.2335863236463435,-2.242137892117886,12.051309410829251,-1.0693286748184925,-0.4698103319220604,-9.46348140753534,0.05,0.14,0.14,12.260334555525274,45.48313338890304,-0.3792892057229784
2112.74,0.0,12.4,45.09792074770908,45.238385475157,45.54675864930059,46.01830966232515,-5.88,0.05,0.05,0.05,-0.2351252981763137,-2.241624900607896,12.03899761458949,-1.1305575000002983,0.1520999999967463,-9.696512499999594,0.05,0.14,0.14,12.248168420827636,45.475343633622956,-0.4292529397821422
2112.75,0.0,12.4,44.95649286541311,45.16922001447211,45.526112243126,46.0131480607815,-5.88,0.05,0.05,0.05,-0.2366642727062839,-2.241111909097905,12.026685818349728,-1.0755575000002984,0.7520999999967464,-9.771512499999591,0.05,0.14,0.14,12.236002792594096,45.41624329594818,-0.4618226357557008
2112.76,0.0,12.4,44.81506498311635,45.100054553786826,45.50546583695129,46.00798645923783,-5.88,0.05,0.05,0.05,-0.238203247236263,-2.2405989175879126,12.014374022109896,-1.0594085350636284,0.9565011230347858,-10.024671824307354,0.05,0.14,0.14,12.223837672336751,45.35714295827307,-0.43934107819603657
2112.77,0.0,12.399340725202238,44.80837512358394,44.94571584963999,45.39423924304872,45.84231634397577,-5.88,0.05,0.05,0.05,-0.2397422217662332,-2.2400859260779225,12.002062225870134,-1.1143124532068085,0.4374095333174492,-10.603658597453617,0.05,0.14,0.14,12.211673061573855,45.247661640062105,-0.31617879812046734
2112.78,0.0,12.379362701028851,44.80489409770692,44.791656714855854,45.281144910269695,45.67279638085825,-5.88,0.05,0.05,0.05,-0.235837499999993,-2.2370862499999955,11.986263749999978,-1.1886449184438783,-0.01417816812964,-10.879874529486315,0.05,0.14,0.14,12.195519378071145,45.13762302592268,-0.25238123400454926
2112.79,0.0,12.359384676855468,44.79635970089736,44.707379546361416,45.17979894815614,45.50850924227416,-5.88,0.05,0.05,0.05,-0.2308374999999972,-2.2335862499999983,11.969763749999991,-1.2990589711413905,-0.3404015056450168,-10.593801756588215,0.05,0.14,0.14,12.178564682195072,45.04801185942227,-0.2988324281005125
2112.8,0.0,12.339406652682085,44.786902003027535,44.62601384460126,45.08290276488354,45.348502462159495,-5.88,0.05,0.05,0.05,-0.2258375000000015,-2.230086250000001,11.953263750000003,-1.273835616439655,-0.55,-10.276438356166189,0.05,0.14,0.14,12.161611798438127,44.961080268667956,-0.316596460416516
2112.81,0.0,12.319428628508698,44.744793022200085,44.64760819374354,45.143366942481926,45.33986472250258,-5.88,0.05,0.05,0.05,-0.2208375000000058,-2.2265862500000044,11.93676375000002,-1.0048443337502524,-0.55,-9.902839352430906,0.05,0.14,0.14,12.144660734388998,44.96890822023204,-0.28280384533683617
2112.82,0.0,12.299450604335313,44.7046,44.6649605495883,45.20049621783671,45.33298215838101,-5.88,0.05,0.05,0.05,-0.2158375000000101,-2.223086250000008,11.920263750000034,-0.8247500000001194,-0.3785000000038995,-9.642500000000398,0.05,0.14,0.14,12.127711497677963,44.975759731451504,-0.2795572109827578
2112.83,0.0,12.279472580161814,44.7046,44.59332427679256,45.18766584061956,45.36291970522102,-5.88,0.05,0.05,0.05,-0.2108374999999859,-2.21958624999999,11.903763749999952,-0.8097500000000342,0.1114999999988858,-9.592500000000117,0.05,0.14,0.14,12.110764095977105,44.96212745565829,-0.3330388265499419
2112.84,0.0,12.259494555988429,44.69539221621687,44.52067567567597,45.174752216216255,45.39491772972949,-5.882340000000056,0.05,0.05,0.05,-0.2058374999999901,-2.2160862499999934,11.887263749999969,-0.7788944723619727,0.4669346733665478,-9.554723618090494,0.05,0.14,0.1442169312169245,12.093818537000983,44.946434459459645,-0.36535334601057823
2112.8500000000004,0.0,12.239516531815044,44.48612440294932,44.42603194103236,45.16002985749392,45.47168431449597,-5.912339999999971,0.05,0.05,0.05,-0.2008374999999944,-2.212586249999996,11.870763749999982,-0.7185929648243601,0.5724623115573699,-9.53964824120609,0.05,0.14,0.15,12.076874828506293,44.885967628992894,-0.35835754413065324
2112.86,0.0,12.219538507641658,44.27893298597182,44.33297334669293,45.14268994990153,45.54697840681411,-5.937661169415398,0.05,0.05,0.05,-0.1958374999999987,-2.209086249999999,11.854263749999996,-0.7573226773216273,0.5590809190820181,-9.751178821175817,0.05,0.14,0.15,12.059932978292595,44.82539367234509,-0.3379595498237193
2112.87,0.0,12.2,44.30037587174338,44.41445631262484,44.83712882765684,45.46013471943931,-5.907676161919108,0.05,0.05,0.05,-0.190837500000003,-2.2055862500000023,11.83776375000001,-0.9721078921067736,0.3343056943068647,-10.365564435561236,0.05,0.14,0.15,12.042992994202464,44.75302393286609,-0.2937354356460534
2112.88,0.0,12.2,44.321188471064055,44.49161781147445,44.53794445792185,45.37232488754178,-5.88,0.05,0.05,0.05,-0.1858375000000072,-2.202086250000005,11.821263750000025,-1.1601701701694278,0.0215715715740638,-10.544984984988169,0.05,0.1357345225603868,0.1457345225603868,12.026054884121807,44.68076890700053,-0.2972179674241939
2112.8900000000003,0.0,12.2,44.29414778367451,44.24068023249944,44.72290275966636,45.21116239070008,-5.88,0.05,0.05,0.05,-0.180837499999983,-2.1985862499999884,11.804763749999944,-1.3003103103104092,-0.4488988988992308,-9.94438438438396,0.05,0.13,0.14,12.009118655980046,44.6172232916351,-0.38625264083510064
2112.9,0.0,12.2,44.2682228833292,43.99942414664349,44.89862702006456,45.0529264800596,-5.88,0.05,0.05,0.05,-0.1758374999999873,-2.1950862499999912,11.788263749999958,-1.3326580388253044,-0.7284967645594891,-9.497282229965178,0.05,0.13,0.14,11.992184317750805,44.554800132524214,-0.4357058763885896
2112.9100000000003,0.0,12.2,44.27352384939309,44.02910955660131,44.81593194946777,44.97659256873948,-5.88,0.05,0.05,0.05,-0.1708374999999916,-2.191586249999994,11.771763749999971,-1.1733748133404407,-0.6687655550026652,-9.323066202091107,0.05,0.13,0.14,11.975251877451626,44.523789481050414,-0.414792111307848
2112.92,0.0,12.2,44.27690184350541,44.05899630286122,44.73480277538608,44.90040485186165,-5.882279430142503,0.05,0.05,0.05,-0.1658374999999958,-2.188086249999997,11.755263749999989,-1.0558965344050144,-0.4572325464614253,-9.354560522348605,0.05,0.13,0.14,11.958321343144659,44.492776443403585,-0.39257025030687787
2112.9300000000003,0.0,12.2,44.16201706254831,44.10126523170392,44.74997623702192,44.83320809318863,-5.912271932016968,0.05,0.05,0.05,-0.1608375000000001,-2.18458625,11.73876375,-1.0157157207435372,0.0349824208916692,-9.766413862378744,0.05,0.13,0.14,11.94139272293686,44.461616656115694,-0.3679297162225861
2112.94,0.0,12.2,44.0463480195371,44.1416498754579,44.76230788278431,44.77001449572626,-5.937737262737353,0.05,0.05,0.05,-0.1558375000000044,-2.181086250000003,11.722263750000014,-0.9810089910091132,0.3949550449544344,-10.019210789210936,0.05,0.13,0.14,11.92446602498031,44.43008006837639,-0.355447829516101
2112.9500000000003,0.0,12.2,43.91256535775364,44.138514344322346,44.70900385347997,44.799279452991385,-5.907767232767162,0.05,0.05,0.05,-0.1508374999999802,-2.1775862499999863,11.705763749999935,-0.9560339660339542,0.5198301698302294,-9.989240759240746,0.05,0.13,0.14,11.907541257472417,44.389840752136834,-0.36458131592621645
2112.96,0.0,12.2,43.77878269597095,44.13537881318682,44.655699824175926,44.82854441025635,-5.882205551387908,0.05,0.05,0.05,-0.1458374999999845,-2.174086249999989,11.689263749999949,-0.9435844806007424,0.6286758448059387,-10.125924906132292,0.05,0.13,0.14,11.890618428656609,44.349601435897505,-0.35103310889387923
2112.9700000000003,0.0,12.199703448963271,43.82564745098027,44.11694303030308,44.49829408199683,44.80163622103393,-5.912213053263358,0.05,0.05,0.05,-0.1408374999999888,-2.170586249999992,11.672763749999962,-0.9535969962452664,0.7087759699621313,-10.56146933666909,0.05,0.13,0.14,11.87369754682207,44.31063019607853,-0.2968099097106923
2112.98,0.0,12.164815091706531,43.86995672990537,44.09024691962146,44.34543844732897,44.77029949575687,-5.94,0.05,0.05,0.05,-0.1458276456911516,-2.17,11.657928448211186,-0.9815976035942668,0.6052171742410881,-10.760808786821022,0.05,0.13,0.14,11.85906663299686,44.26898539815316,-0.2652768853160121
2112.99,0.0,12.129926734449787,43.798374103844594,43.80391641537837,44.35719081877178,44.60897148776916,-5.94,0.05,0.05,0.05,-0.1528278206955203,-2.17,11.643428085702135,-1.0415077383921263,0.1758612081897599,-10.541138292562202,0.05,0.13,0.14,11.844900756430839,44.142113206440975,-0.273994531594369
2113.0,0.0,12.095038377193044,43.72729933978691,43.52782626954521,44.36488070985449,44.44761037974795,-5.94,0.05,0.05,0.05,-0.1598279956998891,-2.17,11.628927723193089,-1.053147220831584,-0.2861792689010181,-10.276477215825286,0.05,0.13,0.14,11.830739832295285,44.01690417473363,-0.2699120998038804
2113.01,0.0,12.060150019936104,43.67418442293373,43.613872434847366,44.22890652271034,44.285078734177205,-5.94,0.05,0.05,0.05,-0.1668281707042975,-2.17,11.614427360683957,-0.9780345518277228,-0.8069604406611227,-9.930958938407525,0.05,0.13,0.14,11.816583878395,43.95051052866716,-0.2428253319030788
2113.02,0.0,12.02526166267936,43.62132498360652,43.69613377049154,44.09520518032792,44.12562826229517,-5.94,0.05,0.05,0.05,-0.1738283457086662,-2.17,11.599926998174906,-0.944398402396364,-1.0302121817277246,-9.60561158262636,0.05,0.13,0.14,11.802432912614199,43.88457304918029,-0.2575527485263253
2113.03,0.0,11.99037330542262,43.587862184111,43.4910391929384,44.13406520554851,44.20010997730132,-5.94,0.05,0.05,0.05,-0.1808285207130349,-2.17,11.585426635665856,-0.9843384922614904,-0.7256689965061349,-9.316045931104195,0.05,0.13,0.14,11.788286952916405,43.853269139974806,-0.34645539678083603
2113.04,0.0,11.955484948165877,43.55290341077633,43.29129660899663,44.1674166287696,44.27225547207119,-5.94,0.05,0.05,0.05,-0.1878286957174036,-2.17,11.570926273156807,-0.999261576971342,-0.2669086357978795,-9.31971214017296,0.05,0.13,0.14,11.774146017345181,43.82096803015343,-0.398615592375392
2113.05,0.0,11.920596590909131,43.47039228868062,43.26167723183407,44.02566675234876,44.27013980227386,-5.94,0.05,0.05,0.05,-0.1948288707217723,-2.17,11.556425910647755,-0.9692240300376844,0.4690112640767339,-9.850375469334244,0.05,0.13,0.14,11.760010124024449,43.75696901878433,-0.38474214927219297
2113.06,0.0,11.88570823365239,43.387953859827874,43.23232890807512,43.88386326561819,44.26838235652581,-5.942057571964885,0.05,0.05,0.05,-0.201829045726141,-2.17,11.541925548138709,-1.015654989696176,-0.4651339417203346,-9.158607594933596,0.05,0.13,0.1439999999999625,11.74587929115891,43.69313209751175,-0.40788997922801173
2113.07,0.0,11.850819876395647,43.31513517013762,43.2388499847638,43.73496534789335,44.31402989334656,-5.972095118898543,0.05,0.05,0.05,-0.2088292207305097,-2.17,11.527425185629658,-1.1157433029137658,0.6829378863637834,-9.664936708857876,0.05,0.13,0.15,11.731753537034432,43.65074509903533,-0.4842551286749926
2113.08,0.0,11.85,43.24385434588704,43.24022069375626,43.59269820614468,44.34959117938565,-6.0,0.05,0.05,0.05,-0.2158293957349182,-2.17,11.512924823120526,-1.1710387984981183,1.165501877346569,-9.964908635794732,0.05,0.13,0.145737532808417,11.71763288001839,43.60659110629341,-0.5076058601982887
2113.09,0.0,11.85,43.21098021308227,43.11296598612495,43.616028235877096,44.13325817641241,-6.0,0.05,0.05,0.05,-0.2228295707392869,-2.17,11.498424460611478,-1.1460075093867372,0.4546132665833372,-9.894821026282864,0.05,0.13,0.14,11.703517338560413,43.518308152874184,-0.43588604337689213
2113.1000000000004,0.0,11.85,43.1786694126544,42.98801035543233,43.64184374086203,43.92166964456767,-6.002098426180349,0.05,0.05,0.05,-0.2298297457436556,-2.17,11.483924098102428,-1.167814685314529,-0.1800699300691855,-9.711346153846726,0.05,0.13,0.14,11.689406931192286,43.43254828837911,-0.40497949701621
2113.11,0.0,11.85,43.17327490799093,42.97290574237461,43.78641646584298,43.93677425762539,-6.032075943042674,0.05,0.05,0.05,-0.2368299207480243,-2.17,11.46942373559338,-1.2727097902093027,-0.6795704295681079,-9.326730769232556,0.05,0.13,0.14,11.67530167652872,43.467342843458475,-0.4464726357031468
2113.12,0.0,11.85,43.16307915789508,42.95932915544669,43.92738447980404,43.94825746878846,-6.057946026986581,0.05,0.05,0.05,-0.243830095752393,-2.17,11.454923373084329,-1.11092213114844,0.0019467213113836,-9.851557377049106,0.05,0.13,0.14,11.661201593267663,43.49951256548356,-0.38358123158434576
2113.13,0.0,11.85,43.02792126315866,42.985522545899485,43.97453258261907,43.86548635495763,-6.027961019490376,0.05,0.05,0.05,-0.2508302707567618,-2.17,11.44042301057528,-0.8240368852474194,0.0312207259951613,-9.87497658079613,0.05,0.13,0.14,11.64710670019075,43.46336568665871,-0.2867392927042304
2113.1400000000003,0.0,11.85,42.89276336842149,43.01171593635242,44.02168068543437,43.78271524112633,-6.002025506376598,0.05,0.05,0.05,-0.2578304457611702,-2.17,11.425922648066148,-0.7045138715317963,0.1019695076228359,-9.825486128468205,0.05,0.13,0.14,11.63301701616362,43.427218807833654,-0.26144763948760347
2113.15,0.0,11.85,42.89838876807978,43.00018392518706,44.02194,43.76739954114717,-6.032033008252048,0.05,0.05,0.05,-0.264830620765539,-2.17,11.411422285557098,-0.8844688827785867,0.2469332666827504,-9.645531117221411,0.05,0.13,0.14,11.618932560136676,43.42197805860351,-0.3641880873975484
2113.1600000000003,0.0,11.85,42.904792758104726,42.988443276808006,44.02194,43.75245689775564,-6.061358867610304,0.05,0.05,0.05,-0.2718307957699076,-2.17,11.39692192304805,-0.978493116395826,0.3991439299114779,-9.680548185229217,0.05,0.13,0.14,11.604853351145035,43.4169082331671,-0.4062912622659086
2113.17,0.0,11.85,42.850093187000304,42.93787688276345,43.651543396291565,43.74077014463165,-6.081342214820966,0.05,0.05,0.05,-0.2788309707742763,-2.17,11.382421560539,-0.9184180225285108,0.5643504380465952,-10.101073842300424,0.05,0.13,0.14,11.59077940830926,43.295070902671746,-0.33965385251523733
2113.1800000000003,0.0,11.82225554889036,42.79474522035069,42.88689849242827,43.27721635868756,43.72911794112646,-6.101325562031628,0.05,0.05,0.05,-0.2796295390362678,-2.167036312290142,11.37147939783416,-0.9340209790200572,0.7402272727260745,-10.386206293706016,0.05,0.13,0.14,11.579498380899427,43.17199450314824,-0.3200303879915647
2113.19,0.0,11.79226154769062,42.7360052347657,42.83105137862194,42.92198,43.71119104895156,-6.12,0.05,0.05,0.05,-0.27918480798737,-2.16347846389896,11.36125058370951,-1.0838711288701597,0.9350324675312074,-10.431161338661049,0.05,0.13,0.14,11.568776860437978,43.050056915584804,-0.3838061411473721
2113.2000000000003,0.0,11.762267546490706,42.61414709290725,42.684607822178016,42.92198,43.57650573426591,-6.12,0.05,0.05,0.05,-0.2787400769384697,-2.1599206155077573,11.351021769584802,-1.1548798798799411,0.8177702702708614,-10.382845345345537,0.05,0.13,0.14,11.558055559192264,42.949310162337795,-0.40277100826744217
2113.21,0.0,11.732273545290964,42.49984398791527,42.54797997985878,42.92198,43.44725840886213,-6.116013986013826,0.05,0.05,0.05,-0.2782953458895719,-2.156362767116575,11.340792955460154,-1.0848098098098489,0.1420945945949704,-10.16763013013025,0.05,0.13,0.14,11.547334477773001,42.854265594159045,-0.34155126341425945
2113.2200000000003,0.0,11.702279544091224,42.53217027190316,42.601857119838606,42.92198,43.42355246727101,-6.056073926073785,0.05,0.05,0.05,-0.2778506148406741,-2.1528049187253924,11.330564141335504,-0.9787915106119498,-0.5060299625460595,-9.835573033708544,0.05,0.13,0.14,11.536613616792996,42.86988996475319,-0.28880695062617723
2113.23,0.0,11.672285542891483,42.56024157068082,42.64783591623076,42.92950921465904,43.39078565445117,-6.001934516370965,0.05,0.05,0.05,-0.2774058837917763,-2.14924707033421,11.320335327210856,-0.8090037453189955,-1.1052808988741336,-9.29624719101328,0.05,0.13,0.14,11.525892976867372,42.88209308900545,-0.25109741954583364
2113.24,0.0,11.642291541691742,42.525028406881226,42.57634252306188,43.04902055846372,43.22325636001067,-6.03192701824543,0.05,0.05,0.05,-0.2769611527428785,-2.145689221943028,11.310106513086206,-0.7842563845755121,-1.3035603405137606,-9.057561342011294,0.05,0.13,0.14,11.515172558613532,42.843411962104376,-0.2582913426713773
2113.25,0.0,11.612297540492,42.486509977595496,42.502833537466095,43.16061850136924,43.072037844161954,-6.058080000000071,0.05,0.05,0.05,-0.2765164216939807,-2.142131373551845,11.299877698961556,-1.019609414119606,-0.7827791687566162,-9.358012018025027,0.05,0.13,0.14,11.504452362651177,42.8054999651482,-0.34601045462613544
2113.26,0.0,11.58230353929209,42.393813935772776,42.39628636295722,43.14250548170273,43.18817426437664,-6.028079999999901,0.05,0.05,0.05,-0.2760716906450804,-2.138573525160643,11.289648884836849,-1.0888764044947197,-0.1110836454446058,-9.600476903869954,0.05,0.13,0.14,11.493732389602238,42.78019501120234,-0.4024227107054541
2113.27,0.0,11.552309538092349,42.30334439648676,42.2893815006272,43.11996463739006,43.29551498619816,-6.0,0.05,0.05,0.05,-0.2756269595961826,-2.1350156767694606,11.2794200707122,-0.8641573033710537,0.8277428214720419,-9.7403021223469,0.05,0.13,0.14,11.483012640091136,42.752051380175544,-0.40341923020570436
2113.28,0.0,11.55,42.25608718193222,42.17553457465491,43.01148784943534,43.23214735759094,-6.0,0.05,0.05,0.05,-0.2751822285472848,-2.131457828378278,11.26919125658755,-0.8438372966203955,1.3276996245309776,-9.86230538172706,0.05,0.13,0.14,11.472293114744435,42.66881424090335,-0.4301188878843356
2113.29,0.0,11.55,42.20910039692387,42.06572039692387,42.903320962540384,43.16972043661625,-6.0,0.05,0.05,0.05,-0.274737497498387,-2.127899979987096,11.258962442462902,-1.1892690863574589,1.0423429286612296,-9.952418022528033,0.05,0.13,0.14,11.461573814191093,42.586965548251094,-0.502811748189193
2113.3,0.0,11.55,42.16662954601852,42.02324954601852,42.800329149094914,43.12300250062037,-6.0,0.05,0.05,0.05,-0.2742927664494892,-2.1243421315959137,11.248733628338252,-1.3342846441952865,0.6689088639214371,-9.872991260924804,0.05,0.13,0.14,11.4508547390624,42.528302685438085,-0.5247001413878917
2113.31,0.0,11.55,42.12382670688823,41.97824107591826,42.69600180995568,43.06646604323976,-6.0,0.05,0.05,0.05,-0.2738480354005914,-2.1207842832047312,11.238504814213602,-1.1245468164804604,0.1395705368316383,-9.493465667917024,0.05,0.13,0.14,11.44013588999201,42.46613390900048,-0.4566604058301841
2113.32,0.0,11.55,42.07325858220244,41.87387707390717,42.5604361990959,42.780271975869134,-6.0,0.05,0.05,0.05,-0.2734033043516936,-2.1172264348135488,11.228276000088954,-0.9684630788489684,-0.3740901126375058,-9.294868585731315,0.05,0.13,0.14,11.429417267615936,42.32196095776866,-0.3808875195581426
2113.33,0.0,11.55,42.02125929517626,41.777276295926,42.436592591851976,42.51302070482375,-5.998170457385667,0.05,0.05,0.05,-0.2729585733027933,-2.1136685864223463,11.218047185964249,-0.9083879849813116,-0.8596971214010654,-9.420025031288937,0.05,0.13,0.14,11.418698872572502,42.18703722194449,-0.29127693123987497
2113.34,0.0,11.55,41.94316881779577,41.82220506373394,42.52645012746788,42.59111118220423,-5.968177955511116,0.05,0.05,0.05,-0.2725138422538955,-2.110110738031164,11.207818371839595,-0.8960712566199507,-0.990977371209672,-9.534761675493268,0.05,0.13,0.14,11.407980705502599,42.220733797800456,-0.25612564610392824
2113.3500000000004,0.0,11.55,41.87036646515101,41.867407994004246,42.600612195854175,42.66930977766635,-5.94,0.05,0.05,0.05,-0.2720691112049977,-2.106552889639981,11.197589557714949,-0.9682908040439596,-0.4950698122314771,-9.631054405391946,0.05,0.13,0.14,11.397262767049344,42.25192410816894,-0.3173718533043261
2113.36,0.0,11.55,41.89495802148374,41.917660304771125,42.38570337746817,42.74949963527307,-5.94,0.05,0.05,0.05,-0.2716243801560999,-2.1029950412487994,11.1873607435903,-0.983078523141756,0.0032553302099863,-9.723629745189276,0.05,0.13,0.14,11.386545057858312,42.23695533474903,-0.36014529329867373
2113.37,0.0,11.55,41.91530970108055,41.96238970108055,42.181217467972914,42.82481991459444,-5.94,0.05,0.05,0.05,-0.2711796491072021,-2.099437192857617,11.177131929465649,-0.85307332293382,0.5076755070167784,-9.806833073322355,0.05,0.13,0.14,11.375827578577493,42.220934196182114,-0.35634654554676326
2113.38,0.0,11.527858534392436,41.85510372268319,41.90218372268319,42.17476682743034,42.80761820648091,-5.94,0.05,0.05,0.05,-0.2707349180583043,-2.0958793444664345,11.166903115341,-0.8655694305674679,0.7073826173851355,-9.969995004992748,0.05,0.13,0.14,11.365110329857323,42.184918119819415,-0.35661655096180694
2113.3900000000003,0.0,11.502882261851234,41.79404562189073,41.84112562189073,42.17047375124371,42.775856328358856,-5.941766467066,0.05,0.05,0.05,-0.270290187009404,-2.092321496075232,11.156674301216292,-1.1303046953041531,0.3677222777229731,-10.274690309689689,0.05,0.13,0.14,11.354393312350602,42.14537533084601,-0.36408858760616214
2113.4,0.0,11.477905989310171,41.71951825870677,41.76659825870677,42.20028469651729,42.51394588059808,-5.971706586826374,0.05,0.05,0.05,-0.2680701949241755,-2.0901929805075823,11.144982506802856,-1.282032032032139,0.167967967967861,-10.342427427428188,0.05,0.13,0.14,11.342460200596323,42.05008677363222,-0.3840191990343961
2113.4100000000003,0.0,11.452929716769113,41.64529278041506,41.68734487634367,42.22121045715795,42.26468244816391,-6.0,0.05,0.05,0.05,-0.2625167990225867,-2.0907483200977413,11.130543677458729,-1.231981981982073,0.218018018017927,-9.98707207207272,0.05,0.13,0.14,11.328245502441103,41.954632640520146,-0.4261947866090675
2113.42,0.0,11.427953444228052,41.5768641019238,41.51734237821695,42.07152272295831,42.25826725955535,-6.0,0.05,0.05,0.05,-0.256963403120998,-2.0913036596879,11.116104848114595,-1.1170943584628343,0.1688966550179902,-9.64825761358034,0.05,0.13,0.14,11.314034125007948,41.85599911566361,-0.4337811572606155
2113.4300000000003,0.0,11.402977171686992,41.51100042031526,41.35621957968473,41.92614168126106,42.24224008006043,-6.0,0.05,0.05,0.05,-0.2514100072194092,-2.091858999278059,11.101666018770464,-0.8874388417383572,-0.0557663504733462,-9.338721917125612,0.05,0.13,0.14,11.299826080825913,41.75890044033037,-0.38014173950764385
2113.44,0.0,11.378000899145931,41.49600917688272,41.37121082311728,41.86617670753088,42.03557508131176,-6.0,0.05,0.05,0.05,-0.2458566113178205,-2.0924143388682177,11.087227189426333,-0.7184877315977416,-0.2770856284414259,-9.123865798698306,0.05,0.13,0.14,11.285621382484198,41.69224294721066,-0.3329070736138378
2113.4500000000003,0.0,11.353024626604729,41.47906283075387,41.38027720419371,41.8106607988018,41.84696707938093,-6.0,0.05,0.05,0.05,-0.2403032154162001,-2.09296967845838,11.072788360082122,-0.6583975963946526,-0.4924086129191615,-9.07879819729599,0.05,0.13,0.14,11.271420042632412,41.62924197828258,-0.2971580241826237
2113.46,0.0,11.328048354063666,41.42457456315537,41.275574258612274,41.84057592611077,42.00508989515697,-6.0,0.05,0.05,0.05,-0.2347498195146114,-2.0935250180485387,11.05834953073799,-0.6975181023717125,-0.5651011235957756,-9.116701622971007,0.05,0.13,0.14,11.257222073981236,41.636453660758846,-0.2970003778102848
2113.4700000000003,0.0,11.303072081522606,41.370677612612766,41.18256325825772,41.87164004504484,42.155162732732784,-6.0,0.05,0.05,0.05,-0.2291964236130226,-2.0940803576386977,11.04391070139386,-0.912249687889882,-0.385325842696843,-9.30147066167269,0.05,0.13,0.14,11.243027489302294,41.64501091216203,-0.35984247258656105
2113.48,0.0,11.3,41.32890584084098,41.3292999949945,41.926264669669486,42.14016773773778,-6.0,0.05,0.05,0.05,-0.2236430277114339,-2.0946356972288567,11.02947187204973,-1.0158913370056346,-0.070733600401339,-9.504374061091324,0.05,0.13,0.14,11.228836301428814,41.681159560810684,-0.39665270272558395
2113.49,0.0,11.3,41.282677986510535,41.46383810142425,41.97621761179128,42.1262111366475,-6.0049025487255285,0.05,0.05,0.05,-0.2180896318098451,-2.095191036819016,11.015033042705598,-0.920748622934618,0.4851001502240746,-9.73972709063542,0.05,0.13,0.14,11.214648523255905,41.71223620909339,-0.3868815070211753
2113.5,0.0,11.3,41.149028223832666,41.35905668748481,41.93451888583579,42.132626325256034,-6.094857571214142,0.05,0.05,0.05,-0.2125362359082563,-2.095746376409174,11.000594213361468,-0.9773408239688074,0.8111161048692166,-9.938741573033198,0.05,0.13,0.1442902042953887,11.20046416774091,41.643807530602324,-0.40966802672337266
2113.51,0.0,11.3,41.02331915521122,41.251507553111615,41.8788923319168,42.13185199200191,-6.178394999999957,0.05,0.05,0.05,-0.206982840006636,-2.096301715999336,10.986155384017254,-1.3019350811483592,0.7312159800250193,-10.07357303370778,0.05,0.13,0.15,11.186283247903669,41.571392758060384,-0.48995966755293446
2113.52,0.0,11.3,41.05862032991747,41.08783847038266,41.540856840790326,41.98529863034264,-6.148394999999958,0.05,0.05,0.05,-0.2014294441050473,-2.096857055589495,10.971716554673124,-1.3913817271597295,0.5200450563214536,-10.070137672090704,0.05,0.13,0.1457270341207794,11.172105776827223,41.41815356785827,-0.4985591994381851
2113.53,0.0,11.3,41.08686212287756,40.92939414585433,41.22574726773169,41.84391972527485,-6.123204392313531,0.05,0.05,0.05,-0.1958760482034585,-2.097412395179654,10.957277725328993,-1.0609687108894952,0.0744881101388645,-9.81982478097689,0.05,0.13,0.14,11.157931767657658,41.27148081543461,-0.3791513724558585
2113.54,0.0,11.3,40.97034863636411,40.878085454545655,41.38074227272665,41.80864500000014,-6.183099575742455,0.05,0.05,0.05,-0.1903226523018698,-2.097967734769813,10.94283889598486,-0.8445842696629781,-0.2298576779024135,-9.567932584270627,0.05,0.13,0.14,11.143761233604817,41.25945534090914,-0.31295924976712064
2113.55,0.0,11.3,40.86235055208561,40.83186717961501,41.52593766175397,41.77175218586092,-6.24,0.05,0.05,0.05,-0.184769256400281,-2.098523074359972,10.928400066640732,-0.8296029962547763,-0.284789013732487,-9.313250936331196,0.05,0.13,0.14,11.129594187942573,41.24797689482888,-0.3407594567931258
2113.56,0.0,11.3,40.93719441918522,40.89494986759897,41.46071657756717,41.70011591306558,-6.24,0.05,0.05,0.05,-0.1792158604986923,-2.0990784139501306,10.9139612372966,-0.8361752190234172,-0.3271889862326298,-9.096082603255276,0.05,0.13,0.14,11.115430644009184,41.248244194354236,-0.371423595731719
2113.57,0.0,11.3,41.00624408397938,40.94579831042379,41.39365415146281,41.631422004498894,-6.24,0.05,0.05,0.05,-0.1736624645971035,-2.0996337535402896,10.89952240795247,-0.8812315394239036,-0.347214017521735,-8.945894868586988,0.05,0.13,0.14,11.101270615207685,41.24427963759122,-0.4072013289768087
2113.58,0.0,11.278494757863152,40.94633906023511,40.72436366908336,41.28561116220975,41.62821280679831,-6.24,0.05,0.05,0.05,-0.1685656741173503,-2.0985656741173506,10.886234894558044,-0.9045842696629628,-0.2300224719111059,-8.994419475654327,0.05,0.13,0.14,11.08794401386332,41.14613167458163,-0.41988599106217545
2113.59,0.0,11.25353220169742,40.8819680851072,40.51885106382903,41.18088510638312,41.627553191489085,-6.244543864034277,0.05,0.05,0.05,-0.1643532633019903,-2.0943532633019903,10.875177316167726,-0.8896029962547184,0.1295280898867591,-9.393920099874176,0.05,0.13,0.14,11.07622721167956,41.05231436170211,-0.39178247628483065
2113.6000000000004,0.0,11.228569645531689,40.716981852316266,40.67205256570632,41.15088760951205,41.68433416770934,-6.334521369657672,0.05,0.05,0.05,-0.1601408524866303,-2.0901408524866305,10.864119737777404,-0.9177421777219044,0.466037546932969,-9.860277847307753,0.05,0.13,0.14,11.064512260042612,41.056064048810995,-0.36564569721987705
2113.61,0.0,11.203607089365956,40.56009258667989,40.8144686056378,41.1168593065609,41.7268858169134,-6.425989518342756,0.05,0.05,0.05,-0.1559284416712703,-2.0859284416712702,10.853062159387084,-1.0228735919897065,0.7614067584472696,-10.446010012514078,0.05,0.13,0.14,11.052799164836708,41.054576578947994,-0.34302055490048133
2113.62,0.0,11.178644533200222,40.57503895734589,40.727993175355934,40.997288341232895,41.4674595260678,-6.545779885200603,0.05,0.05,0.05,-0.1517160308559103,-2.0817160308559104,10.842004580996765,-1.0683370786519126,0.8507116104879323,-10.711685393259565,0.05,0.13,0.14,11.04108793197011,40.94194500000063,-0.3273673829846412
2113.63,0.0,11.15368197703449,40.58578139569835,40.638689924963366,40.87822433216668,41.217542796398334,-6.661395697848812,0.05,0.05,0.05,-0.1475036200405503,-2.0775036200405506,10.830947002606443,-1.0084119850191051,0.5760549313375649,-10.412059925095528,0.05,0.13,0.14,11.029378567375232,40.830059612306684,-0.32402846584812595
2113.6400000000003,0.0,11.128719420868617,40.49692696848435,40.48239177588813,40.77117080540283,41.19292048524265,-6.691410705352697,0.05,0.05,0.05,-0.1432912092251663,-2.0732912092251663,10.81988942421606,-0.97,0.2148836045068507,-10.06184230287964,0.05,0.13,0.14,11.017671077008702,40.73585250875449,-0.32657451551420585
2113.65,0.0,11.103756864702884,40.41522272431872,40.33271318170457,40.67464196450853,41.16909803049239,-6.721424287856054,0.05,0.05,0.05,-0.1390787984098063,-2.0690787984098065,10.808831845825742,-0.97,-0.3007609511876061,-9.621291614519327,0.05,0.13,0.14,11.005965466851729,40.647918975256054,-0.3396282635661325
2113.6600000000003,0.0,11.078794308537152,40.49866186453372,40.33592237940514,40.8211953261682,41.16374936765809,-6.751409295352259,0.05,0.05,0.05,-0.1348663875944463,-2.064866387594446,10.797774267435422,-0.9013836163841842,-0.570412087912581,-9.403199300698777,0.05,0.13,0.14,10.99426174290983,40.704882234441286,-0.321552017633095
2113.67,0.0,11.05383175237142,40.57405674896452,40.33844753603978,40.956360745650535,41.158038458989246,-6.780929999999927,0.05,0.05,0.05,-0.1306539767790863,-2.0606539767790863,10.786716689045102,-0.7115734265740548,-0.4055769230774685,-9.578024475523897,0.05,0.13,0.14,10.982559911213222,40.75672587241102,-0.2484923660025539
2113.6800000000003,0.0,11.05,40.461294528583664,40.32497280530245,40.82515942005018,41.14385453189732,-6.800929999999926,0.05,0.05,0.05,-0.1264415659637263,-2.0564415659637265,10.775659110654782,-0.6709887359190831,-0.0084405506913007,-9.612610763455098,0.05,0.13,0.14,10.970859977816877,40.6888203214584,-0.27092466670348503
2113.69,0.0,11.05,40.34853230820281,40.31149807456512,40.69395809444982,41.12967060480538,-6.820929999999927,0.05,0.05,0.05,-0.1222291551483662,-2.0522291551483662,10.76460153226446,-0.8962703379215158,0.8025732165174566,-9.397341677097218,0.05,0.13,0.14,10.95916194880063,40.62091477050578,-0.4634893609210812
2113.7000000000003,0.0,11.05,40.23777573293921,40.29660543483634,40.56645948755845,41.11708375461923,-6.84,0.05,0.05,0.05,-0.1180167443329823,-2.0480167443329824,10.75354395387408,-0.99126402393405,1.0727100473690685,-9.38093742208958,0.05,0.13,0.14,10.94746583026926,40.55448110248831,-0.5259625212664574
2113.71,0.0,11.05,40.21036011332846,40.22279415126894,40.59282066026109,41.17086054693262,-6.84,0.05,0.05,0.05,-0.1138043335176223,-2.043804333517622,10.74248637548376,-0.8566342557966413,0.3895886312644393,-9.715018698578705,0.05,0.13,0.14,10.935771628352843,40.54920886794778,-0.3591583373825097
2113.7200000000003,0.0,11.05,40.18294449371772,40.14898286770154,40.61918183296373,41.22463733924602,-6.8426993251687085,0.05,0.05,0.05,-0.1095919227022623,-2.0395919227022623,10.731428797093438,-0.843192288432246,-0.1053405107658445,-10.031755132698487,0.05,0.13,0.14,10.924079349206513,40.543936633407256,-0.2552452689820077
2113.73,0.0,11.05,40.19767384346083,40.03577232808231,40.533168477119496,40.96857312328148,-6.902684328917639,0.05,0.05,0.05,-0.1053795118869022,-2.0353795118869025,10.720371218703118,-1.0485002503749663,-0.2605733600396087,-10.31718327491154,0.05,0.13,0.14,10.912388999010833,40.43379694298603,-0.2648537512515865
2113.74,0.0,11.05,40.212657589397296,39.92232396599186,40.446476804201325,40.710638639660736,-6.957331334333088,0.05,0.05,0.05,-0.1011671010715422,-2.031167101071542,10.709313640312798,-1.1638507611681344,-0.1428824557049169,-10.361834289994038,0.05,0.13,0.14,10.900700583971854,40.3230242498128,-0.30907123242327467
2113.75,0.0,11.05,40.09582164810757,39.82690133630344,40.54395861915312,40.70711336302897,-6.897361319340509,0.05,0.05,0.05,-0.0969546902561822,-2.0269546902561824,10.698256061922478,-1.1189293735964418,0.4610606438700613,-9.97750686299178,0.05,0.13,0.14,10.889014110321249,40.29344874164828,-0.4149495308331783
2113.76,0.0,11.05,39.97825668893868,39.73157839643677,40.64245899034868,40.704995075476376,-6.841304347826202,0.05,0.05,0.05,-0.0927422794407983,-2.0227422794407985,10.687198483532097,-1.059709709709731,0.853563563563561,-9.681891891891926,0.05,0.13,0.14,10.877329584316362,40.26432228780013,-0.4806142458009101
2113.77,0.0,11.05,40.03489018665291,39.66940981334709,40.67486509332646,40.68681976476608,-6.871289355322406,0.05,0.05,0.05,-0.089434497285911,-2.018114990953037,10.674533473763807,-0.9746246246246189,0.8635735735735742,-9.546756756756748,0.05,0.13,0.14,10.863997953263715,40.26649621452313,-0.4735330401579633
2113.78,0.0,11.033309999999965,40.09181175685715,39.61053173214718,40.702200884606064,40.66789478626147,-6.898733233979114,0.05,0.05,0.05,-0.0878141456696116,-2.012713818898705,10.658870074806243,-0.8772537313433187,0.6028358208957418,-9.395880597014978,0.05,0.13,0.14,10.847591415266596,40.268109789967966,-0.4365549073152488
2113.79,0.0,11.013309999999988,39.91731212750235,39.67927401037786,40.55414059303229,40.63193728687927,-6.868926974664678,0.05,0.05,0.05,-0.0861937940533121,-2.007312646844374,10.643206675848685,-0.7578507462688809,-0.1434328358194941,-9.216776119403322,0.05,0.13,0.14,10.831185612717782,40.19566600444794,-0.34596273184061177
2113.8,0.0,10.99331000000001,39.74281249814755,39.74801628860854,40.40608030145853,40.595979787497065,-6.84,0.05,0.05,0.05,-0.0845734424370126,-2.001911474790042,10.627543276891124,-0.8149244712978819,-0.4004531722074997,-9.150815709969333,0.05,0.13,0.14,10.814780548964247,40.12322221892792,-0.3483856653506676
2113.81,0.0,10.973310000000032,39.78835525885541,39.70088984889788,40.3135643745359,40.57575704731244,-6.84,0.05,0.05,0.05,-0.0829530908207132,-1.9965103027357107,10.61187987793356,-1.2026384692835437,0.2591641490408336,-9.296837865054842,0.05,0.13,0.14,10.798376227373158,40.09464163240041,-0.5250782858112909
2113.82,0.0,10.953310000000055,39.83500376021784,39.65318115432267,40.22132756502384,40.55561337626958,-6.8409344385831385,0.05,0.05,0.05,-0.0813327392044137,-1.9911091306813795,10.596216478976,-1.299995007490766,0.8516924613057498,-9.749650524208889,0.05,0.13,0.14,10.781972651332028,40.06628146395848,-0.5508577263777532
2113.83,0.0,10.933309999999963,39.69350062217772,39.593342609132,40.10801636728557,40.628536738585005,-6.871077618688793,0.05,0.05,0.05,-0.079712387588105,-1.985707958627017,10.58055308001835,-0.8856165751377233,1.3259810284568228,-10.743160259609557,0.05,0.13,0.14,10.76556982424876,40.00584908429507,-0.3106631095555582
2113.84,0.0,10.913309999999989,39.54746951329709,39.5332121525341,39.994198003010965,40.70369980933238,-6.903623260437378,0.05,0.05,0.05,-0.0780920359718056,-1.980306786572685,10.564889681060787,-0.7368502754122765,1.2309113670534555,-11.162478718078686,0.05,0.13,0.14,10.749167749552184,39.94464486954363,-0.1873596774396527
2113.8500000000004,0.0,10.89331000000001,39.538833106508896,39.45957290927041,39.87608465483266,40.49011217455679,-6.993086481113153,0.05,0.05,0.05,-0.0764716843555061,-1.974905614518354,10.549226282103229,-1.062338507760492,0.119243865802628,-10.556569854784316,0.05,0.13,0.14,10.73276643069166,39.841150711292194,-0.2727672464284528
2113.86,0.0,10.873310000000034,39.53250174556214,39.38570703155829,39.75789925049327,40.2716802218938,-7.077423405324294,0.05,0.05,0.05,-0.0748513327392067,-1.9695044424640225,10.533562883145663,-1.2140438793325656,-0.6676165544741832,-10.12487409623594,0.05,0.13,0.14,10.716365871137581,39.73694706237688,-0.30722454776437264
2113.87,0.0,10.853310000000056,39.48053218402446,39.298685738119616,39.99867400404359,40.19579959555131,-6.9870165745859705,0.05,0.05,0.05,-0.0732309811229072,-1.9641032704096908,10.517899484188105,-1.0594689603599854,-0.8820269259522784,-10.000216903516115,0.05,0.13,0.14,10.699966074381482,39.74342288043475,-0.25188552102537626
2113.88,0.0,10.85,39.42643713852407,39.21105176440899,40.25616642062543,40.12655793731081,-6.902241035856351,0.05,0.05,0.05,-0.0716106295066077,-1.9587020983553591,10.502236085230544,-0.8974404612698499,-0.7769115066485597,-9.8485033843084,0.05,0.13,0.14,10.68356704393615,39.755053315217324,-0.2313635548191131
2113.8900000000003,0.0,10.85,39.48924551430003,39.20593120421476,40.129710577019615,40.09561123933769,-6.962001992031913,0.05,0.05,0.05,-0.0699902778902991,-1.953300926300997,10.486572686272892,-0.7219578841820842,-0.0950363499646702,-9.647951867636667,0.05,0.13,0.14,10.667168783335724,39.73012463371803,-0.27368809198904614
2113.9,0.0,10.85,39.55474476166579,39.20270992975414,39.99441704967395,40.065546011038656,-7.018230000000034,0.05,0.05,0.05,-0.0683699262739996,-1.9478997542466647,10.47090928731533,-0.6461548064914832,0.2911910112364978,-9.525423220973725,0.05,0.13,0.14,10.650771296136227,39.704354438033135,-0.30693656525686536
2113.9100000000003,0.0,10.85,39.44412591852069,39.235307703074135,39.87436700824828,40.05033587603104,-6.958230000000034,0.05,0.05,0.05,-0.0667495746577001,-1.942498582192334,10.45524588835777,-0.7460299625464457,0.1563595505622984,-9.540404494381969,0.05,0.13,0.14,10.634374585915161,39.65103412646853,-0.3241891026973407
2113.92,0.0,10.85,39.33073426643397,39.26846941264667,39.75455696076042,40.03535962009505,-6.8973356748620684,0.05,0.05,0.05,-0.0651292230414007,-1.9370974101380023,10.439582489400207,-0.8261291126618411,0.1237637088728033,-9.56075274177456,0.05,0.13,0.14,10.617978656272047,39.59728006498403,-0.34461906758284494
2113.9300000000003,0.0,10.85,39.29084498242109,39.26582708186842,39.69341219487725,40.03512,-6.807019568489793,0.05,0.05,0.05,-0.0635088714251012,-1.9316962380836709,10.423919090442643,-0.8709945164504324,0.2733150548347746,-9.590663010966956,0.05,0.13,0.14,10.601583510828506,39.57130106479169,-0.37071006801375045
2113.94,0.0,10.85,39.252150858865086,39.26260257157209,39.63322133601236,40.03512,-6.721094726318382,0.05,0.05,0.05,-0.0618885198088017,-1.9262950660293392,10.408255691485085,-0.9,0.4636306846560869,-9.631199400299492,0.05,0.13,0.14,10.585189153228427,39.54577369161238,-0.3941056700345891
2113.9500000000003,0.0,10.85,39.11277628564362,39.0328481081084,39.55376379866114,39.97294485494677,-6.751087228193018,0.05,0.05,0.05,-0.0602681681924931,-1.920893893974977,10.392592292527434,-0.9,0.7284982508740657,-9.691169415292242,0.05,0.13,0.14,10.568795587138029,39.41808326183998,-0.41257178104520764
2113.96,0.0,10.85,38.97269198115591,38.80149675675749,39.47417044383858,39.91033141581968,-6.78,0.05,0.05,0.05,-0.064771979985715,-1.916023350011904,10.382842030021427,-1.0470226130639326,0.8061180904531514,-9.884108040199544,0.05,0.13,0.14,10.558349753041977,39.28967264939291,-0.4408169991328027
2113.9700000000003,0.0,10.85,38.98184492307687,38.93295415384557,39.43703938461553,39.80204107692353,-6.78,0.05,0.05,0.05,-0.0704903502501839,-1.91125804145818,10.374264474624724,-1.464108040199087,0.5397864321620288,-10.321293969847236,0.05,0.13,0.14,10.549087144392047,39.288469884615374,-0.4870252578799459
2113.98,0.0,10.825325647552033,38.99458933995031,39.073142739453374,39.40093020347413,39.692651498759865,-6.780856928088255,0.05,0.05,0.05,-0.0762087205146529,-1.906492732904456,10.365686919228022,-1.5390683229844533,0.1538509316805132,-10.459503105592333,0.05,0.13,0.14,10.53982863319679,39.29032844540942,-0.4511510423136814
2113.99,0.0,10.79538104506666,38.9085992106616,38.82753478216416,39.51449617119373,39.6346531676066,-6.81092458030566,0.05,0.05,0.05,-0.0819270907791218,-1.901727424350732,10.357109363831318,-1.0123602484509613,-0.4424223602441947,-10.071925465841272,0.05,0.13,0.14,10.530574230263683,39.22132083290652,-0.2709248891583957
2114.0,0.0,10.765436442581288,38.82006375429959,38.57051188697742,39.62971934643845,39.57967542014728,-6.84,0.05,0.05,0.05,-0.0876454610435908,-1.896962115797008,10.348531808434617,-0.6594366197185599,-0.6926760563412794,-9.70732394366464,0.05,0.13,0.14,10.521323946433435,39.149992601965685,-0.1815621815102752
2114.01,0.0,10.735491840095746,38.86423083046686,38.69354874201482,39.336323769041584,39.61542971990174,-6.84,0.05,0.05,0.05,-0.0933638313080922,-1.8921968072432565,10.33995425303786,-0.629255533199302,-0.3003219315909261,-9.385392354125887,0.05,0.13,0.14,10.51207779258001,39.12738326535625,-0.2609458726675318
2114.02,0.0,10.705547237610372,38.90839790663388,38.81658559705152,39.04292819164638,39.65118401965599,-6.838997005988003,0.05,0.05,0.05,-0.0990822015725612,-1.887431498689532,10.33137669764116,-0.6714018458461424,0.0114018458461423,-9.234178099276008,0.05,0.13,0.14,10.502835779610983,39.104773928746944,-0.33039816602269934
2114.03,0.0,10.675602635125,38.82465774266393,38.74943837973437,39.13836445949302,39.5525771055935,-6.809056886227543,0.05,0.05,0.05,-0.1048005718370302,-1.882666190135808,10.322799142244456,-0.8410202045390822,0.1810202045390822,-9.383841356946249,0.05,0.13,0.14,10.493597918467275,39.06625942187121,-0.3823470566221814
2114.04,0.0,10.64565803263963,38.73770514672736,38.67751462753992,39.24356636568789,39.4505956659148,-6.782657657657609,0.05,0.05,0.05,-0.1105189421014991,-1.877900881582084,10.314221586847752,-0.9571697167208904,0.4262246176969185,-9.64490348458048,0.05,0.13,0.14,10.484364220123515,39.02734545146749,-0.4073408127021909
2114.05,0.0,10.615713430154258,38.7102214010855,38.59017025160386,39.09202189442616,39.480899062653975,-6.872747747747727,0.05,0.05,0.05,-0.1162373123659681,-1.87313557302836,10.305644031451047,-0.9772248683879496,0.8072724993710438,-10.106171972922844,0.05,0.13,0.14,10.47513469558807,38.968328152442375,-0.38389072562395143
2114.06,0.0,10.585768827668886,38.683827715836365,38.502543216576726,38.93577127775127,39.51362723236291,-6.96,0.05,0.05,0.05,-0.121955682630437,-1.868370264474636,10.297066476054344,-0.997249126310408,0.8216525212221484,-10.53592111832015,0.05,0.13,0.14,10.46590935590315,38.90894236063182,-0.32707290257361327
2114.07,0.0,10.555824225183514,38.55271759838625,38.55531215943457,39.05556901109913,39.40476907164547,-6.96,0.05,0.05,0.05,-0.127674052894906,-1.863604955920912,10.288488920657642,-1.017219171243028,0.1925961058446211,-10.910359460806774,0.05,0.13,0.14,10.456688212144925,38.89209196014135,-0.21170067782950183
2114.08,0.0,10.55,38.41667319878911,38.614696619576186,39.18837425832492,39.28923930373361,-6.960884999999983,0.05,0.05,0.05,-0.1333924231594074,-1.8588396473671605,10.27991136526089,-1.0624324324324323,-0.1649549549549549,-10.903153153153154,0.05,0.13,0.14,10.447471275423561,38.87724584510596,-0.1907953179431322
2114.09,0.0,10.55,38.44546922535208,38.47071218309874,39.06836746478886,39.20756542253529,-6.990884999999984,0.05,0.05,0.05,-0.1391107934238764,-1.8540743388134364,10.271333809864188,-1.1525225225222948,-0.0398298298301459,-10.2174674674692,0.05,0.13,0.14,10.438258556883552,38.79802857394374,-0.3378310511383515
2114.1000000000004,0.0,10.55,38.47883944668002,38.32108441649928,38.9413453319922,39.12683101609673,-7.0200000000000005,0.05,0.05,0.05,-0.1448291636883454,-1.849309030259712,10.262756254467485,-1.0927018943185014,0.2673778663979818,-9.778195413758745,0.05,0.13,0.14,10.429050067703495,38.71702505281706,-0.4161655107086783
2114.11,0.0,10.55,38.39065144814119,38.27862077299426,38.9085021330725,38.9121487182003,-7.0200000000000005,0.05,0.05,0.05,-0.1505475339528143,-1.844543721705988,10.25417869907078,-0.7686739780675637,0.8954935194382612,-9.773210368893348,0.05,0.13,0.14,10.41984581909642,38.622480768102065,-0.3734187200760567
2114.12,0.0,10.55,38.30061230919805,38.23778907045028,38.8770931311156,38.69542660469765,-7.019159369527221,0.05,0.05,0.05,-0.1562659042172833,-1.839778413152264,10.245601143674076,-0.597483078465097,0.9305239408440452,-9.67539984958809,0.05,0.13,0.14,10.410645822309846,38.5277302788654,-0.33437453974175774
2114.13,0.0,10.55,38.349864529652,38.142723251534335,38.7650814212686,38.85868782208476,-6.989136852639612,0.05,0.05,0.05,-0.1619842744817522,-1.83501310459854,10.237023588277372,-0.7027726247171578,-0.1073301579262695,-9.409669089999554,0.05,0.13,0.14,10.401450088625868,38.529089256134924,-0.30202833983493677
2114.1400000000003,0.0,10.55,38.407850214723815,38.04425699386522,38.648015981595314,39.04577371165608,-6.960884557721124,0.05,0.05,0.05,-0.1677026447462537,-1.8302477960447887,10.22844603288062,-0.8061048689135817,-0.8999775280888941,-9.214726591760494,0.05,0.13,0.14,10.392258629361233,38.53647422546011,-0.283809326311738
2114.15,0.0,10.55,38.34260974668285,37.99802844390839,38.57608142340179,38.96009396863704,-6.990869565217413,0.05,0.05,0.05,-0.1734210150107226,-1.8254824874910645,10.219868477483915,-0.905980024968544,-1.2595280898867591,-9.144813982522018,0.05,0.13,0.14,10.383071455867638,38.469203395657516,-0.2905424801640286
2114.1600000000003,0.0,10.55,38.275492738238896,37.95259539203864,38.50483413751514,38.87026043425822,-7.0200000000000005,0.05,0.05,0.05,-0.1791393852751916,-1.8207171789373404,10.211290922087214,-0.9250463310797415,-1.0476558978246584,-9.353538692710256,0.05,0.13,0.14,10.373888579531547,38.400795675512725,-0.287388448335945
2114.17,0.0,10.55,38.21105769389876,38.00718230610124,38.610676137538576,38.952262849017416,-7.0200000000000005,0.05,0.05,0.05,-0.1791715226136795,-1.81958576130684,10.200886748750476,-0.7998271975963429,0.1845003756519856,-10.059774605556626,0.05,0.13,0.14,10.363449485480176,38.445294746639,-0.26658069500039105
2114.1800000000003,0.0,10.53372847516846,38.14687982419871,38.07136017580128,38.73349930196452,39.05074268355715,-7.01944981660556,0.05,0.05,0.05,-0.1781962696574447,-1.8190981348287223,10.190158966231891,-0.8050811485630537,1.167315855178146,-10.5805992509353,0.05,0.13,0.14,10.352787629026945,38.50062049638042,-0.2917209052383303
2114.19,0.0,10.513763414025489,38.09028322515234,37.98991483772851,38.530846862745896,38.89287293441577,-6.999443147715946,0.05,0.05,0.05,-0.1772210167012099,-1.818610508350605,10.17943118371331,-1.0397877652922156,1.7116354556776918,-10.775355805242476,0.05,0.13,0.14,10.342126023879173,38.37597946501063,-0.3976661548660249
2114.2000000000003,0.0,10.4937983528824,38.03385320486812,37.905269807302176,38.32104294117634,38.729370567951214,-6.97943647882622,0.05,0.05,0.05,-0.1762457637449695,-1.8181228818724848,10.168703401194666,-1.2098247809762075,1.6328660826035242,-10.838723404255358,0.05,0.13,0.14,10.331464670814798,38.24738413032446,-0.4369872478558987
2114.21,0.0,10.473833291739425,37.9782727563782,37.8206482141071,38.11940249124551,38.56853967483744,-6.961709145427402,0.05,0.05,0.05,-0.1752705107887347,-1.8176352553943675,10.157975618676083,-1.26489361702109,0.4463829787274223,-10.66851063829845,0.05,0.13,0.14,10.320803570615151,38.12171578414207,-0.3578653957106639
2114.2200000000003,0.0,10.45386823059645,37.96328526263135,37.73714646323177,38.30781669834882,38.53535308154083,-7.0216791604198106,0.05,0.05,0.05,-0.1742952578324999,-1.81714762891625,10.1472478361575,-1.1551810237224618,-0.5525717852648766,-10.384406991263486,0.05,0.13,0.14,10.310142724064587,38.1359003764382,-0.2601426572673201
2114.23,0.0,10.433903169453474,37.94643507123251,37.65544,38.492432991752025,38.49986709822589,-7.077526854858966,0.05,0.05,0.05,-0.1733200048762651,-1.8166600024381327,10.136520053638918,-0.7556803995026116,-1.2217353308331256,-9.900012484396918,0.05,0.13,0.14,10.29948213195075,38.14854379030261,-0.12970801533343373
2114.24,0.0,10.4139381083105,37.8448104773812,37.65544,38.50420004998744,38.35973213196776,-6.987594304271991,0.05,0.05,0.05,-0.1723447519200303,-1.8161723759600152,10.125792271120334,-0.5973460190271597,-1.2083375062656645,-9.438572859291083,0.05,0.13,0.14,10.28882179506453,38.0910456648341,-0.14776300581697177
2114.25,0.0,10.393973047167526,37.74287382771623,37.65537267415733,38.50851613483404,38.22673664419326,-6.900779220779128,0.05,0.05,0.05,-0.1713694989637955,-1.8156847494818973,10.115064488601751,-0.8677516274395232,0.0185027541237621,-9.017941912871851,0.05,0.13,0.14,10.278161714200087,38.03337482022521,-0.4297995650480674
2114.26,0.0,10.374007986024438,37.626389433208665,37.65216668164794,38.165474936330114,38.426576843944765,-6.930749250749319,0.05,0.05,0.05,-0.1703942460075552,-1.8151971230037776,10.104336706083108,-1.0128089887641096,0.96858426966252,-8.720996254681717,0.05,0.13,0.14,10.267501890154787,37.96765197378287,-0.6222449671942494
2114.27,0.0,10.354042924881464,37.51310808691301,37.64532203296728,37.83032246753237,38.61941753746276,-6.96,0.05,0.05,0.05,-0.1694189930513204,-1.8147094965256605,10.093608923564526,-0.937902621722888,1.4330037453180955,-8.641096129837747,0.05,0.13,0.14,10.25684232372948,37.902042531218854,-0.6574739311450207
2114.28,0.0,10.35,37.56976143356634,37.44543192307723,37.91369909090896,38.44090604895133,-6.96,0.05,0.05,0.05,-0.1684437400950856,-1.8142218700475428,10.082881141045942,-0.9008285356695422,1.2932490613284648,-8.837251564454547,0.05,0.13,0.14,10.246183015728146,37.84244962412597,-0.6008056254528931
2114.29,0.0,10.35,37.624083509386885,37.2500773967458,37.99476311389247,38.266771844805845,-6.960779415438328,0.05,0.05,0.05,-0.1674684871388508,-1.8137342435694253,10.07215335852736,-0.9308660826031144,0.0817346683410527,-9.523108886104446,0.05,0.13,0.14,10.23552396695816,37.78392396620775,-0.3811184461498819
2114.3,0.0,10.35,37.53944771464349,37.32507113892349,37.937982137672215,38.35355031789718,-6.990756932300653,0.05,0.05,0.05,-0.166493234182616,-1.813246617091308,10.061425576008777,-1.0134456928827509,-0.7824494382005794,-10.108644194753872,0.05,0.13,0.14,10.224865178230234,37.78901282728409,-0.23037518989027744
2114.31,0.0,10.35,37.45546805977597,37.3987412702366,37.88250279452052,38.43369750435932,-7.0200000000000005,0.05,0.05,0.05,-0.1655179812263812,-1.812758990613191,10.050697793490194,-1.188227215978935,-1.0371310861407337,-10.51813233457922,0.05,0.13,0.14,10.214206650358454,37.7926024072231,-0.20061617324476355
2114.32,0.0,10.35,37.40536594271504,37.40407128268989,37.89422882191776,38.171460891657446,-7.0200000000000005,0.05,0.05,0.05,-0.1645427282701464,-1.8122713641350727,10.039970010971611,-1.2927791687532575,-0.7829969955006169,-10.752921882824715,0.05,0.13,0.14,10.20354838416028,37.718781734745036,-0.2266198367637436
2114.33,0.0,10.35,37.35480430861729,37.40786044088185,37.9053391432866,37.91254824148295,-7.0200000000000005,0.05,0.05,0.05,-0.163567475313906,-1.811783737656953,10.029242228452969,-1.272749123685561,0.3737381071588461,-10.677809213820854,0.05,0.13,0.14,10.192890380456518,37.64513803356717,-0.3515423184973785
2114.34,0.0,10.35,37.26474418837701,37.27920312625288,37.86352551603218,37.939351848697314,-7.0200000000000005,0.05,0.05,0.05,-0.1625922223576712,-1.811296111178836,10.018514445934384,-1.1184447115395195,1.1851466346148232,-10.53912500000068,0.05,0.13,0.14,10.182232640071565,37.58670616983984,-0.4050853382023425
2114.3500000000004,0.0,10.35,37.1764609787764,37.15152957802779,37.82009069163619,37.96318909862754,-7.018598757764121,0.05,0.05,0.05,-0.1616169694014364,-1.8108084847007184,10.007786663415802,-0.7290216346169534,1.3918774038453212,-10.289125000001007,0.05,0.13,0.14,10.171575163833072,37.52781758676698,-0.3336406616728176
2114.36,0.0,10.35,37.20104025468153,37.08634106367072,37.673683700375214,37.798614816480175,-6.958971428571481,0.05,0.05,0.05,-0.1606417164452016,-1.810320858222601,9.99705888089722,-0.4913329862007492,1.1739078365076496,-10.033238739912894,0.05,0.13,0.14,10.16091795257221,37.439919958801916,-0.2698803351233477
2114.37,0.0,10.35,37.22471358092868,37.020506027604014,37.52813282308693,37.63763208531946,-6.900660000000038,0.05,0.05,0.05,-0.1578945208290549,-1.809298173609685,9.98298173609685,-0.6371283519907794,-0.1174225462040465,-9.76247591773141,0.05,0.13,0.14,10.146842607628171,37.352746129234774,-0.2255409495292364
2114.38,0.0,10.334820850152022,37.17960442158117,36.90558507402822,37.44758075282351,37.74933095608473,-6.960659999999868,0.05,0.05,0.05,-0.1517381489842018,-1.807246049661401,9.962460496614009,-0.728186813186847,-1.0995604395574603,-9.49208791208974,0.05,0.13,0.14,10.126192862891193,37.32052530112941,-0.194914065149776
2114.3900000000003,0.0,10.31488762645133,37.134674023505895,36.79468747686917,37.37093986996742,37.857006701675466,-7.019669999999981,0.05,0.05,0.05,-0.1455817771393138,-1.8051939257131049,9.941939257131049,-0.7231918081918152,-1.5391208791202589,-9.222357642358023,0.05,0.13,0.14,10.105546761840747,37.289327018004485,-0.1883501649961306
2114.4,0.0,10.29495440275075,37.0982849262316,36.87602781195289,37.4811774293572,37.77245556389108,-6.989669999999981,0.05,0.05,0.05,-0.1394254052944608,-1.8031418017648204,9.921418017648202,-0.7290362953691683,-1.3085456821050756,-9.187351689611358,0.05,0.13,0.14,10.08490432685544,37.306986432858196,-0.21958665872880423
2114.4100000000003,0.0,10.275021179050173,37.06109492537328,36.955905940298486,37.58690889552258,37.69026131343279,-6.96,0.05,0.05,0.05,-0.1332690334496077,-1.801089677816536,9.90089677816536,-0.7540675844805497,0.1082252815991118,-9.567827284104355,0.05,0.13,0.14,10.064265580493146,37.323542768656786,-0.31773299094763574
2114.42,0.0,10.255087955349593,36.98656756218932,36.96761738308454,37.48257058706504,37.71794290547254,-6.96,0.05,0.05,0.05,-0.1271126616047546,-1.7990375538682517,9.880375538682516,-0.7718152309612826,1.166109862670304,-9.937066167289784,0.05,0.13,0.14,10.043630545493215,37.288674609452855,-0.3778155714112826
2114.4300000000003,0.0,10.235154731649011,36.91256449410006,36.97691869445246,37.37763060507235,37.74340512176838,-6.96,0.05,0.05,0.05,-0.1209562897599016,-1.7969854299199672,9.859854299199672,-0.7768089887640166,1.595573033705424,-10.28662921348116,0.05,0.13,0.14,10.02299924477815,37.25262972884831,-0.37124731833322555
2114.44,0.0,10.215221507948437,36.88570032136592,36.76952728094492,37.21859470248626,37.569325282451175,-6.96,0.05,0.05,0.05,-0.1147999179150485,-1.794933305971683,9.839333059716829,-0.843254067583182,1.3495093867441033,-10.45758948685965,0.05,0.13,0.14,10.002371701455424,37.11078689681207,-0.34210139998064104
2114.4500000000003,0.0,10.19528828424774,36.85831753185101,36.56741011241581,37.06067931051692,37.3978060254808,-6.96033008252065,0.05,0.05,0.05,-0.1086435460701605,-1.792881182023387,9.818811820233869,-1.0184730913638478,-0.0922928660796611,-10.312408010012811,0.05,0.13,0.14,9.981747938819163,36.97105324506613,-0.2729911378302138
2114.46,0.0,10.175355060547163,36.80485762677986,36.630492800399765,36.95910549088174,37.35503810142389,-6.9903375843961,0.05,0.05,0.05,-0.1024871742253074,-1.7908290580751025,9.798290580751026,-1.0701123315032286,-0.97370444333529,-10.145594108837344,0.05,0.13,0.14,9.961127980352481,36.93737350487132,-0.2239256254257166
2114.4700000000003,0.0,10.155421836846584,36.7515604744255,36.690365040770935,36.85951229058562,37.31229758339511,-7.0200000000000005,0.05,0.05,0.05,-0.0963308023804544,-1.7887769341268185,9.77776934126818,-0.9053594608095816,-0.8738542186724738,-9.940901148278572,0.05,0.13,0.14,9.940511849728633,36.903433847294295,-0.2099591039790127
2114.48,0.0,10.15,36.70714238695337,36.575089528045645,36.86797287867555,37.2710522164567,-7.0200000000000005,0.05,0.05,0.05,-0.0901744305356013,-1.7867248101785338,9.757248101785338,-0.830688532798656,-0.5500500751172677,-9.737791687532576,0.05,0.13,0.14,9.919899570813381,36.855314252532814,-0.24929177331359112
2114.49,0.0,10.15,36.66272429948124,36.459814015320354,36.87643346676548,37.22980684951829,-7.019655086228462,0.05,0.05,0.05,-0.0840180586907483,-1.7846726862302495,9.736726862302495,-0.9158162243358814,0.1710315473157013,-9.53749123685675,0.05,0.13,0.14,9.899291167666776,36.80719465777134,-0.3831732152016302
2114.5,0.0,10.15,36.56668570142572,36.58051944486075,37.00739887471818,37.28067029257294,-6.989662584353997,0.05,0.05,0.05,-0.0778616868458952,-1.782620562281965,9.71620562281965,-0.9445867665423688,0.5174556804019188,-9.377325842697331,0.05,0.13,0.14,9.878686664545098,36.8588185783944,-0.45309658318614665
2114.51,0.0,10.15,36.47036162040498,36.70252994748702,37.13904178544652,37.332043135784005,-6.96033008252065,0.05,0.05,0.05,-0.0717053150010072,-1.780568438333669,9.69568438333669,-0.8746741573034976,0.2078426966297751,-9.287438202247357,0.05,0.13,0.14,9.858086085902698,36.910994122280634,-0.41102734032864513
2114.52,0.0,10.15,36.48280770048064,36.550162210979,37.06213379711611,37.30752190741209,-6.9903375843961,0.05,0.05,0.05,-0.0655489431561541,-1.7785163143853848,9.675163143853847,-0.835421777221501,-0.0640976220271798,-9.314941176470182,0.05,0.13,0.14,9.837489456394437,36.85065640399696,-0.3654060120087565
2114.53,0.0,10.15,36.49538391401039,36.397518705213855,36.981961324438096,37.28188652829264,-7.0200000000000005,0.05,0.05,0.05,-0.0593925713113011,-1.7764641904371004,9.654641904371005,-0.8504405506883298,-0.2693541927405073,-9.550235294117169,0.05,0.13,0.14,9.81689680087699,36.789187617988745,-0.3134971972328153
2114.54,0.0,10.15,36.48586575240922,36.30339466271339,36.784195077836,37.21737454410693,-7.0200000000000005,0.05,0.05,0.05,-0.053236199466448,-1.774412066488816,9.63412066488816,-0.9089990014973586,-0.3056315526717538,-9.990364453317682,0.05,0.13,0.14,9.796308144411334,36.69770750926639,-0.262781480731997
2114.55,0.0,10.15,36.47634759080805,36.20927062021292,36.58642883123389,37.15286255992122,-7.020344913771539,0.05,0.05,0.05,-0.047079827621595,-1.7723599425405316,9.613599425405315,-1.0437968047921604,-0.0460209685484317,-10.78916625062021,0.05,0.13,0.14,9.775723512264683,36.606227400544014,-0.21415491705682593
2114.56,0.0,10.15,36.35345576923155,36.34026487854168,36.55526773279372,37.0652559412961,-7.050337415646004,0.05,0.05,0.05,-0.0409234557767419,-1.7703078185922474,9.593078185922472,-1.113753129694829,0.1109739609415717,-11.197103154733918,0.05,0.13,0.14,9.755142929912568,36.57856108046576,-0.19223591820142807
2114.57,0.0,10.15,36.231426748191055,36.46576021961743,36.52795533815718,36.97863175442999,-7.079670000000151,0.05,0.05,0.05,-0.0489410155941511,-1.7664235937623396,9.581058984405848,-1.0686855282927687,0.0859364046070937,-10.911675012520869,0.05,0.13,0.14,9.742655633772122,36.55094351509891,-0.21769413904836651
2114.58,0.0,10.121223165252122,36.183360863488936,36.24892967307231,36.656131030696166,36.94872409283756,-7.04966999999998,0.05,0.05,0.05,-0.0594598574697109,-1.7622160570121157,9.57054014253029,-1.0218431568432744,0.1480744255739197,-10.597455044955904,0.05,0.13,0.14,9.73160724269251,36.509286415023745,-0.255978505892136
2114.59,0.0,10.08128307538695,36.13521896039601,36.03412991584153,36.781072019801925,36.918278331683126,-7.0200000000000005,0.05,0.05,0.05,-0.069978699345211,-1.7580085202619156,9.560021300654787,-0.9718931068932404,0.3628596403590662,-10.232819680320656,0.05,0.13,0.14,9.720570880593835,36.46717480693064,-0.3167218601552101
2114.6000000000004,0.0,10.041342985521778,36.08224866336647,35.94831803465368,36.70055716831703,36.853654569307096,-7.0200000000000005,0.05,0.05,0.05,-0.080497541220711,-1.7538009835117156,9.549502458779289,-0.8676276276281805,0.3679204204214292,-10.066944444443934,0.05,0.13,0.14,9.70954658849428,36.396194608911074,-0.3073370258289284
2114.61,0.0,10.001402895656604,36.02927836633694,35.86250615346583,36.62004231683214,36.78903080693106,-7.0200000000000005,0.05,0.05,0.05,-0.0910163830962111,-1.7495934467615155,9.538983616903788,-0.6674274274279164,0.0025550550559474,-10.252129629629176,0.05,0.13,0.14,9.69853440755363,36.32521441089149,-0.17408815716001413
2114.62,0.0,9.961462805791436,36.01936871122325,35.76003417402321,36.455268090795286,36.80056046406047,-7.0200000000000005,0.05,0.05,0.05,-0.1015352249717111,-1.7453859100113156,9.528464775028288,-0.5690509490506783,-0.3607292707280525,-10.23200799200928,0.05,0.13,0.14,9.6875343790735,36.258807860025556,-0.10632095246835499
2114.63,0.0,9.921522715926262,36.008595290913995,35.66101033424041,36.292797251794816,36.811040188165805,-7.0200000000000005,0.05,0.05,0.05,-0.1120540668472112,-1.7411783732611157,9.517945933152788,-0.648971028970506,-0.7203696303672767,-9.852387612390096,0.05,0.13,0.14,9.676546544497624,36.19336076627876,-0.15321421303646798
2114.6400000000003,0.0,9.881582626060863,35.917463822728365,35.82949758356034,36.33412431294876,36.71567004704132,-7.0200000000000005,0.05,0.05,0.05,-0.122572908722771,-1.7369708365108916,9.50742709127723,-0.7578978978974558,-0.7346921921938367,-9.539436936937475,0.05,0.13,0.14,9.665570945412087,36.199188941569695,-0.23566622207783783
2114.65,0.0,9.841642536195693,35.82633235454326,35.99798483287932,36.37545137410248,36.62029990591737,-7.0200000000000005,0.05,0.05,0.05,-0.1330917505982711,-1.7327632997606914,9.496908249401727,-0.9180580580576668,-0.1390965965980514,-9.344241741742218,0.05,0.13,0.14,9.65460762354584,36.20501711686061,-0.3809239320879243
2114.6600000000003,0.0,9.80170244633052,35.8640191897974,35.823633713428585,36.46503810952727,36.75046723180778,-7.0200000000000005,0.05,0.05,0.05,-0.1436105924737712,-1.7285557630104915,9.486389407526229,-0.9909490509492392,0.3416783216776629,-9.46874875124714,0.05,0.13,0.14,9.643656620770635,36.22578956114026,-0.436552166305885
2114.67,0.0,9.761762356465349,35.902548822205475,35.647039564891564,36.55494058514612,36.88211014253538,-7.020284999999963,0.05,0.05,0.05,-0.1541294343492712,-1.7243482262602914,9.475870565650728,-0.9110289710291848,0.6213986013978536,-10.153064435562609,0.05,0.13,0.14,9.632717979101521,36.246659778694635,-0.3352363528147942
2114.6800000000003,0.0,9.75,35.75892966439602,35.55580516275572,36.182972041383735,36.56514104971062,-7.050284999999963,0.05,0.05,0.05,-0.1646482762247713,-1.7201406895100917,9.465351723775228,-0.9124831038792665,0.5466332916173344,-10.597239048810934,0.05,0.13,0.14,9.62179174069709,36.01571197956152,-0.2607295293690915
2114.69,0.0,9.75,35.61611687242796,35.465999835391,35.81425621399143,36.248922798354045,-7.08,0.05,0.05,0.05,-0.1751671181002713,-1.7159331527598911,9.45483288189973,-1.0576645807248657,-0.1542428034993502,-10.617264080099982,0.05,0.13,0.14,9.610877947859727,35.78632393004111,-0.23357413094190432
2114.7000000000003,0.0,9.75,35.623866666666665,35.448386666666664,35.92275333333333,36.20594666666667,-7.08,0.05,0.05,0.05,-0.1856859599758312,-1.7117256160096674,9.44431404002417,-1.108523656180706,-0.4972108001000103,-10.563277186029833,0.05,0.13,0.14,9.599976643035829,35.80023833333333,-0.22316085714091505
2114.71,0.0,9.75,35.631616460905335,35.43077349794243,36.03125045267462,36.162970534979536,-7.08,0.05,0.05,0.05,-0.1962048018513312,-1.7075180792594675,9.433795198148667,-0.9945776566760548,-0.2148228882841354,-10.379972752044088,0.05,0.13,0.14,9.58908786881632,35.81415273662548,-0.2420003065887655
2114.7200000000003,0.0,9.75,35.639366255144,35.413160329218194,36.13974757201592,36.1199944032924,-7.08,0.05,0.05,0.05,-0.2067236437268313,-1.7033105425092674,9.423276356273169,-0.8319195201207473,0.0563534116463261,-10.18573606598416,0.05,0.13,0.14,9.578211667936548,35.82806713991763,-0.24496990736145963
2114.73,0.0,9.75,35.569906038864325,35.31707575485847,36.01458780269122,36.167781733931,-7.08,0.05,0.05,0.05,-0.2172424856023313,-1.6991030057590677,9.412757514397669,-0.5769832541877943,0.3062909272668683,-9.970789802550494,0.05,0.13,0.14,9.567348083276784,35.76733783258626,-0.21787636498511087
2114.74,0.0,9.75,35.49846607872479,35.21897909317433,35.88343683109178,36.21789633283485,-7.080299850074887,0.05,0.05,0.05,-0.2277613274778314,-1.6948954690088671,9.402238672522168,-0.441308293420083,0.3621603226641586,-9.71694227376081,0.05,0.13,0.14,9.55649715786243,35.70469458395644,-0.21654047850333458
2114.75,0.0,9.75,35.493116376633,35.233200532413015,35.84451893517397,36.15720632487094,-7.110284857571092,0.05,0.05,0.05,-0.2382801693533314,-1.6906879322586674,9.39171983064667,-0.5320569700017981,0.0495815477715844,-9.389238719437952,0.05,0.13,0.14,9.545658934864269,35.68201054227273,-0.2641068082866182
2114.76,0.0,9.75,35.48995147646044,35.251134966724166,35.808650066551664,36.092853354695634,-7.140000000000001,0.05,0.05,0.05,-0.2408365000000026,-1.6858174999999866,9.382471499999976,-0.6804881101369238,-0.2006733416766773,-9.174570713391784,0.05,0.13,0.14,9.535761863183783,35.660647466107974,-0.320418065301328
2114.77,0.0,9.75,35.334007549367264,35.30617346329108,35.88690119999991,36.11135577721517,-7.140000000000001,0.05,0.05,0.05,-0.2418365000000018,-1.680817499999991,9.373471499999985,-0.930801001250738,-0.3408485607004132,-9.159551939924956,0.05,0.13,0.14,9.526048515641227,35.65960949746835,-0.3921750651571571
2114.78,0.0,9.732697283311769,35.168225270886296,35.36360131139233,35.97250119999989,36.135193751898704,-7.1402098426180185,0.05,0.05,0.05,-0.2428365000000009,-1.675817499999995,9.364471499999992,-1.1281722846438396,-0.2518626716620824,-9.34267915105938,0.05,0.13,0.14,9.516336497484238,35.659880383544305,-0.4399950892231387
2114.79,0.0,9.70781918598868,35.24314017063971,35.15431647678845,35.948606609786765,36.06352702634898,-7.170187359480343,0.05,0.05,0.05,-0.2438365000000001,-1.6708174999999994,9.3554715,-1.23304119850155,0.2375255930072339,-9.87201747815068,0.05,0.13,0.14,9.50662581278714,35.60239757089097,-0.44599116657875404
2114.8,0.0,9.682941088665595,35.32691432371366,34.935214845671965,35.920681892095445,35.98834509410313,-7.2,0.05,0.05,0.05,-0.2448364999999992,-1.6658175000000035,9.346471500000009,-1.2638047559452306,0.55,-10.35478097621908,0.05,0.13,0.14,9.496916465640357,35.542789038896046,-0.41575362897635526
2114.81,0.0,9.658062991342511,35.16528740704091,35.00642556271655,35.585767169064496,35.9346762915223,-7.2,0.05,0.05,0.05,-0.2458364999999984,-1.660817500000008,9.337471500000015,-1.163679599499705,0.55,-10.75528160200118,0.05,0.13,0.14,9.487208460150491,35.423039107586064,-0.3215184063090063
2114.82,0.0,9.633184894019426,34.99659132374911,35.0859991869108,35.242009112545354,35.88162720872614,-7.200194999999849,0.05,0.05,0.05,-0.2468364999999975,-1.6558175000000122,9.328471500000022,-1.0783118172793034,0.4505958291968068,-10.905173783516632,0.05,0.13,0.14,9.47750180044041,35.301556707982854,-0.2598293352866645
2114.83,0.0,9.6083067966962,34.96527802170075,35.02357101690643,35.266764224072645,35.69771529649269,-7.23019500000002,0.05,0.05,0.05,-0.2478365000000023,-1.650817499999988,9.31947149999998,-1.0187288977160378,0.1775074478651735,-10.617189672294185,0.05,0.13,0.14,9.467796490649254,35.23833213979313,-0.2550066171393998
2114.84,0.0,9.583428699373114,34.94043825384813,34.95445166288175,35.30888383043144,35.5076370729248,-7.26,0.05,0.05,0.05,-0.2488365000000015,-1.6458174999999924,9.310471499999988,-0.8707076303206658,0.0334928229662475,-10.36653991437974,0.05,0.13,0.14,9.458092534932744,35.17785270502153,-0.2282559846492547
2114.8500000000004,0.0,9.558550602050028,34.90725169623857,34.82842102200179,35.2390291554296,35.38135814052556,-7.26,0.05,0.05,0.05,-0.2498365000000006,-1.6408174999999967,9.301471499999996,-0.5584437169491107,0.1291866028704338,-10.185225384034968,0.05,0.13,0.14,9.448389937462926,35.08901500354888,-0.1607820826647284
2114.86,0.0,9.533672504726944,34.873837927608385,34.700841178141104,35.1661263875092,35.256815911994885,-7.26,0.05,0.05,0.05,-0.2508364999999998,-1.6358175000000008,9.292471500000005,-0.4182471910104929,0.1299325842704291,-10.00993258427043,0.05,0.13,0.14,9.43868870242847,34.99940535131339,-0.14030746681860792
2114.87,0.0,9.508794407403858,34.887443712418204,34.61561895424871,35.27139607843078,35.3625544836595,-7.26,0.05,0.05,0.05,-0.2518364999999989,-1.6308175000000051,9.28347150000001,-0.5780474406984331,-0.034861423220259,-9.84513857677974,0.05,0.13,0.14,9.428988834034694,35.0342533071893,-0.20177536494113193
2114.88,0.0,9.5,34.90870384313717,34.53729215686305,35.40567058823476,35.50578062745041,-7.26,0.05,0.05,0.05,-0.2528364999999981,-1.6258175000000097,9.274471500000018,-0.72167167167109,-0.2287787787775396,-9.65122122122246,0.05,0.13,0.14,9.419290336503654,35.08936180392135,-0.25919017319122145
2114.8900000000003,0.0,9.5,34.84816165004979,34.54429871884348,35.240885254237135,35.508246036889325,-7.26,0.05,0.05,0.05,-0.2538365000000029,-1.6208174999999854,9.265471499999974,-0.8367867867865687,-0.4740240240235593,-9.40597597597644,0.05,0.13,0.14,9.409593214074146,35.03539791500493,-0.30946169045082506
2114.9,0.0,9.5,34.78308687437688,34.55603351445663,35.05952932203392,35.50291203888335,-7.26,0.05,0.05,0.05,-0.2548365000000021,-1.6158174999999897,9.256471499999982,-0.9409013732831082,-0.413690387018243,-9.259088639200916,0.05,0.13,0.14,9.399897471002031,34.975390437437696,-0.37292886310835
2114.9100000000003,0.0,9.5,34.708031351351586,34.529238378378466,35.131364864864594,35.380459459459864,-7.26,0.05,0.05,0.05,-0.2558365000000012,-1.6108174999999938,9.247471499999987,-1.0257952559298262,0.1805667915087839,-9.284057428214656,0.05,0.13,0.14,9.390203111559968,34.93727351351363,-0.4594521809125425
2114.92,0.0,9.5,34.63235567567615,34.50004918918937,35.21893243243188,35.25072972973055,-7.26,0.05,0.05,0.05,-0.2568365000000004,-1.605817499999998,9.238471499999998,-1.0908612919378102,0.6378392588876397,-9.517225838756204,0.05,0.13,0.14,9.380510140037732,34.900516756756986,-0.49356410146519347
2114.9300000000003,0.0,9.5,34.53515800796861,34.3779617928293,35.14126611553826,35.17915946215174,-7.26,0.05,0.05,0.05,-0.2578364999999995,-1.6008175000000024,9.229471500000004,-1.120906359539184,0.8531622433641513,-10.118127190783678,0.05,0.13,0.14,9.370818560742217,34.80838634462198,-0.4351043010067072
2114.94,0.0,9.5,34.43711019920352,34.25220482071755,35.05707288844649,35.10988655378509,-7.26,0.05,0.05,0.05,-0.2588364999999987,-1.5958175000000066,9.220471500000013,-1.1145168539329815,0.7806741573066351,-10.436292134832454,0.05,0.13,0.14,9.361128377997549,34.71406861553816,-0.37727035486086113
2114.9500000000003,0.0,9.5,34.4014541535433,34.30268346456695,34.78092501968495,35.06249299212597,-7.26,0.05,0.05,0.05,-0.2598365000000035,-1.5908174999999825,9.21147149999997,-1.044604244694309,0.2063920099889665,-10.261510611735773,0.05,0.13,0.14,9.351439596145084,34.6368889074803,-0.3205275758359301
2114.96,0.0,9.5,34.36880651574809,34.36165984251957,34.4955214763785,35.01615440944891,-7.260119940030023,0.05,0.05,0.05,-0.2574903745187182,-1.5887451872593592,9.19619705985295,-0.9492565707139876,-0.2016821026277958,-10.073884856070984,0.05,0.13,0.14,9.335976270677728,34.56053556102377,-0.2744699439925601
2114.9700000000003,0.0,9.5,34.34907201127344,34.301552277735325,34.51572444273619,34.96400920830149,-7.320089955022432,0.05,0.05,0.05,-0.2544902245112208,-1.5872451122556104,9.179696234811717,-0.8090813516902519,-0.3168260325401503,-9.863622027535378,0.05,0.13,0.14,9.319384919841411,34.53258948501161,-0.24724414613193324
2114.98,0.0,9.48732408423995,34.33042994107107,34.23137036638519,34.56178132205972,34.91137277478889,-7.38,0.05,0.05,0.05,-0.2514900745037234,-1.5857450372518618,9.16319540977048,-0.6035637634156944,-0.2335388070898394,-9.780940853505632,0.05,0.13,0.14,9.302794456419083,34.50873860107622,-0.19940064969717297
2114.99,0.0,9.467362012176888,34.28975221699301,34.154189021551005,34.681465513994986,34.890270567253,-7.38,0.05,0.05,0.05,-0.2484899244962259,-1.584244962248113,9.146694584729245,-0.2841227851281026,0.195710007484112,-9.920696281506457,0.05,0.13,0.14,9.286204885167027,34.503919329948,-0.11561052104257323
2115.0,0.0,9.447399940113824,34.24840468169449,34.07679491701789,34.803387733464966,34.87012689621014,-7.38,0.05,0.05,0.05,-0.2454897744887285,-1.5827448872443644,9.130193759688009,-0.2010560560536471,0.3886936936953116,-9.98651151151198,0.05,0.13,0.14,9.269616210875322,34.49967855709687,-0.09782183174237957
2115.01,0.0,9.427437868050648,34.32965817402267,34.01039446153848,34.76916236065576,34.845524469104674,-7.409970029970106,0.05,0.05,0.05,-0.242489624481214,-1.581244812240607,9.11369293464668,-0.5363913913909955,0.1634684684687344,-9.921446446446524,0.05,0.13,0.14,9.25302843836804,34.488684866330395,-0.1968611749878995
2115.02,0.0,9.407475795987583,34.417093230769005,33.94454830769248,34.727064000000105,34.8206972307693,-7.439940059940041,0.05,0.05,0.05,-0.2394894744737166,-1.5797447372368585,9.097192109605444,-0.8044227886054647,-0.1269415292347544,-9.780224887556647,0.05,0.13,0.14,9.236441572503926,34.47735069230772,-0.27804579867423723
2115.03,0.0,9.387513723924524,34.26455354471174,33.95076285855832,34.55001639831595,34.81788428536042,-7.410074962518722,0.05,0.05,0.05,-0.2364893244662191,-1.5782446622331097,9.080691284564208,-0.9543478260864872,-0.5317391304335154,-9.50536231884144,0.05,0.13,0.14,9.219855618176142,34.39580427173661,-0.3278985866611564
2115.04,0.0,9.36755165186146,34.1044643695816,33.95924440426058,34.368723358930154,34.815763898934854,-7.380089955022433,0.05,0.05,0.05,-0.2334891744587217,-1.5767445872293608,9.06419045952297,-1.0337018509256697,-0.5310405202634173,-9.422356178087872,0.05,0.13,0.14,9.203270580312944,34.312049007926795,-0.3671819142497249
2115.05,0.0,9.3475895797984,34.06341376019792,33.923435011125,34.47253996538888,34.812641250927086,-7.38,0.05,0.05,0.05,-0.2304890244512242,-1.5752445122256122,9.047689634481737,-0.9886793396700988,0.1843171585750992,-9.67748374186944,0.05,0.13,0.14,9.186686463877912,34.318007496909715,-0.3878372978209764
2115.06,0.0,9.327627507735336,34.0284965784922,33.88534354017332,34.59104676390523,34.80946696168111,-7.38,0.05,0.05,0.05,-0.2274888744437268,-1.5737444372218634,9.0311888094405,-1.0126086956512748,0.5819490254882486,-10.014152923535256,0.05,0.13,0.14,9.170103273870243,34.328588461062964,-0.38626939751237105
2115.07,0.0,9.307665435672272,33.95509033902682,33.75498261024828,34.455674687740114,34.70186251338347,-7.320134966258606,0.05,0.05,0.05,-0.2244887244362294,-1.5722443622181148,9.014687984399265,-1.1575362318833415,0.4220289855080368,-10.49391304347589,0.05,0.13,0.14,9.153521015325094,34.216902537599665,-0.3457036133693968
2115.08,0.0,9.3,33.87872021412199,33.61751638541959,34.30075243436176,34.58621632424188,-7.260149962509335,0.05,0.05,0.05,-0.2214885744287149,-1.5707442872143575,8.998187159357933,-1.2264817591203765,0.2530634682656869,-10.553963018490093,0.05,0.13,0.14,9.136939693313783,34.09580133953631,-0.3421993520787545
2115.09,0.0,9.3,33.78978293810604,33.707627258264814,34.04770533432805,34.44454421078821,-7.319805146140375,0.05,0.05,0.05,-0.2184884244212174,-1.5692442122106087,8.981686334316697,-1.1615142428786,0.0681559220390924,-9.874302848576123,0.05,0.13,0.14,9.12035931294452,33.99741493537178,-0.4040134653181122
2115.1000000000004,0.0,9.3,33.70041679343786,33.805504464329964,33.791309609744324,34.301983932388964,-7.379760179865025,0.05,0.05,0.05,-0.21548827441372,-1.56774413720686,8.96518550927546,-0.9992461308045631,-0.0085471792314172,-9.387733399900482,0.05,0.13,0.14,9.103779879362143,33.89980369997528,-0.4151815229268293
2115.11,0.0,9.3,33.63625470192094,33.571158987279645,33.88802951858273,34.16710868545827,-7.38,0.05,0.05,0.05,-0.2124881244062225,-1.5662440622031113,8.948684684234225,-0.664747878184129,0.1062805791308214,-9.2429505741394,0.05,0.13,0.14,9.087201397748835,33.815637973310395,-0.33670185325519764
2115.12,0.0,9.3,33.57326642554297,33.32134107757719,34.00119489648213,34.03259134946464,-7.38,0.05,0.05,0.05,-0.2094879743987251,-1.5647439871993627,8.932183859192989,-0.4195395395399903,0.3072172172153347,-9.24854854854709,0.05,0.13,0.14,9.07062387332437,33.73209843726673,-0.2744029867642268
2115.13,0.0,9.3,33.62553006799247,33.32550002014592,34.09591510954342,34.13465013346669,-7.409819819819763,0.05,0.05,0.05,-0.2064878243912277,-1.563243912195614,8.915683034151753,-0.3344544544548781,0.6625725725708034,-9.523823823822454,0.05,0.13,0.14,9.05404731134645,33.79539883278713,-0.24112109134093343
2115.1400000000003,0.0,9.3,33.68373203223347,33.342745046587694,34.18968494082059,34.24889843364348,-7.439849849849888,0.05,0.05,0.05,-0.2034876743837132,-1.5617438371918566,8.899182209110423,-0.3825743564109297,0.5318895276179825,-9.69100224943764,0.05,0.13,0.14,9.037471717110948,33.86626511332131,-0.21839125076898613
2115.15,0.0,9.3,33.69079423189823,33.32413391878674,34.06353166340541,34.199265141878804,-7.469842539365215,0.05,0.05,0.05,-0.2004875243762157,-1.560243762188108,8.882681384069187,-0.6675031242183478,-0.4628617845517756,-9.666008497875584,0.05,0.13,0.14,9.020897095952636,33.819431238992294,-0.21442061882210597
2115.1600000000003,0.0,9.3,33.69602906555773,33.30424155088065,33.92951992172224,34.14377590508812,-7.499835041239765,0.05,0.05,0.05,-0.2003723297841599,-1.55739369151088,8.871436414964322,-0.93796754057345,-1.1987390761538723,-9.540489388265703,0.05,0.13,0.14,9.00932895645708,33.76839161081218,-0.24772460398795948
2115.17,0.0,9.3,33.469518279023255,33.31974933299382,33.96317945010166,34.147452627291216,-7.5,0.05,0.05,0.05,-0.2008169026607684,-1.554281681374621,8.861211238802326,-1.1826616729081083,-1.4733957553050194,-9.23587016229807,0.05,0.13,0.14,8.998732332508155,33.72497492235249,-0.3474385815350919
2115.1800000000003,0.0,9.281276213301483,33.223265733199106,33.33827275458236,34.011122423624954,34.156169531568175,-7.5,0.05,0.05,0.05,-0.2012614755373769,-1.5511696712383616,8.850986062640331,-1.3221455363842518,-1.1161515378891262,-9.231042760688508,0.05,0.13,0.14,8.988135947545443,33.682207610743646,-0.43215813842616974
2115.19,0.0,9.251318154583718,33.28464247432969,33.140980035062434,33.98750197345368,34.105223946907365,-7.380900000000457,0.05,0.05,0.05,-0.2017060484139854,-1.5480576611021022,8.840760886478337,-1.272133033258502,0.3792223055707955,-9.76617654413403,0.05,0.13,0.14,8.977539802415189,33.62958710743829,-0.4898709376646861
2115.2000000000003,0.0,9.221360095865784,33.35967377911358,32.93410800901542,33.960705078888004,34.05163015777602,-7.260899999999775,0.05,0.05,0.05,-0.2021506212905964,-1.5449456509658253,8.830535710316283,-1.2112995484194355,1.3651128951329938,-10.380860511791576,0.05,0.13,0.14,8.966943897967552,33.576529256198256,-0.4789329020693149
2115.21,0.0,9.191402037148018,33.21415074702019,32.883231378210475,33.80154428403546,33.94528029209325,-7.26,0.05,0.05,0.05,-0.2025951941672048,-1.541833640829566,8.820310534154288,-1.1310185649776423,1.435358755644563,-11.138512293023505,0.05,0.13,0.14,8.95634823505688,33.461051675339846,-0.34461539408008146
2115.2200000000003,0.0,9.161443978430253,33.05967701863358,32.83868546583852,33.637011801242274,33.83678944099381,-7.26,0.05,0.05,0.05,-0.2030397670438133,-1.5387216306933067,8.810085357992294,-1.010814185815112,1.1085814185863905,-11.401518481521409,0.05,0.13,0.14,8.945752814541374,33.343040931677045,-0.23046589900990305
2115.23,0.0,9.131485919712487,32.905203290246966,32.794139553466565,33.472479318449096,33.72829858989438,-7.26,0.05,0.05,0.05,-0.2034843399204218,-1.5356096205570473,8.799860181830299,-0.8210039960049826,0.0896003996056957,-10.802117882120998,0.05,0.13,0.14,8.935157637283329,33.22503018801426,-0.15147901631372496
2115.24,0.0,9.101527860994723,32.96332189526163,32.931782244388536,33.49896229426423,33.66767541147153,-7.26,0.05,0.05,0.05,-0.2039289127970303,-1.532497610420788,8.789635005668304,-0.5892991239065649,-0.7723279098841298,-10.231264080102996,0.05,0.13,0.14431496062989,8.92456270414913,33.26543546134648,-0.07043375037080563
2115.25,0.0,9.071569802276958,33.02522713216923,33.072670024936855,33.52884758104721,33.60790483790558,-7.26,0.05,0.05,0.05,-0.2043734856736387,-1.5293856002845287,8.779409829506308,-0.2839173967477117,-1.3580600750904543,-9.710613266586265,0.05,0.13,0.15,8.913968016009258,33.30866239401472,0.014231430937156524
2115.26,0.0,9.041611743559024,32.92988705202331,32.96123248554935,33.347620000000354,33.41835132948014,-7.26,0.05,0.05,0.05,-0.2048180585502497,-1.5262735901482516,8.769184653344256,-0.1537952559300476,-1.332646691635703,-9.27245942571792,0.05,0.13,0.1459636563876694,8.903373573738257,33.16427271676329,-0.011023168799878247
2115.27,0.0,9.011653684841258,32.83092751445125,32.84398694646941,33.16153304347897,33.22581049007361,-7.26,0.05,0.05,0.05,-0.2052626314268582,-1.5231615800119924,8.75895947718226,-0.328576779026232,-0.2440074906366112,-8.977827715355781,0.05,0.13,0.14,8.892779378214994,33.01556449861831,-0.22750807254830058
2115.28,0.0,9.0,32.836059262764614,32.78886626650078,33.30358983312536,33.259309155666145,-7.231312877263612,0.05,0.05,0.05,-0.2057072043034667,-1.520049569875733,8.748734301020265,-0.5162393590385456,0.5226089133700433,-8.742804206309472,0.05,0.13,0.14,8.88218543032233,33.04695612951423,-0.4058125653443032
2115.29,0.0,9.0,32.84245527770858,32.73450013947707,33.449632174345915,33.29555324034862,-7.201131790744526,0.05,0.05,0.05,-0.2061517771800751,-1.5169375597394736,8.738509124858272,-0.7265548322481615,0.7229093640458681,-8.612608913370186,0.05,0.13,0.14,8.87159173094739,33.080535207970044,-0.5169721974999256
2115.3,0.0,9.0,32.79854935298539,32.66949072695497,33.361273659755454,33.33400055458395,-7.142264433891611,0.05,0.05,0.05,-0.2065963500566836,-1.5138255496032145,8.728283948696276,-0.9603619570637728,0.6857713429865533,-8.550072391412755,0.05,0.13,0.14,8.86099828098151,33.04082857356994,-0.6010916888174678
2115.31,0.0,9.0,32.75364303272563,32.60426964276817,33.26825342493166,33.37249168623518,-7.08227943014251,0.05,0.05,0.05,-0.2070409229332921,-1.510713539466955,8.718058772534281,-1.2349500748865174,0.2364453320038803,-8.604990014977304,0.05,0.13,0.14,8.850405081320277,32.99966444666516,-0.6382700874896454
2115.32,0.0,9.0,32.69922249249284,32.61758010010001,33.128936206207094,33.46138060060003,-7.08,0.05,0.05,0.05,-0.2074854958099006,-1.5076015293306957,8.707833596372286,-1.348297872341364,-0.2224030037520711,-8.98662077596469,0.05,0.13,0.14,8.839812132863551,32.97677984984999,-0.5708663178166358
2115.33,0.0,9.0,32.64459786786804,32.63257509509505,32.98862589589634,33.551350570570285,-7.08,0.05,0.05,0.05,-0.2079300686865116,-1.5044895191944188,8.697608420210234,-1.178085106383003,-0.6979974968710212,-9.942816020024896,0.05,0.13,0.14,8.829219436515427,32.95428735735743,-0.31954218311705235
2115.34,0.0,9.0,32.56180836744902,32.503943964054216,32.974430923614605,33.2753140688973,-7.08,0.05,0.05,0.05,-0.20837464156312,-1.5013775090581594,8.687383244048238,-1.0612217412217717,-1.0,-10.50962000962015,0.05,0.13,0.14,8.818626993184502,32.82887433100379,-0.16311449788442828
2115.3500000000004,0.0,9.0,32.47847336994519,32.37253108337511,32.96267855217176,32.99218875686508,-7.08,0.05,0.05,0.05,-0.2088192144397285,-1.4982654989219,8.677158067886243,-1.0371717171718084,-1.0,-10.39898989899032,0.05,0.13,0.14,8.808034803783544,32.70146794058929,-0.1717806356948192
2115.36,0.0,9.0,32.41274204204229,32.43668048048022,32.90899711711732,32.93253711711733,-7.08,0.05,0.05,0.05,-0.209263787316337,-1.4951534887856408,8.66693289172425,-0.957470067674324,-0.724570536184522,-10.245559604374195,0.05,0.13,0.14,8.797442869229757,32.672739189189286,-0.19687533721928369
2115.37,0.0,9.0,32.34740670670712,32.5052290290286,32.85437249249284,32.87791249249284,-7.08,0.05,0.05,0.05,-0.2097083601929455,-1.4920414786493814,8.656707715562254,-0.7388339406571944,0.2384695471052145,-9.985278500782377,0.05,0.13,0.14,8.786851190444738,32.64623018018035,-0.2629840054995847
2115.38,0.0,8.985720332652862,32.37543879590285,32.488787159630405,32.67200815388593,32.90091972520592,-7.0514771307174255,0.050180870389383,0.050180870389383,0.050180870389383,-0.2110867733782681,-1.488913226621732,8.64728306655433,-0.5908841158842693,0.8536463536462923,-9.812707292707415,0.05,0.13,0.14,8.777068112725434,32.60928845865627,-0.30338454560887324
2115.3900000000003,0.0,8.960821174244304,32.40537634274286,32.47061079190611,32.48703688233872,32.92551128153878,-7.02148462884279,0.0507074217413061,0.0507074217413061,0.0507074217413061,-0.2142459983150982,-1.4857540016849018,8.639385004212254,-0.5659090909091102,0.8636363636363559,-9.792727272727287,0.05,0.13,0.14,8.768827718248563,32.572133824631614,-0.29905998602219763
2115.4,0.0,8.935922015835887,32.36199117396759,32.251124175219665,32.66127191489309,32.82959590488139,-7.0200000000000005,0.0512339730932263,0.0512339730932263,0.0512339730932263,-0.2174052232519103,-1.4825947767480896,8.631486941870225,-0.5754418022527396,0.5883229036303838,-9.776365456821036,0.05,0.13,0.14,8.760588971685301,32.52599579224044,-0.27610934008202676
2115.4100000000003,0.0,8.911022857427469,32.31699492866097,32.02721428786054,32.843399574467504,32.73103270087641,-7.0200000000000005,0.0517605244451465,0.0517605244451465,0.0517605244451465,-0.2205644481887225,-1.4794355518112774,8.623588879528194,-0.6455294117646075,-0.1876470588224398,-9.766352941176484,0.05,0.13,0.14,8.752351877689234,32.47966037296635,-0.22047324784091332
2115.42,0.0,8.886123699019052,32.260493578394815,31.9725632408104,32.864708852212985,32.7606579744935,-6.991132783195839,0.0522870757970666,0.0522870757970666,0.0522870757970666,-0.2237236731255346,-1.4762763268744654,8.615690817186163,-0.739268597104034,-0.7621143285067234,-9.577523714429503,0.05,0.13,0.1443321110528667,8.744116440930593,32.464605911477925,-0.22079468091916074
2115.4300000000003,0.0,8.861224540610634,32.20376939734959,31.921190397599627,32.88290340085013,32.79276600150023,-6.961125281320389,0.0528136271489868,0.0528136271489868,0.0528136271489868,-0.2268828980623468,-1.4731171019376532,8.607792754844134,-0.8740664003988359,-0.98677733399806,-9.078272591115422,0.05,0.13,0.15,8.735882666096284,32.4501572993249,-0.3182571531639746
2115.44,0.0,8.836325382202217,32.14927978548291,31.947484030930283,32.6024169119494,32.788120763282635,-6.988709917971613,0.0533401785009069,0.0533401785009069,0.0533401785009069,-0.2300421229991589,-1.469957877000841,8.599894692502103,-0.9799674511764488,-0.7651402103212533,-8.825348022032014,0.05,0.1343142406725588,0.15,8.727650557889943,32.3718253729113,-0.41514470856694174
2115.4500000000003,0.0,8.811426223793658,32.09483229234217,31.975241576453016,32.316300673484314,32.78278277375904,-7.018538404176116,0.0538667298528301,0.0538667298528301,0.0538667298528301,-0.233201347935989,-1.4667986520640108,8.591996630160027,-1.0350500751126137,0.2413695543304874,-9.005618427641283,0.05,0.14,0.15,8.719420121031973,32.292289329009634,-0.5110212033175277
2115.46,0.0,8.78652706538524,32.03601158948697,31.89947101877361,32.423810122653094,32.6978774317899,-7.0200000000000005,0.0543932812047502,0.0543932812047502,0.0543932812047502,-0.2363605728728011,-1.4636394271271989,8.584098567817998,-1.031670411985175,0.921980024968618,-9.25871660424413,0.05,0.14,0.15,8.7111913602598,32.26429254067589,-0.5423550606896476
2115.4700000000003,0.0,8.761627906976823,31.977087934918945,31.82126325907424,32.54058609261518,32.611098958698804,-7.0200000000000005,0.0549198325566704,0.0549198325566704,0.0549198325566704,-0.2395197978096133,-1.4604802021903869,8.576200505475967,-0.9268014981274644,1.036836454431825,-9.638242197252987,0.05,0.14,0.15,8.702964280327656,32.23750906132679,-0.4616443122708675
2115.48,0.0,8.75,31.966449772556903,31.77250886278452,32.428769467633614,32.498252876781315,-7.04887499999994,0.0554463839085906,0.0554463839085906,0.0554463839085906,-0.2426790227464254,-1.4573209772535745,8.568302443133936,-0.843644555694714,0.7719874843574225,-9.949056320400096,0.05,0.14,0.15,8.694738886006839,32.166495244939085,-0.35914042613296915
2115.49,0.0,8.75,31.956822179455173,31.724370897275865,32.312168617845984,32.38486122469426,-7.0788749999999405,0.0559729352605107,0.0559729352605107,0.0559729352605107,-0.2458382476832376,-1.4541617523167625,8.560404380791907,-0.7985882352943557,-0.1591764705833158,-10.139294117646054,0.05,0.14,0.15,8.686515182085747,32.09455572981782,-0.21839348565034097
2115.5,0.0,8.75,31.853936389097743,31.77574959739911,32.11378290572733,32.35523740935246,-7.108882220555061,0.0564994866124309,0.0564994866124309,0.0564994866124309,-0.2489974726200497,-1.4510025273799505,8.552506318449876,-0.7882521847686805,-0.6678651685409378,-10.28007740324555,0.05,0.1356685894075189,0.1456685894075189,8.678293173369935,32.02467657539416,-0.14072118685526902
2115.51,0.0,8.75,31.749050167541824,31.82926297574397,31.91364287071756,32.32741045261314,-7.138889722430682,0.057026037964354,0.057026037964354,0.057026037964354,-0.2521566975568798,-1.44784330244312,8.5446082561078,-0.8381897627964456,-0.4431460674159947,-10.335008739076091,0.05,0.13,0.14,8.670072864682151,31.954841616654125,-0.1725450854667033
2115.52,0.0,8.75,31.75945480908409,31.64622280009995,32.0288106862989,32.35404208634887,-7.168882779305183,0.0575525893162742,0.0575525893162742,0.0575525893162742,-0.255315922493692,-1.444684077506308,8.53671019376577,-0.7954918648312628,-0.1400801001256372,-10.31729912390504,0.05,0.13,0.14,8.661854260862594,31.94713259545795,-0.19240033790517247
2115.53,0.0,8.75,31.772272378337885,31.458231784377706,32.1505775942099,32.38181348639875,-7.198875281179648,0.0580791406681944,0.0580791406681944,0.0580791406681944,-0.2584751474305041,-1.441524852569496,8.52881213142374,-0.5902352941179354,0.3004705882346754,-10.172117647059029,0.05,0.13,0.14,8.653637366768697,31.94072381083106,-0.19125275945632486
2115.54,0.0,8.75,31.730807200000083,31.53830991999984,32.22973535999985,32.30624464000015,-7.2,0.0586056920201145,0.0586056920201145,0.0586056920201145,-0.2616343723673163,-1.4383656276326835,8.520914069081709,-0.438097378277305,0.4704868913865247,-10.01976779026259,0.05,0.13,0.14,8.645422187275402,31.95127427999998,-0.18089717831613095
2115.55,0.0,8.75,31.688007200000083,31.62497991999983,32.307845359999845,32.22813464000015,-7.2,0.0591322433720347,0.0591322433720347,0.0591322433720347,-0.2647935973041284,-1.4352064026958715,8.51301600673968,-0.3781722846444976,0.1708614232224877,-9.854973782772367,0.05,0.13,0.14,8.637208727275176,31.962241779999978,-0.15455670604679986
2115.56,0.0,8.75,31.70470684972534,31.560323624563416,32.134537014478965,32.2877825961056,-7.171117779444939,0.0596587947239548,0.0596587947239548,0.0596587947239548,-0.2679528222409406,-1.432047177759059,8.505117944397648,-0.4290686029026377,-0.1381522283402337,-9.660931397097364,0.05,0.1340220994474706,0.14,8.628996991678086,31.921837521218333,-0.1688824427270351
2115.57,0.0,8.75,31.72286960559151,31.49194619071432,31.955046250625085,32.35081804293524,-7.1411102775694895,0.06,0.06,0.06,-0.2675924659336167,-1.4292592202872667,8.494258957226316,-0.674436654980523,-0.4636404606884489,-9.415563345019477,0.05,0.14,0.14,8.617820076969588,31.880170022466537,-0.2545700942877689
2115.58,0.0,8.742017688502434,31.598364302151243,31.37968713356693,31.990823601800845,32.241065502751525,-7.140000000000001,0.06,0.06,0.06,-0.2607528805176843,-1.4271547324669798,8.477949176619093,-0.842790813779243,-0.4836195706453173,-9.238072890664156,0.05,0.14,0.14,8.601185089069851,31.802485135067634,-0.3358904058246538
2115.59,0.0,8.727027432169068,31.469900070035347,31.266210395197888,32.03257447723851,32.12651822911485,-7.140000000000001,0.06,0.06,0.06,-0.2539132951017908,-1.4250502446467048,8.461639396011963,-0.8777383924113278,0.0256165751364905,-9.178162755866296,0.05,0.14,0.14,8.584554818354809,31.72380079289665,-0.40964543436798406
2115.6000000000004,0.0,8.712037175835704,31.44051201199705,31.27472111472129,32.05762414896271,32.13604303424141,-7.111117220694817,0.06,0.06,0.06,-0.2470737096858973,-1.42294575682643,8.445329615404832,-0.9290836254380516,0.4790585878813532,-9.258152228342084,0.05,0.14,0.1443172268907193,8.567929292292405,31.727225077480615,-0.4619332260167247
2115.61,0.0,8.697046919502338,31.41376869782557,31.286488172956744,32.08222799800047,32.14887982504372,-7.0811247188203525,0.06,0.06,0.06,-0.2402341242700038,-1.420841269006155,8.429019834797701,-1.0092038057083814,0.8345918878309421,-9.5836404606903,0.05,0.14,0.15,8.551308538556416,31.732841173456624,-0.4765498609108877
2115.62,0.0,8.682056663168973,31.4099374069448,31.272227899075727,31.786233659755872,32.087809003247706,-7.108874999999941,0.06,0.06,0.06,-0.2333945388541103,-1.4187367811858802,8.41271005419057,-1.049033707865282,0.7858426966320522,-9.868591760298813,0.05,0.14,0.15,8.534692585028221,31.63905199225603,-0.4417322680455956
2115.63,0.0,8.667066406835607,31.406729812640528,31.257259125655807,31.48151220085034,32.02472631526375,-7.138874999999941,0.06,0.06,0.06,-0.2265549534382168,-1.4166322933656053,8.39640027358344,-1.0190711610488783,0.0367790262219596,-10.083323345816371,0.05,0.14,0.15,8.518081459798665,31.542556863602606,-0.32128270687461735
2115.6400000000003,0.0,8.652076150502158,31.27549660245176,31.15275793845377,31.5364700575432,31.85434706029511,-7.140000000000001,0.06,0.06,0.06,-0.2197153680222845,-1.4145278055453183,8.380090492976217,-0.9581556556559,-0.5291466466461258,-10.159962462462811,0.05,0.14,0.15,8.501475191169847,31.45476791468596,-0.2303806119257657
2115.65,0.0,8.637085894168791,31.14057541155884,31.045677628221306,31.601789046785004,31.68087695771851,-7.140000000000001,0.06,0.06,0.06,-0.212875782606391,-1.4124233177250434,8.363780712369087,-0.8430405405407484,-0.7743918918914492,-9.994797297297596,0.05,0.14,0.15,8.484873807657415,31.367229761070913,-0.1912170651234068
2115.6600000000003,0.0,8.622095637835427,31.09641642857149,31.146900439560262,31.656590824175733,31.64402126373632,-7.140000000000001,0.06,0.06,0.06,-0.2060361971904975,-1.4103188299047684,8.347470931761956,-0.6659365634370529,-0.7565609390617549,-9.879045954046006,0.05,0.14,0.15,8.468277337991918,31.385982239010954,-0.15111383337426157
2115.67,0.0,8.60710538150206,31.0547281168832,31.253793546453338,31.711106308691203,31.610884400599463,-7.140000000000001,0.06,0.06,0.06,-0.199196611774604,-1.4082143420844937,8.331161151154825,-0.3812212787218587,-0.2820354645364312,-9.849075924075985,0.05,0.14,0.15,8.451685811121138,31.4076280931568,-0.10937932912514296
2115.6800000000003,0.0,8.6,31.050408174742667,31.120083630429903,31.47881704745265,31.539995902586288,-7.111117220694906,0.06,0.06,0.06,-0.1923570263587105,-1.4061098542642188,8.314851370547695,-0.2873491864822898,0.1291864831028622,-9.859116395494096,0.05,0.14,0.1456797900262911,8.435099256211949,31.297326188802877,-0.11909606875879952
2115.69,0.0,8.6,31.047184474014585,30.979315365303425,31.238114059755475,31.467999919659004,-7.081124718820355,0.06,0.06,0.06,-0.185517440942817,-1.4040053664439438,8.298541589940564,-0.5276495619508674,0.4295619524385842,-9.93921652065029,0.05,0.14,0.14,8.418517702652329,31.183153454683122,-0.21890556418806403
2115.7000000000003,0.0,8.6,31.041901786514057,30.935797934809656,31.53908731027616,31.4843019258522,-7.05112499999989,0.06,0.06,0.06,-0.1786778555268847,-1.4019008786236569,8.28223180933334,-0.7092434456926642,0.4646441947577219,-9.878509363296718,0.05,0.14,0.14,8.401941180053242,31.25027223936302,-0.2927236907157401
2115.71,0.0,8.6,31.03657707887534,30.894265215227644,31.85111517790512,31.502405931823844,-7.0211249999998895,0.06,0.06,0.06,-0.1718382701109912,-1.399796390803382,8.265922028726209,-0.7891435705366341,0.0401747815241312,-9.573890137329084,0.05,0.14,0.14,8.385369718251075,31.321090850957987,-0.3215185170128756
2115.7200000000003,0.0,8.6,30.98621751324511,30.839398986755047,31.74134698344389,31.542826907284702,-7.0200000000000005,0.06,0.06,0.06,-0.1649986846950977,-1.397691902983107,8.249612248119078,-0.9309887359193108,-0.2572966207757932,-9.421854818522885,0.05,0.14,0.14,8.368803347309097,31.277447597682187,-0.36122958362826796
2115.73,0.0,8.6,30.934489036424026,30.78412746357636,31.61875757947064,31.583926245032963,-7.0200000000000005,0.06,0.06,0.06,-0.1581590992792042,-1.3955874151628322,8.233302467511947,-1.181301627033125,-0.3323904881099374,-9.536998748435238,0.05,0.14,0.14,8.352242097519923,31.230325081125997,-0.4200553323967219
2115.74,0.0,8.6,30.882760559602943,30.728855940397665,31.496168175497385,31.625025582781223,-7.0200000000000005,0.06,0.06,0.06,-0.1513195138633107,-1.3934829273425573,8.216992686904817,-1.316239700374778,-0.2228164794023765,-9.681280898875666,0.05,0.14,0.14,8.335685999407502,31.183202564569804,-0.4549286388057536
2115.75,0.0,8.6,30.81064263120444,30.64980010923821,31.41764440750463,31.484080964142468,-6.994090909090996,0.06,0.06,0.06,-0.1444799284474172,-1.3913784395222824,8.200682906297686,-1.2513208489392365,0.2066466916327431,-9.87603745318229,0.05,0.14,0.14,8.31913508372924,31.090542028022437,-0.4483105559905748
2115.76,0.0,8.6,30.73746286392788,30.56950564236531,31.341415483258206,31.33365588696286,-6.964765395894395,0.06,0.06,0.06,-0.1403367167675232,-1.3881480577786225,8.187137907476052,-1.1572265331667997,0.5254943679596553,-10.174698372965077,0.05,0.14,0.14,8.305171674349603,30.995509969128562,-0.40466783048444116
2115.77,0.0,8.6,30.683167505938272,30.477836510952816,31.126291528107828,31.28934100290316,-6.96,0.06,0.06,0.06,-0.1413127073980122,-1.3827801093109329,8.178841987116895,-1.0120450563207877,0.6506508135165624,-10.6552991239036,0.05,0.14,0.14,8.296113931365959,30.894159136975517,-0.2961937842823428
2115.78,0.0,8.585080886758572,30.632336152019008,30.38408090261284,30.88568978622332,31.264490118764847,-6.96,0.06,0.06,0.06,-0.1422886980285012,-1.3774121608432437,8.170546066757739,-0.8304419475662161,0.5198127340839767,-10.881408239700963,0.05,0.14,0.144340314136098,8.287058185112246,30.791649239905006,-0.18738381280805508
2115.79,0.0,8.555122828040806,30.54204019345261,30.53381138392816,30.919183348214165,31.119987212301968,-6.96,0.06,0.06,0.06,-0.1432646886589902,-1.372044212375554,8.162250146398582,-0.585747815231558,-0.0544694132320578,-10.666676654182796,0.05,0.14,0.15,8.278004442141446,30.778755534474225,-0.07799193799340928
2115.8,0.0,8.525164769323043,30.44968900297665,30.696222098213465,30.9669512053569,30.969253085318226,-6.96,0.06,0.06,0.06,-0.1442406792894792,-1.3666762639078645,8.153954226039426,-0.4481977471838104,-0.3799649561956171,-10.333464330414849,0.05,0.14,0.15,8.26895270903379,30.77052884796631,-0.04838160224519976
2115.81,0.0,8.495206710605277,30.46880775736205,30.524645436698723,30.80397280141044,30.992601439717912,-6.986478097621953,0.06,0.06,0.06,-0.1452166699199681,-1.361308315440175,8.14565830568027,-0.4982603254064307,-0.2698272841058524,-9.792788485610547,0.05,0.14,0.15,8.259902992396894,30.697506858797283,-0.15847126544135934
2115.82,0.0,8.465248651887514,30.49573954694172,30.329659280141964,30.62622299018466,31.02815140196307,-7.016515644555612,0.06,0.06,0.06,-0.1461926605504571,-1.3559403669724857,8.137362385321113,-0.4642022471925277,-0.1926891385769475,-9.380546816481004,0.05,0.14,0.15,8.250855298865883,30.619943304807855,-0.21744308853492478
2115.83,0.0,8.435290593169578,30.4606868330422,30.3498976391315,30.6088792962316,30.84570898926892,-6.993506493506416,0.06,0.06,0.06,-0.1471686511809517,-1.3505724185047658,8.12906646496191,-0.2844269662925732,-0.1727141073658414,-9.190784019975494,0.05,0.14,0.15,8.24180963510348,30.56629318941856,-0.18786652193914793
2115.84,0.0,8.405332534451814,30.42223412528083,30.38194156226597,30.600334250062406,30.65130918891977,-6.963536463536395,0.06,0.06,0.06,-0.1481446418114406,-1.3452044700370764,8.120770544602754,-0.2992363545308792,-0.1417976965449466,-9.142809213820216,0.05,0.14,0.15,8.232766007800349,30.513954781632243,-0.2033150492507762
2115.8500000000004,0.0,8.375374475734048,30.4152714524606,30.338331653129664,30.78913906354438,30.79503352126072,-6.96,0.06,0.06,0.06,-0.1491206324419297,-1.3398365215693868,8.112474624243598,-0.6547696544804682,-0.0917225838759903,-9.34310966449604,0.05,0.14,0.15,8.223724423674916,30.58444392259884,-0.2976039404475064
2115.86,0.0,8.345416417016285,30.41015917343529,30.290276230291724,30.98954040133664,30.958626450070724,-6.96,0.06,0.06,0.06,-0.1500966230724186,-1.3344685731016974,8.104178703884442,-0.936736579275284,-0.1277178526834034,-9.490132334581553,0.05,0.14,0.15,8.214684889473723,30.662150563783594,-0.3663008673716868
2115.87,0.0,8.31545835829852,30.34547917808264,30.19169123287736,30.96191123287712,30.95259260273994,-6.96,0.06,0.06,0.06,-0.1510726137029076,-1.329100624634008,8.095882783525285,-1.091543071160476,-0.3124868913850841,-9.545063670411782,0.05,0.14,0.15,8.205647411971505,30.612918561644264,-0.3907617523669489
2115.88,0.0,8.3,30.27041068493196,30.084293972603376,30.894513972603143,30.91697616438377,-6.96,0.06,0.06,0.06,-0.1520486043333966,-1.3237326761663186,8.087586863166129,-1.1499098873597111,-0.3133742177737055,-9.52350938673414,0.05,0.14,0.1456722689076265,8.196611997971328,30.54154869863056,-0.41353220935440776
2115.8900000000003,0.0,8.3,30.195342191780835,29.976896712328788,30.82711671232878,30.881359726027405,-6.881179138321884,0.06,0.06,0.06,-0.1530245949638911,-1.3183647276985986,8.079290942806924,-1.0397722152693205,0.0070262828528858,-9.368315394243131,0.05,0.14,0.14,8.187578654304682,30.47017883561645,-0.43334906136126955
2115.9,0.0,8.3,30.120273698630147,29.869499452054807,30.759719452054803,30.84574328767124,-6.790476190476049,0.06,0.06,0.06,-0.1540005855943801,-1.3129967792309092,8.070995022447768,-1.0230761548059109,0.2923595505608961,-9.438379525591165,0.05,0.14,0.14,8.178547387831827,30.39880897260275,-0.446808773992199
2115.9100000000003,0.0,8.3,30.08181312171965,29.96287276680806,30.693338045488776,30.717324123969306,-6.753498127340843,0.06,0.06,0.06,-0.1549765762248691,-1.3076288307632198,8.062699102088612,-1.1678951310856065,0.5170786516845618,-9.897805243443992,0.05,0.14,0.14,8.169518205441621,30.363837014496447,-0.4492800888205289
2115.92,0.0,8.3,30.04544221444655,30.067706558359944,30.62701462634371,30.58360755311232,-6.723535580524439,0.06,0.06,0.06,-0.1559525668553581,-1.3022608822955304,8.054403181729455,-1.1287959949950457,0.4413266583250756,-10.29569211514288,0.05,0.14,0.14,8.160491114051867,30.33094273806563,-0.36805720242709206
2115.9300000000003,0.0,8.3,30.010057693847127,29.95499364182163,30.32075486243306,30.38400369184709,-6.693506883604618,0.06,0.06,0.06,-0.1569285574858471,-1.296892933827841,8.046107261370299,-0.7683454317911532,-0.1594242803480781,-10.586055068834904,0.05,0.14,0.14,8.15146612060941,30.167452472487227,-0.14059939301758773
2115.94,0.0,8.3,29.97473003001525,29.82974101550863,30.00066481741095,30.180601990996923,-6.6634693366709605,0.06,0.06,0.06,-0.157904548116336,-1.2915249853601516,8.037811341011142,-0.5216978776531862,-0.4411685393272053,-10.575997503123771,0.05,0.14,0.1443425877422064,8.142443232090274,29.996434463482938,-0.029995585051177456
2115.9500000000003,0.0,8.3,29.90801570162495,29.928753471196227,30.16504803545013,30.26147131462314,-6.66,0.06,0.06,0.06,-0.1588805387468306,-1.2861570368924315,8.02951542065194,-0.4717602996255628,-0.1715056179780391,-10.046659176030966,0.05,0.14,0.15,8.133422455499758,30.06582213072361,-0.12137543306213638
2115.96,0.0,8.3,29.83952727227985,30.040442294435937,30.356815637616425,30.35840878385006,-6.66,0.06,0.06,0.06,-0.1598565293773196,-1.2807890884247422,8.021219500292784,-0.4564005006256193,0.0728911138916414,-9.682665832290636,0.05,0.14,0.15,8.12440379787278,30.14879849704557,-0.19671682657452624
2115.9700000000003,0.0,8.3,29.867339889028926,29.83741011349356,30.35029066330396,30.175871218159333,-6.582287315333696,0.06,0.06,0.06,-0.1638385959649024,-1.2778674466861653,8.01019025475636,-0.5014568210261059,0.2731414267826926,-9.607571964956492,0.05,0.14,0.15,8.1131335631938,30.057727970996446,-0.24403498640308713
2115.98,0.0,8.291347207009858,29.9040410239596,29.60532940731434,30.32546342496851,29.967538305170542,-6.490590932246432,0.06,0.06,0.06,-0.1683387084677109,-1.2753673841846052,7.998689967249183,-0.5171885143571939,0.3029987515616112,-9.56,0.05,0.14,0.15,8.101477709503568,29.950593040353247,-0.2596221489100261
2115.99,0.0,8.271432838793212,29.87837151698122,29.64000943396211,30.2404191396229,30.08015817358451,-6.400494382022528,0.06,0.06,0.06,-0.1728388209705193,-1.2728673216830448,7.987189679742006,-0.4822322097379571,0.0383295880159605,-9.56,0.05,0.14,0.15,8.089824686408244,29.959739566037683,-0.22036187129798884
2116.0,0.0,8.251518470576565,29.84822308930831,29.693845911949445,30.15105058616392,30.2158260981126,-6.310606741573317,0.06,0.06,0.06,-0.1773389334733278,-1.2703672591814843,7.975689392234829,-0.5310688360441482,-0.2466257822262944,-9.583689612014716,0.05,0.14,0.15,8.078174506157495,29.97723642138357,-0.20354632602256217
2116.01,0.0,8.231604102359805,29.77881404648845,29.61485399650096,30.21900311422137,30.23738004998749,-6.3,0.06,0.06,0.06,-0.1818390459761618,-1.2678671966799102,7.964189104727586,-0.7263128911134773,-0.5670262828528858,-9.648770963704491,0.05,0.14,0.15,8.066527181068697,29.962512801799566,-0.22594740098435123
2116.02,0.0,8.211689734143157,29.7071419645091,29.52820565858563,30.296023859035,30.25235630592347,-6.3,0.06,0.06,0.06,-0.1863391584789702,-1.26536713417835,7.952688817220409,-0.9030761548059107,-0.6309038701638199,-9.697320848938746,0.05,0.14,0.15,8.054882723527633,29.9459319470133,-0.2713182953686163
2116.03,0.0,8.19177536592651,29.629753283582254,29.49225029850753,30.12921970149292,30.21695970149262,-6.273513108614213,0.06,0.06,0.06,-0.1908392709817787,-1.2628670716767896,7.941188529713232,-1.0478951310856066,-0.2513782771549623,-9.71729588014974,0.05,0.14,0.15,8.04324114598856,29.86704574626883,-0.3563928203244452
2116.04,0.0,8.171860997709864,29.552031890547333,29.459245323383115,29.94822467661708,30.178631343283616,-6.24355056179781,0.06,0.06,0.06,-0.1953393834845871,-1.2603670091752293,7.929688242206055,-1.1144817225841457,0.1248823234838028,-9.888577866798526,0.05,0.14,0.15,8.03160246097492,29.784533308457785,-0.39195727246535694
2116.05,0.0,8.151946629493217,29.54408643528562,29.432986960713507,29.99818938057342,30.14913339599913,-6.187942913385927,0.06,0.06,0.06,-0.1998394959873956,-1.2578669466736692,7.918187954698878,-1.0443765648476069,0.4954381572340786,-10.324231347018443,0.05,0.14,0.15,8.019966681079731,29.78109904314292,-0.3410151138624127
2116.06,0.0,8.132032261276569,29.54099171366596,29.40719761388301,30.06421010845949,30.12024932754897,-6.128887795275656,0.06,0.06,0.06,-0.2043396084902041,-1.2553668841721088,7.906687667191701,-1.0183270911358164,0.6127066167307742,-10.660479400748194,0.05,0.14,0.15,8.008333818966044,29.783162190889357,-0.2935738640832149
2116.07,0.0,8.112117893059922,29.519454326647693,29.35851060692917,29.944867262308698,29.960805496223944,-6.06818805590864,0.06,0.06,0.06,-0.2088397209930125,-1.2528668216705483,7.895187379684524,-1.0682646691632978,0.2931061173548941,-10.825273408238882,0.05,0.14,0.15,7.996703887367412,29.695909423027373,-0.2521709665805377
2116.08,0.0,8.1,29.494927106017165,29.30611154467304,29.795474191195467,29.78019596249004,-6.007196950444582,0.06,0.06,0.06,-0.2133398334958465,-1.2503667591689742,7.883687092177281,-0.975945945945946,0.0152027027027027,-10.796824324324325,0.05,0.14,0.1456663168940376,7.9850768990882885,29.594177201093927,-0.1965765572016078
2116.09,0.0,8.1,29.390966018145363,29.21776084677436,29.587721975806847,29.684280846774364,-5.973513513513514,0.06,0.06,0.06,-0.217839945998655,-1.247866696667414,7.872186804670104,-0.6356056056064654,-0.1900025025019841,-10.431458958959883,0.05,0.14,0.14,7.973452867004761,29.470182421875236,-0.11623947073876223
2116.1000000000004,0.0,8.1,29.282024485887643,29.12715600806497,29.37631068548493,29.59367600806497,-5.94348348348356,0.06,0.06,0.06,-0.2223400585014634,-1.2453666341658536,7.860686517162927,-0.4474531835202987,-0.193715355806626,-10.090187265918804,0.05,0.14,0.14,7.961831804064631,29.34479179687563,-0.10431569281070974
2116.11,0.0,8.1,29.257927867298683,29.228494193065032,29.43567331005201,29.626560883013024,-5.834078881677722,0.06,0.06,0.06,-0.2268401710042719,-1.2428665716642937,7.849186229655749,-0.5223595505615206,0.1508539325829946,-9.790561797753918,0.05,0.14,0.14,7.950213723288151,29.387164063357186,-0.2106452053534926
2116.12,0.0,8.1,29.23764350710911,29.338456777250617,29.50720236966788,29.66499440758274,-5.714258612082003,0.06,0.06,0.06,-0.2313402835070803,-1.2403665091627332,7.837685942148572,-0.4989133700558337,0.3627090635954701,-9.62187280921359,0.05,0.14,0.1443247503940586,7.938598637768447,29.437074265402586,-0.2503301432401782
2116.13,0.0,8.1,29.23668,29.27097194946777,29.455059128065663,29.523423567005896,-5.726476333583702,0.06,0.06,0.06,-0.2358403960098888,-1.2378664466611728,7.826185654641395,-0.3036204306469045,0.3426790185278876,-9.681962944416338,0.05,0.14,0.15,7.9269865606719945,29.371533661134833,-0.17357016496774502
2116.1400000000003,0.0,8.1,29.23668,29.19463803814701,29.3967485013623,29.372876130789933,-5.756528925619889,0.06,0.06,0.06,-0.2403405085127228,-1.2353663841595983,7.814685367134152,-0.2331485642945402,0.1595580524347502,-9.68884394506872,0.05,0.14,0.15,7.915377505239049,29.30023566757481,-0.12982137746804165
2116.15,0.0,8.1,29.17025295634925,29.20050593253968,29.57830085317448,29.43432428571424,-5.76,0.06,0.06,0.06,-0.2448406210155312,-1.2328663216580382,7.803185079626975,-0.3779675405738248,-0.3048614232195071,-9.60395006242224,0.05,0.14,0.15,7.903771484784396,29.345846006944413,-0.14301014789626287
2116.1600000000003,0.0,8.1,29.0991319246034,29.21218251984123,29.77680283730096,29.510752857142613,-5.76,0.06,0.06,0.06,-0.2493407335183397,-1.230366259156478,7.791684792119798,-0.546640801000226,-0.6583929912382674,-9.582846057571526,0.05,0.14,0.15,7.892168512697452,29.39971753472205,-0.16608631163982085
2116.17,0.0,8.1,29.04346438356181,29.045692328767675,29.675467945205867,29.50007589041101,-5.7080874872838585,0.06,0.06,0.06,-0.2475629952173615,-1.2263444928260423,7.7794396459419,-0.7569036295358298,-0.8185932415511084,-9.6729586983725,0.05,0.14,0.15,7.879396516011767,29.31617513698659,-0.20640098965505632
2116.1800000000003,0.0,8.089431359856672,28.989177219685583,28.863287458143564,29.547350238457977,29.4816182546931,-5.647049847406127,0.06,0.06,0.06,-0.2447076879149154,-1.222061531872373,7.7670666476313,-0.9413158551802864,-0.7184019975060183,-9.819802746565502,0.05,0.14,0.15,7.866424889932748,29.220358292745058,-0.2565253244603645
2116.19,0.0,8.064534681073644,28.95809709741564,28.80023593439389,29.40861070576603,29.59042987077483,-5.560987593052549,0.06,0.06,0.06,-0.2418523806124693,-1.217778570918704,7.7546936493207,-1.0811410736572338,-0.1690886392037244,-10.06449687890016,0.05,0.14,0.15,7.8534547058356114,29.189343402087598,-0.32356931253068577
2116.2000000000003,0.0,8.039638002290474,28.928315785288287,28.743864165009978,29.269276709741646,29.70636426441344,-5.471657568238232,0.06,0.06,0.06,-0.2389970733100069,-1.2134956099650105,7.74232065101003,-1.188252378567881,0.2913395092640719,-10.198097145718544,0.05,0.14,0.15,7.840485970876517,29.161955231113335,-0.38719751048036527
2116.21,0.0,8.014741323507446,28.824596620498827,28.762370637119066,29.392236066481715,29.590953739612445,-5.275932459677544,0.06,0.06,0.06,-0.2361417660075608,-1.2092126490113413,7.729947652699431,-1.2383274912368367,0.5967976965447046,-10.138007010515796,0.05,0.14,0.15,7.8275186922584625,29.142539265928015,-0.4448703322378895
2116.2200000000003,0.0,7.989844644724418,28.71573739108572,28.786082548476376,29.533429720472977,29.45946041299463,-5.06423891129051,0.06,0.06,0.06,-0.2332864587051147,-1.204929688057672,7.717574654388831,-1.2681652521218256,0.612029455817081,-10.16605092361428,0.05,0.14,0.15,7.8145528772312245,29.123677518257427,-0.45223016704061747
2116.23,0.0,7.96494796594139,28.643786090439143,28.717435584849305,29.37239092274396,29.35178293342278,-4.985609964169979,0.06,0.06,0.06,-0.2304311514026686,-1.200646727104003,7.705201656078231,-1.2631727408886848,0.1277558662024224,-10.345781328007348,0.05,0.14,0.15,7.801588533092028,29.021348882863798,-0.37299690184595535
2116.24,0.0,7.9400512871583615,28.57379777073289,28.64387643250497,29.19527762389549,29.24537212080817,-4.924186998805689,0.06,0.06,0.06,-0.2275758441002225,-1.196363766150334,7.692828657767631,-1.1341531148380102,-0.3295571678736692,-10.412579434576642,0.05,0.14,0.15,7.788625667185853,28.91458098698538,-0.2720073612041441
2116.25,0.0,7.915154608375333,28.50380945102664,28.57031728016065,29.018164325047017,29.13896130819357,-4.8627640334414,0.06,0.06,0.06,-0.2247205367977764,-1.1920808051966647,7.680455659457031,-0.7888941706305082,-0.7398648986709906,-10.282481861397004,0.05,0.14,0.15,7.775664286905816,28.80781309110697,-0.13308609752544015
2116.26,0.0,7.890257929592164,28.478209090004995,28.456319582297485,28.802957016409977,28.97575536548998,-4.6594499999994,0.06,0.06,0.06,-0.2218652294953141,-1.1877978442429713,7.668082661146361,-0.5297902621725868,-0.6764943820249032,-10.1140973782778,0.05,0.14,0.15,7.762704399693493,28.678310263550607,-0.07814646797552108
2116.27,0.0,7.865361250809136,28.45479785181505,28.3403275385382,28.585870989557737,28.809748403779444,-4.449449999999997,0.06,0.06,0.06,-0.219009922192868,-1.183514883289302,7.655709662835761,-0.4199275905121281,0.2074007490615153,-9.879390761548638,0.05,0.14,0.15,7.7497460130395925,28.54768619592261,-0.16868322104608408
2116.28,0.0,7.85,28.410883096255485,28.39642209600381,28.74857391304289,28.797080221161107,-4.268185907046769,0.06,0.06,0.06,-0.2161546148904219,-1.179231922335633,7.643336664525162,-0.3245103931882764,0.7590758827949756,-9.666275982970692,0.05,0.14,0.1456722689075668,7.73678913448392,28.588239831615823,-0.22625792813870907
2116.29,0.0,7.85,28.36570591605954,28.4631122191502,28.934660869564272,28.79385327971854,-4.088275862069541,0.06,0.06,0.06,-0.2132993075879758,-1.1749489613819637,7.630963666214562,-0.2543876784375731,0.7290232907589599,-9.490969196093934,0.05,0.14,0.14,7.723833771616065,28.63933307112314,-0.22611504990764586
2116.3,0.0,7.85,28.377807079380865,28.46017410883677,28.949605891163227,28.799805891163228,-4.08,0.06,0.06,0.06,-0.2104440002855296,-1.1706660004282945,7.618590667903962,-0.2668139825210312,0.446089887644242,-9.31402247191106,0.05,0.14,0.1443507853402859,7.710879932075735,28.646848242636025,-0.22764648162544482
2116.31,0.0,7.85,28.392764643035395,28.453763724413403,28.9560162755866,28.8062162755866,-4.08,0.06,0.06,0.06,-0.2075886929830835,-1.1663830394746255,7.606217669593362,-0.4216204744062231,-0.2730112359514881,-9.134247191012127,0.05,0.14,0.15,7.697927623553158,28.652190229655496,-0.2320657558436633
2116.32,0.0,7.85,28.37929649000009,28.296981390000987,28.836456130000755,28.84616263499975,-4.051447861965589,0.06,0.06,0.06,-0.2047333856806374,-1.1621000785209563,7.593844671282762,-0.6258372966193597,-0.6387609511902071,-9.08569211514305,0.05,0.14,0.15,7.684976853789493,28.589724161250395,-0.2699620693140626
2116.33,0.0,7.85,28.364316490000046,28.13220139000052,28.7101961300004,28.88789263499987,-4.021440360089969,0.06,0.06,0.06,-0.2018780783781751,-1.157817117567263,7.581471672972093,-0.9162002503130344,-0.3884480600749702,-9.265917396746024,0.05,0.14,0.15,7.67202763057718,28.52365166125021,-0.3662250726209438
2116.34,0.0,7.85,28.275171045000302,28.11270438500004,28.706867894999988,28.895079824999986,-4.0200000000000005,0.06,0.06,0.06,-0.199022771075729,-1.1535341566135937,7.569098674661492,-1.2137984496123118,-0.1073110465117264,-9.371109496124038,0.05,0.14,0.15,7.659079961760633,28.49745578750008,-0.4794784380380068
2116.3500000000004,0.0,7.85,28.182081045000302,28.10093438500004,28.710077894999987,28.900429824999986,-4.0200000000000005,0.06,0.06,0.06,-0.1961674637732829,-1.1492511956599245,7.556725676350893,-1.523875968991658,0.2269912790691312,-9.346884689922527,0.05,0.14,0.15,7.646133855236244,28.47338078750008,-0.6220367059511928
2116.36,0.0,7.85,28.135735846038727,27.92462198450487,28.52538058485484,28.84991444638869,-3.991475655430731,0.06,0.06,0.06,-0.1933121564708368,-1.1449682347062553,7.544352678040293,-1.677380521829727,0.4975716869021638,-9.56638853009278,0.05,0.14,0.15,7.633189318953088,28.358913215446783,-0.6685030844483149
2116.37,0.0,7.85,28.09187681079764,27.7395582504388,28.33068925768706,28.79642781804589,-3.961513108614327,0.06,0.06,0.06,-0.1904568491683907,-1.1406852737525863,7.531979679729694,-1.470715577371318,0.6215706535772092,-10.346548695423277,0.05,0.14,0.15,7.620246360913287,28.239638034242347,-0.49392640379046737
2116.38,0.0,7.840781858098149,28.040887171793376,27.82356292072937,28.338026626656514,28.66877087772053,-3.931493620215233,0.0595578204419187,0.0595578204419187,0.0595578204419187,-0.1877878436742878,-1.1360181186137182,7.51893921837144,-1.2445692883912105,0.520149812737281,-10.898726591759257,0.05,0.14,0.15,7.606592430886159,28.217811899224948,-0.3238700593602251
2116.3900000000003,0.0,7.815834248079056,27.98951432858232,27.9220275368839,28.356221175293765,28.537127966992177,-3.901471103327368,0.0590311026836269,0.0590311026836269,0.0590311026836269,-0.185154324238902,-1.1312777836300236,7.50577162119451,-0.9848938826468318,0.0307615480651827,-11.058526841448105,0.05,0.14,0.15,7.592804434268546,28.20122275193804,-0.1615936133346162
2116.4,0.0,7.790886638060106,27.93042144985121,27.78373581926555,28.16040397716044,28.38116240317818,-3.9,0.058504384925338,0.058504384925338,0.058504384925338,-0.182520804803531,-1.126537448646356,7.492604024017655,-0.7012265331666063,-0.3183729662077118,-10.986408010012733,0.05,0.14,0.15,7.579018111082354,28.063930912363844,-0.040942611704537224
2116.4100000000003,0.0,7.765939028041155,27.870917974180863,27.632852005958608,27.95320437437978,28.223903217477982,-3.9,0.0579776671670492,0.0579776671670492,0.0579776671670492,-0.1798872853681601,-1.1217971136626883,7.479436426840802,-0.3758197747186481,-0.4235043804755137,-10.510813516896484,0.05,0.14,0.15,7.56523347047612,27.920219392999307,0.007291520910158847
2116.42,0.0,7.740991418022204,27.835885694898344,27.681483538577293,27.98210325207321,28.12118335260153,-3.9,0.0574509494087603,0.0574509494087603,0.0574509494087603,-0.1772537659327893,-1.1170567786790209,7.466268829663947,-0.1479775280900012,-0.339513108615008,-10.04299625468251,0.05,0.14,0.15,7.551450521664136,27.905163959537592,0.004272897312910397
2116.4300000000003,0.0,7.716043808003254,27.802540633325147,27.7438710731336,28.02728043226916,28.022223815029463,-3.9,0.0569242316504715,0.0569242316504715,0.0569242316504715,-0.1746202464974184,-1.1123164436953532,7.453101232487092,-0.0880524344571937,0.0699750312091759,-9.58856429463372,0.05,0.14,0.15,7.537669273926955,27.898978988439342,-0.0869562522821352
2116.44,0.0,7.691096197984303,27.78455257371327,27.61774058970615,28.051977711144257,28.10186398800533,-3.8715513364977134,0.0563975138921827,0.0563975138921827,0.0563975138921827,-0.1719867270620474,-1.1075761087116855,7.439933635310238,-0.0682774161238672,0.3226890335504531,-9.225062593892146,0.05,0.14,0.15,7.523889736611977,27.889033715642253,-0.16160538343825218
2116.4500000000003,0.0,7.66614858796521,27.767441129435337,27.4808490354827,28.07550594702641,28.19169907046448,-3.841573819635219,0.0558707961338908,0.0558707961338908,0.0558707961338908,-0.1693532076266616,-1.102835773727991,7.426766038133309,-0.1183525287931081,0.3026589884827567,-9.019754631948258,0.05,0.14,0.15,7.51011191913396,27.87887379560223,-0.20740982498094962
2116.46,0.0,7.6412009779462595,27.71779433015573,27.617407606622635,27.974315153036013,28.21591932764669,-3.8684321080270414,0.055344078375602,0.055344078375602,0.055344078375602,-0.1667196881912907,-1.0980954387443234,7.413598440956454,-0.2326759860203112,0.1669046430364255,-9.000234648027082,0.05,0.14,0.15,7.4963358309759345,27.881359104365266,-0.23463979544030827
2116.4700000000003,0.0,7.616253367927309,27.66625393878595,27.769881264424896,27.86586557952877,28.236320732563897,-3.8984396099024914,0.0548173606173132,0.0548173606173132,0.0548173606173132,-0.1640861687559198,-1.0933551037606557,7.400430843779599,-0.4573389915116476,-0.1675936095840086,-9.29978532201553,0.05,0.14,0.15,7.482561481689335,27.884580378825877,-0.2299701307784218
2116.48,0.0,7.6,27.59624028698685,27.58566947055974,27.99372331519008,28.212098614547333,-3.9,0.0542906428590243,0.0542906428590243,0.0542906428590243,-0.1614526493205489,-1.0886147687769885,7.387263246602745,-0.7169754631927506,-0.339789684527492,-9.532038057084897,0.05,0.14,0.15,7.468788880894929,27.846932921821,-0.2641067944530044
2116.49,0.0,7.6,27.52529521029209,27.38448193963428,28.133495705096188,28.18562657100451,-3.9,0.0537639251007355,0.0537639251007355,0.0537639251007355,-0.158819129885178,-1.0838744337933206,7.37409564942589,-1.0374561842740702,-0.2296244366557883,-9.647210816223495,0.05,0.14,0.15,7.455018038283349,27.807224856506767,-0.3657558375640218
2116.5,0.0,7.6,27.57621342671316,27.31777657828933,27.939819659830626,28.20871670835409,-3.9,0.0532372073424467,0.0532372073424467,0.0532372073424467,-0.1561856104498071,-1.079134098809653,7.360928052249036,-1.24,-0.1434606741576538,-9.66854431960159,0.05,0.14,0.15,7.441248963615723,27.760631593296804,-0.43950508462597154
2116.51,0.0,7.6,27.63616340170092,27.261038209104484,27.72143046523236,28.23548009004505,-3.9,0.0527104895841548,0.0527104895841548,0.0527104895841548,-0.1535520910144212,-1.0743937638259584,7.347760455072106,-1.24,-0.0985168539326652,-9.528719101123848,0.05,0.14,0.15,7.427481666724224,27.713528041520703,-0.46533946455869124
2116.52,0.0,7.6,27.48958143071537,27.3579516258129,27.798371975987983,28.1594763681841,-3.8716554307116056,0.052183771825866,0.052183771825866,0.052183771825866,-0.1509185715790504,-1.0696534288422908,7.334592857895252,-1.203404255319321,0.0068510638294261,-9.430851063829827,0.05,0.14,0.15,7.413716157513017,27.70134535017509,-0.47881764580381264
2116.53,0.0,7.6,27.327930605302868,27.466075687843777,27.896861220610173,28.075974617308766,-3.8416928838951168,0.0516570540675772,0.0516570540675772,0.0516570540675772,-0.1482850521436794,-1.064913093858623,7.321425260718398,-1.1032790988737953,0.2171138923650299,-9.405819774718449,0.05,0.14,0.15,7.399952445958437,27.691710532766393,-0.47084573657768164
2116.54,0.0,7.6,27.28097116360907,27.27160066348398,27.780019808997658,27.93590044232265,-3.868319159579769,0.0511303363092883,0.0511303363092883,0.0511303363092883,-0.1456515327083085,-1.0601727588749554,7.308257663541543,-0.968347478782397,0.2158811782337174,-9.435931103344618,0.05,0.14,0.15,7.386190542109952,27.56712301960334,-0.4208478467803843
2116.55,0.0,7.6,27.24224786629826,27.055395586831963,27.6477152098524,27.79176372455464,-3.898334167083483,0.0506036185509995,0.0506036185509995,0.0506036185509995,-0.1430180132729377,-1.055432423891288,7.295090066364689,-0.7736395406899054,-0.1485721417855617,-9.56074388417314,0.05,0.14,0.15,7.372430456090742,27.434280596884314,-0.2986749033927832
2116.56,0.0,7.6,27.254161900723293,27.154987927163265,27.465980798205,27.59223706161243,-3.8716862353235952,0.0500769007927106,0.0500769007927106,0.0500769007927106,-0.1403844938375668,-1.0506920889076203,7.281922469187834,-0.5969954932407849,-0.4128993490229611,-9.738698047068883,0.05,0.14,0.15,7.358672198098359,27.366841921925996,-0.18493730327766317
2116.57,0.0,7.6,27.269108271389296,27.27349129458656,27.28128636068941,27.389393459716693,-3.84170871846127,0.0504270106752659,0.0504270106752659,0.0504270106752659,-0.1429890747268619,-1.049145978649468,7.27359483987101,-0.4517776665008119,-0.5030345518270822,-10.009103655481248,0.05,0.14,0.15,7.350260883438477,27.303319846595492,-0.0858748894040888
2116.58,0.0,7.5913690031385315,27.202449701380203,27.14557940276041,27.38801589460472,27.526279764115365,-3.84,0.0509270231755808,0.0509270231755808,0.0509270231755808,-0.1464891622290662,-1.0481459536488382,7.266094652366287,-0.3434606741573983,-0.3155855181037756,-10.156109862671798,0.05,0.14,0.15,7.342765181588402,27.31558119071518,-0.04674381825083515
2116.59,0.0,7.566459921287314,27.130489851944887,27.001659703889786,27.51367712421564,27.685235849435166,-3.84,0.0514270356758929,0.0514270356758929,0.0514270356758929,-0.1499892497312505,-1.047145928648214,7.2585944648616065,-0.2985168539326652,0.3485842696617252,-10.091191011236072,0.05,0.14,0.15,7.3352712953400045,27.33276563237137,-0.1105383139458656
2116.6000000000004,0.0,7.541550839436097,27.12966842262646,27.17465588337869,27.36796939446825,27.5695746723152,-3.811817726589821,0.0519270481762049,0.0519270481762049,0.0519270481762049,-0.1534893372334348,-1.04614590364759,7.251094277356925,-0.2809787234042037,0.6291063829793855,-10.011574468085287,0.05,0.14,0.15,7.3277792302635145,27.31046709319715,-0.14586743111182848
2116.61,0.0,7.516641757584879,27.13286802392225,27.36556542736069,27.20692279591361,27.438391019187907,-3.781772658988448,0.052427060676517,0.052427060676517,0.052427060676517,-0.1569894247356192,-1.045145878646966,7.243594089852245,-0.3110162703378614,0.2436245306641118,-9.906443053817483,0.05,0.14,0.15,7.320288991950654,27.285936816596113,-0.13178127419621014
2116.62,0.0,7.491732675733661,27.08488998253953,27.0739503068112,27.35180547268568,27.497757316038577,-3.808215892053962,0.052927073176829,0.052927073176829,0.052927073176829,-0.1604895122378035,-1.044145853646342,7.236093902347564,-0.4292359550553282,-0.1598801498113621,-9.772004993758388,0.05,0.14,0.15,7.3128005860146885,27.252100769518744,-0.14986956773443713
2116.63,0.0,7.466823593882443,27.033645283113383,26.75153573958837,27.51621555001123,27.56928637565424,-3.8382008995501664,0.0534270856771411,0.0534270856771411,0.0534270856771411,-0.1639895997399879,-1.0431458286457178,7.228593714842883,-0.6988988764029616,-0.5943370786492158,-9.587235955057231,0.05,0.14,0.15,7.30531401809052,27.217670737091805,-0.22321398270479986
2116.6400000000003,0.0,7.441914512031084,27.005296592444363,26.806871958969133,27.36754392794616,27.545851383537688,-3.783599999999782,0.053927098177456,0.053927098177456,0.053927098177456,-0.1674896872421921,-1.042145803645088,7.22109352733816,-0.8974468085105093,-0.6961702127667743,-9.51574468085085,0.05,0.14,0.15,7.29782929383475,27.181390965724333,-0.2901207086589384
2116.65,0.0,7.417005430179866,26.97852651488617,26.888252994746043,27.19728623467605,27.51586889667251,-3.7235999999997818,0.054427110677768,0.054427110677768,0.054427110677768,-0.1709897747443765,-1.0411457786444638,7.213593339833479,-0.9725406758446536,-0.2205757196505277,-9.640901126407757,0.05,0.14,0.15,7.290346418925938,27.144983660245195,-0.34585174738670393
2116.6600000000003,0.0,7.392096348328649,26.872726809785537,26.79827660509256,27.225602446330424,27.54501373939085,-3.6917999999999713,0.0549271231780801,0.0549271231780801,0.0549271231780801,-0.1744898622465608,-1.04014575364384,7.2060931523287985,-1.0567540574278993,0.1388064918846389,-9.758591760299296,0.05,0.14,0.15,7.2828653990644465,27.110404900149845,-0.3936909896106034
2116.67,0.0,7.367187266477432,26.76161347978076,26.696778851722804,27.267269945082216,27.578134058911505,-3.661800000000056,0.0554271356783921,0.0554271356783921,0.0554271356783921,-0.1779899497487452,-1.0391457286432155,7.198592964824117,-1.1566292134825784,0.2986067415721253,-9.863460674156707,0.05,0.14,0.15,7.275386239972712,27.07594908387432,-0.42797692914295193
2116.6800000000003,0.0,7.35,26.71970631235918,26.674546893958468,27.22241854600177,27.48211068438259,-3.631821134149476,0.0559271481787042,0.0559271481787042,0.0559271481787042,-0.1814900372509295,-1.0381457036425916,7.191092777319437,-1.1998723404259397,0.2481276595775436,-10.070893617018424,0.05,0.14,0.15,7.267908947395302,27.0246956091755,-0.4058572067938399
2116.69,0.0,7.35,26.682689516169702,26.65791615943856,27.17145339182785,27.3769615241922,-3.601843617287152,0.0564271606790162,0.0564271606790162,0.0564271606790162,-0.1849901247531139,-1.0371456786419675,7.183592589814756,-1.1448035043809004,-0.1673917396713876,-10.456375469333697,0.05,0.14,0.15,7.260433527099009,26.972255147907077,-0.2858184900126869
2116.7000000000003,0.0,7.35,26.645672719980016,26.64128542491856,27.12048823765365,27.27181236400121,-3.57185907046476,0.0569271731793311,0.0569271731793311,0.0569271731793311,-0.1884902122553181,-1.0361456536413376,7.176092402310032,-1.0273240139794542,-0.4189765351972605,-10.639370943584934,0.05,0.14,0.15,7.252959984872911,26.919814686638357,-0.19251157250945639
2116.71,0.0,7.35,26.608655923790543,26.624654690398646,27.069523083479734,27.166663203810817,-3.5418740629685552,0.0574271856796432,0.0574271856796432,0.0574271856796432,-0.1919902997575025,-1.0351456286407137,7.168592214805352,-0.8026610084874802,-0.3890214677983307,-10.47461807289082,0.05,0.14,0.15,7.245488326528644,26.867374225369936,-0.14511361463799594
2116.7200000000003,0.0,7.35,26.558374274354,26.55338165009958,26.929018658052044,27.02116841948346,-3.5118960779416133,0.0579271981799552,0.0579271981799552,0.0579271981799552,-0.1954903872596868,-1.0341456036400896,7.161092027300671,-0.6106386175808903,-0.2566516403709333,-10.377312797395424,0.05,0.14,0.15,7.238018557900242,26.765485750497273,-0.10911905056144403
2116.73,0.0,7.35,26.507320596421547,26.47892836978142,26.7833029522865,26.8733254771374,-3.481918561079288,0.0584272106802673,0.0584272106802673,0.0584272106802673,-0.1989904747618712,-1.0331455786394654,7.153591839795991,-0.4754019534188196,0.0538918106678956,-10.397347858752768,0.05,0.14,0.15,7.230550684844413,26.660719348906717,-0.09296326747058382
2116.74,0.0,7.35,26.505883397350985,26.522202668873994,26.66048635099379,26.891187562913807,-3.48,0.0589272231805793,0.0589272231805793,0.0589272231805793,-0.2024905622640555,-1.0321455536388413,7.146091652291309,-0.3366342072415891,0.2352784019976797,-10.246222222224189,0.05,0.14,0.15,7.2230847132405955,26.64493999503314,-0.0880947051243533
2116.75,0.0,7.35,26.50800922516555,26.57393114569508,26.53931416556358,26.92094915231772,-3.48,0.0594272356808914,0.0594272356808914,0.0594272356808914,-0.2059906497662399,-1.0311455286382172,7.138591464786629,-0.1918152309623045,0.1953283395758081,-9.801777777780863,0.05,0.14,0.15,7.215620648991063,26.635550922185484,-0.10256910044526209
2116.76,0.0,7.35,26.51013505298013,26.62565962251645,26.418141980132685,26.9507107417218,-3.48,0.0599272481812063,0.0599272481812063,0.0599272481812063,-0.2094907372684441,-1.0301455036375875,7.1310912772819055,-0.1659459459454507,0.0948948948954588,-9.421081081081825,0.05,0.14,0.15,7.208158498020981,26.62616184933777,-0.14105236981319547
2116.77,0.0,7.35,26.47497451256294,26.462268934673965,26.56665469346677,26.939554532663365,-3.376277409484558,0.06,0.06,0.06,-0.2087181859092916,-1.0278636431821526,7.119745487274333,-0.3461261261256883,-0.1103103103098117,-9.150810810811468,0.05,0.14,0.15,7.196585492695003,26.610863168341762,-0.22112478165632063
2116.78,0.0,7.345401667582037,26.43626094472379,26.278379487438016,26.740865748742934,26.924499256281475,-3.253890872003793,0.06,0.06,0.06,-0.2072181109055428,-1.0253635181759049,7.107744887244343,-0.5151310861420055,-0.2583770287140018,-8.9744868913858,0.05,0.14,0.15,7.18431256781339,26.595001359296553,-0.28916808856486315
2116.79,0.0,7.330423386090214,26.37194083646404,26.29488958176798,26.746365269221165,26.90948922113704,-3.1862998485612644,0.06,0.06,0.06,-0.2057180359017941,-1.022863393169657,7.0957442872143535,-0.6649438202244493,-0.3083146067414831,-8.959505617977555,0.05,0.14,0.15,7.172039906534051,26.58067122714756,-0.3365527152594682
2116.8,0.0,7.31544510459839,26.305484537941545,26.328117731029227,26.7377902629602,26.894482960180348,-3.125724381625449,0.06,0.06,0.06,-0.2042179608980454,-1.0203632681634092,7.083743687184364,-0.8240585878814812,-0.3271882824237038,-9.116552328491853,0.05,0.14,0.15,7.159767510212521,26.56646887302783,-0.3642568047587297
2116.81,0.0,7.300466823106566,26.234046107214724,26.28585962424869,26.69047294088197,26.882453241483017,-3.0384030037547403,0.06,0.06,0.06,-0.2027178858942967,-1.0178631431571612,7.071743087154374,-0.999321482222828,-0.2921357035554344,-9.572235853779352,0.05,0.14,0.15,7.147495380213611,26.5232079784571,-0.35779591245079123
2116.82,0.0,7.285488541614742,26.16221243988021,26.23761313126283,26.64008215931896,26.87065965430869,-2.948290362953767,0.06,0.06,0.06,-0.201217810890548,-1.0153630181509132,7.059742487124384,-1.0787244133802858,-0.2791987019469748,-9.931749875186403,0.05,0.1443317732708736,0.15,7.135223517911496,26.477641846192675,-0.33139785700401514
2116.83,0.0,7.270510260122834,26.11954862963872,26.102893170022195,26.53612301236992,26.758757754062884,-2.8054482588290504,0.06,0.06,0.06,-0.1997177358867907,-1.0128628931446513,7.047741887094326,-0.9938517224164096,-0.3041612581128208,-10.126457813280002,0.05,0.15,0.15,7.12295192468972,26.37933064152343,-0.2708334012248335
2116.84,0.0,7.25553197863101,26.079063545961866,25.96171441668752,26.428162789231628,26.639378661169587,-2.657263521857425,0.06,0.06,0.06,-0.198217660883042,-1.0103627681384033,7.0357412870643365,-0.950981472208254,-0.1992038057092068,-10.182280921382434,0.05,0.15,0.15,7.110680601941559,26.27707985326265,-0.2589023892488945
2116.8500000000004,0.0,7.240553697139187,26.050196137861253,25.91400081094796,26.37726037506356,26.652959189052044,-2.562158590308488,0.06,0.06,0.06,-0.1967175858792933,-1.0078626431321556,7.023740687034347,-0.9810265398096276,0.131291937905904,-9.997003004507295,0.05,0.15,0.15,7.098409551069678,26.248604128231204,-0.33139797123506903
2116.86,0.0,7.225575415647363,26.02308007095806,25.880376887988,26.33495931069457,26.68658311201201,-2.474052863436218,0.06,0.06,0.06,-0.1952175108755446,-1.0053625181259076,7.011740087004357,-0.9485899352273232,0.2592127553572224,-9.92222969606327,0.05,0.15,0.15,7.086138773486502,26.23124984541316,-0.3451228813653544
2116.87,0.0,7.210597134155539,25.96611141704525,25.833367745839933,26.37697307110407,26.581782834090497,-2.4090734662965487,0.06,0.06,0.06,-0.1937174358717958,-1.00286239311966,6.999739486974367,-0.8090782262092403,0.0399800697573776,-10.036828599899552,0.05,0.15,0.15,7.07386827061422,26.18955876701994,-0.2581322439310531
2116.88,0.0,7.2,25.905677730711503,25.78480496217889,26.428773373675853,26.460915461423014,-2.348482706387549,0.06,0.06,0.06,-0.1922173608680471,-1.000362268113412,6.987738886944378,-0.7073030607127982,-0.205203211236814,-10.226086302054416,0.05,0.145681098204907,0.15,7.061598043884878,26.145042881997313,-0.16981708425583775
2116.8900000000003,0.0,7.2,25.95252186666661,25.80515635220124,26.20226228930841,26.359959023899464,-2.313565573770488,0.06,0.06,0.06,-0.1907172858642899,-0.9978621431071498,6.97573828691432,-0.6721801304567139,-0.4962217762157996,-10.54721023582433,0.05,0.14,0.15,7.049328094740389,26.07997488301893,-0.07916248488203051
2116.9,0.0,7.2,26.00958853333335,25.83207459119497,25.949230842767207,26.26089990440248,-2.2828278688524835,0.06,0.06,0.06,-0.1892172108605411,-0.995362018100902,6.96373768688433,-0.6481598002497048,-0.6027116104875994,-10.61014481897756,0.05,0.14,0.15,7.037058424632899,26.012948467924502,-0.05049835019984435
2116.9100000000003,0.0,7.2,25.877933117956573,25.7150374755824,26.01370976709232,26.267408294515388,-2.28,0.06,0.06,0.06,-0.1877171358567924,-0.992861893094654,6.95173708685434,-0.6431660424469566,-0.392973782772178,-10.230619225968702,0.05,0.14,0.15,7.024789035024457,25.96852216378667,-0.12806753560726586
2116.92,0.0,7.2,25.73108613573792,25.58641238166825,26.103747332832224,26.28241455547204,-2.28,0.06,0.06,0.06,-0.1862170608530437,-0.9903617680884064,6.939736486824351,-0.6180125156447347,-0.0401251564473468,-9.819596996246696,0.05,0.14,0.15,7.012519927387382,25.92591510142761,-0.21851451155497012
2116.9300000000003,0.0,7.2,25.65739006464466,25.624732451516504,25.919341601194056,26.175723391347937,-2.28,0.06,0.06,0.06,-0.184716985849295,-0.9878616430821584,6.927735886794361,-0.5579374217774193,0.5606257822258068,-9.354015018775,0.05,0.14,0.15,7.000251103204276,25.844296877175786,-0.3312689170180859
2116.94,0.0,7.2,25.589284644455724,25.675811516658207,25.713961193436784,26.05973134758865,-2.28,0.06,0.06,0.06,-0.1832169108455463,-0.9853615180759104,6.915735286764371,-0.5365659340657248,0.8387637362650148,-9.019505494506006,0.05,0.1443694400836506,0.15,6.987982563968125,25.759697175534843,-0.40363796055697476
2116.9500000000003,0.0,7.2,25.530553565217392,25.49114034782609,25.84042556521739,26.097672173913043,-2.28,0.06,0.06,0.06,-0.181716835841789,-0.9828613930696484,6.903734686734313,-0.5815209790208834,0.5640384615390458,-8.909615384615618,0.05,0.15,0.15,6.975714311182309,25.739947913043476,-0.4067984394947111
2116.96,0.0,7.2,25.47265984541077,25.285410879227573,25.996531845410235,26.14936299516895,-2.28,0.06,0.06,0.06,-0.1802167608380403,-0.9803612680634004,6.891734086704323,-0.6375219023776539,0.1202853566989912,-8.990453066331176,0.05,0.15,0.15,6.963446346360982,25.725991391304383,-0.36722773026446265
2116.9700000000003,0.0,7.2,25.513784817025577,25.38319094212272,25.838458307812523,26.14403231248381,-2.305996400102869,0.06,0.06,0.06,-0.182138803470087,-0.9787167179179478,6.879305982649566,-0.7126157697117982,-0.6156345431756222,-9.400966207757827,0.05,0.15,0.15,6.950964807893916,25.71986659486116,-0.25379560846971844
2116.98,0.0,7.192603256552868,25.572658422008768,25.535373656890595,25.624069519854856,26.128480794186363,-2.33685266135258,0.06,0.06,0.06,-0.1846388659716472,-0.9772166804170116,6.866805670141764,-0.7286741573037644,-1.0026067415740063,-9.796359550560084,0.05,0.15,0.15,6.93844824602761,25.715145598235143,-0.15911126685449156
2116.99,0.0,7.167781969817378,25.494641516587983,25.51682246445509,25.71742464454935,26.044621516587984,-2.34,0.06,0.06,0.06,-0.1871389284732075,-0.9757166429160756,6.8543053576339625,-0.6437802746570462,-0.7928689138585849,-10.165897627963446,0.05,0.15,0.15,6.925932852800637,25.6933775355451,-0.09648613741681873
2117.0,0.0,7.142960683081888,25.40496329259223,25.48372692940904,25.836995609877025,25.95494329259223,-2.34,0.06,0.06,0.06,-0.1896389909747677,-0.9742166054151392,6.841805045126161,-0.588165665665691,-0.375678178182098,-10.431183683683257,0.05,0.15,0.15,6.913418634559773,25.670157281117632,-0.08104263162411611
2117.01,0.0,7.118139396346257,25.44628072107186,25.4494289451888,25.69681346650427,25.963753573690617,-2.3132930513594467,0.06,0.06,0.06,-0.1921390534763422,-0.9727165679141948,6.829304732618289,-0.5831606606606701,0.4000975975961277,-10.516268768768608,0.05,0.15,0.15,6.900905597697169,25.639069176613887,-0.1471531737980114
2117.02,0.0,7.093318109610768,25.499454898903817,25.415022124238707,25.53312040925687,25.98147829963461,-2.283081570996928,0.06,0.06,0.06,-0.1946391159779025,-0.9712165304132584,6.816804420110488,-0.6536263736256528,0.729862637364205,-10.525824175824608,0.05,0.15,0.15,6.8883937486510245,25.6072689330085,-0.20366101464950043
2117.03,0.0,7.068496822875278,25.41817823605047,25.269550311134083,25.596567513499544,25.949628994600182,-2.3067593742240367,0.06,0.06,0.06,-0.1971391784794627,-0.9697164929123224,6.804304107602687,-0.8534265734257891,0.2952972027989087,-10.405944055944529,0.05,0.15,0.15,6.8758830939055775,25.558481263821065,-0.24371266585389822
2117.04,0.0,7.043675536139788,25.31582801748548,25.10667039341775,25.695616112110827,25.910009555155668,-2.3365582319344904,0.06,0.06,0.06,-0.199639240981023,-0.9682164554113862,6.791803795094886,-1.007521902377654,-0.2130187734641368,-10.296973717146816,0.05,0.15,0.15,6.86337363999179,25.50703101954243,-0.2590957990852961
2117.05,0.0,7.018854249404297,25.264829424265084,25.07709955028424,25.62181071905152,25.79008388435932,-2.314029850746272,0.06,0.06,0.06,-0.2021393034825832,-0.96671641791045,6.779303482587085,-1.0826157697117982,-0.8488135168932244,-10.206861076345842,0.05,0.15,0.15,6.850865393487702,25.43845589449004,-0.23183907928484254
2117.06,0.0,6.994032962668808,25.21829618977047,25.05912080059313,25.53297454410725,25.66317506301037,-2.284668460973878,0.06,0.06,0.06,-0.2046393659841435,-0.965216380409514,6.7668031700792834,-1.0802471910118612,-1.069415730339348,-10.109460674157813,0.05,0.15,0.15,6.83835836101884,25.368391649370306,-0.22284508881740037
2117.07,0.0,6.969211675933318,25.15224594647717,25.073275060152124,25.274133474099227,25.54452901546836,-2.22809976857828,0.06,0.06,0.06,-0.2071394284857037,-0.9637163429085778,6.754302857571481,-0.9454157303376618,-0.5800274656700315,-9.999598002497354,0.05,0.15,0.15,6.825852549258645,25.26104587404922,-0.24508086043495947
2117.08,0.0,6.95,25.08394248465499,25.09113904247485,24.99566551436265,25.42683689663629,-2.166387246078688,0.06,0.06,0.06,-0.2096394909872782,-0.9622163054076333,6.741802545063609,-0.8067909887358619,-0.1030337922401182,-9.898808510638265,0.05,0.15,0.15,6.813347964928834,25.149395984532195,-0.2633808161812448
2117.09,0.0,6.95,25.035484948453643,24.993082061855752,25.07810845360815,25.42364123711339,-2.16,0.06,0.06,0.06,-0.2121395534888384,-0.960716267906697,6.729302232555808,-0.661609511890263,0.3525356695857268,-9.813702127659807,0.05,0.15,0.15,6.8008446148001065,25.13257917525773,-0.27487766318384327
2117.1000000000004,0.0,6.95,24.990258144330014,24.876154226804427,25.21930432989654,25.43908453608244,-2.16,0.06,0.06,0.06,-0.2146396159903987,-0.9592162304057608,6.716801920048007,-0.5128764044950999,0.5626067415740063,-9.76737078651676,0.05,0.15,0.15,6.788342505692162,25.131200309278356,-0.253785826346655
2117.11,0.0,6.95,24.92565294029502,24.91598311266531,25.17059660254832,25.29473798651069,-2.1065528496109054,0.06,0.06,0.06,-0.2171396784919589,-0.9577161929048248,6.704301607540206,-0.3580699126099079,0.3528689138585849,-9.787345817727754,0.05,0.15,0.15,6.775841644474426,25.076742660504834,-0.17696645698013194
2117.12,0.0,6.95,24.8593626580068,24.969443017736456,25.105375518361527,25.136496667500094,-2.046296761235442,0.06,0.06,0.06,-0.2196397409935192,-0.9562161554038884,6.691801295032405,-0.2856871088858104,0.060372966209607,-9.638538172717764,0.05,0.15,0.15,6.763342038066423,25.01766946540122,-0.1447644389666581
2117.13,0.0,6.95,24.84345903351149,24.970936100048583,25.155428732393965,25.19519749878529,-2.04,0.06,0.06,0.06,-0.2221398034950794,-0.9547161179029524,6.679300982524604,-0.3557747183976782,-0.3751714643284293,-9.197987484357451,0.05,0.15,0.15,6.750843693438226,25.04125534118483,-0.18968409102865236
2117.1400000000003,0.0,6.95,24.832026299174395,24.967818081593016,25.21571042253501,25.27314796017459,-2.04,0.06,0.06,0.06,-0.2246398659966539,-0.9532160804020076,6.666800670016731,-0.3834198701946975,-0.6002596105840925,-8.888681977034429,0.05,0.15,0.15,6.738346617610843,25.07217569086925,-0.22237227007991855
2117.15,0.0,6.95,24.83042,24.88398704533897,25.22699099847172,25.276604004075413,-2.092336085478367,0.06,0.06,0.06,-0.2271399284982141,-0.9517160429010716,6.65430035750893,-0.3384872690964302,-0.4654618072892906,-8.803809286071035,0.05,0.15,0.15,6.72585081765697,25.054500511971526,-0.2341442988059981
2117.1600000000003,0.0,6.95,24.83042,24.786962083545635,25.23026150280183,25.26788265919512,-2.150616804273769,0.06,0.06,0.06,-0.2296399909997744,-0.9502160054001354,6.641800045001128,-0.363149724586414,-0.2993590385585442,-8.803149724586413,0.05,0.15,0.15,6.71335630070101,25.028881561385646,-0.25979822422029974
2117.17,0.0,6.95,24.78967288495588,24.74975525663725,25.21119661188375,25.18548576991176,-2.1081164648287456,0.06,0.06,0.06,-0.2292218358673675,-0.9492218358673676,6.630662030408411,-0.508367551326387,-0.0790285428151369,-8.948367551326388,0.05,0.15,0.15,6.7021820107503505,24.984027630847162,-0.3094989324226926
2117.1800000000003,0.0,6.943769976028882,24.74422155752238,24.719454371681586,25.189553122629704,25.09458311504476,-2.046276732800812,0.06,0.06,0.06,-0.2283127656189647,-0.9483127656189648,6.619753187427578,-0.673707865167613,0.0581573033708096,-9.185573033706037,0.05,0.15,0.15,6.691229788524531,24.936953041719608,-0.3433901995642315
2117.19,0.0,6.918799940072054,24.68995374423718,24.6339621839365,25.084718573162554,25.15880432419267,-2.066928071927998,0.06,0.06,0.06,-0.2274036953705619,-0.947403695370562,6.608844344446744,-0.8734581772775382,0.0531635455680615,-9.580079900123138,0.05,0.15,0.15,6.68027767175854,24.891859706382224,-0.3502468940510208
2117.2000000000003,0.0,6.893829904115084,24.634908852220388,24.543605474399502,24.972551623392484,25.23669803931077,-2.096898101898104,0.06,0.06,0.06,-0.226494625122154,-0.946494625122154,6.597935501465848,-1.0825657071340076,-0.0160525657072059,-10.004305381727349,0.05,0.15,0.15,6.66932566097186,24.846940997330783,-0.3490702785406404
2117.21,0.0,6.868859868158256,24.590186798969185,24.42475542268073,24.95668,25.22972690206191,-2.126921921921922,0.06,0.06,0.06,-0.2255855548737512,-0.9455855548737512,6.587026658485015,-1.307847309135799,-0.1962778473086391,-10.479899874842245,0.05,0.15,0.15,6.6583737566875785,24.800337280927955,-0.33400798258493347
2117.2200000000003,0.0,6.843889832201428,24.547166180412564,24.301209030928387,24.95668,25.20876813917535,-2.1569519519519624,0.06,0.06,0.06,-0.2246764846253484,-0.9446764846253484,6.5761178155041815,-1.4352584269664774,-0.3579101123589485,-10.873977528088709,0.05,0.15,0.15,6.647421959432032,24.753455837629073,-0.30034886407227335
2117.23,0.0,6.818919796244599,24.45534092860745,24.38240304043897,24.73980761358052,25.00687010484356,-2.10618417768909,0.06,0.06,0.06,-0.2237674143769456,-0.9437674143769456,6.565208972523348,-1.3953083645444924,-0.4877478152303998,-11.128659176028862,0.05,0.15,0.15,6.636470269735092,24.646105421867624,-0.23488867500764213
2117.24,0.0,6.793949760287772,24.359185162256885,24.481763999001217,24.50369178731969,24.78891703444894,-2.0462889942601663,0.06,0.06,0.06,-0.2228583441285428,-0.9428583441285427,6.554300129542514,-1.2653905858800951,-0.4378617926906463,-11.229436654983214,0.05,0.15,0.15,6.625518688130127,24.533389495756683,-0.18119552495002786
2117.25,0.0,6.768979724330944,24.30730520333355,24.38567093333384,24.43998520333355,24.703235163333662,-2.0039839034206097,0.06,0.06,0.06,-0.22194927388014,-0.94194927388014,6.543391286561681,-0.9799624436670448,-0.0773209814741617,-11.06418878317566,0.05,0.15,0.15,6.6145672151540325,24.45904912583365,-0.14784185432236674
2117.26,0.0,6.744009688373973,24.25951187000004,24.27153760000008,24.39219187000004,24.62976183000005,-1.9637424547282272,0.06,0.06,0.06,-0.221040203631732,-0.941040203631732,6.532482443580785,-0.6671460674158074,0.1223220973782932,-10.867740324594312,0.05,0.15,0.15,6.603615851347199,24.388250792500052,-0.09328179812952239
2117.27,0.0,6.719039652417146,24.21171853666679,24.15740426666696,24.34439853666679,24.55628849666686,-1.923501006036073,0.06,0.06,0.06,-0.2201311333833293,-0.9401311333833292,6.521573600599952,-0.3075955056179422,0.0474157303370713,-10.618052434456905,0.05,0.15,0.15,6.59266459725379,24.31745245916685,-0.00253601501197577
2117.28,0.0,6.7,24.1943813915152,24.119262981818284,24.385005328484684,24.53868119272732,-1.92,0.06,0.06,0.06,-0.2192220631349264,-0.9392220631349264,6.510664757619118,-0.0561151439299685,-0.0918648310385823,-10.37180976220296,0.05,0.15,0.15,6.5817134534213935,24.309332723636373,0.059132919803050146
2117.29,0.0,6.7,24.17985533090915,24.08813570909104,24.433771389090712,24.526230283636416,-1.92,0.06,0.06,0.06,-0.2183129928865237,-0.9383129928865236,6.499755914638285,0.0089662077594378,-0.342177722151684,-10.131509386734384,0.05,0.15,0.15,6.570762420401311,24.30699817818183,0.07065023343150445
2117.3,0.0,6.7,24.10769109974458,24.106902966751804,24.44934346803065,24.47024431713581,-1.92,0.06,0.06,0.06,-0.2174039226381209,-0.937403922638121,6.488847071657451,0.0186317103625482,-0.3837528089906198,-9.799171036207632,0.05,0.1456289308176634,0.15,6.559811498748517,24.28354546291571,0.027923594723927973
2117.31,0.0,6.7,24.02559391304381,24.13426869565206,24.459195130434743,24.406755826087213,-1.92,0.06,0.06,0.06,-0.2164948523897181,-0.9364948523897182,6.477938228676618,-0.0662621722841699,-0.0691460674174878,-9.309782771538314,0.05,0.14,0.15,6.54886068902169,24.25645339130446,-0.10736275155807373
2117.32,0.0,6.7,24.062721682619355,24.139964362720384,24.316918105794368,24.462239738034867,-1.92,0.06,0.06,0.06,-0.2155857821413153,-0.9355857821413154,6.467029385695784,-0.2136786786770665,0.1208158158159738,-8.990815815815974,0.05,0.1443592436973956,0.15,6.537909991783249,24.245460972292243,-0.2248930744318154
2117.33,0.0,6.7,24.113391707808464,24.14319861964735,24.15736143073079,24.53123721914344,-1.92,0.06,0.06,0.06,-0.2146767118929073,-0.9346767118929074,6.456120542714888,-0.4689339339331279,0.0957907907908698,-8.965790790790871,0.05,0.15,0.15,6.52695940759932,24.23629724433251,-0.31179788554123034
2117.34,0.0,6.7,24.057142963861523,23.99752400679179,24.304600252242828,24.49459052146513,-1.947264551586316,0.06,0.06,0.06,-0.2137676416445045,-0.9337676416445048,6.445211699734055,-0.7175805279716596,-0.0665633325240017,-8.978597723419318,0.05,0.15,0.15,6.516008937040015,24.213464436090316,-0.3764779624535382
2117.3500000000004,0.0,6.7,23.990705903468733,23.83765983022164,24.481073693911178,24.44787696337645,-1.9772420684486405,0.06,0.06,0.06,-0.2128585713961017,-0.9328585713961018,6.434302856753222,-0.9549261322339564,-0.4637539355751922,-9.05609832889272,0.05,0.15,0.15,6.505058580679089,24.189329097744498,-0.4031531415925421
2117.36,0.0,6.7,23.9103755761799,23.858077705593928,24.38608119102943,24.38081035834018,-1.98,0.06,0.06,0.06,-0.2119495011476989,-0.931949501147699,6.423394013772388,-1.1341627906973637,-0.6597441860482735,-9.163503875967818,0.05,0.15,0.15,6.4941083390942245,24.133836207785862,-0.42670996045641907
2117.37,0.0,6.7,23.827622289250243,23.909936432069845,24.243745537510424,24.31019422016021,-1.98,0.06,0.06,0.06,-0.2110404308992961,-0.9310404308992962,6.412485170791554,-1.1806744186043594,-0.3961782945752968,-9.339214470283135,0.05,0.15,0.15,6.483158212867004,24.07287461974768,-0.443144219151428
2117.38,0.0,6.694079078580045,23.76865924056992,23.827715328504205,24.177589023232937,24.32348217336984,-1.9526086956523183,0.06,0.06,0.06,-0.2101313606508933,-0.9301313606508934,6.401576327810721,-1.1749325674331492,-0.1100324675344583,-9.619800199797384,0.05,0.15,0.15,6.472208202582939,24.024361441419227,-0.42850701208343117
2117.3900000000003,0.0,6.6691488831271935,23.711991741194183,23.732556697477023,24.118783127654343,24.34486613539842,-1.9226236881559435,0.06,0.06,0.06,-0.2104752777777809,-0.929524722222219,6.389068611111037,-1.0800274725275452,0.2146428571426087,-10.079340659340309,0.05,0.15,0.15,6.459761123235305,23.97704942543099,-0.360850700376131
2117.4,0.0,6.644218687674483,23.74661718166369,23.615345335920832,24.115410341983985,24.283453543536485,-1.8927476356396475,0.06,0.06,0.06,-0.211030833333336,-0.928969166666664,6.376290833333272,-1.0144819819820103,0.3022822822828892,-10.36264264264268,0.05,0.15,0.15,6.447061541236025,23.940206600776246,-0.3050777605416894
2117.4100000000003,0.0,6.619288492221773,23.790216502546468,23.49596624302753,24.11748650012126,24.21390224593778,-1.8628820308611511,0.06,0.06,0.06,-0.211586388888891,-0.928413611111109,6.363513055555506,-0.9994669669670332,-0.0180380380366219,-10.342622622622711,0.05,0.15,0.15,6.434362364794572,23.90439287290826,-0.26975715461029764
2117.42,0.0,6.594358296769062,23.70553793951872,23.47607750896977,24.01908797539779,24.20526249103023,-1.86,0.06,0.06,0.06,-0.212141944444446,-0.927858055555554,6.350735277777741,-0.8922047440714738,-0.31225967540427,-10.296786516854462,0.05,0.15,0.15,6.4216635963169795,23.851491478729127,-0.210078923370561
2117.4300000000003,0.0,6.569428101316353,23.598044346489424,23.47388376217325,23.90281939518244,24.207456237826747,-1.86,0.06,0.06,0.06,-0.2126975000000011,-0.9273024999999988,6.337957499999975,-0.6275355805258231,-0.5619475655416762,-10.206898876404995,0.05,0.15,0.15,6.4089652382282765,23.795550935417968,-0.10883781592701344
2117.44,0.0,6.5444979058636426,23.54094718679693,23.4842321030257,23.821760780195405,24.03660415103864,-1.86,0.06,0.06,0.06,-0.2132530555555561,-0.926746944444444,6.3251797222222095,-0.4397897371717674,-0.6354843554455728,-10.177559449311229,0.05,0.15,0.15,6.396267292972669,23.72088605526417,-0.042582624017921115
2117.4500000000003,0.0,6.51956771041079,23.489574343585872,23.49600504626157,23.74470151537881,23.84609652413095,-1.86,0.06,0.06,0.06,-0.2138086111111143,-0.9261913888888856,6.312401944444371,-0.3847209011264153,-0.4051964956195548,-10.252653316645798,0.05,0.15,0.15,6.383569763013659,23.6440943573393,-0.03667098669687306
2117.46,0.0,6.494637514958081,23.468403236514536,23.389257188186573,23.66835978032713,23.768564744935368,-1.8054463615902945,0.06,0.06,0.06,-0.2143641666666693,-0.9256358333333308,6.2996241666666055,-0.309405742821612,-0.2157153558053948,-10.237263420724313,0.05,0.15,0.15,6.3708726508345235,23.573646237490898,-0.03341069355221998
2117.4700000000003,0.0,6.46970731950537,23.45064390041497,23.269120502807183,23.592099101781947,23.703795401513435,-1.7454313578393943,0.06,0.06,0.06,-0.2149197222222243,-0.9250802777777756,6.286846388888839,-0.199543071161465,-0.09586516853978,-10.067475655431355,0.05,0.15,0.15,6.358175958938076,23.503914726629386,-0.034674547912841455
2117.48,0.0,6.45,23.42726674948247,23.32547939958568,23.64656579710124,23.71761778467901,-1.767271364317829,0.06,0.06,0.06,-0.2154752777777794,-0.9245247222222206,6.2740686111110735,-0.1722684026032452,0.0682123184763379,-9.873625438158587,0.05,0.15,0.15,6.345479689847153,23.5292324327121,-0.07191357715200325
2117.49,0.0,6.45,23.40289821946178,23.412984575569062,23.72410202898525,23.74530929606616,-1.7972563718140335,0.06,0.06,0.06,-0.2160308333333344,-0.9239691666666656,6.261290833333308,-0.2874411617418445,0.3085728592873276,-9.638272408614492,0.05,0.15,0.15,6.3327838461047365,23.571323530020564,-0.17120243118311282
2117.5,0.0,6.45,23.2726727354268,23.38100663677154,23.68934896861012,23.730939820627903,-1.8271261507837304,0.06,0.06,0.06,-0.2165863888888894,-0.9234136111111104,6.248513055555542,-0.4209737827703556,0.3435955056202303,-9.471523096130197,0.05,0.1456230366492494,0.15,6.320088430274156,23.518492040359092,-0.24492271589101092
2117.51,0.0,6.45,23.13299161933269,23.338355914300056,23.644565710015065,23.712813263577523,-1.856984324458962,0.06,0.06,0.06,-0.2171419444444476,-0.9228580555555524,6.235735277777704,-0.5857677902619806,0.02898876404531,-9.42158551810243,0.05,0.14,0.15,6.307393444939223,23.45718162680633,-0.27510732850684894
2117.52,0.0,6.45,23.13662893575752,23.260831941818456,23.543221153939754,23.724433241212072,-1.86,0.06,0.06,0.06,-0.2176975000000026,-0.9223024999999974,6.222957499999938,-0.7672715894866313,-0.2803879849809017,-9.426795994993634,0.05,0.14,0.15,6.294698892704717,23.41627881818195,-0.3031012209053885
2117.53,0.0,6.45,23.15426772363629,23.1799010327276,23.436350850909523,23.738959301818124,-1.86,0.06,0.06,0.06,-0.2182530555555577,-0.9217469444444424,6.210179722222173,-0.9775344180222352,-0.5807634543174786,-9.52692115143916,0.05,0.14,0.15,6.2820047761961675,23.377369727272885,-0.3273246900730754
2117.54,0.0,6.45,23.148576586489305,23.11838878710368,23.515874621289072,23.687262446264405,-1.86,0.06,0.06,0.06,-0.2188086111111127,-0.9211913888888872,6.197401944444407,-1.1044569288389892,-0.6332709113617326,-9.626953807740072,0.05,0.14,0.15,6.269311098060355,23.367525610286613,-0.34934905121733967
2117.55,0.0,6.45,23.1387198822928,23.0603437512798,23.62867912487133,23.62374146366469,-1.86,0.06,0.06,0.06,-0.2193641666666677,-0.9206358333333324,6.184624166666642,-1.0894756554307874,-0.2637328339594202,-9.726828963794752,0.05,0.14,0.15,6.2566178609654415,23.362871055527155,-0.3676289851865618
2117.56,0.0,6.45,23.032407008073424,22.95474185166572,23.45417919778139,23.592894818365465,-1.86,0.06,0.06,0.06,-0.2199197222222228,-0.9200802777777772,6.171846388888875,-1.0579224030041612,0.0693491864812748,-9.81207759699584,0.05,0.14,0.15,6.243925067601194,23.2585557189715,-0.3787664465003456
2117.57,0.0,6.45,22.914717805247324,22.84353095358233,23.245793728557192,23.56590188193746,-1.86,0.06,0.06,0.06,-0.2174333074980453,-0.9178610895817044,6.1580221016575445,-0.9978473091365044,0.3396871088857307,-9.872152690863496,0.05,0.14,0.15,6.22984609982305,23.142486092331076,-0.3776110807265202
2117.58,0.0,6.445162258112897,22.912961798298888,22.88694896719308,23.23799997569864,23.5474054921021,-1.86,0.06,0.06,0.06,-0.2144330824811721,-0.9153609020676436,6.144021051578803,-0.8528339575534862,0.4527215980027254,-10.015318352059506,0.05,0.1443792561550144,0.15,6.215533911912956,23.14632905832318,-0.318999976527767
2117.59,0.0,6.420161008050411,22.922322673147,22.945194410692395,23.24944104495744,23.52972383961124,-1.86,0.06,0.06,0.06,-0.211432857464299,-0.9128607145535824,6.130020001500062,-0.563196004994095,0.2979151061175334,-10.299962546816149,0.05,0.15,0.15,6.201222762986475,23.16167049210202,-0.16255883122643114
2117.6000000000004,0.0,6.395159757987925,22.89198881304144,22.853905970453923,23.17093993886951,23.46470971981694,-1.832863568215904,0.06,0.06,0.06,-0.2084326324474258,-0.9103605270395216,6.116018951421321,-0.4407133917393231,0.0528160200258832,-10.318097622028471,0.05,0.1456325459318029,0.15,6.186912660253529,23.09538611054545,-0.09319592241715188
2117.61,0.0,6.37015850792544,22.854923097300265,22.73725798268025,23.07718548140656,23.39166845644464,-1.8028785607197,0.06,0.06,0.06,-0.2054324074305527,-0.9078603395254606,6.102017901342579,-0.6059198998739702,-0.3476846057550795,-9.877546933669413,0.05,0.14,0.15,6.172603610990365,23.015258754457932,-0.17370235940774942
2117.62,0.0,6.345157257862954,22.7969041940378,22.71404975240028,23.040052097018904,23.3297641940378,-1.8,0.06,0.06,0.06,-0.2024321824136795,-0.9053601520113996,6.088016851263838,-0.6767415730343515,-0.6258676654177265,-9.727490636701653,0.05,0.14,0.15,6.158295622540325,22.970192559373693,-0.1912685054976065
2117.63,0.0,6.320156007800469,22.73634835775691,22.702154855987963,23.00977417887845,23.26920835775691,-1.8,0.06,0.06,0.06,-0.1994319573968064,-0.9028599644973389,6.074015801185096,-0.5868539325848853,-0.6957802746562004,-10.072059925091274,0.05,0.14,0.15,6.143988702314603,22.92937143759506,-0.10166604815853318
2117.6400000000003,0.0,6.295154757737841,22.68651337054125,22.70112,22.881974147052023,23.15773867022596,-1.7728717820544009,0.06,0.06,0.06,-0.1964317323799162,-0.9003597769832635,6.060014751106276,-0.5263204005006367,-0.6148936170216448,-10.264242803504455,0.05,0.1443644957982824,0.15,6.129682857792953,22.85683654695481,-0.06066388690398307
2117.65,0.0,6.270153507675355,22.637699975734183,22.70112,22.74488120844494,23.041417388983582,-1.7428792801798505,0.06,0.06,0.06,-0.1934315073630431,-0.8978595894692026,6.046013701027534,-0.516307884856084,-0.2744680851068577,-10.19415519399259,0.05,0.15,0.15,6.115378096524793,22.781279643290674,-0.103307133197998
2117.6600000000003,0.0,6.245152257612869,22.650982623118075,22.65456858382256,22.76190113294195,22.99074298035224,-1.74,0.06,0.06,0.06,-0.1904312823461699,-0.8953594019551416,6.0320126509487935,-0.4582646691638988,0.0249937578021662,-10.059463171036825,0.05,0.15,0.15,6.1010744261295295,22.764548830058704,-0.1353383136370545
2117.67,0.0,6.220151007550383,22.67500916050006,22.59996281704532,22.805585746363747,22.95142682827263,-1.74,0.06,0.06,0.06,-0.1874310573292968,-0.8928592144410807,6.018011600870052,-0.3184394506873482,0.254706616727928,-9.81476903870286,0.05,0.15,0.15,6.086771854297682,22.75799613804544,-0.14930030086349094
2117.6800000000003,0.0,6.2,22.583065763310977,22.532396416856148,22.682955109765807,22.804484213979844,-1.7128935532234952,0.06,0.06,0.06,-0.1844308323124237,-0.8903590269270197,6.00401055079131,-0.3035919899861295,0.3374468085117899,-9.628723404255895,0.05,0.1456384655807252,0.15,6.072470388791636,22.650725375978194,-0.18107374938913848
2117.69,0.0,6.2,22.47722675246068,22.46327706283146,22.54039644208989,22.64464570779776,-1.6829085457272903,0.06,0.06,0.06,-0.1814306072955505,-0.8878588394129588,5.990009500712569,-0.5038423028771808,0.1672340425543964,-9.543617021277198,0.05,0.14,0.15,6.058170037446473,22.53138649129495,-0.24350229797485007
2117.7000000000003,0.0,6.2,22.394037787481857,22.4467491751577,22.647031266375464,22.767733600193985,-1.68,0.06,0.06,0.06,-0.1784303822786603,-0.8853586518988836,5.976008450633748,-0.659570429570293,0.0193406593408471,-9.449340659340848,0.05,0.14,0.15,6.043870808170728,22.56388795730225,-0.2946880406314192
2117.71,0.0,6.2,22.313047976710592,22.435327535177137,22.77786096069828,22.918291581755952,-1.68,0.06,0.06,0.06,-0.1754301572617872,-0.8828584643848227,5.962007400555007,-0.7394905094903474,-0.0905494505492277,-9.339450549450772,0.05,0.14,0.15,6.029572708947582,22.61113201358549,-0.32673062724538665
2117.7200000000003,0.0,6.2,22.31117033725085,22.319226228922325,22.68581632089983,22.9175492335208,-1.68,0.06,0.06,0.06,-0.1724299322449141,-0.8803582768707617,5.948006350476265,-0.7992115143929326,-0.2060575719646629,-9.277369211514346,0.05,0.14,0.15,6.015275747835242,22.558440530148452,-0.34417047021589886
2117.73,0.0,6.2,22.32319895247824,22.18472444047065,22.554595063873805,22.890211471640377,-1.68,0.06,0.06,0.06,-0.1694297072280409,-0.8778580893567007,5.934005300397524,-0.824242803504314,-0.3312140175215698,-9.29739424280345,0.05,0.14,0.15,6.000979932968138,22.488182482115768,-0.33653168823328056
2117.74,0.0,6.2,22.276365002516545,22.239685596376177,22.609905596376176,22.782409305486063,-1.68,0.06,0.06,0.06,-0.1664294822111678,-0.8753579018426398,5.920004250318783,-0.8473989016474577,-0.3304618072898297,-9.352543684472884,0.05,0.14,0.15,5.986685272557751,22.477091375188742,-0.3360399389567645
2117.75,0.0,6.2,22.222514977352944,22.31722963261176,22.68744963261176,22.665016250629417,-1.68,0.06,0.06,0.06,-0.1634292571942946,-0.8728577143285788,5.9060032002400416,-0.867368946580021,-0.1157838242647749,-9.46737144283512,0.05,0.14,0.15,5.972391774893506,22.47305262330147,-0.34769139369791907
2117.76,0.0,6.2,22.15448756129879,22.202351802518063,22.583499062292763,22.64504108018554,-1.68,0.06,0.06,0.06,-0.1604290321774044,-0.8703575268145037,5.89200215016122,-0.843194792188414,0.0034376564847862,-9.64857536304418,0.05,0.14,0.15,5.9580994483436145,22.39634487657379,-0.32454716356162217
2117.77,0.0,6.2,22.084997833002035,22.067626819085586,22.46082841948319,22.635113976143145,-1.68,0.0595821849313409,0.0595821849313409,0.0595821849313409,-0.162090294885246,-0.8683277640918031,5.882474938413114,-0.7430445668505017,-0.0416299449172742,-9.94401852779102,0.05,0.14,0.15,5.948426495355475,22.31214176192849,-0.24151648258139355
2117.78,0.0,6.19601230061501,22.015508104705283,21.9329018356531,22.33815777667361,22.625186872100755,-1.68,0.0590943681553224,0.0590943681553224,0.0590943681553224,-0.1645293787653385,-0.8663764969877292,5.873694236444781,-0.6596479400750568,-0.0496479400750567,-10.229910112358812,0.05,0.14,0.15,5.939525413217312,22.22793864728319,-0.16941006630264188
2117.79,0.0,6.171011050552538,22.043800928310898,21.96501044471425,22.360520928310898,22.52057784690204,-1.68,0.0586065513793039,0.0586065513793039,0.0586065513793039,-0.1669684626454309,-0.8644252298836552,5.8649135344764485,-0.6047166042448274,0.0052833957551726,-10.499573033707213,0.05,0.14,0.15,5.9306256172905245,22.222477537059522,-0.11586458019842241
2117.8,0.0,6.146009800490067,22.08436471931935,22.01805540218684,22.40108471931935,22.40408695990341,-1.68,0.0581187346032854,0.0581187346032854,0.0581187346032854,-0.1694075465255234,-0.8624739627795812,5.8561328325081154,-0.5644730913642563,-0.0171113892360194,-10.5815694618281,0.05,0.14,0.15,5.921727113374276,22.226897950182238,-0.08761209565309537
2117.81,0.0,6.121008550427596,22.03528870843036,21.94174770301677,22.26215187935125,22.397236689868443,-1.6530682670668673,0.0576309178272669,0.0576309178272669,0.0576309178272669,-0.1718466304056158,-0.8605226956755073,5.847352130539782,-0.5494543178974701,-0.1723053817261425,-10.34126908635952,0.05,0.14,0.15,5.912829907301794,22.159106245166704,-0.10279759204628151
2117.82,0.0,6.096007300364982,21.967982701727184,21.83913362722341,22.086714911059385,22.4126839700954,-1.6230607651912468,0.0571431010512457,0.0571431010512457,0.0571431010512457,-0.1742857142857222,-0.8585714285714222,5.8385714285714,-0.567752808988559,-0.2737003745318079,-10.22330337078627,0.05,0.14,0.15,5.903934004940564,22.076628802526347,-0.1162519376472187
2117.83,0.0,6.07100605030251,21.95496656850512,21.870850736211622,22.118148644871468,22.323897334664352,-1.6469265367316408,0.0566552842752272,0.0566552842752272,0.0566552842752272,-0.1767247981658146,-0.8566201614673483,5.829790726603067,-0.6426591760297808,-0.2836878901373041,-10.313191011235736,0.05,0.14,0.15,5.89503941219278,22.06696582106314,-0.1267649622661864
2117.84,0.0,6.046004800240039,21.948557783878226,21.918916620913333,22.17475957574237,22.222424911405184,-1.6769115442278453,0.0561674674992087,0.0561674674992087,0.0561674674992087,-0.1791638820459071,-0.8546688943632743,5.821010024634735,-0.6660500625783754,-0.236573216520991,-10.263146433041983,0.05,0.14,0.15,5.886146134995289,22.066164722984777,-0.1470929166992882
2117.8500000000004,0.0,6.021003550177567,21.87012486854931,21.82623090555032,22.01086685491754,22.185154956183105,-1.653533316941289,0.0556796507231902,0.0556796507231902,0.0556796507231902,-0.1816029659259996,-0.8527176272592004,5.8122293226664015,-0.6009687108887837,-0.0913917396749789,-9.97278347934996,0.05,0.14,0.15,5.877254179320035,21.97309439630007,-0.18427694624813093
2117.86,0.0,5.996002300115095,21.782607828627217,21.71579273612482,21.81916286270724,22.1559826095424,-1.6240275387263987,0.0551918339471717,0.0551918339471717,0.0551918339471717,-0.184042049806092,-0.8507663601551264,5.803448620698068,-0.56,0.1128614232198194,-9.677138576780182,0.05,0.14,0.15,5.868363551174275,21.86838650925042,-0.23650032772098217
2117.87,0.0,5.9710010500526245,21.766241936148308,21.700217095777536,21.894866735323955,22.11254065911448,-1.62,0.0547040171711532,0.0547040171711532,0.0547040171711532,-0.1864811336861845,-0.8488150930510524,5.794667918729735,-0.56,0.4174806491865904,-9.372519350813407,0.05,0.14,0.15,5.859474256600822,21.86846660659107,-0.3142764002499174
2117.88,0.0,5.95,21.76403802265707,21.7035229660144,22.02379567456157,22.06625847579841,-1.62,0.0542162003951347,0.0542162003951347,0.0542162003951347,-0.1889202175662769,-0.8468638259469785,5.785887216761402,-0.526838548185955,0.4312966207798683,-9.240795994992416,0.05,0.14,0.15,5.850586301678307,21.88940378475786,-0.3245115987745426
2117.8900000000003,0.0,5.95,21.696989200000026,21.66665684000001,21.970909200000023,21.973451520000022,-1.646848424212216,0.0537283836191135,0.0537283836191135,0.0537283836191135,-0.1913593014463832,-0.8449125588428934,5.7771065147930205,-0.4367259073844697,-0.0543103879836911,-9.406002503128471,0.05,0.14,0.15,5.841699692521386,21.82700169000002,-0.21875268759156838
2117.9,0.0,5.95,21.622089200000023,21.62492684000001,21.896009200000023,21.875011520000022,-1.6768634317159297,0.053240566843095,0.053240566843095,0.053240566843095,-0.1937983853264757,-0.8429612917388195,5.768325812824688,-0.4632792207785529,-0.4950974025963191,-9.441525974026524,0.05,0.14,0.15,5.832814435281199,21.75450919000002,-0.1764591057711985
2117.9100000000003,0.0,5.95,21.53625652363644,21.526942724848578,21.958259335757507,21.86438,-1.6531350000000085,0.0527527500670765,0.0527527500670765,0.0527527500670765,-0.1962374692065681,-0.8410100246347455,5.7595451108563545,-0.6880544455537062,-0.8597327672315679,-9.256710789211397,0.05,0.14,0.15,5.823930536145333,21.72145964606063,-0.24199663011512068
2117.92,0.0,5.95,21.44910016000013,21.422147573333497,22.03711509333321,21.86438,-1.623135000000094,0.052264933291058,0.052264933291058,0.052264933291058,-0.1986765530866606,-0.8390587575306715,5.750764408888021,-0.8134009009010529,-0.8852777777796517,-9.182419919919532,0.05,0.14,0.15,5.815048001338296,21.693185706666707,-0.29267725897712804
2117.9300000000003,0.0,5.95,21.44981533419348,21.48398906322547,21.95069462193591,21.897363060645024,-1.5931551336498908,0.0517771165150395,0.0517771165150395,0.0517771165150395,-0.2011156369667531,-0.8371074904265976,5.741983706919688,-0.7683558558559934,-0.329722222223919,-9.297535035034684,0.05,0.14,0.15,5.806166837121719,21.69546551999997,-0.31789756355970605
2117.94,0.0,5.95,21.46859210838699,21.580081966451065,21.830302363871656,21.93712564129009,-1.563177616787566,0.051289299739021,0.051289299739021,0.051289299739021,-0.2035547208468455,-0.8351562233225236,5.733203004951356,-0.7862662337657313,0.1717532467515988,-9.37740259740252,0.05,0.14,0.15,5.797287049794639,21.704025519999952,-0.36397041412951764
2117.9500000000003,0.0,5.95,21.38762521739146,21.366278690655097,21.803944517741154,21.87559655172426,-1.56,0.0508014829629997,0.0508014829629997,0.0508014829629997,-0.2059938047269519,-0.8332049562184386,5.7244223029829735,-0.911141358641172,0.5813436563430435,-9.397382617382588,0.05,0.14,0.15,5.788408645693715,21.608361244377992,-0.4454728941171329
2117.96,0.0,5.95,21.29458173913073,21.11495435282441,21.78897200399805,21.8018034482761,-1.56,0.0503136661869813,0.0503136661869813,0.0503136661869813,-0.2084328886070443,-0.8312536891143646,5.7156416010146405,-0.9254479479485388,0.70905155155275,-9.487462462461751,0.05,0.14,0.15,5.7795316311937,21.500077886057323,-0.4499242986530744
2117.9700000000003,0.0,5.95,21.28722153172865,21.19325820568889,21.70945711159765,21.785415404814035,-1.586456335184246,0.05,0.05,0.05,-0.2098166572644745,-0.828899943586847,5.706883173496067,-0.7502727727733078,0.3536961961972814,-9.69767267267203,0.05,0.14,0.15,5.770581747283063,21.493838063457307,-0.322332951090863
2117.98,0.0,5.947160043388223,21.29034334062727,21.311886943836264,21.62204646243644,21.77604997811819,-1.6167440686521537,0.05,0.05,0.05,-0.2093038104518179,-0.8258228627109078,5.698164777680905,-0.6011363636366753,0.0522727272733506,-9.94474025973934,0.05,0.14,0.15,5.761499224962975,21.500081681254542,-0.20351602306830813
2117.99,0.0,5.927438122473152,21.22943771560598,21.268264214579297,21.49206943531871,21.79283501026687,-1.6735098675991578,0.05,0.05,0.05,-0.2087909636391614,-0.8227457818349685,5.689446381865744,-0.4962412587416037,-0.1575174825167924,-10.254430569429552,0.05,0.14,0.15,5.752417267562377,21.445651593942713,-0.09960731933801044
2118.0,0.0,5.907716201558081,21.15583401950744,21.19246339322408,21.35365054414832,21.8148062628336,-1.7334649013238073,0.05,0.05,0.05,-0.2082781168265048,-0.8196687009590292,5.680727986050583,-0.4281551939925139,-0.2844655819775417,-10.459224030037433,0.05,0.14,0.15,5.743335877761196,21.379188554928362,-0.03254898740930616
2118.01,0.0,5.887994280642899,21.18166216216216,21.101253108108107,21.361677612612613,21.76887527027027,-1.6865800649512024,0.05,0.05,0.05,-0.2077652700138454,-0.8165916200830725,5.672009590235372,-0.4231489361702234,-0.2694468085106702,-10.484255319148884,0.05,0.14,0.15,5.734255058256116,21.353367038288287,-0.028641292639482008
2118.02,0.0,5.868272359727828,21.220220720720626,21.00806992492516,21.38845438938932,21.714250645645784,-1.6266250312265529,0.05,0.05,0.05,-0.2072524232011888,-0.8135145392071332,5.663291194420211,-0.4774332084887691,-0.284084893882387,-10.457388264669625,0.05,0.14,0.15,5.725174811760917,21.332748920170225,-0.04941492448854719
2118.03,0.0,5.848550438812757,21.1191183661564,20.912619032336742,21.288812093362807,21.64898715292991,-1.62,0.05,0.05,0.05,-0.2067395763885323,-0.810437458331194,5.65457279860505,-0.632239700373961,-0.3490037453181127,-10.342531835206415,0.05,0.14,0.15,5.716095141006296,21.242384161196465,-0.11203371656279168
2118.04,0.0,5.828828517897687,21.00048962800903,20.816883559445884,21.17330516411406,21.582388563092792,-1.62,0.05,0.05,0.05,-0.2062267295758757,-0.8073603774552547,5.6458544027898885,-0.7539824780973874,-0.3586382978726473,-10.3124305381723,0.05,0.14,0.15,5.7070160487402015,21.14326672866544,-0.15647099685426075
2118.05,0.0,5.809106596982616,20.94946789933244,20.88218814586508,21.115492110940075,21.441344756035488,-1.62,0.05,0.05,0.05,-0.2057138827632192,-0.8042832965793154,5.637136006974727,-0.819063829786979,-0.2735319148939505,-10.427574468084655,0.05,0.14,0.15,5.697937537727927,21.09712322804327,-0.16975054392729128
2118.06,0.0,5.789384676067545,20.91209758602998,20.980010436568577,21.06932878274292,21.28526874165463,-1.62,0.05,0.05,0.05,-0.2052010359505627,-0.8012062157033761,5.628417611159565,-0.8155355805249501,-0.125513108615519,-10.362901373285265,0.05,0.14,0.15,5.688859610752234,21.061676386749028,-0.19374475941303626
2118.07,0.0,5.769662755152362,20.8812920269933,20.92025650087492,21.00248363409159,21.15560782804319,-1.62,0.05,0.05,0.05,-0.2046881891379032,-0.7981291348274194,5.619699215344355,-0.6956853932586541,0.1291685393253601,-9.99336329588085,0.05,0.14,0.15,5.679782270613449,20.98990999750075,-0.23590481433761037
2118.08,0.0,5.75,20.85133951512133,20.84002655836072,20.932951017245955,21.0293793851542,-1.62,0.05,0.05,0.05,-0.2041753423252466,-0.7950520539514802,5.6109808195291935,-0.6107759699625434,0.3029136420524393,-9.67698372966289,0.05,0.14,0.15,5.6707055201298004,20.913424118970553,-0.2733376545256023
2118.09,0.0,5.75,20.85064325547444,20.840891936739624,20.858601868613366,21.0746705352796,-1.62,0.05,0.05,0.05,-0.2036624955125901,-0.7919749730755409,5.602262423714032,-0.5857446808511619,0.3379574468083733,-9.451702127660456,0.05,0.14,0.15,5.6616293621372495,20.906201899026755,-0.3026694469359972
2118.1000000000004,0.0,5.75,20.853767343065687,20.852346924574185,20.7836237664235,21.142359099756565,-1.62,0.05,0.05,0.05,-0.2031496486999336,-0.7888978921996016,5.593544027898871,-0.529240948814422,0.2673657927600498,-9.29147315855201,0.05,0.14,0.15,5.652553799489839,20.908024283454985,-0.3006028364828782
2118.11,0.0,5.75,20.818751825417305,20.79323005905024,20.86016618228472,21.118351825417307,-1.5933883058471272,0.05,0.05,0.05,-0.202636801887277,-0.7858208113236623,5.58482563208371,-0.4193782771539632,0.0176779026226435,-9.241535580524529,0.05,0.14,0.15,5.64347883505978,20.897624973042394,-0.24530281524405054
2118.12,0.0,5.75,20.775896883183712,20.71960746598227,20.96785296020504,21.07549688318372,-1.5634032983509225,0.05,0.05,0.05,-0.2021239550746205,-0.782743730447723,5.576107236268548,-0.3555358037055007,-0.202739108662341,-9.14726089133766,0.05,0.14,0.15,5.634404471737603,20.884713548138684,-0.2152108948903214
2118.13,0.0,5.75,20.65736424849769,20.61824813627312,20.914365811623654,21.094080781562983,-1.5864956413448783,0.05,0.05,0.05,-0.2016111082619639,-0.7796666495717838,5.567388840453387,-0.3705583375061875,-0.372994491736792,-8.97700550826321,0.05,0.14,0.15,5.6253307124322935,20.82101474448936,-0.2283182030553951
2118.1400000000003,0.0,5.75,20.528706933867984,20.513177995992187,20.83931571142299,21.120884388777505,-1.6163835616439552,0.05,0.05,0.05,-0.2010982614493045,-0.776589568695827,5.558670444638176,-0.474614232209577,-0.4466067415730904,-9.014704119849942,0.05,0.14,0.15,5.616257560071394,20.750521257515167,-0.2499024998505848
2118.15,0.0,5.75,20.518647630619668,20.552805462940267,20.840896787363267,21.14697815309833,-1.62,0.05,0.05,0.05,-0.2005854146366479,-0.7735124878198877,5.549952048823015,-0.7292958801490085,-0.3567191011238793,-9.40421722846319,0.05,0.14,0.15,5.60718501760135,20.764832008505383,-0.28582808158237244
2118.1600000000003,0.0,5.75,20.52384811664639,20.611050906439583,20.85233785662206,21.17298058323196,-1.62,0.05,0.05,0.05,-0.2000725678239914,-0.7704354069439485,5.541233653007854,-0.3971613282392072,-0.4731354687043171,-8.913332353804,0.05,0.14,0.15,5.598113087987357,20.790054365735,-0.23647519828973768
2118.17,0.0,5.75,20.52747117843387,20.516344826701605,20.71409950706128,21.072744826701605,-1.62,0.0504183427192273,0.0504183427192273,0.0504183427192273,-0.2,-0.7674884809478583,5.530372510300124,-0.6322480164550677,-0.379100793417973,-9.506926241549046,0.05,0.14,0.15,5.586954328708169,20.707665084724592,-0.23536632229687077
2118.1800000000003,0.0,5.749110355857744,20.53076771245184,20.389977689346136,20.54487742747222,20.946377689346136,-1.62,0.0509059216460656,0.0509059216460656,0.0509059216460656,-0.2,-0.7645630073868278,5.51915819498284,-0.7744344569289178,-0.2402272159811547,-9.885565543071085,0.05,0.14,0.15,5.575451889623892,20.60300012965408,-0.24025315664747351
2118.19,0.0,5.729118352659037,20.449250097378865,20.39659434207225,20.5962934781518,20.89744624719125,-1.62,0.0513935005729039,0.0513935005729039,0.0513935005729039,-0.2,-0.7616375338257974,5.507943879665556,-0.7594531835206734,-0.0254956304629853,-9.900546816479329,0.05,0.14,0.15,5.563949812361494,20.58489604119854,-0.25528347404237794
2118.2000000000003,0.0,5.709126349460217,20.35627631460677,20.42117361797752,20.67751195505616,20.858974337078664,-1.62,0.0518810794997449,0.0518810794997449,0.0518810794997449,-0.2,-0.7587120602647504,5.49672956434821,-0.692733416771,0.1469461827283871,-9.900763454317904,0.05,0.14,0.15,5.552448099169487,20.57848405617978,-0.250776000322113
2118.21,0.0,5.68913434626151,20.30190930538633,20.34443339507683,20.63056333902027,20.8543,-1.62,0.0523686584265832,0.0523686584265832,0.0523686584265832,-0.2,-0.7557865867037199,5.485515249030926,-0.5375394242808769,0.2470713391736278,-9.875732165206593,0.05,0.14,0.15,5.5409467523151745,20.532801509870858,-0.21285837431537605
2118.2200000000003,0.0,5.669142343062804,20.252881764562563,20.25368028759453,20.56588871069956,20.8543,-1.62,0.0528562373534215,0.0528562373534215,0.0528562373534215,-0.2,-0.7528611131426894,5.474300933713643,-0.7399236641227306,0.1045419847331457,-9.923854961831246,0.05,0.14,0.15,5.529445774084461,20.481687690714164,-0.25871943660799673
2118.23,0.0,5.649150339864097,20.224474124872103,20.19993969293766,20.44601340839332,20.761010675537594,-1.62,0.0533438162802597,0.0533438162802597,0.0533438162802597,-0.2,-0.749935639581659,5.46308661839636,-0.5989958896071077,0.0282061068705166,-10.117630651790227,0.05,0.14,0.15,5.517945166782298,20.40785947543517,-0.17412967841224558
2118.24,0.0,5.629158336665391,20.200379959058424,20.153941740020624,20.314590685773208,20.64820617195534,-1.62,0.053831395207098,0.053831395207098,0.053831395207098,-0.2,-0.7470101660206285,5.451872303079076,-0.5339884827238363,-0.1602403605393504,-10.282441161742172,0.05,0.14,0.15,5.506444932732817,20.3292796392019,-0.10776136223105248
2118.25,0.0,5.609166333466685,20.1757924148298,20.121892505010184,20.41302578156241,20.60486455911842,-1.62,0.0543189741339363,0.0543189741339363,0.0543189741339363,-0.2,-0.7440846924595982,5.440657987761793,-0.5990861291934793,-0.5408112168234175,-10.397613920880772,0.05,0.14,0.15,5.494945074279532,20.3288938151302,-0.07261920787446183
2118.26,0.0,5.5891743302678645,20.15113309619243,20.09187246492992,20.54489952905786,20.57162808617241,-1.62,0.0548065530607773,0.0548065530607773,0.0548065530607773,-0.2,-0.7411592188985511,5.429443672444446,-0.6641113330004735,-0.6872641038443329,-10.449598102845751,0.05,0.14,0.15,5.483445593785475,20.339883294088157,-0.07136003582288869
2118.27,0.0,5.569182327069157,20.07851997996018,20.07626990647967,20.487778897795867,20.51676539078176,-1.6024141380459478,0.0552941319876156,0.0552941319876156,0.0552941319876156,-0.2,-0.7382337453375206,5.418229357127163,-0.729013979031304,-0.4376385421872923,-10.394680479281204,0.05,0.14,0.15,5.471946493633658,20.28983354375437,-0.1274237557736697
2118.28,0.0,5.550000000000001,19.99918130260557,20.06268941215771,20.404151643286955,20.458869599198664,-1.5824074691563348,0.0557817109144538,0.0557817109144538,0.0557817109144538,-0.2,-0.7353082717764902,5.40701504180988,-0.7570831246871651,-0.1600575863808187,-10.201306960442311,0.05,0.14,0.15,5.460447776226894,20.231222989312226,-0.1949786897603612
2118.29,0.0,5.550000000000001,19.919842625250965,20.04910891783575,20.320524388778043,20.40097380761557,-1.5624008002667218,0.0562692898412921,0.0562692898412921,0.0562692898412921,-0.2,-0.7323827982154597,5.395800726492596,-0.7220305458188958,0.1654306459673964,-9.77066099148929,0.05,0.14,0.15,5.448949443988257,20.172612434870082,-0.28222616557550767
2118.3,0.0,5.550000000000001,19.934953851302705,20.01680181687808,20.247496681807807,20.32101844609189,-1.56,0.0567568687681304,0.0567568687681304,0.0567568687681304,-0.2,-0.7294573246544294,5.384586411175313,-0.6406342072417897,0.3384619225972007,-9.485158551810448,0.05,0.14,0.15,5.437451499361243,20.130067699020117,-0.3160916403839859
2118.31,0.0,5.550000000000001,19.962579956968465,19.982013387521192,20.17587344489657,20.238140129094603,-1.56,0.0572444476949687,0.0572444476949687,0.0572444476949687,-0.2,-0.7265318510933989,5.37337209585803,-0.4808339575538495,0.2535680399504826,-9.445208489388463,0.05,0.14,0.15,5.425953944809974,20.089651729620208,-0.25964597755191565
2118.32,0.0,5.550000000000001,19.94445236876476,19.903097106294283,20.027346210499218,20.26244217289097,-1.5863850000000856,0.0577320266218097,0.0577320266218097,0.0577320266218097,-0.2,-0.7236063775323518,5.362157780540683,-0.3873910866299566,0.0983725588380966,-9.466194291437228,0.05,0.14,0.15,5.414456782819351,20.034334464612307,-0.20895226540059814
2118.33,0.0,5.550000000000001,19.91427216505621,19.812556495168653,19.858560626795885,20.31497808305029,-1.6163850000000857,0.058219605548648,0.058219605548648,0.058219605548648,-0.2,-0.7206809039713213,5.350943465223399,-0.4074211316975391,-0.1770405608411623,-9.59138207310962,0.05,0.14,0.15,5.402960015895539,19.97509184251776,-0.16809454479361874
2118.34,0.0,5.550000000000001,19.88429821089466,19.78828910544733,19.895013183408064,20.28767484257885,-1.62,0.0587071844754862,0.0587071844754862,0.0587071844754862,-0.2,-0.7177554304102909,5.339729149906116,-0.4596223674653029,-0.3193827160495387,-9.641183732752507,0.05,0.14,0.15,5.391463646565796,19.963818835582227,-0.16328658004054603
2118.3500000000004,0.0,5.550000000000001,19.85435318340845,19.773316591704223,19.960250564717303,20.24917409295372,-1.62,0.0591947634023245,0.0591947634023245,0.0591947634023245,-0.2,-0.7148299568492605,5.328514834588832,-0.5661341079637024,-0.2370781893007754,-9.563720648753671,0.05,0.14,0.15,5.379967677378961,19.959273608195925,-0.2193368052776496
2118.36,0.0,5.550000000000001,19.79488193811492,19.761567440633293,19.948554881266585,20.249795941472748,-1.62,0.0596823423291628,0.0596823423291628,0.0596823423291628,-0.2,-0.7119044832882301,5.317300519271549,-0.6114957375360643,-0.1277421854827846,-9.490997158357375,0.05,0.14,0.15,5.368472110905612,19.938700050371885,-0.2569451642942623
2118.37,0.0,5.550000000000001,19.73123118253796,19.75027456464383,19.92596912928766,20.255955692012456,-1.62,0.06,0.06,0.06,-0.1984288715486199,-0.7103491396558622,5.305635754301722,-0.5184965125295072,0.0427563936959035,-9.428997675019671,0.05,0.14,0.15,5.356653869217115,19.91585764212048,-0.2528261685823854
2118.38,0.0,5.549249737408168,19.668621451235584,19.698581451235583,19.84284694928512,20.198209950585422,-1.62,0.06,0.06,0.06,-0.1939270708283363,-0.7113495398159252,5.293130752300935,-0.5340888666989878,0.107398901648082,-9.460384423364038,0.05,0.14,0.15,5.344236057431432,19.852064950585426,-0.2600341237085214
2118.3900000000003,0.0,5.529242734957214,19.60628595058511,19.63624595058511,19.743778028608475,20.12362997659289,-1.62,0.06,0.06,0.06,-0.1894252701080271,-0.7123499399759939,5.280625750300076,-0.7337893160257554,-0.0074288567148093,-9.650099850224468,0.05,0.14,0.15,5.331822641899442,19.7774849765929,-0.2864459927896209
2118.4,0.0,5.509235732506374,19.590670185277915,19.612249143715573,19.80343569354032,20.076610926389577,-1.62,0.06,0.06,0.06,-0.1849234693877436,-0.7133503401360569,5.268120748299288,-0.8286573146294283,-0.2127454909812448,-9.792124248496874,0.05,0.14,0.15,5.31941365339866,19.770741487230847,-0.27546119000452374
2118.4100000000003,0.0,5.489228730055534,19.58209732598899,19.59403181772661,19.88702107160734,20.03374662994496,-1.62,0.06,0.06,0.06,-0.18042166866746,-0.71435074029612,5.255615746298501,-0.7434869739480113,-0.5734669338672466,-9.852244488977874,0.05,0.14,0.15,5.307009122983219,19.774224211316973,-0.20025166814451364
2118.42,0.0,5.469221727604694,19.53562971067364,19.564477826404183,19.79336833454937,20.03098221735958,-1.62,0.06,0.06,0.06,-0.1759198679471764,-0.715351140456183,5.243110744297713,-0.6900000000000001,-0.6402795806297692,-9.95685971043405,0.05,0.14,0.15,5.294609081987133,19.731114522246692,-0.159509940097344
2118.4300000000003,0.0,5.449214725153854,19.483599562363533,19.53325973741812,19.67369899343613,20.034104026258188,-1.62,0.06,0.06,0.06,-0.1714180672268929,-0.716351540616246,5.230605742296925,-0.6900000000000001,-0.2109236145796594,-10.13659011482712,0.05,0.14,0.15,5.282213562027253,19.681165579868996,-0.176955777949509
2118.44,0.0,5.429207722703014,19.41868275051175,19.43292534764912,19.681955265848394,20.049847632924195,-1.62,0.06,0.06,0.06,-0.1669162665066093,-0.717351940776309,5.218100740296138,-0.6567401101657077,0.1431497245857309,-10.309128693038742,0.05,0.14,0.15,5.26982259500632,19.645852749233363,-0.1764925288184011
2118.4500000000003,0.0,5.40920072025206,19.350850439673025,19.31695397750549,19.719153629856727,20.068446814928365,-1.62,0.06,0.06,0.06,-0.1624144657863002,-0.7183523409363777,5.205595738295279,-0.5666049073610742,0.3684877315973146,-10.469369053580312,0.05,0.14,0.15,5.257436213115989,19.613851215490904,-0.145404255603984
2118.46,0.0,5.38919371780122,19.3386091230656,19.267225851142385,19.555402004422323,19.912021886515127,-1.5938034508626662,0.06,0.06,0.06,-0.1579126650660166,-0.7193527410964408,5.193090736294491,-0.5304293559659597,0.3242785821276386,-10.562571143285105,0.05,0.14,0.15,5.245054448840248,19.518314716286355,-0.11455368636825675
2118.4700000000003,0.0,5.36918671535038,19.33545510685337,19.228326317858205,19.35880166052661,19.72698626873092,-1.5637959489872162,0.06,0.06,0.06,-0.153410864345733,-0.7203531412565037,5.180585734293704,-0.5853469795305086,-0.1749725411864423,-10.542601098352542,0.05,0.14,0.15,5.2326773349581615,19.412392338492275,-0.08410440234356971
2118.48,0.0,5.3500000000000005,19.2813051021428,19.239052097658096,19.419967932236634,19.69969162929743,-1.56,0.06,0.06,0.06,-0.1489090636254494,-0.7213535414165667,5.168080732292916,-0.5812065081356808,-0.6174643304113347,-10.494901126408472,0.05,0.14,0.15,5.220304904547368,19.41000419033374,-0.04392089593533054
2118.49,0.0,5.3500000000000005,19.21626275037397,19.26037745889377,19.5361911509711,19.70608923766813,-1.56,0.06,0.06,0.06,-0.1444072629051659,-0.7223539415766298,5.155575730292128,-0.4760750938678788,-0.962896120148398,-10.399782227785224,0.05,0.14,0.15,5.207937190987259,19.429730149476743,0.012908394549187574
2118.5,0.0,5.3500000000000005,19.219629694323032,19.26428,19.482009745697965,19.54917375289097,-1.5861703722207054,0.06,0.06,0.06,-0.1399054621848823,-0.7233543417366928,5.14307072829134,-0.4267007992005521,-0.9925799200826924,-10.228661338662986,0.05,0.14,0.15,5.1955742279622665,19.37877329822799,0.00667868368051934
2118.51,0.0,5.3500000000000005,19.23831965065497,19.26428,19.38965937323425,19.355677734395563,-1.6161478890832006,0.06,0.06,0.06,-0.1354036614645731,-0.7243547418967615,5.130565726290482,-0.4716558441558384,-0.4880844155844807,-9.928961038961075,0.05,0.14,0.15,5.1832160494651305,19.3119841895712,-0.10623361763667916
2118.52,0.0,5.3500000000000005,19.167248499376,19.16753169538106,19.22141427715402,19.410623405742584,-1.5153938484621448,0.06,0.06,0.06,-0.1309018607442896,-0.7253551420568245,5.118060724289694,-0.5406958698372476,0.0464280350435438,-9.658608260325504,0.05,0.14,0.15,5.170862689800546,19.241704469413417,-0.2259139878474667
2118.53,0.0,5.3500000000000005,19.08282402996274,19.0563906217231,19.04187869662962,19.50252852434436,-1.395363840960345,0.06,0.06,0.06,-0.126400060024006,-0.7263555422168875,5.105555722288906,-0.6508335419273257,0.6321602002498686,-9.438332916145349,0.05,0.14,0.15,5.158514183588163,19.170905468164953,-0.3571431197302952
2118.54,0.0,5.3500000000000005,19.02711378119022,19.04172,19.06542019193837,19.41750564299468,-1.2754122938533534,0.06,0.06,0.06,-0.1218982593037224,-0.7273559423769506,5.093050720288119,-0.7181423220973877,0.8588164794014681,-9.296284644194776,0.05,0.14,0.15,5.146170565766322,19.13793990403082,-0.4248126713376321
2118.55,0.0,5.3500000000000005,18.975770211132737,19.04172,19.1198443761993,19.305576660269367,-1.1554722638685353,0.06,0.06,0.06,-0.1173964585834389,-0.7283563425370135,5.080545718287331,-0.7131485642946538,0.4792908863936879,-9.286297128589307,0.05,0.14,0.15,5.133831871595481,19.11072781190035,-0.3851827164579475
2118.56,0.0,5.3500000000000005,18.962052341425235,18.963766128948564,19.0510184703738,19.293662406682248,-1.14,0.06,0.06,0.06,-0.1128946578631553,-0.7293567426970766,5.068040716286543,-0.6452565707144657,0.0087734668373777,-9.29849812265301,0.05,0.14,0.15,5.121498136661766,19.067624836857462,-0.3116106535890938
2118.57,0.0,5.3500000000000005,18.958700736100223,18.86433517097344,18.948235907073663,19.30930323153227,-1.14,0.06,0.06,0.06,-0.1116479458378325,-0.7298168949069075,5.056521003231243,-0.4700375469337999,-0.6170087609507144,-9.348560700876057,0.05,0.14,0.15,5.1101372408204515,19.0201437614199,-0.18012113716679065
2118.58,0.0,5.3490150117200495,18.90615434793495,18.79915434793495,19.043583594493047,19.26483709637049,-1.0878352059924716,0.06,0.06,0.06,-0.1162640406216409,-0.7293039954864843,5.046775914243203,-0.4194456928837611,-0.9115430711612706,-9.439445692883762,0.05,0.14,0.15,5.1005243626081755,19.003432346683358,-0.11875023614764399
2118.59,0.0,5.324078599571053,18.846159354192963,18.739159354192964,19.168930277846844,19.21127013767229,-1.027910112359664,0.06,0.06,0.06,-0.1208801354054493,-0.7287910960660612,5.0370308252551625,-0.5792459425717011,-0.64687390761562,-9.599245942571702,0.05,0.14,0.15,5.090916224356035,18.991379780976263,-0.17575162134595193
2118.6000000000004,0.0,5.299142187422057,18.794617410000207,18.77801849999977,19.172984390000057,19.18851651000008,-1.02,0.06,0.06,0.06,-0.1254962301892577,-0.728278196645638,5.027285736267123,-0.6541026282854616,-0.3338648310393904,-9.777692115143616,0.05,0.14,0.15,5.08131285295208,18.983534202500028,-0.20643199295818712
2118.61,0.0,5.274205775273061,18.744327410000206,18.831518499999778,19.159074390000058,19.17032651000008,-1.02,0.06,0.06,0.06,-0.1301123249730661,-0.7277652972252149,5.017540647279083,-0.5840150187737931,0.0616295369193102,-9.987954943678622,0.05,0.14,0.15,5.071714275474616,18.97631170250003,-0.19219924125230983
2118.62,0.0,5.249269363124065,18.717413260274107,18.727001419676952,19.115498032378856,19.102985828144888,-0.8637600000004011,0.06,0.06,0.06,-0.1347284197568745,-0.7272523978047917,5.007795558291043,-0.5622977022972973,0.2802697302702703,-10.166453546452704,0.05,0.14,0.15,5.06212051919376,18.9157246351187,-0.1806274036203177
2118.63,0.0,5.224332950975068,18.69396120547963,18.599081120798,19.06752792029925,19.02836565379883,-0.6837600000004012,0.06,0.06,0.06,-0.1393445145406829,-0.7267394983843686,4.998050469303003,-0.6222377622373382,0.2003496503502158,-10.291328671327788,0.05,0.14,0.15,5.052531611573005,18.84723397509393,-0.17354764673684017
2118.6400000000003,0.0,5.199396538825931,18.661966539331537,18.63920692133693,19.039617109826622,19.078553385272585,-0.66,0.06,0.06,0.06,-0.1439606093245176,-0.7262265989639425,4.988305380314908,-0.6507407407407776,0.0648148148151541,-10.308888888889133,0.05,0.14,0.15,5.042947580270737,18.854835988941918,-0.16636856542162784
2118.65,0.0,5.174460126676934,18.628621477758244,18.70589704448351,19.014877225433537,19.148470449861744,-0.66,0.06,0.06,0.06,-0.148576704108326,-0.7257136995435193,4.978560291326867,-0.6257157157157446,-0.1654154154151495,-10.143723723723916,0.05,0.14,0.15,5.03336845314204,18.87446654938426,-0.15902036412816398
2118.6600000000003,0.0,5.149523714527938,18.582151977401253,18.66762905838055,18.842687909605008,19.09740030131844,-0.5039670247317732,0.06,0.06,0.06,-0.1531927988921344,-0.7252008001230962,4.968815202338828,-0.6081418581418687,-0.2300999001003574,-10.028851148851214,0.05,0.14,0.15,5.023794258239984,18.797467311676314,-0.1637772475446314
2118.67,0.0,5.124587302378941,18.53379039548047,18.61422981167636,18.64924158192188,19.028888060264,-0.3241019235578244,0.06,0.06,0.06,-0.1578088936759428,-0.724687900702673,4.959070113350788,-0.6031468531468795,-0.0153146853158208,-9.998881118881275,0.05,0.14,0.15,5.014225023817446,18.706537462335678,-0.188969596546765
2118.6800000000003,0.0,5.1000000000000005,18.43906464968228,18.5335790445866,18.650290828025028,18.99983324840775,-0.274032983508299,0.06,0.06,0.06,-0.1624249884597512,-0.7241750012822499,4.949325024362747,-0.6074092615768232,0.1181476846057942,-10.01889862327832,0.05,0.14,0.15,5.004660778328698,18.655691942675414,-0.20124947744651617
2118.69,0.0,5.1000000000000005,18.32888418259116,18.44384443736805,18.7161719320589,18.9839309129513,-0.2440479760120093,0.06,0.06,0.06,-0.1670410832435596,-0.7236621018618267,4.939579935374708,-0.6274342928659283,0.1131414267835179,-10.124030037546124,0.05,0.14,0.15,4.995101550431048,18.61820786624235,-0.19154326400909238
2118.7000000000003,0.0,5.1000000000000005,18.360450999999845,18.36510336000022,18.70739422000005,18.95678126000008,-0.1621499999997403,0.06,0.06,0.06,-0.1716571780273943,-0.7231492024414006,4.929834846386612,-0.6288389513109244,-0.0667166042436975,-10.139775280899158,0.05,0.14,0.15,4.985547368986446,18.59743246000005,-0.17092982106093926
2118.71,0.0,5.1000000000000005,18.413950999999845,18.288063360000223,18.687064220000057,18.92789126000008,-0.0721499999999961,0.06,0.06,0.06,-0.1762732728112027,-0.7226363030209775,4.920089757398572,-0.5988764044944356,-0.5411235955047695,-10.00494382022496,0.05,0.14,0.15,4.975998263063376,18.57924246000005,-0.13194245457455006
2118.7200000000003,0.0,5.1000000000000005,18.376775274177657,18.210299062811853,18.53467655034959,18.784518883350543,0.0177916562577021,0.06,0.06,0.06,-0.1808893675950111,-0.7221234036005543,4.9103446684105325,-0.5818523153942342,-0.8159198998749546,-9.908886107634594,0.05,0.14,0.15,4.96645426193822,18.476567442672412,-0.11218835535335363
2118.73,0.0,5.1000000000000005,18.32556889332028,18.13242269192459,18.36185501495593,18.62343214357004,0.1077242068446766,0.06,0.06,0.06,-0.1855054623788195,-0.7216105041801312,4.900599579422492,-0.5868585732165105,-0.750838548185363,-9.878848560700936,0.05,0.14,0.15,4.956915395097176,18.360819685942708,-0.125182792286627
2118.74,0.0,5.1000000000000005,18.26964158960284,18.152798980254783,18.44805640089924,18.60271994001499,0.3013803450856867,0.06,0.06,0.06,-0.1901215571626279,-0.721097604759708,4.890854490434452,-0.5806968031968879,-0.4904445554465553,-9.822787212787553,0.05,0.14,0.15,4.947381692237923,18.368304227692963,-0.1586745094955569
2118.75,0.0,5.1000000000000005,18.212945763559315,18.189169887527985,18.57642430892231,18.604859405148705,0.5114328582138361,0.06,0.06,0.06,-0.1947376519464363,-0.7205847053392849,4.8811094014464125,-0.5557217782219418,0.098966033962173,-9.722887112887769,0.05,0.14,0.15,4.937853183271357,18.39584984128958,-0.22669520220273306
2118.76,0.0,5.1000000000000005,18.14889445638589,18.132677845538595,18.432639415146163,18.52884688327916,0.6694705294708154,0.06,0.06,0.06,-0.199353746730271,-0.7200718059188588,4.871364312458317,-0.5511261261260441,0.4162237237241208,-9.635893393393571,0.05,0.14,0.15,4.928329898323278,18.310764650087453,-0.2713070094612047
2118.77,0.0,5.1000000000000005,18.08364076980768,18.061005763559248,18.24436648337952,18.44005908023012,0.8193206793209176,0.0595702499999992,0.0595702499999992,0.0595702499999992,-0.1982799999999996,-0.7165599999999993,4.858389999999997,-0.5811561561560836,0.2710785785789293,-9.570828328328483,0.05,0.14,0.15,4.914949296188108,18.207268024244144,-0.27614582511231694
2118.78,0.0,5.1000000000000005,18.06585429858217,18.04354082735615,18.204328183486275,18.41895429858217,0.9089255372314644,0.0590702499999997,0.0590702499999997,0.0590702499999997,-0.1962800000000013,-0.7125600000000026,4.844890000000009,-0.6148813982521009,0.0907116104873949,-9.58022471910084,0.05,0.14,0.15,4.900941409984422,18.183169402001692,-0.2672941774200005
2118.79,0.0,5.080342479471261,18.05585930275232,18.034973688073418,18.18862176146793,18.40895930275232,0.9888855572214188,0.0585702500000001,0.0585702500000001,0.0585702500000001,-0.194280000000003,-0.7085600000000061,4.831390000000021,-0.6548314606740859,-0.1489887640445151,-9.71505617977504,0.05,0.14,0.15,4.886934757503952,18.1721035137615,-0.23538007134357
2118.8,0.0,5.060314440216329,18.045864306922464,18.026406548790685,18.172915339449585,18.398964306922466,1.0688455772113732,0.0580702500000005,0.0580702500000005,0.0580702500000005,-0.1922800000000047,-0.7045600000000095,4.817890000000032,-0.6244305381731305,-0.3037046307884579,-9.888911138922992,0.05,0.14,0.15,4.8729293493852675,18.1610376255213,-0.1827719511242938
2118.81,0.0,5.0402864009613975,18.011295020000205,17.95885004000041,18.18548887999991,18.214140805001136,1.105814999999916,0.0575702500000009,0.0575702500000009,0.0575702500000009,-0.1902800000000064,-0.700560000000013,4.804390000000044,-0.4742428035052695,-0.313717146432982,-10.129211514391567,0.05,0.14,0.15,4.858925196388646,18.092443686250416,-0.09492807709398648
2118.82,0.0,5.020258361706352,17.972775020000096,17.881810040000193,18.20260887999996,18.00121080500053,1.1358150000000014,0.0570702499999985,0.0570702499999985,0.0570702499999985,-0.1882799999999968,-0.6965599999999936,4.790889999999979,-0.3874406991260504,-0.2920973782773109,-10.177690387016806,0.05,0.14,0.15,4.844922309397726,18.014601186250193,-0.06068959325097687
2118.83,0.0,5.00023032245142,17.887323081918375,17.85824762237767,18.135913691308943,18.11629880619328,1.191565543071156,0.0565702499999989,0.0565702499999989,0.0565702499999989,-0.1862799999999985,-0.692559999999997,4.77738999999999,-0.4074157303370429,-0.217191011236089,-9.90303370786566,0.05,0.14,0.15,4.830920699421581,17.999445800449568,-0.11675280697400242
2118.84,0.0,4.980202283196489,17.7943260789214,17.84328258741264,18.05574386113914,18.2841209840154,1.2514906367041336,0.0560702499999994,0.0560702499999994,0.0560702499999994,-0.1842800000000002,-0.6885600000000004,4.763890000000002,-0.4514972458686379,-0.0662443665503691,-9.71888332498754,0.05,0.14,0.15,4.816920377596045,17.994368377872146,-0.17512129826724313
2118.8500000000004,0.0,4.960174243941557,17.73252993751579,17.782336150962465,17.987475021244887,18.233225753561868,1.285752876438195,0.0555702499999998,0.0555702499999998,0.0555702499999998,-0.1822800000000019,-0.6845600000000038,4.750390000000014,-0.5366249374058635,0.2141762643957855,-9.688838257386166,0.05,0.14,0.15,4.802921355185835,17.933891715821254,-0.23741499190979629
2118.86,0.0,4.940146204686625,17.675834111472263,17.71387326668349,17.92115160209963,18.14657741564629,1.315767883941909,0.0550702500000002,0.0550702500000002,0.0550702500000002,-0.1802800000000036,-0.6805600000000073,4.736890000000025,-0.5862746566791952,0.2428489388282111,-9.707253433208049,0.05,0.14,0.15,4.788923643586338,17.864359098975417,-0.25428290839484613
2118.87,0.0,4.920118165431694,17.646700010000114,17.70422,17.927425209999914,18.15458085999989,1.3972906773305136,0.0545702500000007,0.0545702500000007,0.0545702500000007,-0.1782800000000053,-0.6765600000000107,4.723390000000037,-0.5762871410737274,-0.151657927587771,-9.807128589262728,0.05,0.14,0.15,4.77492725432549,17.858231519999975,-0.194791676681027
2118.88,0.0,4.900090126176762,17.622090010000186,17.70422,17.945615209999865,18.178120859999822,1.4872681829541643,0.0540702500000011,0.0540702500000011,0.0540702500000011,-0.176280000000007,-0.672560000000014,4.709890000000048,-0.6015319148928806,-0.4834668335399779,-9.882983729661776,0.045603357817477,0.14,0.15,4.7609321990656905,17.86251151999997,-0.1572868609977192
2118.8900000000003,0.0,4.9,17.595664705294773,17.598625644355955,17.905024045954175,18.06849995005028,1.5,0.0535702499999987,0.0535702499999987,0.0535702499999987,-0.1742799999999973,-0.6685599999999947,4.696389999999982,-0.6866382978720611,-0.708748435543691,-9.918027534417908,0.04,0.14,0.15,4.746938489605677,17.791953586413797,-0.15713818267396149
2118.9,0.0,4.9,17.568941428571506,17.47569857142892,17.854784285714427,17.9370214285718,1.5,0.0530702499999991,0.0530702499999991,0.0530702499999991,-0.172279999999999,-0.6645599999999982,4.682889999999994,-0.74,-0.6395181023739323,-9.887845193508584,0.04,0.14,0.15,4.732946137882824,17.709111428571664,-0.18682467093667426
2118.9100000000003,0.0,4.9,17.478092977023298,17.415064525474683,17.767901568431864,17.882493116883246,1.654028956565363,0.0525702499999995,0.0525702499999995,0.0525702499999995,-0.1702800000000008,-0.6605600000000016,4.669390000000005,-0.74,-0.075223470663394,-9.748019975031635,0.04,0.14,0.15,4.718955155974684,17.635888046953276,-0.26666303440044536
2118.92,0.0,4.9,17.376544525474877,17.36482476523494,17.67490456543489,17.84080480519495,1.833759360958432,0.0520702499999999,0.0520702499999999,0.0520702499999999,-0.1682800000000024,-0.656560000000005,4.655890000000017,-0.7140325406760529,0.4042728410503181,-9.758305381726371,0.04,0.14,0.15,4.704965556101358,17.564269665334912,-0.3062458376763665
2118.9300000000003,0.0,4.9,17.341713406593495,17.32646617382631,17.554489480519955,17.82196489510495,2.166444056814892,0.0515702500000004,0.0515702500000004,0.0515702500000004,-0.1662800000000042,-0.6525600000000084,4.642390000000029,-0.6439449311641849,0.7396921151428288,-10.023637046307014,0.04,0.14,0.15,4.6909773506275085,17.511158489011176,-0.2774322168266168
2118.94,0.0,4.9,17.31819692307702,17.29012251748267,17.42942454545506,17.80699986013992,2.525277846996685,0.0510702500000008,0.0510702500000008,0.0510702500000008,-0.1642800000000059,-0.6485600000000118,4.62889000000004,-0.6204893882644262,0.6426591760336056,-10.184411985018793,0.0444077568133642,0.14,0.15,4.676990552064478,17.461185961538668,-0.23513408490691162
2118.9500000000003,0.0,4.9,17.29916161646586,17.27469986947791,17.469688032128527,17.78922161646586,2.73312421580987,0.0505702499999984,0.0505702499999984,0.0505702499999984,-0.1622799999999962,-0.6445599999999925,4.615389999999975,-0.675420724094812,-0.1813108614221802,-10.169430711610506,0.05,0.14,0.15,4.663005173072378,17.458192783634537,-0.17016895984745947
2118.96,0.0,4.9,17.280898564257054,17.262882600401625,17.538443052208738,17.770958564257054,2.913801756587617,0.0500702499999988,0.0500702499999988,0.0500702499999988,-0.1602799999999979,-0.6405599999999959,4.601889999999987,-0.6413888888893955,-0.9058333333318136,-10.091388888889396,0.05,0.14,0.15,4.649021226462606,17.46329569528112,-0.09521266347387074
2118.9700000000003,0.0,4.9,17.273774285714293,17.23831142857147,17.496640000000095,17.619842857143137,3.247723069232789,0.05,0.05,0.05,-0.1561300967475802,-0.6387100322491934,4.592260193495161,-0.4562037037041512,-1.461388888887546,-9.906203703704152,0.05,0.14,0.15,4.639092669603226,17.40714214285725,-0.0032808142188828354
2118.98,0.0,4.9,17.26844825286213,17.21168126431065,17.436988432055845,17.447279392732984,3.60763309172637,0.05,0.05,0.05,-0.1516302092447713,-0.6372100697482571,4.583260418489544,-0.3548851148850215,-1.553231768233378,-9.836515984015694,0.05,0.14,0.15,4.629827691938129,17.3410993354904,0.02974767839072494
2118.99,0.0,4.87125373134341,17.190986397997886,17.161188170213002,17.267510548186046,17.482896325406447,3.8907149999993895,0.05,0.05,0.05,-0.1471303217419625,-0.6357101072473208,4.5742606434839255,-0.3948451548450488,-0.8639210789229079,-9.961391108890778,0.05,0.14,0.15,4.620566535237673,17.275645360450845,-0.03645028885289321
2119.0,0.0,4.841402985074784,17.100993907384904,17.106549872340835,17.07895485356837,17.554676050062042,4.1607149999993895,0.05,0.05,0.05,-0.1426304342391536,-0.6342101447463846,4.565260868478307,-0.4422578222776056,-0.2445181476866202,-9.969516896120917,0.05,0.14,0.15,4.611309222523446,17.210293670839036,-0.11555041874783978
2119.01,0.0,4.811552238805988,17.02122168331688,17.10408040959039,17.11545811188792,17.560552992008006,4.814778915815019,0.05,0.05,0.05,-0.1381305467363192,-0.6327101822454397,4.556261093472639,-0.5023329161450915,0.2561076345424289,-9.779279098873875,0.05,0.14,0.15,4.602055776992628,17.200328299200798,-0.21657203687307963
2119.02,0.0,4.781701492537362,16.943189715284937,17.110493996003974,17.190283286713072,17.555208336663352,5.534239320510814,0.05,0.05,0.05,-0.1336306592335103,-0.6312102197445034,4.5472613184670205,-0.575399600399259,0.3315184815207816,-9.60969530469579,0.05,0.14,0.15,4.59280622201977,17.199793833666334,-0.2746153454130761
2119.03,0.0,4.751850746268735,16.939814332425044,17.068960708446983,17.120880490463442,17.463134713896714,5.970357497517237,0.05,0.05,0.05,-0.1291307717307014,-0.6297102572435671,4.538261543461403,-0.6703046953043237,-0.3078421578396544,-9.474830169830698,0.05,0.14,0.15,4.583560581158081,17.148197561308045,-0.2604136134437218
2119.04,0.0,4.722000000000109,16.949356071340087,17.019131627446214,17.026523294525806,17.35605519940569,6.357646474676261,0.05,0.05,0.05,-0.1246308842278925,-0.6282102947426309,4.529261768455785,-0.6984334334337735,-0.8566916916901112,-9.417852852852551,0.05,0.14,0.15,4.574318878141233,17.08776654817945,-0.2214113004818183
2119.05,0.0,4.692149253731483,16.832672771084763,16.960686024096567,16.91767975903648,17.353511385542113,7.000070140278903,0.05,0.05,0.05,-0.1201309967250836,-0.6267103322416946,4.520261993450168,-0.6133483483486614,-1.2520870870856324,-9.492927927927653,0.05,0.14,0.15,4.565081136884945,17.016137484939982,-0.14036164130808482
2119.06,0.0,4.6622985074628565,16.690865542169323,16.900525381526382,16.805952851406133,17.37177443775092,7.691452905810406,0.05,0.05,0.05,-0.1156311092222748,-0.6252103697407583,4.51126221844455,-0.5562737262737623,-1.3826223776235096,-9.603346653346044,0.05,0.14,0.1541437980240979,4.555847381488606,16.94227955321319,-0.09091070391972988
2119.07,0.0,4.632447761194061,16.64593086771692,16.923461950487635,16.848678074518652,17.334107561890455,8.078259564892376,0.05,0.05,0.05,-0.1111312217194403,-0.6237104072398134,4.502262443438881,-0.5462837162836987,-1.0679370629365064,-9.773176823177124,0.05,0.14,0.16,4.546617636236893,16.938044613653418,-0.09457611655747332
2119.08,0.0,4.6025970149254345,16.619174178544643,16.961991582895713,16.920386001500354,17.28594552138036,8.408342085522326,0.05,0.05,0.05,-0.1066313342166314,-0.6222104447388772,4.493262668433263,-0.53442942942942,-0.8068668668667593,-9.90599599599604,0.0456010498687709,0.14,0.1556010498687709,4.537391925601642,16.94687432108027,-0.09764156741249909
2119.09,0.0,4.6000000000000005,16.585144239539062,16.960831936857954,16.88108355800568,17.271131936857955,8.815068905036487,0.05,0.05,0.05,-0.1021314467138226,-0.6207104822379409,4.484262893427645,-0.5194144144144429,-0.6366966966970191,-9.976066066065933,0.04,0.14,0.15,4.5281702742432275,16.924547917815165,-0.09968983238797315
2119.1000000000004,0.0,4.6000000000000005,16.549754612879177,16.952252633425253,16.821028433976785,17.262552633425255,9.23601603608014,0.05,0.05,0.05,-0.0976315592110137,-0.6192105197370046,4.475263118422028,-0.5044105894106433,-0.6455144855133714,-9.979010989011384,0.04,0.14,0.15,4.5189527070124775,16.896397078426617,-0.09328866559232277
2119.11,0.0,4.6000000000000005,16.44545550550618,16.935517647647753,16.71839868868933,17.238560070070225,9.656338169083885,0.05,0.05,0.05,-0.0931316717082048,-0.6177105572360683,4.46626334341641,-0.4894255744256331,-0.9552047952035828,-9.86912087912131,0.04,0.14,0.15,4.509739248952337,16.83448297797837,-0.07268429847341813
2119.12,0.0,4.6000000000000005,16.328708758759397,16.91730943943954,16.60807836836897,17.21178329329344,10.076548274137076,0.05,0.05,0.05,-0.0886317842053959,-0.616210594735132,4.457263568410792,-0.5264330413010974,-1.190861076344966,-9.820430538172484,0.04,0.14,0.15,4.500529925299616,16.76646996496534,-0.06797646998230736
2119.13,0.0,4.6000000000000005,16.312876203657922,16.881330232328416,16.60129912011858,17.20774,10.343201196708788,0.05,0.05,0.05,-0.0841318967025871,-0.6147106322341956,4.448263793405174,-0.6515894868580044,-1.300998748435044,-9.875499374217522,0.04,0.14,0.15,4.491324761486741,16.75081138902623,-0.0902199158768
2119.1400000000003,0.0,4.6000000000000005,16.314991873455266,16.842190341077554,16.61293530400397,17.20774,10.58254300673221,0.05,0.05,0.05,-0.0796320091997526,-0.6132106697332509,4.439264018399506,-0.702029455816258,-1.3401647528706753,-9.913729405891166,0.04,0.14,0.15,4.4821237831434795,16.7444643796342,-0.09730034827642906
2119.15,0.0,4.6000000000000005,16.24581350819675,16.821114052963438,16.53293080453976,17.239838380832268,10.8224906226562,0.05,0.05,0.05,-0.0751321216969437,-0.6117107072323146,4.430264243393888,-0.6271417873191457,-1.2602845731404222,-9.923714428357448,0.04,0.14,0.15,4.47292701609894,16.709924186633053,-0.07894670315364817
2119.1600000000003,0.0,4.6000000000000005,16.161616786885464,16.80384293064317,16.43362185119824,17.278698406052865,11.0625506376598,0.05,0.05,0.05,-0.0706322341941348,-0.6102107447313783,4.421264468388269,-0.5892740926156953,-1.083872340426543,-9.88919399249094,0.04,0.14,0.15,4.463734486383065,16.669444993694935,-0.08979824457728415
2119.17,0.0,4.6000000000000005,16.143927275000017,16.773161105000096,16.395516375000078,17.22972475500019,11.555646088477683,0.05,0.05,0.05,-0.0726735247067227,-0.6126735247067226,4.409305901173109,-0.6143053817270767,-0.7434468085117558,-9.779056320400862,0.04,0.14,0.15,4.452261090635843,16.635582377500093,-0.1502710138853849
2119.1800000000003,0.0,4.6000000000000005,16.138577275000017,16.739991105000097,16.368766375000078,17.164454755000193,12.095511122218054,0.05,0.05,0.05,-0.0757840828297197,-0.6157840828297197,4.396863668681121,-0.6430419580418323,-0.4983266733269788,-9.706273726273762,0.04,0.14,0.15,4.440421532337306,16.602947377500097,-0.1964246238000544
2119.19,0.0,4.586308483547289,16.031292913543766,16.668947141429616,16.283391544228294,17.088387141429617,12.660915228805232,0.05,0.05,0.05,-0.0788946409527167,-0.6188946409527167,4.3844214361891325,-0.6780069930068562,-0.4134115884119209,-9.696283716283755,0.04,0.14,0.15,4.428589648080506,16.518004685157823,-0.21850822583318255
2119.2000000000003,0.0,4.571328706246568,15.905096011994022,16.590876176911554,16.18713967016493,17.010316176911555,13.231057764442022,0.05,0.05,0.05,-0.0820051990757315,-0.6220051990757315,4.371979203697074,-0.6832841051313965,-0.601451814768719,-9.72714643304134,0.04,0.14,0.15,4.416765499538366,16.423357008995517,-0.1960565569953291
2119.21,0.0,4.5563489289459325,15.850062475000016,16.540718050000017,16.11158117500003,16.902463650000044,13.573200000000451,0.05,0.05,0.05,-0.0851157571987285,-0.6251157571987286,4.3595369712050855,-0.638227784731038,-1.2522653316627834,-9.827271589486582,0.04,0.14,0.15,4.404949149005657,16.351206337500027,-0.09809899765131756
2119.2200000000003,0.0,4.541369151645297,15.808332475000016,16.49577805000002,16.03989117500003,16.789043650000046,13.87320000000045,0.05,0.05,0.05,-0.0882263153217255,-0.6282263153217256,4.347094738713097,-0.6118651685393027,-1.7383370786507155,-9.927303370786056,0.04,0.14,0.15,4.393140659405871,16.28326133750003,-0.02356373180810831
2119.23,0.0,4.526389374344661,15.81438696348172,16.453524887443784,15.976288294147164,16.809060890445156,14.17319999999973,0.05,0.05,0.05,-0.0913368734447226,-0.6313368734447227,4.33465250622111,-0.6168589263420509,-1.948074906366137,-10.027178526841018,0.04,0.14,0.15,4.381340094298839,16.263315258879455,0.011683537037644055
2119.24,0.0,4.511409597044026,15.829374457228576,16.411774012006116,15.91419724862448,16.85402337168572,14.473199999998878,0.05,0.05,0.05,-0.0944474315677196,-0.6344474315677197,4.322210273729121,-0.5995694618275171,-1.9054117647078737,-10.011992490614157,0.0444012605041316,0.14,0.1544012605041316,4.3695475178881145,16.252342272386223,0.010755177872339011
2119.25,0.0,4.496429819743391,15.774043634548487,16.41335073889162,15.881950169745505,16.76012636045985,14.848831168829436,0.05,0.05,0.05,-0.0975579896907166,-0.6375579896907166,4.309768041237133,-0.544500625782478,-1.4348235294139036,-9.801729662078552,0.05,0.14,0.16,4.3577629950285175,16.207367725911364,-0.051505984579641007
2119.26,0.0,4.4814500424426695,15.705666200699,16.4229663155267,15.855240234648049,16.64046585122325,15.238441558441917,0.05,0.05,0.05,-0.1006685478137314,-0.6406685478137314,4.297325808745074,-0.5137303370786517,-1.0616629213483146,-9.69611235955056,0.05,0.14,0.16,4.345986591233708,16.15608465052425,-0.09595928862616207
2119.27,0.0,4.466470265142034,15.651548708708749,16.411896706706717,15.81046941441445,16.618679294294296,15.65399399399447,0.05,0.05,0.05,-0.1037791059367284,-0.6437791059367285,4.284883576253086,-0.5237178526841196,-0.8519250936334888,-9.766024968788836,0.05,0.14,0.16,4.334218372684186,16.123148531031052,-0.11054211531972659
2119.28,0.0,4.451490487841398,15.60013729729732,16.396901711711717,15.762271216216238,16.61546608108108,16.074414414415024,0.05,0.05,0.05,-0.1068896640597254,-0.6468896640597255,4.2724413437610975,-0.5225707133918245,-0.7998648310378875,-9.774710888611166,0.0456010498687709,0.14,0.1556010498687709,4.322458406234725,16.09369407657659,-0.11425578320155542
2119.29,0.0,4.45,15.533754330944957,16.35728524245966,15.722833191134873,16.583113191134874,16.54498500499863,0.05,0.05,0.05,-0.1100002221827225,-0.6500002221827226,4.25999911126911,-0.5025456821027193,-1.0151339173957676,-9.679591989987918,0.04,0.14,0.15,4.310706759422571,16.04924648891859,-0.09954168587394392
2119.3,0.0,4.45,15.46457252791223,16.313065945675856,15.685032824529362,16.54531282452936,17.024825058313684,0.05,0.05,0.05,-0.1131107803057195,-0.6531107803057196,4.247556878777122,-0.534764044943266,-1.1835730337074497,-9.59202247191046,0.04,0.14,0.15,4.298963500475406,16.0019960306617,-0.10609898843185342
2119.31,0.0,4.45,15.395390724879505,16.26884664889205,15.647232457923852,16.507512457923852,17.504665111628743,0.05,0.05,0.05,-0.1162213384287166,-0.6562213384287167,4.235114646285133,-0.654614232209221,-1.273460674156916,-9.517116104869238,0.04,0.14,0.15,4.287228698319485,15.954745572404814,-0.1483364302897592
2119.32,0.0,4.45,15.371846839999987,16.284383500000022,15.598014879999957,16.533973840000034,17.832773613194213,0.05,0.05,0.05,-0.1193318965517313,-0.6593318965517313,4.222672413793075,-0.7095643465197126,-1.300275413119582,-9.54245368052102,0.04,0.14,0.15,4.275502422587802,15.947054765,-0.16016691467322922
2119.33,0.0,4.45,15.356866839999986,16.31113350000002,15.546654879999956,16.572493840000032,18.13262368815625,0.05,0.05,0.05,-0.1224424546747283,-0.6624424546747284,4.210230181301086,-0.6544817225838607,-1.220155232849252,-9.737746619929949,0.04,0.14,0.15,4.263784743628697,15.946787264999998,-0.120444902421842
2119.34,0.0,4.45,15.301714041708106,16.295677100297937,15.418653247269258,16.55352903674283,18.63468000000047,0.05,0.05,0.05,-0.1255530127977253,-0.6655530127977254,4.197787948809098,-0.6163768466941215,-1.2080431097117243,-9.852753693388244,0.04,0.14,0.15,4.252075732513899,15.892393356504533,-0.09150298185848565
2119.3500000000004,0.0,4.45,15.239022879841311,16.272300734856085,15.276269930487052,16.523777298907742,19.174680000000468,0.05,0.05,0.05,-0.1286635709207224,-0.6686635709207225,4.18534571631711,-0.6066892710099461,-1.3097626543955658,-9.833378542019892,0.04,0.14,0.15,4.240375461047348,15.827842711023049,-0.08060474417405077
2119.36,0.0,4.45,15.20328338028182,16.1639969818919,15.30882370221298,16.476768531187343,19.26,0.05,0.05,0.05,-0.1317741290437194,-0.6717741290437195,4.172903483825122,-0.6015990700077346,-1.411981400154693,-9.812004649961327,0.04,0.14,0.15,4.2286840017737815,15.78821814889351,-0.07150097356861827
2119.37,0.0,4.45,15.173142535211428,16.038051307847752,15.37771706237388,16.426174969819183,19.26,0.05,0.05,0.05,-0.1348846871667164,-0.6748846871667166,4.160461251333134,-0.6067656936191949,-1.515313872383898,-9.786171531904026,0.04,0.14,0.15,4.217001427987504,15.75377146881306,-0.0664006909052384
2119.38,0.0,4.45,15.12067168792232,16.080831732932786,15.321313143286302,16.43785854463602,19.66371814092719,0.05,0.05,0.05,-0.1379952452897135,-0.6779952452897136,4.148019018841145,-0.5689113607996479,-1.5221023720358675,-9.75132334581802,0.04,0.14,0.15,4.205327813741264,15.740168777194356,-0.058256443294441275
2119.3900000000003,0.0,4.4236173393124,15.063947506876772,16.155750462615583,15.241043075769015,16.461404431107756,20.143478260869188,0.05,0.05,0.05,-0.1405926810970029,-0.6837536469476851,4.135653671955311,-0.4590486891385646,-1.3672958801497956,-9.701385767790256,0.04,0.14,0.15,4.194152673192734,15.730536369092281,-0.04501721692118273
2119.4,0.0,4.3937219730941885,14.962866711376227,16.16501941877795,15.143354927968366,16.390103725782556,20.34604348912764,0.05,0.05,0.05,-0.1422598571785821,-0.6943124287976866,4.123427714023731,-0.4327759699623533,-1.2290838548186187,-9.656981226533198,0.04,0.14,0.15,4.183893369641055,15.665336195976273,-0.05728623065562895
