t_s,ICU_Brakpresr_bar,ICU_Speed_kmh,ICU_Speedfl_kmh,ICU_Speedfr_kmh,ICU_Speedrl_kmh,ICU_Speedrr_kmh,ICU_SteeringAngle_deg,SBG_GPS1_VELOCITY_ACC_D,SBG_GPS1_VELOCITY_ACC_E,SBG_GPS1_VELOCITY_ACC_N,GPS1_VEL_D_ms,GPS1_VEL_E_ms,GPS1_VEL_N_ms,IMU_ACCEL_X_ms2,IMU_ACCEL_Y_ms2,IMU_ACCEL_Z_ms2,SBG_VELOCITY_ACC_D,SBG_VELOCITY_ACC_E,SBG_VELOCITY_ACC_N,GPS1_VEL_MAG_ms,WHEEL_SPEED_kmh,IMU_ACCEL_LONG_ms2
1934.09,0.0,18.75,68.67199703641566,68.82248547071625,69.19930646752836,69.5953436516195,-1.0021089455262682,0.07,0.07,0.07,0.4957985923118636,3.2465452084461046,-18.40736112615051,-1.8107435317783,2.0149233860761098,-8.394694800300973,0.05,0.19,0.16,18.69804309715698,69.07228315656994,-1.0483912892938612
1934.1,0.0,18.75,68.73376578956209,68.6939202752138,69.30201497566719,69.63556516529624,-0.6222988505739847,0.07,0.07,0.07,0.5012127774769916,3.2265127233351314,-18.403029778018407,-2.900921878926578,-1.5771389098272053,-8.183692539562598,0.05,0.19,0.16,18.690454879771703,69.09131655143483,-1.072911799318728
1934.11,0.0,18.75,68.79553454270851,68.56535507971134,69.40472348380602,69.67578667897298,-0.2424887556217012,0.07,0.07,0.07,0.5066269626421195,3.2064802382241577,-18.398698429886306,-2.306704119849908,-1.546779026217186,-9.64209737827782,0.05,0.19,0.16,18.6828876331069,69.11034994629972,-0.6558056793500633
1934.12,0.0,18.75,68.71822898081243,68.58273493147269,69.1575966309496,69.5792192923001,-0.1401387168689496,0.07,0.07,0.07,0.5120411478072475,3.1864477531131845,-18.3943670817542,-1.6824843945072785,-1.4518976279651064,-11.130237203494648,0.05,0.19,0.16,18.675341382654572,69.0094449588837,-0.23083343620155455
1934.13,0.0,18.75,68.57211385497104,68.67232376775499,68.73738232743496,69.41497309244919,-0.1698637602179898,0.07,0.07,0.07,0.5174553329723908,3.166415268002154,-18.390035733622085,-1.4246933667082706,0.1346808510645718,-11.061877346683309,0.05,0.19,0.16,18.66781615387713,68.84919826065254,-0.31958580289549127
1934.14,0.0,18.75,68.42745319949792,68.5474435633623,68.7528110664997,69.39938642409042,-0.3792943548384853,0.07,0.07,0.07,0.5228695181375187,3.146382782891181,-18.385704385489984,-1.1743804755948126,1.7517021276575095,-10.961752190237926,0.05,0.19,0.16,18.660311972207136,68.78177356336259,-0.4188223453005754
1934.15,0.0,18.75,68.2835335006273,68.31330554579664,68.99017116687588,69.45953196988711,-0.6817137096771049,0.07,0.07,0.07,0.5282837033026467,3.126350297780207,-18.38137303735788,-1.0571253746255609,0.5138411588432465,-10.022649850151396,0.05,0.19,0.16,18.652828863046825,68.76163554579674,-0.392850959984163
1934.16,0.0,18.743093040658515,68.28044339660352,68.3262791608394,68.99401688311669,69.48367710289712,-1.0231215607806976,0.07,0.07,0.07,0.5271452455590355,3.1241235341925044,-18.36350586322998,-0.942240259740156,-0.7748701298712952,-9.068603896103037,0.05,0.19,0.16,18.634816273730546,68.77110413586418,-0.3646494080159723
1934.17,0.0,18.728126714891506,68.34671712287712,68.46096447552448,68.88284805194805,69.49009068931069,-1.3833016508252651,0.07,0.07,0.07,0.5229655172413801,3.130160919540229,-18.339356321839084,-1.1756145181478266,-0.6478322903628619,-9.290523153942576,0.05,0.19,0.16,18.61191528601556,68.79515508491508,-0.42264598587292984
1934.18,0.0,18.713160389124493,68.26465122912002,68.41586722513098,68.73830723011729,69.51788079281972,-1.922290530490374,0.07,0.07,0.07,0.5187857889237246,3.1361983048879534,-18.315206780448182,-1.415914893617088,-0.4926382978722972,-9.535829787234112,0.05,0.19,0.16,18.58902035915143,68.734176619297,-0.4823568559598825
1934.19,0.0,18.69819406335744,68.10885965594584,68.28141696335051,68.57718032909466,69.55629515332842,-2.5469806643544057,0.07,0.07,0.07,0.5146060606060574,3.142235690235695,-18.29105723905722,-1.5869013732837398,0.4770461922616692,-10.14869912609364,0.05,0.19,0.16,18.56613151556002,68.63093802542986,-0.5478579925979828
1934.2,0.0,18.68322773759043,68.02855763850584,68.15855955377275,68.75168718977227,69.45197308598625,-3.118549118388481,0.07,0.07,0.07,0.510426332288402,3.14827307558342,-18.266907697666323,-1.7566891385769352,1.4608164794016538,-10.767925093633528,0.05,0.19,0.16,18.543248777768095,68.59769436700928,-0.6134592660938465
1934.21,0.0,18.66826141182342,67.98671256455252,68.04160793682628,69.0971772875407,69.2749362346453,-3.6626297229214577,0.07,0.07,0.07,0.5062466039707465,3.154310460931144,-18.242758156275425,-1.9857972465580127,-0.0269511889849973,-10.35294868585767,0.05,0.19,0.16,18.520372168407555,68.6001085058912,-0.5984967684885433
1934.2200000000005,0.0,18.653295086056364,67.95495993003495,67.90347801099432,68.99827356321798,69.22044641679162,-4.042048463652485,0.07,0.07,0.07,0.5020668756530793,3.160347846278885,-18.218608614884456,-2.2160851063830487,-1.5638723404259969,-9.917404255319015,0.05,0.19,0.16,18.49750171021616,68.51928948025972,-0.581932033722154
1934.23,0.0,18.63832876028935,67.92822329835083,67.75482233883064,68.67850344827596,69.2268632083958,-4.341823632275733,0.07,0.07,0.07,0.4978871473354238,3.1663852316266103,-18.19445907349356,-2.210182272159809,-1.4574606741574134,-9.772551810237315,0.05,0.19,0.16,18.474637426038356,68.39710307346331,-0.6129365889610274
1934.24,0.0,18.623362434522345,67.85595999002507,67.66901257855369,68.3513278304244,69.24466202493763,-4.60023827252405,0.07,0.07,0.07,0.4937074190177684,3.172422616974335,-18.17030953210266,-2.2001947565543265,-1.3226292134834052,-9.63272659176057,0.05,0.19,0.16,18.45177933882541,68.2802406059852,-0.6447638074044532
1934.25,0.0,18.608396108755286,67.76096747132164,67.61457866334162,68.0204550124686,69.26814332169577,-4.838510796724238,0.07,0.07,0.07,0.4895276907001011,3.178460002322076,-18.14615999071169,-2.160730913642029,0.4471088861087,-10.763894868586416,0.05,0.19,0.16,18.428927471636246,68.1660361172069,-0.6443453975367711
1934.26,0.0,18.6,67.67935046430354,67.6478113729406,67.91993646530204,69.07096906640037,-4.999456603773699,0.07,0.07,0.07,0.4853479623824457,3.1844973876698006,-18.1220104493208,-2.1206808510638187,2.2493617021281613,-11.920340425532236,0.05,0.19,0.16,18.406081847638212,68.07951684223664,-0.6432856926643693
1934.27,0.0,18.6,67.60456264603098,67.72580438342483,67.93703082376435,68.76113381927121,-5.120211320754641,0.07,0.07,0.07,0.4811682340647903,3.190534773017525,-18.0978609079299,-1.697837702871761,0.9398801498138456,-11.346027465668408,0.05,0.18,0.16,18.38324249010724,68.00713291812285,-0.45203771512843927
1934.28,0.0,18.6,67.62434682388374,67.72834137481176,67.90181881585536,68.56419874560935,-5.240520390292885,0.07,0.07,0.07,0.476988505747123,3.196572158365267,-18.073711366538934,-1.268374531834811,-0.4234157303383328,-10.741782771535023,0.05,0.18,0.16,18.360409422428724,67.95467644004005,-0.2575006219915219
1934.29,0.0,18.6,67.6930673457101,67.69183359759151,67.83954084295021,68.42568394380307,-5.360610457843491,0.07,0.07,0.07,0.4728087774294676,3.202609543712992,-18.04956182514804,-0.955664580725724,-2.025672090113591,-9.988795994993296,0.05,0.18,0.16,18.33758266809825,67.91253143251372,-0.09983400944803318
1934.3,0.0,18.6,67.65859923899518,67.69381796568021,67.91160567520532,68.4354229644368,-5.4,0.07,0.07,0.07,0.4686290491118122,3.208646929060716,-18.02541228375713,-0.6452765957445945,-3.632680851064277,-9.232851063829578,0.05,0.18,0.16,18.31476225072181,67.92486146107937,0.057099329896549325
1934.31,0.0,18.6,67.57238188012907,67.71510620243727,68.0510436259641,68.5195114996272,-5.4,0.07,0.07,0.07,0.4644493207941448,3.2146843144084576,-18.00126274236617,-1.0819080919087245,-1.2589660339625972,-10.025254745255898,0.05,0.18,0.16,18.291948194016687,67.96451080203941,-0.21643633382460759
1934.32,0.0,18.6,67.50533855851322,67.69496233550973,67.95957801104937,68.50691122551471,-5.4,0.07,0.07,0.07,0.4602695924764894,3.220721699756182,-17.97711320097527,-1.531458541458393,1.1835914085906012,-10.844435564435292,0.05,0.18,0.16,18.269140521812137,67.91669753264677,-0.49741652760802235
1934.33,0.0,18.6,67.44837220994474,67.65304370165745,67.74676033149166,68.44349585635356,-5.4,0.07,0.07,0.07,0.456089864158834,3.2267590851039065,-17.952963659584373,-1.4565315315316547,1.5049549549545496,-10.560495495495935,0.05,0.18,0.16,18.246339258049712,67.82291802486185,-0.5486422116675328
1934.34,0.0,18.6,67.39726432499992,67.40861113999942,67.89790769500055,68.43430725500004,-5.44018004501131,0.07,0.07,0.07,0.4519101358411668,3.232796470451648,-17.928814118193408,-1.3714464464464218,1.7852352352353171,-10.2551901901901,0.05,0.18,0.16,18.223544426784045,67.78452260374999,-0.5954180122563919
1934.35,0.0,18.6,67.34911432499999,67.06193113999991,68.23281769500008,68.45249725500001,-5.50019504876221,0.07,0.07,0.07,0.4477304075235113,3.2388338557993723,-17.90466457680251,-1.7737153772682086,-0.3787965616036319,-10.01997612225416,0.05,0.18,0.16,18.200756052183657,67.77409010375,-0.5410809474209254
1934.36,0.0,18.581649571798543,67.29531385114888,67.00883711788208,68.21022210789219,68.5594632667332,-5.5200000000000005,0.07,0.07,0.07,0.4435506792058559,3.244871241147097,-17.880515035411612,-2.184412607449385,-2.585100286530418,-9.785974212034652,0.05,0.18,0.16,18.177974158531203,67.76845908591409,-0.48499523689656454
1934.37,0.0,18.536837781318592,67.23866050449554,67.1039719830169,68.00712520479536,68.71125147852136,-5.5200000000000005,0.0699339869440857,0.0699339869440857,0.0699339869440857,0.437573292289683,3.248896951040765,-17.859191097429893,-2.313955928646205,-1.7385729275993378,-10.20776495277976,0.05,0.18,0.16,18.157574409571517,67.76525229270729,-0.5526901924805447
1934.38,0.0,18.49202599083852,67.14087454136448,67.05883193701557,67.6529747763053,68.56829679580062,-5.48035149384877,0.0694450013447107,0.0694450013447107,0.0694450013447107,0.421448988566405,3.2415677220756387,-17.853816329522136,-2.4083945435467218,-0.5108709338926203,-10.711437565582516,0.05,0.18,0.16,18.150596080434315,67.6052445126215,-0.6358403268478849
1934.39,0.0,18.44721420035857,67.02213422644331,66.94223108722812,67.22187255186175,68.27519007248168,-5.420095405473221,0.068956015745337,0.068956015745337,0.068956015745337,0.4053246848431728,3.234238493110533,-17.84844156161439,-2.429640359640359,1.0664985014984387,-11.505614385614354,0.05,0.18,0.16,18.143633949923732,67.36535698450372,-0.6868060543993251
1934.4,0.0,18.40240240987862,66.92461011252813,66.86951969492374,67.30571954988747,68.08897239309827,-5.48,0.0684670301459633,0.0684670301459633,0.0684670301459633,0.3892003811199406,3.226909264145428,-17.843066793706647,-2.449620379620373,2.649915084914519,-12.3048151848149,0.05,0.18,0.16,18.13668803669425,67.2972054376094,-0.7372151848847863
1934.41,0.0,18.35759061939854,66.83791843960971,66.81921711927971,67.65248624156115,67.9573294823703,-5.6000300075021405,0.0679780445465882,0.0679780445465882,0.0679780445465882,0.3730760773966626,3.219580035180301,-17.837692025798887,-2.0374643304126905,0.3030087609493104,-11.794508135168543,0.05,0.18,0.16,18.129758359385445,67.31673782070521,-0.43199438326907164
1934.42,0.0,18.31277882891859,66.83979601197909,66.82983782879964,67.59968720738678,67.8145385076115,-5.64,0.0674890589472145,0.0674890589472145,0.0674890589472145,0.3569517736734303,3.2122508062151955,-17.832317257891145,-1.616938673342081,-2.120020025028962,-11.258838548185746,0.05,0.18,0.16,18.122844936621874,67.27096488894425,-0.1198857440293325
1934.43,0.0,18.26796703843864,66.88679376590966,66.87149492887447,67.34333582231099,67.66606833042177,-5.64,0.0670000733478408,0.0670000733478408,0.0670000733478408,0.3408274699501981,3.20492157725009,-17.8269424899834,-1.339875156055502,-2.110886392010092,-10.79815480649284,0.05,0.18,0.16,18.115947787012725,67.19192321187923,-0.0975113473720699
1934.44,0.0,18.22315524795856,66.84980270676677,66.79663094736817,67.09828191478653,67.71369871679225,-5.67955944931167,0.0665110877484657,0.0665110877484657,0.0665110877484657,0.3247031662269201,3.197592348284964,-17.82156772207564,-1.0652184769039643,-2.060948813982539,-10.338729088639358,0.05,0.18,0.16,18.109066929151723,67.11460357142843,-0.07999776922304726
1934.45,0.0,18.17834345747861,66.76935157894727,66.66147305263141,66.85907389473654,67.86280147368439,-5.739634543178985,0.066022102149092,0.066022102149092,0.066022102149092,0.3085788625036879,3.1902631193198583,-17.816192954167896,-1.2858558558558442,0.0512612612611511,-10.89954954954952,0.05,0.18,0.16,18.102202381616948,67.0381749999999,-0.28885362351184735
1934.46,0.0,18.15,66.62453079060846,66.6521457115477,66.7895937997125,67.81417494010535,-5.779864763335809,0.0655331165497183,0.0655331165497183,0.0655331165497183,0.2924545587804557,3.182933890354753,-17.810818186260153,-1.5160860860861476,2.203413413413989,-11.480130130130286,0.05,0.18,0.16,18.095354162970555,66.97011131049351,-0.5020937991221575
1934.4700000000005,0.0,18.15,66.44713740297038,66.70649166267381,66.80600012458078,67.66549262098673,-5.80991735537191,0.0650441309503432,0.0650441309503432,0.0650441309503432,0.2763302550571777,3.175604661389626,-17.805443418352393,-1.48072908863912,1.248409488137781,-10.562224719099213,0.05,0.18,0.16,18.088522291758608,66.90628045280292,-0.5298300010627777
1934.48,0.0,18.15,66.35532660397072,66.56948760710537,66.86906636363642,67.53808693834894,-5.80011471321698,0.0645551453509695,0.0645551453509695,0.0645551453509695,0.2602059513339454,3.1682754324245206,-17.800068650444647,-1.4407790262171916,0.2396704119840911,-9.618404494381156,0.05,0.18,0.16,18.081706786510964,66.83299187826536,-0.55435809766016
1934.49,0.0,18.15,66.32625659352146,66.29220443051241,66.96633909090896,67.42627920585177,-5.770189526184584,0.0640661597515959,0.0640661597515959,0.0640661597515959,0.2440816476107132,3.160946203459415,-17.794693882536905,-1.651124186279413,-1.822503755633391,-9.099193790686044,0.05,0.18,0.16,18.074907665740955,66.75276983019864,-0.4891404345573977
1934.5,0.0,18.15,66.37395095547781,66.10932962481229,67.0899699049526,67.54474827413726,-5.721081878534498,0.0635771741522208,0.0635771741522208,0.0635771741522208,0.2279573438874352,3.153616974494289,-17.789319114629144,-1.8664471707565369,-3.9056284426678887,-8.588427641461239,0.05,0.18,0.16,18.068124947945222,66.779499689845,-0.42213792462724364
1934.51,0.0,18.15,66.46066431215617,65.97444218109041,67.22699841920974,67.78026603301673,-5.662070322104719,0.0630881885528471,0.0630881885528471,0.0630881885528471,0.2118330401642029,3.146287745529184,-17.783944346721402,-2.179415730337319,-1.3075106117332855,-9.400197253433848,0.05,0.18,0.16,18.06135865160361,66.86059273636826,-0.6745485611715086
1934.52,0.0,18.15,66.25962213167695,65.96230515279504,66.89246984347814,67.57767923478252,-5.659133978604163,0.0625992029534734,0.0625992029534734,0.0625992029534734,0.1957087364409707,3.138958516564078,-17.778569578813656,-2.4940224719100046,1.3691435705359107,-10.2341548064916,0.05,0.18,0.16,18.054608795178805,66.67301909068316,-0.9323179337770074
1934.53,0.0,18.15,65.91296871552733,66.01228279254667,66.31932201739029,67.15340097391228,-5.68969943963325,0.0621102173540983,0.0621102173540983,0.0621102173540983,0.1795844327176927,3.131629287598951,-17.7731948109059,-2.431226840260282,2.1077315973971817,-10.08789183775638,0.05,0.18,0.16,18.04787539711626,66.34949362484414,-1.010166225765162
1934.54,0.0,18.15,65.79005711915535,65.87548873805918,66.32566232277546,66.96208046254395,-5.819072087802574,0.0616212317547246,0.0616212317547246,0.0616212317547246,0.1634601289944605,3.1243000586338456,-17.767820042998153,-2.361121682523743,2.808783174762568,-9.922643965948824,0.05,0.18,0.16,18.041158475843982,66.23832216063349,-1.084529807730883
1934.55,0.0,18.15,65.78682936651585,65.63878687782817,66.64198208144781,66.89537357466067,-5.998667997006864,0.0611322461553509,0.0611322461553509,0.0611322461553509,0.1473358252712283,3.11697082966874,-17.76244527509041,-1.962076884672941,-0.2503944083878,-9.807009485771328,0.05,0.18,0.16,18.03445804977227,66.24074297511312,-0.6499182611151783
1934.56,0.0,18.14484692859992,65.8489246519781,65.6199548322485,66.65502793189765,66.79547654982458,-6.000690517888208,0.0606432605559758,0.0606432605559758,0.0606432605559758,0.1312115215479503,3.109641600703614,-17.75707050718265,-1.5576834747868125,-3.370713929114103,-9.6921817274086,0.05,0.18,0.16,18.027774137293527,66.22984599148721,-0.20703069614760777
1934.57,0.0,18.129888811328296,65.9442977115674,65.71211306960444,66.51357575363039,66.67867134201298,-5.910622967225382,0.0601542749566021,0.0601542749566021,0.0601542749566021,0.115087217824718,3.1023123717385084,-17.751695739274908,-1.559822277847317,-2.339727158947824,-9.385509386733176,0.05,0.18,0.16,18.021106756782153,66.2121644692038,-0.36136607176055524
1934.58,0.0,18.11493069405667,65.87588643849216,65.73728853174605,66.25715567460338,66.6537286706349,-5.959160419790065,0.06,0.06,0.06,0.1150438169425295,3.0985589094449915,-17.733427458617403,-1.5698347934918553,-1.2283379224040711,-9.075121401752488,0.05,0.18,0.16,18.002465159670866,66.13101482886913,-0.527268456414784
1934.59,0.0,18.099972576785003,65.72515231150777,65.72879646825396,65.94294932539648,66.67495882936511,-6.079100449775394,0.06,0.06,0.06,0.1224124319060961,3.0964535908839728,-17.709216295165685,-1.2113811188805572,0.9515384615418472,-10.096730769232378,0.05,0.18,0.16,17.978302240004346,66.01796423363083,-0.4789551320115414
1934.6,0.0,18.08501445951337,65.65541143185928,65.69017491040604,65.8277931283906,66.60699692585895,-6.172720000000134,0.06,0.06,0.06,0.1297810468696418,3.0943482723229594,-17.685005131714036,-0.8467457542453085,3.1493406593433466,-11.14068681318809,0.05,0.18,0.16,17.95414272136953,65.94509409912872,-0.42704794975418997
1934.61,0.0,18.07005634224175,65.62937822456028,65.63529409501896,65.82005352622062,66.49090289330935,-6.252720000000058,0.06,0.06,0.06,0.1371496618331874,3.0922429537619465,-17.660793968262382,-0.952900725181364,1.6928382095514771,-10.462960740184622,0.05,0.18,0.16,17.929986617514366,65.8939071847773,-0.4138106106266733
1934.62,0.0,18.055098224970124,65.60334501726128,65.58041327963187,65.81231392405066,66.37480886075974,-6.332719999999982,0.06,0.06,0.06,0.1445182767967331,3.090137635200933,-17.636582804810732,-1.0679294823705887,0.1674568642161058,-9.752783195798974,0.05,0.18,0.16,17.905833942259132,65.84272027042589,-0.4013021478087378
1934.63,0.0,18.040140107698456,65.6647130910926,65.49651978299269,66.0148063991925,66.340462775675,-6.261149999999796,0.06,0.06,0.06,0.1518868917602997,3.0880323166399144,-17.612371641359015,-1.3300999500253174,-1.7444977511268285,-9.313043478260328,0.05,0.18,0.16,17.881684709496707,65.87912551223819,-0.3570817892114628
1934.64,0.0,18.025181990426827,65.78243199091588,65.39392074186229,66.35284323996947,66.35882260408779,-6.111150000000009,0.06,0.06,0.06,0.1592555067238454,3.085926998078901,-17.588160477907365,-1.594967516241791,-3.663538230883917,-8.878260869565363,0.05,0.18,0.16,17.857538933193364,65.97200464420887,-0.31228015350227095
1934.65,0.0,18.0102238731552,65.7077646981181,65.27825764849688,66.27197980444927,66.39124230261544,-6.138549788924581,0.06,0.06,0.06,0.1666241216873911,3.0838216795178885,-17.563949314455716,-1.8210012515643044,-0.989051314144532,-9.454425531914495,0.05,0.18,0.16,17.833396627388794,65.91231111341992,-0.5790936281935901
1934.66,0.0,18.0,65.51840268394025,65.15480616964061,65.94138092886806,66.43204406257641,-6.257745219766567,0.06,0.06,0.06,0.1739927366509577,3.0817163609568694,-17.539738151003995,-2.0462828535673774,1.7744030037598284,-10.050170212767066,0.05,0.18,0.16,17.809257806196797,65.76165846125633,-0.8519424618028361
1934.67,0.0,18.0,65.33856270270269,65.15395675675677,65.79092594594594,66.51571945945946,-6.280635000000017,0.06,0.06,0.06,0.1813613516145034,3.079611042395856,-17.515526987552345,-2.1384044943820912,2.487945068664689,-10.781970037453744,0.05,0.18,0.16,17.785122483805964,65.69979121621623,-0.8463258320650553
1934.68,0.0,18.0,65.16558972972977,65.2415243243243,65.7703854054054,66.63031405405403,-6.250635000000018,0.06,0.06,0.06,0.188729966578049,3.077505723834843,-17.491315824100695,-2.2282921348314297,3.16709612983747,-11.516052434456675,0.05,0.1798347547974645,0.16,17.760990674479736,65.70195337837839,-0.8360374380723803
1934.69,0.0,18.0,65.09148528643215,65.04873260301443,65.80683190452274,66.49357134673315,-6.22063499999996,0.06,0.06,0.06,0.1960985815416156,3.075400405273824,-17.467104660648978,-2.161226840260282,0.1785428142165859,-10.80788182273296,0.05,0.17,0.16,17.736862392557097,65.61015528517561,-0.6099285381790984
1934.7,0.0,18.0,65.08288227135678,64.67019993969832,65.88103290954777,66.1903150653265,-6.190635000000002,0.06,0.06,0.06,0.2034671965051613,3.073295086712811,-17.442893497197325,-2.091121682523743,-2.881046569856637,-10.071777666499305,0.05,0.17,0.16,17.71273765245326,65.45610754648234,-0.3796396284881233
1934.71,0.0,18.0,65.04484448724367,64.50153713356681,65.851597723862,66.13469007003494,-6.199345654345631,0.06,0.06,0.06,0.210835811468707,3.071189768151798,-17.418682333745675,-2.011397903145384,-1.829570644035374,-9.544173739391582,0.05,0.17,0.16,17.68861646865977,65.38316735367685,-0.5420499562298461
1934.7200000000005,0.0,18.0,64.988106118059,64.46620946973484,65.75632008504245,66.23639092046031,-6.229315684315736,0.06,0.06,0.06,0.2182044264322736,3.069084449590779,-17.394471170293958,-1.931517723414904,-0.7112481278086542,-9.019960059910307,0.05,0.17,0.16,17.664498855745165,65.36175664832413,-0.7108456374259986
1934.73,0.0,18.0,64.93154933565565,64.68212139338135,65.56089676536457,66.0442417765614,-6.220694999999979,0.06,0.06,0.06,0.2255730413958193,3.066979131029766,-17.370260006842308,-1.518391608391892,1.2896403596389965,-10.39182817182722,0.05,0.17,0.16,17.640384828355703,65.30470231774075,-0.5725527356080169
1934.74,0.0,18.0,64.8751074346853,65.05698081114667,65.30211597412318,65.66618753421287,-6.190695000000021,0.06,0.06,0.06,0.2329416563593649,3.064873812468753,-17.34604884339066,-1.098811188811606,3.3076223776203726,-11.80041958041818,0.05,0.17,0.16,17.616274401215446,65.225097938542,-0.4283121446184002
1934.75,0.0,18.0,64.81308324337701,64.92720474374802,65.3508182470911,65.57169125526129,-6.199305000000049,0.06,0.06,0.06,0.2403102713229316,3.062768493907734,-17.321837679938938,-1.3252540675848496,1.6346057571938055,-10.947797246556814,0.05,0.17,0.16,17.592167589126973,65.16569937236936,-0.4594244905253787
1934.76,0.0,17.98669541805858,64.74738381282496,64.46518939341422,65.6019596187175,65.66388239168111,-6.229305000000049,0.06,0.06,0.06,0.2476788862864772,3.060663175346721,-17.297626516487288,-1.565554443054111,-0.1175844806028925,-10.046670838547085,0.05,0.17,0.16,17.56806440697209,65.11960380415945,-0.4942982375303227
1934.77,0.0,17.941823303584865,64.73456907294832,64.39294799392087,65.54968303951381,65.55362642857156,-6.104864999999851,0.0596397368421053,0.0596397368421053,0.0596397368421053,0.2496394736842112,3.0592789473684228,-17.27557894736845,-1.2997496871090204,-2.282520650812458,-9.322435544430888,0.05,0.17,0.16,17.546143038040952,65.05770663373863,-0.28952261453033296
1934.78,0.0,17.89695118911102,64.7595032168187,64.59892570415447,65.28082792299838,65.29886452380896,-5.894864999999553,0.0591134210526307,0.0591134210526307,0.0591134210526307,0.2491131578947365,3.058226315789473,-17.254526315789462,-1.024405506883434,-4.455236545683447,-8.601534418022082,0.05,0.17,0.16,17.525224219572618,64.98453034194512,-0.0802299122176802
1934.79,0.0,17.852079074637306,64.71276987807897,64.64690590694194,65.01421861657083,65.32789820850994,-5.82,0.0585871052631576,0.0585871052631576,0.0585871052631576,0.2485868421052633,3.0571736842105266,-17.233473684210534,-1.2902621722845071,-1.3697003745334149,-9.105955056179514,0.05,0.17,0.16,17.50430580108432,64.9254481525254,-0.41401674981943254
1934.8,0.0,17.80720696016359,64.62011996516539,64.59365883055482,64.74904817616299,65.53875663100293,-5.82,0.0580607894736844,0.0580607894736844,0.0580607894736844,0.2480605263157901,3.0561210526315805,-17.212421052631605,-1.5649188514352643,1.8013358302071447,-9.630299625467323,0.05,0.17,0.16,17.483387784011704,64.87539590072153,-0.7566341490454681
1934.81,0.0,17.762334845689747,64.45123513839914,64.49416976346224,64.77868206341265,65.57463497735262,-5.684759999999519,0.0575344736842098,0.0575344736842098,0.0575344736842098,0.2475342105263154,3.055068421052631,-17.191368421052616,-1.8795594493119263,2.955742177723168,-9.954473091364497,0.05,0.17,0.16,17.462470169797257,64.82468048565666,-0.9332760629856266
1934.82,0.0,17.71746273121603,64.23152703573228,64.36385270256669,65.00485216909912,65.49385993960745,-5.474759999999818,0.0570081578947367,0.0570081578947367,0.0570081578947367,0.2470078947368422,3.0540157894736844,-17.170315789473687,-2.194953692115332,4.072137672090778,-10.274873591990175,0.05,0.17,0.16,17.441552959890537,64.77352296175138,-1.106789554634846
1934.83,0.0,17.672590616742315,64.14122767646322,64.14404660638068,65.0020914594325,65.31167973875944,-5.438649662415601,0.0564818421052636,0.0564818421052636,0.0564818421052636,0.246481578947369,3.0529631578947383,-17.14926315789476,-1.955162975864692,0.4811022642455476,-9.589559591938428,0.05,0.17,0.16,17.42063615574786,64.64976137025896,-0.7565686857736093
1934.84,0.0,17.627718502268475,64.13262682240642,63.86774416980634,64.85480183371,65.06548029138386,-5.498664666166672,0.0559555263157889,0.0559555263157889,0.0559555263157889,0.2459552631578943,3.0519105263157886,-17.128210526315772,-1.7063448619054862,-3.186476735513133,-8.887892510573472,0.05,0.17,0.16,17.399719758832514,64.48016327932666,-0.3978318110497135
1934.85,0.0,17.58284638779476,64.15073581734275,63.80162161282491,64.74095686179251,65.07025904299256,-5.5200000000000005,0.0554292105263158,0.0554292105263158,0.0554292105263158,0.245428947368421,3.050857894736842,-17.107157894736844,-1.8365323992996665,-2.53394796096968,-9.430758068552205,0.05,0.17,0.16,17.378803770614983,64.44089333373819,-0.4272471317103898
1934.86,0.0,17.55,64.18504235122664,63.86295753704157,64.64739358756371,65.22723742530978,-5.5200000000000005,0.0549028947368427,0.0549028947368427,0.0549028947368427,0.2449026315789478,3.049805263157896,-17.086105263157915,-1.9766374781087075,-1.7683737803345638,-10.00618964223219,0.05,0.17,0.16,17.357888192572634,64.48065772528543,-0.46681933382981655
1934.87,0.0,17.55,64.07597190184057,63.9106798773006,64.52761693251539,65.21978220858901,-5.461995000000081,0.0543765789473695,0.0543765789473695,0.0543765789473695,0.2443763157894746,3.048752631578949,-17.065052631578986,-1.98,0.5113440320940628,-10.40178535606783,0.05,0.17,0.16,17.33697302618999,64.43351273006138,-0.6451329555481911
1934.88,0.0,17.55,63.85606392638017,63.94787824130883,64.3875760327197,65.0852116564416,-5.371994999999825,0.0538502631578949,0.0538502631578949,0.0538502631578949,0.2438499999999999,3.0477,-17.043999999999997,-1.98,2.8282948846539355,-10.792958876629886,0.05,0.17,0.16,17.316058272958657,64.31918246421259,-0.8268582515193866
1934.89,0.0,17.55,63.7229022857143,63.858109523809546,64.34181066666666,64.85180323809527,-5.359335000000031,0.0533239473684218,0.0533239473684218,0.0533239473684218,0.2433236842105267,3.0466473684210533,-17.022947368421068,-1.5326307884857675,1.3115819774724,-10.465702127659696,0.05,0.17,0.16,17.295143934377606,64.19365642857144,-0.5684361183862473
1934.9,0.0,17.55,63.64566920300758,63.68648045112795,64.3568282105263,64.55467040601525,-5.389334999999988,0.0527976315789486,0.0527976315789486,0.0527976315789486,0.2427973684210535,3.0455947368421072,-17.001894736842143,-1.0770613266586264,-0.2754017521891807,-10.125276595744907,0.05,0.17,0.16,17.274230011952866,64.06091206766926,-0.3019461097705333
1934.91,0.0,17.55,63.61181978867924,63.708504719496986,64.35339950691822,64.39347753459113,-5.361329999999938,0.052271315789474,0.052271315789474,0.052271315789474,0.2422710526315788,3.0445421052631576,-16.980842105263154,-1.1873770491805111,-2.094890710385317,-9.386393442621806,0.05,0.17,0.16,17.253316507197724,64.0168003874214,-0.2616168069747068
1934.92,0.0,17.55,63.60535941132076,63.85278648050304,64.33832529308177,64.31810646540885,-5.301330000000024,0.0517450000000009,0.0517450000000009,0.0517450000000009,0.2417447368421056,3.043489473684211,-16.959789473684225,-1.3066020864382586,-3.918040238451704,-8.641236959760885,0.05,0.17,0.16,17.23240342163297,64.0286444125786,-0.22484818568265594
1934.93,0.0,17.55,63.59763873267328,63.88892822277232,64.15508754455487,64.38066420297008,-5.28,0.0512186842105277,0.0512186842105277,0.0512186842105277,0.2412184210526324,3.042436842105265,-16.938736842105296,-1.4420105686965436,-1.5889204831401202,-9.064924509310574,0.05,0.17,0.16,17.21149075678658,64.00557967574264,-0.44839105938895946
1934.94,0.0,17.55,63.5891634851485,63.86032426237621,63.87116675247496,64.52580281683184,-5.28,0.0506923684210531,0.0506923684210531,0.0506923684210531,0.2406921052631576,3.041384210526316,-16.917684210526307,-1.5778938097637594,0.8620105687018786,-9.52290135883341,0.05,0.17,0.16,17.190578514193927,63.961614329207876,-0.6795704514769996
1934.95,0.0,17.55,63.43262864851601,63.76513436350255,63.806833657100825,64.57797480990925,-5.260664999999969,0.05016605263158,0.05016605263158,0.05016605263158,0.2401657894736844,3.040331578947369,-16.896631578947378,-1.7127415730338538,1.917685393259545,-10.006886392010513,0.05,0.17,0.16,17.169666695398018,63.89564286975716,-0.7613822568339437
1934.96,0.0,17.539316090524803,63.179628893794685,63.62656188373817,63.88556802060332,64.56957647780231,-5.230665000000012,0.05,0.05,0.05,0.2427400685017068,3.0403425085627136,-16.88177979449488,-1.8475730337078613,2.95139325842694,-10.491280898876392,0.05,0.17,0.16,17.155089458817905,63.81533381898463,-0.8408424140507231
1934.9700000000005,0.0,17.499524993782625,63.08244250636782,63.34712551197119,63.930168130412646,64.45900431991835,-5.162154076290118,0.05,0.05,0.05,0.2467401685042146,3.040842521063027,-16.869779494487357,-1.8106708385481416,-0.4909662077635488,-9.708500625781348,0.05,0.17,0.16,17.14342626610225,63.7046851171675,-0.5889657910243379
1934.98,0.0,17.45973389704056,63.104245868568505,62.96011583290901,63.94870098828324,64.27040523688241,-5.072400897531846,0.05,0.05,0.05,0.250740268506711,3.041342533563339,-16.857779194479868,-1.7706207759699883,-4.015371714641036,-8.902493116396014,0.05,0.17,0.16,17.131764487598776,63.570866981660785,-0.33101578506143553
1934.99,0.0,17.419942800298493,63.17749184703808,62.868241254686176,64.05489612596827,64.10526341414668,-4.943861584754493,0.05,0.05,0.05,0.2547403685092074,3.041842546063651,-16.845778894472378,-1.8535780274655185,-3.4702047440709856,-8.865418227216024,0.05,0.17,0.16,17.12010412619743,63.55147316045981,-0.42117377163348935
1935.0,0.0,17.380151703556315,63.28446510372413,62.96986584853792,64.21856520869792,63.955500854786216,-4.793410230691949,0.05,0.05,0.05,0.2587404685117151,3.0423425585639645,-16.833778594464853,-1.9384719101123573,-2.860966292134848,-8.840449438202247,0.05,0.17,0.16,17.108445184795674,63.607099253936546,-0.5168123817553617
1935.01,0.0,17.34036060681425,63.22376832036157,63.02118451920662,63.88333480291252,63.89806550338941,-4.662677322677266,0.05,0.05,0.05,0.2627405685142115,3.0428425710642766,-16.821778294457364,-1.881006257822299,0.4831464330401038,-9.641331664580438,0.05,0.17,0.16,17.096787666298635,63.506588286467526,-0.7240428418299607
1935.02,0.0,17.300569510072183,63.05291218177271,63.03945215666581,63.22032701983496,63.9012892041175,-4.542797202797184,0.05,0.05,0.05,0.2667406685167079,3.0433425835645886,-16.809777994449878,-1.820931163954984,3.8773892365434217,-10.457351689611473,0.05,0.17,0.16,17.085131573618906,63.30349514059775,-0.9333187736959638
1935.03,0.0,17.260778413330005,62.89020983337464,63.06152266102962,63.02301064411847,63.87127183785123,-4.5,0.05,0.05,0.05,0.2707407685192157,3.043842596064902,-16.797777694442352,-1.5397677902618645,2.174861423219045,-10.160269662921008,0.05,0.17,0.16,17.073476909676675,63.21150374409349,-0.7068235299402547
1935.04,0.0,17.220987316587937,62.73267688137279,63.08600413330017,63.1209365332007,63.82018006963442,-4.5,0.05,0.05,0.05,0.2747408685217121,3.044342608565214,-16.785777394434863,-1.2551235955056252,0.3920898876404948,-9.845662921348325,0.05,0.17,0.16,17.06182367739985,63.18994940437702,-0.4734674906317057
1935.05,0.0,17.181196219845873,62.64693688800794,62.99370172447975,63.218643508424144,63.64290540138761,-4.538631368631303,0.05,0.05,0.05,0.2787409685242085,3.044842621065526,-16.773777094427373,-1.2942453066332755,-2.2455569461817926,-8.925596996245636,0.05,0.17,0.16,17.050171879723894,63.12554688057486,-0.3515747610544513
1935.06,0.0,17.150000000000002,62.60876047571844,62.82402878097085,63.31620545094176,63.38203325074267,-4.598571428571514,0.05,0.05,0.05,0.2827410685267163,3.04534263356584,-16.761776794419852,-1.3393016270338904,-4.898873591995762,-7.994433041299601,0.05,0.17,0.16,17.038521519591928,63.03275698959343,-0.23172514713385078
1935.07,0.0,17.150000000000002,62.62106127979934,62.68191675784168,63.33803914680044,63.46953556838206,-4.62,0.05,0.05,0.05,0.2867411685292127,3.045842646066152,-16.749776494412362,-1.4383516483516945,-2.530384615383488,-8.52093406593432,0.05,0.17,0.16,17.026872599954864,63.027638188205884,-0.4315922355152282
1935.08,0.0,17.150000000000002,62.66939252195738,62.55947761104129,63.305818318695074,63.80570620828136,-4.62,0.05,0.05,0.05,0.2907412685317091,3.046342658566464,-16.737776194404873,-1.5382517482516207,-0.082832167835293,-9.070384615383912,0.05,0.17,0.16,17.01522512377123,63.08509866499377,-0.6364929540489376
1935.09,0.0,17.150000000000002,62.58514757820338,62.54130565085786,63.09992986881854,63.92022793138234,-4.696737553165032,0.05,0.05,0.05,0.2947413685342169,3.046842671066777,-16.725775894397348,-1.7464798598951463,1.6413360020033336,-9.5421215911939,0.05,0.17,0.16,17.0035790940073,63.03665275731554,-0.8143132983511956
1935.1,0.0,17.150000000000002,62.40915363269404,62.595291523713485,62.77385519677057,63.88135810292629,-4.816827620715638,0.05,0.05,0.05,0.2987414685367133,3.047342683567089,-16.71377559438986,-1.956637478108708,3.3526194645994734,-10.012474355767106,0.05,0.17,0.16,16.99193451363721,62.9149146140261,-0.9916512950202839
1935.11,0.0,17.150000000000002,62.36264411409396,62.50400475838924,62.71239767114096,63.75507676510065,-4.962462922846246,0.05,0.05,0.05,0.3027415685392097,3.047842696067401,-16.70177529438237,-1.7043517361979406,0.7596052960288899,-9.872510617037271,0.05,0.17,0.16,16.980291385642776,62.83353082718121,-0.6584796566423521
1935.12,0.0,17.150000000000002,62.39926827516776,62.3194477114095,62.82083391275162,63.57267408053702,-5.122436260623199,0.05,0.05,0.05,0.3067416685417061,3.0483427085677133,-16.68977499437488,-1.4445465900577923,-1.903397451907629,-9.72262303272565,0.05,0.17,0.16,16.968649713013665,62.77805599496647,-0.31700704858917
1935.13,0.0,17.150000000000002,62.43589243624167,62.13489066442924,62.92927015436258,63.39027139597288,-5.282409598400606,0.05,0.05,0.05,0.3107417685442138,3.048842721068027,-16.677774694367358,-1.6858708708709835,-2.69744744744779,-9.075818318318024,0.05,0.17,0.16,16.957009498747347,62.722581162751595,-0.4133668463150186
1935.14,0.0,17.150000000000002,62.460921510000006,62.13035785000004,62.863834289999936,63.33740666000001,-5.34,0.05,0.05,0.05,0.3147418685467102,3.049342733568339,-16.665774394359868,-1.9361211211209568,-3.458208208207711,-8.420162662663092,0.05,0.17,0.16,16.945370745849242,62.6981300775,-0.51752518561992
1935.15,0.0,17.150000000000002,62.47911150999998,62.232007849999896,62.695844290000174,63.360946659999975,-5.34,0.05,0.05,0.05,0.3187419685492066,3.0498427460686512,-16.65377409435238,-1.7335131086146014,-0.5447690387068547,-9.00487890137222,0.05,0.17,0.16,16.933733457332576,62.691977577500005,-0.6639452434785059
1935.16,0.0,17.144593987215366,62.3842324699998,62.34711845000015,62.57160123999987,63.30372305999987,-5.34,0.05,0.05,0.05,0.3187536363636361,3.054050681818183,-16.639717499999996,-1.5237752808988818,2.426516853932508,-9.609123595505604,0.05,0.17,0.16,16.920668660771515,62.65166880499992,-0.8110306712081145
1935.17,0.0,17.11962395125853,62.2226624699998,62.47016845000015,62.47316123999988,63.198863059999866,-5.34,0.05,0.05,0.05,0.3169354545454559,3.0599597727272685,-16.62471750000001,-1.4757436154231784,2.0177666499754205,-10.07731597396049,0.05,0.17,0.16,16.906952234151003,62.591213804999924,-0.6815417621890122
1935.18,0.0,17.094653915301695,62.10213215303826,62.36906277069268,62.564547676919226,63.07581021255314,-5.378309999999948,0.05,0.05,0.05,0.3151172727272757,3.065868863636354,-16.609717500000023,-1.430676014021118,1.5470605908872326,-10.543014521781782,0.05,0.17,0.16,16.893240252076954,62.527888203300826,-0.5469832624759366
1935.19,0.0,17.06968387934479,62.005808072017935,62.1357444411101,62.76789851462881,62.94202676669157,-5.438310000000032,0.05,0.05,0.05,0.3132990909090903,3.0717779545454564,-16.594717499999994,-1.2578401997503437,-1.5195255930081766,-10.299138576779074,0.05,0.17,0.16,16.87953272538082,62.46286944861211,-0.2069746711727104
1935.2,0.0,17.044713843387953,62.02669946,62.0493,62.82438018,62.809611505,-5.46,0.05,0.05,0.05,0.3114809090909102,3.077687045454542,-16.579717500000008,-1.0830586766544077,-4.625642946313102,-10.04445692883928,0.05,0.17,0.16,16.865829664925865,62.42749778625,0.1361626017277543
1935.21,0.0,17.01974380743112,62.11657946,62.0493,62.79442018,62.678001505,-5.46,0.05,0.05,0.05,0.30966272727273,3.0835961363636275,-16.56471750000002,-1.3406883604501347,-3.081439299126532,-9.282528160201496,0.05,0.17,0.16,16.852131081607027,62.40957528625,-0.22623569544767821
1935.2200000000005,0.0,16.99477377147421,62.0219026499996,62.06209773500004,62.79477060500003,62.73633683500033,-5.383761880940185,0.05,0.05,0.05,0.3078445454545447,3.08950522727273,-16.549717499999993,-1.6060200250315315,-1.4544055068821171,-8.511564455568756,0.05,0.17,0.16,16.838436986351127,62.40377695625,-0.6012007839496394
1935.23,0.0,16.969803735517377,61.81860264999989,62.08242773500001,62.81296060500001,62.90646683500009,-5.263701850925329,0.05,0.05,0.05,0.3060263636363645,3.0954143181818154,-16.534717500000006,-1.6247565543071134,1.5065543071155656,-9.400149812733916,0.05,0.17,0.16,16.824747390117093,62.40511445625,-0.780906936370831
1935.24,0.0,16.94483369956054,61.66782185546391,62.05020972743188,62.64116064016015,62.927728527131805,-5.258121878121851,0.05,0.05,0.05,0.3042081818181844,3.101323409090901,-16.51971750000002,-1.6397378277153367,4.4878277153519655,-10.314007490635529,0.05,0.17,0.16,16.811062303895827,62.32173018754693,-0.9576396024559662
1935.25,0.0,16.919863663603635,61.54795188797177,61.98706394098513,62.35753973493322,62.86137193798437,-5.318061938061978,0.05,0.05,0.05,0.302389999999999,3.1072325000000034,-16.50471749999999,-1.6891987981973264,1.7848673009497276,-9.867531296945131,0.05,0.17,0.16,16.797381738710417,62.188481875468625,-0.7607550313911323
1935.26,0.0,16.900000000000002,61.53191220000003,61.73787649999975,62.29776470000005,62.71480789999986,-5.416060984753754,0.05,0.05,0.05,0.3005718181818188,3.113141590909089,-16.489717500000005,-1.7392739108662825,-1.0193390085118184,-9.396825237856945,0.05,0.17,0.16,16.78370570561637,62.07059032499993,-0.5572157003771442
1935.27,0.0,16.900000000000002,61.57685219999997,61.37942650000026,62.36945469999995,62.52113790000014,-5.536030992251785,0.05,0.05,0.05,0.2987536363636386,3.1190506818181745,-16.47471750000002,-1.8384023964053096,-3.3921367948058427,-9.385079880179736,0.05,0.16,0.16,16.77003421570146,61.96171782500008,-0.34555039682904537
1935.28,0.0,16.900000000000002,61.616399400000056,61.31083950000016,62.42226990000007,62.43060519999995,-5.541961471103268,0.05,0.05,0.05,0.2969354545454533,3.124959772727277,-16.45971749999999,-1.938252621068552,-5.758587119324671,-9.380087368946572,0.05,0.16,0.16,16.75636728008597,61.945028500000056,-0.13376553305533534
1935.29,0.0,16.900000000000002,61.65277940000006,61.41248950000016,62.46399990000006,62.40064519999995,-5.481916437327965,0.05,0.05,0.05,0.2951172727272731,3.1308688636363624,-16.444717500000003,-1.7235252879317642,-2.13468953429919,-9.69487230846289,0.05,0.16,0.16,16.74270490992289,61.98247850000006,-0.39084276566753245
1935.3,0.0,16.900000000000002,61.51935964017977,61.51410749625193,62.13649457271332,62.31072971514235,-5.650357232075865,0.05,0.05,0.05,0.293299090909093,3.136777954545448,-16.429717500000017,-1.503194792188357,1.5959063595380458,-10.015353029544208,0.05,0.16,0.16,16.72904711639779,61.87017285607184,-0.6562712315479338
1935.31,0.0,16.900000000000002,61.28621621189362,61.61570669665186,61.59213675162317,62.18560227886033,-5.950132400699965,0.05,0.05,0.05,0.2914809090909076,3.1426870454545504,-16.414717499999988,-1.7017249126314669,2.737346480281809,-10.462810783825171,0.05,0.16,0.16,16.71539391072906,61.66991548475725,-0.7739150045423933
1935.32,0.0,16.900000000000002,61.13182883395749,61.63256211735329,61.50310788014992,62.13313029213482,-6.078995502248912,0.05,0.05,0.05,0.2896627272727274,3.148596136363636,-16.3997175,-1.9064178731905304,3.840691462807494,-10.912136794808482,0.05,0.16,0.16,16.701745304168107,61.600157280898884,-0.88938437058888
1935.33,0.0,16.900000000000002,61.023893752809045,61.599433528089904,61.68264346067406,62.12351231460675,-6.108980509745158,0.05,0.05,0.05,0.2878445454545473,3.154505227272721,-16.384717500000015,-1.3983324987478063,0.4751226840239506,-10.4526114171254,0.05,0.16,0.16,16.68810130799923,61.60737076404494,-0.4383391581790037
1935.34,0.0,16.900000000000002,61.08838033358253,61.37078415235199,61.87853098332119,62.07519629076415,-6.195466070097313,0.05,0.05,0.05,0.2860263636363619,3.160414318181824,-16.369717499999986,-0.8775513269891821,-2.9700450676100263,-9.976897846768964,0.05,0.16,0.16,16.67446193353985,61.60322294000496,0.022796644687248124
1935.35,0.0,16.900000000000002,61.255659397560514,61.02557130694519,62.08416703012216,62.003809683843606,-6.314780014914481,0.05,0.05,0.05,0.2842081818181818,3.1663234090909094,-16.3547175,-1.07782171099947,-3.68597411933921,-9.355981308410655,0.05,0.16,0.16,16.660827192140722,61.592301854617865,-0.0639818626250244
1935.36,0.0,16.895322074428343,61.3248447952048,60.99939590409598,62.09401766233761,61.99305498501499,-6.285498625343535,0.05,0.05,0.05,0.2823900000000016,3.172232499999995,-16.339717500000013,-1.2887011742150405,-4.361746944643651,-8.732928348910107,0.05,0.16,0.16,16.64719709518581,61.60282833666334,-0.15882202137939225
1935.37,0.0,16.86543117620688,61.33339624375625,61.170424875124894,61.982848831168816,62.01977826173827,-6.165528617845504,0.05,0.05,0.05,0.2805718181818214,3.1781415909090804,-16.324717500000027,-1.361680167232706,-0.746613535414399,-9.294860203813627,0.05,0.16,0.16,16.63357165409255,61.62661205294705,-0.47420250604954006
1935.38,0.0,16.835540277985334,61.23416482552306,61.18287096709851,61.73644394815479,62.01886847457623,-6.12,0.05,0.05,0.05,0.2857729354176551,3.175309489973156,-16.307732512237482,-1.4191664489155804,3.350590540892278,-9.989921609615656,0.05,0.16,0.16,16.616449567173436,61.54308705383815,-0.8143600462464733
1935.39,0.0,16.80564937976387,61.06774408773658,61.09646019940168,61.40573607178422,62.00073288135591,-6.12,0.05,0.05,0.05,0.2941944312858512,3.168467024580246,-16.289836833517565,-1.557797752808787,3.080269662921832,-10.246067415729977,0.05,0.16,0.16,16.59772628138799,61.392668310069595,-0.7940414689229813
1935.4,0.0,16.77575848154241,60.931158085642345,61.04040050377834,61.39644906801003,61.92066282115872,-6.1948795180722085,0.05,0.05,0.05,0.3026159271540474,3.1616245591873366,-16.27194115479765,-1.697622971285536,2.745687890138182,-10.495755305867029,0.05,0.16,0.16,16.579008269429785,61.32216761964736,-0.7684190826657893
1935.41,0.0,16.745867583320866,60.81364675062964,61.00374559193952,61.59266065491198,61.800995314861375,-6.315361445783204,0.05,0.05,0.05,0.3110374230222675,3.154782093794408,-16.254045476077682,-1.6409461827284126,-0.8770463078847279,-10.386813516896124,0.05,0.16,0.16,16.56029554918171,61.30276207808563,-0.38916794215151185
1935.42,0.0,16.715976685099402,60.82576904726178,60.846182795699015,61.604699614903765,61.694579614903766,-6.265622188905561,0.05,0.05,0.05,0.3194589188904637,3.1479396284014984,-16.236149797357765,-1.5808710888610973,-4.556645807257794,-10.27166958698377,0.05,0.16,0.16,16.54158813860265,61.24280776819208,-0.0038011466807751776
1935.43,0.0,16.686085786877943,60.91567152288063,60.61607526881744,61.50623499874979,61.59611499874979,-6.1156971514243255,0.05,0.05,0.05,0.3278804147586599,3.141097163008589,-16.218254118637848,-1.707955056179588,-3.3648988764063184,-9.979640449438628,0.05,0.16,0.16,16.522886055727565,61.158524197299414,-0.21459591651640125
1935.44,0.0,16.656194888656398,60.90813278053617,60.54319265143994,61.34108591360455,61.60908744289979,-6.04120608023918,0.05,0.05,0.05,0.33630191062688,3.13425469761566,-16.20035843991788,-1.837792759051224,-2.1014781523092445,-9.685008739076068,0.05,0.16,0.16,16.504189318668022,61.10037469712012,-0.4341622162330735
1935.45,0.0,16.626303990434934,60.84225393247267,60.564443892750745,61.13601143495526,61.68877959781532,-6.011303264390739,0.05,0.05,0.05,0.3447234064950761,3.127412232222751,-16.182462761197964,-1.7612615769712168,1.1925657071338018,-10.172115143929895,0.05,0.16,0.16,16.48549794561271,61.057872214498495,-0.6772701585700401
1935.46,0.0,16.6,60.72702021500013,60.58120596499998,61.10344995999993,61.67393865000007,-6.07458406195335,0.05,0.05,0.05,0.3531449023632723,3.1205697668298416,-16.164567082478047,-1.6811614518147964,4.521727158947528,-10.672740926157523,0.05,0.16,0.16,16.466811954827516,61.02140369750002,-0.9207852300265891
1935.4700000000005,0.0,16.6,60.58043021499992,60.595115965000005,61.18048996000004,61.59903864999996,-6.194494129402989,0.05,0.05,0.05,0.3615663982314924,3.1137273014369127,-16.146671403758077,-1.5618876404492703,2.98532584269438,-10.542202247190817,0.05,0.16,0.16,16.448131364656064,60.98876869749998,-0.7407256882526861
1935.48,0.0,16.6,60.48466250879844,60.53078010055312,61.22357847159375,61.50414764203125,-6.2772859288933045,0.05,0.05,0.05,0.3699878940996886,3.106884836044004,-16.128775725038164,-1.4420374531834856,1.3773358302117655,-10.402377028714069,0.05,0.16,0.16,16.42945619352025,60.935792180744144,-0.5544339477051017
1935.49,0.0,16.6,60.42118337355466,60.41673284062363,61.24509682252384,61.39655588738079,-6.337376064096052,0.05,0.05,0.05,0.3784093899678847,3.100042370651094,-16.110880046318247,-1.366201201201262,-1.518313313310943,-10.168763763763955,0.05,0.16,0.16,16.410786459920295,60.869892231020735,-0.26322123743156484
1935.5,0.0,16.6,60.43839313060823,60.27539575274163,61.199429297108594,61.331368938185406,-6.322627372627328,0.05,0.05,0.05,0.3868308858361049,3.093199905258165,-16.092984367598277,-1.2911261261260567,-4.436231231233933,-9.93352852852831,0.05,0.16,0.16,16.39212218243533,60.81114677966096,0.02980597587974489
1935.51,0.0,16.6,60.50453470588244,60.11750941176449,61.11301852941165,61.29189735294112,-6.262687312687287,0.05,0.05,0.05,0.395252381704301,3.086357439865256,-16.07508868887836,-1.4523626373627356,-2.556248751247587,-9.797157842157764,0.05,0.16,0.16,16.373463379723898,60.75673999999992,-0.24046598575731634
1935.52,0.0,16.6,60.41764639639624,60.0813916666667,60.87716319819791,61.17375081081066,-6.295893080189832,0.05,0.05,0.05,0.4036738775724972,3.079514974472346,-16.057193010158443,-1.617197802197848,-0.6032017982012552,-9.66229270729267,0.05,0.16,0.16,16.354810070524053,60.637488018017876,-0.5193161074184323
1935.53,0.0,16.6,60.23556431431384,60.1210212962964,60.54834437937852,61.006663723723285,-6.385825630777062,0.05,0.05,0.05,0.4120953734407173,3.0726725090794176,-16.039297331438476,-1.7873610415627157,1.4777115673555803,-9.827361041562716,0.05,0.16,0.16,16.336162273653905,60.47789842842801,-0.7678599925311413
1935.54,0.0,16.6,60.075727794667166,60.13416104659855,60.3984929080488,60.98513767256424,-6.438627941912889,0.05,0.05,0.05,0.4205168693089135,3.065830043686508,-16.02140165271856,-1.9576164246371663,3.5608362543841574,-9.997616424637169,0.05,0.16,0.16,16.31752000801216,60.39837985546969,-1.015879761649934
1935.55,0.0,16.6,59.92961266882641,60.130961445302766,60.35903115873413,61.05339583354096,-6.468673009514263,0.05,0.05,0.05,0.4289383651771097,3.0589875782935985,-16.003505973998642,-1.7089465801299686,1.7292511233162378,-10.0,0.05,0.16,0.16,16.298883292578225,60.36825027660106,-0.7415559208024822
1935.56,0.0,16.596251743375127,59.92739428714621,60.00305087446723,60.46316964169411,60.96436825858152,-6.48,0.05,0.05,0.05,0.4373598610453297,3.0521451129006696,-15.985610295278674,-1.4543285072390637,-0.1579181228163517,-10.0,0.05,0.16,0.16,16.28025214641274,60.339495765472265,-0.45981543640567263
1935.57,0.0,16.561384239888408,60.016404560260725,59.796075179152766,60.65834879478857,60.7756235830616,-6.48,0.05,0.05,0.05,0.4324121687412778,3.043857469933416,-15.970605542251109,-1.3713009757318142,-1.7541431073301936,-9.945894420815623,0.05,0.16,0.16,16.263833802862315,60.31161302931592,-0.2741401469458595
1935.58,0.0,16.52651673640169,60.08422451063832,59.69094125657069,60.66120761451809,60.69927711639549,-6.461355000000018,0.05,0.05,0.05,0.4213592462959609,3.0349098660491114,-15.956920971604523,-1.2912409306980768,-3.345336502375728,-9.890853139854928,0.05,0.16,0.16,16.248432182937332,60.28391262453064,-0.09012620877179299
1935.59,0.0,16.49164923291487,60.13886280851072,59.64915902878592,60.54443164455551,60.69284908135168,-6.431354999999975,0.05,0.05,0.05,0.4103063238506126,3.0259622621647817,-15.943236400957902,-1.3391881089183733,-1.245073694726282,-10.03756432675512,0.05,0.16,0.16,16.23303994414682,60.25632564080096,-0.3024177002092479
1935.6,0.0,16.456781729428155,60.048464167915895,59.66104395802103,60.31325628185882,60.592424147925904,-6.382691345672812,0.05,0.05,0.05,0.3992534014052958,3.0170146582804778,-15.929551830311318,-1.389150637022248,0.913307519361104,-10.187451911066743,0.05,0.16,0.16,16.217657113201884,60.153797138930415,-0.5209486372115864
1935.61,0.0,16.421914225941435,59.86879400299838,59.70596149925041,60.01166707646156,60.43414328835571,-6.322661330665299,0.05,0.05,0.05,0.3882004789599789,3.008067054396174,-15.915867259664736,-1.4982924386579148,2.003390085126989,-10.258913370055035,0.05,0.16,0.16,16.202283716898563,60.00514146676652,-0.6601364716961222
1935.62,0.0,16.387046722454716,59.75641140588821,59.67893391994709,59.98308221634134,60.36755519682435,-6.349750249750237,0.05,0.05,0.05,0.3771475565146621,2.999119450511869,-15.902182689018154,-1.6084576865296183,3.0749974962426507,-10.329018527791575,0.05,0.16,0.16,16.186919782118284,59.946495684750246,-0.7979521467271676
1935.63,0.0,16.352179218967898,59.6856208005292,59.60743540853449,60.12324761495218,60.35764451207409,-6.429670329670443,0.05,0.05,0.05,0.3660946340693138,2.99017184662754,-15.888498118371531,-1.403250124812622,0.9437393909119804,-10.010029955067154,0.05,0.16,0.16,16.171565335828006,59.94348708402249,-0.5556987372906804
1935.64,0.0,16.317311715481182,59.61483019517039,59.53593689712209,60.26341301356263,60.34773382732385,-6.509590409590421,0.05,0.05,0.05,0.355041711623997,2.981224242743236,-15.87481354772495,-1.1935646530204105,-1.232995506740501,-9.68551672491254,0.05,0.16,0.16,16.156220405080653,59.94047848329474,-0.30804880941356094
1935.65,0.0,16.282444211994463,59.57179007850837,59.48448794896962,60.35016940137383,60.40307402355238,-6.484231057764506,0.05,0.05,0.05,0.3439887891786801,2.9722766388589315,-15.861128977078366,-1.4409159159157086,-1.8948298298293127,-9.488123123123282,0.05,0.16,0.16,16.140885017015087,59.95238036310106,-0.35216758623488487
1935.66,0.0,16.25,59.5476389499509,59.44668618253185,60.4005717566242,60.5028286849854,-6.394208552137901,0.05,0.05,0.05,0.3329358667333318,2.963329034974602,-15.847444406431745,-1.6961711711714074,-2.530465465466054,-9.292927927927748,0.05,0.16,0.16,16.12555919885651,59.97443139352309,-0.40133221044169176
1935.67,0.0,16.25,59.45123814683542,59.3707936506329,60.264170511392365,60.44260858734175,-6.378609304652341,0.05,0.05,0.05,0.321882944288015,2.954381431090298,-15.833759835785164,-1.724606545091181,0.0043167624281146,-9.713232575568314,0.05,0.16,0.16,16.110242977916815,59.882202724050615,-0.6108488983891238
1935.68,0.0,16.25,59.29737485569645,59.26460630886093,59.97919835949412,60.25515542278511,-6.408624312156054,0.05,0.05,0.05,0.3108300218426981,2.945433827205994,-15.82007526513858,-1.7495878091431185,2.5873794653984348,-10.142910317261636,0.05,0.16,0.16,16.094936381594604,59.699083736709156,-0.8228074959365191
1935.69,0.0,16.25,59.23118286360211,59.26026557648833,59.81815728711378,60.222476985682,-6.513103448276082,0.05,0.05,0.05,0.2997770993973498,2.936486223321664,-15.806390694491958,-1.809054290718122,2.137880910682317,-10.346847635727071,0.05,0.16,0.16,16.079639437375548,59.63302067822155,-0.7651734252832184
1935.7,0.0,16.25,59.22795754333082,59.32907240894245,59.74612513438837,60.30095977894997,-6.663028485757318,0.05,0.05,0.05,0.288724176952033,2.9275386194373603,-15.792706123845376,-1.869099324493425,1.6375056292214578,-10.546997748311416,0.05,0.16,0.16,16.064352172832773,59.6510287164029,-0.7030164476391638
1935.71,0.0,16.25,59.20520162391037,59.22350541967644,59.74633540224154,60.19556217683709,-6.72,0.05,0.05,0.05,0.2776712545067161,2.918591015553056,-15.779021553198792,-1.5009940059943063,-0.3675524475508209,-10.436838161838256,0.05,0.16,0.16,16.049074615626857,59.59265115566636,-0.3875776002315535
1935.7200000000005,0.0,16.25,59.16895753922785,58.99751289165598,59.79643751930268,59.96317363387266,-6.72,0.05,0.05,0.05,0.2666183320613678,2.909643411668726,-15.76533698255217,-1.1263686313685182,-2.395524475525089,-10.321953046953013,0.05,0.16,0.16,16.0338067935062,59.481520396014794,-0.06828166851215393
1935.73,0.0,16.25,59.1664372469229,58.90726717407687,59.87190402411461,59.91358967596088,-6.645618595351071,0.05,0.05,0.05,0.255565409616051,2.9006958077844223,-15.751652411905589,-1.3708531398548425,-1.9332124093070768,-9.916667500625548,0.05,0.16,0.16,16.01854873430741,59.46479953026881,-0.2597926407955629
1935.74,0.0,16.25,59.18793938206481,58.91371781461944,59.96543831198193,59.99422268274304,-6.52564858785304,0.05,0.05,0.05,0.2445124871707342,2.891748203900118,-15.737967841259003,-1.626044533399881,-1.4278333750316086,-9.506359769827643,0.05,0.16,0.16,16.00330046595528,59.5153295478523,-0.4601375066373552
1935.75,0.0,16.25,59.1081482573724,58.90891076285642,59.735388359736,60.044334886668345,-6.48,0.05,0.05,0.05,0.2334595647253859,2.8828006000157886,-15.724283270612384,-1.448049450549107,0.910934065938466,-9.765549450549951,0.05,0.16,0.16,15.98806201646321,59.44919556665829,-0.6043313647740352
1935.76,0.0,16.248483787029613,58.95897935656837,58.89639309285888,59.28370910065807,60.07354278332927,-6.48,0.05,0.05,0.05,0.2303517665130564,2.881758832565282,-15.709798771121363,-1.263234265733981,3.278566433570081,-10.035279720280135,0.05,0.16,0.16,15.973583609651593,59.303156083353656,-0.7476411796198317
1935.77,0.0,16.218459767814267,58.79442411779787,58.82769084250972,59.138027011523576,60.0108817720872,-6.5355749999999135,0.05,0.05,0.05,0.2308637992831532,2.8843189964157663,-15.694949820788556,-1.4122875000000217,1.949412499999807,-9.715774999999956,0.05,0.16,0.16,15.959449991900568,59.19275593597959,-0.7078393528802802
1935.78,0.0,16.188435748598835,58.61686713956438,58.711511585147065,59.25091817669672,59.87058983866815,-6.625575000000169,0.05,0.05,0.05,0.2313758320532515,2.8868791602662576,-15.680100870455709,-1.5672875000002418,0.5544124999978246,-9.385774999999486,0.05,0.16,0.16,15.945318101853717,59.112471685019074,-0.6647759956291996
1935.79,0.0,16.158411729383488,58.59152588643699,58.60438764195376,59.31477690552942,59.706021755516765,-6.622959260184871,0.05,0.05,0.05,0.2318878648233483,2.8894393241167418,-15.665251920122898,-1.3882829292675427,-1.3313721569621972,-9.615741064734,0.05,0.16,0.16,15.931187944108835,59.05417804735923,-0.3737692404275398
1935.8,0.0,16.128387710168145,58.67218048599064,58.50356939251171,59.34449175799655,59.52454890652107,-6.562974256435855,0.05,0.05,0.05,0.2323998975934451,2.891999487967225,-15.650402969790091,-1.2033291677080786,-3.2258985253685983,-9.85568107973006,0.05,0.16,0.16,15.917059523279375,59.01119763575499,-0.07834619060628749
1935.81,0.0,16.098363690952713,58.676998178157874,58.500632883744544,59.376310759939706,59.49025849018643,-6.428967758060008,0.05,0.05,0.05,0.2329119303635434,2.894559651817717,-15.635554019457242,-1.553431642090205,-1.9788102974230068,-9.599835041239157,0.05,0.16,0.16,15.902932843994604,59.01105007800714,-0.3643136633242495
1935.82,0.0,16.068339671737366,58.62530215400089,58.57063791645712,59.40969777554108,59.56564852541536,-6.249012746812961,0.05,0.05,0.05,0.2334239631336402,2.897119815668201,-15.620705069124432,-1.9133416645842969,-0.6741364658819227,-9.334901274681004,0.05,0.16,0.16,15.8888079108998,59.04282159285361,-0.6609379887966823
1935.83,0.0,16.038315652522023,58.52052547258734,58.54922196477294,59.32085733564858,59.600593187794594,-6.198476523476538,0.05,0.05,0.05,0.233935995903737,2.899679979518685,-15.605856118791626,-1.7778246753247462,1.428701298700263,-9.996753246752917,0.05,0.16,0.16,15.874684728656094,58.99779949020087,-0.7339256410561179
1935.84,0.0,16.00829163330659,58.37824812205381,58.46321849168925,59.14566507566328,59.606963815430426,-6.228446553446601,0.05,0.05,0.05,0.2344480286738353,2.9022401433691765,-15.591007168458775,-1.6329695304694414,3.54658341658472,-10.676073926074343,0.05,0.16,0.16,15.860563301940617,58.89852387620919,-0.8026980325371829
1935.85,0.0,15.978267614091244,58.285606807992174,58.36440354775823,59.06209047758284,59.49011185672504,-6.276860784803826,0.05,0.05,0.05,0.2349600614439321,2.9048003072196606,-15.576158218125968,-1.566364317841052,1.7102998500741489,-9.994902548725335,0.05,0.16,0.16,15.846443635446734,58.80055317251457,-0.6924748031191882
1935.86,0.0,15.95,58.23033390350881,58.255943508772,59.0474900877193,59.28049197368435,-6.336845788552841,0.05,0.05,0.05,0.2354720942140289,2.907360471070145,-15.56130926779316,-1.5013968015991832,-0.2087406296856659,-9.285257371314154,0.05,0.16,0.16,15.832325733883827,58.70356486842111,-0.5785053662194977
1935.87,0.0,15.95,58.21348347308486,58.13020679089048,58.99910881987589,59.11695890786768,-6.378419999999954,0.05,0.05,0.05,0.2359841269841257,2.9099206349206286,-15.546460317460356,-1.2308452113029236,-1.752373093272772,-9.362980745186263,0.05,0.15,0.16,15.818209601977554,58.614939497929726,-0.3153737449704734
1935.88,0.0,15.95,58.23231370082817,57.988426252587885,58.91935726708069,58.99622391821937,-6.408419999999997,0.05,0.05,0.05,0.236496159754224,2.91248079877112,-15.531611367127503,-0.9557764441105177,-3.2877569392376573,-9.458004501125458,0.05,0.15,0.16,15.80409524446981,58.534080284679035,-0.04896467153523384
1935.89,0.0,15.95,58.25578887499999,57.98188706499997,58.83366538000003,59.02348926499996,-6.327969023232762,0.05,0.05,0.05,0.2370081925243208,2.915040962621604,-15.516762416794696,-1.2875018735951187,-1.7498825880574915,-9.49423932050965,0.05,0.15,0.16,15.789982666118982,58.52370764624999,-0.31479464760917125
1935.9,0.0,15.95,58.28253887499995,58.07069706499985,58.74378538000016,59.15509926499977,-6.178081438921137,0.05,0.05,0.05,0.2375202252944176,2.917601126472088,-15.50191346646189,-1.632243317511854,-0.1460854359231147,-9.529213090182362,0.05,0.15,0.16,15.775871871699756,58.56303014624993,-0.5920413959391614
1935.91,0.0,15.95,58.16684631683161,58.08691572772276,58.57116753465339,59.13620169306926,-6.12,0.05,0.05,0.05,0.2380322580645159,2.9201612903225795,-15.487064516129038,-1.7181804548864394,1.4633816545895937,-9.896470882280184,0.05,0.15,0.16,15.761762866003311,58.49028281806926,-0.7326787209851883
1935.92,0.0,15.95,57.95072750495049,58.05195533168317,58.34021703960396,59.01119179207921,-6.12,0.05,0.05,0.05,0.2385442908346127,2.922721454173064,-15.472215565796231,-1.7981604598851266,3.0729792551881725,-10.27137715571153,0.05,0.15,0.16,15.747655653837509,58.3385229170792,-0.8701715836022764
1935.93,0.0,15.95,57.85214795460278,58.00622471626737,58.407652554854806,58.96250355107188,-6.156701649175329,0.05,0.05,0.05,0.2390563236047095,2.925281618023548,-15.457366615463425,-1.6730534732634124,1.073973013493958,-10.260469765117447,0.05,0.15,0.16,15.733550240026727,58.307132194199205,-0.6219449698962132
1935.94,0.0,15.95,57.84351239344261,57.95225245901632,58.7034205245906,58.97221855737706,-6.216671664167993,0.05,0.05,0.05,0.2395683563748077,2.927841781874039,-15.442517665130572,-1.54311844077949,-1.0099850074981789,-10.24047976011992,0.05,0.15,0.16,15.71944662941203,58.367850983606644,-0.3646379591014382
1935.95,0.0,15.95,57.85524695609518,57.84212981113557,58.73878981113556,58.83218661270529,-6.221683737197083,0.05,0.05,0.05,0.2402977996965073,2.9284365515933364,-15.427692052352068,-1.1937796652510757,-1.9036072945290687,-10.31802148388708,0.05,0.15,0.16,15.7050044804659,58.3170882977679,-0.1426659561047764
1935.96,0.0,15.949229698837131,57.88149174392935,57.69200962472416,58.58866962472416,58.58548560706417,-6.1917062203347575,0.05,0.05,0.05,0.2421946130500716,2.918478281487124,-15.412991748861945,-0.8390457157135656,-2.767959030726101,-10.397961528853282,0.05,0.15,0.16,15.68873762801166,58.18691415011047,0.0784371532575571
1935.9700000000005,0.0,15.924381274227205,57.85559130126571,57.62378,58.48261130126571,58.53601378227866,-6.161710427606848,0.05,0.05,0.05,0.2440914264036412,2.908520011380884,-15.39829144537178,-1.1662865716433302,-0.952608152035718,-9.87851212803136,0.05,0.15,0.16,15.672474237262493,58.12449909620251,-0.29883632526679055
1935.98,0.0,15.899532849617342,57.7862444658227,57.62378,58.4132644658227,58.65086947848116,-6.131702925731398,0.05,0.05,0.05,0.2459882397572055,2.898561741274672,-15.383591141881658,-1.5113728432110043,0.9328632158050528,-9.343378344585831,0.05,0.15,0.16,15.656214319006363,58.118539602531634,-0.6917676826937712
1935.99,0.0,15.874684425007482,57.66235890890882,57.679996236236285,58.2313295345344,58.590822757757664,-6.156572570572091,0.05,0.05,0.05,0.2478850531107697,2.8886034711684587,-15.368890838391534,-1.5687134649013064,1.6668598551084175,-9.57356732450653,0.05,0.15,0.16,15.639957884073647,58.041126859359295,-0.7525109440628172
1936.0,0.0,15.849836000397552,57.4974139639636,57.77853477477499,57.96463283783724,58.39910103603561,-6.216527604296911,0.05,0.05,0.05,0.2497818664643394,2.878645201062218,-15.35419053490137,-1.618675993005323,2.371331501375052,-9.823379965026614,0.05,0.15,0.16,15.623704943337472,57.90992065315286,-0.8047365619435453
1936.01,0.0,15.824987575787691,57.40794807884227,57.703280359281145,57.97716992515001,58.39050227544928,-6.274664134820831,0.05,0.05,0.05,0.2516786798179036,2.868686930956006,-15.339490231411247,-1.6837075257991532,0.562084067455068,-9.614374528064404,0.05,0.15,0.16,15.607455507714054,57.86972515968068,-0.6700739132044484
1936.02,0.0,15.800139151177833,57.37484428642712,57.49825041916152,58.19821782934149,58.51864598802405,-6.331630666983076,0.05,0.05,0.05,0.2535754931714679,2.8587286608497937,-15.324789927921124,-1.7491492574879608,-1.3155902340776415,-9.392879436194596,0.05,0.15,0.16,15.591209588162618,57.89748963073855,-0.5303239105206866
1936.03,0.0,15.7752907265679,57.374554283570944,57.27348784696122,58.25100870217538,58.57394,-6.314808702175515,0.05,0.05,0.05,0.2554723065250375,2.848770390743553,-15.31008962443096,-1.5774906367040409,-1.763880149812929,-9.646299625468282,0.05,0.15,0.16,15.574967195685739,57.86824770817688,-0.3877104787722625
1936.04,0.0,15.750442301958042,57.399170437609406,57.03374791197797,58.17608997249312,58.57394,-6.224786196549165,0.05,0.05,0.05,0.2573691198786018,2.8388121206373405,-15.295389320940837,-1.4027091136081045,-2.1933433208486584,-9.905975031210817,0.05,0.15,0.16,15.558728341329683,57.79573708052012,-0.24505933215307935
1936.05,0.0,15.725593877348182,57.39800094316809,57.029364077388,58.1178860749698,58.549203980653,-6.165560344827621,0.05,0.05,0.05,0.259265933232166,2.8288538505311283,-15.280689017450714,-1.5773873873870707,-0.3177227227260828,-10.220427927927377,0.05,0.15,0.16,15.542493036184329,57.77361376904472,-0.4511647109847706
1936.06,0.0,15.700745452738252,57.37729961305921,57.20325525030263,58.07234314873026,58.50573118742434,-6.136824712643665,0.05,0.05,0.05,0.2611627465857357,2.818895580424888,-15.265988713960548,-1.7575675675675642,1.5941891891891529,-10.53574324324324,0.05,0.15,0.16,15.526261291383511,57.78965729987911,-0.662760923889919
1936.07,0.0,15.7,57.27888480640144,57.28661565307176,57.86846309241051,58.38654582343807,-6.15895066562253,0.05,0.05,0.05,0.2630595599392999,2.8089373103186754,-15.251288410470426,-1.6220279720280206,1.856523476523393,-10.67797202797198,0.05,0.15,0.15,15.510033118105367,57.70512734383045,-0.6229978147343493
1936.08,0.0,15.7,57.103221409396,57.27998684563758,57.50719308724839,58.19210080536916,-6.252920908378986,0.05,0.05,0.05,0.2649563732928642,2.798979040212463,-15.236588106980305,-1.4821678321679252,2.0962837162835566,-10.817832167832076,0.05,0.15,0.15,15.49380852757226,57.52062553691278,-0.5797949175931533
1936.09,0.0,15.7,57.085957898424006,57.258361481110775,57.39338172129111,58.10742,-6.329977471839899,0.05,0.05,0.05,0.2668531866464339,2.789020770106222,-15.221887803490135,-1.1301526526522672,0.2127952952932161,-10.529281781781462,0.05,0.15,0.15,15.477587531051118,57.46128027520647,-0.3093981314732439
1936.1,0.0,15.7,57.19089660245198,57.22516658493866,57.4704795446586,58.10742,-6.390052565707129,0.05,0.05,0.05,0.2687499999999981,2.77906250000001,-15.207187500000016,-0.7747972972973042,-1.7041216216215846,-10.233986486486492,0.05,0.15,0.15,15.46137013985381,57.49849068301231,-0.03542439738122054
1936.11,0.0,15.7,57.18856011008256,57.07196892669501,57.49424280710533,58.10742,-6.435026217228441,0.05,0.05,0.05,0.2706468133535624,2.769104229893798,-15.192487196509893,-0.8833341658341258,-1.7004345654345758,-9.924490509490616,0.05,0.15,0.15,15.445156365337036,57.465547960970724,-0.11909531272137522
1936.12,0.0,15.7,57.10396666499891,56.82675501626265,57.47710995746813,58.10742,-6.4649887640449295,0.05,0.05,0.05,0.2725436267071267,2.759145959787585,-15.17778689301977,-0.9982192807192042,-1.670464535464555,-9.614800199800406,0.05,0.15,0.15,15.428946218902752,57.37881290968242,-0.2076605035479428
1936.13,0.0,15.7,57.00104793661496,56.75509440323669,57.38617073499662,58.10086868509777,-6.459454451878453,0.05,0.05,0.05,0.2744404400606963,2.7491876896813445,-15.163086589529604,-1.3302202753443353,-0.2160450563197173,-9.235421777221353,0.05,0.15,0.15,15.412739711998276,57.31079543998651,-0.5278034215959173
1936.14,0.0,15.7,56.88416324342551,56.815701281186776,57.23898260283211,58.08932451786919,-6.418281008749309,0.05,0.05,0.05,0.2763372534142606,2.7392294195751323,-15.148386286039482,-1.665639549436369,1.2608010012496838,-8.854946182728895,0.05,0.15,0.1502389803505051,15.396536856116686,57.25704291132839,-0.8515923069076498
1936.15,0.0,15.7,56.76727855023604,56.87630815913687,57.09179447066761,58.0777803506406,-6.377107565620165,0.05,0.05,0.05,0.2782340667678248,2.72927114946892,-15.13368598254936,-1.9262356465297457,1.4426110833746466,-9.490589116324363,0.05,0.15,0.16,15.380337662796762,57.20329038267028,-0.8618135539184881
1936.16,0.0,15.7,56.695536496240514,56.879167804511205,57.06152959398506,57.87638849623992,-6.36,0.05,0.05,0.05,0.2799031850708585,2.720354988073519,-15.1194513820682,-2.1858462306541746,1.6073639540689957,-10.139615576635435,0.05,0.15,0.16,15.364780738717794,57.128155597744176,-0.8679047307182765
1936.17,0.0,15.66685665716717,56.65370190977438,56.84376930827062,57.1087275889725,57.54922057644063,-6.36,0.05,0.05,0.05,0.2785000701557482,2.7254997427622567,-15.11150039754924,-2.007686529794755,-0.2476264396588499,-10.071161742613947,0.05,0.15,0.16,15.357843448935293,57.038854845864535,-0.6255462601852744
1936.18,0.0,15.63185840707971,56.55032348825584,56.751355687156384,57.27259327336338,57.46069510244879,-6.37752000000001,0.05,0.05,0.05,0.2770969552406379,2.7306444974509945,-15.103549413030285,-1.822408612919617,-2.1354581872784983,-9.991041562343618,0.05,0.15,0.16,15.350908994776514,57.0087418878061,-0.37914795798847667
1936.19,0.0,15.59686015699215,56.40701514242856,56.6219503898049,57.51215349325373,57.52700194902559,-6.407520000000052,0.05,0.05,0.05,0.2756938403255236,2.735789252139747,-15.095598428511302,-1.5637003745317175,-2.164928838951313,-9.960426966292122,0.05,0.15,0.16,15.343977380085963,57.01703024362819,-0.2938373331743738
1936.2,0.0,15.56186190690469,56.37566566159983,56.417848671816415,57.51624993271856,57.55316,-6.314879999999941,0.05,0.05,0.05,0.2742907254104132,2.7409340068284846,-15.087647443992342,-1.3040249687891836,-2.1699225967540543,-9.930464419475674,0.05,0.15,0.16,15.337048608713596,56.9657310665337,-0.2106484305552286
1936.21,0.0,15.526863656817229,56.417260478445066,56.16508016944919,57.36693520558181,57.55316,-6.134880000000197,0.05,0.05,0.05,0.2728876104953029,2.7460787615172224,-15.079696459473384,-1.4084576865296183,-0.5036955433176824,-9.496169253881527,0.05,0.15,0.16,15.330122684514691,56.87560896336902,-0.4847049772965934
1936.2200000000005,0.0,15.49186540672967,56.35208513344943,56.12958758792741,57.09794639560909,57.48153699176825,-6.007439999999896,0.05,0.05,0.05,0.2714844955801887,2.751223516205975,-15.071745474954405,-1.518622934401635,1.188843264897847,-9.05550826239346,0.05,0.15,0.16,15.323199611349901,56.765289027188544,-0.7643860080055704
1936.23,0.0,15.45686715664221,56.21543260164618,56.23955017211284,56.74884188076798,57.36196602644041,-5.917439999999895,0.05,0.05,0.05,0.2700813806650784,2.7563682708947126,-15.063794490435445,-1.52,1.195209685471795,-8.961258112830771,0.05,0.15,0.16,15.31627939308533,56.64144767024186,-0.7797741467082814
1936.24,0.0,15.42186890655475,56.12640674476572,56.22262140079764,56.60030366400797,57.31348,-5.88,0.05,0.05,0.05,0.2686782657499681,2.7615130255834504,-15.055843505916489,-1.52,1.1802321517723513,-8.871392910634109,0.05,0.15,0.16,15.309362033592423,56.56570295239283,-0.7918168057654307
1936.25,0.0,15.38687065646719,56.0698663659022,56.119141839481394,56.5885688683948,57.31348,-5.88,0.05,0.05,0.05,0.2672751508348538,2.7666577802722028,-15.047892521397506,-1.470824175824083,-0.1920054945080844,-8.801153846153717,0.05,0.15,0.16,15.302447536748017,56.5227642684446,-0.6432422241217753
1936.26,0.0,15.35187240637973,56.00731336855344,56.09240138364781,56.61035352452832,57.14175940125779,-5.93256000000003,0.05,0.05,0.05,0.2658720359197435,2.7718025349609405,-15.039941536878548,-1.420874125874049,-1.5856118881140346,-8.731223776223668,0.05,0.15,0.16,15.295535906434422,56.46295691949684,-0.49213887942017975
1936.27,0.0,15.35,55.94055613584914,56.11931962264148,56.65557616603768,56.84996569056642,-6.022559999999902,0.05,0.05,0.05,0.2644689210046332,2.7769472896496783,-15.03199055235959,-1.2036336336335345,-1.9640540540542164,-8.970953453453564,0.05,0.15,0.16,15.288627146539286,56.39135440377368,-0.3435530820679239
1936.28,0.0,15.35,55.93570812157453,56.04418916791215,56.6505502242152,56.71559684105627,-6.007999010635557,0.05,0.05,0.05,0.2630658060895189,2.7820920443384307,-15.024039567840608,-0.9834134134129314,-2.324414414415203,-9.216198698699236,0.05,0.15,0.1598079999999992,15.281721260955683,56.336511088689534,-0.19501212652553546
1936.29,0.0,15.35,55.97196123567519,55.90130924763309,56.612164573990974,56.68574133532631,-5.918956220628125,0.05,0.05,0.05,0.2616626911744086,2.7872367990271685,-15.01608858332165,-1.2264330413017428,-0.550753441801417,-9.146070087609475,0.05,0.15,0.15,15.274818253582158,56.29279409815639,-0.4716677903073374
1936.3,0.0,15.35,56.01338771385696,55.86810002001003,56.406446513256384,56.65772255127562,-5.897032551097661,0.05,0.05,0.05,0.2602595762592983,2.7923815537159062,-15.00813759880269,-1.4767459324152006,1.256505632037749,-9.07097622027544,0.05,0.15,0.15,15.26791812832262,56.23641419959974,-0.755017763483329
1936.31,0.0,15.35,56.05835019509765,55.90985089544783,56.08635646823337,56.63095916958473,-5.927312641937959,0.05,0.05,0.05,0.258856461344184,2.7975263084046587,-15.00018661428371,-1.4306993006992392,1.8420279720286736,-9.030559440559392,0.05,0.15,0.15,15.261020889086419,56.17137918209089,-0.806555755883728
1936.32,0.0,15.35,55.99028873274762,55.92995523212046,56.09922735257244,56.62012,-6.027150000000031,0.05,0.05,0.05,0.2574533464290737,2.8026710630933964,-14.992235629764751,-1.3807492507492052,2.411458541459062,-8.990599400599365,0.05,0.15,0.15,15.254126539788384,56.15989782936013,-0.8550405003099375
1936.33,0.0,15.35,55.84529500627348,55.93532537013802,56.33873550815566,56.62012,-6.177150000000031,0.05,0.05,0.05,0.2560502315139634,2.807815817782134,-14.984284645245792,-1.3356306306306387,0.5219769769773197,-9.147757757757727,0.05,0.15,0.15,15.247235084348727,56.18486897114178,-0.6196294903877738
1936.34,0.0,15.35,55.75748099103576,55.86233353087624,56.464761115537954,56.62012,-6.326867680040175,0.05,0.05,0.05,0.2546471165988491,2.8129605724708866,-14.976333660726812,-1.2905855855855153,-1.4049499499529563,-9.307917917918168,0.05,0.15,0.15,15.240346526693111,56.17617390936249,-0.3798951948659802
1936.35,0.0,15.35,55.70739134960156,55.73764229581664,56.51591649402394,56.62012,-6.4763817592823765,0.05,0.05,0.05,0.2532440016837388,2.8181053271596244,-14.968382676207854,-1.2329479768785634,-1.976748554913768,-8.910635838149943,0.05,0.15,0.15,15.233460870752701,56.14526753486054,-0.36120578241057694
1936.36,0.0,15.35,55.70804558801497,55.52888510861435,56.45470361048695,56.62012,-6.54,0.05,0.05,0.05,0.2518408867686285,2.823250081848362,-14.960431691688896,-1.1751445086705112,-2.530698458574266,-8.50601156069358,0.05,0.15,0.15,15.226578120464056,56.07793857677906,-0.34542780205193946
1936.37,0.0,15.336245882000638,55.743311505617925,55.262787730337486,56.31684593258448,56.62012,-6.54,0.05,0.05,0.05,0.2504377718535182,2.8283948365371,-14.952480707169938,-1.160527683909552,-0.4629373537848718,-9.990306732516904,0.05,0.15,0.15,15.219698279769212,55.98576629213497,-0.33090128180306144
1936.38,0.0,15.32127133872418,55.88210304609227,55.36176997996006,56.13810108216424,56.56490028056108,-6.54,0.05,0.05,0.05,0.2436588238306191,2.824011111395585,-14.940840523310897,-1.1501299714062876,1.8609513906947488,-11.65913958929086,0.05,0.15,0.15,15.207337831544523,55.98671859719442,-0.3164970227503758
1936.39,0.0,15.30629679544776,56.092243326653225,55.71236116232451,55.93117723446902,56.47162372745495,-6.54,0.05,0.05,0.05,0.2344419980030327,2.815306331447309,-14.927527330448823,-1.15,2.141498127340618,-11.87232209737812,0.05,0.15,0.15,15.19249765481672,56.05185136272542,-0.31336289367922093
1936.4,0.0,15.291322252171344,55.99952694285045,55.77060462191186,55.89214241577229,56.36836958822077,-6.608939999999849,0.05,0.05,0.05,0.2252251721754463,2.806601551499033,-14.914214137586756,-1.15,2.3961797752804106,-12.06707865168502,0.05,0.15,0.15019733333332,15.177665235102891,56.00766089218884,-0.3103714244812467
1936.41,0.0,15.276347708894882,55.701518457699,55.63067949089092,55.96691156975294,56.2583521187921,-6.728940000000019,0.05,0.05,0.05,0.2160083463478338,2.797896771550732,-14.900900944724649,-1.3028660826033474,0.6494367959939253,-10.827346683353436,0.05,0.15,0.16,15.162840595166918,55.889365409283734,-0.36769354130084064
1936.42,0.0,15.261373165618464,55.51622412864628,55.45859298429329,56.07704178010464,56.26978903515328,-6.814469999999973,0.05,0.05,0.05,0.2067915205202474,2.789191991602456,-14.88758775186258,-1.458060075093912,-1.1277847309141542,-9.565769712139812,0.05,0.15,0.16,15.148023757849966,55.83041198204938,-0.4259341391257309
1936.43,0.0,15.246398622342047,55.408450506108274,55.26438705061095,56.21149204188473,56.36475787085509,-6.874469999999974,0.05,0.05,0.05,0.1975746946926611,2.78048721165418,-14.874274559000511,-1.381098626716669,-1.273283395755205,-9.599313358302082,0.05,0.15,0.16,15.133214746070486,55.81227186736476,-0.379883036975414
1936.44,0.0,15.231424079065588,55.30932347826076,55.15279119440273,56.20361461269353,56.40398,-6.969286432161007,0.05,0.05,0.05,0.1883578688650485,2.7717824317058795,-14.860961366138405,-1.3011985018725851,-1.3981273408240855,-9.649250936329636,0.05,0.15,0.16,15.118413582824587,55.767427321339255,-0.33251178672404036
1936.45,0.0,15.216449535789168,55.21628000000003,55.099317931034506,56.0955986206897,56.40398,-7.089889447236232,0.05,0.05,0.05,0.1791410430374621,2.7630776517576034,-14.847648173276337,-1.339459188783174,-0.403655483224859,-9.285002503755642,0.05,0.15,0.16,15.103620291186449,55.703794137931055,-0.5038941377861931
1936.46,0.0,15.20147499251275,55.19909468101071,55.05772779084317,55.97056120090086,56.40398,-7.140000000000001,0.05,0.05,0.05,0.1699242172098757,2.7543728718093274,-14.834334980414264,-1.379519278918339,0.6078617926880561,-8.914446670005365,0.05,0.15,0.16,15.088834894308302,55.65784091818868,-0.6786077619645886
1936.4700000000005,0.0,15.2,55.23550198648991,55.02453289467097,55.83349840380271,56.40398,-7.140000000000001,0.05,0.05,0.05,0.1607073913822632,2.7456680918610266,-14.82102178755216,-1.8732601098359427,1.5275986020981347,-9.714013979032588,0.05,0.15,0.16,15.074057415420855,55.6243783212409,-0.8190478196765107
1936.48,0.0,15.2,55.146641056584826,54.94788306459687,55.81536373059591,56.29317579369048,-7.122460615153803,0.05,0.05,0.05,0.1514905655546768,2.7369633119127506,-14.807708594690087,-2.372511233150732,2.446220668997347,-10.527793310035694,0.05,0.1497765957446704,0.1597765957446704,15.059287877833638,55.55076591136702,-0.9590715992527757
1936.49,0.0,15.2,54.96982583375074,54.840722323485295,55.88073178267397,56.10457288933412,-7.092453113278353,0.05,0.05,0.05,0.1422737397270904,2.7282585319644745,-14.79439540182802,-2.286307884856146,0.9855819774730376,-10.732315394242647,0.05,0.14,0.15,15.044526304935058,55.44896320731103,-0.7472882043981907
1936.5,0.0,15.2,54.894263981018966,54.73813804695288,55.8159754495502,55.956645174824985,-7.150182454386526,0.05,0.05,0.05,0.1330569138994779,2.7195537520161737,-14.781082208965913,-2.191188986232762,-0.5112891113896949,-10.9275594493117,0.05,0.14,0.15,15.029772720192755,55.35125566308676,-0.5301473398819347
1936.51,0.0,15.2,54.88891932567432,54.63872745754232,55.66098044455524,55.83692489510474,-7.270152461884556,0.05,0.05,0.05,0.1238400880718915,2.7108489720678977,-14.767769016103845,-1.7218737524951726,-1.283929640718301,-10.629413672654795,0.05,0.14,0.15,15.015027147154012,55.25638803071916,-0.3373210326954315
1936.52,0.0,15.2,54.87916366,54.619229630000014,55.48133611999994,55.72783897499997,-7.32,0.05,0.05,0.05,0.1146232622443051,2.7021441921196216,-14.754455823241774,-1.247821856287889,-2.047402694610032,-10.32502245509012,0.05,0.14,0.15,15.00028960944576,55.17689209624998,-0.14480250471561873
1936.53,0.0,15.2,54.86632365999998,54.65560963000007,55.28445611999965,55.62618897499982,-7.32,0.05,0.05,0.05,0.1054064364166926,2.6934394121713208,-14.741142630379668,-0.9837133550487406,-0.6208519168121589,-10.1129992483086,0.05,0.14,0.15,14.985560130774982,55.10814459624988,-0.23653489350847545
1936.54,0.0,15.2,54.83839362637359,54.72656686813196,55.1348718131867,55.58436,-7.249944972486041,0.05,0.05,0.05,0.0961896105891062,2.6847346322230448,-14.727829437517595,-0.7231270358308692,0.8424404911035803,-9.902525682786472,0.05,0.14,0.15,14.97083873492908,55.07104807692306,-0.3330361080529955
1936.55,0.0,15.2,54.79991210789208,54.8217017332668,55.01835832667325,55.58436,-7.129884942471185,0.05,0.05,0.05,0.0869727847615199,2.6760298522747687,-14.714516244655528,-0.8630811485641977,1.3484494382019163,-9.53489637952584,0.05,0.14,0.15,14.956125445775932,55.05608304195803,-0.4882886268623344
1936.56,0.0,15.2,54.68738068482831,54.78763441639554,54.99966771307188,55.58436,-7.08,0.05,0.05,0.05,0.0777559589339073,2.6673250723264683,-14.70120305179342,-1.007900124844305,1.8428314606753864,-9.16535830212143,0.05,0.14,0.15,14.941420287264238,55.014760703573934,-0.6442547242664847
1936.57,0.0,15.174738580077014,54.522641869532265,54.66247570607322,55.049945143714176,55.58436,-7.08,0.05,0.05,0.05,0.0731748844376075,2.6597557781201844,-14.686173857216216,-1.2467567567570936,0.5330405405386673,-8.331351351350174,0.05,0.14,0.15,14.92525905729402,54.95485567982992,-0.7144881541169802
1936.58,0.0,15.144719067393805,54.44754277999999,54.46017519999975,55.151645580000135,55.58436,-7.115069999999994,0.05,0.05,0.05,0.0932057010785742,2.658214946070879,-14.662034155110437,-1.4869969969970689,-0.8032957957961937,-7.49051051051026,0.05,0.14,0.15,14.901343549084867,54.910930889999975,-0.7834601697824886
1936.59,0.0,15.114699554710503,54.43577277999997,54.203375199999385,55.28967558000033,55.58436,-7.175070000000164,0.05,0.05,0.05,0.1132365177195979,2.6566741140215697,-14.637894453004586,-1.5195880149813343,-1.0073907615484508,-8.214769038703135,0.05,0.14,0.15,14.877455893880512,54.878295889999926,-0.6635740408391922
1936.6,0.0,15.084680042027292,54.4309,54.12650785410948,55.25910298775899,55.58436,-7.235052473763227,0.05,0.05,0.05,0.1332673343605646,2.6551332819722644,-14.613754750898806,-1.5495505617977805,-1.19715355805261,-8.95883895131155,0.05,0.14,0.15,14.853596226061278,54.85021771046712,-0.5412973024708747
1936.61,0.0,15.054660529344082,54.4309,54.17676016487636,55.10941525355978,55.58436,-7.295022488755636,0.05,0.05,0.05,0.1532981510015313,2.653592449922959,-14.589615048793029,-1.476014021031549,-0.1691286930395816,-9.670400600901338,0.05,0.14,0.15,14.829764680714142,54.825358854609036,-0.5158132685022423
1936.62,0.0,15.024641016660867,54.43964924806394,54.18889075193606,55.06284365725704,55.51999053210099,-7.249944972486382,0.05,0.05,0.05,0.1733289676424981,2.652051617873654,-14.565475346687244,-1.4009013520281148,0.8774411617416022,-10.381467200800516,0.05,0.14,0.15,14.805961393636151,54.802843547339506,-0.4918032351081337
1936.63,0.0,14.994621503977571,54.4546180214839,54.17392197851609,55.08957360979269,55.40986312765412,-7.129884942471185,0.05,0.05,0.05,0.1933597842835217,2.6505107858243444,-14.541335644581396,-1.5184119850188191,1.4080524344573329,-10.5873533083647,0.05,0.14,0.15,14.782186501337439,54.7819941843617,-0.5552819879842072
1936.64,0.0,14.96460199129436,54.41314128800257,54.19296683883624,55.08359020594965,55.36394,-7.091140406607362,0.05,0.05,0.05,0.2133906009244884,2.6489699537750395,-14.517195942475617,-1.638262172284604,1.932397003745142,-10.78710362047434,0.05,0.14,0.15,14.758440141044593,54.76340958319712,-0.6198233576974724
1936.65,0.0,14.934582478611148,54.33129101013403,54.23634049035632,55.05420805491991,55.36394,-7.110200127064786,0.05,0.05,0.05,0.2334214175654551,2.647429121725734,-14.493056240369835,-1.6597346683354062,0.8545932415526678,-10.484112640801207,0.05,0.14,0.15,14.7347224507034,54.746444888852565,-0.5608145385462168
1936.66,0.0,14.90456296592785,54.24944073226526,54.279714141876525,55.0248259038901,55.36394,-7.129259847522263,0.05,0.05,0.05,0.2534522342064788,2.645888289676425,-14.468916538263986,-1.679759699624568,-0.2467834793512442,-10.173724655819194,0.05,0.14,0.15,14.711033568982169,54.72948019450797,-0.4999878830289034
1936.67,0.0,14.9,54.20537775530838,54.23346390293215,55.03465047522754,55.174023114256535,-7.140000000000001,0.05,0.05,0.05,0.2734830508474455,2.6443474576271195,-14.444776836158209,-1.107532467532382,-0.9410389610390628,-9.854155844155796,0.05,0.14,0.16,14.687373635275048,54.66187881193115,-0.2839945912486057
1936.68,0.0,14.9,54.19564064711832,54.10579959555124,55.08009031344787,54.81158630940394,-7.140000000000001,0.05,0.05,0.05,0.2935138674884122,2.642806625577814,-14.420637134052429,-0.5281118881128095,-1.6303496503485544,-9.534475524476033,0.05,0.14,0.1597662061636721,14.663742789704743,54.54827921638034,-0.06611668445326237
1936.69,0.0,14.9,54.21124366935485,54.01014838709676,54.957609657258,54.64704,-7.1109657947684894,0.05,0.05,0.05,0.3135446841294359,2.641265793528505,-14.396497431946578,-0.6828528528528759,-0.8356056056054919,-9.549739739739742,0.05,0.14,0.15,14.640141173125825,54.4565104284274,-0.19841205994957478
1936.7,0.0,14.9,54.24791705645161,53.94111612903226,54.69550280241936,54.64704,-7.050603621730317,0.05,0.05,0.05,0.3335755007704026,2.6397249614792,-14.372357729840797,-0.8480180180178587,-0.0197897897905765,-9.56975975975974,0.05,0.14,0.15,14.616568927128045,54.38289399697581,-0.33567946988023434
1936.71,0.0,14.9,54.22727990995503,53.89764390195099,54.58912297148573,54.64704,-6.886856714178463,0.05,0.05,0.05,0.3536063174113693,2.6381841294298947,-14.348218027735015,-1.205235955055435,0.9668988764024462,-10.142324594255978,0.05,0.14,0.15,14.593026194039025,54.34027169584794,-0.4715885890463137
1936.7200000000005,0.0,14.9,54.16197725862927,53.87409212606301,54.60411046523263,54.64704,-6.616789197298647,0.05,0.05,0.05,0.3736371340523929,2.636643297380585,-14.324078325629168,-1.5647865168538115,1.955662921347982,-10.721600499375588,0.05,0.14,0.15,14.569513116927558,54.32180496248123,-0.6074812107540981
1936.73,0.0,14.9,54.06935064379822,53.833851702709445,54.560346860551874,54.66680587621176,-6.465176470588196,0.05,0.05,0.05,0.3936679506933597,2.63510246533128,-14.299938623523389,-1.6242703379223666,1.2003479349191646,-10.651061326658375,0.05,0.14,0.15,14.546029839606891,54.282588770817824,-0.5595919584758737
1936.74,0.0,14.9,53.9555151976139,53.780657568978455,54.47098071588381,54.70191400447422,-6.435138923654581,0.05,0.05,0.05,0.4136987673343264,2.6335616332819747,-14.275798921417609,-1.6793391739674055,0.4193717146440647,-10.570961201501955,0.05,0.14,0.15,14.522576506637412,54.22726687173759,-0.5089986603601476
1936.75,0.0,14.9,53.87540510093548,53.69985239783354,54.41172376661741,54.69848376661741,-6.4781108127899545,0.05,0.05,0.05,0.43372958397535,2.6320208012326654,-14.251659219311758,-1.6849350649350727,-0.0588311688319044,-10.683506493506671,0.05,0.14,0.15,14.499153263329921,54.17136625800096,-0.4441201470826496
1936.76,0.0,14.9,53.822721693746935,53.596592919744,54.376952717872975,54.663712717872976,-6.595269709543525,0.05,0.05,0.05,0.4537604006163168,2.63047996918336,-14.22751951720598,-1.689930069930076,-0.5333566433572281,-10.79839160839175,0.05,0.14,0.15,14.4757602557489,54.11499501230922,-0.3790681291677319
1936.77,0.0,14.863416637626369,53.74148089230778,53.5390829846154,54.28659321538474,54.6630340307692,-6.646170486737091,0.05,0.05,0.05,0.4482949147457675,2.624491724586244,-14.216557327866402,-1.4431914893618232,-0.2734468085107691,-10.553191489361824,0.05,0.14,0.15,14.463727991065115,54.05754778076928,-0.36034306658057697
1936.78,0.0,14.81861153980182,53.633932174358826,53.52371888205126,54.14502398461519,54.69376223589748,-6.615266546484619,0.05,0.05,0.05,0.4312940647032337,2.616491324566228,-14.211557077853891,-1.192878598247654,-0.0031088861074662,-10.302878598247654,0.05,0.14,0.15,14.456845990702037,53.99910931923069,-0.3422757903772765
1936.79,0.0,14.7738064419774,53.55749049554012,53.49836530723488,54.01646111000988,54.60895160555,-6.584842735896128,0.05,0.05,0.05,0.4142932146607482,2.6084909245462344,-14.206556827841398,-1.2689812734082004,0.6515955056176533,-10.117355805243538,0.05,0.14,0.15,14.44998687452141,53.92031712958372,-0.46398787758754456
1936.8,0.0,14.729001344152978,53.504467700693816,53.46549117443017,53.89769004955415,54.43715775024796,-6.554887668497282,0.05,0.05,0.05,0.3972923646182627,2.6004905245262413,-14.2015565778289,-1.348881398252057,1.3107715355794705,-9.932586766542116,0.05,0.14,0.15,14.443150675126603,53.82620166873152,-0.5873261283579247
1936.81,0.0,14.68419624632843,53.47423870032491,53.44605178205448,53.84335794551362,54.2958580304923,-6.54,0.05,0.05,0.05,0.3802915145757289,2.592490124506225,-14.196556327816392,-1.5030212765958877,0.6931063829781391,-9.84114893617013,0.05,0.14,0.15,14.436337425073726,53.764876614596325,-0.5887003517037017
1936.82,0.0,14.639391148504007,53.46247164208948,53.43749392151962,53.84121848037991,54.179257180704845,-6.54,0.05,0.05,0.05,0.3632906645332434,2.5844897244862324,-14.191556077803895,-1.6582152690864522,0.0573116395490513,-9.751036295369158,0.05,0.14,0.15,14.429547156871022,53.73011030617346,-0.58834283429477
1936.83,0.0,14.594586050679588,53.4572,53.31222834467144,53.89978532123949,54.12702,-6.524902451225604,0.05,0.05,0.05,0.3462898144907579,2.5764893244662392,-14.1865558277914,-1.6748089887640376,-0.4090786516851649,-9.92770786516845,0.05,0.14,0.15,14.42277990297816,53.69905841647774,-0.5186811415112175
1936.84,0.0,14.54978095285504,53.4572,53.09224346182903,54.00762104812302,54.12702,-6.4948874437218045,0.05,0.05,0.05,0.3292889644482242,2.568488924446223,-14.18155557777889,-1.689790262172303,-0.8734981273414014,-10.107483146067638,0.05,0.14,0.15,14.416035695805622,53.67102112748802,-0.44821317860428217
1936.85,0.0,14.50497585503062,53.365923621278704,53.048072523182014,53.99321151293316,54.11872214738897,-6.494472361809072,0.05,0.05,0.05,0.3122881144057386,2.56048852442623,-14.176555327766394,-1.433254882323408,-0.6232548823234081,-10.040876314471689,0.05,0.14,0.15,14.40931456771415,53.631482451195716,-0.3981649253336065
1936.86,0.0,14.460170757206198,53.20508418740864,53.13789194729128,53.885637086383696,54.10410038067352,-6.523187365398426,0.05,0.05,0.05,0.2952872643632532,2.5524881244062367,-14.1715550777539,-1.172864296444836,-0.362864296444836,-9.970771156735148,0.05,0.14,0.15,14.402616551013999,53.58317840043928,-0.34840660708816423
1936.87,0.0,14.45,53.115140778289856,53.13057496671805,53.81963633896574,54.14762503328196,-6.513998954521717,0.05,0.05,0.05,0.2782864143207677,2.544487724386244,-14.166554827741404,-1.1848164794007228,0.3857627965030469,-10.132981273407951,0.05,0.14,0.15,14.395941677964352,53.55324427931391,-0.4057166915806959
1936.88,0.0,14.45,53.09103427547363,53.03305320532514,53.79224258576549,54.24514679467486,-6.451270256142054,0.05,0.05,0.05,0.2612855642782339,2.536487324366228,-14.161554577728891,-1.1997977528089885,1.1398202247190872,-10.297775280898874,0.05,0.14,0.15,14.389289980772674,53.54036921530979,-0.46421762787338294
1936.89,0.0,14.45,53.07389239669422,52.99068,53.61910522915117,54.12507293764103,-6.344718538904036,0.05,0.05,0.05,0.2442847142357484,2.5284869243462347,-14.156554327716398,-1.3283733733732273,0.5772572572579093,-9.91487987988032,0.05,0.14,0.15,14.38266149159414,53.4521876408716,-0.5068453865127103
1936.9,0.0,14.45,53.06210176308541,52.99068,53.33398627097441,53.83781022789903,-6.194605954465992,0.05,0.05,0.05,0.2272838641932629,2.520486524326241,-14.1515540777039,-1.4585035035032137,-0.0033233233220304,-9.524489489490358,0.05,0.14,0.15,14.376056242530865,53.3061445654897,-0.5492559247786793
1936.91,0.0,14.45,53.02616252919248,52.985839612422346,53.27039474782623,53.66317593043466,-6.135029880478097,0.05,0.05,0.05,0.2102830141507291,2.5124861243062258,-14.146553827691392,-1.4451910112359414,-0.3703520599254258,-9.401528089887533,0.05,0.14,0.15,14.369474265631348,53.236393204968934,-0.5252291571145409
1936.92,0.0,14.45,52.97193147329192,52.97733278012422,53.37460344347827,53.573854191304335,-6.164910358565709,0.05,0.05,0.05,0.1932821641082436,2.5044857242862326,-14.141553577678897,-1.430209737827697,-0.734896379526039,-9.281677902621576,0.05,0.14,0.15,14.36291559288986,53.22443047204969,-0.5004294718800679
1936.93,0.0,14.45,52.86942427457892,52.92145581594173,53.37590259994976,53.53424,-6.105301810865501,0.05,0.05,0.05,0.1762813140657582,2.4964853242662395,-14.1365533276664,-1.3214042553192022,-0.665957446808547,-9.511999999999883,0.05,0.14,0.15,14.356380256245703,53.175255672617595,-0.4362023319505547
1936.94,0.0,14.45,52.7284436359062,52.82782745285373,53.29518849383943,53.53424,-5.9543963782696405,0.05,0.05,0.05,0.1592804640232243,2.488484924246224,-14.13155307765389,-1.2112665832289675,-0.5908635794742961,-9.747294117647206,0.05,0.14,0.15,14.34986828758262,53.09642489564985,-0.37141537014896847
1936.95,0.0,14.45,52.705645941709584,52.69926000979659,53.22042784227278,53.53424,-5.730699386503185,0.05,0.05,0.05,0.1422796139807389,2.48048452422623,-14.126552827641396,-1.1606367041198749,-0.1259850187268226,-9.878344569288323,0.05,0.14,0.15,14.3433797187282,53.039893448444744,-0.38291962188445283
1936.96,0.0,14.45,52.772733867254416,52.54411918197416,53.150195170218026,53.53424,-5.436220858895701,0.05,0.05,0.05,0.1252787639382534,2.472484124206237,-14.1215525776289,-1.1106991260924644,0.3434282147308349,-10.008182272159592,0.05,0.14,0.15,14.336914581453124,53.000322054861655,-0.3953114294678147
1936.9700000000005,0.0,14.438439638379675,52.72752873311224,52.47697853683407,53.01239693601812,53.569853571246576,-5.28,0.05,0.05,0.05,0.1237923448086124,2.470689517237929,-14.109312482812092,-1.4407234042556274,0.4536595744681818,-9.812553191489178,0.05,0.14,0.15,14.324535942670524,52.94668944430275,-0.5472085893686803
1936.98,0.0,14.423455371859538,52.581334494009546,52.4889795564619,52.81383461126671,53.637495681876175,-5.28,0.05,0.05,0.05,0.129292482312045,2.4716895422385536,-14.09381209530242,-1.7761426783481382,0.5587909887359837,-9.612302878598124,0.05,0.14,0.15,14.309490036926077,52.88041108590358,-0.7010865554888529
1936.99,0.0,14.4084711053394,52.462176963036974,52.41991463536466,52.742558651348645,53.53344792207796,-5.249745381927199,0.05,0.05,0.05,0.1347926198154775,2.4726895672391778,-14.078311707792746,-1.7701248751248864,-0.1756968031959732,-9.43718531468551,0.05,0.14,0.15,14.29444728865249,52.78952454295706,-0.6491930041650203
1937.0,0.0,14.393486838819218,52.36383530469521,52.28843611388599,52.76928192807196,53.29721415584393,-5.1898352471292535,0.05,0.05,0.05,0.1402927573189257,2.473689592239805,-14.062811320283028,-1.7601348651348652,-0.9199525474525396,-9.262360139860142,0.05,0.14,0.15,14.279407707828508,52.67969187562427,-0.5949055505137897
1937.01,0.0,14.37850257229908,52.299167816954245,52.20748013503377,52.831575093773424,53.19398,-5.099304785894158,0.05,0.05,0.05,0.1457928948223582,2.474689617240429,-14.047310932773357,-1.4439249061327757,-1.0386508135168584,-9.413098873591936,0.05,0.14,0.15,14.264371304472979,52.63305076144036,-0.4535607358880935
1937.02,0.0,14.363518305778944,52.26063818454617,52.16573969992502,52.92147756939227,53.19398,-4.978397984886656,0.05,0.05,0.05,0.1512930323257908,2.4756896422410533,-14.03181054526368,-1.123524405507094,-1.1487884856069366,-9.5682928660825,0.05,0.14,0.15,14.249338088644782,52.635458863465864,-0.31102456356025826
1937.03,0.0,14.34853403925876,52.26068138327094,52.11379723345811,52.88845692883881,53.23071372784027,-4.92,0.05,0.05,0.05,0.156793169829239,2.47668966724168,-14.016310157753963,-1.1298751872191883,-0.7204293559653077,-9.767503744383768,0.05,0.14,0.15,14.234308070443175,52.62341231835204,-0.32755131613040134
1937.04,0.0,14.333549772738625,52.29060398002497,52.05395203995006,52.76021722846441,53.29590224219725,-4.92,0.05,0.05,0.05,0.1622933073326715,2.477689692242304,-14.00080977024429,-1.1398602096854842,-0.2860808786814408,-9.967204193709684,0.05,0.14,0.15,14.21928126000807,52.600168872659175,-0.3458472215558858
1937.05,0.0,14.318565506218484,52.22782350000011,52.075348499999926,52.71215899999999,53.32452,-4.905262905162097,0.05,0.05,0.05,0.1677934448361041,2.4786897172429283,-13.985309382734616,-1.2979969954932873,0.2927391086631665,-10.15762143214828,0.05,0.14,0.15,14.204257667519999,52.58496275000001,-0.4303229929276815
1937.06,0.0,14.303581239698303,52.09249997058805,52.16031908823541,52.72684527450982,53.32452,-4.876451380552201,0.05,0.05,0.05,0.1732935823395522,2.479689742243555,-13.969808995224898,-1.4582373560344024,0.8736104156247093,-10.347906860290852,0.05,0.14,0.15,14.189237303200425,52.576046083333324,-0.5157384378526271
1937.07,0.0,14.3,51.99770697438494,52.18688178037026,52.6897687547552,53.32452,-4.873271461716928,0.05,0.05,0.05,0.1787937198429848,2.4806897672441792,-13.954308607715223,-1.5044494382022962,0.2330137328332457,-9.77215730337015,0.05,0.14,0.15,14.174220177312064,52.5497193773776,-0.5517789516640246
1937.08,0.0,14.3,51.94017717474002,52.15974508242454,52.60510225716457,53.32452,-4.904207269914884,0.05,0.05,0.05,0.1842938573464173,2.481689792244804,-13.938808220205551,-1.5493932584269654,-0.4211685393258303,-9.18788764044945,0.05,0.14,0.15,14.159206300158832,52.50738612858228,-0.5872703004176489
1937.09,0.0,14.3,51.95546906132681,52.066867979974674,52.601104650813646,53.32452,-4.92,0.05,0.05,0.05,0.1897939948498655,2.48268981724543,-13.923307832695832,-1.3820851063827924,-0.8053391739678761,-9.14049061326654,0.05,0.14,0.15,14.144195682086144,52.486990423028786,-0.49831046578594984
1937.1,0.0,14.3,52.0304628035044,51.920094513141386,52.66324232290365,53.32452,-4.92,0.05,0.05,0.05,0.1952941323532981,2.4836898422460543,-13.90780744518616,-1.2118723404256408,-1.1858147684603322,-9.100440550688386,0.05,0.14,0.15,14.129188333481277,52.48457990988736,-0.4076475485638315
1937.11,0.0,14.3,51.98449653179201,51.87749653179188,52.61626658959548,53.32452,-4.92,0.05,0.05,0.05,0.2007942698567306,2.4846898672466784,-13.892307057676486,-1.1704893882646832,-0.8887315855182092,-9.317308364544242,0.05,0.14,0.15,14.114184264773277,52.450694913294846,-0.39182164522218965
1937.12,0.0,14.3,51.8403598140238,51.91944677054531,52.48073504900745,53.32452,-4.92,0.05,0.05,0.05,0.2062944073601632,2.4856898922473025,-13.876806670166811,-1.1305393258426983,-0.5841123595505735,-9.53703370786516,0.05,0.14,0.15,14.09918348643334,52.39126540839414,-0.37682810502790387
1937.13,0.0,14.3,51.735284293193615,51.857369932684925,52.41363708302167,53.32452,-4.92,0.05,0.05,0.05,0.2117945448636113,2.4866899172479298,-13.861306282657097,-1.1793867334168258,0.0274568210269575,-9.777056320400764,0.05,0.14,0.15,14.084186008974946,52.33270282722505,-0.4205005171647871
1937.14,0.0,14.3,51.66058970331579,51.71438314634738,52.39976523061579,53.32452,-4.92,0.05,0.05,0.05,0.2172946823670439,2.487689942248553,-13.84580589514742,-1.229449311639517,0.6432265331660639,-10.017356695869683,0.05,0.14,0.15,14.069191842954188,52.27481452006975,-0.4649757578433291
1937.15,0.0,14.3,51.61316278650183,51.62873766789173,52.332288586702255,53.19429031072493,-4.983127962085262,0.05,0.05,0.05,0.2227948198704765,2.4886899672491776,-13.830305507637748,-1.481880149812287,0.1906891385775937,-9.570566791511409,0.05,0.14,0.15,14.054200998969769,52.19211983795519,-0.5703071080376477
1937.16,0.0,14.3,51.58742272636145,51.58869757434004,52.22217832943511,52.96048476444989,-5.104996614759849,0.05,0.05,0.05,0.2282949573739246,2.489689992249805,-13.814805120128032,-1.736561797752804,-0.2737303370786429,-9.116134831460682,0.05,0.14,0.15,14.039213487663291,52.08969584864662,-0.6763153209266197
1937.17,0.0,14.280255859277394,51.56168266622116,51.548657480788464,52.112068072168285,52.72667921817552,-5.226865267434089,0.05,0.05,0.05,0.2368999999999733,2.490313636363636,-13.795572727272784,-1.7004906132665971,-0.5121176470587429,-8.937146433041361,0.05,0.14,0.15,14.020542446386706,51.98727185933836,-0.6665013878791821
1937.18,0.0,14.250272350207409,51.52512017495626,51.44009729567608,52.06707664583854,52.55958044988753,-5.313806193806164,0.05,0.05,0.05,0.2468999999999642,2.4907681818181806,-13.774663636363712,-1.6604405506883868,-0.7474117647057281,-8.761927409261691,0.05,0.14,0.15,14.000222999671061,51.89796864158961,-0.6551024584099083
1937.19,0.0,14.22028884113734,51.48019140714812,51.27856767808014,52.07242530867284,52.444049332666594,-5.37374625374629,0.05,0.05,0.05,0.2568999999999836,2.4912227272727265,-13.75375454545458,-1.4031168831167626,-1.095804195804358,-8.91314185814193,0.05,0.14,0.15,13.979912459793612,51.818808431641926,-0.5095763947091623
1937.2,0.0,14.190305332067354,51.41866723932464,51.20806,52.02506344091349,52.39362,-5.450617963472567,0.05,0.05,0.05,0.2668999999999746,2.491677272727272,-13.732845454545508,-1.1433766233769544,-1.4454545454541,-9.067987012986816,0.05,0.14,0.15,13.959610865631491,51.76135267005954,-0.362558522640148
1937.21,0.0,14.16032182299737,51.34428789473681,51.20806,51.936870789473645,52.39362,-5.540685514135521,0.05,0.05,0.05,0.2768999999999655,2.4921318181818166,-13.711936363636436,-1.1498823529411604,-0.7434117647070313,-9.401058823528874,0.05,0.14,0.15,13.939318256270978,51.72070967105262,-0.3873375984305337
1937.2200000000005,0.0,14.130338313927298,51.28769934071454,51.20510094111725,51.89536456467035,52.39362,-5.596888111888159,0.05,0.05,0.05,0.2868999999999849,2.492586363636363,-13.691027272727304,-1.159894868585741,-0.0275168961194887,-9.736478097622337,0.05,0.14,0.15,13.919034671008934,51.69544621162554,-0.41437945063679993
1937.23,0.0,14.100354804857314,51.24569632108699,51.199715938600896,51.89213356316054,52.39362,-5.626858141858179,0.05,0.05,0.05,0.2968999999999759,2.493040909090908,-13.670118181818232,-1.3032983770286888,0.5581348314605722,-10.16495380774025,0.05,0.14,0.15,13.898760149354265,51.682791455712106,-0.45859044080675815
1937.24,0.0,14.070371295787329,51.25896620535718,51.27378857142868,51.833995669642775,52.39362,-5.64,0.05,0.05,0.05,0.3068999999999668,2.493495454545453,-13.64920909090916,-1.4481173533081788,1.142404494381274,-10.594416978775978,0.05,0.14,0.15,13.87849473102887,51.690092611607156,-0.5029836199091104
1937.25,0.0,14.040387786717258,51.31522612599221,51.409661587301926,51.73315241567435,52.39362,-5.64,0.05,0.05,0.05,0.3168999999999862,2.4939499999999994,-13.62830000000003,-1.2572941176468173,0.2457647058812195,-10.926117647059232,0.05,0.14,0.15,13.858238455969099,51.71291503224212,-0.29546642314047067
1937.26,0.0,14.010404277647272,51.35724102292773,51.45831491055678,51.69036661123709,52.39362,-5.690176397515676,0.05,0.05,0.05,0.3268999999999772,2.4944045454545445,-13.607390909090958,-1.0620500625780425,-0.6703804755953398,-11.256530663329468,0.05,0.14,0.15,13.83799136432725,51.7248856361804,-0.08463125789558534
1937.27,0.0,14.0,51.38743502645504,51.43459105064248,51.69575839758125,52.39362,-5.779617391304382,0.05,0.05,0.05,0.3368999999999681,2.494859090909089,-13.586481818181884,-0.9265842696629448,-0.9764794007490114,-11.378591760299605,0.05,0.14,0.15,13.817753496472523,51.72785111866969,0.011162666305188695
1937.28,0.0,14.0,51.37846590523682,51.36901468329155,51.73830930673332,52.26765351620897,-5.82,0.05,0.05,0.05,0.3468999999999875,2.495313636363636,-13.565572727272754,-0.7917528089885537,-1.2761048689143253,-11.49844194756573,0.05,0.14,0.15,13.797524892992534,51.68836085286767,0.10573583959076288
1937.29,0.0,14.0,51.338974633416406,51.27082016957592,51.8098205286784,52.04351386533634,-5.82,0.05,0.05,0.05,0.3568999999999784,2.495768181818181,-13.544663636363682,-0.79,-1.008235294117693,-10.521647058823694,0.05,0.14,0.15,13.7773055946948,51.61578229925177,-0.06935639296590039
1937.3,0.0,14.0,51.19324597448085,51.1372579634726,51.83672850137603,51.97105967975983,-5.82,0.05,0.05,0.05,0.3668999999999694,2.496222727272726,-13.52375454545461,-0.79,-0.7328911138928894,-9.5304080100144,0.05,0.14,0.15,13.757095642607748,51.53457302977233,-0.2480004495099226
1937.31,0.0,14.0,50.963023307480384,50.9755666950211,51.828162076557405,52.01924581936457,-5.82,0.05,0.05,0.05,0.3768999999999888,2.4966772727272724,-13.502845454545476,-1.022242197253722,-0.0530387016221298,-9.796714107366135,0.05,0.14,0.15,13.736895077982226,51.44649947460587,-0.3563830819695545
1937.32,0.0,14.0,50.85661591429994,50.93752859990037,51.694558664673565,52.04052,-5.705024999999674,0.05,0.05,0.05,0.3868999999999797,2.4971318181818174,-13.481936363636406,-1.2569488139828835,0.6311061173543635,-10.076364544320032,0.05,0.14,0.15,13.716703942293048,51.38230579471846,-0.46402014095437216
1937.33,0.0,14.0,50.84808576980567,50.99723961136028,51.46211222720464,52.04052,-5.4950249999999725,0.05,0.05,0.05,0.3968999999999707,2.4975863636363624,-13.461027272727334,-1.6898823529411036,-0.639764705882136,-9.240000000000142,0.05,0.14,0.15,13.69652227723999,51.336989402092655,-0.6038322733233719
1937.34,0.0,14.0,50.74191597493689,50.916351719297765,51.34307040100244,52.04052,-5.383574999999953,0.05,0.05,0.05,0.4068999999999901,2.498040909090909,-13.440118181818203,-2.125426783479758,-1.9363854818535329,-8.388936170211968,0.05,0.14,0.15,13.676350124749366,51.260464523809276,-0.7440681908538073
1937.35,0.0,14.0,50.556342040100176,50.72112364912272,51.31625335839598,52.04052,-5.353574999999996,0.05,0.05,0.05,0.416899999999981,2.498495454545454,-13.41920909090913,-2.4921574765232988,-0.8349361907045802,-7.627093667227879,0.05,0.14,0.15,13.656187526975547,51.158559761904726,-1.0970524982408758
1937.36,0.0,14.0,50.38236284928783,50.46190120969786,51.32460040989749,52.04052,-5.421838565022254,0.05,0.05,0.05,0.4268999999999719,2.498949999999999,-13.398300000000058,-2.858157958102846,0.2919600288956039,-6.8661979292072415,0.05,0.14,0.15,13.636034526302048,51.05234611722079,-1.4522943681274905
1937.37,0.0,13.970508398320376,50.21762403399179,50.15167876530921,51.360971317170645,52.04052,-5.571315396113269,0.05,0.05,0.05,0.436899999999963,2.499404545454544,-13.377390909090986,-2.576727319989784,0.973826358200857,-8.684382635819025,0.05,0.14,0.15,13.615891165343125,50.942698529117905,-1.1535257453611019
1937.38,0.0,13.925517396520648,50.17957150712324,50.20307727568119,51.20404154961249,51.94535659085223,-5.753875094055739,0.05,0.05,0.05,0.4468999999999823,2.4998590909090903,-13.356481818181855,-2.233602807382055,1.6132856771516249,-10.748328567717031,0.05,0.14,0.15,13.595757486945082,50.88301173081729,-0.7924362979931503
1937.39,0.0,13.880526394721048,50.24268572856783,50.54325223194186,50.89274937265697,51.77419938015504,-5.96455981941322,0.05,0.05,0.05,0.4492552818326571,2.500372359083672,-13.34255281832657,-1.6864544319601458,0.1820749063672948,-11.437078651685276,0.05,0.14,0.15,13.582246056972997,50.863221678330426,-0.3556360842091048
1937.4,0.0,13.83553539292145,50.288562638680624,50.50019323838112,50.77279672663665,51.62029447776124,-6.07641410352587,0.05,0.05,0.05,0.4481759801408527,2.5009120099295736,-13.331759801408529,-1.1371410736586316,-1.2711086142303474,-12.111235955055315,0.05,0.14,0.15,13.571707408909077,50.79546177036491,0.0819675283089567
1937.41,0.0,13.790544391121722,50.3206465967017,50.1504780959514,50.805950149925096,51.48019452773588,-6.106421605401363,0.05,0.05,0.05,0.4470966784490452,2.5014516607754773,-13.320966784490452,-1.1398848272408677,-1.0379369053578804,-11.205653480219762,0.05,0.14,0.15,13.56116926834019,50.68931734257852,-0.0802495387526912
1937.42,0.0,13.745553389322124,50.35155282000002,50.10088338500018,50.68959738499978,51.41778,-6.087150000000031,0.05,0.05,0.05,0.4460173767572408,2.50199131162138,-13.310173767572408,-1.1498998497746589,-0.7825538307462039,-10.279263895844071,0.05,0.14,0.15,13.550631636450419,50.639953397499994,-0.25036697950718667
1937.43,0.0,13.700562387522526,50.38151281999998,50.29241338499991,50.45312738500012,51.41778,-6.027150000000031,0.05,0.05,0.05,0.4449380750654364,2.502530962467282,-13.299380750654365,-0.858387418871932,-0.6762056914628911,-10.136550174738003,0.05,0.14,0.15,13.540094514427372,50.636208397500006,-0.18512791980205895
1937.44,0.0,13.655571385722798,50.35041692883886,50.40262811985024,50.36437207990016,51.41778,-6.0,0.05,0.05,0.05,0.4438587733736289,2.5030706133131857,-13.28858773373629,-0.563829256115369,-0.5713629555664874,-10.001752371442626,0.05,0.14,0.15,13.529557903462306,50.633799282147315,-0.11751152170817672
1937.45,0.0,13.6105803839232,50.27026711610487,50.44751201498127,50.39429467665418,51.41778,-6.0,0.05,0.05,0.05,0.4427794716818244,2.503610264159088,-13.277794716818244,-0.1007005253941961,-1.4243957968473555,-9.649352014010624,0.05,0.14,0.15,13.519021804750226,50.632463451935074,0.07338590584700524
1937.46,0.0,13.5655893821236,50.305307747747605,50.46939369369369,50.40297015015016,51.41778,-6.016367713004451,0.05,0.05,0.05,0.44170016999002,2.50414991500499,-13.2670016999002,0.3646484863637415,-2.290045033773412,-9.29408556417392,0.05,0.14,0.15,13.508486219489715,50.648862897897864,0.2659070956947975
1937.4700000000005,0.0,13.55,50.43383627627636,50.47260690690691,50.394401581581576,51.41778,-6.046263079222739,0.05,0.05,0.05,0.4406208682982125,2.5046895658508936,-13.256208682982123,-0.1237562437563877,-0.7545429570425064,-8.346925574425299,0.05,0.14,0.15,13.497951148883036,50.679656191191214,-0.20111783522499538
1937.48,0.0,13.55,50.35742575492882,50.40421415522832,50.46987375592716,51.42606442226104,-6.0111718946048045,0.05,0.05,0.05,0.4395415666064081,2.505229216696796,-13.245415666064082,-0.6232567432567284,0.8088936063935601,-7.392879620379649,0.05,0.14,0.15,13.48741659413625,50.66439452208633,-0.6758157862651442
1937.49,0.0,13.55,50.11602820064877,50.27817472423254,50.61300327926135,51.44101825305715,-5.920833124215931,0.05,0.05,0.05,0.4384622649146037,2.5057688675426983,-13.234622649146038,-1.0401152016027275,1.6601126972199791,-8.615286751815445,0.05,0.14,0.15,13.476882556459026,50.61205611429996,-0.7193205018769604
1937.5,0.0,13.55,49.979253386653234,50.12788684328883,50.60314013996473,51.44774,-5.830679999999904,0.05,0.05,0.05,0.4373829632227962,2.506308518388602,-13.223829632227964,-1.455842724769385,2.5015852742320086,-9.867478086654774,0.05,0.139597069597046,0.15,13.466349037064768,50.5395050924767,-0.7569244484282679
1937.51,0.0,13.55,49.92790622344415,49.957799365158735,50.468353836540885,51.44774,-5.740679999999904,0.05,0.05,0.05,0.4363036615309918,2.5068481692345044,-13.213036615309916,-2.013569645532052,0.4242286570131628,-9.35114328507206,0.05,0.13,0.15,13.455816037170703,50.45044985628594,-0.806350473000696
1937.52,0.0,13.55,49.87889952488129,49.79767210302598,50.43065723930977,51.26996855713976,-5.716440000000008,0.05,0.05,0.05,0.4352243598391874,2.5073878200804063,-13.202243598391874,-2.5727309036438224,-1.6826110833722594,-8.816944583125991,0.05,0.13,0.15,13.445283557997735,50.344299356089195,-0.8558959125026018
1937.53,0.0,13.55,49.83180775193795,49.64569410852702,50.47239767441864,50.94674775193775,-5.746440000000051,0.05,0.05,0.05,0.4341450581473799,2.5079274709263104,-13.1914505814738,-2.5849424136204338,-1.5617275913869884,-8.750691036554795,0.05,0.13,0.15,13.434751600770522,50.22416182170534,-0.8825934045753271
1937.54,0.0,13.55,49.75271182137478,49.565557922729546,50.46810694932262,50.80146,-5.842179455136312,0.05,0.05,0.05,0.4330657564555755,2.5084671217722123,-13.180657564555757,-2.589949924887329,-1.4115022533801198,-8.690600901352047,0.05,0.1303981141959212,0.15,13.4242201667176,50.146959173356734,-0.908989961170155
1937.55,0.0,13.55,49.64748352232815,49.54408275965881,50.42623038133467,50.80146,-5.99214196450885,0.05,0.05,0.05,0.431986454763771,2.5090067726181147,-13.169864547637712,-2.140000000000298,-1.152857142857313,-10.030109890109005,0.05,0.14,0.15,13.41368925707121,50.104814165830405,-0.582063289406896
1937.56,0.0,13.55,49.64928689189207,49.59966631131155,50.29603816316275,50.80146,-6.076429107276879,0.05,0.05,0.05,0.4309071530719636,2.5095464234640183,-13.159071530719636,-1.6854545454536962,-0.8931168831163979,-11.383756243758771,0.05,0.14,0.15,13.40315887306741,50.086612841591595,-0.2515676961440094
1937.57,0.0,13.537798566878957,49.73604364864873,49.716413058058166,50.09574787287268,50.80146,-6.106436609152329,0.05,0.05,0.05,0.4282727346563278,2.510172726534368,-13.148618187725065,-1.190450450450067,-0.3411111111106811,-11.98844844844891,0.05,0.14,0.15,13.392928914127088,50.087416144894895,-0.05122182425025423
1937.58,0.0,13.517894108280249,49.70750989547042,49.65460321553018,50.07248215530111,50.80146,-6.136440000000008,0.05,0.05,0.05,0.4174434848526179,2.5112556515147384,-13.139954787882097,-0.6949549549551186,0.2144444444442611,-12.584044044043846,0.05,0.14,0.15,13.384284659177577,50.05901381657543,0.14754328179717174
1937.59,0.0,13.497989649681486,49.58820675958175,49.452213967147614,50.18858967147848,50.80146,-6.166440000000051,0.05,0.05,0.05,0.4066142350488773,2.5123385764951127,-13.131291388039102,-0.942134831461032,1.2384269662935803,-11.922584269661977,0.05,0.14,0.15,13.375649284303163,50.007617599551956,-0.14204644112511206
1937.6,0.0,13.478085191082778,49.55940636226795,49.41739486703465,50.1101460461615,50.80146,-6.147128217945475,0.05,0.05,0.05,0.3957849852451673,2.5134215014754835,-13.122627988196134,-1.196816479400825,2.2671410736582347,-11.248426966291934,0.05,0.14,0.15,13.36702280671404,49.97210181886602,-0.4365690411070214
1937.61,0.0,13.458180732484072,49.604504204716505,49.51940189162067,49.87284549422981,50.80146,-6.087143214196461,0.05,0.05,0.05,0.3849557354414575,2.5145044264558547,-13.113964588353166,-0.9874749749751484,0.6786486486499557,-10.271281281282072,0.05,0.14,0.15,13.35840524364702,49.949552897641745,-0.3489707204859259
1937.62,0.0,13.438276273885364,49.54289919660686,49.5014345608783,49.84940080339314,50.68715580838334,-6.076412690482108,0.05,0.05,0.05,0.3741264856377476,2.515587351436225,-13.105301188510198,-0.7722597597601708,-0.942972972969876,-9.290300300302173,0.05,0.14,0.15,13.349796612365614,49.895222592315406,-0.2565354261864228
1937.63,0.0,13.4183718152866,49.39660179141692,49.3882409481036,49.99569820858308,50.482125868263125,-6.106390207344518,0.05,0.05,0.05,0.3632972358340069,2.5166702764166,-13.096637788667206,-0.6612637362636697,-1.9089710289716104,-9.418391608391692,0.05,0.14,0.15,13.34119693015995,49.815666704091676,-0.09942762118195925
1937.64,0.0,13.398467356687894,49.37262345549742,49.335928137621536,50.0492075841436,50.39058,-6.136379999999989,0.05,0.05,0.05,0.352467986030297,2.5177532013969706,-13.087974388824238,-0.5513736263735948,-2.868011988012264,-9.55825174825179,0.05,0.14,0.15,13.332606214346846,49.78708479431564,0.05836645098984077
1937.65,0.0,13.378562898089188,49.44731804537514,49.332726940912494,50.02786627274996,50.39058,-6.166379999999947,0.05,0.05,0.05,0.3416387362265871,2.5188361263773413,-13.07931098898127,-0.7428035043801965,-1.6045306633310084,-9.218886107635038,0.05,0.14,0.15,13.324024482269625,49.7996228147594,-0.18865998993853428
1937.66,0.0,13.358658439490425,49.446242857142806,49.292919999999945,50.01743714285714,50.39058,-6.1691451292246535,0.05,0.05,0.05,0.3308094864228464,2.519919051357716,-13.070647589138275,-0.9380475594492486,-0.3129161451818949,-8.873454317897485,0.05,0.14,0.15,13.315451751298156,49.78679499999998,-0.4408107411599152
1937.67,0.0,13.345766098816004,49.38267142857141,49.22291999999998,50.01600857142857,50.39058,-6.149264413518908,0.05,0.05,0.05,0.3199802366191365,2.5210019763380864,-13.061984189295307,-1.3652747252744435,0.491208791208267,-9.646373626373112,0.05,0.14,0.15,13.306888038828912,49.753044999999986,-0.5509253275376635
1937.68,0.0,13.338272468401865,49.31910000000001,49.15292000000002,50.01458,50.39058,-6.129383697813161,0.05,0.05,0.05,0.3091509868154267,2.5220849013184576,-13.05332078945234,-1.7948451548447366,1.290409590408812,-10.430589410588649,0.05,0.1397395002658387,0.15,13.298333362284769,49.71929500000001,-0.6596052051795751
1937.69,0.0,13.330778837987705,49.17116139674563,49.10854965707131,49.846579679599074,50.208435198998295,-6.104156039009751,0.05,0.05,0.05,0.298321737011686,2.5231678262988315,-13.044657389609348,-2.180856070088209,0.8894668335412812,-9.965166458071844,0.05,0.13,0.15,13.289787739115061,49.583681483103575,-0.8179802787303498
1937.7,0.0,13.323285207573562,48.95475088360458,49.084980195244064,49.54339069336681,49.87846273341689,-6.074148537134302,0.05,0.05,0.05,0.2874924872079761,2.5242507512792027,-13.03599398976638,-2.5663379224034824,0.4739474342923498,-9.48456570713332,0.05,0.13,0.15,13.281251186795611,49.365396126408086,-0.9769589376561282
1937.71,0.0,13.315791577159422,48.83721305637988,49.02342321958471,49.35139462413467,49.73146,-6.123309208884358,0.05,0.05,0.05,0.2766632374042662,2.525333676259573,-13.027330589923412,-2.223844233649749,0.376043434847789,-9.52450574138789,0.05,0.13,0.15,13.272723722828559,49.23587272502481,-0.845717915764967
1937.7200000000005,0.0,13.30829794674526,48.79911216617208,48.9313460682492,49.24873389218588,49.73146,-6.243099575742715,0.05,0.05,0.05,0.2658339876005255,2.526416601239948,-13.01866719008042,-1.874368447328899,0.281185721417844,-9.569438342486285,0.05,0.13,0.15,13.26420536474239,49.17766303165179,-0.7116933633662085
1937.73,0.0,13.30080431633112,48.83371930000004,48.92533537500003,49.18307697499999,49.73146,-6.347356552242684,0.05,0.05,0.05,0.2550047377968156,2.5274995262203186,-13.010003790237452,-1.57824987481241,-0.4963520280415529,-9.960648472708806,0.05,0.13,0.15,13.255696130091984,49.16839791250002,-0.4721944966026662
1937.74,0.0,13.293310685916978,48.93215930000004,48.99488537500003,49.14990697499999,49.73146,-6.437559508895024,0.05,0.05,0.05,0.2441754879931057,2.52858245120069,-13.001340390394486,-1.282806710065569,-1.282531296944165,-10.35624186279356,0.05,0.13,0.15,13.247196036458426,49.20210291250002,-0.23136051193579835
1937.75,0.0,13.285817055502816,48.91460361145677,48.990502988791874,49.13894117061023,49.73146,-6.510867136264359,0.05,0.05,0.05,0.2333462381893651,2.529665376181064,-12.992676990551493,-1.0475230961298043,-1.527423220973817,-10.508389513108636,0.05,0.13,0.15,13.238705101449032,49.19387694271472,-0.10385706227100716
1937.76,0.0,13.278323425088676,48.79521133250307,48.92121282689911,49.147469190535496,49.73146,-6.569162011173189,0.05,0.05,0.05,0.2332904761904653,2.528025714285721,-12.980786666666695,-0.8128164794009756,-1.7671235955053868,-10.658202247190866,0.05,0.13,0.15,13.226721473739547,49.14883833748442,0.02255942113122697
1937.77,0.0,13.270829794674537,48.735655696202535,48.80922835443049,49.11681949367093,49.73146,-6.585462962963001,0.05,0.05,0.05,0.2380523809523662,2.5251685714285808,-12.967453333333374,-0.7951614518147878,0.0699799749663141,-10.61053817271596,0.05,0.13,0.15,13.213174910005037,49.098290886075986,-0.1697537896013943
1937.78,0.0,13.263336164260371,48.73023797468353,48.658615696202254,49.05072329113912,49.73146,-6.554598765432082,0.05,0.05,0.05,0.2428142857142806,2.522311428571432,-12.954120000000014,-0.7801426783479163,1.9323078848583832,-10.560475594493054,0.05,0.1304033525406208,0.15,13.199630248398982,49.04275924050623,-0.36593821119483044
1937.79,0.0,13.255842533846232,48.70133073463265,48.61378002998504,48.9321609095451,49.66734555722129,-6.508372093023271,0.05,0.05,0.05,0.2475761904761815,2.5194542857142914,-12.940786666666693,-1.017423220973817,0.9607365792757626,-9.407508114856263,0.05,0.14,0.15,13.186087494783024,48.97865430784602,-0.5190827153933669
1937.8,0.0,13.248348903432092,48.65320479760124,48.65548917541226,48.77067165417304,49.55077384307855,-6.448357089272371,0.05,0.05,0.05,0.2523380952380824,2.516597142857151,-12.92745333333337,-1.2571235955053868,-0.038014981272445,-8.243962546817603,0.05,0.14,0.15,13.172546655041963,48.90753486756628,-0.671814418768892
1937.81,0.0,13.24085527301793,48.550994434310944,48.621015740695015,48.73838237121032,49.4982,-6.467522522522619,0.05,0.05,0.05,0.2570999999999968,2.513740000000002,-12.91412000000001,-1.3341927409262744,-0.4160175219029541,-8.051937421776941,0.05,0.14,0.15,13.15900773508399,48.85214813655407,-0.6874505024815849
1937.82,0.0,13.23336164260379,48.40435405965,48.52395880207051,48.81223004190287,49.4982,-6.557612612612609,0.05,0.05,0.05,0.2618619047618977,2.5108828571428616,-12.900786666666686,-1.4092866082604183,-0.7864806007513989,-7.871712140174996,0.05,0.14,0.15,13.145470740840906,48.809685725905844,-0.7014214572103408
1937.83,0.0,13.225868012189649,48.32283124528304,48.42698060377365,48.84932131320754,49.4982,-6.695048616305046,0.05,0.05,0.05,0.2666238095237986,2.508025714285721,-12.887453333333363,-1.3704294631710303,-0.8740873907615602,-8.33000749063677,0.05,0.14,0.15,13.131935678268022,48.77433329056606,-0.6099049943920418
1937.84,0.0,13.218374381775488,48.301296654088006,48.33007494339603,48.85255150188679,49.4982,-6.874554973822355,0.05,0.05,0.05,0.271385714285713,2.5051685714285723,-12.874120000000003,-1.3304794007489886,-0.9589812734083992,-8.794426966293008,0.05,0.14,0.15,13.118402553344364,48.745530774842706,-0.5173767895577651
1937.85,0.0,13.210880751361346,48.267286979999945,48.27398410999997,48.83124759999995,49.4982,-6.975442043222039,0.05,0.05,0.05,0.276147619047614,2.502311428571432,-12.860786666666682,-1.518002003004684,0.0591687531306546,-9.636114171257674,0.05,0.14,0.15,13.10487137207292,48.71767967249997,-0.5588417204409996
1937.86,0.0,13.203387120947204,48.22234698000001,48.25365411000001,48.788447600000005,49.4982,-7.004911591355593,0.05,0.05,0.05,0.2809095238095148,2.4994542857142914,-12.84745333333336,-1.708287431146717,1.090716074111152,-10.482383575363032,0.05,0.14,0.15,13.091342140480513,48.690662172500005,-0.6019340983164954
1937.87,0.0,13.2,48.19166473000003,48.22819132000005,48.681202570000266,49.38698955000034,-6.975252165053635,0.05,0.05,0.05,0.2856714285714157,2.496597142857151,-12.834120000000036,-1.4972541188218735,0.822935596605231,-11.12329006490233,0.05,0.13,0.15,13.077814864618075,48.622012042500174,-0.4062262458790117
1937.88,0.0,13.2,48.17347473,48.198231320000005,48.51749257000003,49.17833955000004,-6.883555781966376,0.05,0.05,0.05,0.2904333333333301,2.493740000000002,-12.820786666666676,-1.282576135795904,0.5433549675481542,-11.762331502747076,0.05,0.13,0.15,13.064289550560686,48.516884542500016,-0.2083496728831229
1937.89,0.0,13.2,48.23231024512246,48.21619333666829,48.43932821410706,49.0809,-6.8557697121401535,0.05,0.05,0.05,0.295195238095231,2.4908828571428616,-12.807453333333354,-1.1958938407610626,-0.4593790686038458,-11.43357536304425,0.05,0.13,0.15,13.050766204407845,48.49218294897446,-0.1247256280109722
1937.9,0.0,13.2,48.35863340670327,48.276143311655794,48.43611660830416,49.0809,-6.885807259073811,0.05,0.05,0.05,0.299957142857132,2.488025714285721,-12.794120000000031,-1.110766149223837,-1.4708963445167609,-11.093064596895347,0.05,0.13,0.15,13.037244832283346,48.5379483316658,-0.04248926566641523
1937.91,0.0,13.2,48.36608865283661,48.29608267933014,48.46660928267944,49.0809,-6.9,0.05,0.05,0.05,0.3047190476190464,2.4851685714285723,-12.780786666666671,-0.8725754928870719,-0.9903119540795856,-10.600311954079586,0.05,0.13,0.15,13.023725440335523,48.55242015371155,-0.08704556847469921
1937.92,0.0,13.2,48.26981272181944,48.281106423394135,48.52651430642346,49.0809,-6.9,0.05,0.05,0.05,0.3094809523809473,2.482311428571432,-12.767453333333348,-0.632994759171378,-0.4961766907909672,-10.106176690790967,0.05,0.13,0.15,13.010208034737483,48.539583362909255,-0.13275336874640278
1937.93,0.0,13.2,48.207212648675664,48.22448130434783,48.51908529735133,49.0809,-6.884482241120589,0.05,0.05,0.05,0.3142428571428481,2.4794542857142914,-12.754120000000023,-0.5261307287754908,-0.2327998998250248,-9.595492111195242,0.05,0.13,0.15,12.996692621686982,48.50791981259371,-0.20153950347349212
1937.94,0.0,13.2,48.17405922538727,48.131437826086845,48.45277845077454,49.0809,-6.854467233616789,0.05,0.05,0.05,0.3190047619047626,2.4765971428571425,-12.740786666666663,-0.4209466566491369,0.0276558978211849,-9.084598046581522,0.05,0.13,0.15,12.983179207406678,48.459793875562156,-0.2706177690166621
1937.95,0.0,13.2,48.09373529940119,47.98956567365268,48.45703553892216,49.0217616766467,-6.824719764011816,0.05,0.05,0.05,0.3237666666666635,2.473740000000002,-12.727453333333344,-0.7367240948810404,0.8366566791501497,-8.985972534332191,0.05,0.13,0.15,12.969667798144348,48.39052454715568,-0.4757107531583103
1937.96,0.0,13.2,47.97199877245516,47.804825154690725,48.52324312375246,48.910703792415234,-6.795221238938103,0.05,0.05,0.05,0.3285285714285644,2.4708828571428616,-12.71412000000002,-1.056324594256467,1.650639200996939,-8.891091136080112,0.05,0.13,0.15,12.956158400172788,48.302692710828396,-0.682038987014783
1937.9700000000005,0.0,13.183460331689798,47.82742659659637,47.69677574074069,48.42483201701668,48.85834,-6.750321921308097,0.05,0.05,0.05,0.3248172408620398,2.466199309965496,-12.704126206310312,-1.6042192192197244,0.6804054054044961,-8.86526276276274,0.05,0.13,0.15,12.94536472805212,48.20184358858843,-0.7690532091153979
1937.98,0.0,13.153578365456443,47.6624816516516,47.657146111111096,48.17955674174167,48.85834,-6.689003576903412,0.05,0.05,0.05,0.3173168658432962,2.460699034951751,-12.69562578128907,-2.1547697697704504,-0.3105855855868107,-8.840237737737707,0.05,0.13,0.15,12.935789257424258,48.08938112612609,-0.8546793572294611
1937.99,0.0,13.12369639922309,47.56631272681832,47.53071630592365,48.072344903774045,48.85834,-6.66,0.05,0.05,0.05,0.3098164908245526,2.4551987599380056,-12.687125356267828,-2.2391608391608004,-0.4337937062936509,-9.176433566433404,0.05,0.13,0.15,12.926218975958978,48.006928484129006,-0.8193284963049815
1938.0,0.0,13.093814432989651,47.53101155211192,47.32746711822016,48.08732115971009,48.85834,-6.66,0.05,0.05,0.05,0.3023161158057877,2.4496984849242445,-12.67862493124656,-2.3190809190809687,-0.5486788211788928,-9.516093906094117,0.05,0.13,0.15,12.916653895190613,47.951034957510544,-0.7828173309021407
1938.01,0.0,13.0639324667563,47.5252056856857,47.279624084084126,48.09265699699699,48.85834,-6.722874251497149,0.05,0.05,0.05,0.2948157407870441,2.4441982099105,-12.670124506225315,-2.1418473091363674,-0.1837972465580892,-10.02971464330428,0.05,0.13,0.15,12.907094026681483,47.9389566916917,-0.6835098357770627
1938.02,0.0,13.034050500522946,47.54555603603602,47.36959405405399,48.089443783783786,48.85834,-6.84263473053882,0.05,0.05,0.05,0.2873153657683005,2.4386979348967537,-12.661624081204074,-1.9616220275344216,0.1866658322903555,-10.54535919899874,0.05,0.1304085908852621,0.15,12.897539382021796,47.96573346846845,-0.5834717814291528
1938.03,0.0,13.004168534289509,47.51695998000988,47.37073520239868,48.02251011494233,48.85834,-6.868669506389316,0.05,0.05,0.05,0.2798149907495356,2.433197659882993,-12.653123656182808,-1.6432759051180512,0.1603071161048173,-11.173550561798836,0.05,0.14,0.15,12.887989972829791,47.94213632433772,-0.37875437159953385
1938.04,0.0,12.974286568056154,47.44530580709635,47.29373370314832,47.899521609195226,48.85834,-6.808534201954337,0.05,0.05,0.05,0.272314615730792,2.427697384869248,-12.644623231161566,-1.323675405742625,0.130344569288371,-11.802764044944208,0.05,0.14,0.15,12.878445810751868,47.87422527985997,-0.1730862915390834
1938.05,0.0,12.9444046018228,47.41793428428929,47.24458467830422,47.83390545635909,48.85834,-6.795444526083768,0.05,0.05,0.05,0.2648142407120484,2.422197109855502,-12.636122806140325,-0.8499924924927249,0.4367417417415901,-11.72094594594599,0.05,0.14,0.15,12.868906907462495,47.838691104738146,-0.05825675408257863
1938.06,0.0,12.914522635589362,47.42967493266836,47.22003604987524,47.81896281296754,48.85834,-6.824834680382113,0.05,0.05,0.05,0.2573138656932835,2.416696834841741,-12.627622381119057,-0.3745170170164228,0.7470520520524399,-11.630855855855744,0.05,0.14,0.15,12.859373274664323,47.83175344887779,0.05551598697577709
1938.07,0.0,12.9,47.39630809022545,47.27159382456159,47.68605658145327,48.85834,-6.736575934876591,0.05,0.05,0.05,0.2498134906745399,2.411196559827996,-12.619121956097812,-0.6223251748254103,0.2206118881113941,-10.205104895103569,0.05,0.14,0.15,12.849844924088353,47.80307462406008,-0.18873293163308313
1938.08,0.0,12.9,47.322293052631615,47.39173417543853,47.44684856140364,48.85834,-6.522889849911129,0.05,0.05,0.05,0.2423131156557963,2.4056962848142507,-12.61062153107657,-0.877070429570584,-0.3138536463539705,-8.766543456542585,0.05,0.1398387963460601,0.15,12.840321867493815,47.754803947368444,-0.4364156773660103
1938.09,0.0,12.9,47.27793075924074,47.37826490509475,47.37893298701309,48.85834,-6.404366834170825,0.05,0.05,0.05,0.2348127406370314,2.400196009800489,-12.602121106055304,-0.8057697121400453,-0.3843329161452939,-8.462976220274841,0.05,0.13,0.15,12.8308041166683,47.72336716283714,-0.4510842516860769
1938.1,0.0,12.9,47.25975893106892,47.24678638361627,47.46230961038968,48.85834,-6.374216080402019,0.05,0.05,0.05,0.2273123656182878,2.3946957347867444,-12.59362068103406,-0.730675844806008,-0.449414267834793,-8.17261326658323,0.05,0.13,0.15,12.821291683427907,47.70679873126872,-0.46304198840256233
1938.11,0.0,12.9,47.26701720558883,47.08204816367258,47.51909190618763,48.85834,-6.36,0.05,0.05,0.05,0.2198119905995442,2.389195459772999,-12.585120256012818,-0.9378501872656828,-0.3658701622972237,-8.115563046192321,0.05,0.13,0.15,12.811784579617134,47.68162431886226,-0.5499363423420421
1938.12,0.0,12.9,47.29691740518962,46.88769686626752,47.55219569860279,48.85834,-6.36,0.05,0.05,0.05,0.2123116155808006,2.3836951847592536,-12.576619830991577,-1.1475880149808064,-0.280976279650626,-8.06063171036217,0.05,0.13,0.15,12.802282817109049,47.648787492514984,-0.637511250827444
1938.13,0.0,12.9,47.16825692115107,46.80662906132669,47.58985566958704,48.85834,-6.36,0.05,0.05,0.05,0.2048112405620357,2.378194909745493,-12.568119405970307,-1.3628467701551616,0.412989484226107,-8.569842263394921,0.05,0.13,0.15,12.792786407805274,47.6057704130162,-0.7048972361499057
1938.14,0.0,12.9,46.89613677096381,46.828055844806,47.6316378973717,48.85834,-6.36,0.05,0.05,0.05,0.1973108655432921,2.3726946347317472,-12.559618980949065,-1.578169754631673,1.1140410615914935,-9.08561592388517,0.05,0.13,0.15,12.783295363636181,47.55354262828538,-0.7720483478086237
1938.15,0.0,12.9,46.81147536159588,46.788071446384194,47.5945152369079,48.6179315461354,-6.37548102815175,0.05,0.05,0.05,0.1898104905245485,2.367194359718002,-12.551118555927822,-1.6146591760298794,0.8476779026223773,-10.065408239698032,0.05,0.13,0.15,12.773809696560756,47.45299839775584,-0.6083243711023812
1938.16,0.0,12.9,46.89472723192024,46.69307892768076,47.48671473815457,48.16218092269307,-6.404856793145662,0.05,0.05,0.05,0.1823101155057836,2.3616940847042414,-12.542618130906556,-1.649615480649166,0.5730212234708395,-11.049178526840812,0.05,0.13,0.15,12.764329418566751,47.30917545511216,-0.4426211324174517
1938.17,0.0,12.892333748443368,46.97813878524942,46.71526051393286,47.43113532788254,47.84977938928759,-6.429824264954359,0.05,0.05,0.05,0.1773646879611636,2.3590117579854364,-12.5327528918932,-1.6797071339173677,-0.4895544430527792,-11.292705882352712,0.05,0.13,0.15,12.754069537057827,47.243578504088106,-0.30538092789847193
1938.18,0.0,12.87738978829394,47.06169626898035,46.84452465543114,47.42327949607877,47.66838109127343,-6.450101385603219,0.05,0.05,0.05,0.1735564335697737,2.3575836625886653,-12.52228019231688,-1.7097446808510253,-1.560893617019903,-11.527999999999698,0.05,0.13,0.15,12.743462001223612,47.24947037794092,-0.16845729908812562
1938.19,0.0,12.862445828144468,47.14525375271152,46.97378879692978,47.41542366427498,47.486982793258754,-6.470378506252137,0.05,0.05,0.05,0.169748179178373,2.3561555671918897,-12.511807492740529,-1.2445767790260014,-0.7035205992505346,-11.262629213483022,0.05,0.13,0.15,12.732855541336425,47.25536225179376,-0.1415583538095059
1938.2,0.0,12.84750186799504,47.09213378931612,47.03506,47.4482285072391,47.401,-6.464234999999992,0.05,0.05,0.05,0.1659399247869832,2.3547274717951185,-12.501334793164204,-0.7751635455683438,0.1703870162291472,-10.992966292135009,0.05,0.13,0.15,12.72225016008736,47.24410557413881,-0.11560263577267682
1938.21,0.0,12.832557907845612,46.91584821767366,47.03506,47.51767433849219,47.401,-6.434235000000035,0.05,0.05,0.05,0.1621316703955933,2.3532993763983474,-12.490862093587882,-0.6363178973718456,0.0413667083856176,-10.539441802253258,0.05,0.13,0.15,12.711645860176123,47.21739563904146,-0.12419530663670392
1938.2200000000005,0.0,12.81761394769614,46.792626433566326,46.96014717282696,47.45520228771202,47.419448681318734,-6.404274314214447,0.05,0.05,0.05,0.1583234160041927,2.3518712810015723,-12.48038939401153,-0.5011489361700019,-0.0988085106385165,-10.083872340424822,0.05,0.13,0.15,12.701042644311164,47.156856143856004,-0.13317223662910038
1938.23,0.0,12.802669987546713,46.71780125874117,46.81691040959024,47.27241507492487,47.454723406593445,-6.374349127182051,0.05,0.05,0.05,0.1545151616128028,2.350443185604801,-12.46991669443521,-0.78717602996268,-0.0702921348314469,-9.73835955056164,0.05,0.13,0.15,12.690440515209794,47.06546253746243,-0.2844804497401578
1938.24,0.0,12.787726027397284,46.65850521412471,46.67681874780864,47.24126317555724,47.39511272226394,-6.328723084627005,0.05,0.05,0.05,0.150706907221413,2.34901509020803,-12.459443994858889,-1.0768139825216605,-0.0403295880150006,-9.393790262172509,0.05,0.13,0.15,12.679839475598046,46.99292496493863,-0.4370088503512508
1938.25,0.0,12.772782067247814,46.61348643125464,46.53961864763316,47.34952262960196,47.24826574004487,-6.268632949424087,0.05,0.05,0.05,0.1468986528300123,2.3475869948112544,-12.448971295282536,-1.1641702127661169,0.4996795995003965,-9.36524405506879,0.05,0.13,0.15,12.66923952821079,46.93772336213366,-0.526817056625583
1938.26,0.0,12.757838107098385,46.48109815730335,46.42897833707864,47.22051437702867,47.19749748813983,-6.177179999999956,0.05,0.05,0.05,0.1430903984386224,2.346158899414484,-12.438498595706212,-1.2492765957448135,1.0453617021285109,-9.340212765957409,0.05,0.13,0.15,12.658640675791872,46.83202208988763,-0.6159276672093187
1938.27,0.0,12.75,46.269502651685606,46.34241653932593,46.8764045143574,47.23383206991257,-6.057179999999955,0.05,0.05,0.05,0.1392821440472326,2.344730804017712,-12.42802589612989,-1.6163970037454882,0.4508913857675125,-8.924089887640257,0.05,0.14,0.15,12.648042921093962,46.68053894382038,-0.7403742311023414
1938.28,0.0,12.75,46.1733843478261,46.27870956521734,46.72476000000003,47.2512,-6.015681477783391,0.05,0.05,0.05,0.1354738896558319,2.343302708620937,-12.417553196553538,-1.985935081149376,-0.1533533083658704,-8.504614232208818,0.05,0.1397340425531675,0.15,12.637446266878673,46.60701347826087,-0.8651237255081476
1938.29,0.0,12.75,46.1830095352324,46.23593095452269,46.74935770114945,47.2512,-6.045636545182237,0.05,0.05,0.05,0.1316656352644421,2.341874613224166,-12.407080496977215,-1.9404881101376488,-0.4620225281603425,-9.277336670838917,0.05,0.13,0.15,12.626850715916689,46.60487454772614,-0.7008224272060222
1938.3,0.0,12.75,46.21993710144929,46.20318178910544,46.78119889055473,47.2512,-6.1381140570284405,0.05,0.05,0.05,0.1278573808730522,2.3404465178273948,-12.396607797400897,-1.8904255319149568,-0.7674042553187611,-10.063319148935172,0.05,0.13,0.15,12.616256270987634,46.61387944527736,-0.533306206033174
1938.31,0.0,12.75,46.281966086956615,46.17965355322335,46.81969964017996,47.2512,-6.28818909454765,0.05,0.05,0.05,0.1240491264816515,2.339018422430619,-12.386135097824544,-1.6423726273723172,-0.8591458541459659,-10.614780219780902,0.05,0.13,0.15,12.605662934880169,46.63312982008998,-0.35700815401391806
1938.32,0.0,12.75,46.26225751186608,46.10942580064949,46.73587912565572,47.249532050961776,-6.391266550087559,0.05,0.05,0.05,0.1202408720902617,2.337590327033848,-12.37566239824822,-1.392622377622147,-0.9490559440560272,-11.164230769231278,0.05,0.13,0.15,12.595070710392147,46.58927362228327,-0.1806348165063064
1938.33,0.0,12.75,46.16709888083944,45.99609080189866,46.53914667499391,47.246324456657504,-6.45122158381221,0.05,0.05,0.05,0.1164326176988718,2.336162231637077,-12.365189698671898,-1.3602852852852905,0.1197297297295444,-11.29876376376374,0.05,0.13,0.15,12.584479600330454,46.48716520359738,-0.2605515585061211
1938.34,0.0,12.75,46.09462318318313,45.93818789789789,46.42109528528524,47.24478,-6.4643960990246825,0.05,0.05,0.05,0.1126243633074712,2.334734136240302,-12.354716999095546,-1.3302552552552085,1.2008108108125048,-11.428893893894095,0.05,0.13,0.15,12.573889607511138,46.42467159159156,-0.3431879021581053
1938.35,0.0,12.75,46.04321177177177,45.93176147147147,46.376110300300304,47.24478,-6.434388597149275,0.05,0.05,0.05,0.1088161089160813,2.3333060408435307,-12.344244299519223,-0.9678082191777686,0.8764023071374184,-10.943900504685953,0.05,0.13,0.15,12.563300734759533,46.398965885885886,-0.2611361015435709
1938.36,0.0,12.75,45.96907937609189,45.91978460693787,46.27336953830804,47.097450052408426,-6.42,0.05,0.05,0.05,0.1050078545246915,2.3318779454467595,-12.3337715999429,-0.602511415525058,0.5399447248257113,-10.453633741888892,0.05,0.13,0.15,12.55271298491011,46.31492089343655,-0.1776724509784526
1938.37,0.0,12.73881082162328,45.87401573745948,45.90269451459946,46.117422445720045,46.81439539805351,-6.42,0.05,0.05,0.05,0.1011996001333016,2.3304498500499884,-12.32329890036658,-0.6980760218692047,-0.2394819057531237,-9.247828690446106,0.05,0.13,0.15,12.54212636080666,46.17713202395812,-0.3112022150792228
1938.38,0.0,12.71380707106065,45.843600945709326,45.87229579184382,46.04099278959219,46.67768,-6.373289999999967,0.05,0.05,0.05,0.1072135636057137,2.3249505054760005,-12.304490838247716,-0.8386644103099905,-1.0621843269992042,-7.972119239779715,0.05,0.13,0.15,12.522674809706437,46.10864238178634,-0.46593111628827344
1938.39,0.0,12.688803320498089,45.87358343257442,45.82946366775082,46.038851183387536,46.67768,-6.283289999999967,0.05,0.05,0.05,0.1177443133950891,2.3175789806234377,-12.28184972620056,-0.9438726591760448,-0.5308514357052907,-7.75225468164791,0.05,0.13,0.15,12.499154721489658,46.104894570928195,-0.5897860487280904
1938.4,0.0,12.663799569935527,45.84313770786533,45.76395770786532,46.07494485892621,46.67768,-6.224445554445571,0.05,0.05,0.05,0.1282750631844645,2.310207455770875,-12.2592086141534,-1.0487415730336067,0.0134681647934826,-7.542516853932787,0.05,0.13,0.15,12.475644625664328,46.089930068664216,-0.7133448653645104
1938.41,0.0,12.638795819372897,45.75657591011237,45.67739591011237,46.14654535830211,46.67768,-6.194475524475507,0.05,0.05,0.05,0.1388058129738698,2.302835930918292,-12.23656750210618,-1.1291983967936745,-0.2571943887778603,-8.034989979960466,0.05,0.13,0.15,12.452144578828369,46.06454929463172,-0.6376891661825519
1938.42,0.0,12.613792068810335,45.71136893553224,45.59742275862074,46.17512971514243,46.67768,-6.211027756939199,0.05,0.05,0.05,0.1493365627632452,2.2954644060657285,-12.213926390059022,-1.209358717434894,-0.5377555110221288,-8.535991983968088,0.05,0.13,0.15,12.428654637983664,46.04040035232386,-0.5596138574967515
1938.43,0.0,12.588788318247774,45.70495214392804,45.52362965517247,46.163365597201405,46.67768,-6.271042760690099,0.05,0.05,0.05,0.1598673125526206,2.288092881213166,-12.191285278011868,-1.3982446941321822,-0.2576329588017266,-9.36728589263354,0.05,0.13,0.15,12.40517486053905,46.017406849075485,-0.5263667666229109
1938.44,0.0,12.563784567685143,45.67867273273267,45.48618519519519,46.19737531531542,46.67768,-6.315513364976292,0.05,0.05,0.05,0.1703980623420259,2.2807213563605817,-12.168644165964643,-1.588007490636881,0.0270112359553216,-10.201243445693663,0.05,0.13,0.15,12.381705304313883,46.00997831081082,-0.4934811936345439
1938.45,0.0,12.538780817122582,45.633687747747736,45.48297198198198,46.27449243243245,46.67768,-6.345490881838617,0.05,0.05,0.05,0.1809288121314013,2.273349831508019,-12.146003053917488,-1.397720478325894,0.3258146487293938,-11.442561036372474,0.05,0.13,0.15,12.358246027541682,46.017208040540545,-0.27279040969919366
1938.46,0.0,12.51377706656002,45.616910246085,45.476469753915,46.1934841213027,46.62377732040775,-6.329055472263908,0.05,0.05,0.05,0.1914595619207766,2.265978306655456,-12.12336194187033,-1.2034005979075746,0.6247683109114236,-12.688201295464266,0.05,0.13,0.15,12.334797088873168,45.97766036042761,-0.05010674580955371
1938.4700000000005,0.0,12.5,45.62648519015661,45.46689480984339,45.964749346258806,46.51951681829471,-6.269085457271244,0.05,0.05,0.05,0.201990311710182,2.258606781802873,-12.100720829823109,-1.2690165579529216,0.289846964374887,-12.103640240842193,0.05,0.13,0.15,12.311358547379958,45.894411541138375,-0.12578221631932346
1938.48,0.0,12.5,45.644731991006736,45.48648158381213,45.921361873594776,46.4074262802898,-6.270900000000072,0.05,0.05,0.05,0.2125210614995574,2.25123525695031,-12.078079717775951,-1.339262418464691,-0.0563647767188346,-11.486480180631643,0.05,0.13,0.15,12.287930462558284,45.86500043217586,-0.2067719716658944
1938.49,0.0,12.5,45.67146194354231,45.53459549837616,46.059288428678336,46.28767609293043,-6.330899999999987,0.05,0.05,0.05,0.2230518112889327,2.243863732097747,-12.055438605728796,-1.0379004004004528,-0.0649524524524516,-11.068946446446516,0.05,0.13,0.15,12.264512894332134,45.88825549088181,-0.1678646695832631
1938.5,0.0,12.5,45.665232843161824,45.60988444165629,46.08493651693845,46.22828,-6.344569288389472,0.05,0.05,0.05,0.233582561078338,2.2364922072451634,-12.032797493681574,-0.7325950950946167,-0.0699574574574653,-10.65353103103038,0.05,0.13,0.15,12.241105903057038,45.89708345043914,-0.1276850894783895
1938.51,0.0,12.5,45.62656784943539,45.71191706398995,46.000088336260994,46.22828,-6.314606741573026,0.05,0.05,0.05,0.2441133108677134,2.2291206823926006,-12.010156381634417,-0.6359015984016141,-0.6940209790208749,-10.129982517482604,0.05,0.13,0.15,12.217709549523887,45.89171331242159,-0.10955423368511322
1938.52,0.0,12.5,45.577007915937,45.694390958218776,45.96192629472104,46.20856223167379,-6.269250000000061,0.05,0.05,0.05,0.2546440606570889,2.221749157540038,-11.98751526958726,-0.5409965034966842,-1.3233916083904107,-9.60550699300799,0.05,0.13,0.15,12.194323894962176,45.86047185013766,-0.09161239872553656
1938.53,0.0,12.5,45.517042942206565,45.56268217663227,45.96835111333501,46.170013319989934,-6.209249999999975,0.05,0.05,0.05,0.2651748104464941,2.2143776326874542,-11.964874157540038,-0.8718973717148483,-0.4977797246553057,-9.208658322903387,0.05,0.13,0.15,12.170949001043889,45.80452238804095,-0.3486440986631474
1938.54,0.0,12.5,45.34832138549682,45.339871771741485,45.98679969100427,46.15124,-6.164640359640373,0.05,0.05,0.05,0.2757055602358695,2.2070061078348915,-11.94223304549288,-1.207316645807359,0.3432715894871094,-8.813163954943562,0.05,0.13,0.15,12.147584929887408,45.70655821206064,-0.6085936582432195
1938.55,0.0,12.5,45.07635527535488,45.03057697981535,46.01666263643162,46.15124,-6.134670329670352,0.05,0.05,0.05,0.2862363100252449,2.1996345829823287,-11.919591933445725,-1.3289210789210766,0.5184715284715251,-8.750539460539462,0.05,0.13,0.15,12.124231744060863,45.56870872290046,-0.6771262578185664
1938.56,0.0,12.5,44.926942463695454,44.867084616925325,45.88105294441573,46.15124,-6.12,0.05,0.05,0.05,0.2967670598146502,2.1922630581297446,-11.896950821398502,-1.448801198801499,0.6883016983021236,-8.69059940059925,0.05,0.13,0.15,12.100889506586112,45.456580006259124,-0.7441151722328329
1938.57,0.0,12.481628058237908,44.89693745618421,44.845652468703015,45.58421769153669,46.15124,-6.12,0.05,0.05,0.05,0.2954958378121748,2.1913858960577923,-11.887921155913313,-1.9059699624534268,0.2786357947431041,-8.848598247809887,0.05,0.13,0.15,12.091822002693252,45.369511904105984,-0.8311315839631854
1938.58,0.0,12.436598789213075,44.870223370842695,44.783336374093466,45.51059977494381,46.08580384096017,-6.150621722846448,0.05,0.05,0.05,0.2889963252756203,2.19338574606904,-11.88492138089644,-2.3665456821021893,-0.1368836045052358,-9.0087984981225,0.05,0.13,0.15,12.089078382456249,45.31249084021003,-0.9183502936461767
1938.59,0.0,12.39156952018812,44.84667748437106,44.68166095523867,45.65187509377363,45.95737173293306,-6.210546816479511,0.05,0.05,0.05,0.2824968127390472,2.195385596080293,-11.88192160587956,-2.137053682896197,-0.2391260923845969,-9.803008739076777,0.05,0.13,0.15,12.086338710004451,45.284396316579105,-0.7104561102077167
1938.6,0.0,12.346540251163288,44.83514,44.69735675837924,45.67960605302648,45.89444,-6.285799349512228,0.05,0.05,0.05,0.2759973002024927,2.1973854460915407,-11.878921830862687,-1.9023470661673685,-0.3390012484394177,-10.60200998751534,0.05,0.13,0.15,12.083602988023072,45.27663570285143,-0.5003318545293578
1938.61,0.0,12.301510982138458,44.83514,44.82582099049532,45.59824537268629,45.89444,-6.375866900175183,0.05,0.05,0.05,0.2694977876659382,2.199385296102788,-11.875922055845818,-1.58783783783829,-0.4242342342341122,-10.887477477477075,0.05,0.13,0.15,12.08087121919587,45.288411590795405,-0.34264835357885887
1938.62,0.0,12.256481713113628,44.76529313373259,44.86572149700601,45.43186255489032,45.89444,-6.450531304564707,0.05,0.05,0.05,0.2629982751293837,2.201385146114036,-11.872922280828949,-1.2725225225233228,-0.5093193193191035,-11.167757757757046,0.05,0.13,0.15,12.078143406205154,45.239329296407234,-0.1854945572215894
1938.63,0.0,12.211452444088668,44.628606506985975,44.82087119760477,45.18411804391207,45.89444,-6.510396607632888,0.05,0.05,0.05,0.2564987625928107,2.203384996125289,-11.869922505812069,-1.2154945054945063,-0.1036863136863217,-11.249280719280716,0.05,0.13,0.15,12.075419551731756,45.132008937125704,-0.19618504297741612
1938.64,0.0,12.166423175063835,44.57914457571962,44.77920591739677,45.113581051314064,45.89444,-6.5248160200250265,0.05,0.05,0.05,0.2499992500562562,2.2053848461365364,-11.866922730795196,-1.1605494505494691,0.3059040959039576,-11.329200799200771,0.05,0.13,0.15,12.072699658455065,45.09159288610761,-0.20822911165390934
1938.65,0.0,12.121393906039009,44.614498768460535,44.74063770713396,45.21535827284094,45.89444,-6.494778473091369,0.05,0.05,0.05,0.2434997375197016,2.207384696147784,-11.863922955778325,-0.7585481852318035,-0.1211889862325075,-10.83933667083887,0.05,0.13,0.15,12.069983729052973,45.11623368710886,-0.102953836103084
1938.66,0.0,12.076364637014048,44.66667830254627,44.727707833250136,45.090544138791344,45.89444,-6.419085685735452,0.05,0.05,0.05,0.2370002249831286,2.209384546159037,-11.860923180761445,-0.3530413016262722,-0.5567334167717819,-10.34371714643211,0.05,0.13,0.15,12.067271766201863,45.09484256864694,0.0035064833291689468
1938.67,0.0,12.05,44.735055736395466,44.739460204692975,44.74758857214148,45.89444,-6.299175618286152,0.05,0.05,0.05,0.2305007124465741,2.211384396170285,-11.857923405744572,-0.4590387016230567,-0.5104369538077016,-9.319001248438653,0.05,0.13,0.15,12.064563772576642,45.02913612830748,-0.19198271876021938
1938.68,0.0,12.05,44.71356661781851,44.65464837302252,44.66317558701079,45.7915542880933,-6.219743376103986,0.05,0.05,0.05,0.2240011999100196,2.2133842461815325,-11.854923630727702,-0.5689013732833595,-0.4604993757802911,-8.290287141073996,0.05,0.13,0.15,12.061859750850687,44.95573621648628,-0.38975365526858996
1938.69,0.0,12.05,44.60451749208982,44.475750787676766,44.83066934221498,45.58842356369673,-6.1797500416596725,0.05,0.05,0.05,0.2175016873734466,2.215384096192785,-11.851923855710822,-0.7087734668336516,-0.1675844806005197,-7.893416770963399,0.05,0.13,0.15,12.059159703695839,44.87484029641957,-0.5272456402588623
1938.7,0.0,12.05,44.49546836636145,44.296853202331526,44.9981630974187,45.38529283930073,-6.139756707215472,0.05,0.05,0.05,0.2110021748368921,2.217383946204033,-11.848924080693951,-0.848948685857188,0.1277847309133605,-7.502928660826405,0.05,0.13,0.15,12.05646363378243,44.79394437635311,-0.6641287469505583
1938.71,0.0,12.05,44.37655295266738,44.20217752066117,45.06773436513904,45.28454,-6.180719999999888,0.05,0.05,0.05,0.2045026623003376,2.219383796215281,-11.845924305677078,-1.1523345817721549,0.0407865168541182,-7.475218476903922,0.05,0.13,0.15,12.053771543779227,44.73275120961689,-0.7611589478302965
1938.7200000000005,0.0,12.05,44.24792785875268,44.19038688705233,45.04093747057348,45.28454,-6.300720000000229,0.05,0.05,0.05,0.1980031497637646,2.221383646226534,-11.842924530660198,-1.456953807740224,-0.0491011235954759,-7.450249687890146,0.05,0.13,0.15,12.051083436353437,44.69094805409462,-0.8578879932507341
1938.73,0.0,12.05,44.1585213146713,44.141691747063184,45.02013955011246,45.28454,-6.4207048237942335,0.05,0.05,0.05,0.1915036372272101,2.2233834962377816,-11.839924755643327,-1.717722152690694,0.2919774718395749,-8.183516896119668,0.05,0.13,0.15,12.048399314170721,44.651223152961734,-0.8699540780584933
1938.74,0.0,12.05,44.10717415146215,44.05718287428145,45.005163294176455,45.28454,-6.540674831292264,0.05,0.05,0.05,0.1850041246906555,2.225383346249029,-11.836924980626456,-1.9780475594490607,0.6374092615766382,-8.924443053816557,0.05,0.13,0.15,12.045719179895144,44.61351507998001,-0.881164981445896
1938.75,0.0,12.05,44.1045651121077,44.01443880418535,44.88263264573953,45.13479437967066,-6.6000000000000005,0.05,0.05,0.05,0.1785046121540825,2.2273831962602824,-11.833925205609576,-1.7271653346649372,0.3772502497498367,-9.862017982019449,0.05,0.13,0.15,12.043043036189177,44.53410773542581,-0.6279701878906475
1938.76,0.0,12.05,44.14934837070257,44.012306268061785,44.65551754857984,44.839438126556885,-6.6000000000000005,0.05,0.05,0.05,0.172005099617528,2.2293830462715296,-11.830925430592703,-1.472420079919763,0.1125149850146561,-10.801078921080087,0.05,0.13,0.15,12.040370885713717,44.41415257847527,-0.3727773663992766
1938.77,0.0,12.048290235623009,44.24186006002993,44.08885380690335,44.509308674337206,44.76188006002993,-6.62939577039273,0.05,0.05,0.05,0.17,2.228237498088395,-11.818014987001083,-1.4055369211514706,-0.2916545682100681,-11.35545682102602,0.05,0.13,0.15,12.027444474237637,44.400475650325106,-0.22439086715873577
1938.78,0.0,12.043298222843449,44.38210018009018,44.2440814207105,44.44400602301144,44.90212018009018,-6.6898187311179385,0.05,0.05,0.05,0.17,2.225688688382523,-11.800683081001155,-1.3404555694617866,-0.6971614518150224,-11.906145181477193,0.05,0.13,0.15,12.009942186198101,44.49307695097557,-0.07702875970096601
1938.79,0.0,12.0383062100639,44.39527078230444,44.29152758310423,44.42749808047988,44.9721,-6.72,0.05,0.05,0.05,0.17,2.2231398786766583,-11.783351175001275,-0.9582675986020428,-0.5314428357463566,-11.99427858212682,0.05,0.13,0.15,11.992439944963929,44.52159911147214,0.047423466796579106
1938.8,0.0,12.033314197284351,44.28187913021755,44.23162255936021,44.4595900574856,44.9721,-6.72,0.05,0.05,0.05,0.17,2.2205910689707933,-11.766019269001395,-0.5738442336496551,-0.3616974538193282,-12.079151273090336,0.05,0.13,0.15,11.974937750740294,44.48629793676584,0.1717141936297703
1938.81,0.0,12.02832218450479,44.255252469352094,44.19741250437827,44.47562,44.9721,-6.72,0.05,0.05,0.05,0.17,2.2180422592649216,-11.748687363001466,-0.4212769153728244,-0.3054682023033689,-11.817255883825323,0.05,0.13,0.15,11.957435603733577,44.47509624343259,0.17746749564850384
1938.82,0.0,12.023330171725242,44.31521744308237,44.18884607955966,44.47562,44.9721,-6.72,0.05,0.05,0.05,0.17,2.2154934495590566,-11.731355457001586,-0.2710515773659558,-0.2503855783675172,-11.551857786679856,0.05,0.13,0.15,11.939933504151519,44.487945880660504,0.18202344994178438
1938.83,0.0,12.018338158945696,44.31500016,44.1738372,44.49549418,44.951151540000005,-6.689865067466309,0.05,0.05,0.05,0.17,2.212944639853192,-11.714023551001706,-0.3344644194756239,-0.0169363295881289,-11.54008239700375,0.05,0.13,0.15,11.922431452202927,44.48387077,0.13467119426856142
1938.84,0.0,12.013346146166134,44.25508015999992,44.152437199999966,44.535084180000055,44.90942153999995,-6.629895052473644,0.05,0.05,0.05,0.17,2.21039583014732,-11.696691645001776,-0.3993832709114419,0.2177702871413669,-11.53009488139824,0.05,0.13,0.15,11.904929448097835,44.463005769999974,0.08695301969315491
1938.85,0.0,12.008354133386586,44.12338710578836,44.01312371257477,44.54407864271457,44.83181680638719,-6.6000000000000005,0.05,0.05,0.05,0.17,2.207847020441456,-11.679359739001896,-0.6032557557557857,0.6661711711712369,-10.677317317317192,0.05,0.13,0.15,11.887427492047665,44.37810156686622,-0.15719593152588895
1938.86,0.0,12.003362120607038,43.92049289421164,43.75683628742523,44.52272135728544,44.718623193612814,-6.6000000000000005,0.05,0.05,0.05,0.17,2.2052982107355907,-11.662027833002016,-0.8084609609607645,1.1166216216211902,-9.81645645645728,0.05,0.13,0.15,11.869925584264937,44.22966843313378,-0.4032288730305162
1938.87,0.0,12.0,43.81597236545683,43.64898754943676,44.459714362953775,44.658598838548194,-6.570120120120116,0.05,0.05,0.05,0.17,2.2027494010297257,-11.644695927002136,-1.1966883116878124,0.5151798201806014,-8.992005494506552,0.05,0.13,0.15,11.85242372496347,44.14581827909889,-0.5958344608878
1938.88,0.0,12.0,43.81061566958698,43.6907697772216,44.3547231239047,44.65217080350437,-6.510060060059952,0.05,0.05,0.05,0.17,2.200200591323854,-11.627364021002206,-1.5862987012991854,-0.0942107892115464,-8.167829670328647,0.05,0.13,0.1495907660020885,11.834921914358304,44.12706984355441,-0.7880363155945906
1938.89,0.0,12.0,43.73298383904007,43.598134956260665,44.30977561609599,44.63289796550859,-6.48,0.05,0.05,0.05,0.17,2.197651781617989,-11.610032115002326,-1.917274092615611,0.0388435544429865,-8.125289111389254,0.05,0.13,0.14,11.817420152665898,44.06844809422633,-0.9194578862670353
1938.9,0.0,12.0,43.58322127968002,43.37135165208689,44.324751872032,44.60080598850286,-6.48,0.05,0.05,0.05,0.17,2.1951029719121244,-11.592700209002446,-2.247687108885376,0.1790187734665229,-8.090245306633369,0.05,0.13,0.14,11.799918440103847,43.97003269807544,-1.0502965062092982
1938.91,0.0,12.0,43.51582438671,43.3279924756436,44.34881257057215,44.58476,-6.554868848363846,0.05,0.05,0.05,0.17,2.1925541622062523,-11.575368303002517,-2.135947565542965,0.0361947565541733,-9.23052434457035,0.05,0.13,0.14,11.782416776891035,43.94434735823144,-0.8253525251361494
1938.92,0.0,12.0,43.530793160129925,43.46805742693,44.38195771171626,44.58476,-6.704756432675469,0.05,0.05,0.05,0.17,2.190005352500388,-11.558036397002637,-2.0210911360797583,-0.1086242197255223,-10.379088639202418,0.05,0.13,0.1404094488189084,11.764915163247801,43.99139207469405,-0.5979005096146024
1938.93,0.0,12.0,43.47110902774308,43.51430322419396,44.315391177205726,44.58476,-6.809872531866972,0.05,0.05,0.05,0.17,2.187456542794523,-11.540704491002757,-2.0348723723723743,0.0684684684684947,-11.386448948949097,0.05,0.13,0.15,11.747413599395646,43.9713908572857,-0.46849072314438406
1938.94,0.0,12.0,43.336322724318855,43.46616525868531,44.14851289677573,44.58476,-6.869857535616157,0.05,0.05,0.05,0.17,2.184907733088651,-11.523372585002829,-2.0498873873874155,0.2486486486489881,-12.39245495495685,0.05,0.13,0.15,11.729912085557393,43.883940219944975,-0.34002127102601215
1938.95,0.0,12.0,43.29693692615765,43.40785427784736,44.03166133166464,44.58476,-6.9,0.05,0.05,0.05,0.17,2.1823589233827865,-11.506040679002949,-1.6732267732267156,0.2400849150849135,-12.618131868131902,0.05,0.13,0.15,11.71241062195734,43.83030313391741,-0.17848708028979815
1938.96,0.0,12.0,43.35371790237791,43.33928857071346,43.965238302878674,44.58476,-6.9,0.05,0.05,0.05,0.1696344545030953,2.179744118152167,-11.489671009052786,-1.293606393606996,0.2300949050949209,-12.83791208791174,0.05,0.13,0.15,11.69583687322295,43.810751193992516,-0.01670303006786772
1938.9700000000005,0.0,11.987962962962964,43.3627669421487,43.25407498622574,43.80920749311258,44.45868865013736,-6.9,0.05,0.05,0.05,0.164727803537702,2.176309462476392,-11.485255023183932,-1.0668585732163114,-0.1121501877349892,-12.289584480600237,0.05,0.13,0.15,11.690788727596372,43.721184517906096,0.012048095532995795
1938.98,0.0,11.953022361984656,43.324179413974406,43.152246786876894,43.56374793889273,44.2067978412218,-6.9,0.05,0.05,0.05,0.1598211525723226,2.172874806800626,-11.480839037315093,-0.8415769712138788,-0.4575819774720526,-11.733889862327567,0.05,0.13,0.15,11.685743139722717,43.56174299524146,0.039523286975157335
1938.99,0.0,11.918081761006349,43.26919499999995,43.12260500000003,43.46286500000003,44.08186,-6.855337331334376,0.05,0.05,0.05,0.1549145016069432,2.1694401511248604,-11.476423051446249,-0.656478521478727,0.0608041958036127,-10.539590409591742,0.05,0.13,0.15,11.680700112916503,43.484131250000004,-0.1329643324794894
1939.0,0.0,11.88314116002794,43.198073968253794,43.16400380952391,43.50426380952391,44.08186,-6.765382308845506,0.05,0.05,0.05,0.1500078506415499,2.166005495449085,-11.472007065577396,-0.471663336663338,0.5852797202797166,-9.34078921078922,0.05,0.13,0.15,11.675659650496302,43.4870503968254,-0.30686155885925687
1939.01,0.0,11.848200559049634,43.13643234021129,43.11740066431786,43.4739535279314,43.961503039758064,-6.72,0.05,0.05,0.05,0.1451011996761705,2.1625708397733194,-11.467591079708551,-0.33112112112108,0.1981631631630472,-8.729844844844667,0.05,0.13,0.15,11.670621755784756,43.42232239305466,-0.31187041341067356
1939.02,0.0,11.813259958071326,43.08473631605432,42.97846759939598,43.3684074786109,43.71486992450914,-6.72,0.05,0.05,0.05,0.1401945487107911,2.159136184097554,-11.463175093839713,-0.1909809809808952,-0.1972322322324741,-8.12423923923887,0.05,0.13,0.15,11.665586432108531,43.28662032964258,-0.3153454684197543
1939.03,0.0,11.77831935709292,43.08612326621938,42.96457254287874,43.311475958240095,43.642435495898845,-6.705251816587284,0.05,0.05,0.05,0.1352878977453978,2.1557015284217784,-11.458759107970858,-0.5966217228474071,-0.5173632958809029,-8.085288389513027,0.05,0.13,0.15,11.66055368279832,43.251151815809266,-0.4241740107283424
1939.04,0.0,11.743378756114607,43.140381282624986,43.0752163410392,43.302964896843136,43.74350434998772,-6.675184164369795,0.05,0.05,0.05,0.1303812467800184,2.152266872746013,-11.454343122102015,-1.0061098626721725,-0.8369637952563294,-8.05033208489384,0.05,0.13,0.15,11.655523511188914,43.31551671762376,-0.5337452261595081
1939.05,0.0,11.7084381551363,43.06345521664625,43.03681968176254,43.314518864137085,43.7951,-6.66,0.05,0.05,0.05,0.125474595814639,2.148832217070247,-11.449927136233176,-1.3464335664334026,-0.0137587412591433,-8.233059440559352,0.05,0.13,0.15,11.65049592061912,43.30247344063646,-0.705978782272115
1939.06,0.0,11.673497554157894,42.84971715055055,42.84298859241104,43.34699866829869,43.7951,-6.66,0.05,0.05,0.05,0.1205679448492456,2.145397561394472,-11.445511150364322,-1.6860939060941176,0.820407092907612,-8.41787462537474,0.05,0.13,0.15,11.64547091443178,43.20870110281507,-0.8788133401382624
1939.07,0.0,11.65,42.6711509184197,42.62782278091329,43.30164608517188,43.7951,-6.684468477974262,0.05,0.05,0.05,0.1156612938838662,2.141962905718706,-11.44109516449548,-1.9275369211515097,0.706282853566922,-8.73671589486868,0.05,0.13,0.15,11.64044849597384,43.09892994612622,-0.899774611528371
1939.08,0.0,11.65,42.53609704463833,42.38626300667019,43.16000421754752,43.7951,-6.747776312318687,0.05,0.05,0.05,0.1107546429184868,2.138528250042941,-11.43667917862664,-2.167837296620771,0.5811264080100149,-9.05711639549436,0.05,0.13,0.1495903361344435,11.635428668596266,42.969366067214004,-0.9189690212145083
1939.09,0.0,11.65,42.52318458000016,42.28258438000005,43.105418660000055,43.7951,-6.794715284715344,0.05,0.05,0.05,0.1058479919530935,2.1350935943671656,-11.432263192757784,-2.13527158948682,-0.0252665832297076,-9.203874843554605,0.05,0.13,0.14,11.630411435654056,42.92657190500007,-0.8227676449338738
1939.1,0.0,11.65,42.63339458000001,42.31789438,43.13858866,43.7951,-6.824685314685322,0.05,0.05,0.05,0.1009413409877141,2.1316589386914,-11.427847206888943,-2.100227784730936,-0.6360300375465447,-9.349056320400408,0.05,0.13,0.14,11.625396800506328,42.971244405,-0.7255182746336365
1939.11,0.0,11.65,42.63558013462984,42.362721331338776,43.15949118922961,43.7951,-6.84,0.05,0.05,0.05,0.0960346900223347,2.1282242830156344,-11.4234312210201,-1.6385992509364864,-0.4961223470662162,-9.607987515605403,0.05,0.13,0.14,11.620384766516207,42.98822316379955,-0.5458561201751562
1939.12,0.0,11.65,42.52887357766152,42.41714167539262,43.16802771378708,43.7951,-6.84,0.05,0.05,0.05,0.0911280390569553,2.1247896273398688,-11.41901523515126,-1.1741797752809109,-0.3513033707865206,-9.867662921348307,0.05,0.13,0.14,11.615375337050889,42.977285741710304,-0.3656547778987769
1939.13,0.0,11.65,42.48053125313285,42.40302463659135,43.12111531328304,43.65034696741808,-6.84,0.05,0.05,0.05,0.086221388091562,2.1213549716640934,-11.414599249282404,-1.0658147684604602,-0.1019399249058575,-10.25201251564498,0.05,0.13,0.14,11.610368515481616,42.91375454260633,-0.29702644275871726
1939.14,0.0,11.65,42.49233075187971,42.31828278195481,43.01706518796983,43.35643218045085,-6.84,0.05,0.05,0.05,0.0813147371261826,2.117920315988328,-11.410183263413565,-0.9606833541928078,0.1483729662076002,-10.637494367959706,0.05,0.13,0.1404397905759075,11.605364305183747,42.7960277255638,-0.2294113841720599
1939.15,0.0,11.65,42.4652723438281,42.33103413293352,42.96903647176411,43.20874,-6.84,0.05,0.05,0.05,0.0764080861608032,2.114485660312562,-11.405767277544724,-0.6921567648530232,0.5914453320014986,-11.061605092360985,0.05,0.13,0.15,11.600362709536636,42.74352073713143,-0.12112279133165768
1939.16,0.0,11.65,42.3989654972513,42.44225852073976,42.97759219390306,43.20874,-6.84,0.05,0.05,0.05,0.0715014351954099,2.1110510046367867,-11.40135129167587,-0.4225611582622707,1.035778831752924,-11.48596854717976,0.05,0.13,0.15,11.59536373192372,42.756889052973534,-0.012568090818399935
1939.17,0.0,11.64690967902463,42.35975947709164,42.375499880478166,42.88453852589648,43.20874,-6.795955056179855,0.05,0.05,0.05,0.0715401686640004,2.1084598313359995,-11.390142920550398,-0.4100801201802673,0.1918502754128601,-10.90968703054564,0.05,0.13,0.15,11.58387139978057,42.70713447086658,-0.00783561623978099
1939.18,0.0,11.636956954466292,42.34803636952193,42.12824888446254,42.688442908366845,43.20874,-6.706067415730516,0.05,0.05,0.05,0.0737594318686144,2.1062405681313856,-11.375939636040869,-0.4000650976464761,-0.6644341512262908,-10.323808212318854,0.05,0.13,0.15,11.569515650513535,42.59336704058783,-0.004098912631627247
1939.19,0.0,11.627004229907929,42.33820242616385,42.05445942265983,42.61639849824799,43.13861705990314,-6.630774354704418,0.05,0.05,0.05,0.0759786950732347,2.104021304926765,-11.3617363515313,-0.5587615480650937,-0.8337228464421279,-9.521230961297498,0.05,0.13,0.15,11.555160376879178,42.536919351743705,-0.16125000736649334
1939.2,0.0,11.61705150534959,42.33034659436008,42.16229856832977,42.67424598698484,42.99506958785243,-6.570824313072489,0.05,0.05,0.05,0.0781979582778487,2.1018020417221512,-11.347533067021768,-0.7185617977528069,-0.9985168539325822,-8.717235955056191,0.05,0.13,0.15,11.540805580652448,42.54049018438178,-0.31945371477260753
1939.21,0.0,11.607098780791253,42.32249076255631,42.2701377139997,42.7320934757217,42.851522115801714,-6.51087427144056,0.05,0.05,0.05,0.0804172214824627,2.0995827785175374,-11.33332978251224,-0.8886808510637731,-0.0573717146436209,-8.12457822277867,0.05,0.13,0.15,11.526451263616973,42.54406101701986,-0.564138753561967
1939.2200000000005,0.0,11.597146056232887,42.22787898507419,42.24582304477574,42.78190901492547,42.7786,-6.494575507137516,0.05,0.05,0.05,0.082636484687083,2.097363515312917,-11.31912649800267,-1.0588936170216503,0.8938172715915755,-7.53383979974839,0.05,0.13,0.15,11.512097427565203,42.508552761193855,-0.8096091929397646
1939.23,0.0,11.58719333167455,42.04368993034812,42.08505687562176,42.82343140298511,42.7786,-6.524628099173574,0.05,0.05,0.05,0.084855747891697,2.095144252108303,-11.304923213493138,-1.223722846442128,0.7213932584267696,-7.80287141073688,0.05,0.13,0.15,11.497744074298607,42.43269455223874,-0.8063179472553943
1939.24,0.0,11.577240607116211,41.92811572932332,41.93249763408526,42.79271970927322,42.7786,-6.569288033974527,0.05,0.05,0.05,0.087075011096311,2.0929249889036887,-11.29071992898361,-1.3885168539325825,0.5416179775280923,-8.077528089887638,0.05,0.13,0.15,11.483391205627482,42.35798326817046,-0.801399171674345
1939.25,0.0,11.567287882557848,41.886281142857065,41.78875828571402,42.684378857142654,42.7786,-6.629243067699347,0.05,0.05,0.05,0.0892942743009313,2.0907057256990687,-11.27651664447404,-1.6082928660828455,0.108375469336192,-8.93332665832385,0.05,0.13,0.15,11.469038823371113,42.28450457142843,-0.700638772553408
1939.26,0.0,11.55733515799951,41.872100698602814,41.75870419161688,42.55599301397187,42.7754797005988,-6.674595404595426,0.05,0.05,0.05,0.0915135375055453,2.0884864624944544,-11.26231335996451,-1.8285682102626883,-0.3271689612012246,-9.794403003754146,0.05,0.13,0.15,11.454686929357976,42.24056940119759,-0.5990079651463229
1939.27,0.0,11.55,41.8870507984032,41.84840479041922,42.40649201596797,42.769072514970055,-6.704565434565403,0.05,0.05,0.05,0.0937328007101594,2.0862671992898405,-11.24811007545498,-1.8051873126873368,-0.2208241758242817,-10.23174075924034,0.05,0.13,0.15,11.440335525425532,42.22775502994011,-0.5360282146831048
1939.28,0.0,11.55,41.86572970138001,41.85535459473002,42.28718081806752,42.76576,-6.734542728635707,0.05,0.05,0.05,0.0959520639147797,2.0840479360852204,-11.23390679094541,-1.7802122877122488,-0.1109340659338944,-10.666306193806872,0.05,0.13,0.1495802728226518,11.425984613420411,42.19350627854439,-0.47330133978101707
1939.29,0.0,11.55,41.80558415558333,41.7737284968631,42.20018458218304,42.76576,-6.764527736131955,0.05,0.05,0.05,0.0981713271193937,2.081828672880606,-11.21970350643588,-1.6211614518147948,0.1778948685856847,-10.977749687108837,0.05,0.13,0.14,11.411634195198591,42.13631430865737,-0.40278897815932296
1939.3,0.0,11.55,41.74826012459504,41.66622501370541,42.08000545228003,42.69879874408168,-6.750952738184529,0.05,0.05,0.05,0.1003905903240077,2.0796094096759923,-11.20550022192635,-1.4609612015021816,0.4682578222772958,-11.288137672089524,0.05,0.13,0.14,11.397284272625212,42.04832233366554,-0.3322098725768566
1939.31,0.0,11.55,41.693866902566576,41.53184175928213,41.92535805631674,42.56228242212788,-6.690937734433459,0.05,0.05,0.05,0.102609853528628,2.077390146471372,-11.19129693741678,-1.3112347218756408,0.4898353704165812,-10.387490646045554,0.05,0.13,0.14,11.382934847574754,41.928337285073326,-0.42047517371713283
1939.32,0.0,11.55,41.66735325168708,41.45680474381405,41.93823735066238,42.49184,-6.630959040958961,0.05,0.05,0.05,0.104829116733242,2.075170883266758,-11.177093652907253,-1.1615714642053996,0.50979047143928,-9.47953354951276,0.05,0.13,0.14,11.368585921931222,41.888558836540874,-0.5096992942139357
1939.33,0.0,11.55,41.67056244938765,41.44503768557861,42.12971948012986,42.49184,-6.571018981019005,0.05,0.05,0.05,0.107048379937856,2.072951620062144,-11.162890368397722,-0.9121292585169982,-0.3079734468939059,-9.13289579158312,0.05,0.13,0.14,11.354237497587947,41.93428990377403,-0.3933573044987825
1939.34,0.0,11.55,41.63607813373242,41.41882381736521,42.23894624750502,42.446920823353146,-6.511049999999908,0.05,0.05,0.05,0.1092676431424763,2.0707323568575235,-11.148687083888152,-0.6616282565124751,-1.134626753508832,-8.792214428856967,0.05,0.13,0.14,11.339889576447785,41.93519225548895,-0.274833966468958
1939.35,0.0,11.55,41.56132763473047,41.377177110778405,42.26030353293415,42.35401663173644,-6.451049999999908,0.05,0.05,0.05,0.1114869063470903,2.0685130936529097,-11.13448379937862,-0.6839282273603443,-0.7140775529858705,-8.818713872832413,0.05,0.13,0.14,11.325542160423284,41.88820622754487,-0.3220425800662847
1939.36,0.0,11.55,41.46085220000001,41.346777895,42.21395672000001,42.30566,-6.42,0.05,0.05,0.05,0.1137061695517043,2.066293830448296,-11.120280514869092,-0.708013005780366,-0.285368497109485,-8.847615606936438,0.05,0.13,0.14,11.311195251436517,41.831811703750006,-0.3703354993356882
1939.37,0.0,11.54210723378772,41.33245220000019,41.32858789500003,42.09411672000018,42.30566,-6.42,0.05,0.05,0.05,0.1159254327563183,2.064074567243681,-11.106077230359562,-0.9341876787105554,0.4130231349099407,-8.516103457239598,0.05,0.13,0.15,11.296848851419277,41.7652042037501,-0.5690813127728497
1939.38,0.0,11.512153661824208,41.207809859154914,41.22827549295772,41.98993088028168,42.30566,-6.434471382154496,0.05,0.05,0.05,0.1181446959609387,2.061855304039061,-11.091873945849992,-1.1785339225372715,1.1356641538868248,-8.152183519625341,0.05,0.13,0.15,11.282502962313087,41.68291905809858,-0.7813555880838777
1939.39,0.0,11.482200089860775,41.08724647887333,41.03881875251524,41.90273772132804,42.30566,-6.464463884029004,0.05,0.05,0.05,0.1224408953002172,2.0588734329383613,-11.075963134695794,-1.3934431960049576,0.8669912609238914,-8.363443196004958,0.05,0.13,0.15,11.266361921527357,41.58361573817915,-0.7936170271530787
1939.4,0.0,11.452246517897349,41.05995375621881,40.94143342288557,41.807117721393176,42.21513107960224,-6.48,0.05,0.05,0.05,0.137324403228534,2.0520041215868305,-11.05134810235281,-1.6081747815228224,0.5923345817731342,-8.578174781522822,0.05,0.13,0.15,11.241079742894295,41.505908995024946,-0.8046711452793625
1939.41,0.0,11.422292945933837,41.1291577363185,40.93930406965174,41.70277941293519,42.03094202487538,-6.48,0.05,0.05,0.05,0.1522079111568931,2.04513481023528,-11.026733070009756,-1.3866332916142372,0.0042828535662219,-10.03932916145365,0.05,0.13,0.15,11.215818554055769,41.4505458109452,-0.44799627220713556
1939.42,0.0,11.392339373970405,41.24846149925045,40.988149910045024,41.596670299850025,41.91844673163417,-6.537751124437836,0.05,0.05,0.05,0.1670914190852099,2.0382654988837494,-11.002118037666769,-1.1613516896118046,-0.5864555694623791,-11.511168961202875,0.05,0.13,0.15,11.190578497156624,41.437932110194915,-0.08816890652306725
1939.43,0.0,11.362385802006976,41.42171487256352,41.0918880409794,41.4886543078462,41.88315437781114,-6.657691154422654,0.05,0.05,0.05,0.1819749270135267,2.031396187532218,-10.977503005323785,-0.9019470793811756,-0.3071342985524427,-11.678801797303892,0.05,0.13,0.15,11.165359715507366,41.47135289980006,-0.004731235276775325
1939.44,0.0,11.33243223004346,41.459557634354496,41.16592190356609,41.47592256152696,41.87308334505276,-6.705588602849272,0.05,0.05,0.05,0.1968584349418858,2.0245268761806683,-10.952887972980728,-0.6423364952571159,-0.0225611582626077,-11.838562156764851,0.05,0.13,0.15,11.14016235359483,41.49362136112508,0.0770380877138456
1939.45,0.0,11.302478658080032,41.3509991210446,41.20784053741842,41.56620884982429,41.89028073329987,-6.675596100974764,0.05,0.05,0.05,0.2117419428702026,2.017657564829137,-10.928272940637742,-0.64,0.1437606409612836,-11.388417626440097,0.05,0.13,0.15,11.114986557092985,41.503832310396795,-0.0075962764354844114
1939.46,0.0,11.272525086116604,41.30443089960239,41.28494860337972,41.61386192345924,41.95737180914513,-6.631235955056253,0.05,0.05,0.05,0.2266254507985194,2.0107882534776063,-10.903657908294756,-0.64,0.309008512768839,-10.932734101152596,0.05,0.13,0.15,11.089832472873155,41.54015330889662,-0.0937418748777119
1939.4700000000005,0.0,11.25,41.3225124105368,41.39875576043748,41.61705277833002,42.07649705765419,-6.57131086142319,0.05,0.05,0.05,0.2415089587268785,2.003918942126056,-10.8790428759517,-0.7243845193507973,0.1809413233458395,-10.86547066167292,0.05,0.13,0.15,11.06470024901499,41.60370450173962,-0.11894252730011162
1939.48,0.0,11.25,41.2317435376533,41.34215297473112,41.70564244183132,42.13874,-6.4541144141894495,0.05,0.05,0.05,0.2563924666551953,1.997049630774525,-10.854427843608716,-0.8092784019973949,0.0511036204745725,-10.800551810237287,0.05,0.13,0.15,11.039590034817524,41.604569738553934,-0.14377530278457673
1939.49,0.0,11.25,41.02186612959736,41.09908067050306,41.88767896922678,42.13874,-6.274249313015501,0.05,0.05,0.05,0.2712759745835121,1.9901803194229943,-10.82981281126573,-1.078040050062147,-0.108838548184976,-10.025662077598245,0.05,0.13,0.15,11.014501980809673,41.536841442331806,-0.3346701568822194
1939.5,0.0,11.25,40.88834041656204,40.88755422835609,41.830240070263045,41.97771426348761,-6.137127845884353,0.05,0.05,0.05,0.2861594825118712,1.983311008071444,-10.805197778922675,-1.348377972465835,-0.2690387984982723,-9.244685857320922,0.05,0.13,0.149560209424064,10.989436238761494,41.395962244667196,-0.5269886394911784
1939.51,0.0,11.25,40.837861119196965,40.71033967377658,41.51232789962344,41.64154362358831,-6.047060295221399,0.05,0.05,0.05,0.301042990440188,1.9764416967199128,-10.78058274657969,-1.0471328671326794,-0.5331468531470163,-8.624335664335282,0.05,0.13,0.14,10.964392961695506,41.17551807904633,-0.49224462889302173
1939.52,0.0,11.25,40.77983414573493,40.60225140014924,41.2682975279782,41.35758518279047,-5.957046476761631,0.05,0.05,0.05,0.3159264983685048,1.9695723853683824,-10.755967714236704,-0.7424375624374716,-0.7978821178821969,-8.00495504495486,0.05,0.13,0.14,10.939372303897487,41.00199206416321,-0.4561300197445366
1939.53,0.0,11.25,40.71384061178802,40.56712580950008,41.10224928127308,41.128736637652,-5.867091454272634,0.05,0.05,0.05,0.3308100062968639,1.962703074016832,-10.731352681893648,-1.0379724655824027,0.0939173967472081,-7.567939924905516,0.05,0.13,0.14,10.914374420927993,40.877988085053296,-0.714246296955982
1939.54,0.0,11.25,40.6751864583854,40.55432111972008,41.09925679580114,41.166669737565776,-5.82,0.05,0.05,0.05,0.3456935142251807,1.955833762665301,-10.706737649550664,-1.338347934918552,0.9950438047556563,-7.132395494368099,0.05,0.13,0.14,10.889399469633968,40.8738585278681,-0.9747354038953018
1939.55,0.0,11.25,40.66662859785054,40.56608817795551,41.275762669332615,41.49828683329159,-5.82,0.05,0.05,0.05,0.3605770221534975,1.9489644513137705,-10.682122617207678,-1.4591910112357838,0.6473932584274735,-8.540426966290106,0.05,0.13,0.14,10.864447608159823,41.00169156960756,-0.7660773599340365
1939.56,0.0,11.25,40.66773383808098,40.57632824587707,41.34850730134927,41.66255791604196,-5.848538596052987,0.05,0.05,0.05,0.3754605300818566,1.94209513996222,-10.65750758486462,-1.5790411985019093,0.2928364544318521,-9.958654182272593,0.05,0.13,0.14,10.839518995959237,41.06378182533732,-0.5548247364547158
1939.57,0.0,11.240706838928505,40.67949795602198,40.58488396801599,41.306798155922046,41.64223807596203,-5.908493629777636,0.05,0.05,0.05,0.3688282715117448,1.94,-10.650338537226917,-1.8581076345431748,-0.0278372966207711,-10.86391739674592,0.05,0.13,0.14,10.831867117510587,41.053354538980514,-0.4781946274405292
1939.58,0.0,11.195812340998678,40.6404820655165,40.58836431607902,41.21784486121549,41.632575683920976,-5.968462884278847,0.05,0.05,0.05,0.3527538420322305,1.94,-10.650825641150538,-2.1384580725906464,-0.348237797246453,-11.76504380475565,0.05,0.13,0.140445259298069,10.831810657099682,41.019816731683,-0.4026501838655326
1939.59,0.0,11.150917843068726,40.54522825206293,40.58622378094523,41.07656954238547,41.634716219054766,-6.028447888028033,0.05,0.05,0.05,0.3366794125526705,1.94,-10.65131274507416,-2.025803794308304,-0.0421667498745562,-12.023217673490285,0.05,0.13,0.15,10.831778072884251,40.9606844486121,-0.357573351691044
1939.6,0.0,11.1060233451389,40.4368150537097,40.54650194853858,41.028301324007,41.540868478641,-6.074216445888524,0.05,0.05,0.05,0.3206049830731562,1.94,-10.651799848997785,-1.9109760359459016,0.2673689465806132,-12.277835746380829,0.05,0.13,0.15,10.831769365079769,40.888121701224065,-0.3126650181217238
1939.61,0.0,11.061128847209076,40.313857272046064,40.465242892830446,41.082830427179566,41.34092843367491,-6.104208947763032,0.05,0.05,0.05,0.3045305535936419,1.94,-10.652286952921406,-1.4681196795190026,0.2848948422634044,-12.071472208312338,0.05,0.13,0.15,10.831784533743813,40.80071475643275,-0.19699829944192376
1939.62,0.0,11.016234349279252,40.2632989705147,40.38448061469277,40.94291152923588,41.17793133433301,-6.12,0.05,0.05,0.05,0.2884561241141276,1.94,-10.652774056845027,-1.0224511767652924,0.2999173760640912,-11.86115673510272,0.05,0.13,0.15,10.831823578776078,40.69215561219409,-0.08072497836844966
1939.63,0.0,10.9713398513493,40.29324399800103,40.30427071964008,40.58677959520194,41.05601229385292,-6.12,0.05,0.05,0.05,0.2723816946345676,1.94,-10.65326116076865,-0.6822921348309814,0.0367865168535589,-11.189550561796802,0.05,0.13,0.15,10.831886499918369,40.56007665167399,-0.04077152273294585
1939.64,0.0,10.926445353419474,40.26102237940506,40.26044365408648,40.45401390152471,40.96036218445384,-6.063299999999938,0.05,0.05,0.05,0.2563072651550533,1.94,-10.653748264692272,-0.3427166042445908,-0.227882646691716,-10.51539325842676,0.05,0.13,0.15,10.831973296754606,40.48396052986753,-0.001240147801360822
1939.65,0.0,10.881550855489648,40.15939778555361,40.2572344563859,40.57061475131217,40.89403876530867,-5.943300000000108,0.05,0.05,0.05,0.2402328356755389,1.94,-10.654235368615891,-0.469089089088985,-0.1753853853854294,-9.1744244244255,0.05,0.13,0.15,10.832083968710846,40.47032143964009,-0.25207777586883096
1939.66,0.0,10.836656357559695,40.10725549887472,40.17925988997225,40.602375188797104,40.83780301575387,-5.809142714321297,0.05,0.05,0.05,0.2241584061959789,1.94,-10.654722472539516,-0.5992192192193413,-0.1203303303302786,-7.828078078076814,0.05,0.13,0.15,10.832218515055303,40.43167339834949,-0.5052570894449901
1939.67,0.0,10.8,40.11046630157539,40.01764948737193,40.53922940235062,40.79285177794451,-5.659180204948759,0.05,0.05,0.05,0.2080839767164646,1.94,-10.655209576463138,-0.6347552447552663,-0.4824475524477771,-7.919300699300761,0.05,0.13,0.15,10.832376934898356,40.36504924231062,-0.46573101671101835
1939.68,0.0,10.8,40.11770745635908,39.987370249376326,40.49633802992523,40.79486002493754,-5.58,0.05,0.05,0.05,0.1920095472369503,1.94,-10.65569668038676,-0.6697202797202901,-0.8470829170830257,-8.019200799200828,0.05,0.13,0.1495748031496054,10.832559227192599,40.34906894014954,-0.42443811065956
1939.69,0.0,10.8,40.12944810473815,40.10370940149627,40.47605872817955,40.84929394014962,-5.58,0.05,0.05,0.05,0.1759351177573903,1.94,-10.656183784310382,-0.963006257822696,-0.6116220275340778,-8.298107634543575,0.05,0.13,0.14,10.832765390732868,40.3896275436409,-0.5052040261215607
1939.7,0.0,10.8,40.07436973180086,40.14132788272534,40.48759221722469,40.81561646510088,-5.58,0.05,0.05,0.05,0.159860688277876,1.94,-10.656670888234004,-1.2583754693365763,-0.3713216520651583,-8.57845807259065,0.05,0.13,0.14,10.832995424156275,40.37972657421294,-0.5869542869180763
1939.71,0.0,10.8,39.94318199233734,40.08928057304688,40.53536166583369,40.68157681825772,-5.58,0.05,0.05,0.05,0.1437862587983617,1.94,-10.657157992157623,-1.5580519480517545,0.1366883116879825,-8.902889610389401,0.05,0.13,0.14,10.833249325942255,40.3123502623689,-0.6913172546190263
1939.7200000000005,0.0,10.8,39.81199425287345,40.03723326336827,40.58313111444282,40.54753717141418,-5.58,0.05,0.05,0.05,0.1277118293188017,1.94,-10.657645096081248,-1.8577522477528108,0.646178821179778,-9.227564935065546,0.05,0.13,0.14,10.833527094412634,40.24497395052468,-0.7958052800256343
1939.73,0.0,10.8,39.74992191095548,39.88572038019011,40.45947803901952,40.43455383691846,-5.608177044261062,0.05,0.05,0.05,0.1116373998392873,1.94,-10.65813220000487,-1.5370337922402506,0.1084105131413433,-9.667246558197814,0.05,0.13,0.14,10.833828727731648,40.132418541770896,-0.5656417747280122
1939.74,0.0,10.8,39.7670504752376,39.62022763381726,40.13938799399742,40.34569940970496,-5.668192048011962,0.05,0.05,0.05,0.095562970359773,1.94,-10.658619303928493,-1.2116270337927553,-0.4372715894859947,-10.1077972465575,0.05,0.13,0.14,10.83415422390604,39.968091378189314,-0.3329494165541713
1939.75,0.0,10.8,39.76670484031935,39.5355709580839,39.96578784431137,40.32177855289424,-5.742257742257893,0.05,0.05,0.05,0.079488540880213,1.94,-10.659106407852114,-1.3391562656016984,-0.3257463804292668,-10.005681477783243,0.05,0.13,0.14,10.834503580785105,39.89746054890222,-0.4028271064789744
1939.76,0.0,10.8,39.74641541916168,39.65730748502993,39.95938065868263,40.37196817365269,-5.832167832167953,0.05,0.05,0.05,0.0634141114006987,1.94,-10.659593511775736,-1.4689615576635435,-0.2109186220668652,-9.90083874188714,0.05,0.13,0.14,10.83487679606077,39.93376793413174,-0.47422524890706763
1939.77,0.0,10.8,39.74642174543634,39.7325906776694,40.03918969242298,40.39892,-5.865959999999984,0.05,0.05,0.05,0.0513600760163095,1.9395749762449035,-10.657704871722478,-1.2663854818523184,-0.1106758448060089,-9.66658823529412,0.05,0.13,0.14,10.832878753065636,39.97928052888218,-0.4520709667732061
1939.78,0.0,10.8,39.76996763190802,39.75399602900728,40.21899464366119,40.39892,-5.835959999999942,0.05,0.05,0.05,0.0595780579881276,1.93700685687871,-10.643837027145034,-1.0611289111384077,-0.0105506883601988,-9.431294117646466,0.05,0.13,0.1404454926624817,10.818817484781432,40.03546957614412,-0.4291622296025167
1939.79,0.0,10.8,39.76080021978017,39.72683493506484,40.29167842157837,40.443015009990106,-5.805970522108397,0.05,0.05,0.05,0.0677960399599223,1.9344387375125245,-10.629969182567631,-0.9209090909089812,-0.074577922077973,-9.802564935065227,0.05,0.13,0.15,10.804762577426718,40.05558214660337,-0.31922824290144525
1939.8,0.0,10.8,39.71376725274722,39.64345831168825,40.24036973026969,40.538149875124944,-5.775993005246072,0.05,0.05,0.05,0.0760140219317171,1.9318706181463383,-10.616101337990228,-0.7810489510490843,-0.1395129870129251,-10.177190309689951,0.05,0.13,0.15,10.790714055856789,40.033936292457525,-0.20881297025547904
1939.81,0.0,10.8,39.64240103759374,39.550045824561145,40.2102647869674,40.48591609523755,-5.773995000000044,0.05,0.05,0.05,0.0842320039035352,1.9293024987801453,-10.602233493412784,-0.7402503128910513,0.0587484355447439,-10.522841051314684,0.05,0.13,0.15,10.776671945045223,39.97215693608996,-0.1634176125114745
1939.82,0.0,10.8,39.54264163909771,39.44492301754382,40.20490137844611,40.26172561904753,-5.803995000000001,0.05,0.05,0.05,0.0924499858753299,1.9267343794139595,-10.58836564883538,-0.700200250312841,0.2589987484357952,-10.868272841051748,0.05,0.13,0.15,10.762636270084627,39.86354791353379,-0.11851358913719873
1939.83,0.0,10.8,39.475475036168646,39.408263342479394,40.14775424794221,40.143614103267645,-5.7920239880060445,0.05,0.05,0.05,0.1006679678471247,1.9241662600477736,-10.574497804257977,-0.913657927590544,-0.2418476903870914,-10.532122347066116,0.05,0.13,0.15,10.748607056187025,39.793776682464475,-0.18898961530183067
1939.84,0.0,10.8,39.44558229483656,39.44989966076337,40.03138607632802,40.1468168969818,-5.73205397301338,0.05,0.05,0.05,0.1088859498189428,1.9215981406815803,-10.560629959680536,-1.128389513109019,-0.7462172284653699,-10.19254681647876,0.05,0.13,0.15,10.7345843286846,39.76842123222744,-0.26004544071043245
1939.85,0.0,10.8,39.4295,39.39752380165267,39.84993041322279,40.07079256198323,-5.713958020989537,0.05,0.05,0.05,0.1171039317907375,1.9190300213153944,-10.54676211510313,-0.9213141426783158,-0.1090362953691127,-10.16018773466833,0.05,0.13,0.15,10.72056811303045,39.68693669421467,-0.26165901266313407
1939.86,0.0,10.8,39.4295,39.235670558477366,39.59268022539449,39.90250806411223,-5.743943028485742,0.05,0.05,0.05,0.1253219137625323,1.9164619019492088,-10.532894270525729,-0.7110513141430113,0.5367709637036084,-10.130150187734715,0.05,0.13,0.15,10.706558434799,39.540089711996025,-0.26274783207096264
1939.87,0.0,10.8,39.39363788000008,39.15463893499999,39.49552488499991,39.87681296499986,-5.773934999999959,0.05,0.05,0.05,0.1335398957343271,1.913893782583023,-10.519026425948324,-0.9435330836451424,0.5996254681647173,-9.687777777778347,0.05,0.13,0.15,10.69255531968677,39.48015366624996,-0.4143036752605438
1939.88,0.0,10.8,39.31659787999986,39.16640893500002,39.58219488500016,40.01484296500025,-5.8039350000000445,0.05,0.05,0.05,0.1417578777061451,1.9113256632168296,-10.50515858137088,-1.1782397003749714,0.6595505617978651,-9.2433333333325,0.05,0.13,0.1495693277310755,10.678558793512973,39.52001116625007,-0.5666156341481959
1939.89,0.0,10.8,39.26695890082436,39.16175034224329,39.67829117162143,40.09409482887836,-5.82,0.05,0.05,0.05,0.1499758596779399,1.908757543850644,-10.491290736793475,-1.1949061326658346,0.0289737171463357,-8.673566958698286,0.05,0.13,0.14,10.664568882220296,39.55027381089186,-0.592870548293871
1939.9,0.0,10.8,39.24878253310017,39.138227984011976,39.785210981763726,40.105856007994014,-5.82,0.05,0.05,0.05,0.1581938416497347,1.906189424484458,-10.477422892216072,-1.209924906132642,-0.6068210262818471,-8.102853566959602,0.05,0.13,0.14,10.650585611875325,39.56951937671747,-0.618172890313276
1939.91,0.0,10.8,39.22664659011478,39.0700975237142,39.80236535197188,40.10373248127805,-5.847803049237739,0.05,0.05,0.05,0.1664118236215528,1.9036213051182649,-10.46355504763863,-1.289500624219737,-0.4609363295879926,-8.467690387016285,0.05,0.13,0.14,10.636609008669307,39.55071048676973,-0.6048516991904402
1939.92,0.0,10.8,39.199936655017474,38.95043701447828,39.71582516225661,40.08556972541189,-5.907788052986755,0.05,0.05,0.05,0.1746298055933475,1.901053185752079,-10.449687203061227,-1.369400749063594,-0.3111235955057615,-8.837228464419121,0.05,0.13,0.14,10.622639098918935,39.487942139291064,-0.5913364199613387
1939.93,0.0,10.8,39.10417079230217,38.88199482629344,39.659810212446914,39.92142507873079,-5.9538037267080455,0.05,0.05,0.05,0.1828477875651423,1.8984850663858928,-10.435819358483824,-1.4296245306632525,-0.0764705882355945,-9.461088861075543,0.05,0.13,0.14,10.60867590906676,39.39185022744333,-0.5415466424871492
1939.94,0.0,10.8,38.92766491877019,38.87343696575856,39.63948529367657,39.58659878530346,-5.983617391304365,0.05,0.05,0.05,0.1910657695369604,1.8959169470197,-10.42195151390638,-1.4896996245307386,0.1588235294120593,-10.08687108886186,0.05,0.13,0.14,10.594719465681983,39.25679649087719,-0.4914827504164706
1939.95,0.0,10.8,38.8531504028021,38.89199592694521,39.52348867150363,39.4197669352014,-6.0,0.05,0.05,0.05,0.1992837515087551,1.8933488276535144,-10.408083669328976,-1.4055305867665293,0.0258426966291933,-10.358314606741612,0.05,0.13,0.14,10.580769795461238,39.17210048411309,-0.408309404348626
1939.96,0.0,10.8,38.898124133099806,38.94232367275454,39.29540761070814,39.44974942206653,-6.0,0.05,0.05,0.05,0.2075017334805499,1.890780708287328,-10.394215824751573,-1.3206367041199316,-0.1089887640448146,-10.62797752808963,0.05,0.13,0.14,10.56682692522902,39.146401209657256,-0.32496967911500685
1939.9700000000005,0.0,10.79601335525989,38.89073750935852,38.92400016970287,39.14259793860734,39.424427981033055,-5.986469999999976,0.05,0.05,0.05,0.21,1.890696,-10.383388000000007,-1.0218027040558024,-0.4081972959441976,-10.63,0.05,0.13,0.14,10.556210386448356,39.095440899675445,-0.193196457997028
1939.98,0.0,10.771096825634158,38.822377140004974,38.82573213875715,39.07744196156724,39.33470499625653,-5.956470000000018,0.05,0.05,0.05,0.21,1.8916959999999985,-10.373888000000017,-0.7213520280420652,-0.7086479719579347,-10.63,0.05,0.13,0.14,10.547045367919887,39.015064059146475,-0.06105724068881807
1939.99,0.0,10.746180296008427,38.8059701425356,38.78478794198548,39.09123176794191,39.35776478119519,-5.912933233308428,0.05,0.05,0.05,0.21,1.8926959999999973,-10.364388000000025,-0.9238227215977746,0.0953483146058408,-10.013560549314048,0.05,0.13,0.14,10.537881037616646,39.00993865841454,-0.3059444556689088
1940.0,0.0,10.721263766382627,38.85092138034515,38.81154463115783,39.19825852463132,39.51402384596173,-5.852918229557357,0.05,0.05,0.05,0.21,1.893696,-10.354888000000004,-1.1285667915107391,0.9043370786521884,-9.3943345817724,0.05,0.13,0.1404257528556758,10.52871739733573,39.093687095524004,-0.552535958892093
1940.01,0.0,10.696347236756896,38.7873277299999,38.80441027999998,39.31263995000006,39.59413983,-5.82,0.05,0.05,0.05,0.21,1.8946959999999988,-10.345388000000012,-1.0405181476845786,0.5023604505630797,-9.34525907384229,0.05,0.13,0.15,10.51955444888044,39.124629447499984,-0.488595518025277
1940.02,0.0,10.671430707131163,38.59579773000017,38.75733028000004,39.43568994999989,39.58450983000001,-5.82,0.05,0.05,0.05,0.21,1.895695999999998,-10.335888000000022,-0.9504055068836056,0.0918473091364245,-9.300202753441804,0.05,0.13,0.15,10.510392194060145,39.093331947500026,-0.4224660302214687
1940.03,0.0,10.646514177505365,38.54698105603996,38.67265528767111,39.40537956164364,39.52743471481932,-5.8064699999999565,0.05,0.05,0.05,0.21,1.896696,-10.326388,-1.049425717852857,-0.471755305868641,-9.439196004994,0.05,0.13,0.15,10.501230634690392,39.038112655043506,-0.37607847440821485
1940.04,0.0,10.621597647879632,38.66637333499383,38.54366898630131,39.19431106849305,39.41443845080941,-5.776469999999956,0.05,0.05,0.05,0.21,1.8976959999999992,-10.316888000000011,-1.1493008739076778,-1.0360499375783785,-9.579021223470749,0.05,0.13,0.15,10.492069772593023,38.9546979601494,-0.3297801588702894
1940.05,0.0,10.5966811182539,38.68003821052633,38.45015715789474,39.06062031578948,39.28610873684212,-5.76,0.05,0.05,0.05,0.21,1.8986959999999984,-10.30738800000002,-1.2096396396396107,-0.5280930930933416,-9.50048048048052,0.05,0.13,0.15,10.482909609596012,38.86923110526317,-0.4147485535013519
1940.06,0.0,10.5717645886281,38.56526126817018,38.39974111779438,39.02093109273174,39.13915134335809,-5.76,0.05,0.05,0.05,0.21,1.8996960000000005,-10.297888,-1.2696996996997751,-0.0125775775769299,-9.4204004004003,0.05,0.13,0.15,10.473750147533595,38.7812712055136,-0.5006422925144334
1940.07,0.0,10.55,38.46335467032959,38.38600307692311,38.91786950549433,39.00755549450538,-5.773530000000024,0.05,0.05,0.05,0.21,1.9006959999999995,-10.288388000000008,-1.1556893106892034,0.1738911088912815,-9.320599400599308,0.05,0.13,0.15,10.464591388246374,38.6936956868131,-0.4968487931969058
1940.08,0.0,10.55,38.37677125374632,38.41593314685313,38.73935801698315,38.89424880119888,-5.803529999999982,0.05,0.05,0.05,0.21,1.9016959999999985,-10.278888000000016,-1.040804195804125,0.3587062937064075,-9.22069930069924,0.05,0.13,0.1495693277311041,10.455433333581173,38.60657780469537,-0.4926046042396406
1940.09,0.0,10.55,38.32030232441888,38.42010516370905,38.65413483629094,38.86793212196957,-5.82,0.05,0.05,0.05,0.21,1.9026960000000008,-10.269387999999998,-0.9405757196493884,0.1512090112637158,-9.572956195244672,0.05,0.13,0.14,10.446275985391155,38.56561861159712,-0.38405950440064707
1940.1,0.0,10.55,38.29997740564859,38.39336184953761,38.680878150462384,38.946022599350165,-5.82,0.05,0.05,0.05,0.21,1.903696,-10.259888000000004,-0.8404505632040054,-0.0590538172715887,-9.92840050062578,0.05,0.13,0.14,10.437119345535915,38.580060001249684,-0.27477915141382203
1940.11,0.0,10.55,38.27770706000001,38.30783612000007,38.69256532,38.99934715999999,-5.833544999999987,0.05,0.05,0.05,0.21,1.9046959999999988,-10.250388000000012,-1.083532201697335,-0.4625736395404924,-9.060242136795232,0.05,0.13,0.14,10.427963415881369,38.56936391500002,-0.44583721031710705
1940.12,0.0,10.55,38.25309706000001,38.151616120000064,38.68614532,39.02288715999999,-5.863544999999944,0.05,0.05,0.05,0.21,1.905695999999998,-10.24088800000002,-1.328165252121582,-0.866967049425472,-8.18655267099435,0.05,0.13,0.14,10.41880819829986,38.528436415000016,-0.6181624945880553
1940.13,0.0,10.55,38.21975297351317,38.12507000499772,38.72196851574228,39.01534743628178,-5.839354838709686,0.05,0.05,0.05,0.21,1.906696,-10.231388000000004,-1.2057511266899177,-0.5618627941909957,-8.35891837756652,0.05,0.13,0.14,10.409653694670158,38.520534732633735,-0.5826936731110481
1940.14,0.0,10.55,38.17590489755122,38.25447530234884,38.80859520239881,38.97042989505246,-5.749332333083336,0.05,0.05,0.05,0.21,1.9076959999999992,-10.22188800000001,-1.0805633450175272,-0.2513970956434674,-8.539188783174762,0.05,0.13,0.14,10.400499906877563,38.552351324337835,-0.5456546190968053
1940.15,0.0,10.55,38.14513406000002,38.33883187999996,38.77212517000026,38.955554199999966,-5.7,0.05,0.05,0.05,0.21,1.9086959999999984,-10.212388000000018,-1.075027472527481,0.2373076923068399,-9.614065934064056,0.05,0.13,0.14,10.39134683681381,38.55291132750005,-0.43194241734672784
1940.16,0.0,10.55,38.13015406,38.36879188,38.58701517,38.9769542,-5.7,0.05,0.05,0.05,0.21,1.9096960000000005,-10.202888,-1.0700324675324708,0.7268181818178702,-10.692987012986327,0.05,0.13,0.14,10.382194486377145,38.5157288275,-0.3178836267818489
1940.17,0.0,10.547859892994651,38.1229303903904,38.290081741741865,38.48430441441442,38.86639081081098,-5.7,0.05,0.05,0.05,0.2103390078176367,1.9072879374589056,-10.190846788923809,-0.9556045056321504,-0.0110838548178078,-11.09789737171426,0.05,0.13,0.14,10.36992517089225,38.44092683933941,-0.14144814322156854
1940.18,0.0,10.527858892944671,38.125072532532535,38.08015181181187,38.4810912012012,38.59648090090098,-5.7,0.05,0.05,0.05,0.2108260880153908,1.903391295876873,-10.177695623584448,-0.840460575719796,-0.7570162703369736,-11.498397997496362,0.05,0.13,0.14,10.356294427590292,38.320699111611646,0.03539544150077767
1940.19,0.0,10.50785789289463,38.134489638674346,38.04823638674343,38.506515280339016,38.44792418141041,-5.686499999999966,0.05,0.05,0.05,0.2113131682131463,1.8994946542948288,-10.16454445824505,-0.8201098352471075,-1.5207988017981398,-11.683984023964255,0.05,0.13,0.14,10.342663933455205,38.2842913717918,0.1497368398459461
1940.2,0.0,10.487856892844649,38.15262071268378,38.229547126837815,38.56624117119363,38.444724580114624,-5.656499999999966,0.05,0.05,0.05,0.2118002484109004,1.8955980127127965,-10.151393292905688,-0.8001397903145159,-2.284653020469768,-11.868706939590728,0.05,0.13,0.14,10.329033689473484,38.34828339770746,0.2638272253940136
1940.21,0.0,10.467855892794663,38.13763631236449,38.29398629067255,38.55818112798276,38.47787310195218,-5.586008998500193,0.05,0.05,0.05,0.2122873286086545,1.891701371130764,-10.138242127566327,-0.6359088632949961,-0.5446670005013217,-11.6412669003506,0.05,0.13,0.14,10.315403696636714,38.366919208243,0.10362867936424269
1940.2200000000005,0.0,10.447854892744626,38.08193132321038,38.21471380610708,38.466767812447806,38.55571725346242,-5.466028995167251,0.05,0.05,0.05,0.21277440880641,1.88780472954872,-10.12509096222693,-0.470660991486971,1.212969454184036,-11.410921382072749,0.05,0.13,0.1404607329842911,10.301773955941709,38.32978254880692,-0.058503424088823364
1940.23,0.0,10.427853892694642,38.026226334056425,38.13544132154184,38.37535449691311,38.63356140497243,-5.3460489918346505,0.05,0.05,0.05,0.2132614890041641,1.8839080879666872,-10.111939796887569,-0.80324344569304,1.866591760299928,-10.594299625467784,0.05,0.13,0.15,10.288144468390653,38.29264588937095,-0.3617436205302328
1940.24,0.0,10.40785289264466,37.9392129722986,38.01764955328192,38.35857286249057,38.70470491140498,-5.293484999999968,0.05,0.05,0.05,0.2137485692019182,1.8800114463846544,-10.098788631548208,-1.1378252184766895,2.5157802746562634,-9.775323345818252,0.05,0.13,0.15,10.27451523499092,38.255035074869014,-0.6655505161400489
1940.25,0.0,10.38785189259462,37.81424167207362,37.853157414524254,38.43227388570018,38.767724626903046,-5.3234850000000105,0.05,0.05,0.05,0.2142356493996736,1.8761148048026104,-10.08563746620881,-1.070420210104987,0.6363756878421403,-8.82570285142482,0.05,0.13,0.15,10.260886256755219,38.21684939980027,-0.5912015432856875
1940.26,0.0,10.367850892544638,37.75587505123723,37.70486699325146,38.47963685078733,38.767456420894646,-5.393926518370312,0.05,0.05,0.05,0.2147227295974277,1.8722181632205777,-10.07248630086945,-1.0003851925963207,-1.2595722861424594,-7.87522761380721,0.05,0.13,0.15,10.247257534701738,38.17695882904266,-0.5143784756703343
1940.27,0.0,10.35,37.779409167708096,37.57649908522857,38.494613106723335,38.68936594351405,-5.513896525868343,0.05,0.05,0.05,0.2152098097951818,1.8683215216385447,-10.05933513553009,-1.0844902548725222,-1.1208995502249608,-8.262631184407603,0.05,0.13,0.15,10.233629069853958,38.134971825793514,-0.49841318049899186
1940.28,0.0,10.35,37.757424207895845,37.556426766616994,38.43197017491213,38.55426887556168,-5.59346326836584,0.05,0.05,0.05,0.2156968899929373,1.8644248800565013,-10.046183970190691,-1.1694477761121305,-0.970974512743299,-8.657433783109312,0.05,0.13,0.1495693277310755,10.220000863240802,38.07502250624666,-0.4827844542048922
1940.29,0.0,10.35,37.67935324337823,37.66979008495764,38.27368931534216,38.34893154422767,-5.623448275862087,0.05,0.05,0.05,0.2161839701906914,1.8605282384744688,-10.03303280485133,-1.4037647058824634,-0.1543103879845956,-9.17726658322928,0.05,0.13,0.14,10.206372915896777,37.992941046976426,-0.5677216153274398
1940.3,0.0,10.35,37.59883603603606,37.67742159159163,38.11003576576582,38.25117936936936,-5.666859855108672,0.05,0.05,0.05,0.2166710503884455,1.856631596892436,-10.01988163951197,-1.639058823529114,0.6667158948675462,-9.697917396745272,0.05,0.13,0.14,10.192745228861796,37.90936819069072,-0.6533167314253128
1940.31,0.0,10.35,37.51529249249237,37.55424841841824,37.939735465465226,38.286524714714766,-5.726814888833493,0.05,0.05,0.05,0.217158130586201,1.852734955310392,-10.006730474172572,-1.6698426966292277,0.6948689138576896,-9.804449438202298,0.05,0.13,0.14,10.179117803181311,37.82395027277265,-0.6504596023548803
1940.32,0.0,10.35,37.47598602,37.46379978999999,37.80170043999998,38.27909591999999,-5.773398349587431,0.05,0.05,0.05,0.2176452107839551,1.8488383137283595,-9.993579308833212,-1.6998052434456736,0.7198377028713947,-9.909318352059858,0.05,0.13,0.14,10.165490639906487,37.75514554249999,-0.6472472433840699
1940.33,0.0,10.35,37.49096601999998,37.413509790000056,37.70326044000012,38.21917592000008,-5.803405851462882,0.05,0.05,0.05,0.2181322909817092,1.8449416721463263,-9.980428143493851,-1.3668443443444556,0.2128078078079769,-10.52161411411391,0.05,0.13,0.14,10.15186374009399,37.70672804250006,-0.39004558692351654
1940.34,0.0,10.35,37.47679118450456,37.3442828308914,37.74780222994803,38.226245542587606,-5.82,0.05,0.05,0.05,0.2186193711794646,1.8410450305642825,-9.967276978154452,-1.0315090090080603,-0.2977027027041472,-11.137229729731471,0.05,0.13,0.14,10.138237104806144,37.6987804469829,-0.13118219877239487
1940.35,0.0,10.35,37.42683836602927,37.25181697541587,37.96780719642431,38.31552292028813,-5.82,0.05,0.05,0.05,0.2191064513772188,1.8371483889822493,-9.954125812815091,-1.2502115893245604,-0.6734022601590373,-11.077766289973496,0.05,0.13,0.14,10.124610735111098,37.740496364539396,-0.17455935183296578
1940.36,0.0,10.35,37.36975615096223,37.19309784053986,38.06451375656083,38.31793554111467,-5.82,0.05,0.05,0.05,0.2195935315749728,1.833251747400217,-9.940974647475732,-1.471418610242626,-1.048492426063583,-11.015251262322735,0.05,0.13,0.14,10.110984632082614,37.7363258222944,-0.21930273536525027
1940.37,0.0,10.347779888994516,37.30343273181707,37.17812158460386,38.00139953511624,38.20775308672835,-5.82,0.05,0.05,0.05,0.22,1.829751737586884,-9.9285104255213,-1.3468750000001897,-0.1735416666678678,-10.637875000000491,0.05,0.13,0.14,10.098104311745217,37.67267673456638,-0.325570701364743
1940.38,0.0,10.317778388919454,37.234767051762816,37.20643974493638,37.83817480870165,38.16365708927239,-5.793260054958644,0.05,0.05,0.05,0.22,1.8282516625831304,-9.919509975498782,-1.190624999999755,0.8160416666682195,-10.231624999999363,0.05,0.13,0.14,10.08898321416771,37.61075967366831,-0.43748065964329064
1940.39,0.0,10.28777688884448,37.16305912478112,37.29099088272078,37.54492149537351,38.20539752438114,-5.733305021233995,0.05,0.05,0.05,0.22,1.8267515875793816,-9.91050952547629,-0.97612734082387,1.004029962546903,-10.65774531835226,0.05,0.13,0.14,10.079862122930058,37.55109225681414,-0.32050735032948363
1940.4,0.0,10.257775388769506,37.15240304000001,37.29305346999998,37.374254165,38.11805556999996,-5.7,0.05,0.05,0.05,0.22,1.8252515125756328,-9.901509075453797,-0.7613957553060053,1.188799001248321,-11.08720848938799,0.05,0.13,0.14,10.070741038049462,37.48444156124999,-0.20261483110603012
1940.41,0.0,10.227773888694443,37.22088304000011,37.18819346999983,37.362484164999984,37.8633955699996,-5.7,0.05,0.05,0.05,0.22,1.8237514375718795,-9.892508625431276,-0.8445531914894017,-0.0285607008766712,-10.448390488109837,0.05,0.13,0.14,10.06161995954318,37.40873906124988,-0.20063310285363872
1940.42,0.0,10.197772388619471,37.17760857142845,37.09362051948047,37.39215051948057,37.700553701298674,-5.726477611940323,0.05,0.05,0.05,0.22,1.8222513625681305,-9.883508175408783,-0.9296595744679774,-1.2550938673326146,-9.802583229037117,0.05,0.13,0.1404609743321083,10.052498887428621,37.34098332792204,-0.19940972401382026
1940.43,0.0,10.167770888544498,36.98947670329664,37.01238175824173,37.47552714285717,37.65672752747251,-5.786179104477627,0.05,0.05,0.05,0.22,1.8207512875643816,-9.87450772538629,-0.7708389513110152,-1.77229962546767,-9.645812734082549,0.05,0.13,0.15,10.04337782172317,37.28352828296701,-0.11601912551877648
1940.44,0.0,10.137769388469437,36.905175697849046,36.95104545772878,37.45686106052989,37.63561261630818,-5.80698849424705,0.05,0.05,0.05,0.22,1.8192512125606284,-9.86550727536377,-0.611038701622621,-2.2866566791521885,-9.491006242196914,0.05,0.13,0.15,10.034256762444281,37.237173708103974,-0.03229853818943287
1940.45,0.0,10.107767888394465,36.956561390695406,36.9157177938969,37.30484505252608,37.64417689844924,-5.776973486743336,0.05,0.05,0.05,0.22,1.81775113755688,-9.856506825341276,-0.5950751126689846,-0.9218853279902592,-9.226326990485395,0.05,0.13,0.15,10.025135709609545,37.20532528389191,-0.20890772942408586
1940.46,0.0,10.077766388319487,36.92711384269663,36.89713300374532,37.21237931585518,37.65273467665418,-5.746961740435103,0.05,0.05,0.05,0.22,1.8162510625531303,-9.847506375318783,-0.5800525788682978,0.4551802704060357,-8.96092889333993,0.05,0.13,0.15,10.016014663236543,37.172340209737825,-0.38722013511277936
1940.4700000000005,0.0,10.05,36.79246215730314,36.90033899625469,37.19741801747813,37.6612839900125,-5.716954238559568,0.05,0.05,0.05,0.22,1.8147509875493768,-9.838505925296264,-0.9830786516862208,1.072082397005002,-8.173747815229348,0.05,0.13,0.15,10.006893623342917,37.137875790262115,-0.705842878683326
1940.48,0.0,10.05,36.696580469647735,36.836109218086335,37.11547892080928,37.70632474144398,-5.686969545681441,0.05,0.05,0.05,0.22,1.8132509125456284,-9.82950547527377,-1.387573033708245,1.6863146067421495,-7.384734082396263,0.05,0.13,0.1495542737283618,9.997772589946452,37.08862333749683,-1.0249584332740795
1940.49,0.0,10.05,36.65167414938797,36.68321388958285,36.94547642268304,37.799344976267776,-5.657014478282596,0.05,0.05,0.05,0.22,1.81175083754188,-9.820505025251276,-1.3949762202753404,0.4459449311649477,-7.62881101376701,0.05,0.13,0.14,9.98865156306492,37.01992735948041,-0.861528155169104
1940.5,0.0,10.05,36.6620925169047,36.61921212622096,36.93864129226174,37.789102374154574,-5.652976220275373,0.05,0.05,0.05,0.22,1.8102507625381263,-9.811504575228756,-1.3999824780976238,-0.8056195244058988,-7.87912390488118,0.05,0.13,0.14,9.979530542716159,37.00226207738549,-0.6951851255589052
1940.51,0.0,10.05,36.74569882794889,36.67280591535185,37.14765706987223,37.64225539193592,-5.68301376720903,0.05,0.05,0.05,0.22,1.8087506875343773,-9.802504125206264,-1.3004744069913403,-1.3623670411980604,-8.850374531834431,0.05,0.13,0.14,9.970409528918152,37.052104301277225,-0.45688797509635803
1940.52,0.0,10.05,36.77492275293536,36.69664355233577,37.24925484886341,37.539650657007314,-5.7,0.05,0.05,0.05,0.22,1.8072506125306285,-9.79350367518377,-1.2005992509365195,-1.916674157302316,-9.824157303368931,0.05,0.13,0.14,9.961288521688866,37.065117952785464,-0.21833810067699985
1940.53,0.0,10.05,36.73322402697975,36.681674778915806,37.21076371721208,37.494744336747424,-5.7,0.05,0.05,0.05,0.22,1.8057505375268752,-9.78450322516125,-1.244774774774831,-0.9250050050037548,-10.511571571572428,0.05,0.13,0.14,9.952167521046333,37.03010171496376,-0.23225813323943212
1940.54,0.0,10.05,36.632411584726746,36.70551765909658,37.187534100324434,37.41243811330173,-5.7,0.05,0.05,0.05,0.22,1.8042504625231264,-9.775502775138758,-1.2898198198198905,0.0759959959975651,-11.197257257258332,0.05,0.13,0.14,9.943046527008736,36.984475364362375,-0.24770212902352676
1940.55,0.0,10.05,36.454033745944585,36.78028681307712,37.18432970801098,37.28105802845021,-5.7,0.05,0.05,0.05,0.22,1.802750387519377,-9.766502325116264,-1.0959740259740576,0.4232767232766675,-11.185074925074929,0.05,0.13,0.14,9.933925539594236,36.92492707387073,-0.22056005573411674
1940.56,0.0,10.05,36.39579875468888,36.78211611402831,37.03373708927159,37.20466256564141,-5.7,0.05,0.05,0.05,0.22,1.801250312515624,-9.757501875093745,-0.9011688311686477,0.7679320679323929,-11.170089910089896,0.05,0.13,0.14,9.924804558821075,36.854078630907544,-0.19324695405484354
1940.57,0.0,10.049243521246312,36.4974741735434,36.686862300575136,36.68697039759938,37.201451762940735,-5.7,0.05,0.05,0.05,0.2199145079715538,1.8005129521706769,-9.748717619573307,-0.7905231539423596,-0.6780801001260615,-11.433739674593406,0.05,0.13,0.14,9.91603270002322,36.76818965866467,0.03417204073997987
1940.58,0.0,10.03426374394568,36.56559801851385,36.597566845133954,36.56502513885391,37.20237945959469,-5.674047559449291,0.05,0.05,0.05,0.2194010423352421,1.803593745988548,-9.741015635028631,-0.6803854818522815,-2.134901126408459,-11.69907133917405,0.05,0.13,0.14,9.909009679065766,36.7326423655241,0.2627989181892362
1940.59,0.0,10.019283966645007,36.589155686765096,36.51618580935693,36.74170765073824,37.20880427820867,-5.613972465581891,0.05,0.05,0.05,0.2188875766989288,1.806674539806427,-9.733313650483932,-0.5954032459423981,-2.0653558052432923,-11.724881398252236,0.05,0.13,0.14,9.901988652927994,36.76396335626723,0.28801211384590897
1940.6,0.0,10.004304189344376,36.59470046115287,36.50640373934841,36.92222236591488,37.19674092230574,-5.501789999999916,0.05,0.05,0.05,0.218374111062617,1.8097553336242973,-9.725611665939256,-0.5105093632958004,-1.990449438202177,-11.749850187265942,0.05,0.13,0.14,9.894969625856248,36.805016872180474,0.3125108610467054
1940.61,0.0,9.989324412043745,36.57646487218045,36.59114559398495,37.10779630075186,37.1602697443609,-5.321789999999916,0.05,0.05,0.05,0.2178606454263053,1.8128361274421685,-9.71790968139458,-0.5348811013767011,-0.3826808510651125,-10.655231539425154,0.05,0.13,0.14,9.887952602107658,36.85891912781954,-0.028513362691971245
1940.62,0.0,9.974344634743114,36.50739848000015,36.5983527600001,37.142015480000175,37.1774881199999,-5.193923480870243,0.05,0.05,0.05,0.2173471797899935,1.815916921260039,-9.710207696849904,-0.5599123904880469,1.2343404255278252,-9.55385481852594,0.05,0.13,0.1404714510214778,9.880937585950248,36.85631371000008,-0.3717439625124326
1940.63,0.0,9.95936485744244,36.37257847999996,36.505262759999965,36.98044547999994,37.264158120000026,-5.133908477119259,0.05,0.05,0.05,0.2168337141536802,1.8189977150779184,-9.702505712305204,-0.7042760858711689,1.2001997004493328,-9.251497753369996,0.05,0.13,0.15,9.87392458166293,36.780611209999975,-0.46243236988591324
1940.64,0.0,9.944385080141808,36.28908313686315,36.42433070929075,36.80729450549462,37.23753926073937,-5.126093476630774,0.05,0.05,0.05,0.2163202485173684,1.8220785088957887,-9.694803727760528,-0.8490589116324578,1.1602596105841494,-8.951947079381123,0.05,0.13,0.15,9.866913593535617,36.68956190309697,-0.5522337750772944
1940.65,0.0,9.929405302841175,36.27198023976025,36.35912591408597,36.61916263736281,37.06437242757259,-5.1860784803797895,0.05,0.05,0.05,0.2158067828810566,1.82515930271366,-9.68710174321585,-1.2829301277231673,-0.1686476333573063,-9.06942900075122,0.05,0.13,0.15,9.859904625869119,36.578660304695404,-0.5419721340691347
1940.66,0.0,9.9144255255405,36.23496308805181,36.21843240209502,36.57615723621867,36.9005660763281,-5.259075693230082,0.05,0.05,0.05,0.2152933172447434,1.8282400965315395,-9.67939975867115,-1.718692712247254,-1.5059879789657098,-9.189639368895794,0.05,0.13,0.15,9.852897682975248,36.482529700673396,-0.5310558279372786
1940.67,0.0,9.9,36.17197481167376,35.97929047143934,36.722418149164334,36.74896717385887,-5.349008243817057,0.05,0.05,0.05,0.2147798516084316,1.83132089034941,-9.671697774126477,-1.521443863579818,-1.832653721682796,-9.214819517052522,0.05,0.13,0.15,9.84589276917691,36.40566265153407,-0.42703715321159774
1940.68,0.0,9.9,36.093791706220486,35.878679205595674,36.74937586809913,36.657428573569845,-5.4,0.05,0.05,0.05,0.2142663859721198,1.8344016841672808,-9.663995789581795,-1.3222902663683778,-2.1562783171513864,-9.239713716703951,0.05,0.13,0.1497274184928044,9.838889888807984,36.34481883837128,-0.32273833093766724
1940.69,0.0,9.9,35.995425480889295,35.9620766575069,36.617864501623735,36.64566739445416,-5.4,0.05,0.05,0.05,0.2137529203358066,1.8374824779851604,-9.6562938050371,-1.359698795180741,-0.3934036144570165,-9.44841867469889,0.05,0.13,0.14,9.83188904621347,36.30525850861852,-0.487025842562802
1940.7,0.0,9.9,35.92771100000001,35.971769320000014,36.472114160000025,36.69618499999997,-5.4129482370592426,0.05,0.05,0.05,0.2132394546994948,1.840563271803031,-9.648591820492422,-1.3998594377510165,1.3937449799202284,-9.659262048192836,0.05,0.13,0.14,9.824890245749522,36.26694487,-0.6544380308090517
1940.71,0.0,9.9,35.90096100000001,35.88295932000002,36.307334160000025,36.82993499999997,-5.442955738934692,0.05,0.05,0.05,0.212725989063183,1.8436440656209017,-9.640889835947746,-1.2407590511861448,2.007106117352824,-9.436067415730516,0.05,0.13,0.14,9.81789349178339,36.23029737,-0.6985664725567158
1940.7200000000005,0.0,9.9,35.88627183700735,35.86550511690064,36.24826062792268,36.87676590514347,-5.485889795238932,0.05,0.05,0.05,0.2122125234268698,1.846724859438781,-9.633187851403047,-1.0809588014979774,2.616344569288961,-9.211348314606532,0.05,0.13,0.14,9.810898788693503,36.21920087174354,-0.7422619056615463
1940.73,0.0,9.9,35.88770136272545,35.94341426853714,36.33045835671349,36.807433907815565,-5.545819876810381,0.05,0.05,0.05,0.211699057790558,1.849805653256652,-9.625485866858371,-1.2193690535803696,0.1760640961442336,-9.130360540811218,0.05,0.13,0.14,9.803906140869563,36.242251973947916,-0.5472501525088995
1940.74,0.0,9.9,35.88913088844355,36.021323420173644,36.4126560855043,36.738101910487664,-5.60574995838183,0.05,0.05,0.05,0.2111855921542462,1.8528864470745223,-9.617783882313692,-1.359579369053447,-2.2826239359015155,-9.050240360540888,0.05,0.13,0.14,9.796915552712447,36.26530307615229,-0.35079751090824435
1940.75,0.0,9.9,35.83186346173071,35.977143661830674,36.378802071035295,36.68074012005998,-5.64,0.05,0.05,0.05,0.210672126517933,1.855967240892402,-9.610081897768994,-1.4545967540575029,-2.165530586766444,-9.508047440699489,0.05,0.13,0.14,9.789927028634313,36.217137328664165,-0.32559811467212435
1940.76,0.0,9.9,35.69804655327665,35.7737419609805,36.193599469734885,36.63898924462232,-5.64,0.05,0.05,0.05,0.2101586608816212,1.8590480347102727,-9.602379913224318,-1.5494781523095824,-2.040686641697918,-9.967473158551662,0.05,0.13,0.14,9.782940573058672,36.076094307153596,-0.30091402408929235
1940.77,0.0,9.9,35.63034671996001,35.64161125655763,36.028961948538765,36.55028583562346,-5.652884999999966,0.05,0.05,0.05,0.2123568679042944,1.8589899137553023,-9.586868878818931,-1.3757446808511762,0.2004255319134493,-10.696893617020809,0.05,0.13,0.14,9.767752752729617,35.96280144016997,-0.36522038007006763
1940.78,0.0,9.885276858260616,35.64852308768425,35.602050926804864,35.891035393454814,36.40059810142383,-5.682885000000051,0.05,0.05,0.05,0.2157676752911353,1.8575281391609424,-9.567865809092243,-1.2005256570710083,2.4532415519441786,-11.427807259075225,0.05,0.13,0.14,9.748898533591968,35.88555187734194,-0.43001889035583263
1940.79,0.0,9.87023021366237,35.62728642339417,35.57964,35.88153190202446,36.24577691077234,-5.7,0.05,0.05,0.05,0.2191784826779665,1.8560663645665856,-9.548862739365616,-0.9460823970035458,1.4791810237195788,-11.454893882646711,0.05,0.13,0.14,9.730046308840953,35.833558809047744,-0.23918621947584312
1940.8,0.0,9.855183569064128,35.55454460884786,35.57964,36.03985232191937,36.08424729317687,-5.7,0.05,0.05,0.05,0.2225892900647976,1.8546045899722297,-9.529859669638984,-0.6914007490637528,0.4954107365795943,-11.479862671660417,0.05,0.13,0.14,9.711196090091542,35.81457105598602,-0.04758434744940099
1940.81,0.0,9.84013692446584,35.510998981872355,35.605411403029635,36.07301495405992,36.014289570399875,-5.712833583208456,0.05,0.05,0.05,0.2260000974516385,1.8531428153778693,-9.5108565999123,-0.670085106382963,-1.2674893617035172,-11.191234042552964,0.05,0.13,0.14,9.69234788904784,35.80092872734045,0.09920595660724596
1940.82,0.0,9.825090279867595,35.50568485224733,35.66492965482998,35.94228736528415,36.064242388875165,-5.74281859070466,0.05,0.05,0.05,0.2294109048384697,1.8516810407835127,-9.491853530185669,-0.6500600750938864,-3.03469837296453,-10.900871088861352,0.05,0.13,0.1404714510214778,9.673501717504063,35.79428606530916,0.24574843399293744
1940.83,0.0,9.810043635269354,35.478690608040154,35.64669888944713,35.81361888944713,36.0706839698492,-5.747186796699197,0.05,0.05,0.05,0.2328217122253009,1.8502192661891568,-9.472850460459036,-0.4458701622972604,-1.6608789013741738,-10.387186017478484,0.05,0.13,0.15,9.654657587345085,35.7524230891959,0.09372429767513518
1940.84,0.0,9.794996990671066,35.42169563316569,35.52087979396954,35.68779979396954,36.01691512562801,-5.717179294823663,0.05,0.05,0.05,0.2362325196121417,1.8487574915947964,-9.453847390732353,-0.2411260923840052,-0.2776079900090114,-9.872828963793966,0.05,0.13,0.15,9.635815510547465,35.66182258668319,-0.05919823366957758
1940.85,0.0,9.779950346072823,35.35431407536801,35.4491,35.6559323084603,36.04129145994525,-5.648738446165296,0.05,0.05,0.05,0.2396433269989729,1.8472957170004405,-9.434844321005722,-0.5934893617024071,0.5415319148942586,-9.192893617020742,0.05,0.13,0.15,9.616975499180459,35.625159460943394,-0.36560640388702886
1940.86,0.0,9.764903701474578,35.27313613676068,35.4491,35.74885968555028,36.16946715248314,-5.528828378715996,0.05,0.05,0.05,0.2430541343858041,1.845833942406084,-9.415841251279092,-0.9489336670835172,1.3575519399241314,-8.512042553192135,0.05,0.13,0.15,9.598137565406606,35.66014074369853,-0.6728634137358676
1940.87,0.0,9.75,35.244263808574225,35.40183651046873,35.852644685942025,36.17850715852461,-5.472776805798516,0.05,0.05,0.05,0.2464649417726353,1.844372167811728,-9.39683818155246,-0.964936329587984,0.3542871410757346,-8.156506866417708,0.05,0.13,0.15,9.579301721482818,35.6693130408774,-0.6277205931425768
1940.88,0.0,9.75,35.28586899302097,35.290889351944095,35.97105944167505,36.02702161515444,-5.502769307673109,0.05,0.05,0.05,0.2498757491594762,1.842910393217368,-9.377835111825776,-0.97991760299625,-0.6544519350808222,-7.801950062422087,0.05,0.13,0.1495435466946383,9.560467979761189,35.643709850448644,-0.58151739191559
1940.89,0.0,9.75,35.29243827655312,35.24545262525049,35.96949310621246,35.940510901803606,-5.494476380904768,0.05,0.05,0.05,0.2532865565463074,1.8414486186230112,-9.358832042099143,-1.079574468085042,-0.6848936170212605,-8.198297872340168,0.05,0.13,0.14,9.541636352690103,35.611973727454924,-0.5518359586067858
1940.9,0.0,9.75,35.25062464929864,35.2904826853707,35.80223859719456,35.94372733466933,-5.434491377155752,0.05,0.05,0.05,0.2566973639331385,1.839986844028655,-9.339828972372514,-1.1796996245305678,-0.7099249061326419,-8.598798498122271,0.05,0.13,0.14,9.522806852814865,35.57176831663331,-0.5222458975690271
1940.91,0.0,9.75,35.19885859964984,35.25969581895459,35.65144478619641,35.87932615653896,-5.4382500000001,0.05,0.05,0.05,0.2601081713199794,1.8385250694342947,-9.32082590264583,-1.1899575530586843,-0.022928838950771,-8.809108614232374,0.05,0.13,0.14,9.503979492778761,35.497331340334945,-0.5652990116524588
1940.92,0.0,9.75,35.13357227806948,35.12591237309321,35.52301267816948,35.72306709177286,-5.528249999999972,0.05,0.05,0.05,0.2635189787068106,1.8370632948399384,-9.301822832919198,-1.1999450686641666,0.6662097378274923,-9.018846441947495,0.05,0.13,0.14,9.485154285324187,35.376391105276255,-0.6085707110170444
1940.93,0.0,9.75,35.054222664333935,35.027123129217706,35.46680995751061,35.607710317420654,-5.592743628185871,0.05,0.05,0.05,0.2669297860936417,1.8356015202455824,-9.282819763192569,-1.2746995493238906,0.2417225838763604,-9.229158738106891,0.05,0.13,0.14,9.466331243293276,35.28896651712073,-0.5577066479244416
1940.94,0.0,9.75,34.95580726818277,34.9757759660084,35.50852952761817,35.54780529367647,-5.622728635682203,0.05,0.05,0.05,0.2703405934804826,1.8341397456512216,-9.263816693465882,-1.3498122183275385,-0.1889233850778867,-9.439474211317108,0.05,0.13,0.14,9.44751037962902,35.24697951387145,-0.506321974782878
1940.95,0.0,9.75,34.91816503748129,34.96252431784111,35.48948193903041,35.54277446276867,-5.652716820794833,0.05,0.05,0.05,0.2737514008673138,1.8326779710568653,-9.244813623739253,-1.3201198202695912,-0.19,-9.913102845731474,0.05,0.13,0.14,9.428691707376418,35.22823643928037,-0.4245604183717691
1940.96,0.0,9.75,34.963082578710605,35.00102506746624,35.38788273863077,35.61228970514737,-5.68270932266934,0.05,0.05,0.05,0.277162208254145,1.831216196462509,-9.225810554012622,-1.290164752870704,-0.19,-10.387391412880524,0.05,0.13,0.14,9.409875239683128,35.24107002248874,-0.34272272942115645
1940.9700000000005,0.0,9.75,34.979954584061936,34.99700829377962,35.343280394704,35.689033934549144,-5.7,0.05,0.05,0.05,0.2783605125966321,1.8301725776214075,-9.209654844757187,-1.1107210816221502,-0.2497596394592832,-11.141975463195982,0.05,0.13,0.14,9.393868138227722,35.252319301773674,-0.1620502565883197
1940.98,0.0,9.71125869228075,34.95857062203348,34.93499480389709,35.37642553584811,35.7756389807644,-5.7,0.05,0.05,0.05,0.2686016590051258,1.8311998253678816,-9.207600349264238,-0.930450676013908,-0.3098497746620307,-11.89810966449722,0.05,0.13,0.14,9.3917700058838,35.26140748563577,0.019168813842174004
1940.99,0.0,9.671236680174136,34.944848336663334,34.94282378121868,35.32351128871145,35.792849525474594,-5.687355000000025,0.05,0.05,0.05,0.2588428054136195,1.832227073114356,-9.205545853771287,-0.6959385921121293,-0.6586020968542756,-11.646018472291884,0.05,0.13,0.14,9.389682109169263,35.25100823301701,0.09603599358353354
1941.0,0.0,9.631214668067408,34.941641543456534,35.04651009490525,35.15248231768205,35.71481755744243,-5.65735499999994,0.05,0.05,0.05,0.2490839518220855,1.8332543208608327,-9.203491358278336,-0.4612905641538443,-1.0080778831751256,-11.39140039940098,0.05,0.13,0.14,9.387604454913632,35.21386287837157,0.1726416397645525
1941.01,0.0,9.591192655960793,34.95640462962967,35.082886341341286,35.139917662662846,35.67940491491493,-5.614709999999915,0.05,0.05,0.05,0.2393250982305792,1.8342815686073075,-9.201436862785386,-0.7039574468083535,-0.9701702127659833,-10.912042553191798,0.05,0.13,0.14,9.38553704991895,35.21465338713718,0.01466217144273893
1941.02,0.0,9.551170643854178,34.996034259259254,35.02611957457459,35.34663437937934,35.702968478478475,-5.554710000000001,0.05,0.05,0.05,0.229566244639073,1.8353088163537816,-9.199382367292436,-0.9492640800998912,-0.9301201501877728,-10.431441802253277,0.05,0.13,0.1404729729729614,9.383479900959696,35.267939172922915,-0.14461465045357624
1941.03,0.0,9.51114863174745,34.9734540009988,34.97976336663331,35.43603285214772,35.63504964535428,-5.49472895328494,0.05,0.05,0.05,0.219807391047539,1.836336064100259,-9.197327871799482,-1.0944205794208068,-0.2078971028959656,-10.370239760239668,0.05,0.13,0.15,9.381433014782653,35.25607496628353,-0.27772267598478634
1941.04,0.0,9.471126619640836,34.8654919630368,34.94769543456538,35.36441447052936,35.441573121877816,-5.43477391956029,0.05,0.05,0.05,0.2100485374560327,1.8373633118467327,-9.195273376306533,-1.2392757242759056,0.5163786213795284,-10.310299700299623,0.05,0.13,0.15,9.37939639810684,35.15479374750234,-0.4107519588986465
1941.05,0.0,9.431104607534222,34.72110614153528,34.81593773443347,35.252799549887385,35.32432125031257,-5.43779055236189,0.05,0.05,0.05,0.2002896838645264,1.838390559593208,-9.193218880813586,-1.0959051186017263,0.5398751560549343,-9.90752808988758,0.05,0.13,0.15,9.377370057623372,35.02854116904218,-0.42600344324219375
1941.06,0.0,9.391082595427491,34.526317444360835,34.54623030757654,35.085837809452144,35.31254830707675,-5.527768057985669,0.05,0.05,0.05,0.1905308302729924,1.8394178073396847,-9.191164385320633,-0.9510861423218246,0.5598501872659553,-9.503033707864407,0.05,0.13,0.15,9.375353999995374,34.867733467116565,-0.44066307935190957
1941.07,0.0,9.351060583320878,34.39494678812078,34.43017534314951,34.916324382330885,35.27162526578486,-5.58,0.05,0.05,0.05,0.1807719766814862,1.8404450550861595,-9.189109889827682,-1.1334748938298005,0.2823082687981398,-9.088421184111528,0.05,0.13,0.15,9.373348231857886,34.75326794484651,-0.5357998990792008
1941.08,0.0,9.35,34.35115342650361,34.52630711255306,34.743287197404484,35.19044732717741,-5.58,0.05,0.05,0.05,0.1710131230899799,1.8414723028326336,-9.187055394334733,-1.3183362478141367,0.0025181114164416,-8.673732200849368,0.05,0.13,0.1495886075949271,9.371352759817743,34.70279876590964,-0.63154485873292
1941.09,0.0,9.35,34.30559553615946,34.53883472319171,34.66676990024955,35.10707196508703,-5.592560579565393,0.05,0.05,0.05,0.1612542694984459,1.842499550579111,-9.185000898841778,-0.997279559117572,-0.0744739478959449,-8.312525050099465,0.05,0.13,0.14,9.369367590453477,34.654568031171934,-0.5703863729625821
1941.1,0.0,9.35,34.25756561097247,34.43423621945115,34.725473142144764,35.02061809975044,-5.622538096427718,0.05,0.05,0.05,0.1514954159069396,1.8435267983255847,-9.18294640334883,-0.6716282565126175,-0.1496242484970882,-7.951803607213977,0.05,0.13,0.14,9.367392730315228,34.60947326807971,-0.5078029315831201
1941.11,0.0,9.35,34.22312492361632,34.393410613573806,34.77016476834463,34.968416769346355,-5.652528132033022,0.05,0.05,0.05,0.1417365623154333,1.84455404607206,-9.18089190785588,-0.8391499999999723,-0.4932749999999436,-7.432600000000085,0.05,0.13,0.14,9.365428185924623,34.58877926872027,-0.606901552379814
1941.12,0.0,9.35,34.208118662659665,34.44378877535684,34.79481791134484,34.9652011419985,-5.682535633908472,0.05,0.05,0.05,0.1319777087239271,1.845581293818534,-9.178837412362933,-1.0091499999997309,-0.8382749999994533,-6.912600000000824,0.05,0.13,0.14,9.363473963774682,34.60298162283996,-0.706812645850556
1941.13,0.0,9.35,34.20288885114886,34.432448211788085,34.74358625374606,34.98949277722286,-5.67494505494496,0.05,0.05,0.05,0.1222188551323931,1.8466085415650115,-9.176782916869978,-1.0747721582373764,-0.9645618427641852,-7.851687531297239,0.05,0.13,0.14,9.36153007032971,34.592104023476466,-0.5735978677359139
1941.14,0.0,9.35,34.21144029970031,34.33410655344646,34.58538445554431,35.05255971028977,-5.615004995005004,0.05,0.05,0.05,0.1124600015408868,1.8476357893114856,-9.17472842137703,-1.1398698047070197,-1.0897496244365756,-8.798107160740512,0.05,0.13,0.14,9.35959651202522,34.545872754745204,-0.43921160282939437
1941.15,0.0,9.35,34.22751604203152,34.31352830122591,34.58008385288966,35.088253274956216,-5.58,0.05,0.05,0.05,0.1027011479493806,1.84866303705796,-9.17267392588408,-1.3937920718023395,-0.7366816255300765,-10.039102468211423,0.05,0.13,0.14,9.3576732952678,34.55234536777583,-0.3733864617477593
1941.16,0.0,9.35,34.254286119589715,34.40347576182145,34.792102867150554,35.08504086564923,-5.58,0.05,0.05,0.05,0.0929422943578465,1.8496902848044368,-9.170619430391126,-1.6480927449518612,-0.3826551982042718,-11.280688107706146,0.05,0.13,0.14,9.355760426435024,34.633726403552735,-0.30769871770771484
1941.17,0.0,9.35,34.25258036171818,34.43608657121328,34.88504577744289,35.003837548354774,-5.58,0.05,0.05,0.05,0.0941274999999917,1.8477775000000043,-9.16079250000002,-1.65994488977957,0.032712925852159,-11.464035571142478,0.05,0.13,0.14,9.345761654558666,34.644387564682276,-0.32712283223000777
1941.18,0.0,9.35,34.21065119819146,34.38770676714398,34.8097883044462,34.81246854559177,-5.58,0.05,0.05,0.05,0.1000365909090773,1.8445956818181888,-9.147610681818213,-1.6699649298597226,0.4485445891784855,-11.639386272545146,0.05,0.13,0.14,9.33227312796929,34.55515370384335,-0.34719010941129863
1941.19,0.0,9.35,34.13372290827729,34.2578945065869,34.677124921700035,34.710810638826764,-5.58,0.05,0.05,0.05,0.1059456818181796,1.8414138636363648,-9.13442886363637,-1.1671446415177489,-0.1026430177379197,-11.6250637022233,0.05,0.13,0.14,9.31878855697034,34.44488824384774,-0.1231862051718079
1941.2,0.0,9.35,34.009248635346786,34.01745702212284,34.466476152125324,34.73102440964454,-5.58,0.05,0.05,0.05,0.1118547727272652,1.838232045454549,-9.12124704545456,-0.6625231076686149,-0.6572270796909288,-11.610074943792135,0.05,0.13,0.14,9.305307958758346,34.30605155480987,0.10167494857521717
1941.21,0.0,9.35,33.93347307346328,33.94634355322323,34.29728109445288,34.71951881559225,-5.567547452547471,0.05,0.05,0.05,0.1177638636363508,1.8350502272727345,-9.108065227272755,-0.5954057428214635,0.0753807740325696,-11.123058676654107,0.05,0.13,0.14,9.291831350624449,34.22415413418291,-0.02566932047720305
1941.2200000000005,0.0,9.35,33.92705628185906,34.11638853073493,34.18712617191385,34.66283715642169,-5.537577422577408,0.05,0.05,0.05,0.1236729545454531,1.8318684090909096,-9.094883409090912,-0.5304868913856455,0.8144569288403439,-10.633670411984095,0.05,0.1304265402843614,0.1404265402843614,9.278358749955101,34.22335203523238,-0.15478346602602505
1941.23,0.0,9.35,33.908612944703485,34.14781818121232,34.12699345769489,34.61715967355093,-5.511731378103665,0.05,0.05,0.05,0.1295820454545387,1.8286865909090944,-9.081701590909104,-0.3910499999999348,0.6909749999999395,-10.148637499999774,0.05,0.14,0.15,9.26489017423282,34.20014606429041,-0.16852192824697473
1941.24,0.0,9.35,33.872970039973346,33.981009387075275,34.13839918720853,34.58721963357761,-5.491734710881546,0.05,0.05,0.05,0.1354911363636243,1.8255047727272795,-9.0685197727273,-0.2510500000001338,0.5609750000001243,-9.663637500000464,0.05,0.14,0.15,9.251425641036585,34.14489956195869,-0.18138853391907003
1941.25,0.0,9.35,33.83732713524311,33.81420059293775,34.1498049167222,34.557279593604214,-5.47173804365937,0.05,0.05,0.05,0.1414002272727266,1.822322954545455,-9.055337954545456,-0.4440225563912225,-0.2907142857153604,-8.655062656640334,0.05,0.14,0.15,9.237965168042557,34.08965305962682,-0.31026712488218544
1941.26,0.0,9.35,33.79788626686655,33.78664725637188,34.189823898051,34.54704508245878,-5.46,0.05,0.05,0.05,0.1473093181818122,1.81914113636364,-9.04215613636365,-0.6395112781956114,-1.1478571428576805,-7.642531328320167,0.05,0.14,0.15,9.224508773024848,34.08035062593706,-0.44002238072129757
1941.27,0.0,9.35,33.75296872563723,33.959900629684945,34.27110325837072,34.565225992003974,-5.46,0.05,0.05,0.05,0.1532184090908978,1.8159593181818243,-9.028974318181843,-0.7496153846152629,-1.0802447552448329,-7.1766258741263895,0.05,0.14,0.15,9.211056473855917,34.137299651424215,-0.5545375910131399
1941.28,0.0,9.35,33.694307533316525,33.98588562735719,34.28357055066628,34.56103282373646,-5.484707646177068,0.05,0.05,0.05,0.1591275000000001,1.8127775,-9.0157925,-0.8595054945054941,-1.0103146853146856,-6.712090409590411,0.05,0.1395330535152017,0.1495330535152016,9.19760828850733,34.131199133769115,-0.6690146057024421
1941.29,0.0,9.35,33.61574580336935,33.798628901181736,34.196399316067364,34.524442428966545,-5.544677661169477,0.05,0.05,0.05,0.1650365909090857,1.8095956818181849,-9.002610681818194,-1.1789586983728626,-0.4568060075095661,-7.641957446808208,0.05,0.13,0.14,9.184164235050511,34.03380411239625,-0.6931243248634422
1941.3,0.0,9.35,33.59923844317332,33.64397354389458,34.10694639144494,34.4544912260632,-5.592323838080943,0.05,0.05,0.05,0.1709456818181712,1.806413863636369,-8.989428863636387,-1.4993591989985446,0.098888610763101,-8.578127659573873,0.05,0.13,0.14,9.170724331657174,33.95116240114401,-0.7168255529848873
1941.31,0.0,9.35,33.668425212633785,33.5343391245957,34.01434256155171,34.33847033573719,-5.6223088455772325,0.05,0.05,0.05,0.1768547727272736,1.803232045454545,-8.976247045454544,-1.4252434456928016,-0.0544968789015436,-9.49202996254782,0.05,0.13,0.14,9.15728859660009,33.888894308629595,-0.5376777096253882
1941.32,0.0,9.35,33.71276961672474,33.541573344947814,33.9840873170732,34.233755226480795,-5.664587706146909,0.05,0.05,0.05,0.1827638636363592,1.8000502272727297,-8.963065227272738,-1.350337078651686,-0.2093033707865158,-10.405887640449432,0.05,0.13,0.14,9.143857048253848,33.86804637630664,-0.35812335510097737
1941.33,0.0,9.35,33.721291269288194,33.71733242906902,34.04373888501736,34.14534308113498,-5.724557721139403,0.05,0.05,0.05,0.1886729545454447,1.7968684090909144,-8.949883409090932,-1.110780976220353,-0.3694793491864314,-10.938275344180054,0.05,0.13,0.14,9.130429705095317,33.90692641612739,-0.18044917896967272
1941.34,0.0,9.35,33.69641004748807,33.754579965008624,34.05208061484625,34.09576742314422,-5.747729999999948,0.05,0.05,0.05,0.1945820454545471,1.79368659090909,-8.936701590909088,-0.8704806007504085,-0.5296795994997276,-11.468938673342848,0.05,0.1304869109947855,0.14,9.117006585704399,33.89970951262179,-0.002783501886350237
1941.35,0.0,9.35,33.62152876780805,33.5844924868783,33.98361773056737,34.10432528367908,-5.717729999999992,0.05,0.05,0.05,0.2004911363636327,1.7905047727272747,-8.923519772727282,-0.9414899713468116,0.0228557784153432,-11.593915950334472,0.05,0.14,0.14,9.103587708764842,33.8234910672332,-0.06517059378142043
1941.36,0.0,9.35,33.556443687374795,33.47043198396796,33.88721735470954,34.139480040080095,-5.712263868065949,0.05,0.05,0.05,0.2064002272727182,1.7873229545454594,-8.910337954545476,-1.0131232091691098,0.5768194842411163,-11.718080229226455,0.05,0.14,0.14,9.090173093064674,33.7633932665331,-0.12803875334926113
1941.37,0.0,9.35,33.50605290581171,33.440411943887824,33.7489107414832,34.21453014028043,-5.742248875562196,0.05,0.05,0.05,0.2123093181818038,1.784141136363644,-8.89715613636367,-0.9346050905274708,0.8861847284175879,-10.947213329835147,0.05,0.14,0.14,9.07676275749705,33.72747643286579,-0.25050168909209414
1941.38,0.0,9.322758569076514,33.4458358603491,33.38371182044884,33.688040099750644,34.255379182044884,-5.735526118470283,0.05,0.05,0.05,0.2182184090909062,1.7809593181818195,-8.883974318181826,-0.840141695093062,1.1695749147208137,-10.081298871686402,0.05,0.14,0.14,9.06335672106086,33.69324174064837,-0.3792932736325862
1941.39,0.0,9.292822930699051,33.37112264339155,33.287651970074855,33.74140668329175,34.24577319700749,-5.675541114721267,0.05,0.05,0.05,0.2185302472382985,1.7825720673329777,-8.873386112572344,-1.054355966051024,-0.116135796306144,-9.28738142785784,0.05,0.14,0.14,9.053303250581278,33.66148862344141,-0.4376881686565218
1941.4,0.0,9.262887292321588,33.32622,33.259827530647904,33.81321429071793,34.219919229422125,-5.6277811094452845,0.05,0.05,0.05,0.2164260915307781,1.7862543398211383,-8.863917411888503,-1.2690339490763836,-1.4042036944583005,-8.493572141787327,0.05,0.14,0.14,9.044698817783006,33.654795262696986,-0.495977310015752
1941.41,0.0,9.232951653944038,33.32622,33.33478374781095,33.91279897923455,34.16959148361265,-5.597796101948995,0.05,0.05,0.05,0.2143219358232517,1.7899366123093094,-8.854448711204634,-1.0908547863030562,-1.484643839040393,-8.773646588353495,0.05,0.14,0.14,9.03609810413841,33.68584855266454,-0.385390687735506
1941.42,0.0,9.203016015566575,33.281981358055575,33.359533435229245,33.85954113755938,34.11665642696064,-5.567817182817184,0.05,0.05,0.05,0.2122177801157313,1.7936188847974703,-8.844980010520791,-0.9108997750560102,-1.5596250937266625,-9.058575356161318,0.05,0.14,0.1404569327731195,9.027501120277512,33.65442808945121,-0.2740406893266179
1941.43,0.0,9.17308037718911,33.171522826359414,33.30913002756206,33.577496537208994,34.05981854171892,-5.5378471528471644,0.05,0.05,0.05,0.2101136244082108,1.797301157285631,-8.83551130983695,-0.91,-0.2758079039519834,-9.343716858429216,0.05,0.14,0.15,9.018907876866184,33.529491983212345,-0.3640815740940133
1941.44,0.0,9.143144738811564,33.14783495000011,33.263106049999955,33.42181380000003,33.96663104999985,-5.532141070535321,0.05,0.05,0.05,0.2080094687006844,1.8009834297738023,-8.826042609153081,-0.91,1.014837418711386,-9.628859429715307,0.05,0.14,0.15,9.010318384606322,33.449846462499984,-0.4551344733497368
1941.45,0.0,9.1132091004341,33.25162495000011,33.22351604999996,33.45177380000003,33.820041049999844,-5.562156078039035,0.05,0.05,0.05,0.205905312993164,1.804665702261963,-8.81657390846924,-0.7056156156155193,0.6959759759758233,-9.769579579579643,0.05,0.14,0.15,9.001732654236074,33.43673896249999,-0.33204539777862657
1941.46,0.0,9.083273462056637,33.2833086245353,33.21929159851302,33.492368327137555,33.6739660223048,-5.628647838040423,0.05,0.05,0.05,0.2038011572856436,1.808347974750124,-8.807105207785398,-0.5004104104105406,0.370650650650857,-9.90971971971963,0.05,0.14,0.15,8.993150696529804,33.41723364312267,-0.20809631427682374
1941.4700000000005,0.0,9.053337823679088,33.2090583147459,33.26702394052049,33.54858641883524,33.52864755885983,-5.748617845538795,0.05,0.05,0.05,0.2016970015781171,1.812030247238295,-8.797636507101528,-0.5648051948052254,-0.4624975024978957,-10.0246553446554,0.05,0.14,0.15,8.9845725222983,33.388329058240366,-0.12569338155953647
1941.48,0.0,9.05,33.160226954763715,33.2799139044731,33.562063467273205,33.4886782865807,-5.82,0.05,0.05,0.05,0.1995928458705967,1.815712519726456,-8.788167806417686,-0.6297402597401776,-1.2966633366622804,-10.139540459540315,0.05,0.14,0.15,8.975998142388976,33.37272065327268,-0.04337370766171796
1941.49,0.0,9.05,33.151573934799096,33.23773043214558,33.50798209249434,33.61522870356325,-5.82,0.05,0.05,0.05,0.1974886901630763,1.8193947922146163,-8.778699105733844,-0.929173967458848,-0.5919549436807264,-10.32947684605727,0.05,0.14,0.15,8.967427567685853,33.378128790750566,-0.1884628782681502
1941.5,0.0,9.05,33.097579860383746,33.148208386935664,33.42844914983775,33.697439306906034,-5.82,0.05,0.05,0.05,0.1953845344555499,1.823077064702788,-8.769230405049976,-1.2295494367962787,0.1189336670845258,-10.51971464330431,0.05,0.14,0.1495130890052159,8.958860809109757,33.3429191760158,-0.3344653374074347
1941.51,0.0,9.05,32.9780685165794,32.99028268262278,33.31213900274245,33.715579421590625,-5.82,0.05,0.05,0.05,0.1932803787480294,1.8267593371909483,-8.759761704366134,-1.354656679151041,0.2945193508114573,-10.505041198501877,0.05,0.14,0.14,8.950297877618532,33.24901740588381,-0.3969575139833695
1941.52,0.0,9.05,32.89124106473386,32.90428110472379,33.35369073231659,33.755319685078646,-5.795850000000072,0.05,0.05,0.05,0.191176223040509,1.8304416096791087,-8.750293003682291,-1.479500624219567,0.4693008739073937,-10.490059925093652,0.05,0.14,0.14,8.941738784207015,33.226133146713224,-0.45932423695513275
1941.53,0.0,9.05,32.85273069232689,32.92460602349414,33.628612001999734,33.826991767058296,-5.7358499999999015,0.05,0.05,0.05,0.1890720673329826,1.8341238821672805,-8.740824302998423,-1.4201652065080597,-0.0934443053824383,-10.021294117646468,0.05,0.14,0.14,8.93318353990725,33.30823512121977,-0.45182432488664664
1941.54,0.0,9.05,32.79482071982004,32.92725575106223,33.69746640839789,33.79994143964008,-5.675856035990923,0.05,0.05,0.05,0.1869679116254622,1.8378061546554407,-8.731355602314581,-1.3600901126407443,-0.659151439299658,-9.550705882352498,0.05,0.14,0.14,8.924632155788675,33.30487107973006,-0.44404382392234915
1941.55,0.0,9.05,32.70817238190458,32.90372163459137,33.46105551112239,33.626644763809175,-5.615871032241907,0.05,0.05,0.05,0.1848637559179417,1.841488427143602,-8.72188690163074,-1.225370786516876,-0.6250961298377086,-9.141126092384589,0.05,0.14,0.14,8.916084642958129,33.174898572856875,-0.4643288590055048
1941.56,0.0,9.05,32.66500489510493,32.81996034965009,33.25741451048928,33.41984125874087,-5.567952047951982,0.05,0.05,0.05,0.1827596002104153,1.8451706996317727,-8.71241820094687,-1.0905393258424847,-0.5901398252184219,-8.731637952558657,0.05,0.14,0.14,8.90754101256003,33.040555253496294,-0.4846560556350833
1941.57,0.0,9.05,32.68638351648354,32.64679351648331,33.10241950549432,33.1632978021975,-5.537982017982004,0.05,0.05,0.05,0.1806554445028949,1.848852972119934,-8.702949500263028,-0.8955369211514707,-0.585013767209012,-9.133884856070024,0.05,0.14,0.14,8.89900127577661,32.899723585164665,-0.3588279279256704
1941.58,0.0,9.03277064037449,32.719346181545426,32.61970694673683,33.06222298574654,33.00821407351838,-5.507996999249838,0.05,0.05,0.05,0.1821753554502315,1.8478246445497688,-8.693111374407602,-0.7002928660829735,-0.5800075093867428,-9.539391739673825,0.05,0.14,0.14,8.889197328498998,32.85237254688679,-0.23241283104243707
1941.59,0.0,9.012852305547243,32.769648757189444,32.81128484121087,33.19386589647451,33.005003270817696,-5.477989497374302,0.05,0.05,0.05,0.1853349131121651,1.844665086887835,-8.683106108478144,-0.6750748876684857,-0.3457039440837645,-9.460239640539156,0.05,0.14,0.14,8.878821431017276,32.94495069142313,-0.2602866429637897
1941.6,0.0,8.992933970720056,32.745744197900784,32.86600021988976,33.241413543228234,32.98764119940022,-5.484011991006783,0.05,0.05,0.05,0.1884944707740896,1.8415055292259104,-8.673100842548717,-0.6501123315027462,-0.1110559161258134,-9.380359460808789,0.05,0.14,0.14,8.868446933071274,32.96019979010475,-0.2883922359201155
1941.61,0.0,8.973015635892867,32.610991574212846,32.716275082458715,33.16334257871062,32.9491404497751,-5.543967024731432,0.05,0.05,0.05,0.1916540284360142,1.8383459715639856,-8.66309557661929,-0.7496995493238906,0.134263895843532,-9.384984977466194,0.05,0.14,0.14,8.858073839578331,32.85993742128932,-0.3466448140988585
1941.62,0.0,8.95309730106568,32.53142303772171,32.611043547339534,33.018561453909804,32.99532403697211,-5.591961029228041,0.05,0.05,0.05,0.1948135860979387,1.8351864139020613,-8.653090310689862,-0.849849774661803,0.3796319479214173,-9.38999248873309,0.05,0.14,0.1404871660555172,8.847702155478213,32.78908801898579,-0.40503366694711535
1941.63,0.0,8.933178966238435,32.53463063202599,32.5725524156882,32.77371508868326,33.16853412940311,-5.621938546090451,0.05,0.05,0.05,0.1979731437598722,1.832026856240128,-8.643085044760404,-0.9497253433208328,0.3002197253433338,-9.45482147315854,0.05,0.14,0.15,8.837331885733171,32.76235806645014,-0.4205051518450327
1941.64,0.0,8.913260631411246,32.513966713321665,32.53277475131217,32.7253389152712,33.2356329067733,-5.64,0.05,0.05,0.05,0.2011327014217968,1.8288672985782035,-8.633079778830977,-1.0496004993756536,0.2203196004994771,-9.519740324594174,0.05,0.14,0.15,8.826963035328191,32.75192832166959,-0.435912163981757
1941.65,0.0,8.89334229658406,32.45727088727822,32.49105518120473,32.97351687078213,33.1425661734567,-5.64,0.05,0.05,0.05,0.2042922590837213,1.8257077409162787,-8.62307451290155,-1.0749311639549042,0.3995043804753088,-10.053526908634945,0.05,0.14,0.15,8.816595609270932,32.76610227818044,-0.38226844987786224
1941.66,0.0,8.873423961756814,32.421862739315166,32.44805835041233,33.13015781054739,33.12485782054499,-5.62809595202395,0.05,0.05,0.05,0.2074518167456548,1.822548183254345,-8.613069246972094,-1.0999624530663563,0.5797296620777671,-10.58919649562003,0.05,0.14,0.15,8.806229612591942,32.78123418020497,-0.32834742362014857
1941.67,0.0,8.853505626929625,32.41865354161459,32.40312958260433,33.148343264183964,33.22113375156216,-5.598110944527703,0.05,0.05,0.05,0.2106113744075794,1.8193886255924203,-8.603063981042666,-1.1099750249750313,0.1660364635362039,-10.639875124875156,0.05,0.14,0.15,8.795865050344885,32.79781503499126,-0.28102288681397425
1941.68,0.0,8.85,32.39799633816911,32.370102471235626,33.06185185092557,33.26211848924464,-5.568117029257309,0.05,0.05,0.05,0.2137709320695039,1.816229067930496,-8.593058715113237,-1.119965034965038,-0.2485489510490788,-10.68982517482519,0.05,0.14,0.1495378151260534,8.785501927606475,32.773017287393735,-0.23370825960636837
1941.69,0.0,8.85,32.350892786393146,32.355114977488725,32.816699274637045,33.21929707853922,-5.538109527381817,0.05,0.05,0.05,0.2169304897314375,1.8130695102685623,-8.583053449183781,-1.0601351689611165,-0.7239299123911631,-10.65507884856065,0.05,0.14,0.14,8.775140249476713,32.685501029264536,-0.1694428330736259
1941.7,0.0,8.85,32.32341193806194,32.34950775224775,32.69053845154847,33.11771751248747,-5.5200000000000005,0.05,0.05,0.05,0.220090047393362,1.809909952606638,-8.573048183254354,-1.0000600750938864,-1.199524405506733,-10.620035043804767,0.05,0.14,0.14,8.764780021079078,32.62029391358641,-0.105117870366824
1941.71,0.0,8.85,32.3255498001998,32.3580592007992,32.743985004995004,32.9274477822178,-5.5200000000000005,0.05,0.05,0.05,0.2232496050552866,1.8067503949447128,-8.563042917324927,-0.9002496255617369,-0.8259360958565132,-10.714762855716351,0.05,0.14,0.14,8.754421247560503,32.58876044705295,-0.09611064324247073
1941.7200000000005,0.0,8.85,32.32937981541533,32.34671119980037,32.79274880019963,32.7652101122472,-5.5200000000000005,0.05,0.05,0.05,0.2264091627172201,1.80359083728278,-8.553037651395469,-0.8003994008984953,-0.4514977533693568,-10.80962056914643,0.05,0.14,0.14,8.744063934091587,32.55851248191563,-0.08715878922680104
1941.73,0.0,8.85,32.335785402843605,32.30507488151657,32.83438511848343,32.645639146919365,-5.5200000000000005,0.05,0.05,0.05,0.2295687203791447,1.8004312796208553,-8.543032385466041,-0.7950125187781641,-0.0410265398094568,-10.316239359038248,0.05,0.14,0.14,8.73370808586681,32.53022113744074,-0.20269969635541216
1941.74,0.0,8.85,32.30833569307762,32.25877050875734,32.81520227856555,32.565103923269405,-5.527896051974015,0.05,0.05,0.05,0.2327282780410692,1.7972717219589307,-8.533027119536614,-0.7900050075112686,0.3695893840759839,-9.82049574361558,0.05,0.14,0.14,8.723353708104499,32.48685310091748,-0.31874057441211673
1941.75,0.0,8.85,32.22837572643862,32.20522588824015,32.70168768306912,32.545113931609656,-5.547886056971541,0.05,0.05,0.05,0.2358878357030027,1.7941121642969973,-8.523021853607158,-0.6802471910110802,0.3051460674156382,-9.700269662921178,0.05,0.14,0.14,8.713000806047036,32.42010080733938,-0.2933755354575593
1941.76,0.0,8.85,32.14841575979985,32.15168126772311,32.588173087573004,32.525123939949964,-5.56787606196901,0.05,0.05,0.05,0.2390473933649273,1.7909526066350727,-8.513016587677729,-0.5703845193507774,0.2402272159800048,-9.580419475655392,0.05,0.14,0.14,8.702649384961093,32.35334851376148,-0.26786894903855374
1941.77,0.0,8.85,32.08692097451278,32.14373043478255,32.45235725637198,32.57082085457257,-5.556390000000073,0.05,0.05,0.05,0.2338754932047467,1.790340250377514,-8.507958497734915,-0.7296395494367952,0.3497521902377967,-9.225799749687113,0.05,0.14,0.14,8.697434895279375,32.313457380059965,-0.3864064015490528
1941.78,0.0,8.833901950975468,32.05376755122433,32.205759420289965,32.28231227886028,32.71733759620215,-5.496389999999902,0.05,0.05,0.05,0.2251074090311213,1.7908273661649377,-8.505035803010374,-0.8898397997500915,0.4598898623281879,-8.870355444304485,0.05,0.14,0.14,8.694444778793772,32.314794211644184,-0.5054497789331565
1941.79,0.0,8.813891945972987,32.05721496503502,32.20342068431559,32.21409182317691,32.77212942557434,-5.483592305770747,0.05,0.05,0.05,0.2163393248575208,1.79131448195236,-8.50211310828584,-0.7553033707863257,-0.0189213483152864,-8.75525842696613,0.05,0.14,0.14,8.691463489126441,32.31171422452547,-0.4278998890690827
1941.8,0.0,8.793881940970506,32.11707510489506,32.10187223276731,32.30281310189803,32.685546008991075,-5.5435473394953965,0.05,0.05,0.05,0.2075712406839203,1.7918015977397823,-8.499190413561307,-0.6204719101123177,-0.4983220973784261,-8.640401997503085,0.05,0.14,0.1404724409448828,8.688491035363638,32.30182661213787,-0.35015320914820103
1941.81,0.0,8.773871935967968,32.096195971043315,32.03087789316024,32.40113742386429,32.69141886170756,-5.58,0.05,0.05,0.05,0.1988031565102949,1.792288713527206,-8.496267718836764,-0.8395043804759071,-0.4401351689611162,-8.854515644556,0.05,0.14,0.15,8.685527426577107,32.30490753744385,-0.39735545434795494
1941.82,0.0,8.753861930965485,31.949825526709887,32.00737315027458,32.51438754867702,32.84099449825267,-5.58,0.05,0.05,0.05,0.1900350723366944,1.792775829314628,-8.493345024112232,-1.05977972465575,-0.3800600750938864,-9.069784730913574,0.05,0.14,0.15,8.682572671823989,32.32814518097854,-0.4449965567857908
1941.83,0.0,8.733851925963004,31.919868595041315,31.96968027047333,32.47786836964689,32.9228822539444,-5.591717929482384,0.05,0.05,0.05,0.181266988163094,1.7932629451020503,-8.490422329387698,-1.299460674156962,0.6077752808974681,-9.489056179774684,0.05,0.14,0.15,8.679626780146657,32.32257487227648,-0.564752885889128
1941.84,0.0,8.713841920960466,32.07314683195633,31.90965522664647,32.20561192086078,32.89822911094409,-5.621725431357918,0.05,0.05,0.05,0.1724989039894686,1.793750060889474,-8.487499634663155,-1.539161048689213,1.596539325843004,-9.908531835206125,0.05,0.14,0.15,8.676689760572621,32.27166077260192,-0.6845814024069082
1941.85,0.0,8.693831915957984,32.07412787366275,31.86398051231032,32.07053920915212,32.79686936582891,-5.651721209093236,0.05,0.05,0.05,0.1637308198158681,1.7942371766768963,-8.484576939938622,-1.564949924887315,1.07106159238892,-10.169479218828076,0.05,0.14,0.15,8.673761622114439,32.20137924023852,-0.5991093107933758
1941.86,0.0,8.673821910955501,31.838892857497843,31.84056345187761,32.14824127331519,32.57653611539391,-5.681698725955561,0.05,0.05,0.05,0.1549627356422676,1.7947242924643183,-8.481654245214088,-1.5899874812217931,0.5402653980979841,-10.429869804706648,0.05,0.14,0.15,8.670842373769542,32.10105842452114,-0.5129161432858187
1941.87,0.0,8.65381190595302,31.68643264558233,31.72648781626505,32.181545602409635,32.40624291666666,-5.7467166416791295,0.05,0.05,0.05,0.1461946514686671,1.7952114082517407,-8.478731550489556,-1.4702097378278671,-0.5930162297114214,-10.07562047440744,0.05,0.14,0.15,8.667932024520166,32.000177245230915,-0.4084612859613547
1941.88,0.0,8.65,31.66816959337347,31.465433599397247,32.14287090361441,32.31707624999988,-5.8666566716642885,0.05,0.05,0.05,0.1374265672950417,1.7956985240391643,-8.475808855765013,-1.3503595505615718,-1.726599250938468,-9.721063670411317,0.05,0.14,0.1495275590551171,8.665030583333191,31.89838758659625,-0.30399729322395025
1941.89,0.0,8.65,31.587455027486303,31.353547466266832,32.00720624187913,32.28596717641177,-5.963292530602029,0.05,0.05,0.05,0.1286584831214413,1.7961856398265867,-8.47288616104048,-1.250175219023764,-1.1510162703378315,-10.084360450563262,0.05,0.14,0.14,8.662138059160084,31.80854397801101,-0.2752237864582971
1941.9,0.0,8.65,31.40885432783641,31.4754665067464,31.71952008495805,32.345857231384194,-6.023247564326678,0.05,0.05,0.05,0.1198903989478408,1.796672755614009,-8.469963466315946,-1.150050062578381,-0.5702903629546094,-10.44981727158891,0.05,0.14,0.14,8.659254460936712,31.737424537731265,-0.2466780344145807
1941.91,0.0,8.65,31.35772113772452,31.58030516467064,31.56807705089819,32.35675835329343,-6.0600000000000005,0.05,0.05,0.05,0.1111223147742153,1.7971598714014323,-8.467040771591405,-0.8355505617977039,0.40828714107381,-10.744484394506912,0.05,0.14,0.14,8.656379797583257,31.715715426646696,-0.1982244184614014
1941.92,0.0,8.65,31.507222135728416,31.65825925648696,31.63108104291412,32.29055076846313,-6.0600000000000005,0.05,0.05,0.05,0.1023542306006149,1.7976469871888547,-8.464118076866871,-0.5209438202250185,1.3870636704110535,-11.039116104868636,0.05,0.14,0.14,8.653514078004122,31.771778300898156,-0.14976084359691744
1941.93,0.0,8.65,31.576990215323075,31.67039312468718,31.72754462694017,32.2588647270906,-6.036767424431716,0.05,0.05,0.05,0.0935861464270144,1.798134102976277,-8.461195382142337,-0.1456570713396497,0.1821201501892697,-11.229667083854578,0.05,0.14,0.14,8.650657311087762,31.808448173510257,0.13039998016553328
1941.94,0.0,8.65,31.519123415122667,31.57716327991985,31.87756966449679,32.28244009013521,-5.976812390706896,0.05,0.05,0.05,0.084818062253389,1.7986212187637007,-8.458272687417796,0.2298122653321385,-1.029394242805033,-11.419904881101616,0.05,0.14,0.14,8.647809505706594,31.81407411241863,0.4112579872255887
1941.95,0.0,8.65,31.52800055444551,31.545741068931044,31.897801533466605,32.31427685314684,-5.951565543071168,0.05,0.05,0.05,0.0760499780797885,1.799108334551123,-8.455349992693263,-0.0994232209738339,-1.0749213483146138,-10.930856429463097,0.05,0.14,0.14,8.644970670716889,31.8214550024975,0.23141636178778063
1941.96,0.0,8.65,31.64237617882109,31.612014795204747,31.71287645854159,32.35917195804193,-5.981528089887615,0.05,0.05,0.05,0.067281893906188,1.7995954503385452,-8.452427297968729,-0.4290112359547425,-1.119865168539283,-10.441468164794474,0.05,0.14,0.14,8.642140814958626,31.831609847652338,0.05134427130178086
1941.9700000000005,0.0,8.65,31.657938371859093,31.636572246231093,31.71158516080444,32.33576939195961,-6.0,0.05,0.05,0.05,0.061392983717715,1.8000870614823572,-8.446517540705711,-0.7992592592595507,-0.5212012012007288,-10.50486986986992,0.05,0.14,0.14,8.636419460217018,31.835466292713562,-0.12564844562199534
1941.98,0.0,8.64606733167083,31.51598862311556,31.594632547738684,32.00301229648247,32.203498035175855,-6.0,0.05,0.05,0.05,0.0696111767425158,1.8006006985464074,-8.42597205814371,-1.169629629629512,0.0793993993992088,-10.569934934934915,0.05,0.14,0.1404926624738011,8.616496603385382,31.82928287562814,-0.3026318966268213
1941.99,0.0,8.641079800498764,31.392703915422945,31.49980186567176,32.104648910447885,32.06500993532348,-5.988459229614842,0.05,0.05,0.05,0.0778293697673167,1.8011143356104573,-8.405426575581707,-1.354630369630252,0.08,-10.709720279720193,0.05,0.14,0.15,8.596584564711447,31.765541156716516,-0.34366632393827323
1942.0,0.0,8.636092269326683,31.29794769651722,31.324130223880243,31.91620114925335,31.91701988557184,-5.958444222111001,0.05,0.05,0.05,0.0860475627921409,1.8016279726745088,-8.384881093019647,-1.5394455544459036,0.08,-10.849580419580684,0.05,0.14,0.15,8.576683419543016,31.61382473880566,-0.38456466614099627
1942.01,0.0,8.631104738154617,31.23723888721804,31.23230723308276,31.785513323308223,31.82483944360902,-5.951541916167699,0.05,0.05,0.05,0.0942657558169417,1.802141609738559,-8.364335610457646,-1.5350087609511882,0.1099474342928708,-10.400788485606938,0.05,0.14,0.15,8.556793243887613,31.519974721804513,-0.4541083068692152
1942.02,0.0,8.626117206982551,31.23080279699249,31.274141819548834,31.746896781954923,31.821621398496244,-5.981482035928116,0.05,0.05,0.05,0.1024839488417426,1.802655246802609,-8.343790127895643,-1.530002503128919,0.1399849812264857,-9.950225281602716,0.05,0.14,0.15,8.53691411441886,31.518365699248125,-0.5237381420763932
1942.03,0.0,8.62112967581047,31.19188683948153,31.255481964107645,31.70711317547357,31.798830737786624,-6.01145932415521,0.05,0.05,0.05,0.1107021418665668,1.8031688838666604,-8.323244645333583,-1.1706292134830902,-0.16945817727845,-9.645533083645397,0.05,0.14,0.15,8.517046108483441,31.48832817921234,-0.416988180181338
1942.04,0.0,8.616142144638404,31.102275672981115,31.14240120638093,31.665507991026946,31.74549075772685,-6.041496871088868,0.05,0.05,0.05,0.1189203348913676,1.8036825209307104,-8.302699162771582,-0.8110786516857355,-0.4790711610483945,-9.340913857678192,0.05,0.14,0.15,8.497189304108128,31.413918907028958,-0.3101499842707487
1942.05,0.0,8.61115461346634,31.054110559720115,31.083080234882523,31.611115342328933,31.614792163918374,-6.0600000000000005,0.05,0.05,0.05,0.1271385279161684,1.8041961579947603,-8.282153680209579,-0.6702453066334693,-0.4999649561952187,-8.775989987485072,0.05,0.14,0.15,8.477343780006377,31.340774575212485,-0.3461775654090533
1942.06,0.0,8.60616708229426,31.072291469265394,31.10981686656676,31.53625277361309,31.360259430284508,-6.0600000000000005,0.05,0.05,0.05,0.1353567209409926,1.804709795058812,-8.261608197647519,-0.5300700876093349,-0.5199899874843807,-8.210282853566245,0.05,0.14,0.15,8.457509615585536,31.269655134932435,-0.38263503353972195
1942.07,0.0,8.601179551122193,31.07114951091043,31.09171863054921,31.42011389515911,31.27950134938568,-6.0600000000000005,0.05,0.05,0.05,0.1435749139657935,1.8052234321228624,-8.241062715085516,-0.4251835205992346,0.2236978776530493,-8.145113607990004,0.05,0.14,0.15,8.437686890954083,31.215620846501107,-0.4346060449858923
1942.08,0.0,8.6,31.03894484574869,31.001545568096333,31.23762079257592,31.47809678454973,-6.0600000000000005,0.05,0.05,0.05,0.1517931069905943,1.805737069186912,-8.220517232523514,-0.3203146067416728,0.967767790261464,-8.080194756554368,0.05,0.14,0.1495225603357934,8.41787568692848,31.18905199774267,-0.48658481708402723
1942.09,0.0,8.6,31.034259223301035,30.93365844660189,31.236416504854844,31.64785747572836,-6.0600000000000005,0.05,0.05,0.05,0.1600113000154185,1.806250706250964,-8.199971749961454,-0.5694370778087107,0.6357543157363277,-8.39927945959515,0.05,0.14,0.14,8.398076085040588,31.213047912621533,-0.4874312464210857
1942.1,0.0,8.6,31.07261620612401,30.90062882250432,31.518766517301763,31.77251766990304,-6.0600000000000005,0.05,0.05,0.05,0.1682294930402194,1.8067643433150136,-8.179426267399451,-0.8196247185391404,0.3005028771575518,-8.7195196397301,0.05,0.14,0.14,8.37828816754516,31.316132303958284,-0.4881238171539976
1942.11,0.0,8.6,31.089400515,30.84386975499999,31.652579499999987,31.791246684999983,-6.0600000000000005,0.05,0.05,0.05,0.1764476860650202,1.807277980379064,-8.15888078483745,-1.1941568823382451,-0.6977516862353199,-9.503235073694729,0.05,0.14,0.14,8.358512017426936,31.34427411374999,-0.39149054506587244
1942.12,0.0,8.6,31.071210515000026,30.748639755000124,31.54557950000014,31.6382366850002,-6.0600000000000005,0.05,0.05,0.05,0.184665879089821,1.807791617443114,-8.138335302275447,-1.568875843117305,-1.697002248312813,-10.28764676492556,0.05,0.14,0.14,8.338747718408346,31.25091661375012,-0.2947110649014937
1942.13,0.0,8.6,31.00059217151447,30.699975832497504,31.427811404212573,31.520671735205585,-6.048587119320984,0.05,0.05,0.05,0.1928840721146452,1.8083052545071647,-8.117789819713387,-1.814631947922115,-0.6266149223825579,-11.033880821232554,0.05,0.14,0.14,8.318995354956995,31.162262785857532,-0.3756095286018062
1942.14,0.0,8.6,30.844975320962888,30.72680632397192,31.292585727181542,31.460571434302903,-6.018632051922138,0.05,0.05,0.05,0.2011022651394461,1.808818891571216,-8.097244337151386,-2.06,0.45,-11.78,0.05,0.14,0.14,8.299255012293534,31.081234701604814,-0.4570426300468858
1942.15,0.0,8.6,30.72324287705332,30.72136332005978,31.213062140368336,31.38702368840227,-5.988651488616524,0.05,0.05,0.05,0.2093204581642469,1.8093325286352653,-8.076698854589383,-1.795330836454725,1.258988764044048,-11.899850187265784,0.05,0.14,0.14,8.279526776399072,31.011173006470926,-0.4341451285341765
1942.16,0.0,8.6,30.655069656545507,30.664907371826747,31.221583792931813,31.29222030363359,-5.958628971728788,0.05,0.05,0.05,0.2175386511890711,1.809846165699317,-8.056153372027323,-1.5306616729086977,2.067977528090396,-12.01970037453191,0.05,0.14,0.1400165107319967,8.259810734023201,30.95844528123441,-0.41124762702140216
1942.17,0.0,8.6,30.62161434717358,30.64319152076037,31.1328741570786,31.21871288644323,-5.951376467649253,0.05,0.05,0.05,0.2184079545454562,1.8068159090909128,-8.047134318181822,-1.1405855855857714,0.6471396396403184,-11.785352852852965,0.05,0.14,0.15,8.250373112702986,30.904098227863944,-0.16797433199754858
1942.18,0.0,8.57497872340428,30.64516612306153,30.678519184592293,30.88450997498752,31.180173616808407,-5.9813539845115775,0.05,0.05,0.05,0.216135227272731,1.8022704545454624,-8.043043409090917,-0.7501951951958119,-0.7792867867845334,-11.55011761761799,0.05,0.14,0.15,8.245328405122295,30.847092224862436,0.07585128331065569
1942.19,0.0,8.539934918648267,30.60718724397559,30.678016731927578,30.728361521084324,31.13342903614444,-6.0,0.05,0.05,0.05,0.2138624999999993,1.797724999999999,-8.038952499999999,-0.5703594608086456,-0.8698202695956772,-11.170758861707142,0.05,0.14,0.15,8.24028577427916,30.786748633282983,0.0882460335260336
1942.2,0.0,8.504891113892352,30.46860290662641,30.618930386546147,30.72299003514056,31.073268393574256,-6.0,0.05,0.05,0.05,0.2115897727272741,1.7931795454545485,-8.034861590909093,-0.3906290564153215,-0.9596854717923392,-10.791328007987902,0.05,0.14,0.15,8.23524522398851,30.72094793047184,0.10052501042180433
1942.21,0.0,8.469847309136439,30.38745069232691,30.51766014496386,30.72301617095725,31.040979735066227,-6.0,0.05,0.05,0.05,0.2093170454545489,1.788634090909098,-8.030770681818188,-0.3550613573754513,-0.1614024542960298,-10.011367392938627,0.05,0.14,0.15,8.230206758073008,30.66727668582856,-0.0885771998787519
1942.2200000000005,0.0,8.434803504380426,30.39707828542865,30.34971213196676,30.731574031492137,31.05274679330169,-6.0,0.05,0.05,0.05,0.2070443181818172,1.7840886363636346,-8.026679772727272,-0.32,0.64,-9.23,0.05,0.14,0.15,8.225170380363094,30.63277781054731,-0.27838671991905917
1942.23,0.0,8.39975969962451,30.404215782143748,30.271063715493696,30.67008776423765,31.05872421785625,-6.011316512615525,0.05,0.05,0.05,0.204771590909092,1.7795431818181842,-8.022588863636367,-0.3649438202246693,0.4552309612985816,-8.730624219725897,0.05,0.14,0.15,8.22013609469705,30.601022869932837,-0.34984163680917046
1942.24,0.0,8.364715894868597,30.407409017657297,30.333864013926863,30.497653046505903,31.055530982342702,-6.041294029477893,0.05,0.05,0.05,0.2024988636363668,1.7749977272727335,-8.018497954545461,-0.4098876404493387,0.2704619225971632,-8.231248439451793,0.05,0.14,0.15,8.215103904920932,30.57361426510819,-0.42129655369928165
1942.25,0.0,8.329672090112584,30.404029495084128,30.35126945509072,30.41860367605412,31.04467866688881,-6.0600000000000005,0.05,0.05,0.05,0.2002261363636351,1.7704522727272702,-8.014407045454544,-0.6447058823530148,-0.3092740926159516,-7.955344180225196,0.05,0.14,0.15,8.210073814888615,30.554645323279445,-0.4816250710644856
1942.26,0.0,8.29462828535667,30.389765205799016,30.29349908348602,30.49420440926521,31.021142589568377,-6.0600000000000005,0.05,0.05,0.05,0.1979534090909099,1.7659068181818198,-8.010316136363638,-0.88,-0.89,-7.68,0.05,0.14,0.15,8.205045828461865,30.549652822029657,-0.541925702716398
1942.27,0.0,8.259584480600756,30.375500916513904,30.235728711881315,30.5698051424763,30.997606512247945,-6.0600000000000005,0.05,0.05,0.05,0.1956806818181847,1.7613613636363694,-8.006225227272733,-1.129687890137052,-0.6902496878903585,-8.039550561797355,0.05,0.14,0.15,8.200019949510253,30.544660320779865,-0.5921326927052443
1942.28,0.0,8.25,30.311288569994613,30.184741876567887,30.63514798795797,30.911862980431035,-6.0712593703148885,0.05,0.05,0.05,0.193407954545453,1.756815909090906,-8.002134318181815,-1.3793757802748137,-0.4904993757801492,-8.399101123595731,0.05,0.14,0.1495223097112685,8.194996181911222,30.51076035373788,-0.6423396826942336
1942.29,0.0,8.25,30.164183702960244,30.145012824887075,30.68346710486708,30.722881545408782,-6.101244377811136,0.05,0.05,0.05,0.1911352272727278,1.7522704545454555,-7.9980434090909105,-1.5148310387985406,0.0043804755946482,-8.809486858573345,0.05,0.14,0.14,8.189974529550144,30.428886294530795,-0.6771804165944868
1942.3,0.0,8.25,30.09064063031512,30.13116039019508,30.706309744872453,30.56855861930973,-6.108762190547623,0.05,0.05,0.05,0.1888625000000026,1.7477250000000053,-7.993952500000005,-1.65,0.5,-9.22,0.05,0.14,0.14,8.184954996320236,30.374167346173095,-0.7119826385747279
1942.31,0.0,8.25,30.135603111555813,30.1589943071536,30.68811064532265,30.470069374687263,-6.07875468867213,0.05,0.05,0.05,0.1865897727272709,1.7431795454545418,-7.989861590909088,-1.365355805242952,0.4600499375779581,-9.654456928839704,0.05,0.14,0.14,8.179937586122636,30.36319435967983,-0.5464892290341052
1942.32,0.0,8.25,30.164529566084788,30.11507155112224,30.580993845386605,30.45038553615957,-6.0600000000000005,0.05,0.05,0.05,0.1843170454545457,1.7386340909090914,-7.985770681818183,-1.0807116104867127,0.4200998751560298,-10.088913857678175,0.05,0.14,0.14,8.174922302866445,30.327745124688303,-0.38099581949395217
1942.33,0.0,8.25,30.16773156109725,29.956039132169742,30.33123823441424,30.55711870324178,-6.0600000000000005,0.05,0.05,0.05,0.1820443181818204,1.734088636363641,-7.981679772727277,-0.9451689612014595,-0.0444180225283059,-10.604355444305543,0.05,0.14,0.14,8.16990915046866,30.253031907730755,-0.20916943733932736
1942.34,0.0,8.25,30.148194621932845,29.891395693540392,30.20903727591395,30.62786753129696,-6.0600000000000005,0.05,0.05,0.05,0.1797715909090888,1.7295431818181777,-7.97758886363636,-0.8099999999996312,-0.509999999999153,-11.119999999999386,0.05,0.14,0.14,8.164898132854237,30.219123780671037,-0.037327183072948134
1942.35,0.0,8.25,30.09139942914372,29.98141071607411,30.29583747621432,30.63965521281923,-6.0600000000000005,0.05,0.05,0.05,0.1774988636363636,1.7249977272727273,-7.973497954545454,-0.6802235039652929,-0.211994712809191,-10.903705839942155,0.05,0.14,0.14,8.159889253956136,30.252075708562842,-0.05746701111156213
1942.36,0.0,8.25,30.04813948090842,30.002765819815373,30.31520581981537,30.626538702271056,-6.071191011235971,0.05,0.05,0.05,0.1752261363636383,1.7204522727272766,-7.969407045454549,-0.5504470079309546,0.0860105743807709,-10.687411679884924,0.05,0.14,0.14,8.15488251771526,30.248162455702555,-0.07760683915017613
1942.37,0.0,8.25,30.02677686548541,29.91304283503872,30.22548283503872,30.573132163713524,-6.101153558052418,0.05,0.05,0.05,0.1729534090909131,1.7159068181818262,-7.9653161363636436,-0.4585647303987296,0.3255639489445395,-10.392162021360372,0.05,0.14,0.15,8.149877928080523,30.184608674819092,-0.11634326894177613
1942.38,0.0,8.2393994517817,29.973121635094483,29.845166490528342,30.209290797607405,30.54680432203394,-6.108864432216075,0.05,0.05,0.05,0.1706806818181815,1.711361363636363,-7.961225227272727,-0.37,0.56,-10.09,0.05,0.14,0.15,8.144875489008834,30.143595811316043,-0.15670778621706372
1942.39,0.0,8.22444804385747,29.866441674974944,29.81316250249248,30.31383715852456,30.56493991525426,-6.078849424712361,0.05,0.05,0.05,0.1692850946573463,1.7067829259580585,-7.948204061846215,-0.5298002496877132,0.3153058676656891,-9.480761548065594,0.05,0.14,0.15,8.13115694156519,30.13959531281156,-0.27712899657342316
1942.4,0.0,8.209496635933236,29.802665649044428,29.73016272524199,30.398038188136013,30.581859885827747,-6.0600000000000005,0.05,0.05,0.05,0.1682645302852496,1.7021903862836232,-7.931364749706618,-0.6896004993754266,0.0706117353313782,-8.871523096131188,0.05,0.14,0.15,8.113711349080472,30.128181612062548,-0.3975502069297827
1942.41,0.0,8.19454522800896,29.81116403574089,29.56125728964982,30.447966209977725,30.59673206254656,-6.0600000000000005,0.05,0.05,0.05,0.1672439659131499,1.6975978466091748,-7.914525437566974,-0.9747145718576962,0.0600100150225369,-9.00486479719575,0.05,0.14,0.15,8.096265922932693,30.10427989947875,-0.4720149807697705
1942.42,0.0,8.179593820084728,29.800377173144884,29.52165864714787,30.39377832407879,30.56064539121658,-6.093236979815588,0.05,0.05,0.05,0.1662234015410532,1.6930053069347393,-7.897686125427377,-1.2599825218477343,0.049862671660771,-9.140347066166417,0.05,0.14,0.15,8.07882066419952,30.069114883897033,-0.5462547268441067
1942.43,0.0,8.164642412160495,29.75500614840996,29.71394537102445,30.15287978798621,30.433174416961315,-6.1829454273610365,0.05,0.05,0.05,0.1652028371689564,1.688412767260304,-7.880846813287781,-1.2250262172284976,-0.2247940074903759,-9.834479400748403,0.05,0.14,0.15,8.061375573967787,30.013751431095486,-0.40090686819309634
1942.44,0.0,8.14969100423622,29.687443558648063,29.76878057654068,30.03046790258453,30.31686946322064,-6.24,0.05,0.05,0.05,0.1641822727968568,1.6838202275858556,-7.864007501148137,-1.1900699126091614,-0.4994506866423036,-10.528611735332367,0.05,0.14,0.15,8.04393065333374,29.95089037524848,-0.2555590095416722
1942.45,0.0,8.134739596311986,29.583208966202783,29.59647441351889,30.103857564612323,30.219016580516904,-6.24,0.05,0.05,0.05,0.16316170842476,1.67922768791142,-7.84716818900854,-1.1500300375469148,-0.4450413016270077,-10.35513141426775,0.05,0.14,0.15,8.026485903403307,29.875639381212725,-0.2740247906763548
1942.46,0.0,8.119788188387753,29.585551206380728,29.46992719840481,30.137610398803613,30.110154177467685,-6.24,0.05,0.05,0.05,0.1621411440526632,1.6746351482369848,-7.830328876868944,-1.1098926342075122,-0.3895955056189988,-10.180274656678458,0.05,0.14,0.15,8.009041325291879,29.825810745264207,-0.29277389770085666
1942.4700000000005,0.0,8.104836780463478,29.77330793619165,29.42298801595209,30.102406011964067,29.982138225323872,-6.24,0.05,0.05,0.05,0.1611205796805636,1.6700426085625364,-7.8134895647292995,-0.8951610486890371,0.4193932584273486,-10.729588014981532,0.05,0.14,0.15,7.991596920124577,29.820210047357918,-0.22165204828834043
1942.48,0.0,8.1,29.84102103025751,29.45053390847718,30.003763240810127,29.959250812703235,-6.284100000000163,0.05,0.05,0.05,0.1601000153084668,1.6654500688881009,-7.796650252589703,-0.6804294631711725,1.228382022471397,-11.278901373283048,0.05,0.14,0.15,7.9741526890365115,29.813642248062013,-0.15053019887602584
1942.49,0.0,8.1,29.69439437359344,29.61107404351084,29.7918502625657,30.12407201800446,-6.404099999999993,0.05,0.05,0.05,0.1590794509363701,1.6608575292136656,-7.779810940450107,-0.4351839799752015,1.2150112640801145,-11.699684605756795,0.05,0.14,0.15,7.956708633172583,29.80534767441861,-0.003100825171032051
1942.5,0.0,8.1,29.590856157117784,29.69157268451326,29.71925240930733,30.21655157368019,-6.513025461807442,0.05,0.05,0.05,0.1580588865642704,1.6562649895392172,-7.762971628310463,-0.1901373283400094,1.1994332084875976,-12.119410736577414,0.05,0.14,0.1494869109947498,7.939264753687741,29.804558206154642,0.14433131942666236
1942.51,0.0,8.1,29.56408607955963,29.62946610457833,29.89486411808884,30.180144268201097,-6.6028906640041045,0.05,0.05,0.05,0.1570383221921737,1.6516724498647817,-7.746132316170866,-0.4647940074907665,0.0658501872653818,-10.94088389513053,0.05,0.14,0.14,7.921821051747249,29.817140142606974,-0.00838638129776037
1942.52,0.0,8.1,29.537335305867643,29.551972799001163,29.95345550062409,30.15147897128588,-6.627162162162116,0.05,0.05,0.05,0.1560177578200769,1.6470799101903464,-7.72929300403127,-0.7394506866415236,-1.067732833956834,-9.762357053683644,0.05,0.14,0.14,7.904377528526492,29.798560644194694,-0.16110408202218315
1942.53,0.0,8.1,29.510618701622903,29.44724371036178,29.80491118102334,30.136517672908823,-6.537072072071869,0.05,0.05,0.05,0.1549971934479773,1.642487370515898,-7.712453691891625,-0.8449211514394982,-1.0849887359199284,-9.335319148935364,0.05,0.14,0.14,7.886934185211243,29.72482281647921,-0.2593561490262342
1942.54,0.0,8.1,29.4504958679338,29.35434627813897,29.77064211605827,30.11003337668828,-6.447039720209734,0.05,0.05,0.05,0.1539766290758805,1.6378948308414625,-7.695614379752029,-0.950094881398552,-1.0995955056166995,-8.909950062421816,0.05,0.14,0.1405130890052486,7.869491022997927,29.67137940970483,-0.3575314763302758
1942.55,0.0,8.1,29.330595917958963,29.282620415207592,29.94085722361183,30.062929824912448,-6.35710716962276,0.05,0.05,0.05,0.1529560647037837,1.6333022911670272,-7.678775067612432,-1.1398576779027114,-0.2906067415726514,-8.810074906366994,0.05,0.14,0.15,7.8520480430934345,29.654250845422705,-0.5204941273209112
1942.56,0.0,8.1,29.25186943538268,29.20424651442894,30.02053541781666,29.99376259473004,-6.256199999999762,0.05,0.05,0.05,0.1519355003316841,1.6287097514925786,-7.661935755472788,-1.3296204744074105,0.5183820224736961,-8.71019975031189,0.05,0.14,0.15,7.834605246715396,29.61760349058958,-0.6834567783120096
1942.57,0.0,8.1,29.246499297365112,29.11402819573392,29.938909319949737,29.88528580677531,-6.136199999999933,0.05,0.05,0.05,0.1509149359595873,1.6241172118181433,-7.645096443333191,-1.454937406109322,0.639939909864949,-8.769969954932474,0.05,0.14,0.15,7.817162635092443,29.54618065495602,-0.7291351656335578
1942.58,0.0,8.080065947242266,29.19501551020411,29.061220238924832,29.807881045296217,29.783781811846712,-6.0600000000000005,0.05,0.05,0.05,0.1485063010592349,1.620266731953708,-7.63,-1.5797353308363706,0.7597503121097835,-8.829855181023675,0.05,0.14,0.15,7.80155230733796,29.461974651567967,-0.7744401431282238
1942.59,0.0,8.050089928057554,29.06399510204066,29.072937511199616,29.591644111498,29.694304459930205,-6.0600000000000005,0.05,0.05,0.05,0.1340744272350165,1.6228438522794617,-7.63,-1.3150661672903432,0.5100624219720219,-8.685036204743772,0.05,0.14,0.15,7.801826588749563,29.35572029616712,-0.6815122692948719
1942.6,0.0,8.020113908872926,28.9841222954946,29.04189367732189,29.477502446513988,29.60137898313614,-6.070860401686144,0.05,0.05,0.05,0.1196425534108392,1.6254209726052071,-7.63,-1.0503970037450685,0.26037453183497,-8.540217228464284,0.05,0.14,0.15,7.8021284069650845,29.276224350616655,-0.5885843954617838
1942.61,0.0,7.990137889688299,28.995972282909644,28.93416651900324,29.546447827837927,29.50226999748298,-6.100614926853456,0.05,0.05,0.05,0.105210679586662,1.6279980929309532,-7.63,-0.965021276595812,0.2150112640801357,-9.029877346682968,0.05,0.14,0.15,7.802457758788951,29.24471415680845,-0.48109200857582274
1942.62,0.0,7.960161870503671,29.025586074184687,28.890605187951177,29.559697470749352,29.443146582026383,-6.140951903807519,0.05,0.05,0.05,0.0907788057624847,1.6305752132566993,-7.63,-0.8798502246633836,0.1694058911647548,-9.52054418372304,0.05,0.14,0.15,7.802814640734636,29.229758828727903,-0.3734908252356071
1942.63,0.0,7.930185851318958,29.085252491909404,28.955598964401315,29.47872161812295,29.45167035598706,-6.201072144288604,0.05,0.05,0.05,0.0763469319382663,1.6331523335824525,-7.63,-0.730074887668521,-0.4247029455815331,-10.064727908137709,0.05,0.14,0.15,7.803199049024841,29.242810857605182,-0.1790596932349872
1942.64,0.0,7.9002098321343315,29.09918459885037,28.93642318420416,29.39491002749324,29.429918095476225,-6.261044776119396,0.05,0.05,0.05,0.0619150581140891,1.6357294539081983,-7.63,-0.5802995506740842,-1.018811782326133,-10.608911632550829,0.05,0.1404831932773145,0.15,7.803610979591697,29.215108976506,0.015371438765079806
1942.65,0.0,7.870233812949704,29.03286117970521,28.7695449037744,29.30612222444407,29.355036815796204,-6.320746268656699,0.05,0.05,0.05,0.0474831842899118,1.6383065742339444,-7.63,-0.7299248873307591,-0.4952628943423428,-10.674967451176665,0.05,0.15,0.15,7.8040504280769785,29.115891280929972,-0.07931941844484158
1942.66,0.0,7.840257793764991,28.979724927536225,28.71394623188409,29.275494637681177,29.35963695652177,-6.339372647427727,0.05,0.05,0.05,0.0330513104656935,1.6408836945596976,-7.63,-0.8802241594023128,0.0311855541722323,-10.740488169365037,0.05,0.15,0.15,7.804517389832339,29.082200688405816,-0.1746190846702072
1942.67,0.0,7.810281774580363,28.94977990004997,28.85404618190905,29.347148810594707,29.5040147676162,-6.279146800501811,0.05,0.05,0.05,0.0186194366415162,1.6434608148854437,-7.63,-1.104383561643799,1.2167397260272037,-11.228657534246496,0.05,0.15,0.15,7.805011859919546,29.16374741504248,-0.29929557565521064
1942.68,0.0,7.800000000000001,28.90051182113418,28.890547429427983,29.336468793405004,29.600451666250308,-6.229499999999998,0.05,0.05,0.05,0.0041875628173389,1.6460379352111896,-7.63,-1.328542963885285,2.402293897882174,-11.716826899127955,0.05,0.15,0.15,7.805533833110754,29.18199492755437,-0.4239720666402139
1942.69,0.0,7.800000000000001,28.81711436922296,28.74406728953263,29.180365870596816,29.612212845365992,-6.199499999999955,0.05,0.05,0.05,-0.0102443110068793,1.6486150555369428,-7.63,-1.310060210737572,1.2534922227791805,-11.724984947315608,0.05,0.15,0.15,7.806083303888774,29.088440093679598,-0.29707399522142763
1942.7,0.0,7.800000000000001,28.754109999999987,28.62874879999997,29.10857960000003,29.562730399999936,-6.18,0.05,0.05,0.05,-0.0246761848310566,1.6511921758626886,-7.63,-1.2899500624220983,0.0893632958817565,-11.729622971286844,0.05,0.1494918805657438,0.1494918805657438,7.80666026644736,29.01354219999998,-0.16856834476531396
1942.71,0.0,7.800000000000001,28.727360000000026,28.568828800000063,29.18668959999992,29.40437040000016,-6.18,0.05,0.05,0.05,-0.0391080586552339,1.6537692961884347,-7.63,-1.190074906367136,-1.1840449438190157,-10.975565543071877,0.05,0.14,0.14,7.807264714691527,28.97181220000004,-0.11673270838811659
1942.7200000000005,0.0,7.800000000000001,28.692918990756905,28.540102782912832,29.148535308518472,29.247977681738607,-6.148974874371791,0.05,0.05,0.05,-0.0535399324794522,1.656346416514188,-7.63,-1.0901997503118896,-2.4574531835234072,-10.221508114854768,0.05,0.14,0.140478192327921,7.807896642237862,28.907383690981703,-0.06489707201077155
1942.73,0.0,7.800000000000001,28.64480507619288,28.566832735448404,28.903688943292625,29.09508235323513,-6.058522613065373,0.05,0.05,0.05,-0.0679718063036295,1.6589235368399338,-7.63,-0.9400375657399502,-1.370272977710305,-9.645144002003144,0.05,0.14,0.15,7.808556042414865,28.802602277042258,-0.2147447544058309
1942.74,0.0,7.800000000000001,28.559455888972423,28.58321261815454,28.770025146286493,28.97129270817713,-5.894100000000396,0.05,0.05,0.05,-0.0824036801278068,1.66150065716568,-7.63,-0.7897903145283397,-0.2787793310042633,-9.06997004493262,0.05,0.14,0.15,7.809242908263296,28.720996590397647,-0.36483228043805943
1942.75,0.0,7.800000000000001,28.407477894473462,28.58107208302076,28.83531146786704,28.899584781195227,-5.594099999999544,0.05,0.05,0.05,-0.0968355539520251,1.664077777491433,-7.63,-0.6499999999998014,0.5350000000011564,-9.049999999999972,0.05,0.14,0.15,7.809957232536553,28.680861556639123,-0.4055299044819944
1942.76,0.0,7.800000000000001,28.33563031119989,28.546714298552143,28.88304117157597,28.83572078216008,-5.34351999999981,0.05,0.05,0.05,-0.1112674277762025,1.666654897817179,-7.63,-0.5102096854716603,1.3487793310042633,-9.03002995506738,0.05,0.14,0.15,7.810699007701034,28.650276640872022,-0.4462275285258137
1942.77,0.0,7.800000000000001,28.40685680479276,28.454832121817336,28.89942326510233,28.785862236645062,-5.1835199999999615,0.05,0.05,0.05,-0.1256993016003797,1.669232018142925,-7.63,-0.3850312891114881,0.5901902377978475,-8.890035043804867,0.05,0.14,0.15,7.811468225936551,28.63674360708937,-0.34649594371390013
1942.78,0.0,7.800000000000001,28.47808329838584,28.362949945082264,28.91580535862874,28.73600369112992,-5.0235199999996585,0.05,0.05,0.05,-0.1208737718442814,1.6664899122478003,-7.622277806945161,-0.2602297128589992,-0.1702696629214338,-8.749945068664152,0.05,0.14,0.15,7.803263295736745,28.623210573306693,-0.24671075600721587
1942.79,0.0,7.800000000000001,28.518754895104887,28.341912542457592,28.89871766733263,28.68487319680317,-4.89892537313427,0.05,0.05,0.05,-0.1078734468361681,1.66148978724468,-7.611277531938296,-0.4899425717850869,-0.4399325842694499,-8.695013732834001,0.05,0.14,0.15,7.791259889250224,28.61106457542457,-0.30412556993632534
1942.8,0.0,7.800000000000001,28.503789860139857,28.4498745804196,28.82068569930069,28.63142664335664,-4.839223880597052,0.05,0.05,0.05,-0.0948731218280548,1.6564896622415597,-7.600277256931431,-0.7196554307111747,-0.709595505617466,-8.64008239700385,0.05,0.14,0.15,7.779278455781597,28.6014441958042,-0.36154038386543497
1942.81,0.0,7.800000000000001,28.4786358249999,28.468107024999664,28.73319684999976,28.62095920000016,-4.758643556895136,0.05,0.05,0.05,-0.0818727968199045,1.6514895372384248,-7.5892769819245345,-0.7849837296621186,-0.075158948685456,-8.874941176470736,0.05,0.14,0.15,7.76731909701389,28.57522472499987,-0.41390672480357005
1942.82,0.0,7.800000000000001,28.43476582499996,28.32151702499988,28.628336849999908,28.68943920000006,-4.638070836473206,0.05,0.05,0.05,-0.0688724718117912,1.6464894122353042,-7.578276706917669,-0.8501448189763255,0.5602297128589993,-9.110024968789022,0.05,0.14,0.15,7.755381915069518,28.518514724999953,-0.4662818636033577
1942.83,0.0,7.800000000000001,28.37467730000005,28.206609725000032,28.60268359999993,28.76546269999995,-4.549422355588906,0.05,0.05,0.05,-0.0558721468036779,1.6414892872321838,-7.567276431910805,-0.9949637952558158,0.789942571785087,-9.134993757802729,0.05,0.14,0.15,7.743467012510559,28.487358331249993,-0.5350225678765981
1942.84,0.0,7.800000000000001,28.284797299999923,28.14989972499995,28.722523600000105,28.85534270000008,-4.5194148537133705,0.05,0.05,0.05,-0.0428718217955277,1.6364891622290492,-7.556276156903908,-1.1397827715357176,1.0196554307118275,-9.159962546816503,0.05,0.14,0.15,7.731574492339299,28.503140831250015,-0.6037632721500344
1942.85,0.0,7.800000000000001,28.203203451725862,28.098462816408205,28.725401990995497,28.926370365182592,-4.510582063452446,0.05,0.05,0.05,-0.0298714967874144,1.6314890372259283,-7.545275881897043,-1.0700350350350465,0.5452377377378133,-9.484837337337286,0.05,0.14,0.15,7.719704457998758,28.48835965607804,-0.48184282275165036
1942.86,0.0,7.800000000000001,28.13683026513256,28.05671194097048,28.513436008003968,28.962768564282147,-4.540559580314771,0.05,0.05,0.05,-0.0168711717793011,1.626488912222808,-7.534275606890178,-1.000064951286371,0.0698576067952633,-9.81,0.05,0.14,0.15,7.707857013372867,28.41743669459729,-0.3597040607869992
1942.87,0.0,7.800000000000001,28.08863250124813,27.98742000998508,28.44589284073881,28.94286697453824,-4.570550275137545,0.05,0.05,0.05,-0.0038708467711878,1.6214887872196877,-7.523275331883313,-1.129967524356445,-0.2149288033968223,-9.81,0.05,0.14,0.15,7.696032262786966,28.366203081627567,-0.3737147825779456
1942.88,0.0,7.800000000000001,28.0736749375936,27.86775950074881,28.642477963055523,28.8200012730903,-4.600565282641344,0.05,0.05,0.05,0.0091294782369624,1.6164886622165529,-7.512275056876416,-1.2598700974268886,-0.4997152135897173,-9.81,0.05,0.14,0.1495115546218285,7.684230311008065,28.35097841862206,-0.38772550436893194
1942.89,0.0,7.800000000000001,28.07849913021865,27.823219040755387,28.69820994532821,28.67458751491069,-4.609430284857575,0.05,0.05,0.05,0.0221298032450757,1.6114885372134324,-7.501274781869552,-1.2249912390488331,-0.1699173967461409,-9.995046307884738,0.05,0.14,0.14,7.672451263245277,28.31862890780323,-0.3823014138977547
1942.9,0.0,7.800000000000001,28.11998024353872,27.91788106858834,28.49293161530843,28.4873906958253,-4.579445277361328,0.05,0.05,0.05,0.035130128253189,1.606488412210312,-7.490274506862686,-1.1898202247192144,0.1601198501871903,-10.18010486891379,0.05,0.14,0.14,7.660695225149879,28.2545459058152,-0.37680225412994495
1942.91,0.0,7.800000000000001,28.10877614494202,27.959355249119216,28.346932189229967,28.37887171615505,-4.5600000000000005,0.05,0.05,0.05,0.0481304532613392,1.6014882872071772,-7.47927423185579,-1.069970037453089,0.2400199750312741,-10.250017478152364,0.05,0.14,0.14,7.6489623028156535,28.198483824861565,-0.33428202263717766
1942.92,0.0,7.800000000000001,27.99461409159536,27.89688921992953,28.3167761751384,28.424105737292408,-4.5600000000000005,0.05,0.05,0.05,0.0611307782694525,1.5964881622040568,-7.4682739568489245,-0.950119850187304,0.3199200998751307,-10.31993008739074,0.05,0.14,0.1404837013669859,7.637252602779183,28.158096305988924,-0.29176179114453094
1942.93,0.0,7.800000000000001,27.91759059115748,27.867590283159444,28.30880395926476,28.40224637357187,-4.5600000000000005,0.05,0.05,0.05,0.0741311032775658,1.5914880372009363,-7.45727368184206,-0.72500000000032,0.0450000000003911,-10.305000000000025,0.05,0.14,0.15,7.625566232019827,28.12405780178839,-0.189834412550834
1942.94,0.0,7.800000000000001,27.90908587183307,27.899482980625983,28.341759746646847,28.256603055141348,-4.5600000000000005,0.05,0.05,0.05,0.0871314282857161,1.5864879121978015,-7.4462734068351635,-0.4999850149850102,-0.2302297702298433,-10.290064935064956,0.05,0.14,0.15,7.61390329795995,28.10173291356181,-0.08791080239733873
1942.95,0.0,7.800000000000001,27.909617315000013,27.892328789999944,28.28061734499983,28.205896570000093,-4.54950786909817,0.05,0.05,0.05,0.1001317532938294,1.581487787194681,-7.435273131828298,-0.485,-0.4600000000000001,-10.355,0.05,0.14,0.15,7.602263908465123,28.07211500499997,-0.04915901139406727
1942.96,0.0,7.800000000000001,27.927807314999985,27.808868790000066,28.035587345000177,28.340716569999906,-4.5195303522358445,0.05,0.05,0.05,0.1131320783019426,1.5764876621915604,-7.424272856821434,-0.4700149850149898,-0.6897702297701568,-10.419935064935045,0.05,0.14,0.15,7.5906481718439975,28.02824500500003,-0.010407220390795835
1942.9700000000005,0.0,7.800000000000001,27.89420342999984,27.749675854999985,27.93434876000021,28.40345976499991,-4.447777222777013,0.05,0.05,0.05,0.1261324033100929,1.5714875371884258,-7.413272581814537,-0.6500450563205429,-0.3349111389233739,-10.369987484355406,0.05,0.14,0.15,7.579056196848424,27.995421952499985,-0.11532340620180778
1942.98,0.0,7.784756249688126,27.759383429999843,27.737905854999987,28.11410876000021,28.325349764999903,-4.29792707292691,0.05,0.05,0.05,0.1289462763430916,1.566136346591336,-7.4033264168395805,-0.8300898876403928,0.0209588014975231,-10.319295880150255,0.05,0.14,0.15,7.56826613119359,27.984186952499986,-0.22046226004967207
1942.99,0.0,7.75980739484059,27.671279836024848,27.726160601242228,28.15635164223585,28.28087890683232,-4.168775969962429,0.05,0.05,0.05,0.1274463138421555,1.5606364840879037,-7.393826654333652,-0.8900149812732854,0.6601598002483761,-9.8498826466926,0.05,0.14,0.15,7.557810621649168,27.958667746583814,-0.3780930900168841
1943.0,0.0,7.734858539992984,27.674469898136653,27.71446370683227,27.92985723229761,28.30214598757769,-4.078663329161328,0.05,0.05,0.05,0.1259463513412152,1.5551366215844558,-7.384326891827697,-0.949940074906348,1.2993607990010458,-9.380469413233609,0.05,0.14,0.15,7.547356891030063,27.905234206211055,-0.5357239199845446
1943.01,0.0,7.709909685145448,27.66854465022644,27.66936317060882,27.83513185707117,28.28979623553085,-4.0200000000000005,0.05,0.05,0.05,0.1244463888402791,1.5496367590810236,-7.374827129321768,-0.9350037528146228,0.920095071303778,-9.290022516887738,0.05,0.14,0.15,7.536904946738474,27.865708978359315,-0.5049586907767709
1943.02,0.0,7.684960830297912,27.643773638651226,27.55520111726216,28.012836940110795,28.2079441972823,-4.0200000000000005,0.05,0.05,0.05,0.122946426339343,1.5441368965775912,-7.36532736681584,-0.920032459425636,0.5398451935085058,-9.200039950062322,0.05,0.14,0.15,7.52645479621636,27.854938973326618,-0.47400911101828425
1943.03,0.0,7.660011975450306,27.61434171999991,27.462328959999883,28.108898929999857,28.15601638000001,-4.030375375375396,0.05,0.05,0.05,0.1214464638384027,1.538637034074143,-7.355827604309884,-0.984951310861454,0.2302322097376814,-9.279940074906404,0.05,0.14,0.15,7.516006446945785,27.835396497499914,-0.45152348351977967
1943.04,0.0,7.63506312060277,27.57582171999997,27.41096895999996,28.045768929999944,28.16243638000001,-4.060405405405435,0.05,0.05,0.05,0.1199465013374666,1.533137171570711,-7.346327841803955,-1.0498701622970874,-0.0793807740322629,-9.35984019975026,0.05,0.14,0.15,7.505559906449278,27.79874899749997,-0.42903785602133904
1943.05,0.0,7.610114265755235,27.54237994000001,27.36795175000001,27.97973709000004,28.11916237000008,-4.069585414585397,0.05,0.05,0.05,0.1184465388365305,1.5276373090672788,-7.336828079298026,-1.0949887302779509,-0.2899474079637706,-9.290017530678742,0.05,0.14,0.15,7.495115182289904,27.752307787500037,-0.4328609457283311
1943.06,0.0,7.585165410907628,27.51883993999998,27.34120174999997,27.90804708999994,27.978992369999883,-4.039615384615334,0.05,0.05,0.05,0.1169465763355902,1.5221374465638309,-7.327328316792071,-1.139985018726573,-0.4999325842695776,-9.22,0.05,0.14,0.15,7.484672282071634,27.686770287499943,-0.43673292372192557
1943.07,0.0,7.560216556060093,27.49928997,27.297040710000005,27.835631630000005,27.871105340000003,-4.00964017991003,0.05,0.05,0.05,0.1154466138346541,1.5166375840603985,-7.317828554286143,-1.129997503121091,-0.4549887640449083,-9.22,0.05,0.14,0.15,7.474231213439685,27.6257669125,-0.438052340581084
1943.08,0.0,7.550000000000001,27.48751997,27.21893071000001,27.761801630000008,27.826165340000003,-3.979655172413783,0.05,0.05,0.05,0.113946651333718,1.511137721556966,-7.308328791780214,-1.1200099875156089,-0.410044943820239,-9.22,0.05,0.14,0.1495063025210014,7.463791984080625,27.573604412500007,-0.4393717574402425
1943.09,0.0,7.550000000000001,27.45112010486872,27.152084359550457,27.66916446441917,27.800445048689166,-3.928987246811489,0.05,0.05,0.05,0.1124466888327777,1.5056378590535182,-7.298829029274259,-0.8948873309961388,0.200305458188246,-9.340060090135394,0.05,0.14,0.14,7.453354601722727,27.51820349438188,-0.40906784852952427
1943.1,0.0,7.550000000000001,27.36669563545557,27.107200464419417,27.539856099874992,27.81220035455682,-3.838964741185268,0.05,0.05,0.05,0.1109467263318416,1.500137996550086,-7.28932926676833,-0.6699900124843914,0.8098102372034355,-9.460539325842868,0.05,0.14,0.1405285190999515,7.442919074136328,27.456488138576702,-0.3786882486972733
1943.11,0.0,7.550000000000001,27.33086831539424,27.12176219274092,27.46920123654568,27.82684960700876,-3.78,0.05,0.05,0.05,0.1094467638309055,1.4946381340466537,-7.279829504262402,-0.6649962546816504,0.7149288389513557,-9.730202247190883,0.05,0.14,0.15,7.432485409133939,27.437170337922403,-0.3263347143835573
1943.12,0.0,7.550000000000001,27.390863309136314,27.25353691113869,27.51419748185224,27.847205051314106,-3.78,0.05,0.05,0.05,0.1079468013299694,1.489138271543221,-7.270329741756473,-0.6600024968789093,0.620047440699276,-9.9998651685389,0.05,0.14,0.15,7.422053614570623,27.501450688360336,-0.2739811800698411
1943.13,0.0,7.550000000000001,27.40222706000001,27.309445220000008,27.475021300000016,27.838533470000005,-3.7697074268566855,0.05,0.05,0.05,0.1064468388290291,1.4836384090397734,-7.260829979250517,-0.5549211514391994,0.0295569461821677,-10.295221526908916,0.05,0.14,0.15,7.411623698344232,27.506306762500007,-0.13259261556175306
1943.14,0.0,7.550000000000001,27.31876706000001,27.21742522000001,27.271721300000017,27.773263470000007,-3.739699924981236,0.05,0.05,0.05,0.104946876328093,1.4781385465363412,-7.251330216744589,-0.4504792810785341,-0.5596205691461605,-10.58926110833726,0.05,0.14,0.15,7.401195668395798,27.395294262500013,0.008245393023182154
1943.15,0.0,7.550000000000001,27.249453530000025,27.140277150000028,27.20335685999989,27.72504178000001,-3.72,0.05,0.05,0.05,0.1034469138271569,1.4726386840329089,-7.24183045423866,-0.690119820269293,-0.3699051422868097,-10.21981527708484,0.05,0.14,0.15,7.39076953270964,27.32953232999999,-0.14786935652989827
1943.16,0.0,7.550000000000001,27.207723529999964,27.09212714999996,27.39809686000017,27.710061779999982,-3.72,0.05,0.05,0.05,0.1019469513262166,1.467138821529461,-7.232330691732705,-0.9297603594607332,-0.1801897154269197,-9.850369445831369,0.05,0.14,0.15,7.380345299313741,27.35200233000002,-0.3039841060834226
1943.17,0.0,7.550000000000001,27.16998356,27.042888960000003,27.508683500000007,27.723374719999995,-3.689384692346192,0.05,0.05,0.05,0.1004469888252805,1.4616389590260286,-7.222830929226776,-0.9099899849774916,0.0451126690032207,-9.865007511266882,0.05,0.14,0.15,7.369922976280124,27.361232685,-0.31855727953797536
1943.18,0.0,7.537627118644081,27.140023560000003,26.991528960000004,27.455183500000008,27.79185472,-3.5993396698350493,0.05,0.05,0.05,0.0996810902896089,1.4564919931856983,-7.214578534923352,-0.890019975031189,0.2701997503118896,-9.879830212234896,0.05,0.14,0.15,7.360804893661573,27.344647685000005,-0.33301308097453075
1943.19,0.0,7.517686939182427,27.097005279999845,26.908974179999674,27.416555429999978,27.830228129999952,-3.54,0.05,0.05,0.05,0.0992268029528675,1.451494832481543,-7.206855650198748,-0.9000074906367136,0.370074906367136,-9.794936329587935,0.05,0.14,0.15,7.352241261679768,27.313190754999862,-0.35960019188599845
1943.2,0.0,7.497746759720831,27.028525279999943,26.76559417999988,27.40692542999999,27.809898129999983,-3.54,0.05,0.05,0.05,0.0987725156161274,1.4464976717774023,-7.199132765474167,-0.90999500624221,0.4699500624220986,-9.710042446941218,0.05,0.14,0.15,7.343679193648257,27.252735754999946,-0.3861873027973904
1943.21,0.0,7.4778065802592355,26.95787524618848,26.68605085228691,27.40056,27.703261689577705,-3.54,0.05,0.05,0.05,0.0983182282793874,1.4415005110732615,-7.191409880749585,-1.155183979974853,-0.2155143929909146,-9.589909887359257,0.05,0.14,0.15,7.3351186950436755,27.186936947013272,-0.4154302122927265
1943.2200000000005,0.0,7.457866400797583,26.882993966508245,26.73097962009505,27.40056,27.42834041989456,-3.54,0.05,0.05,0.05,0.097863940942646,1.4365033503691065,-7.183686996024982,-1.3996304619224798,-0.8997203495629575,-9.469910112359525,0.05,0.14,0.15,7.326559771367251,27.11071850162446,-0.4445345462394638
1943.23,0.0,7.437926221335986,26.828389269999988,26.753818294999984,27.34297099499988,27.26567633500004,-3.50945263684068,0.05,0.05,0.05,0.0974096536059059,1.4315061896649657,-7.1759641113004005,-1.2148614232210613,-0.7598951310862084,-9.424966292134853,0.05,0.14,0.15,7.318002428144998,27.047713723749975,-0.40382672819472837
1943.24,0.0,7.41798604187439,26.81340927000001,26.73348829500001,27.17284099500012,27.32238633499996,-3.419475131217157,0.05,0.05,0.05,0.0969553662691658,1.4265090289608244,-7.16824122657582,-1.0300923845196428,-0.6200699126094593,-9.380022471910184,0.05,0.1404939569101482,0.15,7.309446670927723,27.010531223750025,-0.36311891014999226
1943.25,0.0,7.398045862412737,26.78829921059202,26.72510692980266,27.07550078940798,27.341441898576026,-3.3295052473761126,0.05,0.05,0.05,0.0965010789324244,1.4215118682566694,-7.160518341851216,-0.9849662077596568,0.1605857321659476,-9.38,0.05,0.15,0.15,7.300892505291212,26.98258720709467,-0.4291434596200694
1943.26,0.0,7.378105682951141,26.743392890332256,26.740075703222583,27.12040710966774,27.28691279540345,-3.239550224887499,0.05,0.05,0.05,0.0960467915956844,1.4165147075525284,-7.152795457126635,-0.939433258761938,0.9392045737009658,-9.38004971414369,0.05,0.15,0.15,7.292339936836452,26.97269712465651,-0.4948086882099022
1943.27,0.0,7.358165503489545,26.72491848666663,26.74110544666669,27.14008348000003,27.22407634000008,-3.186758873521068,0.05,0.05,0.05,0.0955925042589443,1.4115175468483876,-7.145072572402054,-0.6560626398211649,0.5414914243104068,-9.4049067859806,0.05,0.15,0.15,7.283788971189616,26.957545938333357,-0.35452975041441254
1943.28,0.0,7.35,26.75844515333336,26.71471211333331,27.110123479999974,27.14489633999993,-3.206755540743244,0.05,0.05,0.05,0.0951382169222029,1.4065203861442324,-7.13734968767745,-0.3726920208795862,0.1437782749187175,-9.42976385781758,0.05,0.1497205803331269,0.15,7.275239614002267,26.932044271666644,-0.21425081261852422
1943.29,0.0,7.35,26.79197182,26.688318780000003,27.08016348,27.06571634000001,-3.2267522079653634,0.05,0.05,0.05,0.0946839295854628,1.4015232254400916,-7.129626802952869,-0.4596605481519583,-0.4926049786277056,-9.634226804123903,0.05,0.14,0.15,7.266691870951575,26.906542605000002,-0.14633997401659746
1943.3,0.0,7.35,26.78513029111728,26.64103252052758,27.01508045284909,27.026139870614543,-3.229880059970005,0.05,0.05,0.05,0.0942296422487227,1.3965260647359503,-7.121903918228287,-0.5500699126092606,-1.1289812734079168,-9.84007990012487,0.05,0.14,0.15,7.258145747740302,26.866845783777123,-0.07937497666339925
1943.31,0.0,7.35,26.698870027369903,26.552642373724712,26.88089782035318,27.06447776561338,-3.199895052473716,0.05,0.05,0.05,0.0937753549119814,1.3915289040317955,-7.114181033503684,-0.5850262172285473,-0.6196179775268831,-9.880029962546912,0.05,0.14,0.15,7.249601250097024,26.799221996765294,-0.13803345074363452
1943.32,0.0,7.35,26.62607933216168,26.512555636454948,26.827259748932992,27.105040667838324,-3.1497225693576367,0.05,0.05,0.05,0.0933210675752413,1.3865317433276545,-7.106458148779102,-0.6199825218477345,-0.1102546816472971,-9.91998002496884,0.05,0.14,0.15,7.241058383776332,26.767733846346985,-0.19669192482370298
1943.33,0.0,7.35,26.58094752196839,26.571656816469968,26.939014707506846,27.15017247803161,-3.059745063734113,0.05,0.05,0.05,0.0928667802385012,1.3815345826235137,-7.098735264054521,-0.8051389236544806,0.6005331664577364,-9.829932415519442,0.05,0.14,0.15,7.232517154558834,26.810447880994204,-0.3464090821815268
1943.34,0.0,7.35,26.55708268597107,26.61197694458313,26.978039810284404,27.20598666999513,-2.9798500749624144,0.05,0.05,0.05,0.0924124929017598,1.3765374219193585,-7.091012379329918,-0.9899807321772578,1.3089210019264397,-9.74035645472073,0.05,0.14,0.15,7.223977568251362,26.838271527708432,-0.49569965221259504
1943.35,0.0,7.35,26.575245441837264,26.61518213679481,26.873336864702825,27.282911283075475,-2.91988005996992,0.05,0.05,0.05,0.0919582055650197,1.3715402612152177,-7.083289494605336,-0.9803468208092492,0.7694219653179545,-9.91858381502889,0.05,0.14,0.15,7.215439630687195,26.836668931602595,-0.4093926393813536
1943.36,0.0,7.35,26.57062179910044,26.5767209595202,26.853358470764665,27.302524257871035,-2.88,0.05,0.05,0.05,0.0915039182282796,1.3665431005110766,-7.075566609880755,-0.9707129094412406,0.2299229287094695,-10.09681117533705,0.05,0.14,0.15,7.206903347726053,26.825806371814082,-0.32308562655011214
1943.37,0.0,7.35,26.52035693153429,26.45480191904064,27.00308360819572,27.207341849075583,-2.88,0.05,0.05,0.05,0.0910496308915396,1.3615459398069358,-7.067843725156173,-1.0614686768908772,-0.4406524564581529,-10.013717182220129,0.05,0.14,0.15,7.198368725254336,26.796396076961557,-0.29640967178381716
1943.38,0.0,7.338325760223711,26.46087985518101,26.354555785268403,27.020787210986228,27.102248808988744,-2.8498426966291848,0.05,0.05,0.05,0.0905953435547982,1.3565487791027806,-7.06012084043157,-1.1600374531835111,-1.1198252184769475,-9.909925093632978,0.05,0.140528795811523,0.15,7.189835769185221,26.734617915106096,-0.27459591466914585
1943.39,0.0,7.318352723822869,26.382867370786588,26.29791658426972,26.77285712359574,26.977215101123715,-2.7599550561797184,0.05,0.05,0.05,0.0901410562180581,1.3515516183986398,-7.052397955706988,-1.1750187265917555,-1.0499126092384738,-9.879962546816488,0.05,0.15,0.15,7.181304485458905,26.607714044943943,-0.291431179932007
1943.4,0.0,7.298379687422027,26.33056,26.249010485000056,26.62142772999992,26.848956810000228,-2.6100450225111422,0.05,0.05,0.05,0.0925977555908338,1.3503711079415477,-7.041835625285951,-1.19,-0.98,-9.85,0.05,0.15,0.15,7.170740927341478,26.51248875625005,-0.3082664451948678
1943.41,0.0,7.278406651021128,26.33056,26.21584048499996,26.66636773000005,26.714136809999843,-2.3399099549769486,0.05,0.05,0.05,0.0963653489060538,1.3509093355580075,-7.029994617723831,-0.994755944930948,-0.279123904880326,-9.619712140174965,0.05,0.15,0.15,7.159264392281765,26.481726256249964,-0.35043073245841305
1943.42,0.0,7.258433614620286,26.310831156632474,26.209453534848905,26.66197452410683,26.60013584811385,-2.1199600399599707,0.05,0.05,0.05,0.1001329422212631,1.3514475631744662,-7.018153610161744,-0.7996504369538956,0.4205243445691566,-9.39026217228458,0.05,0.15,0.15,7.147791072628971,26.445598765925514,-0.3923870652918187
1943.43,0.0,7.238460578219445,26.250956062952792,26.25756744941293,26.557193110167383,26.52849957531852,-2.0000799200800587,0.05,0.05,0.05,0.1039005355364725,1.3519857907909247,-7.006312602599658,-0.6598252184771465,0.6302621722842803,-9.49513108614214,0.05,0.15,0.15,7.136320983891638,26.398554049462906,-0.35136958052660533
1943.44,0.0,7.218487541818546,26.23031009220044,26.27695654622471,26.50637009220044,26.498900622975416,-1.8005098725317732,0.05,0.05,0.05,0.1076681288516925,1.3525240184073848,-6.994471595037537,-0.52,0.84,-9.6,0.05,0.15,0.15,7.124854141673795,26.37813433840025,-0.31035209576127504
1943.45,0.0,7.198514505417704,26.290035983055056,26.23749479691005,26.566095983055057,26.55542691253425,-1.440599850037681,0.05,0.05,0.05,0.1114357221669018,1.3530622460238433,-6.982630587475451,-0.4398998748435795,0.0990738423031104,-9.610012515644552,0.05,0.15,0.15,7.113390561675755,26.4122634188886,-0.2048934201410604
1943.46,0.0,7.178541469016863,26.3191850851704,26.20589427855714,26.566980145290785,26.585162640280604,-1.1503618667333677,0.05,0.05,0.05,0.1152033154821111,1.3536004736403018,-6.970789579913365,-0.3603745318351118,-0.6400873907615261,-9.62029962546809,0.05,0.15,0.15,7.101930259694619,26.419305537324732,-0.09976973427016488
1943.4700000000005,0.0,7.158568432615964,26.28380432364728,26.190884258517027,26.44368355210416,26.55835903306612,-1.000623908160421,0.05,0.05,0.05,0.1189709087973311,1.3541387012567616,-6.958948572351245,-0.5101872659177689,-0.6750436953808128,-9.740149812734217,0.05,0.15,0.15,7.090473251625087,26.369182791833648,-0.12830695841125198
1943.48,0.0,7.15,26.22263620120125,26.16820918918921,26.3615659009009,26.55492261261259,-0.840915686764809,0.05,0.05,0.05,0.1227385021125404,1.35467692887322,-6.947107564789159,-0.66,-0.71,-9.86,0.05,0.15,0.15,7.079019553460279,26.326833475975988,-0.15684418255225827
1943.49,0.0,7.15,26.108031596596778,26.12965063063069,26.36477911411411,26.599907597597525,-0.6607805854391557,0.05,0.05,0.05,0.1265060954277498,1.3552151564896786,-6.935266557227072,-0.7350938673341443,-0.1893491864832668,-9.669762202753502,0.05,0.15,0.15,7.067569181292247,26.300592234734776,-0.26499167660499273
1943.5,0.0,7.15,26.04673306826708,26.10477153788447,26.38166153038261,26.64488153038261,-0.5301199400299522,0.05,0.05,0.05,0.1302736887429698,1.3557533841061389,-6.923425549664952,-0.8102996254684303,0.3299126092383745,-9.480012484394518,0.05,0.1494659685863677,0.15,7.056122151312814,26.294511916729192,-0.37295844548647744
1943.51,0.0,7.15,26.094895108777177,26.107982340585146,26.42661276819204,26.68983276819204,-0.500134932533705,0.05,0.05,0.05,0.1340412820581791,1.3562916117225972,-6.911584542102865,-0.9301498127342152,0.2949563046191872,-9.48500624219726,0.05,0.14,0.15,7.044678479814402,26.3298307464366,-0.4088158709804245
1943.52,0.0,7.15,26.116391108891136,26.074728451548545,26.424563936064025,26.725649750249737,-0.470140070035005,0.05,0.05,0.05,0.1378088753733884,1.3568298393390557,-6.899743534540779,-1.05,0.26,-9.49,0.05,0.14,0.15,7.033238183190571,26.33533331168836,-0.4446732964743718
1943.53,0.0,7.15,26.08325424575419,25.96676641358623,26.32622227772212,26.74275264735268,-0.4401250625312057,0.05,0.05,0.05,0.1415764686886084,1.3573680669555157,-6.887902526978659,-1.009949937421733,0.1598748435543323,-9.895506883604956,0.05,0.14,0.15,7.021801277936872,26.279748896103804,-0.35944345795771115
1943.54,0.0,7.15,26.040632649786847,25.87056461268481,26.28897189771882,26.718252464276645,-0.42,0.05,0.05,0.05,0.1453440620038177,1.357906294571974,-6.876061519416573,-0.970461922596638,0.0597253433209179,-10.299588014981378,0.05,0.14,0.15,7.01036778065169,26.229605406116782,-0.2746156062122345
1943.55,0.0,7.15,25.978401514163963,25.79867692153424,26.3780267986964,26.60773855101532,-0.42,0.05,0.05,0.05,0.1491116553190271,1.3584445221884325,-6.864220511854486,-1.1552309612980565,-0.0501373283393849,-10.134794007490925,0.05,0.14,0.15,6.998937708036814,26.19071094635248,-0.3501804761126648
1943.56,0.0,7.15,25.91312355168108,25.7378983262764,26.363703616437995,26.501349056039693,-0.4297998999500537,0.05,0.05,0.05,0.1528792486342471,1.3589827498048923,-6.852379504292366,-1.34,-0.16,-9.97,0.05,0.1400165654334831,0.15,6.987511076898293,26.129018637608787,-0.4257453460133102
1943.57,0.0,7.15,25.841701384806893,25.69952223661266,26.14090909589016,26.403276826899017,-0.4598149074537677,0.05,0.05,0.05,0.1566468419494564,1.359520977421351,-6.84053849673028,-1.139749687108949,-0.1199499374217897,-9.839837296620818,0.05,0.15,0.15,6.97608790414731,26.021352386052182,-0.3823605373885808
1943.58,0.0,7.139179458972983,25.794111113879893,25.6773811263394,26.009651188636948,26.313827685023654,-0.48,0.05,0.05,0.05,0.1597778507055805,1.36,-6.829333552116742,-0.9398251748252188,-0.0802747252746564,-9.70993756243758,0.05,0.15,0.15,6.965265660952465,25.948742778469974,-0.33900636332635387
1943.59,0.0,7.119178458922943,25.79624418141042,25.689112997757302,26.069377079491733,26.242369922750964,-0.48,0.05,0.05,0.05,0.1577583116653624,1.36,-6.823274934996087,-0.8698951048949722,-0.1901648351650437,-9.684962537462493,0.05,0.15,0.15,6.959279310635934,25.949276045352605,-0.30787537970563184
1943.6,0.0,7.09917745887296,25.76931834423755,25.68549377956719,26.06329317060897,26.17342508807248,-0.4702098950524695,0.05,0.05,0.05,0.15573877262515,1.36,-6.817216317875451,-0.7999274092613478,-0.2999574468083762,-9.65995244055054,0.05,0.15,0.15,6.953293672066937,25.922882595621548,-0.27674720659238106
1943.61,0.0,7.079176458822977,25.679927302466105,25.648875762456,25.91574410166092,26.10988205837952,-0.4402248875562224,0.05,0.05,0.05,0.1537192335849376,1.36,-6.811157700754813,-0.6547459324155421,-0.2148510638298005,-9.564833541927424,0.05,0.15,0.15,6.947308747085128,25.83860730624064,-0.25123723771862505
1943.62,0.0,7.0591754587729945,25.628916456771574,25.622592708645684,25.86043536731616,26.08324562218884,-0.3907196401799675,0.05,0.05,0.05,0.1516996945447252,1.36,-6.805099083634176,-0.5100898652021402,-0.1302845731401104,-9.47026959560642,0.05,0.15,0.15,6.9413245375363095,25.798797538730565,-0.22576358607854868
1943.63,0.0,7.039174458722955,25.655653088455807,25.61724538230884,25.99197959520256,26.13137155922045,-0.3007646176910983,0.05,0.05,0.05,0.1496801555045071,1.36,-6.799040466513522,-0.5400449326011126,-0.22514228657019,-9.560134797803338,0.05,0.15,0.15,6.935341045272414,25.849062406296916,-0.21235936177231238
1943.64,0.0,7.019173458672971,25.6725265189243,25.56836031374492,25.990985268924103,26.160830717131468,-0.2302674331417355,0.05,0.05,0.05,0.1476606164642947,1.36,-6.792981849392884,-0.5700000000000001,-0.32,-9.65,0.05,0.15,0.15,6.929358272151599,25.848175704681196,-0.19895513746611432
1943.65,0.0,6.999172458622988,25.66932930776893,25.430880234063817,25.720288057769068,26.15230482071713,-0.2002749312672278,0.05,0.05,0.05,0.1456410774240824,1.36,-6.786923232272248,-0.6901802704054949,-0.0846469704559059,-9.795217826739972,0.05,0.15,0.15,6.923376220038171,25.74320060507974,-0.24180983788668944
1943.66,0.0,6.9791714585729485,25.636551207198085,25.38574866283447,25.593022719320377,26.12313350662325,-0.18,0.05,0.05,0.05,0.1436215383838642,1.36,-6.780864615151593,-0.8100298879203084,0.1505828144460133,-9.939222914071982,0.05,0.15,0.15,6.917394890802657,25.684614023994044,-0.28472421744897675
1943.67,0.0,6.959170458522966,25.541345008747776,25.53551122219451,25.768458860285,26.05039169207696,-0.18,0.05,0.05,0.05,0.1416019993436519,1.36,-6.774805998030955,-0.8199925280199301,0.3448542963886347,-9.68019427148182,0.05,0.15,0.15,6.911414286321891,25.723926695826062,-0.3474719650601349
1943.68,0.0,6.95,25.44393930722898,25.60547385542175,25.8375768373495,26.03203644578307,-0.1316758379189931,0.05,0.05,0.05,0.1395824603034395,1.36,-6.768747380910319,-0.8299551681195516,0.539125778331256,-9.42116562889166,0.05,0.15,0.15,6.905434408478923,25.729756611445822,-0.4102197126712927
1943.69,0.0,6.95,25.341881074297124,25.506638514056164,25.68180374497982,26.128723192771144,0.0183991996000032,0.05,0.05,0.05,0.1375629212632213,1.36,-6.762688763789664,-0.8449887076537299,-0.0395633626108892,-9.649826850690523,0.05,0.15,0.15,6.899455259163107,25.664761631526062,-0.320488795196712
1943.7,0.0,6.95,25.3035314555859,25.43926890271212,25.631236327444523,26.17187732271714,0.129685157421289,0.05,0.05,0.05,0.135543382223009,1.36,-6.756630146669027,-0.8597153558051531,-0.6203445692884988,-9.880913857678191,0.05,0.149465688842335,0.15,6.893476840270167,25.63647850211492,-0.2300701619185395
1943.71,0.0,6.95,25.395116426971747,25.436074078128893,25.795237322716847,26.105850947997112,0.1596701649174935,0.05,0.05,0.05,0.1335238431827966,1.36,-6.75057152954839,-0.7648339575530735,-0.7352009987515427,-10.185533083645396,0.05,0.14,0.15,6.887499153702133,25.683069693953648,-0.14016326861180484
1943.7200000000005,0.0,6.95,25.446107458563507,25.417759713711664,25.88657878955293,26.02657896534396,0.1896575856035969,0.05,0.05,0.05,0.1315043041425785,1.36,-6.744512912427735,-0.670107634543519,-0.8499324155191857,-10.49002252816027,0.05,0.14,0.15,6.881522201367404,25.694256231793016,-0.05034109285358557
1943.73,0.0,6.95,25.41063784530384,25.36724238573577,25.82316342039171,25.91909528879951,0.2196500874781046,0.05,0.05,0.05,0.1294847651023661,1.36,-6.738454295307099,-0.8853767209010928,-0.7147634543179184,-10.535078848560694,0.05,0.14,0.15,6.875545985180835,25.63003473505771,-0.12986929655267612
1943.74,0.0,6.95,25.380905211581283,25.32844899777282,25.768054565701544,25.832306993318465,0.2496401799100015,0.05,0.05,0.05,0.1274652260621537,1.36,-6.732395678186461,-1.0997153558054225,-0.5790711610492731,-10.57937078651725,0.05,0.14,0.15,6.8695705070636555,25.57742894209353,-0.20925513486390346
1943.75,0.0,6.95,25.36289976738427,25.31362098490469,25.72992538975493,25.787822954714084,0.2796251874063338,0.05,0.05,0.05,0.1254456870219356,1.36,-6.726337061065807,-1.0048339575529384,-0.2694581772780093,-10.369632958801231,0.05,0.14,0.15,6.86359576894355,25.548567274189494,-0.24132820924550874
1943.76,0.0,6.95,25.325273901029792,25.30336,25.687645621703027,25.749755076613887,0.3096101949025673,0.05,0.05,0.05,0.1234261479817232,1.36,-6.72027844394517,-0.9100150187735144,0.0400901126410856,-10.1597897371708,0.05,0.14,0.15,6.8576217727547295,25.51650864983668,-0.2734314818203636
1943.77,0.0,6.95,25.24356578749053,25.30336,25.63604049736244,25.726102727957784,0.3395952023987718,0.05,0.05,0.05,0.1214066089415108,1.36,-6.714219826824532,-0.9400525657071293,0.2203153942427753,-9.739264080100192,0.05,0.14,0.15,6.851648520437861,25.47726725320269,-0.3659009426932401
1943.78,0.0,6.942942236460087,25.18032480413396,25.27164704784105,25.570466174362146,25.678247047841047,0.3791604197901412,0.05,0.05,0.05,0.1219685422409671,1.360328090373495,-6.706719096265054,-0.9694155844153984,0.399115884115603,-9.320269730269816,0.05,0.1405392670157148,0.15,6.844373592591357,25.425171268544553,-0.4577639827074122
1943.79,0.0,6.927925718290116,25.156780880146663,25.17176373395554,25.47486357392887,25.578363733955538,0.439130434782607,0.05,0.05,0.05,0.1284546781255078,1.361409113020918,-6.69590886979082,-0.7746103896102656,0.1044105894104019,-9.410179820179875,0.05,0.15,0.15,6.834115229485973,25.345442980496653,-0.3480931573221683
1943.8,0.0,6.912909200120145,25.133236956159365,25.071880420070027,25.3792609734956,25.478480420070028,0.4991004497750728,0.05,0.05,0.05,0.1349408140100485,1.3624901356683414,-6.685098643316586,-0.580085085085112,-0.1903003003003955,-9.499959959959948,0.05,0.1494902785076216,0.15,6.823864906631174,25.265714692448757,-0.23853540930196224
1943.81,0.0,6.897892681950132,25.13611620869573,25.027430260869664,25.33029103602492,25.43200138136655,0.5495423855964456,0.05,0.05,0.05,0.1414269498946076,1.363571158315768,-6.67428841684232,-0.6651701701703451,-0.4906006006012179,-9.459919919919836,0.05,0.14,0.15,6.813622660313871,25.231459721739213,-0.2419419489194044
1943.82,0.0,6.8828761637801605,25.195664034782613,25.101865043478263,25.38133202981367,25.50005603975156,0.5795498874718955,0.05,0.05,0.05,0.1479130857791483,1.3646521809631915,-6.663478190368086,-0.7498051948051331,-0.7897002997002048,-9.42004495504497,0.05,0.14,0.15,6.803388527010894,25.294729286956528,-0.24529720998034732
1943.83,0.0,6.8678596456101895,25.21198900755676,25.156194841309816,25.3568373602017,25.545673224181364,0.6191004497751116,0.05,0.05,0.05,0.154399221663689,1.365733203610615,-6.652667963893851,-0.684870129870181,-0.6898001998002785,-9.43502997002996,0.05,0.14,0.15,6.793162543389818,25.31767360831241,-0.23161089744033445
1943.84,0.0,6.852843127440177,25.13005449874044,25.164819526448376,25.160625773299465,25.54028279596977,0.6790704647676911,0.05,0.05,0.05,0.1608853575482481,1.3668142262580414,-6.641857737419587,-0.6200901126408297,-0.5895844806006187,-9.449834793491814,0.05,0.1405097214924066,0.15,6.782944746310059,25.248945648614516,-0.21803674215986338
1943.85,0.0,6.837826609270206,25.057250379620324,25.138133721278617,25.08279997003015,25.52497185814182,0.7390262172284535,0.05,0.05,0.05,0.1673714934327888,1.367895248905465,-6.631047510945352,-0.7102027534418027,-0.1740650813516875,-9.284628285356696,0.05,0.15,0.15,6.772735172823947,25.200788982267728,-0.31650768916443656
1943.86,0.0,6.8228100911002345,25.003803826173787,25.0365852697302,25.255966803196927,25.48862820179817,0.798951310861346,0.05,0.05,0.05,0.1738576293173295,1.3689762715528884,-6.620237284471117,-0.7998077883175407,0.2405242136794345,-9.120122316525205,0.05,0.15,0.15,6.762533860177574,25.196246025224774,-0.4146054378049785
1943.87,0.0,6.807793572930263,24.96091459311033,24.95138662506241,25.331104143784337,25.478151952071887,0.8778283712781952,0.05,0.05,0.05,0.1803437652018702,1.3700572942003115,-6.609427057996883,-0.7448901647529139,0.3902995506738714,-9.155069895157236,0.05,0.15,0.15,6.752340845811918,25.180389328507243,-0.40644828079138323
1943.88,0.0,6.800000000000001,24.940615042436328,24.90117194707934,25.19648607089355,25.523024643035484,0.9979184388291428,0.05,0.05,0.05,0.1868299010864293,1.3711383168477382,-6.598616831522618,-0.6900200300451309,0.539909864796911,-9.190100150225652,0.05,0.15,0.15,6.742156167363791,25.140324425861174,-0.398277399656004
1943.89,0.0,6.800000000000001,24.912566199151502,24.876909857748927,25.15151933616165,25.543293146992777,1.1179420579420285,0.05,0.05,0.05,0.19331603697097,1.3722193394951618,-6.587806605048384,-0.7300801201802959,0.3596394591886687,-9.39040060090148,0.05,0.15,0.15,6.731979862666987,25.121072135013716,-0.362671999207745
1943.9,0.0,6.800000000000001,24.86770470676317,24.908953780883447,25.301057644122743,25.51018109308711,1.23782217782211,0.05,0.05,0.05,0.1998021728555107,1.3733003621425852,-6.576996378574148,-0.7707690387015547,0.1774481897630231,-9.59136329588003,0.05,0.1494604504976651,0.15,6.721811969753111,25.14697430621412,-0.3269778101908496
1943.91,0.0,6.800000000000001,24.82745729485564,24.88509176411508,25.39455729485564,25.46394323713909,1.3577117162130514,0.05,0.05,0.05,0.2062883087400698,1.3743813847900117,-6.566186152099883,-0.9904943820227848,-0.5516404494392406,-9.980876404494936,0.05,0.14,0.15,6.711652526852713,25.142762397741365,-0.2660042472725099
1943.92,0.0,6.800000000000001,24.79738452195729,24.73794998243392,25.36448452195729,25.38876130489324,1.4776217836623506,0.05,0.05,0.05,0.2127744446246106,1.3754624074374353,-6.555375925625649,-1.2100901126408294,-1.2799349186482898,-10.370185231539484,0.05,0.14,0.15,6.701501572396386,25.072145082810437,-0.20510065422618068
1943.93,0.0,6.800000000000001,24.77692,24.66467293064881,25.313767964205773,25.328082505592825,1.606926536731584,0.05,0.05,0.05,0.2192605805091512,1.376543430084859,-6.544565699151415,-1.3002027534416745,-1.2148535669587908,-10.555416770963442,0.05,0.14,0.15,6.6913591450156265,25.020860850111852,-0.2140969631235372
1943.94,0.0,6.800000000000001,24.77692,24.748719661944005,25.219082406164347,25.29829379070339,1.7568515742130326,0.05,0.05,0.05,0.2257467163937104,1.3776244527322852,-6.533755472677149,-1.3893012228600563,-1.147239830297222,-10.739545794859035,0.05,0.14,0.15,6.68122528354396,25.010753964702936,-0.22318287304728043
1943.95,0.0,6.800000000000001,24.74266288855562,24.775587446276766,25.132149305347266,25.24276409795092,1.89746810107577,0.05,0.05,0.05,0.232232852278251,1.3787054753797086,-6.522945246202915,-1.1896506114300285,-0.358619915148611,-10.60977289742952,0.05,0.14,0.15,6.67110002701807,24.973290934532645,-0.2577794751929268
1943.96,0.0,6.800000000000001,24.6314385007497,24.67398824587713,25.06263406296856,25.12940077961027,2.0175581686263766,0.05,0.05,0.05,0.2387189881627917,1.3797864980271322,-6.51213501972868,-0.99,0.43,-10.48,0.05,0.14,0.15,6.660983414678654,24.874365397301414,-0.29237607733857374
1943.9700000000005,0.0,6.800000000000001,24.55633439519159,24.60719972451792,25.01643439519159,25.066635161532737,2.1657856607547368,0.05,0.05,0.05,0.2379942514371398,1.378395401149712,-6.503982754311419,-0.8096844477833933,0.3799123466064981,-10.409877285249095,0.05,0.14,0.15,6.652699212651069,24.81165091910846,-0.23722653742121402
1943.98,0.0,6.792778222177773,24.562765649887307,24.618990358126734,25.022865649887308,25.118085199098463,2.3756282787910106,0.05,0.05,0.05,0.2354948762809312,1.376395901024745,-6.4964846288427935,-0.629702871410763,0.3277802746568763,-10.339755305867689,0.05,0.14,0.15,6.644865389599926,24.830676714249954,-0.18197645582545308
1943.99,0.0,6.777779722027805,24.56454145536384,24.618812048012,24.98376633158288,25.1469136384096,2.547996011964067,0.05,0.05,0.05,0.2329955011247226,1.3743964008997782,-6.488986503374168,-0.5448089887641653,-0.3064269662912356,-10.269842696629311,0.05,0.14,0.15,6.637032334660027,24.82850836834208,-0.09810072203232567
1944.0,0.0,6.762781221877796,24.5559793148287,24.592055358839684,24.84356128031995,25.125508287071742,2.6377268195415047,0.05,0.05,0.05,0.2304961259685069,1.3723969007748056,-6.481488377905521,-0.4600150187734716,-0.9400250312891194,-10.199794743429225,0.05,0.14,0.15,6.629200050554148,24.77927606026502,-0.014342367978973425
1944.01,0.0,6.747782721727828,24.53512030969034,24.608858381618315,24.736654435564457,25.10045443556445,2.7460150375940726,0.05,0.05,0.05,0.2279967508122983,1.3703974006498387,-6.473990252436895,-0.4750337922403004,-0.9650563204005008,-9.994538172715895,0.05,0.14,0.15,6.6213685400177456,24.745271890609388,-0.04784637416311753
1944.02,0.0,6.732784221577861,24.48701841158845,24.722165074924973,24.703517572427604,25.0673175724276,2.8963909774436023,0.05,0.05,0.05,0.2254973756560896,1.368397900524872,-6.466492126968269,-0.4898951310861516,-0.9884619225968908,-9.789493133583068,0.05,0.14,0.15,6.613537805798896,24.745004657842156,-0.08143454262335902
1944.03,0.0,6.71778572142785,24.43522761523037,24.737514408817333,24.6889023146293,25.054690070140328,3.0373106723321714,0.05,0.05,0.05,0.2229980004998739,1.3663984003998992,-6.458994001499622,-0.4599325842696202,-0.5490112359544302,-9.644674157303164,0.05,0.14,0.15,6.605707850658432,24.729083602204334,-0.13898491340912392
1944.04,0.0,6.702787221277883,24.375187535070097,24.533806993987834,24.715705921843707,25.0879265430862,3.157280679830202,0.05,0.05,0.05,0.2204986253436653,1.3643989002749324,-6.451495876030996,-0.4301401752190683,-0.1101802252816593,-9.49963954943668,0.05,0.14,0.15,6.597878677370086,24.67815674849696,-0.19656061704652864
1944.05,0.0,6.687788721127915,24.32838268423621,24.431126705710096,24.73150479258175,25.11729801854563,3.370247191011421,0.05,0.05,0.05,0.2179992501874567,1.3623994001499655,-6.44399775056237,-0.5703153942428042,-0.2904055068836054,-9.139188986232789,0.05,0.14,0.15,6.590050288720426,24.65207805026842,-0.27944383962750113
1944.06,0.0,6.672790220977905,24.31062768179596,24.55018966325062,24.723149497315745,25.138186256710632,3.789722846442861,0.05,0.05,0.05,0.215499875031241,1.360399900024993,-6.436499625093723,-0.7105594405598448,-0.4701923076924467,-8.78122377622466,0.05,0.14,0.15,6.582222687508994,24.68053827476824,-0.36201964062642555
1944.07,0.0,6.657791720827937,24.29205808303432,24.611179138902983,24.73871809328561,25.139660420297208,4.144647676162113,0.05,0.05,0.05,0.2130004998750324,1.358400399900026,-6.429001499625097,-0.8703996003997269,-0.5251373626374061,-9.130874125874405,0.05,0.14,0.15,6.574395876548453,24.69540393388003,-0.35706812547565636
1944.08,0.0,6.65,24.27121748846744,24.510266786263387,24.820983598154847,25.0870104971809,4.354542728635544,0.05,0.05,0.05,0.2105011247188237,1.3564008997750592,-6.421503374156472,-1.0301201201200445,-0.5801201201200444,-9.480225225225084,0.05,0.14,0.15,6.566569858664526,24.672369592516645,-0.35211780049848174
1944.09,0.0,6.65,24.23144683999979,24.43089269999992,24.84769300999976,25.049835269999992,4.6474706029526685,0.05,0.05,0.05,0.208001749562608,1.3544013996500863,-6.4140052486878245,-1.1102002002002638,-0.6602002002002637,-9.630375375375497,0.05,0.14,0.15,6.558744636696125,24.639966954999863,-0.3479597344108229
1944.1,0.0,6.65,24.150126839999903,24.39879269999996,24.752463009999893,25.04662527,5.127830873155094,0.05,0.05,0.05,0.2055023744063994,1.3524018995251197,-6.406507123219199,-1.1901223470661564,-0.7414681647938771,-9.779912609238458,0.05,0.14,0.15,6.550920213495518,24.587001954999934,-0.34371786860483544
1944.11,0.0,6.65,24.07657167912308,24.36906393622322,24.67469154957649,24.99602742401597,5.543274181454611,0.05,0.05,0.05,0.2030029992501908,1.3504023994001528,-6.399008997750573,-1.2250786516853436,-1.1609438202241245,-9.754943820224756,0.05,0.14,0.15,6.543096591928249,24.529088647234694,-0.31561702584615586
1944.12,0.0,6.65,24.020059471848604,24.344539770802225,24.63523963129053,24.8414185550575,5.81320669832518,0.05,0.05,0.05,0.2005036240939822,1.3484028992751858,-6.3915108722819465,-1.2598397596398638,-1.5798497746623723,-9.730170255382646,0.05,0.14,0.15,6.535273774873312,24.460314357249715,-0.2874803268139846
1944.13,0.0,6.65,23.982808950137816,24.32587920821849,24.57766943122017,24.771858210974788,6.175516120970422,0.05,0.05,0.05,0.1980042489377664,1.3464033991502131,-6.384012746813299,-1.0995993990987485,-1.4296244366550768,-9.90042563845758,0.05,0.14,0.15,6.52745176522319,24.414553950137815,-0.22352321047225895
1944.14,0.0,6.65,23.98924342771236,24.320517143573035,24.47900744174385,24.895185697820192,6.745373656586068,0.05,0.05,0.05,0.1955048737815578,1.3444038990252465,-6.376514621344674,-0.9395405742823274,-1.278581772784576,-10.069900124843985,0.05,0.14,0.15,6.519630565884008,24.42098842771236,-0.1598302257622856
1944.15,0.0,6.65,23.971508939243,24.339652883466165,24.39542716633464,24.957056205179253,7.222962777916439,0.05,0.05,0.05,0.1930054986253492,1.3424043989002794,-6.369016495876048,-0.8246841448191204,-0.9240249687894588,-10.044931335830244,0.05,0.14,0.15,6.511810179775487,24.415911298555766,-0.16190601733927917
1944.16,0.0,6.65,23.900104556772767,24.413188740039985,24.3453375249003,24.88245461155364,7.492760429678128,0.05,0.05,0.05,0.1905061234691335,1.340404898775307,-6.361518370407401,-0.7097072072068369,-0.5702252252255101,-10.020180180180407,0.05,0.14,0.15,6.503990609831083,24.385271358316672,-0.163829681671993
1944.17,0.0,6.65,23.868416741629225,24.456392168915524,24.26413760619681,24.832037566216894,7.808455772114065,0.05,0.05,0.05,0.1854413375887274,1.3460782165483636,-6.356201114657273,-0.5145120120118571,-0.7203753753754945,-10.140300300300396,0.05,0.14,0.15,6.499815971604357,24.355246020739614,-0.06448731052019957
1944.18,0.0,6.640643858161724,23.928306796601643,24.429655537231408,24.11120407296367,24.83738489255372,8.228245877060928,0.05,0.05,0.05,0.1797251464774102,1.3536998046967863,-6.351437622064509,-0.320384615384581,-0.8715909090907668,-10.260139860139848,0.05,0.14,0.15,6.496580958972873,24.32663782483761,0.03456479564632152
1944.19,0.0,6.62069472844247,23.94121402241588,24.42287179078458,24.01337919302617,24.83951300124533,8.584050000000095,0.05,0.05,0.05,0.1740089553660767,1.3613213928452312,-6.346674129471731,-0.4302747252748122,-1.3261363636367234,-10.300099900099932,0.05,0.14,0.15,6.493361807020415,24.30424450186799,0.050974313855993714
1944.2,0.0,6.600745598723273,23.845273798256525,24.462313882938982,24.04322726276464,24.83418298879203,8.794050000000095,0.05,0.05,0.05,0.1682927642547594,1.3689429809936542,-6.341910636878967,-0.5400675844805582,-1.7801501877345738,-10.339857321652154,0.05,0.14,0.15,6.490158539347932,24.296249483188042,0.06733054590540531
1944.21,0.0,6.580796469004076,23.75549183979977,24.49897926408009,24.046031524405524,24.84018418523153,8.98572713643178,0.05,0.05,0.05,0.1625765731434422,1.3765645691420771,-6.337147144286202,-0.5851239048810447,-1.8802753441801,-10.244738423028906,0.05,0.14,0.15,6.486971179486398,24.285171703379227,0.04821595728351934
1944.2200000000005,0.0,6.560847339284822,23.680498097621857,24.528976760951256,23.98389385231525,24.87339569962461,9.135652173913227,0.05,0.05,0.05,0.1568603820321087,1.3841861572905216,-6.332383651693424,-0.630619225967737,-1.978022471909485,-10.148302122346529,0.05,0.14,0.15,6.4837997508960825,24.266691102628243,0.02850729367265168
1944.23,0.0,6.540898209565625,23.6093392099999,24.491387824999688,23.94969765000005,24.89136666499997,9.349412646838251,0.05,0.05,0.05,0.1511441909207915,1.3918077454389448,-6.327620159100659,-0.7854257178527092,-1.483640449438122,-9.72383270911354,0.05,0.14,0.15,6.480644276965832,24.235447837499905,-0.1391260421337235
1944.24,0.0,6.520949079846428,23.54727920999999,24.29343782499997,23.981797650000004,24.873176664999995,9.709322669332346,0.05,0.05,0.05,0.1454279998094742,1.3994293335873678,-6.322856666507896,-0.940097622027473,-0.9897221526910384,-9.30051814768428,0.05,0.14,0.15,6.477504781012262,24.173922837499987,-0.30649118714629037
1944.25,0.0,6.500999950127175,23.493930438423583,24.15261716748768,23.993127605911265,24.870694694581346,10.032840000000231,0.05,0.05,0.05,0.1397118086981408,1.4070509217358125,-6.318093173915117,-1.0051789737172496,-0.8044906132662897,-9.645949937422325,0.05,0.14,0.15,6.47438128627903,24.12759247660097,-0.295330660301327
1944.26,0.0,6.481050820407978,23.461250635467938,24.147346231527088,23.955176866995025,24.90548287192123,10.27283999999989,0.05,0.05,0.05,0.1339956175868235,1.4146725098842352,-6.313329681322353,-1.0701598002497386,-0.6214981273412992,-9.98880149812696,0.05,0.14,0.15,6.4712738159361205,24.11731415147782,-0.2842940385611782
1944.27,0.0,6.46110169068878,23.392911351351263,24.123312432432392,23.912934594594567,24.89556270270264,10.622008995501352,0.05,0.05,0.05,0.1282794264755063,1.4222940980326584,-6.308566188729588,-1.110109862671667,-0.9960299625468771,-9.689176029962498,0.05,0.14,0.15,6.468182393079031,24.081180270270217,-0.3041097879020978
1944.28,0.0,6.45,23.2264248648646,24.047636756756635,23.85888054054045,24.76258972972952,11.221709145428,0.05,0.05,0.05,0.1225632353641728,1.4299156861811029,-6.3038026961368105,-1.1502478097625162,-1.3710212765970358,-9.389624530662855,0.05,0.14,0.15,6.465107040728052,23.973882972972802,-0.3239296599954662
1944.29,0.0,6.45,23.10258986301369,23.998194520547948,23.77560520547944,24.63289506849314,11.803159647078854,0.05,0.05,0.05,0.1168470442528556,1.4375372743295258,-6.299039203544046,-1.315454317897398,-2.051872340425641,-9.139311639549398,0.05,0.14,0.15,6.462047781827538,23.877321164383556,-0.3464939109280355
1944.3,0.0,6.45,23.0847148212496,24.01392455730035,23.619734841296523,24.51134478449729,12.342530381221898,0.05,0.05,0.05,0.1111308531415383,1.4451588624779488,-6.294275710951282,-1.4794205794208068,-2.72862137862192,-8.89145854145797,0.05,0.14,0.15,6.459004639245105,23.80742975108594,-0.3686959443728657
1944.31,0.0,6.45,23.066839779485456,24.0296545940528,23.46386447711317,24.389794500501093,12.881901115366476,0.05,0.05,0.05,0.1054146620302048,1.4527804506263935,-6.289512218358504,-1.3345654345652964,-2.3839660339657054,-9.256093906094256,0.05,0.14,0.15,6.455977635770905,23.73753833778813,-0.30070582333494744
1944.32,0.0,6.45,23.06301724344569,24.064638232209727,23.355390936329588,24.335712913857662,13.331652521218473,0.05,0.05,0.05,0.0996984709188876,1.4604020387748164,-6.28474872576574,-1.1890390390387342,-2.0400700700700924,-9.620820820821082,0.05,0.14,0.15,6.452966794116897,23.704689831460666,-0.2323974648425259
1944.33,0.0,6.45,23.092939840199755,24.145856709113623,23.360734257178528,24.443647995006263,13.57129306040957,0.05,0.05,0.05,0.0939822798075704,1.4680236269232394,-6.279985233172975,-0.7085585585587841,-2.075105105105089,-10.03123123123104,0.05,0.14,0.15,6.449972136916044,23.760794700374543,-0.005288616507202075
1944.34,0.0,6.45,23.122864615384696,24.190936263736145,23.340215714285485,24.486779505494187,13.802284569138829,0.05,0.05,0.05,0.0882660886962369,1.475645215071684,-6.275221740580197,-0.230076978590354,-2.11013471253312,-10.440096223237942,0.05,0.14,0.15,6.446993686721591,23.785199024725127,0.22091451569803866
1944.35,0.0,6.45,23.15279468531472,24.148179020978976,23.256839090909008,24.372403881118764,14.012705410821727,0.05,0.05,0.05,0.0825498975849196,1.483266803220107,-6.270458247987433,-0.2493216261727375,-2.1438128458022905,-10.46415203271592,0.05,0.14,0.15,6.444031466006331,23.732554169580368,0.22159433142331125
1944.36,0.0,6.45,23.155150152614485,24.12647992994745,23.223639789842352,24.332989662246632,14.17799100449768,0.05,0.05,0.05,0.0768337064736024,1.49088839136853,-6.2656947553946685,-0.268566273755121,-2.177490979071462,-10.4882078421939,0.05,0.14,0.15,6.441085497161808,23.70956488366273,0.2222741471485845
1944.37,0.0,6.45,23.089831163372583,24.156462416812584,23.31358725043776,24.477548081060675,14.237961019490175,0.05,0.05,0.05,0.0711175153622852,1.498509979516953,-6.260931262801904,-0.4097162935969137,-1.968016657990889,-10.451457574180164,0.05,0.14,0.15,6.438155802497595,23.7593572279209,0.14752954940248642
1944.38,0.0,6.447842191617355,23.044143675513272,24.162128112168176,23.332143525287712,24.592825348022096,14.324816387709385,0.05,0.05,0.05,0.0712295269874395,1.507787004253784,-6.24934409944219,-0.5605842696629222,-1.7388764044943803,-10.409685393258426,0.05,0.14,0.15,6.429058793396152,23.782810165247817,0.06671652568268709
1944.39,0.0,6.442870282901605,23.046286890335505,24.108547741612394,23.176760450675943,24.63676125187784,14.474703972021008,0.05,0.05,0.05,0.0727578389668569,1.517466313456761,-6.236098728953906,-0.6904219725341892,-1.4891885143573285,-10.339772784020052,0.05,0.14,0.15,6.418483081918009,23.74208908362542,-0.013429469381898054
1944.4,0.0,6.437898374185854,23.01099414000008,24.045239020000054,23.090653499999952,24.642299020000056,14.606768307922952,0.05,0.05,0.05,0.0742861509462743,1.5271456226597375,-6.222853358465621,-0.8204205256566075,-1.240410513140974,-10.269809762202962,0.05,0.14,0.15,6.407932280072728,23.697296420000036,-0.09354249695096611
1944.41,0.0,6.43292646547009,22.88580413999989,23.95856901999993,23.170903500000065,24.55562901999993,14.69674581354673,0.05,0.05,0.05,0.0758144629256961,1.5368249318627425,-6.2096079879773,-1.0306833541928089,-1.4456670838548848,-10.174690863579444,0.05,0.14,0.15,6.397406511105506,23.642726419999953,-0.15720474423884712
1944.42,0.0,6.427954556754339,22.767542369407693,23.89738,23.21623795051239,24.506076550862268,14.83090773439454,0.05,0.05,0.05,0.0773427749051135,1.546504241065719,-6.196362617489016,-1.239887640449438,-1.6505168539325852,-10.07887640449438,0.05,0.14,0.15,6.386905898780693,23.596809217695586,-0.22065907792559752
1944.43,0.0,6.422982648038589,22.665917775556235,23.89738,23.17772757810552,24.54565665583599,15.069654314846936,0.05,0.05,0.05,0.0788710868845309,1.556183550268696,-6.183117247000732,-1.2149188514357327,-1.765373283395629,-9.829188514357329,0.05,0.14,0.15,6.3764305673810275,23.571670502374438,-0.23811830278006454
1944.44,0.0,6.418010739322824,22.587840669832524,23.8650414496375,23.13387977505619,24.54033955011237,15.29182914572888,0.05,0.05,0.05,0.0803993988639527,1.5658628594717003,-6.16987187651241,-1.1900100125156476,-1.8804405506885007,-9.580300375469433,0.05,0.1405348715259777,0.15,6.365980641707084,23.531775361159646,-0.2554547031098275
1944.45,0.0,6.413038830607073,22.566446018495377,23.754858995251183,23.077183949012746,24.42694789802549,15.472733668341718,0.05,0.05,0.05,0.0819277108433701,1.5755421686746771,-6.156626506024126,-1.195016270337924,-2.100715894868657,-9.73048811013772,0.05,0.15,0.15,6.355556247076645,23.456359215196198,-0.21150166560698164
1944.46,0.0,6.408066921891323,22.53941165814466,23.6674943949355,23.016642079376723,24.30403210616032,15.706660004995852,0.05,0.05,0.05,0.0834560228227875,1.585221477877654,-6.143381135535842,-1.1986966292134813,-2.320898876404496,-9.878988764044944,0.05,0.15,0.15,6.345157509323757,23.3818950596543,-0.16736828978771306
1944.4700000000005,0.0,6.403095013175558,22.49876885317744,23.635188575602584,22.94681982468945,24.158134857560054,16.066390207344774,0.05,0.05,0.05,0.0849843348022092,1.5949007870806584,-6.13013576504752,-0.909058676653678,-2.520649188514705,-9.654269662920957,0.05,0.15,0.15,6.334784554797978,23.309728027757384,-0.08334007085755978
1944.48,0.0,6.4,22.47758991790665,23.622453683940524,22.883990082093348,24.064010128270965,16.408477880529833,0.05,0.05,0.05,0.0865126467816266,1.6045800962836354,-6.116890394559236,-0.6203604505633181,-2.719529411764557,-9.430110137672123,0.05,0.1494747899159777,0.15,6.324437510363574,23.262010953052872,0.00036677983527756697
1944.49,0.0,6.4,22.518215879938445,23.67186363776297,22.843364120061555,24.13428206259623,16.70840289927491,0.05,0.05,0.05,0.088040958761044,1.6142594054866124,-6.103645024070952,-0.8005857321650077,-2.4842352941179064,-9.485178973717089,0.05,0.14,0.15,6.314116503398369,23.2919314250898,-0.07628911972243421
1944.5,0.0,6.4,22.529693951170746,23.698246975585374,22.81546925261585,24.147899147981736,16.92,0.05,0.05,0.05,0.0895692707404658,1.6239387146896167,-6.0903996535826295,-0.9790334665334643,-2.248179320679317,-9.538606393606392,0.05,0.14,0.15,6.303821661792801,23.297827331838423,-0.15267571406784008
1944.51,0.0,6.4,22.46998293971092,23.66839146985546,22.8186680568012,24.023145784753176,16.92,0.05,0.05,0.05,0.0910975827198832,1.6336180238925937,-6.0771542830943455,-0.7642482517483179,-1.8435839160840408,-9.22891608391618,0.05,0.14,0.15,6.293553113948915,23.245047062780188,-0.16948601084243015
1944.52,0.0,6.4,22.426286768690414,23.66983078273961,22.757947039638687,23.961765760160585,17.122565641410667,0.05,0.05,0.05,0.0926258946993006,1.6432973330955705,-6.0639089126060615,-0.5499874874874907,-1.4395120120121343,-8.919724724724794,0.05,0.14,0.15,6.283310988779013,23.203957587807327,-0.18634248247528964
1944.53,0.0,6.4,22.4230654942298,23.750362644255,22.535679101856203,24.06055151028613,17.812738184546998,0.05,0.05,0.05,0.0941542066787223,1.6529766422985748,-6.050663542117739,-0.5449824824824769,-1.2443168168166,-8.809614614614492,0.05,0.14,0.15,6.273095415704495,23.192414687656782,-0.22162272256230373
