t_s,ICU_Brakpresr_bar,ICU_Speed_kmh,ICU_Speedfl_kmh,ICU_Speedfr_kmh,ICU_Speedrl_kmh,ICU_Speedrr_kmh,ICU_SteeringAngle_deg,SBG_GPS1_VELOCITY_ACC_D,SBG_GPS1_VELOCITY_ACC_E,SBG_GPS1_VELOCITY_ACC_N,GPS1_VEL_D_ms,GPS1_VEL_E_ms,GPS1_VEL_N_ms,IMU_ACCEL_X_ms2,IMU_ACCEL_Y_ms2,IMU_ACCEL_Z_ms2,SBG_VELOCITY_ACC_D,SBG_VELOCITY_ACC_E,SBG_VELOCITY_ACC_N,GPS1_VEL_MAG_ms,WHEEL_SPEED_kmh,IMU_ACCEL_LONG_ms2
3324.270000000001,0.0,18.50940094456873,68.81426265667919,68.9569416129838,69.40728577777773,69.96119204993774,-5.64,0.0788414710367762,0.0788414710367762,0.0788414710367762,-0.2837805945148677,-2.961158528963224,18.394939123478093,0.1569612015020919,-0.873474342932754,-9.672155193991632,0.07,0.2,0.18,18.633914688436775,69.28492052434461,0.10607798600632279
3324.2800000000007,0.0,18.5193437733035,68.87410785018716,68.99327619475649,69.31217466666685,70.23263274906314,-5.64,0.0793414835370883,0.0793414835370883,0.0793414835370883,-0.2907807695192363,-2.960658516462912,18.40143928598215,0.1362147315855326,0.1919126092356123,-9.891410736578695,0.07,0.2,0.18,18.640359977820005,69.35304786516842,0.021509943014298736
3324.290000000001,0.0,18.52928660203827,68.83870768654877,69.05380625904644,69.35670571499844,70.26752806089358,-5.594790000000189,0.0798414960374003,0.0798414960374003,0.0798414960374003,-0.297780944523605,-2.9601585039625995,18.407939448486204,0.1312209737827844,1.170689138574245,-10.091161048688624,0.07,0.2,0.18,18.6468079466336,69.37918693037182,-0.05171385717420929
3324.3000000000006,0.0,18.53922943077304,68.77248357873752,69.12216662839998,69.44642869977497,70.22587096081877,-5.534790000000189,0.0796405263157905,0.0796405263157905,0.0796405263157905,-0.2956863157894865,-2.9635947368420945,18.406405263157904,0.6216896120132297,0.3358473091403289,-10.189168961201323,0.07,0.2,0.18,18.645805932519792,69.39173746693281,0.21463745788584082
3324.310000000001,0.0,18.54917225950786,68.89589256928856,69.01536013982508,69.29107656429443,70.22196908364545,-5.249416458852556,0.0791142105263143,0.0791142105263143,0.0791142105263143,-0.2893705263157721,-2.9688578947368565,18.401142105263144,1.2725031289128457,-1.0859299123942163,-10.254250312891283,0.07,0.2,0.18,18.641348751598684,69.35607458926337,0.5908843595521355
3324.3200000000006,0.0,18.559115088242624,69.08184013483168,68.8507858576777,69.05490178277125,70.23051839700375,-4.890314214464322,0.0785878947368411,0.0785878947368411,0.0785878947368411,-0.2830547368420936,-2.9741210526315887,18.395878947368413,1.4565034965035015,-1.6761038961039458,-9.925454545454476,0.07,0.2,0.18,18.636895617725276,69.3045115430711,0.664284243484438
3324.330000000001,0.0,18.5690579169774,69.0989242693837,68.99450620278326,69.06908073558647,70.23266,-4.687865168539576,0.0780615789473679,0.0780615789473679,0.0780615789473679,-0.2767389473684151,-2.979384210526321,18.39061578947368,1.4914685314684264,-2.000779220778245,-9.470909090910457,0.07,0.2,0.18,18.632446533801264,69.34879280193836,0.6409968209654329
3324.3400000000006,0.0,18.57900074571216,69.05957039264422,69.24126564612276,69.16693361829006,70.23266,-4.538052434457131,0.0775352631578947,0.0775352631578947,0.0775352631578947,-0.2704231578947365,-2.984647368421053,18.385352631578947,0.932290362956704,-1.6069086357972535,-8.69010262828891,0.07,0.2,0.18,18.6280015027285,69.42510741426426,0.2940914781280301
3324.350000000001,0.0,18.58894357444693,68.99594224294376,69.14216928427481,69.24432677923367,70.2573201562499,-4.23049673858636,0.0770089473684215,0.0770089473684215,0.0770089473684215,-0.264107368421058,-2.989910526315785,18.38008947368421,0.181351689615262,-0.9811264080127184,-7.803994993746009,0.07,0.2,0.18,18.62356052740897,69.40993961567554,-0.15726197656030444
3324.3600000000006,0.0,18.59888640318169,68.92367409778248,68.91997170362971,69.31443766633043,70.2907576562499,-3.869232313098289,0.0764826315789482,0.0764826315789482,0.0764826315789482,-0.2577915789473794,-2.995173684210517,18.374826315789484,0.1515106117344993,-0.4474357053703893,-7.752873907614586,0.07,0.2,0.18,18.619123610744765,69.36221028099814,-0.23051489237157835
3324.370000000001,0.0,18.6,68.82664996491266,68.7835651679202,69.25008516792019,70.2561619197997,-3.757544731610543,0.075956315789475,0.075956315789475,0.075956315789475,-0.2514757894737009,-3.000436842105249,18.36956315789475,0.3512609238444243,0.0569338327071714,-7.967605493132756,0.07,0.2,0.18,18.614690755638087,69.27911555513819,-0.18338378690268964
3324.380000000001,0.0,18.6,68.72152715789458,68.67522431578932,69.14174431578931,70.1993097894736,-3.7277236580516977,0.0754299999999988,0.0754299999999988,0.0754299999999988,-0.2451599999999864,-3.005700000000011,18.36429999999999,0.3394443053815931,-0.0281602002507736,-8.557431789738361,0.0614653361344547,0.2,0.18,18.610261964991242,69.1844513947367,-0.08924014488198144
3324.390000000001,0.0,18.6,68.5849514849998,68.56952368999987,69.36717445000042,70.03381173499974,-3.675372647427898,0.0749036842105256,0.0749036842105256,0.0749036842105256,-0.2388442105263079,-3.010963157894744,18.35903684210525,0.2593441802251726,-0.303504380475969,-9.268320400501592,0.06,0.2,0.18,18.605837241706684,69.13886533999997,0.020076855496209675
3324.4000000000005,0.0,18.6,68.4383614849998,68.46466368999987,69.69887445000043,69.83372173499974,-3.6151468005019822,0.0743773684210524,0.0743773684210524,0.0743773684210524,-0.2325284210526293,-3.0162263157894755,18.353773684210523,-1.1194682975533947,-1.1690189715425243,-11.704518222665545,0.06,0.2,0.18,18.60141658868692,69.10890533999996,0.015734635264281094
3324.4100000000008,0.0,18.6,68.45276835436769,68.47549122494429,69.46888282603342,69.7492487750557,-3.6673481629589406,0.0738510526315792,0.0738510526315792,0.0738510526315792,-0.2262126315789508,-3.021489473684208,18.348510526315792,-2.911779830250945,-2.222438841735235,-14.690039940083748,0.06,0.2,0.18,18.597000008834538,69.03659779510028,-0.024795721786568747
3324.420000000001,0.0,18.6,68.51843526849768,68.52315269487735,69.06005332838535,69.70158730512264,-3.757325668582336,0.073324736842106,0.073324736842106,0.073324736842106,-0.2198968421052722,-3.02675263157894,18.34324736842106,-2.453387581375887,-2.173562844267708,-14.145070105163182,0.0685301837269847,0.2,0.18,18.592587505052226,68.95080714922076,0.04158414249131037
3324.4300000000007,0.0,18.6,68.21937768474291,68.53325010844894,68.98878837326592,69.79584848928073,-3.847488721803898,0.0727984210526328,0.0727984210526328,0.0727984210526328,-0.2135810526315937,-3.032015789473672,18.33798421052633,-1.2666074111216257,-1.767954431649163,-12.457538808219358,0.07,0.2,0.18,18.58817908024274,68.88431616393461,0.14256301287803114
3324.440000000001,0.0,18.6,67.79083796216769,68.53001177301385,69.03736340479207,69.94049413871417,-3.9377142857141294,0.0722721052631566,0.0722721052631566,0.0722721052631566,-0.2072652631578793,-3.037278947368434,18.33272105263157,-1.0254531835205614,-0.5753358302131464,-10.485652933834013,0.07,0.2,0.18,18.583774737308893,68.82467681967194,-0.19888797778234513
3324.4500000000007,0.0,18.6,67.46264304606183,67.98148811292576,68.94433813273871,69.67877150569511,-4.275235484673915,0.0717457894736834,0.0717457894736834,0.0717457894736834,-0.2009494736842007,-3.0425421052631663,18.32745789473683,-1.0853782771533689,0.8678601747769652,-8.42323096130489,0.07,0.2,0.18,18.579374479153614,68.51681019935536,-0.6812049031067939
3324.460000000001,0.0,18.6,67.16692239227329,67.25649554234742,68.80548721644374,69.28553723130248,-4.693874906552673,0.0712194736842102,0.0712194736842102,0.0712194736842102,-0.1946336842105222,-3.047805263157898,18.3221947368421,-1.3232991239036964,1.0118397997507915,-7.673992490614572,0.07,0.2,0.18,18.574978308679842,68.12861059559174,-0.889463672433406
3324.4700000000007,0.0,18.595436931789955,67.03111017358499,67.12493584905651,68.85930329056589,69.40951424905624,-4.934470853139144,0.0706931578947369,0.0706931578947369,0.0706931578947369,-0.1883178947368436,-3.05306842105263,18.31693157894737,-1.618668335417997,0.7364956195255961,-7.348585732166614,0.07,0.2,0.18,18.570586228790578,68.1062158905659,-1.0092698093991177
3324.480000000001,0.0,18.59046897511054,66.95250891572348,67.20569056603752,68.98205046037702,69.71853563270355,-5.114605954464797,0.0701668421052637,0.0701668421052637,0.0701668421052637,-0.1820021052631651,-3.0583315789473624,18.31166842105264,-2.80360299624857,-0.41330087390167,-8.572991260916695,0.07,0.2,0.18,18.566198242388865,68.2146963937104,-1.1023343654673836
3324.4900000000007,0.0,18.585501018431128,66.96423234716963,67.25983175849036,68.85317885283112,69.65416120251655,-5.362263395090738,0.0702906382978714,0.0702906382978714,0.0702906382978714,-0.182615744680843,-3.0634876595744576,18.29488680851068,-4.271767790256519,-1.841515605487634,-10.29084394506205,0.07,0.2,0.18,18.550503725958183,68.1828510402519,-1.186884627815296
3324.500000000001,0.0,18.580533061751684,67.00622479999998,67.30505439999999,68.63998640000005,69.46465680000004,-5.632669003504639,0.070716170212767,0.070716170212767,0.070716170212767,-0.1864455319149036,-3.068594042553205,18.27275914893611,-3.869269086356264,-2.258125156445708,-11.111181476846946,0.07,0.2,0.18,18.529564437659953,68.10398060000001,-0.884248281982585
3324.5100000000007,0.0,18.575565105072272,66.99237087882825,67.29739567909456,68.34502398801628,69.02236462050648,-5.7,0.0711417021276602,0.0711417021276602,0.0711417021276602,-0.1902753191489425,-3.073700425531924,18.250631489361663,-2.8630112640787315,-2.348237797246681,-11.641844806008232,0.07,0.2,0.18,18.508630115799274,67.9142887916114,-0.45664694620863827
3324.520000000001,0.0,18.570597148392856,66.96102600532627,67.2731746404794,68.02445141810962,68.50089990679164,-5.7,0.0715672340425535,0.0715672340425535,0.0715672340425535,-0.1941051063829813,-3.0788068085106417,18.22850382978722,-2.135528942115256,-1.1474675648689658,-11.084927644709854,0.07,0.2,0.18,18.487700777247092,67.68988799267673,-0.4214875643335382
3324.5300000000007,0.0,18.56562919171344,66.92968113182428,67.24895360186423,67.70387884820296,67.97943519307682,-5.7,0.0719927659574466,0.0719927659574466,0.0719927659574466,-0.1979348936170202,-3.0839131914893603,18.20637617021277,-1.496806387225442,0.4643088822357986,-10.181734031935978,0.07,0.2,0.18,18.46677643894691,67.46548719374208,-0.5112783892691259
3324.540000000001,0.0,18.56066123503403,66.91477614518149,67.23415306633294,67.52875526908662,67.89193389236534,-5.722447447447303,0.0724182978723399,0.0724182978723399,0.0724182978723399,-0.201764680851059,-3.089019574468079,18.184248510638323,-0.946873747495853,0.5500350701409609,-9.47615230461028,0.07,0.2,0.18,18.445857117915068,67.3924045932416,-0.4422960575211584
3324.5500000000006,0.0,18.55569327835461,66.9051340926158,67.2223683354193,67.40019456821057,67.94335817271576,-5.752477477477342,0.0728438297872331,0.0728438297872331,0.0728438297872331,-0.2055944680850979,-3.0941259574467974,18.16212085106388,-0.4258316633286677,0.1392134268552957,-8.834869739481437,0.07,0.2,0.18,18.424942831241093,67.36776379224035,-0.3216519498079011
3324.560000000001,0.0,18.550725321675174,66.99617462939884,67.23577558772153,67.67375726977878,68.16432730222172,-5.827370786516797,0.0732693617021287,0.0732693617021287,0.0732693617021287,-0.2094242553191585,-3.099232340425545,18.139993191489307,-0.269697877652873,-0.9751210986287528,-8.827722846442244,0.07,0.2,0.18,18.404033596087952,67.51750869728022,-0.1544281942018059
3324.5700000000006,0.0,18.55,67.11900966808098,67.2571382031445,68.0743063089597,68.43883691040705,-5.917258426966009,0.0736948936170219,0.0736948936170219,0.0736948936170219,-0.2132540425531973,-3.1043387234042634,18.11786553191486,-0.229747815230888,-2.313448189765251,-9.022479400749422,0.07,0.2,0.18,18.383129429692893,67.72232277264806,0.027626128266986558
3324.580000000001,0.0,18.55,67.04938191952026,67.08349515621119,67.7850172156966,68.35192198950283,-5.94,0.0741204255319151,0.0741204255319151,0.0741204255319151,-0.2170838297872362,-3.109445106382981,18.09573787234041,-0.318279999999969,-2.076780000000178,-8.884780000000058,0.0614645669291367,0.1914645669291367,0.1714645669291367,18.362230349367128,67.56745407023271,-0.047553583916432884
3324.5900000000006,0.0,18.55,66.91780481379698,66.84708425893604,67.27368504873948,68.1486728018002,-5.94,0.0745459574468083,0.0745459574468083,0.0745459574468083,-0.220913617021275,-3.1145514893617,18.073610212765963,-0.4482799999995994,-1.3317800000022957,-8.639780000000755,0.06,0.19,0.17,18.341336372496656,67.29681173081818,-0.20575592103965318
3324.600000000001,0.0,18.55,66.71821168792292,66.7351888072021,67.29779849962408,68.1532911927979,-6.097067199599753,0.0749714893617015,0.0749714893617015,0.0749714893617015,-0.2247434042553139,-3.1196578723404187,18.05148255319152,-1.1074799999968672,-0.1823200000048314,-8.292720000001434,0.06,0.19,0.17,18.320447516542536,67.22612254688676,-0.5991769004102632
3324.6100000000006,0.0,18.55,66.49666630157647,66.6634808802204,67.49472773193203,68.2249991197796,-6.3069098176360265,0.0753970212765947,0.0753970212765947,0.0753970212765947,-0.2285731914893527,-3.1247642553191373,18.02935489361707,-1.937479999996868,1.0976799999951683,-7.912720000001435,0.06,0.19,0.17,18.299563799041266,67.21996850837712,-1.068515007703542
3324.620000000001,0.0,18.55,66.31806393000082,66.47441554000113,67.57667710999978,68.2562207349999,-6.427196401798653,0.0758225531914879,0.0758225531914879,0.0758225531914879,-0.2324029787233916,-3.1298706382978554,18.007227234042624,-2.245839999999472,0.8052000000030194,-7.525160000001472,0.06,0.19,0.17,18.278685237605163,67.15634432875041,-1.2003080499718322
3324.630000000001,0.0,18.55,66.15328392999989,66.24757553999986,67.62161711000003,68.27441073500002,-6.5171514242877775,0.0762480851063835,0.0762480851063835,0.0762480851063835,-0.2362327659574522,-3.134977021276604,17.98509957446805,-2.385840000000268,0.0051999999984719,-7.135159999999255,0.06,0.19,0.17,18.25781184992263,67.07422182874994,-1.2231579760130278
3324.640000000001,0.0,18.55,66.10021842618036,65.96424476142894,67.43358330252313,68.06611288033977,-6.5847264551585125,0.0766736170212767,0.0766736170212767,0.0766736170212767,-0.240062553191491,-3.1400834042553214,17.962971914893608,-2.713378607810027,-0.9271137521226928,-7.483735144312666,0.06,0.19,0.17,18.23694365375901,66.89103984261806,-1.1834536449521385
3324.6500000000005,0.0,18.55,66.0831112565576,65.66273089682768,67.1705605695731,67.78491377966554,-6.644681488883162,0.07709914893617,0.07709914893617,0.07709914893617,-0.2438923404255299,-3.14518978723404,17.94084425531916,-3.101445549356701,-1.902131942758712,-8.07068639340201,0.06,0.19,0.17,18.216080666956273,66.67532912565599,-1.123559844668077
3324.6600000000008,0.0,18.55,66.07892,65.7424314851482,67.15331123762367,67.61123945544576,-6.66,0.0775246808510632,0.0775246808510632,0.0775246808510632,-0.2477221276595687,-3.1502961702127585,17.918716595744712,-2.93653061224626,-1.4572384396832376,-8.89587961766675,0.06,0.19,0.178329341317364,18.195222907433873,66.6464755445544,-0.9895561776482347
3324.670000000001,0.0,18.55,66.07892,65.9458374257422,67.21581618811871,67.47245727722799,-6.66,0.0779502127659564,0.0779502127659564,0.0779502127659564,-0.2515519148936076,-3.155402553191477,17.896588936170268,-2.528367346940902,-0.3877473521109711,-9.82587186772959,0.06,0.19,0.18,18.17437039318903,66.67825772277223,-0.8229527060380422
3324.6800000000007,0.0,18.55,66.02339655068101,66.12427116490115,67.09515776096882,67.38491570347979,-6.838652021965853,0.0783757446808496,0.0783757446808496,0.0783757446808496,-0.2553817021276465,-3.1605089361701952,17.87446127659582,-2.4072584269664548,0.4006367041160577,-10.258464419474166,0.06,0.19,0.18,18.15352314229711,66.65693529500768,-0.798793010549886
3324.690000000001,0.0,18.55,65.94785444276341,66.29370132123063,66.9084608371153,67.3158486333837,-7.078292561158655,0.0788012765957452,0.0788012765957452,0.0788012765957452,-0.259211489361707,-3.165615319148943,17.852333617021248,-2.377295880149796,1.0997627965047694,-10.533121098626872,0.06,0.19,0.18,18.132681172911923,66.61646630862325,-0.8198624982587843
3324.7000000000007,0.0,18.55,66.02005329368032,66.29344399504336,66.71219983147456,67.3027083023544,-7.206891891891892,0.0792268085106384,0.0792268085106384,0.0792268085106384,-0.2630412765957459,-3.170721702127661,17.8302059574468,-1.536808510637845,0.7057021276592678,-11.0317446808513,0.06,0.19,0.18,18.11184450326658,66.58210135563816,-0.4211733830307427
3324.710000000001,0.0,18.55,66.14097522676573,66.23722590334576,66.51278471375474,67.30801189591078,-7.296981981981754,0.0796523404255316,0.0796523404255316,0.0796523404255316,-0.2668710638297847,-3.17582808510638,17.808078297872353,-0.4354317897370632,-0.0402302878598981,-11.602458072590794,0.06,0.19,0.18,18.09101315167319,66.54974943494426,0.11262639950034614
3324.7200000000007,0.0,18.55,66.15561963140627,66.10642664478699,66.64238021711638,67.11656229235096,-7.27533000000019,0.0798954225955777,0.0798954225955777,0.0798954225955777,-0.2676992971027122,-3.179686267786733,17.78518943939658,0.061205992508786,-0.0645992509367175,-11.156299625469622,0.06,0.19,0.18,18.069173502693598,66.50524719641516,0.21442012642834773
3324.730000000001,0.0,18.55,66.13184785660196,65.94866850290393,66.89090331734312,66.85399223428531,-7.215330000000191,0.0793239613692224,0.0793239613692224,0.0793239613692224,-0.2551271501228988,-3.1779718841076683,17.758902222984243,0.365825218475557,0.1401448189753744,-10.387260923848595,0.06,0.19,0.18,18.042815836903713,66.45635297778358,0.1790419700884563
3324.7400000000007,0.0,18.55,65.97048585268502,65.72775535081249,66.80055471660508,66.85950223220935,-7.33380928607007,0.0787525001428671,0.0787525001428671,0.0787525001428671,-0.2425550031430854,-3.1762575004286027,17.732615006571905,-0.2747138215403065,-0.093616595849328,-8.747883029251442,0.06,0.19,0.18,18.016466901417655,66.33957453807798,-0.2598575360093691
3324.750000000001,0.0,18.55,65.76423366791474,65.48623724843901,66.59964585268378,66.95247601498144,-7.513539690464161,0.0781810389165085,0.0781810389165085,0.0781810389165085,-0.2299828561632006,-3.174543116749528,17.70632779015942,-1.219477630594011,-0.4685228692833377,-6.828362909269312,0.06,0.19,0.18,17.990126734595357,66.20064819600475,-0.8286413100135914
3324.7600000000007,0.0,18.55,65.6236571534837,65.3863437292338,66.61910471113319,67.14944054054064,-7.582250562640608,0.0776095776901532,0.0776095776901532,0.0776095776901532,-0.2174107091833872,-3.172828733070462,17.680040573747082,-1.6314853713431796,-0.3255813953483929,-7.123750937735881,0.06,0.19,0.18,17.963795375009376,66.19463653359784,-0.9371615895540547
3324.770000000001,0.0,18.50869999999995,65.50479774361534,65.33328149268543,66.71143300272736,67.38079189189156,-7.612258064516058,0.0770381164637978,0.0770381164637978,0.0770381164637978,-0.2048385622035739,-3.1711143493913965,17.653753357334747,-1.871545386346779,-0.0155038759687435,-8.13400350087603,0.06,0.19,0.18,17.93747286144538,66.23257603272992,-0.8971312174447751
3324.7800000000007,0.0,18.45869999999998,65.61192313470156,65.3215828943415,66.50669924887413,67.12468452679131,-7.62,0.0764666552374425,0.0764666552374425,0.0764666552374425,-0.1922664152237606,-3.169399965712331,17.627466140922408,-2.145872340425035,0.4955319148926143,-9.48965957446553,0.06,0.19,0.18,17.91115923290411,66.14122245117713,-0.8372318332343541
3324.790000000001,0.0,18.408700000000007,65.80052603905791,65.32479771657485,66.19486149223947,66.6928267401117,-7.62,0.0758951940110871,0.0758951940110871,0.0758951940110871,-0.1796942682439472,-3.1676855820332657,17.601178924510073,-2.431229036293971,1.071251564452748,-10.956493116388309,0.06,0.19,0.18,17.88485452860265,66.00325299699598,-0.7709370697157883
3324.8000000000006,0.0,18.35870000000004,65.8284850867926,65.40748652075416,66.19103338867872,66.61305430943374,-7.642237762237616,0.0753237327847318,0.0753237327847318,0.0753237327847318,-0.1671221212641339,-3.1659711983542,17.574891708097734,-2.4014531835213035,1.2479026217225755,-12.62901123594563,0.06,0.19,0.18,17.85855878797577,66.0100148264148,-0.5261899532292194
3324.810000000001,0.0,18.30869999999978,65.79941338867927,65.5183896654087,66.2965528855345,66.65827695094336,-7.672207792207721,0.0747522715583732,0.0747522715583732,0.0747522715583732,-0.154549974284249,-3.164256814675125,17.54860449168525,-2.2716154806491144,1.2978401997503406,-14.366838951311856,0.06,0.19,0.18,17.832272050677247,66.06815822264144,-0.2247801001577744
3324.8200000000006,0.0,18.25869999999981,65.73390255403727,65.45667871304349,66.2765932621118,66.53788221118015,-7.68,0.0741808103320179,0.0741808103320179,0.0741808103320179,-0.1419778273044357,-3.1625424309960595,17.52231727527291,-1.7217974999995564,0.2433349999990861,-14.668959999999895,0.06,0.19,0.171517996870079,17.80599435658183,66.00126418509318,0.11523349430696272
3324.830000000001,0.0,18.20869999999984,65.65627770931665,65.33758306086939,66.21491872795022,66.3624287950308,-7.68,0.0736093491056625,0.0736093491056625,0.0736093491056625,-0.1294056803246223,-3.160828047316994,17.496030058860576,-1.0367974999995564,-1.166665000000914,-14.508959999999895,0.06,0.19,0.17,17.779725745785814,65.89280207329176,0.46767274776661205
3324.8400000000006,0.0,18.158699999999865,65.53883609597598,65.20059200699822,66.28875874031495,66.40251142714324,-7.546866566717425,0.0730378878793072,0.0730378878793072,0.0730378878793072,-0.1168335333448089,-3.1591136636379287,17.469742842448237,-0.7035700000003304,-1.2452250000005258,-13.320120000002284,0.06,0.19,0.17,17.753466258609027,65.8576745676081,0.40782864316051126
3324.850000000001,0.0,18.108699999999896,65.4072589902527,65.05724784303953,66.41070825293652,66.51911227693053,-7.366956521740198,0.0724664266529519,0.0724664266529519,0.0724664266529519,-0.1042613863649956,-3.157399279958863,17.443455626035902,-0.4835700000009557,-0.8952250000015205,-11.800120000006602,0.06,0.19,0.17,17.727215935596178,65.84858184078982,0.21527998113384555
3324.8600000000006,0.0,18.058699999999924,65.0774396098063,64.81434486243218,66.24849813907045,66.48576889945002,-7.275671082229795,0.0718949654265965,0.0718949654265965,0.0718949654265965,-0.0916892393851822,-3.155684896279797,17.417168409623564,-0.8315473209784194,0.8605883825611604,-10.350368052086324,0.06,0.19,0.17,17.700974817518283,65.65651287768975,-0.30355700786849715
3324.870000000001,0.0,18.01290789342378,64.67705941971177,64.53600569284774,65.98514646323287,66.39905554277179,-7.215686078480695,0.0713235042002412,0.0713235042002412,0.0713235042002412,-0.0791170924053689,-3.153970512600732,17.39088119321123,-1.362343515269355,3.068900851262128,-8.923227341021073,0.06,0.19,0.17,17.67474294537416,65.39931677964104,-0.9274187260456574
3324.880000000001,0.0,17.968002195389438,64.49903684210521,64.26059578947351,66.06608000000013,66.31251789473679,-7.177856071964035,0.0707520429738826,0.0707520429738826,0.0707520429738826,-0.0665449454254841,-3.152256128921657,17.36459397679874,-2.1802821473149443,3.133490636704736,-8.743088639200783,0.06,0.19,0.17,17.648520360391714,65.2845576315789,-1.236076882951711
3324.890000000001,0.0,17.923096497355353,64.39975023696677,63.98622312796192,66.26892360189585,66.22604246445492,-7.147871064467831,0.0701805817475273,0.0701805817475273,0.0701805817475273,-0.0539727984456707,-3.1505417452425912,17.338306760386406,-3.0891460674151032,2.519258426966716,-8.957820224718953,0.06,0.19,0.17,17.622307104030085,65.22023485781986,-1.4449240372379333
3324.9000000000005,0.0,17.878190799321267,64.39140373999996,63.86061954000011,66.14302798000037,66.24073823999993,-7.162042341220306,0.07,0.07,0.07,-0.0664865765787806,-3.1422828790482304,17.325790661299038,-3.3895844806006616,0.7555719649580099,-9.824793491863916,0.06,0.19,0.17,17.608559969400726,65.15894737500008,-1.231216105987735
3324.9100000000008,0.0,17.83328510128718,64.4160137399999,63.78892954000031,65.89799798000107,66.29209823999977,-7.191930261519128,0.07,0.07,0.07,-0.0905897587116402,-3.1310005384754023,17.31963665735022,-3.494715894868464,-1.3770938673316857,-10.901138923653315,0.06,0.19,0.17,17.60060183115754,65.09875987500027,-0.8818663176890658
3324.920000000001,0.0,17.7883794032531,64.34565044216876,63.79418853359968,65.47573991006925,65.85842889832851,-7.22195488721784,0.07,0.07,0.07,-0.1146929408444997,-3.1197181979025745,17.313482653401405,-3.361337975628364,-1.5311216115403463,-11.734205421535446,0.06,0.19,0.17,17.59268250422986,64.86850194604155,-0.6949838665506187
3324.9300000000007,0.0,17.743473705219014,64.24086902822901,63.82733367474388,64.98925477392045,65.24898598051571,-7.252030075187745,0.07,0.07,0.07,-0.1387961229773593,-3.108435857329747,17.30732864945259,-3.152434717732518,-1.0586023377283138,-12.490236259634695,0.06,0.19,0.17,17.58480204105378,64.57661086435226,-0.5595476229003862
3324.940000000001,0.0,17.698568007184672,64.18613824649289,63.95243116232509,64.79943372745468,64.9320322444884,-7.193965560269786,0.07,0.07,0.07,-0.162899305110356,-3.0971535167568547,17.30117464550374,-2.2898647971938297,0.507741612422138,-12.008637956933775,0.06,0.19,0.17,17.576960493901844,64.46750884519025,-0.5056381894503148
3324.9500000000007,0.0,17.653662309150587,64.14968534068134,64.11110851703415,64.717950761523,64.72189196392775,-7.104122785126401,0.07,0.07,0.07,-0.1870024872432155,-3.085871176184027,17.295020641554924,-1.2082423635443758,2.440640961443847,-11.11229344015946,0.06,0.19,0.17,17.569157914881675,64.42515914579157,-0.4790494894591699
3324.960000000001,0.0,17.6087566111165,63.99507788,64.044956465,64.66180558,64.65785139500001,-7.123977955911583,0.07,0.07,0.07,-0.2111056693760751,-3.074588835611199,17.28886663760611,-0.6546679980032949,2.1803894158769617,-9.78621567648643,0.06,0.19,0.1784662236987603,17.561394355934194,64.33992283,-0.4667731988300087
3324.9700000000007,0.0,17.6,63.79819788,63.89836646500001,64.61472558000001,64.646081395,-7.184098196392584,0.07,0.07,0.07,-0.2352088515089347,-3.063306495038371,17.282712633657294,-0.2752371442845933,1.1968647029482222,-8.318417373943031,0.06,0.19,0.18,17.55366986883227,64.23934283000001,-0.45921695809680446
3324.980000000001,0.0,17.6,63.796692554306986,63.74561468164824,64.60625535580525,64.76418895880118,-7.111806145391424,0.07,0.07,0.07,-0.2593120336417943,-3.052024154465544,17.27655862970848,-0.4510630811745184,-0.0137798441760655,-7.309989947226832,0.06,0.1814656084656352,0.1714656084656352,17.545984505179156,64.22818788764042,-0.5449895943793355
3324.9900000000007,0.0,17.6,63.86508706117323,63.5906583770294,64.61159867665417,64.92876324094809,-6.991896077942124,0.07,0.07,0.07,-0.2834152157746539,-3.040741813892715,17.270404625759664,-0.8129630560418912,-1.3005353103711688,-6.455503895456646,0.06,0.18,0.17,17.53833831640697,64.24902683895121,-0.662037995857252
3325.000000000001,0.0,17.6,63.74989878121872,63.41135120879114,64.62165054945056,64.83680499500493,-6.84987246811701,0.07,0.07,0.07,-0.3075183979076505,-3.029459473319823,17.264250621810813,-1.0289538077401543,-0.9045468164803316,-6.610312109862196,0.06,0.18,0.17,17.530731353775117,64.15492638361633,-0.7523198089757462
3325.0100000000007,0.0,17.6,63.56818049950049,63.22321934065933,64.6334087912088,64.65187992007992,-6.6998349587397605,0.07,0.07,0.07,-0.3316215800405101,-3.018177132746996,17.258096617861998,-1.1987415730335909,0.0242921348308198,-7.084719101123269,0.06,0.18,0.17,17.52316366836894,64.01917213786213,-0.8341258294659981
3325.020000000001,0.0,17.6,63.56595998666442,63.27359367894644,64.61462562427073,64.65036672778794,-6.66,0.07,0.07,0.07,-0.3557247621733697,-3.006894792174168,17.251942613913183,-1.5886558197743266,1.0231063829778546,-8.029952440549756,0.06,0.18,0.17,17.51563531109794,64.02613650441738,-0.9258767321885492
3325.0300000000007,0.0,17.6,63.62945723620599,63.41128996166017,64.58466063010503,64.71600433405563,-6.66,0.07,0.07,0.07,-0.3798279443062293,-2.99561245160134,17.245788609964368,-2.0492315394237446,2.044382978722216,-9.126322903628262,0.06,0.18,0.17,17.508146332694434,64.0853530405067,-1.0208199815193655
3325.040000000001,0.0,17.6,63.69295448574754,63.54898624437389,64.55469563593935,64.78164194032331,-6.66,0.07,0.07,0.07,-0.4039311264390889,-2.984330111028512,17.239634606015553,-1.807273408241167,1.228027465672331,-10.414044943815966,0.06,0.18,0.17,17.50069678371198,64.14456957659603,-0.6597959550778694
3325.0500000000006,0.0,17.6,63.76479053736544,63.57641705073735,64.57567242689316,64.72711072231971,-6.68194354234305,0.07,0.07,0.07,-0.4280343085719484,-2.973047770455684,17.233480602066738,-1.3428539325869095,-0.1702247190931753,-11.762359550554134,0.06,0.18,0.17,17.49328671452385,64.16099768432892,-0.1543872942400792
3325.060000000001,0.0,17.6,63.83967181704578,63.56358025993501,64.61525253186706,64.62869532616841,-6.711921059205545,0.07,0.07,0.07,-0.4521374907049451,-2.961765429882792,17.227326598117887,-1.188302453680594,-0.6161392088130335,-11.801907861793197,0.06,0.18,0.17,17.485916175321492,64.16179998375407,-0.05013286265032296
3325.0700000000006,0.0,17.5883619399261,63.783288286852695,63.440781713147565,64.40352593625528,64.55161223107577,-6.676170000000116,0.07,0.07,0.07,-0.4762406728378047,-2.950483089309964,17.221172594169072,-1.1332198297447422,-0.7563495242861108,-11.421337005509129,0.06,0.18,0.17,17.478585216113146,64.04480204183282,-0.07465052843239095
3325.080000000001,0.0,17.573393373914737,63.67884605577712,63.277723944223474,64.0997908764947,64.48233932270931,-6.616170000000117,0.07,0.07,0.07,-0.5003438549706642,-2.939200748737136,17.215018590220257,-1.2148813982519022,0.3751435705333585,-10.627877652935924,0.06,0.18,0.17,17.471293886722094,63.884675049801146,-0.33981191423492985
3325.0900000000006,0.0,17.558424807903375,63.463584101279416,63.13484115317169,64.18685957382719,64.50439126096745,-6.621920480119958,0.0700922523063078,0.0700922523063078,0.0700922523063078,-0.5193542338558453,-2.9279704492612284,17.20584864621615,-1.339725343320605,1.9082272159770337,-9.704032459427522,0.06,0.18,0.17,17.460926877129666,63.822419022311436,-0.6809660537291853
3325.100000000001,0.0,17.543456241892013,63.206075953874375,62.999649375784045,64.42290870894848,64.56125764351941,-6.651927981995408,0.0705922648066198,0.0705922648066198,0.0705922648066198,-0.515854146353661,-2.9169701742543634,17.183348083702107,-1.6278723404248123,1.824931163956213,-9.024931163956213,0.06,0.18,0.17,17.436807960847325,63.797472920531575,-0.8718443403464717
3325.1100000000006,0.0,17.52848767588065,63.00375711572191,62.79061825043848,64.34317193701666,64.64453218195408,-6.681908091907989,0.0710922773069319,0.0710922773069319,0.0710922773069319,-0.5123540588514767,-2.905969899247498,17.160847521188064,-1.9682978723396,1.2241802252830596,-8.42418022528306,0.06,0.18,0.17,17.41269236454893,63.69551987128278,-1.0146145156462172
3325.120000000001,0.0,17.51351910986929,62.821902579355886,62.55420735316265,64.14634114471461,64.73759891527081,-6.7118781218780095,0.0715922898072439,0.0715922898072439,0.0715922898072439,-0.5088539713492923,-2.894969624240633,17.138346958674024,-2.2624812780817734,0.43496754868033,-9.16786819769884,0.06,0.18,0.17,17.38858010204758,63.56501249812599,-0.9187931814684054
3325.130000000001,0.0,17.498550543857842,62.76559797449361,62.52056877719436,63.97284534133511,64.47725762940681,-6.72,0.0720923023075588,0.0720923023075588,0.0720923023075588,-0.5053538838470881,-2.883969349233705,17.115846396159853,-2.542061907139248,-0.4137593609584322,-10.33611582626043,0.06,0.18,0.17,17.364471187231043,63.43406743060747,-0.747627160085149
3325.140000000001,0.0,17.48358197784648,62.75596556639159,62.56230921230311,63.808024136033886,64.08553969992468,-6.72,0.0725923148078709,0.0725923148078709,0.0725923148078709,-0.5018537963449037,-2.872969074226841,17.09334583364581,-2.5455583375063724,-0.1385828743123125,-11.385718577865456,0.06,0.18,0.17,17.340365634062803,63.302959653663315,-0.6185697287818848
3325.1500000000005,0.0,17.46861341183512,62.67296180500016,62.51037423500013,63.6697722000002,63.855470165000256,-6.72,0.0730923273081829,0.0730923273081829,0.0730923273081829,-0.4983537088427194,-2.861968799219975,17.07084527113177,-2.460430645969147,0.4973710565834309,-12.397235853778373,0.06,0.18,0.17,17.31626345658173,63.17714460125019,-0.5030293217708737
3325.1600000000008,0.0,17.453644845823757,62.56275180500048,62.42370423500037,63.54137220000055,63.68534016500074,-6.72,0.073592339808495,0.073592339808495,0.073592339808495,-0.494853621340535,-2.85096852421311,17.048344708617726,-2.1515605493142176,0.9004868913850217,-12.055530586768285,0.06,0.18,0.17,17.292164668903133,63.053292101250534,-0.4929353079644758
3325.170000000001,0.0,17.45,62.51347939167301,62.36367405634526,63.45682084268291,63.59105769134906,-6.72,0.074092352308807,0.074092352308807,0.074092352308807,-0.4913535338383507,-2.839968249206245,17.025844146103683,-1.77203495630536,1.230074906366398,-11.286491885145072,0.06,0.18,0.17,17.268069285219124,62.98125799551256,-0.5161401551705178
3325.1800000000007,0.0,17.45,62.48680275243089,62.31352197457008,63.38852864622309,63.52489962602861,-6.72,0.0745923648091191,0.0745923648091191,0.0745923648091191,-0.4878534463361663,-2.82896797419938,17.003343583589643,-1.2856070087631737,0.4605381727206816,-10.459111389240157,0.06,0.18,0.17,17.243977319799132,62.92843824981317,-0.3979834671975112
3325.190000000001,0.0,17.45,62.461586653306576,62.208860801603024,63.28041326653288,63.5462278557115,-6.6763718140930255,0.075092377309434,0.075092377309434,0.075092377309434,-0.4843533588339621,-2.8179676991924523,16.980843021075472,-0.7649561952449624,-0.6608635794723885,-9.613053817273064,0.06,0.18,0.17,17.21988878699027,62.8742721442885,-0.23457242637701528
3325.2000000000007,0.0,17.45,62.43692733466936,62.08341991983977,63.15711667334678,63.600907214428815,-6.616401799100617,0.075592389809746,0.075592389809746,0.075592389809746,-0.4808532713317777,-2.806967424185588,16.95834245856143,-0.7994007490631956,-0.7554182272165001,-8.84830212234874,0.06,0.18,0.17,17.195803701218413,62.81959278557118,-0.35204393224873265
3325.210000000001,0.0,17.45,62.36104819655787,62.07261633823892,62.95492515340514,63.430803716637904,-6.534631342164707,0.0760924023100581,0.0760924023100581,0.0760924023100581,-0.4773531838295933,-2.795967149178722,16.935841896047386,-1.009138576778617,-0.5257053682900863,-8.109225967542017,0.06,0.18,0.17,17.171722076987876,62.70484835120996,-0.5582151897083878
3325.2200000000007,0.0,17.45,62.26603198303829,62.10464427538035,62.72325640808212,63.17671541531588,-6.444653836541057,0.0765924148103701,0.0765924148103701,0.0765924148103701,-0.473853096327409,-2.784966874171857,16.913341333533346,-1.0903379224029193,0.610788485603994,-8.335769712139044,0.06,0.18,0.17,17.14764392888251,62.567662020454165,-0.6693754683997446
3325.230000000001,0.0,17.45,62.179632233009855,62.072643953199005,62.88506456061682,63.149628653223694,-6.332945291032043,0.0770924273106822,0.0770924273106822,0.0770924273106822,-0.4703530088252247,-2.773966599164992,16.890840771019302,-1.1303879849811296,2.037571964952734,-8.871439299122606,0.06,0.18,0.17,17.123569271566073,62.57174235001234,-0.7501196911814678
3325.2400000000007,0.0,17.45,62.09652543689341,62.01617395070962,63.19724778192605,63.20929507094832,-6.213035223582744,0.0775924398109942,0.0775924398109942,0.0775924398109942,-0.4668529213230403,-2.7629663241581266,16.86834020850526,-1.394282147314376,1.7082397003784395,-9.265667915104572,0.06,0.18,0.17,17.099498119782783,62.62981056011935,-0.7448333703135687
3325.250000000001,0.0,17.45,62.09435823204423,61.993931933701646,63.154805082872734,63.191717127071776,-5.984531601298717,0.0780924523113091,0.0780924523113091,0.0780924523113091,-0.4633528338208361,-2.751966049151199,16.84583964599109,-1.7288639200994529,0.824344569289506,-9.615230961297936,0.06,0.18,0.17,17.075430488357707,62.60870309392259,-0.7123795093452318
3325.2600000000007,0.0,17.45,62.124453661476586,61.98533323957812,62.97100799598225,63.14334947262691,-5.714733949537794,0.0785924648116211,0.0785924648116211,0.0785924648116211,-0.4598527463186517,-2.740965774144334,16.823339083477048,-1.536958698373728,-0.5693867334134813,-10.553254067582102,0.06,0.18,0.17,17.051366392197835,62.556036092415965,-0.361049566706136
3325.270000000001,0.0,17.413160784705177,62.113479761075226,61.89041485316111,62.85164234942782,63.04439573917403,-5.488056042031825,0.0790924773119332,0.0790924773119332,0.0790924773119332,-0.4563526588164673,-2.729965499137469,16.800838520963005,-1.176508135169836,-2.1263329161414046,-11.679662077594264,0.06,0.18,0.17,17.027305846291835,62.47498317570955,0.09236281792106918
3325.2800000000007,0.0,17.36324314880446,62.0868495968144,61.76259006470914,62.75683896465928,62.92615780985596,-5.277898423818564,0.0795924898122452,0.0795924898122452,0.0795924898122452,-0.452852571314283,-2.718965224130604,16.778337958448965,-1.260786516853424,-1.6384769038727285,-11.44523096129988,0.06,0.18,0.17,17.003248865711132,62.383109109009695,-0.022147051486527403
3325.290000000001,0.0,17.313325512903745,61.9652960409901,61.65732270932288,62.75964949262675,62.81750383904047,-4.894137931036731,0.0799051257724562,0.0799051257724562,0.0799051257724562,-0.449525628862281,-2.7087666350419304,16.755825533988073,-1.4855056179770896,-0.5048938826489038,-10.78106117353438,0.06,0.18,0.17,16.97931622002391,62.29994302049505,-0.3160007905917831
3325.3000000000006,0.0,17.26340787700303,61.80590588852811,61.56104677830557,62.80136906273425,62.71267004748829,-4.444362818593663,0.079392292110055,0.079392292110055,0.079392292110055,-0.4469614605502754,-2.702099797430716,16.733260852842424,-1.4603430145220553,1.1469278918330457,-10.04722834251573,0.06,0.18,0.17,16.955917451785414,62.22024794426406,-0.5903703810110623
3325.310000000001,0.0,17.21349024110203,61.624554060393656,61.42518852008932,62.85143897179953,62.77203199401091,-4.254917541229423,0.078879458447651,0.078879458447651,0.078879458447651,-0.4443972922382552,-2.695432959819464,16.710696171696647,-1.3551852779166496,2.9646544817264875,-9.291094141210191,0.06,0.18,0.17,16.932519432647545,62.168303386573356,-0.8585024716874462
3325.3200000000006,0.0,17.163572605201313,61.43442678312911,61.27351395058615,62.90484551035699,62.89700329423536,-4.164962518740554,0.0783666247852499,0.0783666247852499,0.0783666247852499,-0.4418331239262497,-2.688766122208249,16.688131490550997,-1.7591460674157304,2.47714606741573,-8.737820224719101,0.06,0.18,0.17,16.909122165720287,62.127447384576904,-1.0271993010502578
3325.330000000001,0.0,17.113654969300597,61.36042263527054,61.165647254509,62.7136981663326,63.06347237474954,-4.0750399600400575,0.0778537911228488,0.0778537911228488,0.0778537911228488,-0.439268955614244,-2.6820992845970344,16.665566809405348,-2.3234406991246668,1.2636629213513806,-8.248431960051175,0.06,0.18,0.17,16.88572565413034,62.07581010771541,-1.164581541216509
3325.3400000000006,0.0,17.063737333399878,61.33361902805617,61.07558713426872,62.423147064128834,63.24680904809583,-3.985129870130252,0.0773409574604477,0.0773409574604477,0.0773409574604477,-0.4367047873022385,-2.67543244698582,16.6430021282597,-2.3613613613617384,-0.0770870870830862,-9.222612612608438,0.06,0.18,0.17,16.86232990102181,62.01979056863739,-0.8904688183894339
3325.350000000001,0.0,17.013819697499162,61.270019428857886,61.05605266533064,62.18472361723494,62.89813700400922,-3.8303424143972418,0.0768281237980465,0.0768281237980465,0.0768281237980465,-0.4341406189902329,-2.668765609374605,16.62043744711405,-2.231231231231567,-1.4584684684649074,-10.66405405405034,0.06,0.18,0.17,16.83893490955615,61.85223317885817,-0.4849817142350654
3325.3600000000006,0.0,16.963902061598446,61.1917528957917,61.06462981963927,61.96707832665364,62.337405541083015,-3.650387403149941,0.0763152901356454,0.0763152901356454,0.0763152901356454,-0.4315764506782273,-2.662098771763391,16.5978727659684,-2.086113886114297,-1.0307592407619808,-11.507302697300902,0.06,0.18,0.17,16.815540682912328,61.64021664579191,-0.353107103309637
3325.370000000001,0.0,16.95,61.14357659659671,61.03084529529545,61.98524031030996,62.201402802802704,-3.621605401350208,0.0758024564732443,0.0758024564732443,0.0758024564732443,-0.4290122823662217,-2.6554319341521766,16.57530808482275,-1.936263736264195,-0.0317582417612996,-12.161648351646347,0.06,0.18,0.17,16.792147224286914,61.59026625125121,-0.3076364376155851
3325.380000000001,0.0,16.95,61.10716018018018,60.98050495495495,62.09556063063063,62.23139279279279,-3.651612903225829,0.0752896228108403,0.0752896228108403,0.0752896228108403,-0.4264481140542015,-2.648765096540924,16.552743403676974,-1.7482102628285052,0.752648310388094,-11.754583229036182,0.06,0.171465968586378,0.17,16.76875453689407,61.60365463963964,-0.38765449472417485
3325.390000000001,0.0,16.95,61.04153735396905,60.89096917623565,61.96072237643536,62.14732225661508,-3.811153846153486,0.0747767891484391,0.0747767891484391,0.0747767891484391,-0.4238839457421959,-2.642098258929709,16.530178722531325,-1.547959949938024,1.4685431789715648,-11.00865081351914,0.06,0.17,0.17,16.745362623966216,61.510137790813786,-0.5077362337827338
3325.4000000000005,0.0,16.95,60.9646127408886,60.78626623065392,61.731016934597896,62.01911456814766,-4.020944055943033,0.074263955486038,0.074263955486038,0.074263955486038,-0.4213197774301903,-2.635431421318495,16.507614041385676,-1.1506067415746537,0.8120898876442876,-10.051460674160912,0.06,0.17,0.17,16.721971488753358,61.37525261857202,-0.45089664246763
3325.4100000000008,0.0,16.95,60.85457010000011,60.68606008000008,61.60785224000007,62.04749383999992,-4.166219999999308,0.0737511218236369,0.0737511218236369,0.0737511218236369,-0.4187556091181847,-2.62876458370728,16.485049360240026,-0.6911810237218258,-0.276549313354804,-9.027740324597548,0.06,0.17,0.17,16.698581134523728,61.29899406500005,-0.3383402087786036
3325.420000000001,0.0,16.95,60.73152010000046,60.58762008000036,61.5265322400003,62.13737383999967,-4.286219999999308,0.0732382881612358,0.0732382881612358,0.0732382881612358,-0.4161914408061792,-2.622097746096066,16.462484679094377,-0.803889862326913,-0.6386633291610125,-8.552315394243816,0.06,0.17,0.17,16.675191564563793,61.2457615650002,-0.41048629200974784
3325.4300000000007,0.0,16.95,60.62854726909672,60.574435077383846,61.32409641537789,61.98705196205785,-4.384600399599861,0.0727254544988347,0.0727254544988347,0.0727254544988347,-0.4136272724941736,-2.615430908484852,16.439919997948728,-1.0992590738412136,-0.7688260325401959,-8.25193992490724,0.06,0.17,0.17,16.651802782178372,61.12853268097908,-0.5416007249710311
3325.440000000001,0.0,16.95,60.53345990014951,60.59473462805797,61.074091422865,61.74238895656447,-4.4745104895104335,0.0722126208364306,0.0722126208364306,0.0722126208364306,-0.4110631041821534,-2.608764070873599,16.41735531680295,-1.2611233150275163,0.1643884173745472,-8.677381427858526,0.06,0.17,0.17,16.628414790690634,60.986168726909234,-0.6286112203369418
3325.4500000000007,0.0,16.95,60.46734244999994,60.59898989999999,61.25454145000036,61.71703290000006,-4.5214949999999785,0.0716997871740295,0.0716997871740295,0.0716997871740295,-0.4084989358701478,-2.602097233262384,16.3947906356573,-1.3809435846228957,1.4324862705923131,-9.331400399399971,0.06,0.17,0.17,16.605027593442752,61.00947667500009,-0.701732309976718
3325.460000000001,0.0,16.95,60.4127724500001,60.5968499,61.606571449999365,61.77909289999989,-4.551494999999979,0.0711869535116284,0.0711869535116284,0.0711869535116284,-0.4059347675581422,-2.59543039565117,16.372225954511652,-1.5919819819815892,1.0044894894910763,-9.615112612612345,0.06,0.17,0.17,16.581641193795246,61.09882167499983,-0.6851618876373207
3325.4700000000007,0.0,16.918437999201288,60.4768449186888,60.564083782837216,61.563728271203786,61.724045699274654,-4.495531117220902,0.0706741198492273,0.0706741198492273,0.0706741198492273,-0.4033705992461366,-2.588763558039956,16.349661273366003,-1.8322222222219064,0.0335185185197961,-9.78027777777756,0.06,0.17,0.17,16.558255595127644,61.08217566800111,-0.6398783410006686
3325.480000000001,0.0,16.873509884185363,60.588208441330885,60.51911005253945,61.3634880910685,61.62231940455352,-4.405553611597506,0.0701612861868262,0.0701612861868262,0.0701612861868262,-0.400806430934131,-2.5820967204287406,16.327096592220354,-1.5449450823776525,-1.1631203195173216,-10.559403394905033,0.06,0.17,0.17,16.534870800838465,61.02328149737309,-0.3010623466205199
3325.4900000000007,0.0,16.828581769169435,60.61978,60.43591579525618,61.22555602496907,61.544475335830384,-4.2727072927080965,0.07,0.07,0.07,-0.3996953333333345,-2.5812186666666617,16.30933666666671,-1.0906265601618388,-2.4312181727350874,-11.532943085367489,0.06,0.17,0.17,16.51717011692124,60.95643178901391,0.1307023688692917
3325.500000000001,0.0,16.783653654153255,60.61978,60.33759869163539,61.11227762297122,61.47608082896375,-4.122857142857143,0.07,0.07,0.07,-0.399250888888888,-2.582996444444448,16.29378111111108,-1.116101949025389,-1.88558220889617,-11.51669915042497,0.06,0.17,0.17,16.50207789343789,60.88643428589259,0.06295168652075878
3325.5100000000007,0.0,16.738725539137327,60.408051675838216,60.24756666333175,61.05006987493751,61.39460666333175,-3.737108554277615,0.07,0.07,0.07,-0.3988064444444441,-2.584774222222224,16.27822555555554,-1.296011994002616,-0.7561469265391332,-11.181866566717352,0.06,0.17,0.17,16.486986734923285,60.77507371935981,-0.16558154622521407
3325.520000000001,0.0,16.693797424121403,60.11151340670402,60.16085330665352,61.00831899949984,61.307893306653526,-3.2568684342181915,0.07,0.07,0.07,-0.398362,-2.586552,16.262670000000004,-1.3210888610764142,0.8702553191440232,-10.214958698376186,0.06,0.17,0.17,16.471896644304447,60.64714475487773,-0.48945258610809184
3325.5300000000007,0.0,16.64886930910548,59.94902987510435,60.00211292256499,61.04738086594488,61.32853517069093,-3.0056571714147835,0.07,0.07,0.07,-0.3979175555555561,-2.588329777777776,16.247114444444463,-1.296057571965033,2.657489361696656,-9.043494367963536,0.06,0.17,0.17,16.45680762451899,60.58176470857629,-0.8441774894526386
3325.540000000001,0.0,16.60394119408955,59.83998074937576,59.81466246461325,61.118654804329566,61.39196897585331,-2.8457371314348747,0.07,0.07,0.07,-0.397473111111112,-2.590107555555552,16.231558888888923,-1.6011689612001163,2.194440550692348,-8.334988735921792,0.06,0.17,0.17,16.441719678515117,60.54131674854297,-1.0057146948870705
3325.5500000000006,0.0,16.559013079073626,59.73093162364718,59.6272120066615,61.18992874271426,61.455402781015685,-2.685817091454966,0.07,0.07,0.07,-0.3970286666666681,-2.591885333333328,16.216003333333383,-2.0116821026267715,1.0129637046351458,-7.774287859826849,0.06,0.17,0.17,16.426632809251654,60.500868788509656,-1.105574561409831
3325.560000000001,0.0,16.514084964057442,59.639397511865845,59.44381337996448,61.18299506869836,61.40355406445136,-2.4046038490378745,0.07,0.07,0.07,-0.3965842222222215,-2.593663111111114,16.200447777777754,-2.261948051948388,-0.6261363636393584,-8.357954545456131,0.06,0.17,0.17,16.411547019698002,60.41744000624501,-0.9308479050899805
3325.5700000000006,0.0,16.5,59.55493086185344,59.26204970272258,61.14450393704713,61.30518783912045,-2.0746863284187587,0.07,0.07,0.07,-0.3961397777777775,-2.59544088888889,16.184892222222214,-2.461748251748524,-2.4093531468555747,-9.302010489511774,0.06,0.17,0.17,16.396462312834537,60.316668085185896,-0.6696472550545756
3325.580000000001,0.0,16.5,59.48637326663327,59.34119904952493,60.68049540770328,61.0362364182088,-1.7661000000009754,0.07,0.07,0.07,-0.3956953333333335,-2.597218666666666,16.169336666666673,-2.4378523153943488,-2.0691589486869866,-10.479311639548046,0.06,0.17,0.17,16.38137869165214,60.136076035517576,-0.5188260024929796
3325.5900000000006,0.0,16.5,59.42428222111057,59.52640165082535,60.04352692346196,60.697947273636935,-1.4661000000009756,0.07,0.07,0.07,-0.3952508888888896,-2.5989964444444418,16.153781111111133,-2.34273341677137,-1.052888610767794,-11.730876095113556,0.06,0.17,0.17,16.3662961591526,59.92303951725871,-0.4031486187378931
3325.600000000001,0.0,16.5,59.38507914042984,59.46247527236413,59.84485081459274,60.56016265867077,-1.4227479390454802,0.07,0.07,0.07,-0.3948064444444455,-2.600774222222218,16.138225555555596,-1.9437752809012432,0.197066167284551,-11.923593008739749,0.06,0.17,0.17,16.351214718348547,59.81314197151437,-0.36997992722622713
3325.6100000000006,0.0,16.5,59.35513411294363,59.29777762118997,59.82346150924545,60.50348099950044,-1.4827029727701295,0.07,0.07,0.07,-0.3943620000000016,-2.602551999999994,16.122670000000056,-1.4493932584291789,1.5204119850128048,-11.783767790262798,0.06,0.17,0.17,16.336134372263526,59.74496356071987,-0.36272395246452543
3325.620000000001,0.0,16.5,59.352560079920046,59.3178208891105,59.75799922077956,60.45365956043975,-1.6919610292265077,0.07,0.07,0.07,-0.3939175555555576,-2.6043297777777696,16.107114444444516,-1.0755844806023065,1.2286433041339002,-10.656392991245736,0.06,0.17,0.17,16.32105512393203,59.72050993756246,-0.37746779048414536
3325.630000000001,0.0,16.5,59.36111152847154,59.41295575424588,59.67462259740249,60.40662659340653,-1.961758680988964,0.07,0.07,0.07,-0.393473111111111,-2.606107555555556,16.091558888888887,-0.740165206507889,0.4226357947428376,-9.214590738421972,0.06,0.17,0.17,16.30597697639949,59.71382911838161,-0.3992161832656783
3325.640000000001,0.0,16.5,59.30897863999991,59.28436221999974,59.83925887000031,60.364870689999954,-2.210357410646634,0.07,0.07,0.07,-0.3930286666666671,-2.607885333333332,16.076003333333347,-0.5383579559215466,-0.7210196173406367,-8.711496730443228,0.06,0.17,0.17,16.290899932722617,59.69936760499997,-0.2886614461940267
3325.6500000000005,0.0,16.5,59.23193863999991,59.06394221999975,60.10568887000031,60.32528068999996,-2.450297425642354,0.07,0.07,0.07,-0.392584222222223,-2.609663111111108,16.060447777777807,-0.3785129571326527,-1.9707168805992603,-8.503213853233456,0.06,0.17,0.17,16.27582399596899,59.68171260499999,-0.1365555290504082
3325.6600000000008,0.0,16.5,59.10095448586443,59.13721509131845,60.05567450087569,60.33122158618964,-2.7754199999979168,0.07,0.07,0.07,-0.3921397777777791,-2.611440888888884,16.044892222222266,-0.5783001808308627,-1.0761121157373137,-8.922206148280225,0.06,0.17,0.17,16.260749169217416,59.65626641606205,-0.2332625492340309
3325.670000000001,0.0,16.4757921039481,58.947829642232,59.33103045283923,59.87577957968514,60.35585005754311,-3.135419999997917,0.07,0.07,0.07,-0.391695333333335,-2.61321866666666,16.029336666666726,-0.9347972100216182,0.7528726427196055,-9.614533712215897,0.06,0.17,0.17,16.245675455557905,59.62762243307487,-0.4383898515128683
3325.6800000000007,0.0,16.44080959520251,58.84804443667275,59.207099335499215,59.85560594054444,60.3158807544344,-3.388883337495522,0.07,0.07,0.07,-0.3912508888888911,-2.614996444444436,16.01378111111119,-1.236614232208375,0.7985742821497782,-9.662192259676146,0.06,0.17,0.17,16.230602858091714,59.5566576167877,-0.5372856050990186
3325.690000000001,0.0,16.405827086456718,58.76999297526844,58.95369938546054,59.90051226080446,60.2495904721458,-3.598725955532988,0.07,0.07,0.07,-0.3908064444444445,-2.616774222222222,15.99822555555556,-1.5212584269666365,0.2842172284637974,-9.507385767790076,0.06,0.17,0.17,16.21553137993131,59.46844877341981,-0.6028182310400039
3325.7000000000007,0.0,16.370844577711125,58.72831424999997,58.625818949999584,59.74819865999973,60.24092082000002,-3.766173456635608,0.07,0.07,0.07,-0.3903620000000005,-2.618551999999998,15.98267000000002,-1.889982478098036,-1.2184005006276857,-8.756117647057838,0.06,0.17,0.17,16.20046102420078,59.335813169999824,-0.6840912886939915
3325.710000000001,0.0,16.335862068965536,58.70156424999997,58.26736894999959,59.51493865999973,60.25590082000002,-3.9161359660083592,0.07,0.07,0.07,-0.3884959052947558,-2.618796724235805,15.96518689694322,-2.285476846057862,-3.035672090113975,-7.8149411764698975,0.06,0.17,0.17,16.183207902193757,59.184943169999826,-0.7703759669923471
3325.7200000000007,0.0,16.300879560219943,58.67937683237571,58.40867191106687,59.38565702223328,60.07377688233812,-3.96,0.07,0.07,0.07,-0.380387578042676,-2.612310062434141,15.939240249736564,-2.3533982521848134,-2.063907615482983,-8.927687890135108,0.06,0.17,0.17,16.15636835154008,59.1368706620035,-0.7258313411819854
3325.730000000001,0.0,16.26589705147435,58.65906206844868,58.75509209592789,59.29905197601803,59.81075414938808,-3.96,0.07,0.07,0.07,-0.3722792507905961,-2.605823400632477,15.913293602529908,-2.318441947565676,-0.2162172284714212,-10.68549063669746,0.06,0.17,0.17,16.12953256347413,59.13099007244567,-0.6401984056713997
3325.7400000000007,0.0,16.230914542728758,58.608455525000174,58.73151087500049,59.23359767500016,59.89279524999938,-3.96,0.07,0.07,0.07,-0.3641709235385162,-2.599336738830813,15.887346955323252,-1.6035353029591972,1.373257386071407,-11.584774661989789,0.06,0.17,0.17,16.102700556807406,59.11658983125005,-0.42930157182109524
3325.750000000001,0.0,16.19593203398297,58.545325525,58.55496087499999,59.176887675,60.11749525000002,-3.96,0.07,0.07,0.07,-0.3560625962863903,-2.5928500770291123,15.86140030811645,-0.6721382073113176,2.880518277415556,-12.210713570355296,0.06,0.17,0.17,16.075872350474192,59.098667331250006,-0.17852176967698763
3325.7600000000007,0.0,16.160949525237378,58.44440611541361,58.49046021983515,59.2238424431675,60.03117201099206,-4.086953046952532,0.07,0.07,0.07,-0.3479542690343104,-2.5863634152274484,15.835453660909794,-0.94055430711587,2.26269413233505,-11.24199250936383,0.06,0.17,0.17,16.04904796353315,59.047470197352084,-0.3510225204838734
3325.770000000001,0.0,16.150000000000002,58.327863522358506,58.47228385211096,59.313655083687024,59.81626319260605,-4.266773226772656,0.07,0.07,0.07,-0.3398459417822306,-2.5798767534257845,15.809507013703138,-1.584749063670378,0.9792983770287816,-9.773827715355882,0.06,0.17,0.17,16.022227415167386,58.982516412690636,-0.6560937399431648
3325.7800000000007,0.0,16.150000000000002,58.30190961999997,58.2516453000008,59.16933508000064,59.58159966000064,-4.383375843960656,0.07,0.07,0.07,-0.3317376145301507,-2.5733900916241206,15.783560366496484,-1.5424130162709562,-1.2868710888549535,-9.38200250312903,0.06,0.17,0.17,15.995410724686066,58.82612241500052,-0.4655302231127211
3325.790000000001,0.0,16.150000000000002,58.31367961999997,57.946695300000805,58.92751508000064,59.33870966000064,-4.473398349587005,0.07,0.07,0.07,-0.3236292872780708,-2.5669034298224567,15.757613719289829,-1.2820876095133302,-3.865093867319902,-9.33193992490641,0.06,0.17,0.17,15.968597911525276,58.63164991500051,-0.11759124983193298
3325.8000000000006,0.0,16.150000000000002,58.23742420109537,57.8735847884519,58.79099288203111,59.27406832254851,-4.415460000000544,0.07,0.07,0.07,-0.3155209600259909,-2.5604167680207928,15.731667072083171,-1.2922521847684647,-3.852546816484385,-9.02718851435938,0.06,0.17,0.17,15.941788995249048,58.54401754853173,-0.16843006640804215
3325.810000000001,0.0,16.150000000000002,58.12451230462883,57.897019333001566,58.69831991040291,59.28365518168246,-4.295459999999862,0.07,0.07,0.07,-0.307412632773865,-2.553930106219092,15.705720424876368,-1.3871335830212184,-3.0285767790262605,-8.64266916354559,0.06,0.17,0.17,15.91498399555023,58.500876682428945,-0.34416514415936195
3325.8200000000006,0.0,16.150000000000002,58.01128576711622,58.0151871764121,58.72465546226901,59.39911801099481,-4.323373313343332,0.07,0.07,0.07,-0.2993043055217851,-2.547443444417428,15.679773777669713,-1.428998748435539,0.908953692114085,-10.18389236545636,0.06,0.17,0.17,15.888182932252132,58.53756160419803,-0.5344163892411465
3325.830000000001,0.0,16.150000000000002,57.89792244877557,58.17453750124943,58.80272642678664,59.56060726636687,-4.413328335831945,0.07,0.07,0.07,-0.2911959782697053,-2.540956782615764,15.653827130463055,-1.4540300375469204,5.835111389233944,-12.33658322903516,0.06,0.17,0.17,15.861385825308668,58.60894841079463,-0.7292768521449104
3325.8400000000006,0.0,16.150000000000002,57.898514421632406,58.070828893340185,58.921927361041455,59.298685237857136,-4.629802648013267,0.07,0.07,0.07,-0.2830876510176254,-2.5344701208141003,15.6278804832564,-1.39155056179798,4.602861423228959,-12.260574282149271,0.06,0.17,0.17,15.834592694806027,58.5474889784678,-0.5916642753705613
3325.850000000001,0.0,16.150000000000002,57.948879969954845,57.85222098147259,59.05909310966426,58.85182494742191,-4.89960029977419,0.07,0.07,0.07,-0.2749793237655455,-2.5279834590124364,15.601933836049746,-1.3016629213487687,1.4418127340983684,-11.48654182272551,0.06,0.17,0.17,15.807803560963583,58.4280047521284,-0.34992192845373865
3325.8600000000006,0.0,16.150000000000002,57.891363606311366,57.81114495867757,58.93329921863335,58.7660206761831,-5.022109472631515,0.07,0.07,0.07,-0.2668709965134657,-2.5214967972107725,15.57598718884309,-1.3179974968707937,-2.166012515622436,-10.4716545682167,0.06,0.17,0.17,15.781018444134977,58.35045711495135,-0.1338442849746378
3325.870000000001,0.0,16.116277561608378,57.78739165539743,57.84651685950397,58.69427091910956,58.835692602053264,-5.082094476380445,0.07,0.07,0.07,-0.2587626692613858,-2.515010135409109,15.550040541636434,-1.3680600750935563,-5.91569962450737,-9.380290362960473,0.06,0.17,0.17,15.754237364809207,58.290968009016055,0.0740842234205611
3325.880000000001,0.0,16.066392297715097,57.77073825543616,57.84877364158959,58.48638934266415,58.67155416645814,-4.910642339415742,0.07,0.07,0.07,-0.2506543420092598,-2.508523473607408,15.524093894429631,-1.2963395755306268,-5.117777777778588,-10.013645443195578,0.06,0.17,0.17,15.727460343611579,58.194363851537005,0.11104966666355683
3325.890000000001,0.0,16.016507033822105,57.79106317420648,57.83700658335415,58.29169801549582,58.40839995501083,-4.64070982254479,0.07,0.07,0.07,-0.24254601475718,-2.502036811805744,15.498147247222976,-1.186476903870168,-2.895555555555672,-11.187178526841388,0.06,0.17,0.17,15.70068740130542,58.08204193201682,0.09446988201408046
3325.9000000000005,0.0,15.966621769929109,57.41496765147661,57.62361711567318,58.14942593890823,58.56920135202842,-4.476026952832816,0.07,0.07,0.07,-0.2465171629290357,-2.504802120052973,15.48142478561969,-1.1713992490613234,0.030042553190813,-10.299677096370797,0.06,0.17,0.17,15.684684178045798,57.939303014521606,-0.33899431912926326
3325.9100000000008,0.0,15.916736506036113,56.87059108662986,57.32463864797191,58.02940590886328,58.9099725087632,-4.356236585974969,0.07,0.07,0.07,-0.2560174004349647,-2.5118022950573424,15.468924473111889,-1.1864180225281522,3.178978723402593,-8.757749687109701,0.06,0.17,0.17,15.67361860048983,57.783652038057056,-0.9048289344689308
3325.920000000001,0.0,15.866851242143117,56.43616963350833,57.23418315632012,58.10157621540744,58.8066317875845,-4.340951188986109,0.07,0.07,0.07,-0.2655176379408936,-2.518802470061712,15.456424160604088,-1.7109762796487085,4.458581772782266,-8.199862671661055,0.06,0.17,0.17,15.662564072710206,57.6446401982051,-1.2984735806518322
3325.9300000000007,0.0,15.81696597825012,56.047757766144194,57.23098195961108,58.25416659187192,58.517457018200766,-4.370988735919766,0.07,0.07,0.07,-0.2750178754468225,-2.52580264506608,15.443923848096286,-2.39512109862326,5.152714107362286,-7.950174781524359,0.06,0.17,0.17,15.651520618119994,57.512590833956985,-1.6381887355096838
3325.940000000001,0.0,15.767080714356842,56.215030713929536,56.935566470294106,58.18268699450805,58.40141358462302,-4.400984261803662,0.07,0.07,0.07,-0.2845181129528055,-2.532802820070488,15.431423535588412,-2.5524005006257844,1.6646408010022862,-7.703812265331718,0.06,0.17,0.17,15.640488260174847,57.43367444083868,-1.3655878995267487
3325.9500000000007,0.0,15.717195450463846,56.62102172740855,56.514617893160604,58.01494860209699,58.35974608587122,-4.430961778665987,0.07,0.07,0.07,-0.2940183504587345,-2.539802995074857,15.418923223080611,-2.542387984981232,-3.151379224027496,-7.45850563204018,0.06,0.17,0.17,15.629467022373229,57.377583577134345,-0.8985626184917159
3325.960000000001,0.0,15.66731018657085,56.77561915789465,56.52433059649086,57.77427080701804,58.15733080701804,-4.335408035937356,0.07,0.07,0.07,-0.3035185879646634,-2.546803170079225,15.406422910572813,-2.3194957563660443,-4.543315027458158,-8.18697204193498,0.06,0.17,0.17,15.618456928256021,57.3078878421054,-0.5687273553579362
3325.9700000000007,0.0,15.65,56.82067178947357,56.721704030074704,57.501809654136,57.884869654136,-4.185670077365048,0.07,0.07,0.07,-0.3130188254705923,-2.5538033450835944,15.39392259806501,-2.0299301048438774,-4.8628357463791705,-9.220421867195128,0.06,0.17,0.17,15.607458001406755,57.23226378195507,-0.2818596815472785
3325.980000000001,0.0,15.65,56.86187157132138,56.80837157132138,57.34922596552619,57.67753286535158,-3.9729494241371546,0.07,0.07,0.07,-0.3225190629765213,-2.560803520087964,15.381422285557209,-1.854206724782582,-2.4538580323906785,-10.652617683680422,0.06,0.1614652014652448,0.1614652014652448,15.596470265451542,57.17425049338013,-0.25659598919420734
3325.9900000000007,0.0,15.65,56.90143190107403,56.84793190107403,57.24765214589102,57.497907584312536,-3.732588883326165,0.07,0.07,0.07,-0.3320193004824502,-2.567803695092332,15.368921973049408,-1.714729763387682,0.8238505603894701,-12.211770859273413,0.06,0.16,0.16,15.585493744059043,57.1237308830879,-0.31462479720174796
3326.000000000001,0.0,15.65,56.89458435782109,56.94738920539731,57.06446035982008,57.46722739630185,-3.576281859070537,0.07,0.07,0.07,-0.3415195379884332,-2.57480387009674,15.356421660541535,-0.8807429718854456,1.8285040160647528,-12.170210843372365,0.06,0.16,0.16,15.57452846094039,57.09341532983508,-0.14531272939663975
3326.0100000000007,0.0,15.65,56.86784772613697,57.072516641678966,56.8462894452777,57.50038081959016,-3.456341829085719,0.07,0.07,0.07,-0.3510197754943621,-2.581804045101109,15.343921348033737,0.1835140562253279,2.079508032128615,-11.597921686746758,0.06,0.16,0.16,15.563574439849415,57.07175865817095,0.0993760069527061
3326.020000000001,0.0,15.65,56.82608414725775,57.001540030052766,56.99190601051807,57.69467332832427,-3.357317012241118,0.07,0.07,0.07,-0.3605200130002911,-2.588804220105478,15.331421035525931,0.2728110137672563,1.1824630788488315,-10.631654568210498,0.06,0.16,0.16,15.55263170458224,57.128550879038215,0.07640812843888535
3326.0300000000007,0.0,15.65,56.777849737039816,56.84611804157273,57.29417498121717,57.95835477084902,-3.267384461654144,0.07,0.07,0.07,-0.37002025050622,-2.5958043951098464,15.318920723018133,0.0525356695870999,-0.0791138923647905,-9.540290362954268,0.06,0.16,0.16,15.541700278977544,57.21912438266968,-0.03154689655980415
3326.040000000001,0.0,15.65,56.67530346666677,56.740748233333406,57.25280743333349,57.9541157500001,-3.267819999999818,0.07,0.07,0.07,-0.379520488012149,-2.602804570114216,15.30642041051033,-0.144504369537598,-0.9161872659158242,-9.13929837702918,0.06,0.16,0.16,15.530780186916422,57.15574372083344,-0.07136048129891806
3326.0500000000006,0.0,15.65,56.54975680000034,56.65657490000023,57.065914100000505,57.83641575000032,-3.307819999999817,0.07,0.07,0.07,-0.389020725518078,-2.609804745118584,15.293920098002529,-0.3342671660414881,-1.6203071161013112,-8.954529338328024,0.06,0.16,0.16,15.519871452322398,57.02716538750035,-0.08983232801838281
3326.060000000001,0.0,15.65,56.4242101333332,56.57240156666657,56.879020766666464,57.71871574999987,-3.347820000000045,0.07,0.07,0.07,-0.3985209630240609,-2.616804920122992,15.281419785494656,-0.7942764146215537,-1.2769053580375251,-8.72376564847288,0.06,0.16,0.16,15.508974099161332,56.898587054166526,-0.31494413434543794
3326.0700000000006,0.0,15.63848172774082,56.23192176250932,56.34676363455313,56.97386727408515,57.75031595718198,-3.36,0.07,0.07,0.07,-0.4080212005299898,-2.623805095127361,15.268919472986855,-1.3400951427131762,-0.6008913370066165,-8.478397596394995,0.06,0.16,0.16,15.498088151441628,56.8257171570824,-0.6056688922737026
3326.080000000001,0.0,15.618484727290902,56.0113691112772,56.06121720687096,57.18802709484677,57.84514294249434,-3.36,0.07,0.07,0.07,-0.4175214380359188,-2.63080527013173,15.256419160479057,-1.9334297108658225,-0.1437088733808674,-8.701096709869434,0.06,0.16,0.16,15.48721363321385,56.776439088872316,-0.8187588588367033
3326.0900000000006,0.0,15.598487726840984,55.87554555638922,55.88693641410368,57.11020622155564,57.83702171542892,-3.484739999999292,0.07,0.07,0.07,-0.4270216755418478,-2.6378054451360984,15.243918847971251,-2.5416051844445056,0.2451246261202578,-9.069990029908965,0.06,0.16,0.16,15.476350568570918,56.67742747686937,-1.0076006884638473
3326.100000000001,0.0,15.578490726391069,55.77708094023524,55.76171510877743,56.90364458114566,57.78350833708436,-3.664739999999292,0.07,0.07,0.07,-0.4296386747019685,-2.6396386747019687,15.226269638674802,-2.8985255767293494,-0.2173319959857152,-9.296489468404666,0.06,0.16,0.1685354330708632,15.459352147920434,56.55648724181067,-1.0450955623009444
3326.1100000000006,0.0,15.55849372594115,55.73439226047908,55.82506354790383,56.86946363772445,57.55801985030014,-3.7823855963987065,0.07,0.07,0.07,-0.4291123450617151,-2.639112345061715,15.206269112345176,-3.174353059176956,-0.9545436308911356,-9.47703109327946,0.06,0.16,0.17,15.439548947155304,56.49673482410188,-1.033743005961418
3326.120000000001,0.0,15.538496725491232,55.71623856786432,55.97136095309336,56.91111034431125,57.25688212574944,-3.872408102025056,0.07,0.07,0.07,-0.4285860154214618,-2.638586015421462,15.186268586015547,-2.9748247576448685,-0.9936241610745038,-10.474630872478476,0.06,0.16,0.17,15.419746291687007,56.4638979977546,-0.8116983371991264
3326.130000000001,0.0,15.518499725041202,55.71505966950427,55.9463452328491,56.62432230846194,56.98387338507717,-3.941578815888074,0.07,0.07,0.07,-0.4280596857812054,-2.6380596857812058,15.166268059685809,-2.626825751926643,-0.8146532438479879,-11.727427293064084,0.06,0.16,0.17,15.399944183619013,56.31740014897312,-0.5238469456568096
3326.140000000001,0.0,15.498502724591283,55.72148931397096,55.84454252879311,56.1903213069601,56.72347278417606,-4.001533849612724,0.07,0.07,0.07,-0.4275333561409521,-2.637533356140952,15.14626753335618,-2.049353784260466,-0.1359341211981403,-12.10038722655256,0.06,0.16,0.17,15.380142625065895,56.119956483475065,-0.3440528960019451
3326.1500000000005,0.0,15.478505724141367,55.76283760700878,55.72789802252812,56.04318349937421,56.68303760700878,-4.102915626559834,0.07,0.07,0.07,-0.4270070265006987,-2.637007026500699,15.126267007026554,-1.395594669349927,0.7089238119170176,-12.18084988684924,0.06,0.16,0.17,15.360341618152738,56.05423918397997,-0.20018197333001697
3326.1600000000008,0.0,15.45850872369145,55.81961858322904,55.60469401752191,56.02282805506884,56.73981858322904,-4.222735896155213,0.07,0.07,0.07,-0.4264806968604454,-2.636480696860445,15.106266480696927,-0.8518651685401544,0.4876179775289915,-11.085063670414366,0.06,0.16,0.17,15.340541165015654,56.04673980976221,-0.16040948964195637
3326.170000000001,0.0,15.45,55.74922218453887,55.58804015960094,56.018125725685785,56.70507960099763,-4.342783479348535,0.07,0.07,0.07,-0.4259543672201921,-2.635954367220192,15.0862659543673,-0.3425018726598454,-0.0666891385760505,-9.621892634209164,0.06,0.16,0.17,15.320741267801735,56.01511691770581,-0.15315069162110767
3326.1800000000007,0.0,15.45,55.62327704738203,55.61792544638392,56.02026038902742,56.63036638404019,-4.462933667083166,0.07,0.07,0.07,-0.4254280375799387,-2.635428037579939,15.066265428037672,-0.2123954943679963,-0.9718573216483676,-8.844147684607798,0.06,0.16,0.1614636696289024,15.300941928669122,55.97295731670839,-0.1330385900546146
3326.190000000001,0.0,15.45,55.48528441999984,55.65229858000004,56.05640976000006,56.62798236000003,-4.5,0.07,0.07,0.07,-0.4249017079396824,-2.6349017079396826,15.046264901707932,-0.2023829787234154,-1.988127659573337,-8.283446808511263,0.06,0.16,0.16,15.28114314978698,55.95549378,-0.10885641672663003
3326.2000000000007,0.0,15.45,55.34190441999984,55.68867858000004,56.10776976000006,56.65794236000004,-4.5,0.07,0.07,0.07,-0.424375378299429,-2.634375378299429,15.026264375378306,-0.4168988764040314,-1.5260299625483191,-8.404951310860879,0.06,0.16,0.16,15.261344933335995,55.94907378,-0.21055735826204253
3326.210000000001,0.0,15.45,55.262753782902976,55.61910643268987,55.949408914514855,56.62790532965654,-4.520668996505142,0.07,0.07,0.07,-0.4238490486591757,-2.633849048659176,15.00626384904868,-0.7015430711606747,-0.6021847690399156,-8.739533083645004,0.06,0.16,0.16,15.241547281507788,55.864793614941064,-0.3515761230753602
3326.2200000000007,0.0,15.45,55.21232510403616,55.50215481574341,55.69726552018075,56.57103894710459,-4.550624063903987,0.07,0.07,0.07,-0.4233227190189224,-2.6333227190189223,14.98626332271905,-1.0513667083849347,0.0648635794734778,-9.082355444304872,0.06,0.16,0.16,15.221750196505427,55.74569609676623,-0.486533642730776
3326.230000000001,0.0,15.45,55.10351526512348,55.29226624844457,55.68530279312903,56.53893797859102,-4.621845461364777,0.07,0.07,0.07,-0.4227963893786691,-2.632796389378669,14.966262796389424,-1.4218297872333796,0.6505957446798026,-9.427787234041936,0.06,0.16,0.16,15.201953680543406,55.65500557132202,-0.6195718345909512
3326.2400000000007,0.0,15.45,54.96926582524305,55.04188038835014,55.77799883495123,56.51762854368937,-4.711867966991126,0.07,0.07,0.07,-0.4222700597384157,-2.632270059738416,14.946262270059798,-1.7763670411971773,0.5198277153571489,-9.285490636705235,0.06,0.16,0.16,15.182157735847689,55.576693398058445,-0.7465696782295753
3326.250000000001,0.0,15.45,54.95390828828833,54.93281033033028,55.82976380380384,56.449817557557445,-4.843150787696646,0.07,0.07,0.07,-0.4217437300981594,-2.6317437300981594,14.926261743730056,-2.1259300873905405,0.1652709113610229,-8.99085892634226,0.06,0.16,0.16,15.162362364655696,55.541574994994974,-0.8716809039204269
3326.2600000000007,0.0,15.45,54.9924668468468,54.887825345345405,55.862967007006965,56.36091865865877,-4.993188297073895,0.07,0.07,0.07,-0.421217400457906,-2.631217400457906,14.90626121740043,-2.1187687687688883,-0.6232407407398175,-8.63110110110148,0.06,0.16,0.16,15.142567569216824,55.52604446446448,-0.8417289462614835
3326.270000000001,0.0,15.427176458862654,54.93857961923863,54.85908440881767,55.82961300601213,56.23792843687397,-5.163747189607195,0.07,0.07,0.07,-0.4206910708176527,-2.6306910708176527,14.886260691070802,-1.99864864864873,-1.5491666666660384,-8.25072072072098,0.06,0.16,0.16,15.122773351791833,55.4663013677356,-0.7626753485818583
3326.2800000000007,0.0,15.387310011461496,54.8431587775552,54.83764152304612,55.766356492986034,56.09962182364743,-5.343612290781143,0.07,0.07,0.07,-0.4201647411773994,-2.630164741177399,14.866260164741176,-1.825423432425932,-1.5911816137899688,-8.879078191355232,0.06,0.16,0.16,15.10297971465339,55.3866946543087,-0.605039271980654
3326.290000000001,0.0,15.347443564060338,54.83911966118576,54.85845963129039,55.51538311908405,55.99366085700073,-5.482359410146966,0.07,0.07,0.07,-0.4121483844853557,-2.629018548060669,14.844951070263598,-1.635565825631209,-1.356357731701758,-9.823369972518464,0.06,0.16,0.16,15.081584038004802,55.30165581714023,-0.4227913487309156
3326.3000000000006,0.0,15.30757711665918,54.87537277528631,54.897911549576285,55.18164121574658,55.90196180368756,-5.602329417645167,0.07,0.07,0.07,-0.4007195409414748,-2.6275899426176843,14.823045786804492,-1.472082082082768,-0.3262262262318909,-10.460810810808422,0.06,0.16,0.16,15.059465178243892,55.21422183607418,-0.3785376682616673
3326.310000000001,0.0,15.267710669257797,54.83308524737625,54.80152104947515,55.083057781109446,55.88942389805099,-5.74287428142977,0.07,0.07,0.07,-0.389290697397529,-2.626161337174691,14.801140503345264,-1.3169269269271229,0.9550550550534368,-11.001351351350667,0.06,0.16,0.16,15.037354515197118,55.15177199400296,-0.37786111709211534
3326.3200000000006,0.0,15.227844221856635,54.75501428285842,54.64324018990473,55.09161350324839,55.91295213393308,-5.892836790802096,0.07,0.07,0.07,-0.3778618538536482,-2.6247327317317057,14.77923521988616,-1.1163336663341188,0.9326673326682378,-10.718931068932209,0.06,0.16,0.16,15.015252085074863,55.10070502748616,-0.3509110870333221
3326.330000000001,0.0,15.18797777445548,54.65466844533589,54.61783554663996,55.131847662989024,55.868803991975845,-5.981109445277173,0.07,0.07,0.07,-0.3664330103097673,-2.623304126288721,14.757329936427054,-0.9015484515489725,0.5030969030979447,-10.17947052947184,0.06,0.16,0.16,14.993157924287138,55.06828891173518,-0.31575490477544227
3326.3400000000006,0.0,15.148111327054322,54.54412682046148,54.65325179538613,55.18658186559674,55.7936786158476,-6.041079460269582,0.07,0.07,0.07,-0.3550041667658865,-2.621875520845736,14.735424652967948,-0.86521521521517,-0.3797797797774621,-9.601151151152486,0.06,0.16,0.16,14.971072069445354,55.044409774322986,-0.29927083099055174
3326.350000000001,0.0,15.108244879653164,54.47023569506734,54.57561710014963,55.19458571001496,55.8428500348778,-6.039470132467027,0.07,0.07,0.07,-0.3435753232220057,-2.6204469154027508,14.713519369508845,-0.8852352352351964,-1.4058058058038152,-9.010560560561707,0.06,0.16,0.16,14.948994557363477,55.02082213502743,-0.2886832125130013
3326.3600000000006,0.0,15.068378432252006,54.412657219731,54.447664932735535,55.18179049327355,55.94734430493264,-6.009477630592476,0.07,0.07,0.07,-0.3321464796781248,-2.619018309959765,14.69161408604974,-0.9813486513483988,-1.5510389610392348,-9.128821178820465,0.06,0.16,0.1684851752021202,14.926925425059315,54.99736423766818,-0.28796072198533346
3326.370000000001,0.0,15.05,54.31142074589792,54.435788692192816,55.02978501243226,55.75793304823567,-5.979490254872715,0.07,0.07,0.07,-0.320717636134244,-2.6175897045167806,14.669708802590634,-1.1012287712284807,-1.4211688311691462,-9.468481518480695,0.06,0.16,0.17,14.904864709755836,54.88373187468966,-0.2903194656467687
3326.380000000001,0.0,15.05,54.19010796618603,54.47729043262057,54.81376313276986,55.43336815514683,-5.94950524737634,0.07,0.07,0.07,-0.3092887925902982,-2.616161099073788,14.647803519131404,-1.2745807259075332,-0.412177722151684,-9.941889862328312,0.06,0.16,0.1614673629242604,14.882812448882344,54.72863242168082,-0.38180805764517584
3326.390000000001,0.0,15.05,54.09164363086238,54.39553550176508,54.85680856278356,55.32610527483611,-5.960489999999957,0.07,0.07,0.07,-0.2978599490464173,-2.614732493630802,14.6258982356723,-1.4648185231534905,0.8744305381696589,-10.457534418021304,0.06,0.16,0.16,14.860768680076303,54.667523242561785,-0.5014429175389593
3326.4000000000005,0.0,15.05,54.00423062027225,54.25416384266253,55.025159546142326,55.32394692889561,-5.990489999999957,0.07,0.07,0.07,-0.2864311055025365,-2.613303888187817,14.603992952213195,-1.5785051160465504,0.7879985026225176,-10.37448465186035,0.06,0.16,0.16,14.83873344118391,54.651875234493176,-0.5432022400879541
3326.4100000000008,0.0,15.05,53.95669212692116,54.13423361427861,55.04418877540901,55.34967297967279,-6.0,0.07,0.07,0.07,-0.2750022619586556,-2.611875282744832,14.58208766875409,-1.6683478911899354,0.2738981781909244,-10.104956326430194,0.06,0.16,0.16,14.816706770261934,54.62119687407039,-0.5607052477258584
3326.420000000001,0.0,15.05,53.92698464055531,54.02389152206258,54.99644460089246,55.38786831928603,-6.0,0.07,0.07,0.07,-0.2635734184147748,-2.610446677301847,14.560182385294985,-1.6178047559454922,-0.2793717146399669,-9.709421777224096,0.06,0.16,0.16,14.794688705578954,54.583797270699094,-0.5460605133139352
3326.4300000000007,0.0,15.05,53.95348564977402,53.96403747114915,54.88173131961919,55.32360642247908,-6.061228771228392,0.07,0.07,0.07,-0.252144574870894,-2.609018071858862,14.53827710183588,-1.522685857322243,-0.8450788485571864,-9.27387734668606,0.06,0.16,0.16,14.77267928561669,54.530715215755365,-0.5212081295815264
3326.440000000001,0.0,15.05,54.00717355745102,53.92860345208232,54.7346264525842,55.20978805820384,-6.151138861138708,0.07,0.07,0.07,-0.2407157313269481,-2.6075894664158685,14.516371818376651,-1.4429160419791458,-1.2311694152917585,-9.17380559720139,0.06,0.16,0.16,14.750678549071264,54.470047880080344,-0.46941747481107576
3326.4500000000007,0.0,15.05,53.91102394618865,53.85630520179389,54.56207976083741,55.007196562033336,-6.159614711033337,0.07,0.07,0.07,-0.2292868877830673,-2.6061608609728832,14.494466534917546,-1.3679535232386346,-1.5610044977500082,-9.178803098450755,0.06,0.16,0.16,14.728686534855061,54.33415136771332,-0.4091898172271612
3326.460000000001,0.0,15.05,53.744686128550335,53.76673868460403,54.37761538614876,54.76302117588478,-6.129592194145642,0.07,0.07,0.07,-0.2178580442391865,-2.6047322555298984,14.47256125145844,-1.338581081081134,-0.7340990991032931,-9.70527027026784,0.06,0.16,0.16,14.706703282097381,54.16301534379697,-0.4056357727712907
3326.4700000000007,0.0,15.024392252782954,53.7085482869325,53.7440517832957,54.23282681715591,54.78833206420848,-6.099600299775212,0.07,0.07,0.07,-0.2064292006953056,-2.603303650086913,14.450655967999335,-1.3235660660661142,0.4570920920882777,-10.39596096095875,0.06,0.16,0.16,14.684728830146314,54.11843973789814,-0.4199296314639383
3326.480000000001,0.0,14.979466380472308,53.73538550790065,53.75371318284424,54.10722862302495,54.943987945823785,-6.069622782912888,0.07,0.07,0.07,-0.1950003571514248,-2.6018750446439283,14.428750684540232,-1.2819321018474574,0.8085222166745767,-10.514318522216948,0.06,0.16,0.16,14.662763218570033,54.13507881489841,-0.42457903325643703
3326.4900000000007,0.0,14.934540508161664,53.72364838854303,53.71980385056051,54.16212932503084,54.89651443088448,-6.121109999999583,0.07,0.07,0.07,-0.1835715136075439,-2.600446439200943,14.406845401081126,-1.2320069895160493,0.8983874188711113,-10.454408387419258,0.06,0.16,0.16,14.640806487158192,54.125523998754716,-0.42622442388326387
3326.500000000001,0.0,14.889614635850764,53.69380031880443,53.66543772353665,54.30177565130783,54.7536700971355,-6.211109999999839,0.07,0.07,0.07,-0.1802989195417283,-2.600896758625185,14.387445379247412,-1.1477391086631807,0.4407961942926719,-10.242233350025549,0.06,0.16,0.16,14.621756262167777,54.1036709476961,-0.38245389092777865
3326.5100000000007,0.0,14.84468876354012,53.65153754262789,53.67221741223671,54.258599949849575,54.77918768304913,-6.24,0.07,0.07,0.07,-0.1807337116024249,-2.602201134807275,14.369184112698154,-1.052596394592164,-0.1901502253361761,-9.981842764146975,0.06,0.16,0.16,14.604025728720108,54.09038564694083,-0.32430214714723876
3326.520000000001,0.0,14.799762891229475,53.60324265797402,53.70870688064185,54.12659393179567,54.88650964894661,-6.24,0.07,0.07,0.07,-0.1811685036631215,-2.603505510989365,14.350922846148896,-0.9957217782219298,-0.8770254745231019,-9.950469530469396,0.06,0.16,0.16,14.586296634464482,54.08126327983953,-0.23852672836163033
3326.5300000000007,0.0,14.754837018918831,53.43963895578389,53.69210656507633,54.13721694229302,54.65379733200232,-6.219660000000063,0.07,0.07,0.07,-0.1816032957238181,-2.6048098871714545,14.332661579599636,-0.9507667332668992,-1.581321178818582,-9.990429570429423,0.06,0.16,0.16,14.568568984655132,53.980689948788886,-0.14414721408249145
3326.540000000001,0.0,14.709911146608183,53.22152254309361,53.65040783912084,54.21526840369689,54.26033243067869,-6.189660000000148,0.07,0.07,0.07,-0.1820380877845148,-2.606114263353545,14.314400313050378,-1.0960976220267131,-1.0646933667119909,-10.36930413016076,0.06,0.16,0.16,14.550842784571476,53.83688280414751,-0.18933466978013225
3326.5500000000006,0.0,14.66498527429754,53.106717933333634,53.50695678333422,54.10947021666755,54.183218183333,-6.193550966022531,0.07,0.07,0.07,-0.1824728798452114,-2.6074186395356342,14.29613904650112,-1.3013541927400407,-0.1635669587022603,-10.85491113892156,0.06,0.16,0.16,14.53311803951825,53.7265907791671,-0.27847516862061217
3326.560000000001,0.0,14.62005940198664,53.04109126666659,53.31507011666646,53.91615688333312,54.25669151666674,-6.213537641572274,0.07,0.07,0.07,-0.1829076719059105,-2.6087230157177315,14.277877779951758,-1.433804293559644,0.0538092860708929,-10.707159261108387,0.06,0.16,0.16,14.515394754825568,53.632252445833224,-0.3679186652029438
3326.5700000000006,0.0,14.6,52.97546459999992,53.12318344999979,53.72284354999979,54.33016485000008,-6.233524317121904,0.07,0.07,0.07,-0.1833424639666071,-2.6100273918998216,14.2596165134025,-1.543639540688742,0.0588017973040337,-10.362675986021673,0.06,0.16,0.16,14.497672935849463,53.53791411249989,-0.45745627772801595
3326.580000000001,0.0,14.6,52.94632981009495,53.03159292853573,53.69093163418291,54.28285285357321,-6.24,0.07,0.07,0.07,-0.1837772560273037,-2.611331768081912,14.24135524685324,-1.4938858287434371,0.1018627941911096,-9.90704056084284,0.06,0.16,0.16,14.479952587971448,53.487926806596704,-0.5141808836538576
3326.5900000000006,0.0,14.6,52.93456569215394,52.98774485257378,53.73584917541222,54.17804525737148,-6.24,0.07,0.07,0.07,-0.1842120480880004,-2.6126361442640014,14.223093980303982,-1.3937356034055248,0.1569454181269614,-9.416304456687072,0.06,0.16,0.16,14.462233716599066,53.459051244377854,-0.560543487495589
3326.600000000001,0.0,14.6,52.97925828499985,52.99961877999992,53.74241759500003,54.21290622499979,-6.219744936234191,0.07,0.07,0.07,-0.184646840148697,-2.613940520446091,14.204832713754724,-1.4728764044938225,-0.313900124841313,-9.29237952559305,0.06,0.16,0.16,14.444516327165935,53.4835502212499,-0.5569149308125004
3326.6100000000006,0.0,14.6,53.05094828499985,53.03813877999992,53.73064759500003,54.31455622499979,-6.18973743435874,0.07,0.07,0.07,-0.1850816322093936,-2.615244896628181,14.186571447205466,-1.607707865168022,-0.9481073657903252,-9.282392009987554,0.06,0.16,0.16,14.426800425131917,53.5335727212499,-0.537758320335611
3326.620000000001,0.0,14.6,52.93279446575413,52.8955526027405,53.593427123288336,54.11162372602857,-6.240734265733775,0.07,0.07,0.07,-0.1855164242700903,-2.616549272810271,14.168310180656208,-1.4686733416779978,-0.6202853566983938,-10.365068836039349,0.06,0.16,0.16,14.409086015983258,53.38334947945288,-0.36130506981379273
3326.630000000001,0.0,14.6,52.72385797758397,52.666362067247725,53.396216662515485,53.76304091158142,-6.330644355644348,0.07,0.07,0.07,-0.1859512163307893,-2.617853648992368,14.150048914106849,-1.2433917396742844,0.0105031289120032,-11.791852315396198,0.06,0.16,0.16,14.391373105232661,53.13736940473215,-0.1353152705838674
3326.640000000001,0.0,14.6,52.643220892007015,52.61848032573289,53.34313655224254,53.60389590077676,-6.380204999999995,0.07,0.07,0.07,-0.186386008391486,-2.619158025174458,14.131787647557587,-1.2639162024703836,0.1045628481472122,-11.819551949624389,0.06,0.16,0.16,14.373661698419825,53.052183417689804,-0.1477964363944908
3326.6500000000005,0.0,14.6,52.62606228514157,52.66030442996742,53.36136757203708,53.53847871210224,-6.410204999999994,0.07,0.07,0.07,-0.1868208004521826,-2.620462401356548,14.11352638100833,-1.3607919593121376,0.0319060305158969,-11.412673770889024,0.06,0.16,0.16,14.355951801111027,53.04655324981208,-0.2343504969808683
3326.6600000000008,0.0,14.6,52.49387964071868,52.57974393712583,53.38314254491016,53.595513517964,-6.42,0.07,0.07,0.07,-0.1872555925128792,-2.621766777538637,14.095265114459073,-1.3683410852713962,0.0424883720929057,-10.420033591734413,0.06,0.16,0.16,14.338243418899667,53.013069910179674,-0.38821084659318383
3326.670000000001,0.0,14.6,52.30593552894235,52.43985371756504,53.40663555888221,53.71191072355275,-6.42,0.07,0.07,0.07,-0.1876903845735759,-2.623071153720728,14.077003847909811,-1.33733333333349,0.0889999999997649,-9.174555555561849,0.06,0.16,0.16,14.320536557406319,52.966083882235594,-0.5711232307672653
3326.6800000000007,0.0,14.6,52.25528757378685,52.29901251625846,53.29829081540811,53.700209364682514,-6.440149925037387,0.07,0.07,0.07,-0.1881251766342725,-2.6243755299028173,14.058742581360557,-1.2728232651027158,-0.1820718921599356,-8.56743384922818,0.06,0.16,0.16,14.302831222278925,52.88820006753398,-0.613153410093443
3326.690000000001,0.0,14.6,52.27241613806907,52.15770186093017,53.12486410205066,53.62527189594782,-6.470134932533762,0.07,0.07,0.07,-0.1885599686949716,-2.6256799060849145,14.040481314811192,-1.1979355966049654,-0.5515177234155041,-8.158047928107145,0.06,0.16,0.16,14.285127419192822,52.79506349924942,-0.6115442424024907
3326.7000000000007,0.0,14.6,52.1962110232674,52.10755013259945,53.03182132599447,53.42180460345248,-6.540389999999867,0.07,0.07,0.07,-0.1889947607556682,-2.6269842822670046,14.022220048261934,-1.2294943679599186,-0.6933016270337585,-8.497834793491588,0.06,0.16,0.16,14.26742515385134,52.689346771328445,-0.5559762134487495
3326.710000000001,0.0,14.6,52.07413946960238,52.10219611708782,52.97828117087824,53.155174630973626,-6.630389999999611,0.07,0.07,0.07,-0.1894295528163648,-2.6282886584490943,14.003958781712676,-1.294575719649325,-0.763389236545427,-9.073554443051725,0.06,0.16,0.16,14.24972443198534,52.57744784713552,-0.4834152229272185
3326.7200000000007,0.0,14.6,52.03769430142464,52.07815533116727,52.82197996500909,53.11588363909011,-6.700249937515332,0.07,0.07,0.07,-0.1898643448770615,-2.6295930346311844,13.985697515163418,-1.4929370629359526,-0.0977972028013433,-9.831223776220009,0.06,0.16,0.16,14.232025259353803,52.513428309172774,-0.5045749067822839
3326.730000000001,0.0,14.6,52.04304296425893,52.04499362159464,52.615521579605314,53.18755572106966,-6.760234941264432,0.07,0.07,0.07,-0.1924283067148913,-2.6287858466425544,13.969477337568804,-1.732697302696116,0.7963086913042665,-10.645409590405562,0.06,0.16,0.16,14.215971326841574,52.47277847163214,-0.5548457306475624
3326.7400000000007,0.0,14.6,51.98303945027504,51.94145917541256,52.53549151924041,53.12492248875586,-6.78,0.07,0.07,0.07,-0.1959578222888749,-2.6270210888555625,13.954182770081545,-1.6528828828837443,0.5491341341370305,-10.775250250250656,0.06,0.16,0.16,14.200663929910062,52.39622815842096,-0.48269045685162526
3326.750000000001,0.0,14.6,51.89106543728116,51.80349815592174,52.51731060969511,52.996586656671376,-6.78,0.07,0.07,0.07,-0.1994873378628787,-2.6252563310685604,13.938888202594192,-1.4727027027024828,-0.0564714714722105,-10.69016516516506,0.06,0.16,0.16,14.18535760304275,52.302115214892346,-0.3720859881249162
3326.7600000000007,0.0,14.6,51.8205936815796,51.80466161959512,52.45322228942762,52.99661808547864,-6.78,0.07,0.07,0.07,-0.2030168534368623,-2.623491573281569,13.923593635106933,-1.2852109862672858,-0.0971235955057031,-10.07179275905168,0.06,0.16,0.16,14.170052349707431,52.26877391902025,-0.3984790534847252
3326.770000000001,0.0,14.578757355141017,51.76068865783567,51.87419423644075,52.36657395151229,53.05973230692314,-6.78,0.07,0.07,0.07,-0.206546369010846,-2.621726815494577,13.908299067619668,-1.095448189763396,0.0377078651681135,-9.28777278402245,0.06,0.16,0.16,14.154748173386379,52.26529728817796,-0.46742574345544247
3326.7800000000007,0.0,14.53886506432626,51.75310120939527,51.80112340829612,52.39816950524721,53.00818928535752,-6.78,0.07,0.07,0.07,-0.2100758845848297,-2.619962057707585,13.893004500132404,-0.939561842764797,-0.2765473209794299,-8.852466199300407,0.06,0.16,0.16,14.139445077576797,52.24014585207402,-0.4482773431034131
3326.790000000001,0.0,14.498972773511506,51.77128211894052,51.657815062468856,52.48800458770609,52.90017329335339,-6.78,0.07,0.07,0.07,-0.2136054001588133,-2.618197299920593,13.877709932645145,-0.7943440160248241,-0.7322308462669311,-8.526977966952192,0.06,0.16,0.16,14.124143065790795,52.20431876561721,-0.4013856500061719
3326.8000000000006,0.0,14.459080482696752,51.73506603000013,51.55812441000016,52.31014930000065,52.77494125000028,-6.820030007501459,0.07,0.07,0.07,-0.217134915732797,-2.6164325421336017,13.86241536515788,-0.8515056179768795,-0.3748464419508626,-9.132479400744224,0.06,0.16,0.16,14.10884214155546,52.0945702475003,-0.36610800904047386
3326.810000000001,0.0,14.419188191881773,51.67193602999996,51.480014409999946,51.999849299999774,52.6411912499999,-6.8800450112527,0.07,0.07,0.07,-0.2206644313068007,-2.6146677843465995,13.84712079767053,-0.9713558052435158,0.2343920099878719,-10.02636204744122,0.06,0.16,0.16,14.093542308412873,51.9482477474999,-0.33442791009056894
3326.8200000000006,0.0,14.379295901067016,51.555357985037375,51.386325735660826,51.93855460349128,52.6004902244389,-6.9600149850147774,0.07,0.07,0.07,-0.2241939468807844,-2.612903026559608,13.831826230183268,-1.270493116395644,0.2847559449311112,-9.721872340425248,0.06,0.1514539748954097,0.16,14.078243569920511,51.87018213715709,-0.48620220386636276
3326.830000000001,0.0,14.339403610252262,51.412335541147016,51.28492922693258,52.00045984039905,52.60582688279302,-7.049925074924838,0.07,0.07,0.07,-0.2277234624547681,-2.611138268772616,13.816531662696006,-1.62593742177726,0.1595994993742042,-9.041021276595671,0.06,0.15,0.16,14.062945929650818,51.82588787281792,-0.6955922661851803
3326.8400000000006,0.0,14.299511319437508,51.37980576111247,51.31366876086408,52.07489444747944,52.58785994040231,-7.08,0.07,0.07,0.07,-0.2312529780287517,-2.609373510985624,13.801237095208744,-1.618494382022699,0.2786966292131141,-9.219333333332491,0.06,0.15,0.16,14.047649391191628,51.83905722746458,-0.6784913946696463
3326.850000000001,0.0,14.259619028622753,51.40318793146254,51.408260268189366,52.15566921777969,52.55810081450222,-7.08,0.07,0.07,0.07,-0.2347824936027354,-2.6076087531986323,13.78594252772148,-1.498644194757084,0.4734531835197382,-9.663777777775811,0.06,0.15,0.16,14.032353958146157,51.881304557983455,-0.5912332135905054
3326.8600000000006,0.0,14.219726737807996,51.42890562641781,51.43991634988657,52.12705217040631,52.52594342324192,-7.08,0.07,0.07,0.07,-0.2383120091767191,-2.6058439954116404,13.770647960234218,-1.149979974970924,0.112355444308201,-10.200503128908162,0.06,0.15,0.16,14.017059634133101,51.880454392488154,-0.35536935092207733
3326.870000000001,0.0,14.1873738635229,51.45587814973515,51.43775854802119,52.03966119485812,52.49249749432842,-7.08,0.07,0.07,0.07,-0.2418415247507027,-2.604079237624649,13.755353392746954,-0.7294543178997167,-0.4233141426753609,-10.766210262825382,0.06,0.15,0.16,14.001766422786686,51.85644884673572,-0.0728343214983001
3326.880000000001,0.0,14.16239634329098,51.33795008991029,51.438465954045945,51.95637374625383,52.26461498501533,-7.08,0.07,0.07,0.07,-0.2453710403247065,-2.6023144798376467,13.740058825259606,-0.8854531835206905,-0.1496629213481717,-10.915250936329594,0.06,0.1585498174230437,0.16,13.986474327756694,51.74935119380635,-0.1311214535321785
3326.890000000001,0.0,14.137418823059203,51.14768035964062,51.44060381618381,51.87513498501509,51.93965994006038,-7.08,0.07,0.07,0.07,-0.2489005558986901,-2.600549722050655,13.724764257772344,-1.220034956304815,0.3746816479403816,-10.935225967540584,0.06,0.16,0.16,13.971183352708877,51.600769775224975,-0.29498087264703465
3326.9000000000005,0.0,14.112441302827428,51.1315543320848,51.27644649188546,51.87776779026212,51.8883635955055,-7.08,0.07,0.07,0.07,-0.2538819549450014,-2.599647095005,13.710824470129998,-1.2085657071341271,0.2333166458078704,-10.917141426783532,0.06,0.16,0.16,13.957411246944405,51.54353305243447,-0.27916651595215264
3326.9100000000008,0.0,14.08746378259565,51.2031548314606,51.02851640449462,51.92265168539322,51.974925393258346,-7.08,0.07,0.07,0.07,-0.2595202337322543,-2.5991345242061588,13.697497629360129,-1.0884155193998382,-0.1171214017504719,-10.88710387984996,0.06,0.16,0.16,13.944328321327031,51.5323120786517,-0.20692373295192065
3326.920000000001,0.0,14.062486262363873,51.118723382243466,50.88419513553856,51.92228619746336,51.96465032081581,-7.08,0.07,0.07,0.07,-0.2651585125195072,-2.5986219534073176,13.684170788590256,-1.1248164794002895,-0.0894307116112706,-10.418659176033232,0.06,0.16,0.16,13.931248158898,51.4724637590153,-0.2929210560170509
3326.9300000000007,0.0,14.037508742132095,50.95480395921452,50.79265571748344,51.89886913703065,51.90504325789619,-7.08,0.07,0.07,0.07,-0.2707967913067601,-2.5981093826084765,13.670843947820384,-1.2097103620470078,0.055388264668425,-9.814414481900709,0.06,0.16,0.16,13.918170767447764,51.3878430179062,-0.4279344695676155
3326.940000000001,0.0,14.012531221900176,50.83570106946509,50.76847020489757,51.81680711644157,51.993774742629,-7.040960240059979,0.07,0.07,0.07,-0.2764350700940451,-2.597596811809632,13.65751710705044,-1.1690285428142262,0.09,-9.128878317476255,0.06,0.16,0.16,13.905096154794359,51.35368828335831,-0.5216198761645097
3326.9500000000007,0.0,13.9875537016684,50.74051866066964,50.78023432283858,51.70344379810091,52.16168078960525,-6.980945236309079,0.07,0.07,0.07,-0.282073348881298,-2.597084241010791,13.64419026628057,-1.0889083625438962,0.09,-8.417811717577079,0.06,0.16,0.16,13.892024328783805,51.3464693928036,-0.6023257904320225
3326.960000000001,0.0,13.962576181436622,50.63485672000002,50.68682020000004,51.60885097000002,52.12276020000004,-6.97952511872027,0.07,0.07,0.07,-0.2877116276685509,-2.59657167021195,13.630863425510698,-1.3598851722406222,0.0823714428357731,-8.738227658510521,0.06,0.16,0.16,13.878955297289785,51.263322022500034,-0.6440405919253452
3326.9700000000007,0.0,13.95,50.52357672000003,50.53702020000004,51.52432097000002,51.97296020000004,-7.009517620594735,0.07,0.07,0.07,-0.2933499064558039,-2.5960590994131088,13.617536584740828,-1.7393160259593237,0.0723864203694914,-9.377269096352544,0.06,0.16,0.16,13.865889068214058,51.139469522500036,-0.6737110182684434
3326.980000000001,0.0,13.95,50.455469424712405,50.53143353676831,51.30456126063063,51.77850863431739,-7.03951987996984,0.07,0.07,0.07,-0.2989881852430568,-2.595546528614268,13.604209743970957,-1.8338107160740824,0.3519929894820978,-10.029203805704794,0.06,0.1514495028780978,0.16,13.852825649486492,51.01749321410719,-0.6358557943762744
3326.9900000000007,0.0,13.95,50.41050694347184,50.603159399699685,51.012305132566965,51.56011943972037,-7.06952738184529,0.07,0.07,0.07,-0.3046264640303097,-2.5950339578154265,13.590882903201086,-1.838818227340978,0.7225488232323736,-10.68518778166812,0.06,0.15,0.16,13.83976504906519,50.89652272886471,-0.5767934346014847
3327.000000000001,0.0,13.95,50.33261442606492,50.44837716290658,50.98473517794515,51.382708671678806,-7.08,0.07,0.07,0.07,-0.3102647428175947,-2.594521387016582,13.57755606243114,-1.832371442835752,0.4171293060411998,-10.584443334997674,0.06,0.15,0.16,13.82670727493653,50.78710885964887,-0.5581163740246301
3327.0100000000007,0.0,13.95,50.237145754385786,50.17269796491176,51.09843943859671,51.22716982456111,-7.08,0.07,0.07,0.07,-0.3159030216048476,-2.594008816217741,13.56422922166127,-1.822386420369441,-0.0970993509737628,-10.24994508237629,0.06,0.15,0.16,13.813652335115574,50.68386324561384,-0.5519143535146781
3327.020000000001,0.0,13.95,50.22621996495618,50.04857746683356,51.103654247809786,51.120325892365486,-7.0214100000001896,0.07,0.07,0.07,-0.3215413003921005,-2.5934962454189,13.5509023808914,-1.4847409261575115,-0.2314292866082666,-9.941414267834666,0.06,0.15,0.16,13.800600237645753,50.62469439299125,-0.47125085390435656
3327.0300000000007,0.0,13.95,50.25943147934907,50.00358122152706,51.05222996745951,51.03890411514422,-6.9314100000004455,0.07,0.07,0.07,-0.3271795791793535,-2.5929836746200587,13.537575540121528,-1.044190237797199,-0.2464480600750954,-9.64103879849809,0.06,0.15,0.16,13.787550990599266,50.58853669586996,-0.36720194889991686
3327.040000000001,0.0,13.95,50.219290766542166,49.98826,50.96424159800297,50.99778910362056,-6.860930232558521,0.07,0.07,0.07,-0.3328178579666063,-2.5924711038212176,13.52424869935166,-0.9171178821179534,-0.3110189810187911,-9.196258741259904,0.06,0.15,0.16,13.774504602077148,50.54239536704142,-0.3851266344543209
3327.0500000000006,0.0,13.95,50.14127828214764,49.98826,50.85737518102416,50.97748448439459,-6.800915228807621,0.07,0.07,0.07,-0.3384561367538592,-2.5919585330223764,13.510921858581789,-0.8871478521480181,-0.3909390609386187,-8.70674825175096,0.06,0.15,0.16,13.761461080209362,50.49109948689159,-0.44083357824993097
3327.060000000001,0.0,13.95,50.02551910044961,49.91237502248861,50.68956077960995,50.85669253373292,-6.766972171304808,0.07,0.07,0.07,-0.3440944155411443,-2.591445962223532,13.49759501781184,-0.9905556946181509,0.0055369211509804,-8.757739674593056,0.06,0.15,0.16,13.748420433154866,50.371036859070266,-0.5090700119527004
3327.0700000000006,0.0,13.938634095218989,49.89005349991663,49.79687277361312,50.48992726303503,50.68343916041968,-6.746975504082669,0.07,0.07,0.07,-0.3497326943283971,-2.590933391424691,13.48426817704197,-1.1357371714641629,0.551219023779095,-8.978015018773212,0.06,0.15,0.16,13.735382669102032,50.215073174246115,-0.5812306522773356
3327.080000000001,0.0,13.91368150514016,49.75458789938365,49.68137052473763,50.29029374646011,50.51018578710645,-6.726978836860531,0.07,0.07,0.07,-0.3553709731156501,-2.59042082062585,13.4709413362721,-1.2730112359549228,0.5960649188515444,-8.980401997503185,0.06,0.15,0.16,13.722347796268298,50.059109489421964,-0.631631988457092
3327.0900000000006,0.0,13.888728915061332,49.77032766308407,49.65350056485875,50.37438371407109,50.53254153461613,-6.72,0.07,0.07,0.07,-0.3574665690581178,-2.588252806246978,13.456330893118654,-1.4078426966291222,0.4862022471910856,-8.91548314606746,0.06,0.15,0.16,13.707650274286218,50.08268836915751,-0.6753118641941436
3327.100000000001,0.0,13.863776324982505,49.86553386153424,49.6716860184953,50.60758541364568,50.65770024493828,-6.72,0.07,0.07,0.07,-0.3433133235725286,-2.5784919472913987,13.435833089311938,-1.3485056320404114,0.2655744680858743,-9.224042553190207,0.06,0.15,0.16,13.685324094234618,50.200626384653376,-0.5857466686911484
3327.1100000000006,0.0,13.838823734903675,49.879442847135465,49.64499532649507,50.68032486364778,50.704386880160094,-6.700470000000178,0.07,0.07,0.07,-0.3291600780869393,-2.56873108833582,13.415335285505224,-1.2283554443061226,0.0102553191505106,-9.649574468082482,0.06,0.15,0.16,13.663013817738408,50.2272874793596,-0.45444943183443404
3327.120000000001,0.0,13.813871144824848,49.85053116337262,49.59466758068567,50.668546029522176,50.709740895671736,-6.670470000000178,0.07,0.07,0.07,-0.3150068326013501,-2.558970229380241,13.394837481698508,-1.1504019975035544,-0.0118476903873494,-9.46385767790512,0.06,0.15,0.16,13.640719522831454,50.205871417313055,-0.45407890147308433
3327.130000000001,0.0,13.788918554745877,49.81254388417367,49.59842208686975,50.603477948077725,50.6610789915126,-6.67953488372091,0.07,0.07,0.07,-0.3008535871156804,-2.549209370424608,13.374339677891676,-1.0854831460674597,0.0380898876404156,-9.089325842696883,0.06,0.15,0.16,13.618441288002405,50.16888072765844,-0.494151699297944
3327.140000000001,0.0,13.76396596466705,49.76980798801799,49.63047400898651,50.51052737393911,50.584154378432366,-6.70954238559636,0.07,0.07,0.07,-0.2867003416300912,-2.539448511469028,13.35384187408496,-1.0433141426783774,0.1643679599498111,-9.095306633291507,0.06,0.15,0.16,13.596179192198004,50.123740937343996,-0.49221624383122575
3327.1500000000005,0.0,13.739013374588222,49.64597229385339,49.55980922039004,50.38327020489783,50.44987008495783,-6.739544999999954,0.07,0.07,0.07,-0.272547096144502,-2.529687652513449,13.333344070278246,-1.0082703379224434,0.3145556946180995,-9.220463078848416,0.06,0.15,0.16,13.573933314825142,50.00973045102477,-0.47712390273086197
3327.1600000000008,0.0,13.714060784509392,49.47913571214451,49.43468178410838,50.23782292853624,50.28517243378368,-6.769544999999955,0.07,0.07,0.07,-0.2583938506589128,-2.519926793557871,13.31284626647153,-1.049598002496674,0.4644569288384782,-9.494174781522087,0.06,0.158512129380011,0.16,13.551703735754193,49.8592032146432,-0.4651666660244801
3327.170000000001,0.0,13.7,49.48467752781172,49.34080022249722,50.175543065513054,50.20653735475909,-6.799544999999899,0.07,0.07,0.07,-0.2442406051733235,-2.510165934602292,13.292348462664814,-1.1145168539322154,0.6142696629204968,-9.81377528089706,0.06,0.16,0.16,13.529490535321752,49.80188954264528,-0.45417786470682153
3327.1800000000007,0.0,13.7,49.582022398021856,49.26355918417831,50.15755542645248,50.17373636588394,-6.829544999999814,0.07,0.07,0.07,-0.2300873596877343,-2.500405075646713,13.2718506588581,-1.1452490613265276,0.4479499374235086,-9.855689612015311,0.06,0.1514390371533729,0.16,13.507293794333492,49.79421834363415,-0.4408605593712274
3327.190000000001,0.0,13.7,49.54372707964583,49.2124815929203,50.18498849557531,50.20932389380543,-6.8595401149712245,0.07,0.07,0.07,-0.2159341142020646,-2.490644216691079,13.251352855051266,-1.1652740926157463,0.1826182728413575,-9.81063329161457,0.06,0.15,0.16,13.485113594066915,49.78763026548671,-0.4268139720811251
3327.2000000000007,0.0,13.7,49.42577006321093,49.176769835651015,50.23909721871058,50.285076106194815,-6.8895326168457744,0.07,0.07,0.07,-0.2017808687164754,-2.4808833577355003,13.230855051244552,-1.1318476903870656,0.547305867664865,-9.868674157303282,0.06,0.15,0.16,13.462950016274755,49.78167830594184,-0.44472644165148895
3327.210000000001,0.0,13.7,49.4043191304348,49.15668391304347,50.16997391304339,50.36443478260875,-6.919520239880022,0.07,0.07,0.07,-0.1876276232308862,-2.4711224987799216,13.210357247437836,-1.0819101123595845,1.106606741572655,-9.958561797752749,0.06,0.15,0.16,13.440803143187127,49.7738529347826,-0.4725110806185836
3327.2200000000007,0.0,13.7,49.43426415792101,49.14491979510246,50.03522128935545,50.44571414292846,-6.949505247376226,0.07,0.07,0.07,-0.1734743777452969,-2.461361639824343,13.18985944363112,-0.95566066066104,0.7064164164181866,-10.033358358358182,0.06,0.15,0.16,13.418673057514962,49.76502984632684,-0.3771811707594942
3327.230000000001,0.0,13.7,49.40774419604912,49.13663632408103,50.034977714428464,50.26346164541197,-6.979499999999898,0.07,0.07,0.07,-0.1593211322597077,-2.451600780868764,13.169361639824404,-0.8055105105112692,0.0057157157192562,-10.103428428428074,0.06,0.15,0.16,13.396559842452813,49.71070496999265,-0.24329207522063814
3327.2400000000007,0.0,13.7,49.3510200150039,49.13021471867969,50.10668564141017,49.94024084021088,-7.009499999999898,0.07,0.07,0.07,-0.1451678867741185,-2.441839921913185,13.14886383601769,-1.0750949050925502,-0.0112662337673817,-10.154323176822912,0.06,0.15,0.16,13.37446358168182,49.63204030382616,-0.3243556470395753
3327.250000000001,0.0,13.7,49.17566737684361,49.0714570292571,49.94113665416281,49.85497476369103,-7.0200000000000005,0.07,0.07,0.07,-0.1310146412884488,-2.432079062957551,13.128366032210858,-1.474695304695094,0.1835389610388584,-10.1992782217782,0.06,0.15,0.16,13.352384359372534,49.51080895598864,-0.472002461598983
3327.2600000000007,0.0,13.7,48.93699770942691,48.98476535633892,49.64895360840156,49.896715198799775,-7.0200000000000005,0.07,0.07,0.07,-0.1168613958028596,-2.4223182040019724,13.107868228404142,-1.486151151151191,0.1880755755755954,-10.377697697697618,0.06,0.15,0.16,13.330322260188426,49.36685796824179,-0.44931953383599216
3327.270000000001,0.0,13.682322954670289,48.7467288794608,48.89400488644864,49.592025141003305,49.84500924382323,-7.0200000000000005,0.07,0.07,0.07,-0.1027081503172704,-2.4125573450463933,13.087370424597427,-1.3760410410410455,0.1330205205205227,-10.59791791791791,0.06,0.15,0.16,13.30827736928812,49.269442037683994,-0.37328973339561783
3327.2800000000007,0.0,13.63734319556194,48.58223674070384,48.80107750935866,49.660385510356846,49.74353682056406,-7.0200000000000005,0.07,0.07,0.07,-0.0885549048316811,-2.402796486090814,13.066872620790711,-1.2546340244817251,0.245883087684123,-10.341014239320788,0.06,0.15,0.16,13.28624977232891,49.19680914524586,-0.383134174621638
3327.290000000001,0.0,13.592363436453589,48.593995121340775,48.69896487865922,49.66909107330503,49.66691787840894,-6.96177265898896,0.07,0.07,0.07,-0.0744016593460919,-2.393035627135236,13.046374816983995,-1.1297277042220384,0.4107594304269094,-9.936317761679405,0.06,0.15,0.16,13.264239555469668,49.157242237928486,-0.4195788229912051
3327.3000000000006,0.0,13.54738367734524,48.70107543157325,48.59188456842675,49.64553340505388,49.60374049537178,-6.871637456184839,0.07,0.07,0.07,-0.0780659480024698,-2.388991756499691,13.03327837666461,-1.134315736802453,0.5224443332496229,-9.50828121090962,0.06,0.15,0.16,13.250649838724676,49.13555847510641,-0.497511445753076
3327.310000000001,0.0,13.502403918236633,48.66530584325383,48.55791255456349,49.53855693948394,49.60928043650799,-6.84,0.07,0.07,0.07,-0.0897726940149176,-2.387528413248136,13.02352275498757,-1.1793495121341222,0.6175156367275915,-9.072954716036818,0.06,0.15,0.16,13.24086462472662,49.09276394345231,-0.5884022547431138
3327.3200000000006,0.0,13.457424159128283,48.55278600198396,48.56322009424604,49.38676130456327,49.65174075396832,-6.84,0.07,0.07,0.07,-0.101479440027299,-2.3860650699965875,13.013767133310584,-1.262478141393889,0.3691606295280989,-9.04247814139389,0.06,0.15,0.16,13.231089886892947,49.03862703869039,-0.5951059162842158
3327.330000000001,0.0,13.412444400019933,48.50823977329974,48.53711414105792,49.3353842720403,49.506509345088055,-6.84,0.07,0.07,0.07,-0.1131861860396803,-2.38460172674504,13.0040115116336,-1.357406944791251,0.0144266799905888,-9.137406944791252,0.06,0.15,0.16,13.22132564845919,48.971811882871506,-0.5757319610976852
3327.3400000000006,0.0,13.367464640911583,48.502849345088165,48.49291262972299,49.3418527858942,49.25315921914395,-6.84,0.07,0.07,0.07,-0.1248929320520617,-2.3831383834934923,12.994255889956616,-1.4181285964471702,-0.1386314736049059,-9.678548911681512,0.06,0.15,0.16,13.21157193270463,48.897693494962326,-0.4983122582260936
3327.350000000001,0.0,13.322484881803232,48.45231245000016,48.43433217000015,49.19609245500049,49.19910824999989,-6.820564858785413,0.07,0.07,0.07,-0.136599678064443,-2.381675040241945,12.984500268279632,-1.4681661245931847,-0.2286990242677326,-10.359059294467311,0.06,0.15,0.16,13.201828762952223,48.82046133125017,-0.40276278114297115
3327.3600000000006,0.0,13.277505122694883,48.37741245000016,48.36799217000014,48.96818245500049,49.25260824999989,-6.790572356910863,0.07,0.07,0.07,-0.1483064240768243,-2.380211696990397,12.974744646602646,-1.4838136863136568,-0.1050799200810386,-10.64203796203702,0.06,0.15,0.16,13.19209616256857,48.74154883125017,-0.37804629804622436
3327.370000000001,0.0,13.25,48.32956750187936,48.300161939363846,48.91755435229248,49.19334839388672,-6.76060893436497,0.07,0.07,0.07,-0.1600131700892057,-2.378748353738849,12.964989024925664,-1.4888086913086602,0.0847302697290908,-10.80187812187713,0.06,0.15,0.16,13.1823741549639,48.685158046855605,-0.37527087988504015
3327.380000000001,0.0,13.25,48.29632270107746,48.23152751190186,48.962595695314405,49.073238145828256,-6.730661342650337,0.07,0.07,0.07,-0.1717199161016536,-2.3772850104872933,12.955233403248622,-1.200340340340477,0.4272822822821418,-10.714226726726784,0.06,0.15,0.16,13.172662763591969,48.6409210135305,-0.32728236137980793
3327.390000000001,0.0,13.25,48.329628324162,48.14476829414718,48.93757245622818,49.088390535267536,-6.72,0.07,0.07,0.07,-0.1834266621140349,-2.375821667235745,12.945477781571638,-0.8199599599599756,0.8176726726726566,-10.549061561561569,0.06,0.15,0.16,13.162962011950276,48.62508990245122,-0.26513320671951834
3327.4000000000005,0.0,13.25,48.39814258129068,48.04842012005999,48.87548141070532,49.175103891946016,-6.72,0.07,0.07,0.07,-0.1951334081264163,-2.374358323984198,12.935722159894654,-0.6499125874126093,0.5515134865135844,-10.124817682317788,0.06,0.15,0.16,13.153271923579688,48.6242870010005,-0.24455623655249736
3327.4100000000008,0.0,13.25,48.328795940594205,48.04640599009896,48.85752955445544,49.09121861386157,-6.700665000000082,0.07,0.07,0.07,-0.2068401541387976,-2.3728949807326503,12.925966538217669,-0.5450174825175378,0.0819830169832642,-9.620322177822445,0.06,0.15,0.16,13.14359252206463,48.580987524752544,-0.23685657042300876
3327.420000000001,0.0,13.25,48.186835544555045,48.09407925742554,48.86282658415839,48.917476039604686,-6.670665000000168,0.07,0.07,0.07,-0.2185469001511789,-2.3714316374811024,12.916210916540685,-0.7487359198989714,-0.0795594493114437,-9.431379224030309,0.06,0.15,0.16,13.133923831033007,48.51530435643591,-0.3170658382046738
3327.4300000000007,0.0,13.25,48.05295256165137,48.01231517866207,48.76354349270335,48.82875587317584,-6.64072763518585,0.07,0.07,0.07,-0.2302536461635603,-2.369968294229555,12.9064552948637,-1.0491113892346935,-0.1446408010008502,-9.341266583229592,0.06,0.15,0.16,13.12426587415617,48.41439177654816,-0.4248079762921557
3327.440000000001,0.0,13.25,47.923712501258,47.85615010568674,48.6041474182182,48.78890685455455,-6.610824819337197,0.07,0.07,0.07,-0.2419603921760082,-2.3685049509779987,12.89669967318666,-1.1734265734264706,-0.1256543456544117,-9.403956043955883,0.06,0.15,0.16,13.114618675148819,48.293229219929366,-0.45904241077121066
3327.4500000000007,0.0,13.25,47.82603535373797,47.68080741595558,48.51672921224278,48.74983136979422,-6.619202407825393,0.07,0.07,0.07,-0.2536671381883895,-2.367041607726452,12.886944051509676,-1.2433566433565182,-0.0806993006993811,-9.513846153845956,0.06,0.15,0.16,13.1049822577692,48.19335083793264,-0.47057027711895827
3327.460000000001,0.0,13.25,47.74550349222269,47.49504725539367,48.46841009533362,48.71117607626689,-6.649300225733604,0.07,0.07,0.07,-0.2653738842007709,-2.3655782644749035,12.87718842983269,-1.4352599999995712,-0.0623800000000186,-9.456180000000206,0.06,0.15,0.16,13.09535664581873,48.10503422980422,-0.5456472351703695
3327.4700000000007,0.0,13.242941764558838,47.67888982438782,47.47880432352215,48.50235790749445,48.649302280484775,-6.66,0.07,0.07,0.07,-0.2770806302131522,-2.364114921223356,12.867432808155709,-1.6652599999995712,-0.0523800000000186,-9.346180000000205,0.06,0.15,0.16,13.085741863142193,48.07733858397229,-0.6405728596596131
3327.480000000001,0.0,13.22294676330917,47.61960711352962,47.55184909225815,48.57963715557746,48.57519889191203,-6.66,0.07,0.07,0.07,-0.2887873762255336,-2.362651577971808,12.85767718647872,-1.5561700000004008,0.4605399999987508,-9.514309999999524,0.06,0.15,0.16,13.07613793362762,48.08157306331932,-0.6318290043300875
3327.4900000000007,0.0,13.202951762059506,47.591719328452434,47.52522751325446,48.52376415551665,48.57473624337277,-6.640714821294803,0.07,0.07,0.07,-0.3004941222379149,-2.3611882347202604,12.847921564801736,-1.341170000000401,1.1305399999987509,-9.769309999999525,0.06,0.15,0.16,13.066544881206294,48.05386181014908,-0.5907054427051278
3327.500000000001,0.0,13.182956760809724,47.58199451148699,47.44094576622056,48.39085832365551,48.61687711688972,-6.610722319420168,0.07,0.07,0.07,-0.3090382737292326,-2.358775984746296,12.83693996186574,-1.2252138034507631,0.8250637659407699,-9.666129032257812,0.06,0.15,0.16,13.055510575438673,48.007668929563195,-0.5356158031160994
3327.5100000000007,0.0,13.16296175956006,47.52672274820503,47.390941099282,48.35442748700173,48.4502056003962,-6.61923652694605,0.07,0.07,0.07,-0.3039227084592752,-2.352265265311805,12.820663163279512,-1.14019254813723,0.214911227808356,-9.4510752688177,0.06,0.15,0.16,13.038210185350666,47.930574233721245,-0.47616405518698585
3327.520000000001,0.0,13.142966758310394,47.44724763060173,47.35915105224069,48.36926284228768,48.17257252290205,-6.649176646706509,0.07,0.07,0.07,-0.2988071431893179,-2.345754545877313,12.804386364693285,-1.200042489377378,0.0166383404150814,-9.796400899773682,0.06,0.15,0.16,13.020912420973744,47.83705851200804,-0.42338460033048886
3327.5300000000007,0.0,13.122971757060728,47.38628516112927,47.32243853110176,48.217557816638056,48.12162027479373,-6.621670835417926,0.07,0.07,0.07,-0.2936915779193605,-2.3392438264428224,12.788109566107057,-1.305016245938304,-0.0533441639588692,-10.316270932265883,0.06,0.15,0.16,13.003617292786283,47.76197544591571,-0.37268340069336764
3327.540000000001,0.0,13.102976755811062,47.33603285036239,47.28287820134912,47.96950385710794,48.201810132400446,-6.561640820410498,0.07,0.07,0.07,-0.2885760126494032,-2.332733107008332,12.771832767520827,-1.1584887459819089,0.0443408360120609,-9.590610932481834,0.06,0.15,0.16,12.986324811320872,47.69755626030498,-0.44345461314688867
3327.5500000000006,0.0,13.082981754561397,47.29864307385241,47.15696311377314,47.908590059880055,48.19015169660704,-6.5591945972984655,0.07,0.07,0.07,-0.2834604473794458,-2.32622238757384,12.7555559689346,-1.0267229254575294,-0.0854617909041177,-10.845794655408294,0.06,0.15,0.16,12.969034987164672,47.638586986028166,-0.19574990584634208
3327.560000000001,0.0,13.062986753311616,47.268742874251465,46.98076550898183,47.95664395209587,48.12501197604782,-6.58920960480235,0.07,0.07,0.07,-0.2783448821094593,-2.319711668139312,12.73927917034828,-1.045522388059782,0.1431343283586926,-10.85029850746196,0.06,0.15,0.16,12.95174783095964,47.58279107784425,-0.2251517841433878
3327.5700000000006,0.0,13.05,47.22107223434613,46.91792724190029,47.8860834312573,48.121986728218914,-6.561589205397456,0.07,0.07,0.07,-0.2732293168395019,-2.3132009487048206,12.723002371762052,-1.1052238805970012,0.5013432835820059,-10.31298507462699,0.06,0.15,0.16,12.934463353403274,47.53676740893066,-0.36376487504253663
3327.580000000001,0.0,13.05,47.16287515527955,46.92223813664596,47.74526086956532,48.15575540372669,-6.50161919040499,0.07,0.07,0.07,-0.2681137515695446,-2.306690229270329,12.706725573175824,-1.0330276381911363,0.6845351758791995,-9.661947236181986,0.06,0.15,0.16,12.917181565248372,47.49653239130438,-0.4570960911841835
3327.5900000000006,0.0,13.05,47.10467807621296,46.92654903139164,47.60443830787334,48.18952407923445,-6.4416491754125245,0.07,0.07,0.07,-0.2629981862995872,-2.3001795098358384,12.690448774589596,-0.9174497487440456,0.8101633165825592,-8.973505025127576,0.06,0.15,0.16,12.899902477303776,47.4562973736781,-0.5355339332361035
3327.600000000001,0.0,13.05,47.03146266000017,46.91833049000003,47.54743538500002,48.04638280500051,-6.458339999999756,0.07,0.07,0.07,-0.2578826210296299,-2.293668790401348,12.674171976003368,-0.9395129870127684,0.3981918081937601,-8.931878121877585,0.06,0.15,0.16,12.882626100434624,47.38590283500019,-0.5064046692201992
3327.6100000000006,0.0,13.05,46.950142660000175,46.90335049000003,47.53566538500002,47.80777280500051,-6.518339999999756,0.07,0.07,0.07,-0.2527670557596725,-2.287158070966856,12.65789517741714,-1.0044480519478125,-0.181228771226635,-9.091718281717691,0.06,0.15,0.16,12.865352445562708,47.29923283500018,-0.4437708967563617
3327.620000000001,0.0,13.05,46.80807800445703,46.79073229512301,47.42761356771523,47.63329040356562,-6.501688733450193,0.07,0.07,0.07,-0.2476514904897151,-2.2806473515323646,12.641618378830913,-1.2175818136386052,-0.1680139895087653,-9.16419685236053,0.06,0.15,0.16,12.848081523666828,47.164928567715215,-0.5057507317791194
3327.630000000001,0.0,13.05,46.6332327457288,46.62542405050723,47.26760366427302,47.49341419658304,-6.441733699725202,0.07,0.07,0.07,-0.2425359252197287,-2.2741366320978367,12.62534158024459,-1.4773869597802305,0.0318361229078693,-9.209163127654271,0.06,0.15,0.16,12.830813345783051,47.00491866427302,-0.6069744313568994
3327.640000000001,0.0,13.05,46.59364488173126,46.531691504781065,47.14394151987919,47.45862275792653,-6.439110666999723,0.07,0.07,0.07,-0.2374203599497713,-2.2676259126633456,12.609064781658365,-1.4441107871720744,0.0541836734694046,-9.73263848396468,0.06,0.15,0.16,12.813547923005489,46.9319751660795,-0.5189013674851923
3327.6500000000005,0.0,13.05,46.63349390035221,46.47999548062416,47.04162647206865,47.48554777050825,-6.469088183862048,0.07,0.07,0.07,-0.2323047946798139,-2.261115193228854,12.592787983072135,-1.3177745383869326,0.020170068027251,-10.408051506316014,0.06,0.15,0.16,12.796285266486034,46.91016590588832,-0.3707222166685818
3327.6600000000008,0.0,13.05,46.58276501863391,46.47863341614897,47.02424462608685,47.5067835229813,-6.48,0.07,0.07,0.07,-0.2271892294098565,-2.254604473794363,12.576511184485907,-1.3269258496393508,0.2590679711627077,-10.469222451081947,0.06,0.15,0.16,12.779025387435167,46.898106645962756,-0.3893793515915799
3327.670000000001,0.0,13.036899650524148,46.48174638509367,46.50521726708062,47.05401853913029,47.52486054161482,-6.48,0.07,0.07,0.07,-0.2220736641398992,-2.248093754359872,12.56023438589968,-1.3938671472705113,0.6143717816665601,-10.268398558188467,0.06,0.15,0.16,12.761768297122194,46.89146068322985,-0.47919775532552367
3327.6800000000007,0.0,12.996959560659,46.46870685999979,46.38685935000109,47.04613022000016,47.53896098499994,-6.460933599600739,0.07,0.07,0.07,-0.2169580988699418,-2.2415830349253807,12.543957587313452,-1.1823000000016983,0.5823550000008776,-10.060610000001189,0.06,0.15,0.16,12.744514006875637,46.86016435375024,-0.4362665494721221
3327.690000000001,0.0,12.957019470793623,46.50722686000001,46.18355934999993,47.01617021999999,47.550730985,-6.430978532201723,0.07,0.07,0.07,-0.2118425335999554,-2.2350723154908523,12.527680788727132,-0.8822999999999932,0.4273549999999965,-9.850609999999996,0.06,0.15,0.16,12.727262528083504,46.814421853749984,-0.3511842818112004
3327.7000000000007,0.0,12.917079380928474,46.49518864203698,46.12730148776832,46.96198802795812,47.44056382426376,-6.382018486135528,0.07,0.07,0.07,-0.206726968329998,-2.228561596056361,12.511403990140902,-0.7796399999999991,-0.0616050000000135,-9.663379999999997,0.06,0.15,0.16,12.710013872194077,46.756260495506794,-0.29420032516801675
3327.710000000001,0.0,12.877139291063324,46.45352114328519,46.1572166150773,46.89361059410902,47.258936265602095,-6.322063452410879,0.07,0.07,0.07,-0.2016114030600406,-2.22205087662187,12.495127191554674,-0.7396399999999991,-0.6566050000000135,-9.483379999999997,0.06,0.15,0.16,12.692768050715687,46.6908211545184,-0.24613823012583094
3327.7200000000007,0.0,12.837199201198176,46.36806690035098,46.18920544316461,46.82308694541842,47.1536237155736,-6.318974230672865,0.07,0.07,0.07,-0.1996297297297305,-2.217778378378384,12.480002702702723,-0.9349812453112046,-0.2951387846964776,-9.500735183795912,0.06,0.15,0.16,12.67709984278983,46.6334957511269,-0.34669773428114226
3327.730000000001,0.0,12.797259111333029,46.25661972959495,46.22242527290919,46.75128924887367,47.09361370055113,-6.3489967475604745,0.07,0.07,0.07,-0.1990891891891904,-2.2145351351351428,12.465408108108145,-1.205048762190254,0.3700275068759959,-9.580755188797111,0.06,0.15,0.16,12.662156280495369,46.58098698798223,-0.494448022898367
3327.7400000000007,0.0,12.757319021467875,46.179684345000304,46.13080621000088,46.656621865000574,47.086281969999874,-6.340995000000217,0.07,0.07,0.07,-0.1985486486486504,-2.2112918918919027,12.45081351351356,-1.2889827543113492,0.2832241939524603,-9.880944763807967,0.06,0.15,0.16,12.647212757968413,46.5133485975004,-0.4681783079682696
3327.750000000001,0.0,12.7173789316025,46.12297434499998,45.966026209999946,46.548551864999965,47.109821970000006,-6.310995000000046,0.07,0.07,0.07,-0.1980081081081073,-2.208048648648644,12.436218918918897,-1.3139765058735455,-0.0416945763560915,-10.250852286928474,0.06,0.15,0.16,12.632269275350014,46.43684359749998,-0.38680416795092226
3327.7600000000007,0.0,12.677438841737352,46.06289116999998,45.903116095,46.55044737000002,47.10570193499999,-6.31900024993748,0.07,0.07,0.07,-0.1974675675675672,-2.204805405405404,12.421624324324316,-1.3693350000000015,0.2063700000000097,-10.343795,0.06,0.15,0.16,12.617325832782138,46.4055391425,-0.41712347433844965
3327.770000000001,0.0,12.65,46.00083116999998,45.899906095,46.616787370000026,47.08537193499999,-6.348992751812031,0.07,0.07,0.07,-0.1969270270270272,-2.201562162162164,12.407029729729736,-1.4343350000000017,0.6363700000000098,-10.348795,0.06,0.15,0.16,12.602382430407172,46.400724142499996,-0.48290802523646426
3327.7800000000007,0.0,12.65,45.97587660084979,45.84611162209456,46.6183681429643,47.1001173906523,-6.36,0.07,0.07,0.07,-0.1963864864864871,-2.198318918918923,12.392435135135154,-1.2792250000004803,0.6792800000001707,-9.947730000001132,0.06,0.15,0.16,12.58743906836826,46.38511843914024,-0.4959775958808753
3327.790000000001,0.0,12.65,45.97266740314922,45.76267248187981,46.5819972356912,47.13541856535854,-6.36,0.07,0.07,0.07,-0.1958459459459471,-2.195075675675683,12.377840540540571,-1.0542250000011195,0.599280000000398,-9.417730000002638,0.06,0.15,0.16,12.572495746809231,46.36318892151969,-0.4923089448637354
3327.8000000000006,0.0,12.65,45.93573482741399,45.78440610305112,46.53684145072561,46.93940446223274,-6.36,0.07,0.07,0.07,-0.195305405405407,-2.1918324324324425,12.363245945945993,-0.9848237940515908,0.2309472631865874,-9.529025243687446,0.06,0.15,0.1514971309337638,12.557552465874604,46.29909671085586,-0.4138588042420112
3327.810000000001,0.0,12.65,45.87899645822914,45.86790785392692,46.4865262931466,46.60753852926479,-6.36,0.07,0.07,0.07,-0.194764864864864,-2.188589189189184,12.348651351351329,-0.9648287928017768,-0.2289377655591311,-9.843946513372014,0.06,0.15,0.15,12.542609225709482,46.21024228364186,-0.3116638164586221
3327.8200000000006,0.0,12.65,45.786545615788334,45.77997913564855,46.49022391206589,46.466189407944086,-6.36,0.07,0.07,0.07,-0.1942243243243239,-2.185345945945944,12.334056756756748,-1.0396624156039855,-0.3969017254314183,-10.030010002500742,0.06,0.15,0.15,12.527666026459933,46.13073451786172,-0.29117032566428114
3327.830000000001,0.0,12.65,45.67321061703751,45.59180026979812,46.52550744941285,46.436251861104246,-6.36,0.07,0.07,0.07,-0.1936837837837839,-2.182102702702704,12.319462162162166,-1.1446886721680605,-0.4719204801200431,-10.175046261565418,0.06,0.15,0.15,12.51272286827246,46.05669254933818,-0.296689902137674
3327.8400000000006,0.0,12.65,45.63862181318677,45.53015470529467,46.44639378121922,46.48572028971,-6.341064467766213,0.07,0.07,0.07,-0.1931432432432438,-2.1788594594594635,12.304867567567584,-1.0827150000002457,-0.3799450000003095,-10.43390499999937,0.06,0.15,0.1585080855503127,12.49777975129435,46.02522264735266,-0.2462665355445634
3327.850000000001,0.0,12.65,45.65038005494501,45.54298187812184,46.29995022477571,46.58192408591376,-6.311079460270008,0.07,0.07,0.07,-0.1926027027027038,-2.175616216216223,12.290272972973003,-0.9677150000005724,-0.2349450000007216,-10.728904999998532,0.06,0.15,0.16,12.482836675673605,46.018809060939084,-0.1780799946707861
3327.8600000000006,0.0,12.65,45.58498413190152,45.45718555583371,46.29236452660474,46.537249382963296,-6.3,0.07,0.07,0.07,-0.1920621621621637,-2.172372972972983,12.275678378378425,-1.0576449999991224,0.2440149999966879,-10.340805000003426,0.06,0.15,0.16,12.467893641558923,45.96794589932581,-0.31681878908651684
3327.870000000001,0.0,12.642861794319574,45.47378752935354,45.312843812141615,46.367208393704345,46.40894561079255,-6.3,0.07,0.07,0.07,-0.1915216216216237,-2.1691297297297423,12.26108378378384,-1.2126449999991225,0.829014999996688,-9.735805000003426,0.06,0.15,0.16,12.452950649099717,45.89069633649801,-0.5212611484644546
3327.880000000001,0.0,12.617815458598365,45.42147215215214,45.20455027027023,46.3127296696696,46.37168784784786,-6.3,0.07,0.07,0.07,-0.1909810810810806,-2.165886486486484,12.246489189189177,-1.1740999999999977,0.5867049999999885,-9.354709999999994,0.06,0.15,0.16,12.438007698446043,45.82760998498496,-0.5407951018492134
3327.890000000001,0.0,12.592769122877298,45.404335015015,45.11779351351344,46.180987927927816,46.388824984985,-6.3,0.07,0.07,0.07,-0.1904405405405405,-2.1626432432432434,12.231894594594596,-1.0740999999999978,0.0817049999999884,-9.044709999999991,0.06,0.15,0.16,12.423064789748926,45.772985360360316,-0.5016163729605699
3327.9000000000005,0.0,12.567722787156232,45.28302610652653,45.12920832208056,46.13399638409602,46.23792204050999,-6.281169415292472,0.07,0.07,0.07,-0.1912999297335209,-2.160099994594886,12.21630019998921,-1.0689797449362226,-0.0779594898724453,-9.224328582145384,0.06,0.15,0.16,12.40728085545021,45.69603821330328,-0.4561111649846674
3327.9100000000008,0.0,12.542676451435163,45.10001035258816,45.19877571392848,46.13720718679669,45.98747942985749,-6.251184407796182,0.07,0.07,0.07,-0.1983265769417722,-2.160640505918598,12.19630128101188,-1.0939859964990977,-0.1279719929981951,-9.559412353087907,0.06,0.15,0.16,12.387795032375601,45.605868170792704,-0.408597154031125
3327.920000000001,0.0,12.517630115714097,45.05491917876813,45.1532284426641,45.96194162243391,45.92407423134698,-6.24,0.07,0.07,0.07,-0.2053532241500235,-2.16118101724231,12.17630236203455,-1.3126599999990487,-0.162784999999898,-9.579240000000272,0.06,0.15,0.16,12.368314862892417,45.52354086880328,-0.47541152681202503
3327.9300000000007,0.0,12.49258377999303,45.09135383074605,45.03963805708584,45.6811804807216,45.971224957436064,-6.24,0.07,0.07,0.07,-0.2123798713582749,-2.161721528566021,12.15630344305722,-1.592659999998253,-0.1927849999998128,-9.4992400000005,0.06,0.15,0.16,12.348840373756104,45.445849331497385,-0.5784286333497652
3327.940000000001,0.0,12.46753744427182,45.07107900249365,44.90678730673287,45.613443057356726,45.9811857805486,-6.24,0.07,0.07,0.07,-0.2194065185665662,-2.162262039889736,12.136304524079774,-1.47012500000031,-0.4620274999995725,-10.053422499999066,0.06,0.15,0.16,12.329371591883213,45.393123786782965,-0.4254129243993849
3327.9500000000007,0.0,12.442491108550756,45.01771241895263,44.76269753117209,45.67001163591021,45.969445132169575,-6.24,0.07,0.07,0.07,-0.2264331657748175,-2.1628025512134474,12.116305605102443,-1.22012500000031,-0.8070274999995726,-10.808422499999065,0.06,0.15,0.16,12.309908544353004,45.354966679551126,-0.1913229664353165
3327.960000000001,0.0,12.417444772829688,44.95822905500006,44.75982697999992,45.64220408500008,45.92416834500006,-6.221220000000044,0.07,0.07,0.07,-0.2334598129830688,-2.1633430625371592,12.096306686125113,-1.1865692153922185,-0.0397851074490068,-10.857153923038908,0.06,0.15,0.16,12.29045125840792,45.32110711625003,-0.25245997507805573
3327.9700000000007,0.0,12.4,44.89509905500006,44.84114697999992,45.56409408500007,45.85889834500006,-6.191220000000129,0.07,0.07,0.07,-0.2404864601913202,-2.163883573860871,12.076307767147782,-1.2215517241377905,1.079655172409295,-10.682241379311048,0.06,0.15,0.16,12.27099976145522,45.289809616250025,-0.4070822838780288
3327.980000000001,0.0,12.4,44.8412935721444,44.78352751002036,45.48051242985992,45.851312459919775,-6.161238761238928,0.07,0.07,0.07,-0.2475131073995715,-2.1644240851845824,12.05630884817045,-0.994747373688505,1.1868409204613826,-10.378186593298498,0.06,0.15,0.16,12.251554081068035,45.23916149298611,-0.3880777090713732
3327.9900000000007,0.0,12.4,44.79304707915853,44.64307660821707,45.39366874248536,45.878116067134144,-6.131268731268908,0.07,0.07,0.07,-0.2545397546078228,-2.164964596508294,12.03630992919312,-0.6845922961501272,0.9717333666847656,-10.033014007005788,0.06,0.15,0.16,12.232114244986557,45.17697712424878,-0.31379179953563663
3328.000000000001,0.0,12.4,44.7173460748129,44.55685941645881,45.397246488778094,45.724492513715525,-6.12,0.07,0.07,0.07,-0.2615664018161141,-2.1655051078320087,12.016311010215675,-0.6935658914726791,0.3882170542647692,-9.836046511628163,0.06,0.15,0.1514866979655514,12.212680281119129,45.098986123441335,-0.2859379572452012
3328.0100000000007,0.0,12.4,44.62555555112207,44.502425501246805,45.45381506733175,45.46513091770539,-6.12,0.07,0.07,0.07,-0.2685930490243655,-2.1660456191557205,11.996312091238345,-0.8035933983493289,-0.311957989495729,-9.686009002250916,0.06,0.15,0.15,12.193252217543899,45.011731759351505,-0.2727870934577182
3328.020000000001,0.0,12.4,44.58716729952535,44.5382178066451,45.456274064451634,45.41815875593313,-6.138715321169657,0.07,0.07,0.07,-0.2756196962326168,-2.1665861304794323,11.976313172261014,-1.0276494123523132,-0.4343885971494662,-9.50556389097331,0.06,0.15,0.15,12.17383008250936,44.9999544816388,-0.36260706191068015
3328.0300000000007,0.0,12.4,44.58075211091681,44.62803044716463,45.42633651761179,45.49834861353985,-6.168707823044121,0.07,0.07,0.07,-0.2826463434408681,-2.167126641803144,11.956314253283685,-1.2877144286062123,-0.3743735933985663,-9.31551637909546,0.06,0.15,0.15,12.154413904436037,45.033366922308275,-0.4849441352821229
3328.040000000001,0.0,12.4,44.494043727455136,44.6189828456915,45.2752552304613,45.45356997996012,-6.198704999999857,0.07,0.07,0.07,-0.2896729906491195,-2.1676671531268554,11.936315334306352,-1.2512337662342865,-0.4017857142854942,-9.729642857140435,0.06,0.15,0.15,12.135003711917589,44.96046294589201,-0.4071694595991196
3328.0500000000006,0.0,12.4,44.35895354709472,44.55036561122271,45.051177074149166,45.33348981963975,-6.228704999999858,0.07,0.07,0.07,-0.2966996378573708,-2.168207664450567,11.91631641532902,-1.121363636364198,-0.4567307692305317,-10.33403846153585,0.06,0.15,0.15,12.115599533722081,44.82349651302658,-0.2663747130423091
3328.060000000001,0.0,12.4,44.29596459850372,44.423627072318986,44.93564635411464,45.2794360199501,-6.24,0.07,0.07,0.07,-0.3037262850656621,-2.1687481757742817,11.896317496351577,-1.1849074074075985,-0.0941666666659103,-10.1914814814809,0.06,0.15,0.15,12.096201398793124,44.733668511221865,-0.34698907655593403
3328.0700000000006,0.0,12.38915945797276,44.27568529675806,44.262459990024624,44.88441443391511,45.264493376558576,-6.24,0.07,0.07,0.07,-0.3107529322739134,-2.169288687097993,11.876318577374246,-1.3100325325327635,0.401328828829743,-9.8111011011004,0.06,0.15,0.15,12.076809336251557,44.67176327431409,-0.4980982325315694
3328.080000000001,0.0,12.349157457872804,44.215608751874576,44.14349242792856,44.862434004332606,45.22908971504743,-6.215148283905379,0.07,0.07,0.07,-0.3177795794821648,-2.169829198421705,11.856319658396917,-1.1650850000000552,0.5694324999999845,-9.666765000000018,0.06,0.15,0.1585185185185251,12.057423375396105,44.61265622479579,-0.48874565067036857
3328.0900000000006,0.0,12.30915545777285,44.1314494450925,44.05006133311117,44.85815471754707,45.18130434594235,-6.175161612795791,0.07,0.07,0.07,-0.3169600675540741,-2.168480033777037,11.843312148618963,-0.9350850000007088,0.6344324999997997,-9.596765000000216,0.06,0.15,0.16,12.044368476219045,44.55524246042327,-0.42885975360664713
3328.100000000001,0.0,12.269153457672896,44.04729013831042,43.956630238293776,44.85387543076155,45.13351897683727,-6.135174941686203,0.07,0.07,0.07,-0.3125157218728701,-2.166257860936435,11.833534588120314,-0.9256299999997742,0.5131100000006773,-9.735902499999227,0.06,0.15,0.16,12.0342378256675,44.49782869605075,-0.3920121439952239
3328.1100000000006,0.0,12.22915145757294,44.02883484257865,43.92868316341825,44.85092851574213,45.03026500749669,-6.12,0.07,0.07,0.07,-0.3080713761916661,-2.164035688095833,11.823757027621664,-0.9856299999997742,0.3331100000006773,-9.940902499999227,0.06,0.15,0.16,12.024108643904285,44.45967788230893,-0.3624198530490723
3328.120000000001,0.0,12.189149457472986,44.05022414792594,43.94044728135926,44.848789585207406,44.893373453274016,-6.12,0.07,0.07,0.07,-0.3036270305104622,-2.161813515255231,11.813979467123016,-1.1899350649340648,0.08487012987121,-9.87224025974088,0.06,0.15,0.16,12.013980934644477,44.433208616941656,-0.4156078915227302
3328.130000000001,0.0,12.149147457372804,43.96716873936976,43.97084816908452,44.62442654327181,44.78367562281145,-6.12,0.07,0.07,0.07,-0.2991826848292329,-2.1595913424146165,11.804201906624312,-1.4396853146856547,-0.1848601398605071,-9.717395104894894,0.06,0.15,0.16,12.003854701615095,44.336529768634385,-0.4948654748968436
3328.140000000001,0.0,12.10914545727285,43.82050540770411,44.01259904452219,44.2647266933473,44.69053905452743,-6.12,0.07,0.07,0.07,-0.294738339148029,-2.1573691695740145,11.794424346125664,-1.2725068732817972,-0.3978705323668318,-10.059155211197004,0.06,0.15,0.16,11.993729948555371,44.19709255002525,-0.36485255225532653
3328.1500000000005,0.0,12.069143457172895,43.75183513108619,43.91127715355843,44.20943445692858,44.70194704119835,-6.138554999999895,0.07,0.07,0.07,-0.290293993466825,-2.1551469967334125,11.784646785627016,-0.9725818545371464,-0.5928217945508547,-10.559030242438087,0.06,0.15,0.16,11.983606679216452,44.143623445692896,-0.16820966626204703
3328.1600000000008,0.0,12.02914145707294,43.73046184769043,43.72319225967573,44.33874282147294,44.77675353308352,-6.168554999999895,0.07,0.07,0.07,-0.285849647785621,-2.1529248238928105,11.774869225128366,-1.002355588896736,-0.0865216304102424,-10.676209052263085,0.06,0.15,0.16,11.973484897361676,44.142287615480654,-0.2131215219008639
3328.170000000001,0.0,12.0,43.71504989010991,43.67359032967027,44.36335872127879,44.77933324675332,-6.18,0.07,0.07,0.07,-0.2814053021044171,-2.1507026510522085,11.765091664629718,-1.1373893473362606,0.6436609152257059,-10.671207801950509,0.06,0.15,0.16,11.963364606766575,44.13283304695307,-0.3351524375343611
3328.1800000000007,0.0,12.0,43.70329164835167,43.70886505494498,44.32380827172836,44.73764493506502,-6.18,0.07,0.07,0.07,-0.2769609564232131,-2.1484804782116065,11.755314104131068,-1.0258489622414872,0.5848062015519002,-10.321002750689916,0.06,0.15,0.1515456431535768,11.953245811218896,44.11840247752251,-0.3445746045456671
3328.190000000001,0.0,12.0,43.71399758181371,43.62851145141101,44.2386589707716,44.67348419685214,-6.161475000000029,0.07,0.07,0.07,-0.2725166107419839,-2.146258305370992,11.745536543632364,-0.8358014503625575,0.2747286821704884,-9.860887721930402,0.06,0.15,0.15,11.943128514518612,44.063663050212114,-0.31814309615416947
3328.2000000000007,0.0,12.0,43.73858913814644,43.47668532100895,44.125323972020766,44.59543273544826,-6.131475000000029,0.07,0.07,0.07,-0.2680722650607799,-2.14403613253039,11.735758983133715,-0.8924393901522385,0.0140914771311227,-9.68550112471896,0.06,0.15,0.15,11.933012720478194,43.984007791656104,-0.3366039995887437
3328.210000000001,0.0,12.0,43.66324242092149,43.48615062515571,44.12786333748446,44.475464896637554,-6.12,0.07,0.07,0.07,-0.2636279193795759,-2.141813959689788,11.725981422635067,-1.0274056485873313,-0.2308472881770086,-9.600522369407976,0.06,0.15,0.15,11.922898432922306,43.9381803200498,-0.36931927884683036
3328.2200000000007,0.0,12.0,43.52572809962661,43.59594888169348,44.20248351183052,44.32942255541741,-6.12,0.07,0.07,0.07,-0.259183573698372,-2.139591786849186,11.71620386213642,-1.1471403596398264,-0.0513111888126492,-9.705027472526709,0.06,0.15,0.15,11.91278565568809,43.913395762142,-0.4123817127208104
3328.230000000001,0.0,12.0,43.386681748252094,43.54839391608428,44.14638174825209,44.25474356643364,-6.157031484257755,0.07,0.07,0.07,-0.254739228017168,-2.137369614008584,11.70642630163777,-1.2620254745249049,0.2633741258725654,-9.86986263736182,0.06,0.15,0.15,11.902674392625151,43.834050244755524,-0.45873859331832223
3328.2400000000007,0.0,12.0,43.246651778222166,43.39981249750291,44.00635177822217,44.22588242757251,-6.217001499250164,0.07,0.07,0.07,-0.2502948823359641,-2.135147441167982,11.69664874113912,-1.252165541385622,0.1394773693437971,-9.845681420355556,0.06,0.15,0.15,11.892564647595618,43.719674620379934,-0.44620375100335186
3328.250000000001,0.0,12.0,43.19486745,43.223212819999794,43.97275317000004,44.23077725000003,-6.24,0.07,0.07,0.07,-0.2458505366547348,-2.132925268327368,11.686871180640416,-1.202153038259588,-0.1255888972241839,-9.7606601650413,0.06,0.15,0.15,11.88245642447412,43.65540267249996,-0.41471301373832553
3328.2600000000007,0.0,12.0,43.20021744999999,43.028472820000346,44.008063169999936,44.25752724999995,-6.24,0.07,0.07,0.07,-0.2414061909735309,-2.1307030954867656,11.677093620141768,-1.307364341085102,0.0144411102772746,-9.607491872968431,0.06,0.15,0.15,11.872349727148068,43.62357017250005,-0.48778615464590763
3328.270000000001,0.0,11.995206537445792,43.15866228241805,43.039255435163895,44.02584964635062,44.20744048156536,-6.258470764617576,0.07,0.07,0.07,-0.2369618452923269,-2.128480922646164,11.66731605964312,-1.4624031007749267,0.2845086271563239,-9.43244811202831,0.06,0.15,0.15,11.862244559517363,43.60780196137448,-0.5944247148348433
3328.2800000000007,0.0,11.97527530021426,43.08673853022339,43.18310293955321,44.03229057938298,44.10760601956382,-6.288455772113781,0.07,0.07,0.07,-0.2325174996111229,-2.1262587498055616,11.65753849914447,-1.2235816046001458,0.4635966008492551,-9.651272181953289,0.06,0.15,0.15,11.852140925494668,43.60243451718085,-0.4997294254609018
3328.290000000001,0.0,11.955344062982729,43.05565941529237,43.11797448275925,43.89699544227958,44.13135110944495,-6.3,0.07,0.07,0.07,-0.228073153929919,-2.12403657696496,11.647760938645822,-0.8586728317941543,0.6135591102215805,-9.996185953509634,0.06,0.15,0.15,11.842038829005416,43.55049511244404,-0.3405807255001672
3328.3000000000006,0.0,11.935412825751197,43.05031208895555,42.92119287356416,43.67240773613301,44.23295030984459,-6.3,0.07,0.07,0.07,-0.223628808248715,-2.1218144041243576,11.637983378147174,-0.8116454113524655,0.5137059264828404,-9.803625906479091,0.06,0.15,0.15,11.831938273987836,43.46921575212433,-0.34354666865358024
3328.310000000001,0.0,11.915481588519553,42.99520765734265,42.84297583916084,43.63841234265735,44.04775094405591,-6.3,0.07,0.07,0.07,-0.2197024243898438,-2.118313738209116,11.62702424389844,-0.866659164791103,0.3336609152291173,-9.438534633659044,0.06,0.15,0.15,11.820457479174413,43.381086695804186,-0.3985520547109868
3328.3200000000006,0.0,11.895550351288016,42.90862424075926,42.83976904595405,43.724995759240734,43.68110758741267,-6.3,0.07,0.07,0.07,-0.2180807589394278,-2.1091243006567577,11.61080758939428,-1.0011999999997,-0.0395124999991839,-9.562099999999475,0.06,0.15,0.1583324808184358,11.802830906650161,43.288624158341676,-0.38622938027104103
3328.330000000001,0.0,11.875619114056486,42.894497049999984,42.836560295000005,43.54707186000012,43.56900204499998,-6.318376217836576,0.07,0.07,0.07,-0.2164590934890118,-2.0999348631044006,11.59459093489012,-1.1611999999996998,-0.4745124999991839,-9.842099999999474,0.06,0.15,0.16,11.785207673854183,43.211782812500026,-0.3523528382790173
3328.3400000000006,0.0,11.855687876824954,42.926597049999984,42.833350295,43.20039186000012,43.61929204499998,-6.348353734698901,0.07,0.07,0.07,-0.2148374280385959,-2.0907454255520435,11.57837428038596,-1.2189374999999532,-0.409562500000422,-9.864550000000111,0.06,0.15,0.16,11.767587795791291,43.14490781250002,-0.37509841436517366
3328.350000000001,0.0,11.835756639593422,42.86274785714292,42.87256010989008,43.06927549450549,43.6245231868132,-6.36,0.07,0.07,0.07,-0.2132157625881799,-2.0815559879996863,11.5621576258818,-1.243937499999953,-0.184562500000422,-9.804550000000113,0.06,0.15,0.16,11.749971287553434,43.107276662087926,-0.4159705431036054
3328.3600000000006,0.0,11.81582540236189,42.73768292207803,42.938833836163774,43.07568908091908,43.601006703296726,-6.36,0.07,0.07,0.07,-0.2115940971377639,-2.072366550447329,11.54594097137764,-1.1591000000004834,0.2563249999979453,-10.176324999997949,0.06,0.15,0.16,11.732358164320306,43.0883031356144,-0.37706159765207314
3328.370000000001,0.0,11.8,42.6743851588692,42.82403792344307,43.026724888666685,43.56638823617722,-6.36,0.07,0.07,0.07,-0.2099724316873479,-2.063177112894972,11.52972431687348,-1.0391000000008246,0.7663249999964958,-10.686324999996495,0.06,0.15,0.16,11.714748441359975,43.02288405178905,-0.3126121763044844
3328.380000000001,0.0,11.8,42.65082749061793,42.59274445333962,42.94213144358255,43.52462691518632,-6.36,0.07,0.07,0.07,-0.2083507662369227,-2.0539876753425625,11.513507662369229,-0.9039500000002626,0.8142500000001877,-10.43882500000092,0.06,0.15,0.16,11.697142134029388,42.9275825756816,-0.3096658685510637
3328.390000000001,0.0,11.8,42.64359663252561,42.43340565076189,42.973056662503154,43.50834,-6.378325418645302,0.07,0.07,0.07,-0.2067291007865068,-2.0447982377902054,11.49729100786507,-0.7639500000002626,0.7142500000001877,-9.94882500000092,0.06,0.15,0.16,11.679539257775406,42.889599736447664,-0.3264086763713788
3328.4000000000005,0.0,11.8,42.64680422682988,42.32007065201106,43.0778380764426,43.50834,-6.408317920519852,0.07,0.07,0.07,-0.2051074353360908,-2.0356088002378483,11.481074353360908,-0.7640960240058956,0.1482520630174373,-9.636789197299926,0.06,0.15,0.1515952503872204,11.661939828134834,42.88826323882089,-0.31482626680405423
3328.4100000000008,0.0,11.8,42.54385874968766,42.29588899224802,43.093460945236366,43.42302522630677,-6.401707865168596,0.07,0.07,0.07,-0.2034857698856748,-2.026419362685491,11.464857698856749,-0.8091072768190705,-0.5669267316807861,-9.381725431358602,0.06,0.15,0.15,11.644343860735455,42.8390584783697,-0.294176048369967
3328.420000000001,0.0,11.8,42.372615938985085,42.32906728682163,43.051720510127616,43.28282017504405,-6.371745318352192,0.07,0.07,0.07,-0.2018641044352589,-2.0172299251331336,11.44864104435259,-0.9109599999996236,-0.6111400000005334,-9.501919999999249,0.06,0.15,0.15,11.626751371296576,42.759055977744595,-0.30559266369285687
3328.4300000000007,0.0,11.8,42.30566,42.32967757363961,43.032146729905165,43.213034957563735,-6.378230884557531,0.07,0.07,0.07,-0.2002424389848429,-2.0080404875807765,11.43242438984843,-1.0309599999996235,-0.4411400000005334,-9.741919999999247,0.06,0.15,0.15,11.60916237562967,42.72012981527713,-0.32724697528134217
3328.440000000001,0.0,11.8,42.30566,42.30937802296555,43.02680474288567,43.18846181727408,-6.408215892053905,0.07,0.07,0.07,-0.1986207735344177,-1.9988510500283672,11.416207735344178,-1.2457100000000962,-0.1650199999998784,-9.47026999999983,0.06,0.15,0.15,11.591576889638922,42.707576145781324,-0.4691873639879405
3328.4500000000007,0.0,11.8,42.18116336000007,42.212546460000056,42.93003068000006,43.18072526,-6.42,0.07,0.07,0.07,-0.1969991080840017,-1.98966161247601,11.399991080840016,-1.4907099999993998,0.1449799999992405,-9.035270000001066,0.06,0.15,0.15,11.573994929322305,42.62611644000005,-0.649530431668228
3328.460000000001,0.0,11.8,41.97572336000008,42.06595646000005,42.77381068000006,43.18393526,-6.42,0.07,0.07,0.07,-0.1953774426335857,-1.980472174923653,11.383774426335858,-1.4249300000005178,0.329909999999545,-9.187719999998931,0.06,0.15,0.15,11.556416510771632,42.499856440000045,-0.6235983273228294
3328.4700000000007,0.0,11.792628093412327,41.95054411999997,42.05877675999997,42.69799476000001,43.08210122000006,-6.42,0.07,0.07,0.07,-0.1937557771831698,-1.971282737371296,11.3675577718317,-1.2599300000005176,0.4749099999995451,-9.527719999998933,0.06,0.15,0.15,11.538841650173609,42.447354215,-0.5318105611950159
3328.480000000001,0.0,11.757772743116089,42.042564119999966,42.14223675999997,42.67445476000001,42.91197122000006,-6.42,0.07,0.07,0.07,-0.1921341117327538,-1.9620932998189384,11.35134111732754,-1.2048400000000627,0.6957099999992312,-9.66305999999978,0.06,0.15,0.15,11.52127036381043,42.442806714999996,-0.515787666747229
3328.4900000000007,0.0,11.722917392819848,42.048351877030825,42.08630866283454,42.65091832541869,42.890318055486,-6.438209999999862,0.07,0.07,0.07,-0.1905124462823378,-1.9529038622665813,11.335124462823378,-1.1848400000000627,0.9407099999992312,-9.73305999999978,0.06,0.15,0.15,11.503702668060454,42.41897423019251,-0.5239535571897845
3328.500000000001,0.0,11.688062042523413,41.99807444638832,41.93975530117444,42.62738420894772,42.96519933516634,-6.468209999999948,0.07,0.07,0.07,-0.1896962227699682,-1.948481113849841,11.321798014789142,-0.9904526131527712,0.4730582645647037,-9.780327581895556,0.06,0.15,0.15,11.489807378526677,42.38260332291921,-0.4028929000867231
3328.5100000000007,0.0,11.653206692227172,41.96010828585708,41.86769365317341,42.502186541729145,42.94746803098451,-6.48,0.07,0.07,0.07,-0.1892521040126129,-1.9462605200630645,11.309806808340548,-0.7403900975240219,-0.2221155288832197,-9.820337584396157,0.06,0.15,0.15,11.477607608418035,42.31936412793604,-0.24057521856987313
3328.520000000001,0.0,11.618351341930932,41.93016325837087,41.84416541729139,42.31075225887088,42.869397066466895,-6.48,0.07,0.07,0.07,-0.1888079852552576,-1.944039926276288,11.297815601891957,-0.7709972506872812,-0.3445013746563594,-10.023369157710473,0.06,0.15,0.15,11.465407845541552,42.23861950025001,-0.20740105775191084
3328.5300000000007,0.0,11.583495991634694,41.8763190259742,41.82193662337667,42.22405512987017,42.711870909091424,-6.461854536366003,0.07,0.07,0.07,-0.1883638664979023,-1.941819332489512,11.28582439544336,-0.8909672581851414,-0.2845163709074293,-10.278305423643426,0.06,0.15,0.15,11.453208089920333,42.15854542207812,-0.2153451042491269
3328.540000000001,0.0,11.548640641338451,41.806838506493705,41.80055800199806,42.20588330169835,42.502360419581,-6.431862034491452,0.07,0.07,0.07,-0.1879197477405469,-1.939598738702735,11.273833188994768,-1.0678099999993882,-0.1373500000005491,-10.036800000001255,0.06,0.15,0.15,11.441008341577593,42.07891005744278,-0.3265843819081963
3328.5500000000006,0.0,11.513785291042216,41.67488698301752,41.628476133866975,42.12330837662376,42.36369333666362,-6.42,0.07,0.07,0.07,-0.1874756289831916,-1.9373781449159584,11.261841982546176,-1.2628099999993885,0.0376499999994509,-9.636800000001257,0.06,0.15,0.15,11.42880860053664,41.94759120754297,-0.47080182044008373
3328.560000000001,0.0,11.478929940745775,41.50172014984976,41.35696764235703,41.99824344155815,42.27176526473505,-6.42,0.07,0.07,0.07,-0.1870315102258338,-1.9351575511291688,11.249850776097514,-1.3062090522630554,-0.1512478119536192,-9.668892223056115,0.06,0.15,0.1584457636265536,11.416608866820805,41.782174124624994,-0.4608770045666944
3328.5700000000006,0.0,11.45,41.43639906906908,41.273583948948975,41.98429797797802,42.26719890890894,-6.438110944527677,0.07,0.07,0.07,-0.1865873914684785,-1.932936957342393,11.23785956964892,-1.3012078019504805,-0.4563240810206934,-9.838934733683669,0.06,0.15,0.16,11.404409140453744,41.74036997622625,-0.4017405454658915
3328.580000000001,0.0,11.45,41.44282549549549,41.315355720720646,42.044277957957846,42.32075246246236,-6.468095952023883,0.07,0.07,0.07,-0.1861432727111232,-1.930716363555616,11.225868363200329,-1.2279425000000828,-0.029390000000575,-9.815527500000076,0.0515140478668261,0.1415140478668261,0.1515140478668261,11.392209421458993,41.780802909159085,-0.4250731867113969
3328.5900000000006,0.0,11.45,41.43678433333338,41.31390910000009,42.015256650000254,42.3695461333332,-6.516167944018373,0.07,0.07,0.07,-0.1856991539537679,-1.92849576976884,11.213877156751735,-1.1329425000003528,0.6306099999975492,-9.730527500000315,0.05,0.14,0.15,11.380009709860262,41.78387405416673,-0.47466329365696014
3328.600000000001,0.0,11.45,41.42251766666671,41.283949100000086,41.92751665000025,42.415199466666536,-6.576147950682755,0.07,0.07,0.07,-0.1852550351964126,-1.926275175982063,11.201885950303142,-0.916582500001122,0.75207500000022,-9.57726250000077,0.0584815392615609,0.14,0.15,11.367810005681362,41.76229572083339,-0.4378306252630545
3328.6100000000006,0.0,11.45,41.40825100000004,41.25398910000009,41.83977665000025,42.46085279999987,-6.636127957347137,0.07,0.07,0.07,-0.1848109164390573,-1.9240545821952864,11.189894743854548,-0.661582500001122,0.70207500000022,-9.40226250000077,0.06,0.14,0.15,11.355610308946208,41.74071738750007,-0.3734816744103715
3328.620000000001,0.0,11.45,41.39356131401454,41.22017747689246,41.775911366475306,42.3102217337007,-6.64194451387174,0.07,0.07,0.07,-0.184366797681702,-1.92183398840851,11.177903537405957,-0.702397499999406,0.4169400000015839,-9.257602500000594,0.06,0.14,0.15,11.343410619678817,41.67496797277075,-0.37943143138174557
3328.630000000001,0.0,11.45,41.37859254059453,41.18382474144387,41.727797451911,42.0300918311263,-6.61195201199702,0.07,0.07,0.07,-0.1839226789243442,-1.919613394621721,11.165912330957294,-0.8373975000001734,0.0569399999995374,-9.122602499999829,0.06,0.14,0.15,11.331210937903238,41.58007664126893,-0.40776370376516907
3328.640000000001,0.0,11.45,41.23825196200959,41.07995561109729,41.796678570357344,41.88553162709325,-6.581945972986528,0.07,0.07,0.07,-0.1834785601669888,-1.9173928008349448,11.1539211245087,-0.965686559922288,-0.210332362930466,-9.494827753517372,0.06,0.14,0.15,11.319011263643837,41.50010444263937,-0.3667216869291823
3328.6500000000005,0.0,11.45,41.0146778555367,40.93126278430432,41.9432319320166,41.8309752661836,-6.551930965482813,0.07,0.07,0.07,-0.1830344414096335,-1.915172207048168,11.141929918060107,-1.0918389131485586,-0.4480810286261293,-10.028549247936208,0.06,0.14,0.15,11.306811596924874,41.4300369595103,-0.3035914817657971
3328.6600000000008,0.0,11.45,40.977405334999695,40.848086205000136,41.85977976500084,41.814962814999966,-6.558061453909464,0.07,0.07,0.07,-0.1825903226522782,-1.9129516132613915,11.129938711611514,-1.2199303764821954,-0.3581253223320486,-9.715167612174008,0.0517218934911531,0.14,0.15,11.294611937770778,41.37505853000016,-0.4033877937023111
3328.670000000001,0.0,11.44657859247788,41.06407533499969,40.80849620500014,41.62330976500084,41.82459281499997,-6.588038970771789,0.07,0.07,0.07,-0.1821462038949229,-1.910731019474615,11.11794750516292,-1.348862815883917,-0.1260469314089495,-9.03440433213292,0.05,0.14,0.15,11.282412286206094,41.330118530000156,-0.5738439929845387
3328.6800000000007,0.0,11.421604814944322,40.99989781328085,40.89853948577052,41.58786468297508,41.83549729905137,-6.618011988011839,0.07,0.07,0.07,-0.1817020851375676,-1.9085104256878385,11.105956298714329,-1.254816204051818,-0.1231082770689257,-9.401082770689255,0.0584859521331738,0.14,0.15,11.27021264225547,41.33044982026946,-0.48707424126519283
3328.690000000001,0.0,11.396631037410623,40.83536461308053,41.074825057413726,41.68615724413372,41.84724967049424,-6.64798201798203,0.07,0.07,0.07,-0.1812579663802098,-1.9062898319010493,11.093965092265666,-1.0897749437359052,-0.1931257814453735,-10.101257814453737,0.06,0.14,0.15,11.258013005943578,41.36089914628055,-0.3184059171409684
3328.7000000000007,0.0,11.371657259877068,40.82309960813848,41.09760177844779,41.639641577493386,41.78003385581536,-6.66,0.07,0.07,0.07,-0.1808138476228545,-1.9040692381142728,11.081973885817073,-1.0272299999999994,0.4009950000000183,-9.992964999999993,0.06,0.14,0.15,11.245813377295429,41.33509420497376,-0.37556981475254764
3328.710000000001,0.0,11.346683482343511,40.9134085757345,41.01696877166562,41.49557727204258,41.65962189902066,-6.66,0.07,0.07,0.07,-0.1803697288654992,-1.901848644327496,11.06998267936848,-0.9972299999999992,1.2059950000000184,-9.627964999999993,0.06,0.14,0.15,11.233613756335915,41.271394129615835,-0.5044406497002148
3328.7200000000007,0.0,11.321709704809956,40.869410179104754,40.96201468656725,41.40147699502501,41.63427279601982,-6.677976011993945,0.07,0.07,0.07,-0.1794419301996355,-1.9000930116333945,11.056930616097995,-0.8723550000003308,0.9977300000011312,-9.631079999999743,0.06,0.14,0.15,11.22043971992083,41.21679366417921,-0.44037759000706367
3328.730000000001,0.0,11.296735927276398,40.73845495522399,40.92368632835824,41.33972575124383,41.670471800995,-6.707961019490148,0.07,0.07,0.07,-0.1761101701974177,-1.9006483049670968,11.038605936085798,-0.7173550000007715,0.4677300000026377,-9.751079999999403,0.06,0.14,0.15,11.202423835197894,41.16808470895526,-0.31505357035550424
3328.7400000000007,0.0,11.27176214974284,40.68057223388307,40.79906149925062,41.24652362818605,41.58162773613216,-6.7020494876282575,0.07,0.07,0.07,-0.1727784101951999,-1.9012035983008,11.0202812560736,-0.7824649999992357,0.0705550000020098,-9.521940000001925,0.06,0.14,0.15,11.184409973896193,41.076946274362975,-0.3302968297957868
3328.750000000001,0.0,11.246788372209142,40.6720165117441,40.61618293853022,41.13209084457739,41.40837436281811,-6.672056985753622,0.07,0.07,0.07,-0.1694466501929632,-1.9017588916345065,11.001956576061298,-0.9174650000000032,-0.284445000000008,-9.181939999999992,0.06,0.14,0.15,11.166398145808296,40.95716616441746,-0.3901734413604969
3328.7600000000007,0.0,11.221814594675584,40.662813336670816,40.47653263078827,41.08266740926156,41.26303485857297,-6.677935516120894,0.07,0.07,0.07,-0.1661148901907454,-1.9023141849682093,10.9836318960491,-1.135722846442011,-0.2562921348314217,-9.39943071161059,0.0516790648246434,0.14,0.15,11.148388360789262,40.871262058823405,-0.43348142123689365
3328.770000000001,0.0,11.2,40.65317128410511,40.366184695869656,41.077310713391725,41.13661683604485,-6.707928017995444,0.07,0.07,0.07,-0.1627831301885277,-1.902869478301912,10.965307216036903,-1.3804169787766694,-0.1064794007489779,-9.793937578027691,0.05,0.14,0.15,11.1303806287565,40.80832088235283,-0.47152847853516017
3328.7800000000007,0.0,11.2,40.53214098434004,40.305961655480985,41.03440903803132,41.093500805369125,-6.7379070929070375,0.07,0.07,0.07,-0.1594513701863099,-1.9034247716356152,10.946982536024706,-1.3531978049390598,-0.0737740084809104,-9.97680219506094,0.05,0.14,0.15,11.112374959690673,40.74150312080537,-0.43811408610850333
3328.790000000001,0.0,11.2,40.33638657221029,40.27936458861553,40.96632054685576,41.10626739746454,-6.767877122877058,0.07,0.07,0.07,-0.1561196101840921,-1.9039800649693184,10.928657856012506,-1.238455974058867,-0.078762783736571,-10.091544025941134,0.05,0.14,0.15,11.094371363636089,40.67208477628653,-0.38169789195288684
3328.8000000000006,0.0,11.2,40.25932557508787,40.30875946760398,40.99245990959284,41.1481338925161,-6.78,0.07,0.07,0.07,-0.1527878501818743,-1.904535358303021,10.910333176000307,-1.0138424880875334,0.3839879608698732,-10.089821921244235,0.058497109826564,0.14,0.158497109826564,11.076369850701202,40.67716971120019,-0.35464737577280614
3328.810000000001,0.0,11.2,40.265774595680575,40.37754902059282,41.0848958714216,41.21047442491224,-6.78,0.07,0.07,0.07,-0.1494560901796376,-1.9050906516367272,10.892008495988009,-0.7529947328815514,1.000993227991715,-10.049691497366393,0.06,0.14,0.16,11.058370431059018,40.734673478151805,-0.33728128530822454
3328.8200000000006,0.0,11.2,40.28616944956416,40.401527975093394,41.09237913823158,41.24137803735991,-6.78,0.07,0.07,0.07,-0.1461243301774198,-1.9056459449704304,10.87368381597581,-0.796136931534245,0.7898925537230974,-9.767076461769085,0.0515140478667759,0.14,0.1515140478667759,11.040373114947986,40.755363650062264,-0.3725888469155726
3328.830000000001,0.0,11.2,40.31601751930259,40.39513196014944,41.042277021170655,41.25097205977583,-6.78,0.07,0.07,0.07,-0.142792570175202,-1.906201238304133,10.855359135963612,-0.9360669665165328,0.3151299350331924,-9.407256371814633,0.05,0.14,0.15,11.022377912671935,40.751099640099625,-0.42466725489768353
3328.8400000000006,0.0,11.2,40.33841050677368,40.27938870546949,40.94519929252407,41.15065539889646,-6.78,0.07,0.07,0.07,-0.1394608101729842,-1.906756531637836,10.837034455951414,-0.8335476607461556,-0.0691143357506376,-9.589114335750638,0.05,0.14,0.15,11.004384834600971,40.67841347591593,-0.3227619977954499
3328.850000000001,0.0,11.2,40.35559063723027,40.08718599598637,40.81527455594609,40.97348530356285,-6.78,0.07,0.07,0.07,-0.1361290501707664,-1.907311824971539,10.818709775939215,-0.6534125594205022,-0.4243807855873426,-9.944380785587342,0.05,0.14,0.15,10.986393891171907,40.557884123181395,-0.17156163998914348
3328.8600000000006,0.0,11.2,40.2832486859137,39.97772347436548,40.67771971129948,40.85741686411167,-6.78,0.07,0.07,0.07,-0.1327972901685487,-1.907867118305242,10.800385095927018,-0.8111349999984997,0.0175049999960651,-10.026205000000028,0.05,0.14,0.15,10.968405092888798,40.44902718392258,-0.2580936709231891
3328.870000000001,0.0,11.19605033205177,40.15009786460956,39.92446314584382,40.53498203086146,40.78285240418136,-6.78,0.07,0.07,0.07,-0.1294655301663309,-1.908422411638945,10.78206041591482,-1.0761349999984997,0.7125049999960651,-10.021205000000029,0.05,0.14,0.15,10.950418450323454,40.34809886137405,-0.42011121659794376
3328.880000000001,0.0,11.161097518350108,40.04220650463528,39.83073739914787,40.41306298170866,40.68849401152575,-6.78,0.07,0.07,0.07,-0.1261337701640942,-1.908977704972651,10.763735735902518,-1.1815579890492791,0.5059780985564888,-9.695092085614728,0.05,0.14,0.15,10.932433974115892,40.24362522425439,-0.48339240370257636
3328.890000000001,0.0,11.126144704648643,39.952123818591936,39.70848232523191,40.30582168879992,40.58018030568792,-6.78,0.07,0.07,0.07,-0.1228020101618764,-1.909532998306354,10.74541105589032,-1.2363115978098558,0.0131956197112976,-9.267018417122946,0.05,0.14,0.15,10.914451674975275,40.13665203457792,-0.5153225204299791
3328.9000000000005,0.0,11.09119189094718,39.851330693366975,39.70976607759678,40.295517556946045,40.555508005006175,-6.797781109445199,0.07,0.07,0.07,-0.11991153396762,-1.9081422133200208,10.72814221332002,-1.238699146157742,-0.1815720743343017,-9.40861878452968,0.05,0.14,0.15,10.89717490138849,40.10303058322899,-0.4744420471924016
3328.9100000000008,0.0,11.05623907724572,39.7431254367963,39.79654455068812,40.3522985331663,40.58871951939916,-6.827766116941404,0.07,0.07,0.07,-0.1193551438268538,-1.896458020363932,10.716458020363932,-1.2236313410347308,-0.2770015067800374,-9.74011049723592,0.05,0.14,0.15,10.883623990913279,40.12017201001247,-0.4092913772998302
3328.920000000001,0.0,11.021286263544257,39.72386348889428,39.83182,40.410880394309736,40.64849729972519,-6.857751124437608,0.07,0.07,0.07,-0.1187987536860877,-1.8847738274078416,10.70477382740784,-1.1403050000005943,0.4058699999947346,-9.88830999999949,0.05,0.14,0.15,10.870081334576795,40.153765295732306,-0.42988789618912254
3328.9300000000007,0.0,10.986333449842792,39.7655205889691,39.83182,40.47069571749409,40.72647084601908,-6.8877361319338135,0.07,0.07,0.07,-0.1182423635453215,-1.873089634451752,10.693089634451752,-1.0353050000005946,1.3358699999947348,-9.97830999999949,0.05,0.14,0.15,10.856546963268151,40.19862678812057,-0.4777111245607191
3328.940000000001,0.0,10.951380636141131,39.78638496127904,39.75738242817891,40.40185762178371,40.74393098176369,-6.935442278860477,0.07,0.07,0.07,-0.1176859734045521,-1.861405441495596,10.681405441495595,-0.9113299999999972,1.389224999999995,-9.905124999999996,0.05,0.14,0.15,10.843020908011628,40.172388998251336,-0.4527016385290584
3328.9500000000007,0.0,10.916427822439667,39.792800149887576,39.631217052211,40.24361630277312,40.71933942543096,-6.9954122938530565,0.07,0.07,0.07,-0.117129583263786,-1.849721248539506,10.669721248539506,-0.7813299999999971,1.164224999999995,-9.780124999999996,0.05,0.14,0.15,10.829503199967649,40.09674323257566,-0.4045660863953493
3328.960000000001,0.0,10.881475008738205,39.73743555444324,39.5250784530665,40.16967323654571,40.56483936921197,-7.002304423894059,0.07,0.07,0.07,-0.1165731931230198,-1.838037055583416,10.658037055583415,-0.7952122114667949,0.7143931496655449,-9.595524944155118,0.05,0.14,0.15,10.81599387043289,39.999256653316856,-0.3903899786603478
3328.9700000000007,0.0,10.85,39.63887235043826,39.43294328410533,40.15467448811017,40.3195026983735,-6.9723119220195935,0.07,0.07,0.07,-0.1160168029822536,-1.8263528626273264,10.646352862627326,-0.8547803425165887,0.1931720029798487,-9.392000496401655,0.05,0.14,0.15,10.802492950841224,39.886498205256814,-0.38699677751307715
3328.980000000001,0.0,10.85,39.60551259370311,39.37377016491766,40.06384476761665,40.17870854572736,-6.977680579854922,0.07,0.07,0.07,-0.1154604128414874,-1.8146686696712369,10.634668669671235,-1.0800352644823354,-0.1912921914342227,-9.580040302265528,0.05,0.14,0.15,10.789000472764235,39.8054590179912,-0.39420615302071593
3328.9900000000007,0.0,10.85,39.61727671164412,39.33740834582726,39.92053642178979,40.110262768616025,-7.007673081729473,0.07,0.07,0.07,-0.1149040227007212,-1.8029844767151468,10.622984476715146,-1.3621511334994345,-0.5288236775796804,-9.902458438285068,0.05,0.14,0.15,10.775516467911855,39.7463710619693,-0.40505415624544683
3329.000000000001,0.0,10.85,39.45985589999994,39.23285539999996,39.78223619999997,40.027276899999976,-6.984677661169306,0.07,0.07,0.07,-0.1143476325599519,-1.7913002837589906,10.611300283758991,-1.2198616600795973,-0.7075642292487584,-10.28395009881344,0.05,0.14,0.15,10.762040968132892,39.62555609999996,-0.2809500232712694
3329.0100000000007,0.0,10.85,39.184865899999934,39.08091539999997,39.64741619999997,39.93418689999998,-6.9247076461768975,0.07,0.07,0.07,-0.1137912424191857,-1.779616090802901,10.5996160908029,-0.9431818181826314,-0.8360227272723497,-10.684147727271553,0.05,0.14,0.15,10.748574005415959,39.46184609999996,-0.11411252787955484
3329.020000000001,0.0,10.85,39.13729053370085,39.13314297669761,39.6807213079429,39.94916878476575,-6.9,0.07,0.07,0.07,-0.1132348522784195,-1.7679318978468113,10.587931897846811,-0.9965856745122762,-0.2370716274386189,-10.2427031131381,0.05,0.14,0.15,10.735115611889642,39.47508090077678,-0.2611353342432741
3329.0300000000007,0.0,10.85,39.24774906539717,39.32724971686299,39.83085911801557,40.03925147080935,-6.9,0.07,0.07,0.07,-0.1126784621376534,-1.7562477048907217,10.57624770489072,-1.168694001518158,0.6234700075907899,-9.498587699318552,0.05,0.14,0.15,10.721665819823423,39.611277342771274,-0.5210283646935676
3329.040000000001,0.0,10.85,39.23213927536239,39.36908376811599,39.90064115942028,40.09040333333332,-6.9,0.07,0.07,0.07,-0.1121220719968872,-1.7445635119346317,10.564563511934631,-1.0390000000005628,0.9857999999994872,-9.665799999998862,0.05,0.14,0.15,10.708224661628236,39.648066884058,-0.4898452666115806
3329.0500000000006,0.0,10.85,39.130540074962745,39.30705478260884,39.915613673163385,40.1150010344827,-6.9,0.07,0.07,0.07,-0.111565681856121,-1.732879318978542,10.552879318978542,-0.8140000000005627,1.1907999999994874,-10.120799999998862,0.05,0.14,0.15,10.694792169857093,39.61705239130442,-0.36674339109708703
3329.060000000001,0.0,10.85,39.13860074738426,39.15780530144468,39.84386189835559,40.06488114100635,-6.935163627279369,0.07,0.07,0.07,-0.1110092917153517,-1.7211951260223857,10.541195126022386,-0.6426400996261321,0.6797011207957274,-10.040709838106665,0.05,0.14,0.15,10.681368377205631,39.551287272047716,-0.26817217411025795
3329.0700000000006,0.0,10.84843929768392,39.22176965620319,38.94881676133559,39.71271092675652,39.963585675137146,-6.995118661004018,0.07,0.07,0.07,-0.1104529015745855,-1.709510933066296,10.529510933066296,-0.4882191780822159,-0.0575342465752275,-9.791643835616478,0.05,0.14,0.15,10.667953316513065,39.46172075485811,-0.17734748086979252
3329.080000000001,0.0,10.82843029363212,39.17374425563948,38.86617476691728,39.633944015037706,39.810973503759904,-6.967350000000379,0.07,0.07,0.07,-0.1100907339203378,-1.7010888070440535,10.517731651991554,-0.6501631116684031,-0.3457465495606657,-9.722446675031382,0.05,0.14,0.15,10.654975467003696,39.37120913533859,-0.2122342910337056
3329.0900000000006,0.0,10.808421289580318,39.033222952381415,38.87261085714283,39.59210942857157,39.62218152381015,-6.877350000000378,0.07,0.07,0.07,-0.1105785506963563,-1.7069426083562758,10.505536232591092,-0.916160602257864,-0.4862735257211357,-9.712409033877062,0.05,0.14,0.15,10.64387956613473,39.28003119047649,-0.28846807407826736
3329.100000000001,0.0,10.788412285528516,38.96653739333339,38.83389020666692,39.43915639333415,39.56953232666652,-6.863388305846893,0.07,0.07,0.07,-0.1110663674723748,-1.7127964096684976,10.49334081319063,-1.1129999999995623,-0.0868000000014255,-9.645400000000214,0.05,0.14,0.15,10.632789318928921,39.202279080000245,-0.4062503914423898
3329.1100000000006,0.0,10.768403281476717,38.95084406000005,38.76398354000025,39.209463060000814,39.61090565999985,-6.90336831584187,0.07,0.07,0.07,-0.1115541842483932,-1.7186502109807196,10.481145393790166,-1.2879999999995624,0.4831999999985745,-9.560400000000213,0.05,0.14,0.15,10.621704743095442,39.13379908000024,-0.5371532985918167
3329.120000000001,0.0,10.748394277424916,38.93515072666672,38.69407687333359,38.979769726667485,39.652278993333184,-6.943348325836848,0.07,0.07,0.07,-0.1120420010244117,-1.7245040122929414,10.468949974389703,-1.2768000000003263,0.4604000000009788,-9.308200000001422,0.05,0.14,0.15,10.610625856408385,39.06531908000025,-0.5691888956032672
3329.130000000001,0.0,10.728385273373002,38.80478358730919,38.61935256057944,39.020647734199706,39.61099637771655,-6.96,0.07,0.07,0.07,-0.112529817800433,-1.7303578136051967,10.456754554989171,-1.206800000000127,0.250400000000382,-9.003200000000554,0.05,0.14,0.15,10.599552676706953,39.01394506495122,-0.5700032367812493
3329.140000000001,0.0,10.7083762693212,38.5952207594303,38.54130109917557,39.24838692980279,39.51263015238565,-6.96,0.07,0.07,0.07,-0.1130176345764515,-1.7362116149174185,10.444559135588712,-1.197599999999975,-0.1039999999989995,-9.644399999997647,0.05,0.14,0.15,10.588485221895954,38.974384735198576,-0.4330235607620649
3329.1500000000005,0.0,10.6883672652694,38.567162615192935,38.59735180572838,39.3254075217933,39.449658107098415,-6.942551173240231,0.07,0.07,0.07,-0.11350545135247,-1.7420654162296405,10.432363716188249,-1.207599999999975,-0.5039999999989995,-10.58439999999765,0.05,0.14,0.15,10.57742350994566,38.98489501245325,-0.25252998457475845
3329.1600000000008,0.0,10.6683582612176,38.66523484433347,38.746592154420505,39.29769145703619,39.41128201743473,-6.912596105841301,0.07,0.07,0.07,-0.1139932681284885,-1.7479192175418623,10.420168296787786,-1.0313553388354093,-0.0260565141307831,-10.33488122030694,0.05,0.14,0.15,10.56636755889232,39.030200118306226,-0.2808036820627803
3329.170000000001,0.0,10.65,38.61924048670402,38.7651175112898,39.258599578525015,39.43904248871021,-6.9,0.07,0.07,0.07,-0.114481084904507,-1.753773018854084,10.407972877387325,-0.7962965741443848,0.7291322830680399,-9.709724931235067,0.05,0.14,0.15,10.555317386838336,39.02050001630726,-0.375003887028125
3329.1800000000007,0.0,10.65,38.469988103362375,38.6899544405422,39.21135421976938,39.5142055594578,-6.9,0.07,0.07,0.07,-0.1149689016805255,-1.759626820166306,10.395777457986862,-0.6905675000002446,0.8415550000003387,-9.708297499999269,0.05,0.14,0.15,10.544273011952507,38.97137558078294,-0.3514041258096678
3329.190000000001,0.0,10.65,38.47511631578949,38.53131841112211,39.17254220953326,39.43794896226412,-6.9,0.07,0.07,0.07,-0.1154567184565467,-1.7654806214785612,10.383582038586333,-0.6255674999998752,0.7515549999998271,-9.903297500000376,0.05,0.14,0.15,10.533234452470229,38.904231474677246,-0.2907062818800133
3329.2000000000007,0.0,10.65,38.587747894736616,38.31455574975218,39.13960278550155,39.25625084905697,-6.9,0.07,0.07,0.07,-0.1159445352325652,-1.7713344227907832,10.371386619185868,-0.7316799999999616,0.4143925000000996,-10.200964999999922,0.05,0.14,0.15,10.522201726693968,38.824539319761826,-0.24623297736002214
3329.210000000001,0.0,10.65,38.56451382493137,38.25898977677434,39.11882427890648,39.19456482066709,-6.865281320330154,0.07,0.07,0.07,-0.1164323520085837,-1.777188224103005,10.359191199785403,-0.8916799999995069,-0.0006074999987208,-10.530964999998982,0.05,0.14,0.15,10.51117485299317,38.78422317531982,-0.2068691760464625
3329.2200000000007,0.0,10.65,38.44106260847786,38.32232561825919,39.10701590168049,39.22140204163525,-6.8052663165794245,0.07,0.07,0.07,-0.1169201687846022,-1.783042025415227,10.346995780384944,-1.116322499999078,-0.1380249999998118,-10.317207500001448,0.05,0.14,0.15,10.50015384980474,38.7729515425132,-0.30036915814857906
3329.230000000001,0.0,10.65,38.35449039358253,38.20704820255777,38.8841444171483,39.182038962146166,-6.797374343585702,0.07,0.07,0.07,-0.1174079855606207,-1.7888958267274488,10.33480036098448,-1.361322499999078,-0.1880249999998118,-9.932207500001448,0.05,0.14,0.15,10.489138735633217,38.656930493858695,-0.4357111864422959
3329.2400000000007,0.0,10.65,38.29440515918802,37.96348841313717,38.50968465279681,39.09512996239697,-6.827381845461152,0.07,0.07,0.07,-0.1178958023366392,-1.7947496280396709,10.322604941584018,-1.271665416354916,-0.5575243810932792,-9.889444861215027,0.05,0.14,0.15,10.478129529051067,38.46567704687974,-0.37365232081696015
3329.250000000001,0.0,10.65,38.17844658164533,37.9686554088523,38.34264435608902,39.01023498874714,-6.822632367632424,0.07,0.07,0.07,-0.1183836191126604,-1.800603429351926,10.310409522183487,-1.0766166541633828,-1.0276419104780004,-9.954461115278871,0.05,0.14,0.15,10.46712624869883,38.37499533383345,-0.24942709872202987
3329.2600000000007,0.0,10.65,38.02325778444613,38.14846036009,38.32123900475119,38.92675411852965,-6.792662337662404,0.07,0.07,0.07,-0.1188714358886789,-1.806457230664148,10.298214102783025,-0.953899999999934,-0.1468949999991394,-9.882484999999924,0.05,0.14,0.15,10.456128913285653,38.354927816954245,-0.3106924548135529
3329.270000000001,0.0,10.64837969887325,38.0081139149888,38.22066331096197,38.4100078299776,38.93927722595076,-6.797329332333002,0.07,0.07,0.07,-0.1193592526646974,-1.8123110319763696,10.286018683382563,-0.8538999999999342,1.158105000000861,-9.767484999999924,0.05,0.14,0.15,10.445137541589153,38.39451557046978,-0.4302130647634638
3329.2800000000007,0.0,10.623451989231226,38.09109676360925,38.2174716629381,38.5759735272185,39.01906842654736,-6.827336834208452,0.07,0.07,0.07,-0.1198470694407159,-1.818164833288592,10.2738232639821,-0.7462900000001654,1.3939000000001502,-9.75521999999997,0.05,0.14,0.15,10.434152152455928,38.4759025950783,-0.42045049249130706
3329.290000000001,0.0,10.598524279589205,38.07819737393917,38.13050557663518,38.69615041937087,39.0066651672492,-6.857331334332699,0.07,0.07,0.07,-0.1210560996871876,-1.8154235680221864,10.259791036357186,-0.6362900000004781,1.2939000000004346,-9.775219999999912,0.05,0.14,0.15,10.419871852394209,38.4778796342986,-0.37008518624942355
3329.3000000000006,0.0,10.573596569947185,37.99486237643558,37.981998337494176,38.78269060908613,38.926535361957285,-6.887316341828903,0.07,0.07,0.07,-0.1225944823342302,-1.808757243218336,10.24492000410244,-0.61,0.4405100000054771,-9.829464999999672,0.05,0.14,0.15,10.404086603948082,38.42152167124329,-0.2643085295719875
3329.310000000001,0.0,10.54866886030502,37.99205596879722,37.80995187720166,38.69421506290873,38.80465231001497,-6.9,0.07,0.07,0.07,-0.1241328649812816,-1.8020909184144465,10.23004897184761,-0.61,-0.6494900000007189,-9.894465000000045,0.05,0.14,0.15,10.38830316330827,38.325218804730646,-0.14112935941886687
3329.3200000000006,0.0,10.523741150662996,38.04913699547048,37.62039978862634,38.47558396074515,38.65171823855079,-6.9,0.07,0.07,0.07,-0.1256712476283242,-1.795424593610595,10.215177939592866,-0.8002500000001649,-0.6778949999997989,-9.868144999999965,0.05,0.14,0.15,10.372521538727552,38.19920974584819,-0.2060486409463796
3329.330000000001,0.0,10.498813441020976,38.00834332254066,37.60266541469471,38.34266568866762,38.55659426650072,-6.865461365341536,0.07,0.07,0.07,-0.1272096302753668,-1.7887582688067438,10.20030690733812,-1.0502500000001649,-0.3728949999997988,-9.813144999999963,0.05,0.14,0.15,10.356741738507775,38.12756717310093,-0.33004220624700786
3329.3400000000006,0.0,10.473885731378951,37.898545066002576,37.70606765628883,38.27017751930268,38.502228139477005,-6.805446361590636,0.07,0.07,0.07,-0.1287480129224094,-1.7820919440028926,10.185435875083376,-1.2089299999998049,0.0082049999993911,-9.822829999999955,0.05,0.14,0.15,10.340963771000599,38.09425459526777,-0.4214925283208291
3329.350000000001,0.0,10.44895802173693,37.81779033590456,37.707054521025256,38.11942277681051,38.40904746951999,-6.78,0.07,0.07,0.07,-0.130286395569452,-1.7754256191990414,10.17056484282863,-1.338929999999435,0.41320499999824,-9.85282999999987,0.05,0.14,0.15,10.32518764460775,38.01332877581508,-0.5027223048871884
3329.3600000000006,0.0,10.424030312094908,37.758153610351066,37.633573555611136,37.91175917890104,38.28764413535753,-6.78,0.07,0.07,0.07,-0.1318247782164946,-1.76875929439519,10.155693810573885,-1.2710700000006534,0.3045300000013567,-9.974149999999248,0.05,0.14,0.15,10.309413367781405,37.897782620055196,-0.4502727531397134
3329.370000000001,0.0,10.4,37.63203521978112,37.60011373126875,37.93315363636265,38.26399154345629,-6.78,0.07,0.07,0.07,-0.1333631608635372,-1.7620929695913388,10.14082277831914,-1.1410700000006533,0.0345300000013567,-10.124149999999249,0.05,0.14,0.15,10.293640949024551,37.8573235327172,-0.35583981181551183
3329.380000000001,0.0,10.4,37.45566159340654,37.596906938061935,38.127699090909154,38.31423130369632,-6.78,0.07,0.07,0.07,-0.1349015435105885,-1.7554266447874496,10.125951746064311,-1.0491047761940342,-0.1251487871968216,-10.258954738684697,0.05,0.1314799374674282,0.15,10.27787039689128,37.87362473151848,-0.2879509292926794
3329.390000000001,0.0,10.4,37.43728351317437,37.57174908406526,38.18624055207028,38.31889370138019,-6.797217782217763,0.07,0.07,0.07,-0.1364399261576311,-1.7487603199835984,10.111080713809566,-0.9690847711928344,-0.2501800450111963,-10.388987246811643,0.05,0.13,0.15,10.262101719987518,37.87854171267253,-0.22839848573704963
3329.4000000000005,0.0,10.4,37.53931613550802,37.52986200752829,38.14113139272277,38.28882092848185,-6.827187812187784,0.07,0.07,0.07,-0.1379783088046737,-1.7420939951797472,10.09620968155482,-0.8395825000000874,-0.0591650000001747,-10.050672500000292,0.05,0.13,0.15,10.246334926970873,37.87478261606023,-0.25597159948981624
3329.4100000000008,0.0,10.4,37.50700425000022,37.49975500000004,38.02352000000029,38.31418549999989,-6.822816408204156,0.07,0.07,0.07,-0.1395166914517163,-1.735427670375896,10.081338649300076,-0.6945825000000874,0.2308349999998252,-9.565672500000291,0.05,0.13,0.15,10.230570026551376,37.83611618750011,-0.3108322318481269
3329.420000000001,0.0,10.4,37.37539425000023,37.47835500000004,37.85232000000029,38.38052549999989,-6.7928014007004425,0.07,0.07,0.07,-0.1410550740987589,-1.7287613455720447,10.06646761704533,-0.7399574999997095,0.6959799999985612,-9.373850000000278,0.05,0.13,0.15,10.214807027491775,37.77164868750012,-0.403467674586178
3329.4300000000007,0.0,10.4,37.29549520599264,37.328543645443965,37.73163041198528,38.25202711610573,-6.7971878121876985,0.07,0.07,0.07,-0.1425934567458015,-1.722095020768193,10.051596584790586,-0.844957499999411,1.2159799999970833,-9.27385000000056,0.05,0.13,0.15,10.199045938607938,37.651924094881906,-0.5079340986447787
3329.440000000001,0.0,10.4,37.25381730337078,37.0838195505618,37.64827460674157,37.97951775280899,-6.82715784215789,0.07,0.07,0.07,-0.1441318393928528,-1.7154286959643044,10.036725552535756,-0.9689949999999216,0.9668650000002952,-9.47844999999982,0.05,0.1385289514867287,0.15,10.183286768769145,37.49135730337078,-0.4927205703971203
3329.4500000000007,0.0,10.4,37.19003389194612,36.974296948474255,37.64880000500239,37.78824846423235,-6.84,0.07,0.07,0.07,-0.1456702220398954,-1.708762371160453,10.02185452028101,-1.0989949999999218,0.4768650000002952,-9.778449999999818,0.05,0.14,0.15,10.16752952689885,37.400344827413775,-0.4400235639804126
3329.460000000001,0.0,10.4,37.10974374687368,36.9657326663332,37.7119615857927,37.65764316158119,-6.84,0.07,0.07,0.07,-0.147208604686938,-1.7020960463566015,10.006983488026266,-1.1946789907568198,-0.2867899075681978,-9.86141393954532,0.05,0.1315854311730173,0.15,10.15177422197455,37.3612702901452,-0.3801928755064908
3329.4700000000007,0.0,10.398847822834073,37.12638165334632,36.968823351648304,37.69108350649382,37.57741872127888,-6.822878560719756,0.07,0.07,0.07,-0.1487469873339806,-1.6954297215527503,9.99211245577152,-1.279615288533407,-1.136152885334067,-9.876402697976484,0.05,0.13,0.15,10.136020863028536,37.34092680819183,-0.3181279346745241
3329.480000000001,0.0,10.3689211431992,37.215102932067566,36.98058159340654,37.60770688311722,37.534661478521656,-6.792893553223553,0.07,0.07,0.07,-0.1493960043724053,-1.6898274298206872,9.977497732399966,-1.2316170957264447,-1.1994351412154698,-9.785023744064508,0.05,0.13,0.15,10.120686582872889,37.334513221778245,-0.3092580422709979
3329.4900000000007,0.0,10.338994463564324,37.20022481750039,36.98286822750002,37.50257418250051,37.52918160499991,-6.78,0.07,0.07,0.07,-0.1461399632532606,-1.6888971323580744,9.96400841919208,-1.1416395901030496,-1.0144813796562684,-9.660054986254236,0.05,0.13,0.15,10.107185275351275,37.30371220812521,-0.3171865862135256
3329.500000000001,0.0,10.309067783929278,37.10766981749987,36.97805322749999,37.38112918249982,37.55165160500003,-6.78,0.07,0.07,0.07,-0.1428839221340974,-1.6879668348954564,9.95051910598412,-1.0098449612405591,-0.0279844961261624,-9.956666666665928,0.05,0.1383993823983616,0.15,10.093685071839046,37.25462595812493,-0.3306180701484154
3329.5100000000007,0.0,10.279141104294402,37.01511481749986,36.97323822749999,37.25968418249983,37.57412160500003,-6.78,0.07,0.07,0.07,-0.1396278810149527,-1.6870365374328435,9.937029792776231,-0.8648087021758848,1.2123255813924347,-10.386774193547376,0.05,0.14,0.15,10.080185976772082,37.20553970812493,-0.34579209136852873
3329.520000000001,0.0,10.249214424659527,36.92255981749987,36.9684232275,37.138239182499824,37.59659160500004,-6.78,0.07,0.07,0.07,-0.1363718398958081,-1.686106239970231,9.923540479568349,141.5730401731888,141.9325841471376,142.87981541744722,0.05,0.14,0.15,10.066687994609484,37.156453458124936,9.659887196360124
3329.5300000000007,0.0,10.219287745024651,36.871293011988016,36.84357028471536,37.13262795204792,37.63371023476522,-6.813773165307388,0.07,0.07,0.07,-0.1331157987766633,-1.685175942507618,9.910051166360462,37.748822984659455,39.36837812830578,31.247062094978133,0.05,0.14,0.15,10.053191129833987,37.120300370879136,2.3530142275684085
3329.540000000001,0.0,10.189361065389775,36.85098332167839,36.628715139860894,37.21386671328643,37.681812132866966,-6.873076352853791,0.07,0.07,0.07,-0.1298597576575187,-1.6842456450450052,9.896561853152578,-0.6139960238566824,0.6021073558695744,-9.825129224652892,0.05,0.14,0.15,10.039695386952072,37.093844326923175,-0.2831101235087407
3329.5500000000006,0.0,10.1594343857549,36.84710518962071,36.52588147205599,37.28593707085794,37.53102206586984,-6.883500377738699,0.07,0.07,0.07,-0.126603716538374,-1.6833153475823923,9.883072539944692,-0.6587276341945697,-0.605646123253381,-9.621351888669183,0.05,0.14,0.15,10.026200770494105,37.047486449601124,-0.20338467250319128
3329.560000000001,0.0,10.129507706119854,36.85564810379241,36.50772777944112,37.35107679141715,37.22988434131742,-6.853281289347731,0.07,0.07,0.07,-0.1233476754192108,-1.6823850501197744,9.869583226736731,-0.7640643863177392,-0.9325754527162574,-9.56623742454729,0.05,0.14,0.15,10.012707285014422,36.986084253992026,-0.21310448113844155
3329.5700000000006,0.0,10.1,36.7784202545547,36.46963860244578,37.35099068629904,37.207161003244096,-6.84,0.07,0.07,0.07,-0.1200916343000661,-1.6814547526571617,9.856093913528843,-0.8898189134805992,-0.9627565392353438,-9.561207243460776,0.05,0.14,0.15,9.99921493509178,36.9515526366359,-0.2529582542523158
3329.580000000001,0.0,10.1,36.63529073122072,36.41623206388832,37.300788540055024,37.39835641127979,-6.84,0.07,0.07,0.07,-0.1168355931809214,-1.6805244551945488,9.84260460032096,-0.942799999999925,-0.3354000000020883,-9.75759999999935,0.05,0.1315476190475959,0.15,9.985723725329086,36.93766693661097,-0.30626334725684795
3329.5900000000006,0.0,10.1,36.579198244389,36.39284,37.07905314713311,37.45510718204502,-6.82320179820195,0.07,0.07,0.07,-0.1135795520617767,-1.6795941577319362,9.829115287113074,-0.972799999999925,0.4995999999979115,-10.01759999999935,0.05,0.13,0.15,9.972233660353819,36.87654964339178,-0.36381622549006704
3329.600000000001,0.0,10.1,36.59093889276806,36.39284,36.72363170074885,37.40707725685795,-6.79323176823193,0.07,0.07,0.07,-0.110323510942632,-1.6786638602693231,9.81562597390519,-1.025611402850534,0.6543885971494663,-9.901355338835408,0.05,0.13,0.15,9.958744744818155,36.77862196259371,-0.41523912584127537
3329.6100000000006,0.0,10.1,36.53962542237082,36.36617467111863,36.64617598664413,37.343613061769766,-6.78,0.07,0.07,0.07,-0.1070674698234873,-1.6777335628067107,9.802136660697304,-1.0856264066014338,0.5943735933985663,-9.666296574144384,0.05,0.13,0.15,9.945256983399101,36.723897285475836,-0.46472624370340065
3329.620000000001,0.0,10.1,36.4381629849752,36.31830154924887,36.78979535225341,37.26787349582656,-6.78,0.07,0.07,0.07,-0.1038114287043426,-1.6768032653440978,9.78864734748942,-0.9935300000005268,0.0172300000027846,-9.781112499999152,0.05,0.13,0.15,9.931770380798678,36.70353334557601,-0.35640888046500185
3329.630000000001,0.0,10.1,36.33670054757901,36.270428427378825,36.93341471786351,37.19213392988292,-6.78,0.07,0.07,0.07,-0.1005553875851794,-1.67587296788148,9.775158034281455,-0.8535299999997311,-0.7227700000014218,-10.006112500000432,0.05,0.13,0.15,9.91828494174399,36.68316940567607,-0.1983950369832899
3329.640000000001,0.0,10.1,36.310386299924666,36.29658837980413,36.893604300426894,37.19279575985937,-6.78,0.07,0.07,0.07,-0.0972993464660347,-1.674942670418867,9.761668721073573,-0.7757741700993322,-0.4540562151682668,-10.030516113399557,0.05,0.13,0.15,9.904800670987719,36.673343685003765,-0.19653172079813497
3329.6500000000005,0.0,10.1,36.34263950263744,36.38044670685734,36.710836151721175,37.25300173825655,-6.78,0.07,0.07,0.07,-0.09404330534689,-1.6740123729562542,9.748179407865686,-0.7176205476133941,0.1323261448982772,-9.991747031742262,0.05,0.13,0.15,9.891317573307806,36.67173102486813,-0.24384401445770904
3329.6600000000008,0.0,10.1,36.27368848469825,36.34152046777856,36.67147130131847,37.22219889027159,-6.813772455089658,0.07,0.07,0.07,-0.0907872642277453,-1.6730820754936415,9.734690094657802,-0.7502083869305908,0.4785567275526973,-9.983586313352186,0.05,0.13,0.15,9.87783565350795,36.62721978601672,-0.29202499927705233
3329.670000000001,0.0,10.0995811518325,36.12885643692508,36.21053265986607,36.73962755909408,37.12315932819141,-6.873652694610578,0.07,0.07,0.07,-0.0875312231086007,-1.6721517780310289,9.721200781449916,-0.8222433753535209,0.7203884744011058,-9.988731669668107,0.05,0.13,0.15,9.864354916417682,36.55054399601916,-0.3405836217167886
3329.6800000000007,0.0,10.069663425579725,36.1459190609386,36.051034325674905,36.773084435564414,36.93920701298781,-6.9,0.07,0.07,0.07,-0.084275181989456,-1.671221480568416,9.707711468242032,-0.8626843953837416,0.7346312092325167,-9.925727546412732,0.05,0.13,0.15,9.850875366892554,36.477311208791434,-0.3651804837055707
3329.690000000001,0.0,10.03974569932678,36.289155824176135,35.86931604395565,36.77949802197804,36.6890771428566,-6.9,0.07,0.07,0.07,-0.0810191408702928,-1.6702911831057978,9.694222155034067,-0.8927897641746713,0.6744204716506577,-9.8404290015051,0.05,0.13,0.15,9.837397009814216,36.40676175824161,-0.38193849506238403
3329.7000000000007,0.0,10.009827973074003,36.23000428785581,35.75282706646669,36.733809055472165,36.62753094452784,-6.88319399249069,0.07,0.07,0.07,-0.085343333333327,-1.6658016666666715,9.681603333333342,-0.9605222581448352,0.0850385476240658,-9.978870927630192,0.05,0.13,0.15,9.824236447746216,36.33604283858063,-0.32244671724242624
3329.710000000001,0.0,9.97991024682123,36.01183337331343,35.68758968515745,36.64718236881563,36.71415763118437,-6.853156445557032,0.07,0.07,0.07,-0.0931211111110974,-1.6596905555555663,9.669381111111132,-1.040104451628967,-0.6709922904751869,-10.187774185526038,0.05,0.13,0.15,9.811227005499754,36.26519076461772,-0.23894202093775863
3329.7200000000007,0.0,9.949992520568458,35.91862718954248,35.73941267973843,36.41712130718986,36.72709960784318,-6.84,0.07,0.07,0.07,-0.1008988888888678,-1.653579444444461,9.657158888888922,-1.0750187734667862,-0.8862828535668756,-10.119849812265713,0.05,0.1385163674762084,0.15,9.79822552149697,36.200565196078486,-0.2385598266466526
3329.730000000001,0.0,9.920074794315685,35.924006777275004,35.88358563097025,36.0739036098544,36.681911070889925,-6.84,0.07,0.07,0.07,-0.1086766666666382,-1.6474683333333555,9.64493666666671,-1.0950438047558344,-0.92132665832271,-9.959649561953324,0.05,0.14,0.15,9.785232027459845,36.140851772247395,-0.2658851330267347
3329.7400000000007,0.0,9.890157068062909,35.841965671641994,35.89278268656729,35.98761343283567,36.665514328358206,-6.823482637141605,0.07,0.07,0.07,-0.1164544444444086,-1.6413572222222503,9.6327144444445,-1.0924937655860931,-0.4270822942682424,-10.032593516208603,0.05,0.14,0.15,9.772246555259528,36.09696902985079,-0.30538286473854187
3329.750000000001,0.0,9.860239341809963,35.69397562189015,35.80015582089527,36.09514577114457,36.6708377114428,-6.793286361348848,0.07,0.07,0.07,-0.1242322222222233,-1.6352461111111103,9.62049222222222,-1.0825187032418906,0.2412468827933299,-10.182219451371642,0.05,0.14,0.15,9.759269136916991,36.0650287313432,-0.34888415162628367
3329.7600000000007,0.0,9.830321615557189,35.6569521695761,35.6876753117206,36.22075945137168,36.64867406483787,-6.796691505215977,0.07,0.07,0.07,-0.1320099999999937,-1.6291350000000049,9.60827000000001,-0.9605194805194186,0.7983116883118897,-10.1378571428571,0.05,0.14,0.15,9.746299804604064,36.05351524937656,-0.3725537586068607
3329.770000000001,0.0,9.800403889304414,35.70711675810467,35.55959551122213,36.36057990024919,36.604913466334224,-6.826497764530413,0.07,0.07,0.07,-0.1397877777777641,-1.6230238888888997,9.5960477777778,-0.8006793206793096,1.3177922077922442,-10.027967032967023,0.05,0.14,0.15,9.733338590643724,36.058051408977555,-0.3895243700336183
3329.7800000000007,0.0,9.8,35.69441160709835,35.54594021494611,36.34799360159988,36.59197071732064,-6.84,0.07,0.07,0.07,-0.1475655555555345,-1.6169127777777943,9.583825555555588,-0.6962500000000608,0.7675000000006504,-10.101249999999904,0.05,0.1315169133192563,0.15,9.720385527511134,36.045079035241244,-0.28614301698104666
3329.790000000001,0.0,9.8,35.631297385653674,35.624030692326805,36.21320729817565,36.6037377755561,-6.84,0.07,0.07,0.07,-0.1553433333333049,-1.610801666666689,9.571603333333378,-0.6107369215293159,-0.1479929577449696,-10.237064889335793,0.05,0.13,0.15,9.707440647834316,36.01806828792806,-0.1416757149546447
3329.8000000000006,0.0,9.8,35.570588414482046,35.58593336329621,36.07375504619262,36.47446563795317,-6.84,0.07,0.07,0.07,-0.1631211111110753,-1.6046905555555837,9.559381111111168,-0.6393238166789886,-0.6166190833949432,-10.319323816678988,0.05,0.13,0.15,9.69450398439489,35.92618561548102,-0.09009735776200471
3329.810000000001,0.0,9.8,35.51181188514354,35.4544876704119,35.93055404744061,36.23187887141058,-6.84,0.07,0.07,0.07,-0.1708988888888899,-1.5985794444444437,9.547158888888887,-0.7044377660907262,-0.9421888304536308,-10.384437766090729,0.05,0.13,0.15,9.681575570128752,35.78218311860166,-0.06825572548332227
3329.8200000000006,0.0,9.8,35.48843837716002,35.38021643876788,35.886516964688155,36.12201664913599,-6.84,0.07,0.07,0.07,-0.1786766666666603,-1.5924683333333385,9.534936666666676,-0.8835741064731618,-0.5292776805805146,-10.377175706073512,0.05,0.13,0.15,9.668655438127123,35.71929710743801,-0.17244827415273956
3329.830000000001,0.0,9.8,35.493797756073114,35.35234766841982,35.92296074129716,36.11987289757076,-6.84,0.07,0.07,0.07,-0.1864544444444307,-1.586357222222233,9.522714444444466,-1.0985203699068282,0.115561109720484,-10.347183204199046,0.05,0.13,0.15,9.655743621636864,35.722244765840216,-0.31622317400015487
3329.8400000000006,0.0,9.8,35.45630636295397,35.27687633541971,35.907618167709856,36.04750453066382,-6.823575000000062,0.07,0.07,0.07,-0.1942322222222012,-1.5802461111111277,9.510492222222256,-1.0816404494385192,0.247213483146173,-10.1425168539335,0.05,0.13,0.15,9.642840154061522,35.67207634918684,-0.3552181825115366
3329.850000000001,0.0,9.8,35.38452663829817,35.163314382979195,35.8508371914896,35.918943829787764,-6.793575000000147,0.07,0.07,0.07,-0.2020099999999716,-1.5741350000000225,9.498270000000046,-0.9917528089890528,0.2172509363296842,-9.882841448190597,0.05,0.13,0.15,9.62994506896202,35.57940551063868,-0.3612154474653927
3329.8600000000006,0.0,9.8,35.31100580000032,35.12327001999992,35.738569240000665,35.91048185999963,-6.78,0.07,0.07,0.07,-0.209787777777742,-1.568023888888917,9.486047777777834,-0.9624931913840442,-0.2554221341892569,-9.850027234463823,0.05,0.13,0.15,9.617058400057422,35.52083173000013,-0.3072052865316852
3329.870000000001,0.0,9.8,35.236105800000324,35.14146001999992,35.58234924000067,35.997151859999626,-6.78,0.07,0.07,0.07,-0.2175655555555124,-1.5619127777778117,9.473825555555624,-0.9525897499381514,-0.8694355038346178,-9.889641000247394,0.05,0.13,0.15,9.604180181225704,35.48926673000013,-0.23403708197655482
3329.880000000001,0.0,9.775725975451437,35.13539151725834,35.14297637447229,35.488984668487646,35.97911959771528,-6.78,0.07,0.07,0.07,-0.2196648943953957,-1.56,9.462292571094103,-0.9129360100376458,-0.6593601003764581,-9.963008782936004,0.05,0.13,0.15,9.592540506394142,35.43661803948339,-0.23146159676019237
3329.890000000001,0.0,9.7507783654325,35.01422936180763,35.131285289297224,35.445408805562394,35.87815113483969,-6.78,0.07,0.07,0.07,-0.2191771133115466,-1.56,9.451073606165574,-0.8627478042660494,-0.1574780426604939,-10.048328732747716,0.05,0.13,0.15,9.581462879756886,35.367268647876735,-0.25388272103258636
3329.9000000000005,0.0,9.725830755413565,35.00663638426631,35.02900440242048,35.49431033282911,35.86624136157341,-6.78,0.07,0.07,0.07,-0.2186893322276975,-1.56,9.439854641237044,-0.7350596421475317,0.2221272365796079,-9.9142743538773,0.05,0.13,0.15,9.570385607263418,35.34904812027233,-0.27076285975945735
3329.9100000000008,0.0,9.700883145394624,35.094049394856185,34.85094086232999,35.62057357034782,35.92883339384764,-6.78,0.07,0.07,0.07,-0.2182015511438484,-1.56,9.428635676308517,-0.5809840954281423,0.5600994035769782,-9.70552683896716,0.05,0.13,0.15,9.559308690144876,35.37359930534541,-0.2857563894667939
3329.920000000001,0.0,9.67593553537569,35.06918443562413,34.82115095013628,35.647323140659985,35.85671717687953,-6.796429107276623,0.07,0.07,0.07,-0.2177137700599994,-1.56,9.417416711379987,-0.5288449848024944,0.6053799392099775,-9.716930091185034,0.05,0.138468130690922,0.15,9.548232129638071,35.34859392582498,-0.271229729291925
3329.9300000000007,0.0,9.650987925356754,34.95663668072464,34.90715442321985,35.59635811957342,35.6794013743492,-6.826436609152073,0.07,0.07,0.07,-0.2172259889761503,-1.56,9.406197746451458,-0.5136474164134167,0.5445896656536666,-9.8081155015195,0.05,0.14,0.15,9.537155926985525,35.28488764946678,-0.24600501665265376
3329.940000000001,0.0,9.626040315337676,34.87092824651674,34.886362731266225,35.51426269110055,35.58335404292701,-6.84,0.07,0.07,0.07,-0.2167382078922984,-1.56,9.394978781522864,-0.7836684171044717,0.1879144786194105,-9.9706351587898,0.05,0.14,0.15,9.526080083435433,35.213726927952635,-0.2749995110933188
3329.9500000000007,0.0,9.601092705318738,34.80753675662104,34.77677066398891,35.40628227187143,35.55488159407555,-6.84,0.07,0.07,0.07,-0.2162504268084493,-1.56,9.383759816594337,-1.1437584396088472,-0.2621980495110588,-10.155681420354547,0.05,0.14,0.15,9.515004600241948,35.13636782163923,-0.32111586040122264
3329.960000000001,0.0,9.576145095299802,34.74414526672534,34.6671785967116,35.29830185264231,35.52640914522409,-6.856439999999947,0.07,0.07,0.07,-0.2157626457246002,-1.56,9.372540851665809,-1.2828912071532066,-0.4946721311468438,-10.18866616989574,0.05,0.131540948275884,0.15,9.50392947866484,35.05900871532583,-0.3386740224079714
3329.9700000000007,0.0,9.551197485280866,34.68075377682964,34.55758652943429,35.1903214334132,35.49793669637263,-6.886439999999947,0.07,0.07,0.07,-0.2152748646407511,-1.56,9.361321886737278,-1.3524391455535592,-0.6586065573762465,-10.173763040238525,0.05,0.13,0.15,9.492854719969777,34.981649609012436,-0.34723851464645106
3329.980000000001,0.0,9.55,34.66137730225633,34.46964433920185,35.10308433920185,35.44667823952419,-6.867120000000201,0.07,0.07,0.07,-0.2147870835569021,-1.56,9.350102921808748,-1.336133903851223,-0.6172162094141003,-10.068401711553667,0.05,0.13,0.15,9.481780325428309,34.92019605504605,-0.3620120515837263
3329.9900000000007,0.0,9.55,34.67623472848992,34.39854094222683,35.03198094222683,35.3776973320111,-6.807120000000371,0.07,0.07,0.07,-0.214299302473053,-1.56,9.33888395688022,-1.2908280896050606,-0.5064686634790367,-9.932484268815182,0.05,0.13,0.15,9.470706296317884,34.87111348623867,-0.3788829581350309
3330.000000000001,0.0,9.55,34.602438475471345,34.38624840754726,34.99676052830187,35.30052424150923,-6.78,0.07,0.07,0.07,-0.2138115213892011,-1.56,9.327664991951629,-1.1507915106115831,-0.0885742821468544,-9.96460424469421,0.05,0.13,0.15,9.459632633921824,34.82149291320743,-0.37044909402816384
3330.0100000000007,0.0,9.55,34.45492652578604,34.42285721257865,34.99137688050314,35.216539335848985,-6.78,0.07,0.07,0.07,-0.213323740305352,-1.56,9.316446027023098,-0.9810037453181468,0.4257827715362026,-10.049498127340929,0.05,0.13,0.15,9.448559339529616,34.7714249886792,-0.3540680023426145
3330.020000000001,0.0,9.55,34.38801569047027,34.4253402936054,34.89562113461078,35.20800895247568,-6.796439999999947,0.07,0.07,0.07,-0.2128359592215029,-1.56,9.30522706209457,-0.7328110255775904,0.5047951328532925,-10.111437794884482,0.05,0.13,0.15,9.437486414436572,34.72924651779053,-0.2695621175354922
3330.0300000000007,0.0,9.55,34.38482086588705,34.400846638467364,34.72842531475546,35.259126145807244,-6.8264399999999466,0.07,0.07,0.07,-0.2123481781376539,-1.56,9.29400809716604,-0.4596548298992005,0.4451974174325528,-10.16606903402016,0.05,0.13,0.15,9.426413859944104,34.693304741229284,-0.16336587341558864
3330.040000000001,0.0,9.55,34.3639851125564,34.296351905953564,34.723546863431274,35.21929354677378,-6.84,0.07,0.07,0.07,-0.2118603970538048,-1.56,9.282789132237513,-0.5590194101324384,0.1783488782472584,-9.793133350141307,0.05,0.13,0.15,9.415341677359706,34.650794357178754,-0.2254261585573879
3330.0500000000006,0.0,9.55,34.32865744872443,34.126136798399514,34.85201109554753,35.104746273136776,-6.84,0.07,0.07,0.07,-0.2113726159699557,-1.56,9.27157016730898,-0.785891101586726,-0.1594378623624586,-9.27384925636816,0.05,0.13,0.15,9.404269867996975,34.602887903952066,-0.34507760472299326
3330.060000000001,0.0,9.55,34.27237202254201,34.03804269254846,34.879455316217715,35.03610144020026,-6.84,0.07,0.07,0.07,-0.2108848348861038,-1.56,9.26035120238039,-0.7414484818318361,-0.1983051269288537,-9.540415629666189,0.05,0.13,0.15,9.393198433175618,34.55649286787711,-0.28576954466327786
3330.0700000000006,0.0,9.55,34.19893933625536,34.01713849718218,34.82424680025038,35.005013149655554,-6.84,0.07,0.07,0.07,-0.2103970538022547,-1.56,9.24913223745186,-0.6120308611250183,-0.143551518168277,-10.053108511697042,0.05,0.13,0.15,9.382127374221687,34.51133444583587,-0.1704117902692744
3330.080000000001,0.0,9.531442269276829,34.125506649968706,33.99623430181591,34.76903828428304,34.97392485911084,-6.84,0.07,0.07,0.07,-0.2092914117002918,-1.5592028381628285,9.236368484963997,-0.8370065293820093,-0.0430713209443203,-10.202677046710177,0.05,0.13,0.15,9.369387342595173,34.466176023794624,-0.23377585568803297
3330.0900000000006,0.0,9.511466240511364,34.05207396368206,33.97533010644964,34.71382976831571,34.94283656856613,-6.84,0.07,0.07,0.07,-0.2054817971856638,-1.554917021833872,9.216844210576529,-1.1785434455045647,0.0724485183324263,-10.232812656956286,0.05,0.13,0.15,9.349342592706796,34.421017601753384,-0.35592218077962473
3330.100000000001,0.0,9.4914902117459,34.01780154037268,33.99275689440976,34.550087329193474,34.88758260869593,-6.823561438561534,0.07,0.07,0.07,-0.2016721826710358,-1.5506312055049154,9.19731993618906,-1.1993378142893574,-0.0099502116005397,-10.149006721434036,0.05,0.13,0.15,9.3292991598174,34.36205709316796,-0.3670202971306047
3330.1100000000006,0.0,9.47151418298044,34.01461147826088,34.04060782608671,34.300199130436035,34.81314782608733,-6.793591408591515,0.07,0.07,0.07,-0.1978625681564079,-1.5463453891759589,9.177795661801593,-1.1196763754046686,-0.1543365695790383,-10.029514563107004,0.05,0.13,0.15,9.30925705243374,34.29214156521773,-0.3433383769947507
3330.120000000001,0.0,9.451538154214976,34.000337111444416,34.02002561052853,34.14958562385514,34.726045583875305,-6.769073642119379,0.07,0.07,0.07,-0.1940529536417799,-1.5420595728470023,9.158271387414125,-1.0962246176986856,-0.3447906743538919,-9.867861619453995,0.05,0.1385039370078312,0.15,9.289216279135417,34.22399848242585,-0.34012304106521685
3330.130000000001,0.0,9.4315621254494,33.97680887556224,33.94231113443285,34.081852823588264,34.628367756122024,-6.749080306564471,0.07,0.07,0.07,-0.1902433391271303,-1.5377737565180216,9.138747113026543,-1.0912108297818923,-0.5503559789424174,-9.692379042366229,0.05,0.14,0.15,9.269176848575539,34.157335147426345,-0.34362117963638333
3330.140000000001,0.0,9.411586096683935,33.953280639680194,33.86459665833761,34.01412002332177,34.5306899283693,-6.729086971009677,0.07,0.07,0.07,-0.1864337246125023,-1.533487940189065,9.119222838639075,-0.8774605954466277,-0.3950512884663908,-9.661386039529646,0.05,0.14,0.15,9.249138769481984,34.09067181242722,-0.29267921830072635
3330.1500000000005,0.0,9.391610067918474,33.89345707611172,33.79815101230858,34.141550861591945,34.52057491082629,-6.736373186593242,0.07,0.07,0.07,-0.1826241100978743,-1.5292021238601086,9.099698564251606,-0.5972504378289447,-0.1248486364779109,-9.67639729797345,0.05,0.14,0.15,9.229102050657476,34.08843346520964,-0.2244039885044224
3330.1600000000008,0.0,9.371634039153012,33.80314810851569,33.74117035418252,34.43290479276483,34.58400620949493,-6.766388194096956,0.07,0.07,0.07,-0.1788144955832463,-1.5249163075311525,9.080174289864138,-0.492000000000125,0.0539999999996248,-9.72559999999985,0.05,0.14,0.15,9.209066700980877,34.1403073662395,-0.2002098756937538
3330.170000000001,0.0,9.351658010387547,33.772791515302266,33.7563349738739,34.49070374222478,34.56760263747223,-6.78,0.07,0.07,0.07,-0.1750048810686184,-1.5206304912021955,9.06065001547667,-0.442000000000125,0.2039999999996248,-9.785599999999851,0.05,0.14,0.15,9.18903272940787,34.146858217218295,-0.189936115615582
3330.1800000000007,0.0,9.35,33.79089552127391,33.82981593928823,34.35971593431229,34.48666708136369,-6.78,0.07,0.07,0.07,-0.1711952665539904,-1.5163446748732392,9.041125741089202,-0.4679999999997669,0.2286000000000699,-9.872199999999555,0.05,0.1316675165732038,0.15,9.16900014497179,34.11677361905953,-0.18811949978395254
3330.190000000001,0.0,9.35,33.76945664997478,33.77716204306406,34.18634836755062,34.40429134702025,-6.796371814092902,0.07,0.07,0.07,-0.1673856520393407,-1.5120588585442585,9.021601466701622,-0.5179999999999091,0.2136000000000272,-9.967199999999828,0.05,0.13,0.15,9.148968956784346,34.03431460190242,-0.1889735610828506
3330.2000000000007,0.0,9.35,33.71480467200788,33.61856414621894,33.97738492238307,34.32070596895323,-6.826356821589192,0.07,0.07,0.07,-0.1635760375247127,-1.507773042215302,9.002077192314154,-0.6097999999997374,0.1454000000002125,-9.967200000000076,0.05,0.13,0.15,9.128939174036935,33.907864927390776,-0.2127101285981974
3330.210000000001,0.0,9.35,33.67584412121212,33.45648141090907,33.923446530909104,34.2493449260606,-6.823658170914565,0.07,0.07,0.07,-0.1597664230100848,-1.5034872258863454,8.982552917926684,-0.7147999999997374,0.0604000000002125,-9.937200000000075,0.05,0.13,0.15,9.108910806000795,33.82627924727272,-0.243672750708313
3330.2200000000007,0.0,9.35,33.64990472727281,33.29150686545509,33.99815198545429,34.18812795636384,-6.793673163418361,0.07,0.07,0.07,-0.1559568084954568,-1.499201409557389,8.963028643539216,-0.9641999999992622,0.032400000000025,-9.926200000000012,0.05,0.13,0.15,9.08888386202835,33.78192288363651,-0.3261793746758557
3330.230000000001,0.0,9.35,33.537978200621595,33.20209557394007,33.99492684591568,34.08209809720871,-6.78,0.07,0.07,0.07,-0.1521471939808288,-1.4949155932284324,8.943504369151748,-1.2591999999992622,0.022400000000025,-9.921200000000011,0.05,0.13,0.15,9.068858351553969,33.70427467942151,-0.4249630518617567
3330.2400000000007,0.0,9.35,33.33437944157318,33.19324345398144,33.908618676319065,33.92829251292756,-6.78,0.07,0.07,0.07,-0.1483375794662008,-1.490629776899476,8.92398009476428,-1.3223980995249112,-0.0940285071263344,-9.836379094774022,0.05,0.13,0.15,9.04883428409485,33.59113352120031,-0.4469162419285241
3330.250000000001,0.0,9.35,33.24742600594647,33.22483829534185,33.73446582755231,33.92265433102068,-6.796262802897833,0.07,0.07,0.07,-0.1445279649515512,-1.4863439605704951,8.9044558203767,-1.3123955988997045,-0.244066016504437,-9.726351587896747,0.05,0.13,0.15,9.028811669251825,33.53234611496533,-0.44460717290469354
3330.2600000000007,0.0,9.35,33.2559096531219,33.289526105054435,33.488440059465105,34.03824402378579,-6.826240319760158,0.07,0.07,0.07,-0.1407183504369232,-1.4820581442415386,8.884931545989232,-1.2035300000000335,-0.3598524999999748,-9.722814999999994,0.05,0.13,0.15,9.008790516710718,33.518029960356806,-0.39654328022942176
3330.270000000001,0.0,9.35,33.242705849148486,33.23171322627771,33.40266225790743,34.01311730413656,-6.84,0.07,0.07,0.07,-0.1369087359222953,-1.4777723279125825,8.865407271601763,-1.0635300000004315,-0.4648524999996763,-9.752814999999908,0.05,0.13,0.15,8.988770836242596,33.472549659367544,-0.3340700775417798
3330.2800000000007,0.0,9.3150782608696,33.21042361070571,33.06613658394221,33.457854472019264,33.86420246228764,-6.84,0.07,0.07,0.07,-0.1330991214076673,-1.4734865115836258,8.845882997214295,-0.8854688672176106,-0.20854463616061,-9.558417104277192,0.05,0.13,0.15,8.968752637705164,33.39965428223871,-0.3303453715501042
3330.290000000001,0.0,9.2753267080746,33.16280797819906,33.052131154943595,33.52963885803234,33.85891115494359,-6.8562478141392695,0.07,0.07,0.07,-0.1320085645417206,-1.469426124416651,8.82904354069442,-0.695421355339761,0.161547886969939,-9.29335083771072,0.05,0.13,0.15,8.951460732177088,33.40087228652965,-0.3451220001527401
3330.3000000000006,0.0,9.235575155279596,33.09838025953821,33.20431386971148,33.61961549961043,34.01109386971147,-6.886225331001595,0.07,0.07,0.07,-0.1427783476075111,-1.4663490435407112,8.823915072567852,-0.5548987753067415,0.3451012246932585,-9.481067233190204,0.05,0.13,0.15,8.946062954279297,33.483350874642895,-0.28860954412889506
3330.310000000001,0.0,9.195823602484367,33.05307818181812,33.17175090909053,33.63262909090899,33.98845272727239,-6.883789052736849,0.07,0.07,0.07,-0.1535481306733629,-1.4632719626647537,8.818786604441256,-0.4299300174954049,0.4700699825045951,-9.810984753812132,0.05,0.13,0.15,8.940678891439205,33.46147772727251,-0.20970800633561384
3330.3200000000006,0.0,9.156072049689364,33.0233927718603,32.988337483279686,33.582800009908354,33.8230625860788,-6.853796550862383,0.07,0.07,0.07,-0.1643179137391535,-1.4601948817888133,8.81365813631469,-0.4912599999999712,0.2034050000000936,-9.806345000000029,0.05,0.1384531815830526,0.15,8.935308568449328,33.35439821278178,-0.20327720517858164
3330.330000000001,0.0,9.116320496894362,33.02924242774561,32.85314393063598,33.46131626204268,33.67656150289037,-6.856191904047867,0.07,0.07,0.07,-0.1750876968049441,-1.4571178009128731,8.808529668188122,-0.6112599999996302,-0.1865949999987979,-9.696345000000338,0.05,0.14,0.15,8.929952010098372,33.25506603082866,-0.21966920668307705
3330.3400000000006,0.0,9.07656894409936,33.06635225433518,32.76036936416206,33.27679795761121,33.54667710982688,-6.8861769115441565,0.07,0.07,0.07,-0.1858574798707347,-1.454040720036933,8.803401200061556,-0.803507499999191,-0.2876049999999623,-9.909557499998815,0.05,0.14,0.15,8.924609241170991,33.16254917148383,-0.2414590339592593
3330.350000000001,0.0,9.036817391304355,33.02566097738532,32.70279744736162,33.25607005458754,33.45623431765023,-6.8838380809596,0.07,0.07,0.07,-0.1966272629365252,-1.4509636391609928,8.798272731934988,-1.018507499999191,-0.2976049999999623,-10.224557499998816,0.05,0.14,0.15,8.91928028644733,33.110190699246175,-0.2649487682339241
3330.3600000000006,0.0,8.997065838509354,32.89215434884359,32.687221674031754,33.43074122692964,33.412844663374166,-6.853853073463395,0.07,0.07,0.07,-0.2073970460023158,-1.4478865582850526,8.793144263808422,-1.1764966241554449,-0.1668792198056939,-10.3684621155285,0.05,0.14,0.15,8.913965170702653,33.10574047829479,-0.30981964593720535
3330.370000000001,0.0,8.95731428571435,32.76000634328401,32.65159298507481,33.35365671641889,33.33983455223913,-6.84,0.07,0.07,0.07,-0.2181668290681064,-1.4448094774091125,8.788015795681854,-1.3165316329075445,0.0081645411344306,-10.45848462115485,0.05,0.14,0.15,8.908663918706923,33.02627264925421,-0.3614239672318855
3330.380000000001,0.0,8.950000000000001,32.629051119402874,32.59835915422882,33.05554726368135,33.240819626865594,-6.84,0.07,0.07,0.07,-0.2289366121339582,-1.4417323965331548,8.782887327555258,-1.220629999999888,-0.0375150000000758,-10.495220000000014,0.05,0.1315851775604547,0.15,8.903376555224392,32.880944291044656,-0.3189088999496444
3330.390000000001,0.0,8.950000000000001,32.570897391729865,32.559260650844166,32.847539124051984,33.18916260827013,-6.84,0.07,0.07,0.07,-0.2397063951997488,-1.4386553156572146,8.777758859428692,-1.050629999999888,-0.1525150000000758,-10.515220000000014,0.05,0.13,0.15,8.898103105013298,32.79171494372404,-0.2468346554399447
3330.4000000000005,0.0,8.950000000000001,32.579275174944925,32.53308007829712,32.721872375826145,33.18078482505508,-6.84,0.07,0.07,0.07,-0.2504761782655393,-1.4355782347812744,8.772630391302124,-0.930095000000158,-0.2979549999997669,-10.147110000000737,0.05,0.13,0.15,8.892843592825294,32.75375311353081,-0.24694251135119025
3330.4100000000008,0.0,8.950000000000001,32.54730342666351,32.45466610840017,32.74750474184367,33.17957970202926,-6.823872095928218,0.07,0.07,0.07,-0.2612459613313299,-1.4325011539053345,8.767501923175557,-0.8250950000004563,-0.4529549999993264,-9.65711000000213,0.05,0.13,0.15,8.887598043405154,32.732263494734156,-0.26971990997011425
3330.420000000001,0.0,8.950000000000001,32.47144419213995,32.31943877729295,32.93770253275056,33.18617615720522,-6.793894579065893,0.07,0.07,0.07,-0.2720157443971205,-1.429424073029394,8.76237345504899,-0.7429962546820066,-0.5432034956301273,-9.39179026217322,0.05,0.13,0.15,8.882366481490338,32.72869041484717,-0.2729182932181885
3330.4300000000007,0.0,8.950000000000001,32.39779552888242,32.28642562640644,33.0300395048762,33.165323465866585,-6.796090977255491,0.07,0.07,0.07,-0.2827855274629111,-1.426346992153454,8.757244986922423,-0.6680898876407847,-0.613116104868601,-9.19703370786604,0.05,0.13,0.15,8.877148931810572,32.719896031507915,-0.2699676821512014
3330.440000000001,0.0,8.950000000000001,32.32608760190031,32.34314980745199,33.036461110277585,33.12037222805691,-6.826083479130212,0.07,0.07,0.07,-0.2935553105287629,-1.4232699112774962,8.752116518795827,-0.5360826032539103,-0.0756020025023634,-8.944948685857039,0.05,0.13,0.15,8.871945419087421,32.7065176869217,-0.31967990422753517
3330.4500000000007,0.0,8.950000000000001,32.31686264442838,32.29078640560776,32.93634376117938,33.07291166062358,-6.84,0.07,0.07,0.07,-0.3043250935945534,-1.420192830401556,8.74698805066926,-0.3858948685856219,0.6553116395499735,-8.674610763454119,0.05,0.13,0.15,8.866755968033978,32.65422611795978,-0.3861595280231037
3330.460000000001,0.0,8.950000000000001,32.36238355329947,32.14284345177672,32.74287989847725,33.02325248730967,-6.84,0.07,0.07,0.07,-0.315094876660344,-1.417115749525616,8.741859582542693,-0.4755963990998045,0.6967916979244498,-8.90305826456621,0.05,0.13,0.15,8.861580603354271,32.567839847715774,-0.38602338495140764
3330.4700000000007,0.0,8.950000000000001,32.335481692030115,32.11694944028868,32.695173355687174,32.913589141088785,-6.872075943042503,0.07,0.07,0.07,-0.3258646597261346,-1.4140386686496758,8.736731114416127,-0.6406376594147791,0.5217479369843252,-9.288154538634483,0.05,0.13,0.15,8.856419349742978,32.51529840727369,-0.3649658643748255
3330.480000000001,0.0,8.937558122093934,32.22508705700313,32.23175986071674,32.81550350786659,32.734749832345074,-6.932030976767153,0.07,0.07,0.07,-0.3366344427919251,-1.4109615877737356,8.73160264628956,-0.8510381831790843,0.1835338158229206,-9.418008485150908,0.05,0.13,0.15,8.851272231884954,32.501775064482885,-0.38080185924729154
3330.4900000000007,0.0,8.92255887205645,32.16316808020056,32.21339425563957,32.85504885213044,32.607662706767194,-6.975989010988857,0.07,0.07,0.07,-0.3351110024667368,-1.409388875308342,8.720833129625133,-1.0756451210375473,-0.2057848764650818,-9.467921138008345,0.05,0.13,0.15,8.84033974802917,32.45981847368444,-0.4081928159511792
3330.500000000001,0.0,8.907559622018884,32.14493249122804,32.07501831578925,32.82179571929819,32.52721157894724,-7.005959040959048,0.07,0.07,0.07,-0.3279997333273898,-1.4084999666659237,8.707499499988856,-1.103739173471891,-0.4800742390498902,-9.510012373174982,0.05,0.13,0.15,8.826777640989203,32.39223952631568,-0.3827357187284237
3330.5100000000007,0.0,8.8925603719814,32.090043805825175,31.96874839805819,32.636852242718184,32.56339726213604,-6.988149812734158,0.07,0.07,0.07,-0.3208884641880831,-1.4076110580235104,8.694165870352656,-1.0690942835932358,-0.7176391982178127,-9.549606533036302,0.05,0.13,0.15,8.813220664338548,32.3147604271844,-0.34040628766632014
3330.520000000001,0.0,8.877561121943916,32.00278166990293,31.89083577669904,32.317929912621416,32.70260114563104,-6.928224719101351,0.07,0.07,0.07,-0.3137771950487765,-1.406722149381097,8.680832240716457,-1.0002834008098649,-0.6045824898789773,-9.95935475708403,0.05,0.1384882478632411,0.15,8.799668841789124,32.2285371262136,-0.26704354411098585
3330.5300000000007,0.0,8.862561871906435,31.96545474091257,31.846501856148503,32.22301607115206,32.72946784222757,-6.868204357626104,0.07,0.07,0.07,-0.3066659259094699,-1.4058332407386838,8.667498611080257,-0.9193117408907562,-0.3667282388665962,-10.500852732793067,0.05,0.14,0.15,8.786122197190176,32.19111012761017,-0.1826350452613048
3330.540000000001,0.0,8.847562621868951,31.98421215261657,31.83988159319416,32.379695627738414,32.63016389791228,-6.808099173553902,0.07,0.07,0.07,-0.2995546567701633,-1.4049443320962705,8.654164981444056,-0.9723424999997372,-0.0701275000008715,-10.523390000000388,0.05,0.14,0.15,8.772580754529121,32.20848831786536,-0.22787468311777068
3330.5500000000006,0.0,8.832563371831467,31.9486520969762,31.830525808547925,32.46560838290415,32.563171737065936,-6.78,0.07,0.07,0.07,-0.2924433876308566,-1.4040554234538571,8.640831351807856,-1.0673424999994672,0.2448724999982331,-10.383390000000784,0.05,0.14,0.15,8.759044537932478,32.20198950637355,-0.313719810934209
3330.560000000001,0.0,8.8175641217939,31.86521295676072,31.81875875031241,32.489142499375184,32.5246613646588,-6.78,0.07,0.07,0.07,-0.2853321184915096,-1.4031665148114387,8.627497722171581,-0.9491225000001116,-0.0835949999996806,-10.04540000000024,0.05,0.14,0.15,8.745513571666718,32.17444389277678,-0.2910149055495439
3330.5700000000006,0.0,8.802564871756417,31.80728838521397,31.765155573929857,32.38300875486356,32.50494191634241,-6.764078881677512,0.07,0.07,0.07,-0.278220849352203,-1.4022776061690254,8.61416409253538,-0.7641225000001115,-0.6135949999996806,-9.645400000000242,0.05,0.14,0.15,8.73198788013951,32.115098657587446,-0.23431238635130427
3330.580000000001,0.0,8.8,31.77189928015561,31.67460109922172,32.16234727626443,32.50181934824902,-6.734123814278667,0.07,0.07,0.07,-0.2711095802128964,-1.401388697526612,8.60083046289918,-0.5724298136649006,-0.6794583850932925,-9.394862111801563,0.05,0.1314509394572137,0.15,8.718467487900215,32.02766675097269,-0.20100554928058784
3330.5900000000006,0.0,8.8,31.731381151079173,31.64482002055496,32.11649537512835,32.42757285714298,-6.735878818227215,0.07,0.07,0.07,-0.2639983110735897,-1.4004997888841988,8.58749683326298,-0.3786409937893705,-0.5999552795033314,-9.191135403727287,0.05,0.13,0.15,8.704952419641138,31.980067350976366,-0.17502618455055793
3330.600000000001,0.0,8.8,31.685194100719592,31.68220953751271,32.263854059608924,32.27471571428627,-6.765923885828588,0.07,0.07,0.07,-0.2568870419342831,-1.3996108802417857,8.574163203626782,-0.514427135677382,-0.0493015075405947,-9.200221105527309,0.05,0.13,0.15,8.69144270019842,31.976493353031874,-0.27650981133784674
3330.6100000000006,0.0,8.8,31.630544468938165,31.630058787575763,32.22890176352797,32.107436392786404,-6.795925093632796,0.07,0.07,0.07,-0.2497757727949764,-1.3987219715993722,8.560829573990581,-0.760658291455967,0.659241206026354,-9.28062311557746,0.05,0.13,0.15,8.677938354552994,31.899235353207075,-0.4207080053766504
3330.620000000001,0.0,8.8,31.56836010020065,31.49818504008069,32.03162721442965,31.92731615230533,-6.8258876404492845,0.07,0.07,0.07,-0.2426645036556698,-1.3978330629569589,8.547495944354381,-0.8085978968453638,0.8984126189278177,-9.182178267402092,0.05,0.13,0.15,8.66443940783157,31.75637212675408,-0.4765754921850607
3330.630000000001,0.0,8.8,31.537038379729943,31.418727307884588,31.94482378063012,31.81886271711944,-6.861149425287371,0.07,0.07,0.07,-0.2355532345163228,-1.3969441543145404,8.534162314718106,-0.7935753630445915,0.9885478217324511,-9.026945418127443,0.05,0.13,0.15,8.650945885307536,31.679863046341023,-0.5043959428366017
3330.640000000001,0.0,8.8,31.532757666277707,31.385195052508703,31.954812112018683,31.77320177362888,-6.901129435282348,0.07,0.07,0.07,-0.2284419653770162,-1.3960552456721271,8.520828685081906,-0.9196548371412614,0.535833738454816,-9.18263004375273,0.05,0.13,0.15,8.637457812402246,31.661491651108495,-0.4760999638680025
3330.6500000000005,0.0,8.8,31.528476952825468,31.351662797132825,31.96480044340724,31.72754083013832,-6.941109445277325,0.07,0.07,0.07,-0.2213306962377095,-1.3951663370297138,8.507495055445705,-1.0898055420514694,-0.0864316966453735,-9.435425376762185,0.05,0.13,0.15,8.623975214685576,31.643120255875964,-0.43027680609403174
3330.6600000000008,0.0,8.8,31.484802341202275,31.299899362375307,31.83442438549537,31.785149700657023,-6.96,0.07,0.07,0.07,-0.2142194270984029,-1.3942774283873005,8.494161425809505,-1.0275193000515863,-0.3788522902726584,-9.778502316005891,0.05,0.13,0.15,8.610498117877203,31.601068947432495,-0.3270321047044454
3330.670000000001,0.0,8.8,31.406681143830827,31.23219432465338,31.58131170601188,31.933059167680305,-6.96,0.07,0.07,0.07,-0.2071081579590963,-1.3933885197448872,8.480827796173305,-0.8679722079261512,-0.5332527020069506,-10.159356664950478,0.05,0.13,0.15,8.597026547847564,31.5383115855441,-0.19975994889412713
3330.6800000000007,0.0,8.774846625766934,31.37753885187075,31.20427563300866,31.555045873910043,31.992781722193875,-6.92839419709885,0.07,0.07,0.07,-0.1999968888197897,-1.392499611102474,8.467494166537106,-0.7995276180956181,-0.4138290427400425,-10.280472381904382,0.05,0.1385297184567041,0.15,8.583560530618868,31.532410520245833,-0.17086352325319248
3330.690000000001,0.0,8.744919946131905,31.401670066632565,31.21963186058436,31.775517426961173,31.95658490005115,-6.8683641820910815,0.07,0.07,0.07,-0.1928856196804426,-1.3916107024600557,8.45416053690083,-0.759537615596104,-0.2088802799300329,-10.320462384403896,0.05,0.14,0.15,8.570100092366028,31.58835106355731,-0.1726933755395044
3330.7000000000007,0.0,8.714993266497046,31.35320416791577,31.16420077960991,31.775114632683184,31.90448998500733,-6.84,0.07,0.07,0.07,-0.185774350541136,-1.3907217938176422,8.44082690726463,-0.727149287321863,-0.0685971492874518,-10.33,0.05,0.14,0.15,8.556645259418021,31.549252391304048,-0.17496047552068048
3330.710000000001,0.0,8.685066586862186,31.23984084957512,31.04549013493244,31.57726355822073,31.83818313843073,-6.84,0.07,0.07,0.07,-0.1793903197038169,-1.3888822527903313,8.426951598519084,-0.697141785446413,0.0514328582143478,-10.33,0.05,0.14,0.15,8.542522346631745,31.425194420289756,-0.1773645204463448
3330.7200000000007,0.0,8.655139907227328,31.18128321984436,30.995373842412448,31.486971186770425,31.805174406614785,-6.792662337662744,0.07,0.07,0.07,-0.1761473394049245,-1.3829367889090285,8.410736697024623,-0.678570000000028,0.0609500000000466,-10.036630000000718,0.05,0.14,0.15,8.5254931724783,31.367200663910502,-0.21651559200401255
3330.730000000001,0.0,8.62521322759247,31.171915515564205,31.006823258754856,31.4932163229572,31.8020518385214,-6.702752247752683,0.07,0.07,0.07,-0.1729043591060322,-1.376991325027726,8.39452179553016,-0.663570000000028,0.0359500000000466,-9.651630000000718,0.05,0.14,0.15,8.508466207386052,31.368501733949415,-0.2671440813287496
3330.7400000000007,0.0,8.595286547957611,31.12964808226231,31.02117153727504,31.521394611825126,31.75738765038572,-6.644257128564452,0.07,0.07,0.07,-0.1696613788071398,-1.3710458611464231,8.378306894035699,-0.6410542018897133,-0.1443013426146377,-9.719144704126409,0.05,0.14,0.15,8.491441464643774,31.35740047043705,-0.230622059412862
3330.750000000001,0.0,8.565359868322583,31.05042957326453,31.03877565038566,31.574206951156977,31.666066313624388,-6.614242121060568,0.07,0.07,0.07,-0.166418398508229,-1.3651003972650868,8.362091992541146,-0.616190949776274,-0.3730432620582796,-9.9279960218793,0.05,0.14,0.15,8.474418957645183,31.332369622107887,-0.16687979907734427
3330.7600000000007,0.0,8.535433188687724,30.98761625935155,30.98143427431404,31.550396768079665,31.567761187032268,-6.568485757121599,0.07,0.07,0.07,-0.1631754182093367,-1.359154933383784,8.345877091046683,-0.6628607340370445,-0.2676420311719347,-9.961121166415342,0.05,0.14,0.15,8.457398699890359,31.27180212219438,-0.1884993219036903
3330.770000000001,0.0,8.505506509052866,30.939586334164627,30.85655646882803,31.45753891271828,31.46316268329185,-6.50851574212919,0.07,0.07,0.07,-0.1599324379104443,-1.3532094695024814,8.329662189552222,-0.7332478632477265,-0.0514529914534115,-9.935982905982955,0.05,0.14,0.15,8.440380704986184,31.179211099750695,-0.23842122023935797
3330.7800000000007,0.0,8.5,30.90135897610928,30.79402196001952,31.34184735251129,31.43426071184778,-6.448553584811721,0.07,0.07,0.07,-0.1566894576115519,-1.3472640056211789,8.31344728805776,-0.8337571821131305,0.1789357981507789,-9.484564076943805,0.05,0.14,0.15,8.423364986647792,31.11787225012197,-0.3644480068726068
3330.790000000001,0.0,8.5,30.872143959044465,30.78880499268651,31.205162808386607,31.47495305704521,-6.388598551087071,0.07,0.07,0.07,-0.1534464773126596,-1.341318541739876,8.297232386563298,-0.9436747439416548,0.4137596802389898,-8.900002498128472,0.05,0.14,0.15,8.406351558699512,31.085266204290697,-0.5142450867014071
3330.8000000000006,0.0,8.5,30.823649128205417,30.777271487179565,31.14819384615371,31.41708758974429,-6.375693923480654,0.07,0.07,0.07,-0.1502034970137672,-1.3353730778585735,8.281017485068837,-0.9131614349778424,0.3828475336326916,-8.922937219730185,0.05,0.1314762649974071,0.15,8.389340435075956,31.04155051282074,-0.4973128487026899
3330.810000000001,0.0,8.5,30.75341323076916,30.758615076923057,31.18111692307696,31.2480824615383,-6.405701425356274,0.07,0.07,0.07,-0.1469605167148564,-1.329427613977237,8.264802583574284,-0.8384230194318043,0.268248629795433,-9.137187344295494,0.05,0.13,0.15,8.372331629822988,30.98530692307687,-0.4278734816825187
3330.8200000000006,0.0,8.5,30.704073921765303,30.74017273821465,31.136089909729225,31.19542178535605,-6.388613539845294,0.07,0.07,0.07,-0.1437175364159641,-1.3234821500959342,8.24858768207982,-0.8011672081979289,-0.2006873281684665,-9.423526618345685,0.05,0.1385319148936303,0.15,8.355325157099212,30.943939588766305,-0.3232663851853682
3330.830000000001,0.0,8.5,30.67402377131401,30.72192800401208,31.01910896690096,31.25015598796377,-6.328658506120644,0.07,0.07,0.07,-0.1404745561170717,-1.3175366862146316,8.23237278058536,-0.7761734566358746,-0.7855411147205353,-9.733449137715157,0.05,0.14,0.15,8.338321031176507,30.9163041825477,-0.20715451720042197
3330.8400000000006,0.0,8.5,30.641246460048546,30.68275416949172,30.974562082324383,31.27719020823244,-6.237469428500727,0.07,0.07,0.07,-0.1372315758181794,-1.311591222333329,8.216157879090897,-0.7775640381717541,-0.7295529884485161,-9.97640883977859,0.05,0.14,0.15,8.321319266441519,30.893938230024272,-0.17667415994630953
3330.850000000001,0.0,8.5,30.60601159322047,30.624720271186657,30.9952884745762,31.27926284745762,-6.11767906164288,0.07,0.07,0.07,-0.133988595519287,-1.3056457584520262,8.199942977596436,-0.7876092415871234,-0.4633550979412303,-10.197403314916714,0.05,0.14,0.15,8.30431987739671,30.876320796610234,-0.17428275773964796
3330.8600000000006,0.0,8.5,30.54488837149509,30.54826271160317,31.036408988937225,31.26921258039629,-5.9354354354370535,0.07,0.07,0.07,-0.1307456152203946,-1.2997002945707237,8.183728076101975,-0.6909400000005239,-0.3085600000004836,-10.413829999999134,0.05,0.14,0.15,8.287322878661499,30.849693163107943,-0.12516175561320003
3330.870000000001,0.0,8.5,30.453496552611657,30.45026425521009,31.10137425778208,31.24498824286092,-5.695195195196737,0.07,0.07,0.07,-0.1275026349215023,-1.2937548306894209,8.167513174607512,-0.5609400000008935,-0.1885600000008246,-10.628829999998525,0.05,0.14,0.15,8.270328284973422,30.812530827116184,-0.06144541912845358
3330.880000000001,0.0,8.476316579895752,30.406094179104475,30.36110626865668,31.030790522387964,31.18867141791041,-5.48633341664615,0.07,0.07,0.07,-0.1242596546225915,-1.2878093668080846,8.151298273112959,-0.6739880656385862,-0.0539035305820944,-10.657265042267593,0.05,0.14,0.15,8.253336111189212,30.746665597014882,-0.10910793811997757
3330.890000000001,0.0,8.44628053664389,30.399706119402992,30.28019084577124,30.83382534825892,31.1024326119404,-5.306378405399359,0.07,0.07,0.07,-0.1210166743236991,-1.2818639029267818,8.135083371618496,-0.8629487817001851,0.0853306812527678,-10.62742913973155,0.05,0.14,0.15,8.236346372286366,30.65403873134339,-0.19155807863904345
3330.9000000000005,0.0,8.416244493392027,30.34298683760702,30.268452649572552,30.77819333333319,30.979865470085745,-5.032940294780892,0.07,0.07,0.07,-0.1228164824739114,-1.28,8.124719095361417,-0.9024768344603428,-0.2448735286733798,-10.304027047334394,0.05,0.14,0.15,8.225846112522268,30.592374572649625,-0.2194397782273718
3330.9100000000008,0.0,8.386208450140165,30.237423956044115,30.323847032966952,30.85971714285702,30.82204373626397,-4.673210092432995,0.07,0.07,0.07,-0.1269191517731204,-1.28,8.1170265904254,-0.8924593037816708,-0.7307237665889671,-9.883290758830173,0.05,0.14,0.15,8.2183106013803,30.560757967033013,-0.22922887889168325
3330.920000000001,0.0,8.356172406888302,30.19056583870132,30.2563599484673,30.86975144035057,30.67594496779206,-4.422225000001035,0.07,0.07,0.07,-0.1310218210723293,-1.28,8.109334085489383,-0.973328313252492,-0.5242620481948038,-9.802725903614316,0.05,0.14,0.15,8.21077743138109,30.498155548827814,-0.2900475026525144
3330.9300000000007,0.0,8.32613636363644,30.21262200979122,30.04462070600428,30.795863267199408,30.54360794125267,-4.272225000001035,0.07,0.07,0.07,-0.1351244903715383,-1.28,8.101641580553366,-1.0837700803209065,-0.0925351405637298,-9.832846385542066,0.05,0.14,0.15,8.203246608974364,30.399178481061895,-0.3674701660695145
3330.940000000001,0.0,8.296100320384406,30.178217436281763,29.92065651174408,30.639241989005235,30.537245482259,-4.0755600000002925,0.07,0.07,0.07,-0.1392271596707705,-1.28,8.093949075617306,-1.11,0.161930261519524,-9.65768368617657,0.05,0.14,0.15,8.195718140631499,30.318840354822516,-0.429247811822855
3330.9500000000007,0.0,8.266064277132545,30.091590749625222,29.87787790104949,30.406098560719744,30.64740040479755,-3.835560000000292,0.07,0.07,0.07,-0.1433298289699795,-1.28,8.08625657068129,-1.11,0.3611830635116741,-9.41858032378599,0.05,0.14,0.15,8.188192032845766,30.255741904048,-0.4861524192870061
3330.960000000001,0.0,8.236028233880681,30.019818538945422,29.89485682631822,30.348057992259147,30.65588462022268,-3.704452773613255,0.07,0.07,0.07,-0.1474324982691884,-1.28,8.078564065745272,-0.8454192740931369,0.2399123904884451,-9.382678347934874,0.05,0.14,0.15,8.18066829213217,30.229654494436367,-0.3901241825493049
3330.9700000000007,0.0,8.20599219062882,29.961840793420546,29.967329008224315,30.4526249975808,30.56995331881974,-3.67446776611705,0.07,0.07,0.07,-0.1515351675683974,-1.28,8.070871560809255,-0.4949812265337973,0.0146307884860125,-9.412715894868532,0.05,0.14,0.15,8.173146925027693,30.23793702951135,-0.2444687314676211
3330.980000000001,0.0,8.200000000000001,29.98026501801304,29.961330478641585,30.4557767627384,30.519836335563586,-3.675521119719949,0.07,0.07,0.07,-0.1556378368676063,-1.28,8.063179055873238,-0.4703135108233052,-0.1342398606614143,-9.401152027867717,0.05,0.14,0.15,8.16562793809133,30.22930214873915,-0.22245477497706362
3330.9900000000007,0.0,8.200000000000001,30.091505367987207,29.86000263510076,30.3357252959346,30.51322799794136,-3.705513621594499,0.07,0.07,0.07,-0.1597405061668153,-1.28,8.055486550937221,-0.5499353072899119,-0.2586489176404872,-9.376270216471903,0.05,0.14,0.15,8.158111337904188,30.200115324240983,-0.24002241906558736
3331.000000000001,0.0,8.200000000000001,30.05642676330889,29.877106958260644,30.316429007748187,30.511611877030745,-3.735502248875615,0.07,0.07,0.07,-0.1638431754660476,-1.28,8.047794046001162,-0.5625012531328433,-0.2825012531328431,-9.37,0.05,0.14,0.15,8.15059713106951,30.190393651587115,-0.24271098516164336
3331.0100000000007,0.0,8.200000000000001,29.87992088977716,30.008684063984298,30.39451948512889,30.514821074731326,-3.76548725637182,0.07,0.07,0.07,-0.1679458447652565,-1.28,8.040101541065145,-0.5524761904762079,-0.2724761904762078,-9.37,0.05,0.14,0.15,8.143085324212931,30.19948637840542,-0.24038681375206464
3331.020000000001,0.0,8.200000000000001,29.79573280624696,29.99065244509504,30.47114040995613,30.533908521229897,-3.826439999999815,0.07,0.07,0.07,-0.1720485140644654,-1.28,8.032409036129128,-0.610239999999849,-0.2662350000000094,-9.528129999999605,0.05,0.14,0.15,8.135575923982312,30.19785854563201,-0.2365028433078489
3331.0300000000007,0.0,8.200000000000001,29.80095486578817,29.82772418740893,30.546338067349726,30.56837411420196,-3.916439999999559,0.07,0.07,0.07,-0.1761511833636744,-1.28,8.02471653119311,-0.690239999999849,-0.2612350000000094,-9.738129999999604,0.05,0.14,0.15,8.128068937047988,30.185847808687196,-0.2321072256371274
3331.040000000001,0.0,8.200000000000001,29.780123212913345,29.743606687163687,30.432495880093548,30.515546302844573,-3.96,0.07,0.07,0.07,-0.1802538526628833,-1.28,8.017024026257094,-0.8914457831317895,-0.1995180722894035,-10.183132530118876,0.05,0.14,0.15,8.120564370102814,30.117943020753785,-0.238747570338806
3331.0500000000006,0.0,8.200000000000001,29.72858337176544,29.75237942608248,30.09584202408489,30.35983018703601,-3.96,0.07,0.07,0.07,-0.1843565219620923,-1.28,8.009331521321078,-1.1324096385530966,-0.1191967871489677,-10.705220883531709,0.05,0.14,0.15,8.113062229862248,29.984158752242205,-0.2490079451945484
3331.060000000001,0.0,8.200000000000001,29.61351118618574,29.644181306305747,30.018098108108543,30.234218828828585,-3.96,0.07,0.07,0.07,-0.1884591912613246,-1.28,8.001639016385017,-1.1634645080946724,-0.1720249066001748,-10.958886674968737,0.05,0.14,0.15,8.105562523064384,29.877502357357155,-0.2155540877048356
3331.0700000000006,0.0,8.200000000000001,29.43678445945946,29.422469594594595,30.19161162162162,30.13782243243244,-3.96,0.07,0.07,0.07,-0.1925618605605335,-1.28,7.993946511449,-1.1285952677460462,-0.2666699875464461,-11.12825155666206,0.05,0.14,0.15,8.098065256470225,29.79717202702703,-0.1683713188740148
3331.080000000001,0.0,8.188274149490903,29.38408982951765,29.386479478811225,30.22945289332701,29.985383964929763,-3.9292423105778513,0.07,0.07,0.07,-0.1966645298597424,-1.28,7.986254006512984,-1.063501624594052,-0.1996025993504832,-10.71424643839202,0.05,0.14,0.15,8.0905704368635,29.746351541646412,-0.21614047100525827
3331.0900000000006,0.0,8.173374720635692,29.45080195810987,29.52928512907894,30.13668133950346,29.77899331709759,-3.869227306826952,0.07,0.07,0.07,-0.1987845000000024,-1.2796260000000008,7.977195000000006,-0.9885203699076764,-0.079632591852282,-10.10939765058859,0.05,0.14,0.15,8.08162100356985,29.723940435947462,-0.294972195820704
3331.100000000001,0.0,8.158475291780482,29.44944796201265,29.556750616016867,29.95837907084301,29.7340201745374,-3.84,0.07,0.07,0.07,-0.1922845000000098,-1.277626000000003,7.962195000000023,-0.7620411749947039,0.0407456690932201,-9.922189304544492,0.05,0.14,0.15,8.066340604192314,29.67464945585248,-0.25976523884858504
3331.1100000000006,0.0,8.143575862925271,29.36705576488741,29.44689435318322,29.678245600617213,29.881227566734484,-3.84,0.07,0.07,0.07,-0.1857845000000172,-1.2756260000000053,7.94719500000004,-0.4858674366071644,0.1612578458441464,-9.87197589756494,0.05,0.14,0.15,8.051064894803787,29.593355821355583,-0.18715117111708435
3331.120000000001,0.0,8.128676434070062,29.34016917958966,29.342273851926464,29.621126343170783,29.91710739869971,-3.885979484613034,0.07,0.07,0.07,-0.1792845000000246,-1.2736260000000077,7.932195000000057,-0.3669073705184339,0.1179457171321603,-9.567990537851388,0.05,0.14,0.15,8.035793902150688,29.555169193346657,-0.1887030120726113
3331.130000000001,0.0,8.113777005214766,29.366932561280624,29.24271407203608,29.779565562781293,29.845381535767928,-3.976047035276373,0.07,0.07,0.07,-0.172784499999995,-1.2716259999999986,7.917194999999989,-0.2971862549802774,0.0233242031875194,-9.184524402391526,0.05,0.14,0.15,8.020527653174764,29.55864843296648,-0.21348344031976776
3331.140000000001,0.0,8.098877576359557,29.36771527139532,29.17681522810529,29.86345236430234,29.82653861138855,-4.04045954045944,0.07,0.07,0.07,-0.1662845000000024,-1.2696260000000008,7.902195000000006,-0.4420430107519086,-0.2148012002990417,-8.93549387346911,0.05,0.14,0.15,8.005266175015128,29.55863036879787,-0.27505599399397934
3331.1500000000005,0.0,8.083978147504347,29.343486167166244,29.14332205461216,29.87556691641688,29.85860654345644,-4.08041958041943,0.07,0.07,0.07,-0.1597845000000098,-1.267626000000003,7.887195000000023,-0.6570967741926332,-0.4998724681158161,-8.730442610653535,0.05,0.14,0.15,7.990009495009478,29.55524542041293,-0.3486647240689309
3331.1600000000008,0.0,8.069078718649136,29.31925706293717,29.10982888111903,29.88768146853141,29.89067447552433,-4.120379620379419,0.07,0.07,0.07,-0.1532845000000172,-1.2656260000000052,7.87219500000004,-0.6910790464242188,-0.5132371392726566,-8.77082057716375,0.05,0.14,0.15,7.974757640696167,29.551860472027986,-0.35257618800298196
3331.170000000001,0.0,8.054179289793925,29.234371679697464,29.103058014688365,29.80635144752513,29.90187778251604,-4.216369092272171,0.07,0.07,0.07,-0.1467845000000245,-1.2636260000000077,7.857195000000057,-0.6659849435384206,-0.4379548306152619,-8.89127227101558,0.05,0.14,0.15,7.9595106398158775,29.51141473110675,-0.33374822558283057
3331.1800000000007,0.0,8.05,29.09038684198126,29.122323591565888,29.633975233357848,29.892751982942475,-4.3664066016494205,0.07,0.07,0.07,-0.1402845000000319,-1.26162600000001,7.842195000000074,-0.7323424999994028,-0.0125975000033634,-9.251252499997266,0.05,0.14,0.15,7.9442685203134,29.434859412461865,-0.34578368432748446
3331.190000000001,0.0,8.05,29.00611099761842,29.08148554644073,29.550042482138178,29.81861956073019,-4.470562359410093,0.07,0.07,0.07,-0.1337845000000024,-1.2596260000000008,7.827195000000006,-0.8273424999999428,0.5224024999996777,-9.68625249999974,0.05,0.14,0.15,7.929031310339324,29.364064646731883,-0.3674854936278242
3331.2000000000007,0.0,8.05,29.012906446149778,28.94897430007929,29.60100834612335,29.645335623180607,-4.530547363159194,0.07,0.07,0.07,-0.1272845000000098,-1.257626000000003,7.812195000000022,-0.9261690422604568,0.554788697174429,-10.014698674668349,0.05,0.14,0.15,7.91379903825221,29.302056178883255,-0.3543344336503422
3331.210000000001,0.0,8.05,29.022228966207766,28.864045201501856,29.588175669586946,29.48982030538166,-4.575266183454104,0.07,0.07,0.07,-0.1207845000000172,-1.2556260000000052,7.797195000000039,-1.0261940485119565,0.4297574393600543,-10.309772443110273,0.05,0.14,0.15,7.898571732619884,29.241067535669554,-0.3302675373987185
3331.2200000000007,0.0,8.05,29.0340136971214,28.82547699123904,29.51318192740925,29.3516175519399,-4.605258685328569,0.07,0.07,0.07,-0.1142845000000245,-1.2536260000000077,7.782195000000057,-1.0576180954760956,-0.1294576355886363,-10.562834291426292,0.05,0.14,0.15,7.883349422221633,29.181072541927396,-0.24437310219733405
3331.230000000001,0.0,8.05,28.97286071446421,28.810893774669,29.42738003497381,29.341447514364177,-4.54376311844156,0.07,0.07,0.07,-0.1077845000000319,-1.25162600000001,7.767195000000074,-1.0676155961009173,-0.8242839290137437,-10.802774306422013,0.05,0.14,0.15,7.86813213604998,29.1381455096178,-0.1391677033867703
3331.2400000000007,0.0,8.05,28.8413493479892,28.81944735948037,29.33115220584575,29.454782513115003,-4.3938380809605375,0.07,0.07,0.07,-0.1012845000000393,-1.249626000000012,7.752195000000091,-1.0661915478870057,-0.7386421605423689,-10.848574643661015,0.05,0.14,0.15,7.85291990331257,29.111682856607583,-0.1406634613059133
3331.250000000001,0.0,8.05,28.77658,28.742949279437184,29.287032056239035,29.45006695957789,-4.259130434782757,0.07,0.07,0.07,-0.0947845000000098,-1.247626000000003,7.737195000000023,-1.0611902975744023,-0.4085596399105433,-10.833570892723207,0.05,0.14,0.15,7.837712753433977,29.064157073813526,-0.1755777692986828
3331.2600000000007,0.0,8.05,28.77658,28.583913376851545,29.29347945769521,29.330790032638657,-4.139190404797598,0.07,0.07,0.07,-0.0882845000000172,-1.2456260000000052,7.722195000000039,-0.7932333083279028,-0.0022580645171377,-10.662318079520396,0.05,0.14,0.15,7.822510716057977,28.996190716796352,-0.15375840665019294
3331.270000000001,0.0,8.05,28.75626330183991,28.57887209348572,29.150539413227463,29.268118100447545,-4.064812593703153,0.07,0.07,0.07,-0.0817845000000245,-1.2436260000000074,7.707195000000056,-0.4431457864476537,0.4278494623643112,-10.442263065767095,0.05,0.14,0.15,7.807313821048962,28.938448227250156,-0.11421907863069095
3331.2800000000007,0.0,8.02770169693356,28.71688985579318,28.71827537543496,28.86747626056719,29.25854077573348,-4.034827586206949,0.07,0.07,0.07,-0.0752845000000319,-1.24162600000001,7.692195000000074,-0.401937499999828,0.560499999999875,-10.271812500000484,0.05,0.14,0.15,7.792122098494248,28.8902955668822,-0.13996976432765046
3331.290000000001,0.0,7.997930931824927,28.67960404191622,28.763552055888297,28.80124018962053,29.21173682634744,-4.035149850149771,0.07,0.07,0.07,-0.0705473704751507,-1.2393614011123242,7.677719289686872,-0.4569374999998281,0.6004999999998749,-10.116812500000483,0.05,0.14,0.15,7.777426766307603,28.864033278443124,-0.18605668380549867
3331.3000000000006,0.0,7.968160166716293,28.64436452095816,28.71656602794421,28.947537594810058,29.12844341317384,-4.065119880119791,0.07,0.07,0.07,-0.0734744853156206,-1.2359464337984425,7.66552297785158,-0.5271874999997656,0.2821250000013443,-9.87793750000083,0.05,0.14,0.15,7.764869903042937,28.859227889221568,-0.21269324849224094
3331.310000000001,0.0,7.938389401607491,28.61329735412468,28.672087072434493,29.05559487927584,29.115463209255687,-4.08,0.07,0.07,0.07,-0.0764016001561072,-1.2325314664845417,7.65332666601622,-0.6021875000001918,-0.1478750000011,-9.612937499999322,0.05,0.14,0.15,7.752314498079647,28.86411062877268,-0.23327150594897963
3331.3200000000006,0.0,7.908618636498859,28.586385885311824,28.63010518108645,29.12556469818925,29.172515523138934,-4.08,0.07,0.07,0.07,-0.0793287149965771,-1.22911649917066,7.641130354180929,-0.5132499999999453,-0.5588125000001583,-9.458499999999956,0.05,0.14,0.15,7.739760558514825,28.878642821931614,-0.18404612613319465
3331.330000000001,0.0,7.878847871390225,28.55882481072184,28.58797721608276,29.100270472607555,29.197718716200328,-4.08,0.07,0.07,0.07,-0.082255829837047,-1.2257015318567783,7.628934042345637,-0.3732500000003432,-0.9638124999990072,-9.338500000000296,0.05,0.14,0.15,7.727208091490637,28.86119780390312,-0.11307862979024669
3331.3400000000006,0.0,7.849077106281593,28.530647053844405,28.54571058076661,28.98454039971809,29.192686973900784,-4.08,0.07,0.07,0.07,-0.0851829446775169,-1.2222865645428969,7.616737730510346,-0.4467499999995623,-0.6901875000015163,-9.489187499999264,0.05,0.14,0.15,7.71465710419497,28.813396252057473,-0.14340905998784137
3331.350000000001,0.0,7.819306341172959,28.485262845010908,28.435049516986023,28.919686252653864,29.12550336518113,-4.004400000000662,0.07,0.07,0.07,-0.0881100595179867,-1.2188715972290154,7.604541418675055,-0.5867499999995622,-0.2051875000015162,-9.724187499999264,0.05,0.14,0.15,7.7021076038617045,28.741375494957982,-0.20529130337073948
3331.3600000000006,0.0,7.789535576064327,28.412566454352845,28.2158244639078,28.93558858811032,28.95966472399243,-3.8544000000006617,0.07,0.07,0.07,-0.0910371743584567,-1.215456629915134,7.592345106839764,-0.7534374999994529,0.1120624999991715,-9.924874999999403,0.05,0.14,0.15,7.689559597771093,28.63091105759085,-0.26388528862321453
3331.370000000001,0.0,7.759764810955694,28.36400248120317,28.167130526314995,28.868036842106257,28.87284781954893,-3.749805292062229,0.07,0.07,0.07,-0.0939642891989265,-1.2120416626012522,7.580148795004472,-0.9284374999994528,0.3770624999991715,-10.114874999999406,0.05,0.14,0.15,7.67701309325011,28.568004417293338,-0.3214550623268509
3331.380000000001,0.0,7.75,28.33933080200505,28.2872708771928,28.717861403509005,28.8642663659148,-3.6898951572642,0.07,0.07,0.07,-0.0968914040394131,-1.2086266952873512,7.567952483169112,-1.0157500000000237,0.3179999999999374,-10.384937500000117,0.05,0.14,0.15,7.664468097672759,28.552182362155413,-0.30376389800886183
3331.390000000001,0.0,7.75,28.289310261519407,28.30261930261532,28.6758187795765,28.837318156911643,-3.6299775280900297,0.07,0.07,0.07,-0.099818518879883,-1.2052117279734698,7.555756171333821,-1.075749999999853,0.1580000000003922,-10.679937499999276,0.05,0.14,0.15,7.651924618460724,28.52626662515572,-0.2626308021758424
3331.4000000000005,0.0,7.75,28.21469008717313,28.21627310087177,28.7387129265255,28.79254605230388,-3.570052434457052,0.07,0.07,0.07,-0.1027456337203529,-1.2017967606595883,7.543559859498529,-1.1014374999999532,-0.097312499999109,-10.517437500000954,0.05,0.14,0.15,7.639382663083317,28.490555541718567,-0.26930137936408655
3331.4100000000008,0.0,7.75,28.15382822411209,28.132419659829964,28.700039939970072,28.668459149574915,-3.4052028042069504,0.07,0.07,0.07,-0.1056727485608228,-1.1983817933457066,7.531363547663238,-1.1164374999999531,-0.3823124999991091,-10.212437500000954,0.05,0.14,0.15,7.626842239058146,28.41368674337176,-0.2908616251985551
3331.420000000001,0.0,7.75,28.10672467233626,28.0510589794899,28.55979981991021,28.465057448724743,-3.134797195794587,0.07,0.07,0.07,-0.1085998634012927,-1.1949668260318251,7.519167235827947,-0.975088772193734,-0.5644036008996838,-10.037036759190284,0.05,0.14,0.15,7.614303353951421,28.295660230115274,-0.25100434904714825
3331.4300000000007,0.0,7.75,28.006446830245828,27.98361623435169,28.41787870806252,28.39792002002984,-2.939880119880593,0.07,0.07,0.07,-0.1115269782417626,-1.1915518587179437,7.506970923992656,-0.7850412603158843,-0.7144411102769335,-9.90200300075076,0.05,0.14,0.15,7.601766015378339,28.20146544817247,-0.19201702506374468
3331.440000000001,0.0,7.75,27.853206970455417,27.9300358637956,28.27428331497221,28.46650289434163,-2.8199999999998298,0.07,0.07,0.07,-0.1144540930822491,-1.1881368914040429,7.494774612157295,-0.7056735816046165,-0.4448762809299237,-9.732694326418466,0.05,0.14,0.15,7.58923023100341,28.131007260891213,-0.21901706695438086
3331.4500000000007,0.0,7.75,27.80896193661097,27.848011195407963,28.26012381831801,28.47037307711501,-2.685037518759285,0.07,0.07,0.07,-0.117381207922719,-1.184721924090161,7.482578300322004,-0.6606848287929189,-0.0449762559370562,-9.552739315171674,0.05,0.14,0.15,7.576696008541125,28.09686750686299,-0.2727261595820247
3331.460000000001,0.0,7.75,27.87198165210877,27.737993725979603,28.373345680059824,28.410557753930657,-2.534962481240715,0.07,0.07,0.07,-0.1203083227631889,-1.1813069567762795,7.470381988486713,-0.6271192798200632,0.2368592148028168,-9.300260065017246,0.05,0.14,0.15,7.56416335575593,28.098469703019713,-0.3289703279250895
3331.4700000000007,0.0,7.75,27.87348502748637,27.732284597700943,28.29983002998554,28.406372833583102,-2.444992503748187,0.07,0.07,0.07,-0.1232354376036588,-1.177891989462398,7.458185676651421,-0.5971117779446133,0.4819204801189913,-9.025191297825623,0.05,0.14,0.15,7.551632280462911,28.07799312218899,-0.38600411001559437
3331.480000000001,0.0,7.732982473561459,27.81359497251396,27.830675402298493,28.039949970015936,28.457707166416604,-2.4150074962519827,0.07,0.07,0.07,-0.1261625524441287,-1.1744770221485163,7.44598936481613,-0.6052561859534334,0.3073431642101391,-8.784553861535516,0.05,0.14,0.15,7.539102790528126,28.03548187781125,-0.40700372171609045
3331.4900000000007,0.0,7.708157489697723,27.73861242105306,27.810801218045768,28.03525825563791,28.43410598496288,-2.3550674662673354,0.07,0.07,0.07,-0.1290896672845986,-1.1710620548346349,7.433793052980839,-0.6252511872031337,0.0024193951522111,-8.554611347163963,0.05,0.14,0.15,7.526574893869014,28.004694469924907,-0.4168105439242677
3331.500000000001,0.0,7.683332505833845,27.64850715789471,27.672425278195444,28.28626577443617,28.335419268170394,-2.2651124437782104,0.07,0.07,0.07,-0.1347054806214776,-1.168655576965292,7.425630625137199,-0.6566941735434586,-0.0890672668167561,-8.946174043512093,0.05,0.14,0.15,7.518237267142944,27.98565436967418,-0.358598038133904
3331.5100000000007,0.0,7.658507521970108,27.60224740851382,27.63718689071444,28.314959571819827,28.232229419965183,-2.1901273408240747,0.07,0.07,0.07,-0.1415349154857365,-1.166704309861218,7.419289007048959,-0.6917029257314835,-0.114073518379631,-9.531320330083366,0.05,0.14,0.15,7.511796086760331,27.946655822753318,-0.2791991842786471
3331.520000000001,0.0,7.633682538106371,27.599050993278567,27.70324613890957,28.1253056011951,28.12461677371183,-2.130202247191097,0.07,0.07,0.07,-0.1483643503499954,-1.1647530427571442,7.412947388960719,-0.8449699999998342,-0.1886699999999214,-9.902714999999734,0.05,0.14,0.15,7.505361458488614,27.888054876773765,-0.2667061147540965
3331.5300000000007,0.0,7.608857554242635,27.54132397007508,27.588308977556817,28.02230844887784,28.053968708229505,-2.0702325581396304,0.07,0.07,0.07,-0.1551937852142542,-1.1628017756530702,7.406605770872478,-1.0349699999992945,-0.2786699999996657,-10.207714999998869,0.05,0.14,0.15,7.498933399194351,27.80147752618481,-0.27499505163356136
3331.540000000001,0.0,7.584032570378898,27.4281868129681,27.28945610972705,28.00736580548635,28.020881426434062,-2.0102175543887304,0.07,0.07,0.07,-0.1620232200785131,-1.1608505085489962,7.400264152784238,-1.1448549999996271,-0.2618500000002194,-10.413524999999233,0.05,0.14,0.15,7.4925119257847355,27.68647253865389,-0.2824986020148757
3331.5500000000006,0.0,7.559207586515162,27.372172179551104,27.209136199500456,27.96884046882827,27.904468628430024,-1.98,0.07,0.07,0.07,-0.168852654942772,-1.1588992414449222,7.393922534695998,-1.229854999999627,-0.2118500000002194,-10.588524999999231,0.05,0.14,0.15,7.4860970552076145,27.613654369077462,-0.2897581987919093
3331.560000000001,0.0,7.5343826026512835,27.3753741745636,27.35536063840412,27.90586790024932,27.701675610972384,-1.98,0.07,0.07,0.07,-0.1756820898070697,-1.1569479743408373,7.387580916607721,-1.1431532883219664,0.0060615153790646,-10.763558389597543,0.05,0.14,0.15,7.479688804451487,27.584569581047358,-0.2568119691830132
3331.5700000000006,0.0,7.5095576187875475,27.35668329405864,27.36220952619696,27.794760446227023,27.69390898972185,-1.890899100899132,0.07,0.07,0.07,-0.1825115246713286,-1.1549967072367633,7.38123929851948,-1.0031182795698668,0.2761290322581141,-10.938602150537667,0.05,0.14,0.15,7.473287190545668,27.55189056405112,-0.21137716702701653
3331.580000000001,0.0,7.5,27.314838220105315,27.22165299573837,27.63274490348469,27.892404853346576,-1.7110789210790087,0.07,0.07,0.07,-0.1893409595355875,-1.1530454401326893,7.37489768043124,-0.8516870782306987,0.3247338165458966,-10.918935266183588,0.05,0.14,0.15,7.466892230560096,27.515410243168738,-0.16855404340627733
3331.5900000000006,0.0,7.5,27.30252054622899,27.15755927336505,27.55352254572788,27.96066036081191,-1.605220863488933,0.07,0.07,0.07,-0.1961703943998464,-1.1510941730286153,7.368556062343,-0.6967258185459625,0.3047388152962532,-10.838955261185014,0.05,0.14,0.15,7.4605039416054995,27.49356568153346,-0.12653990730824732
3331.600000000001,0.0,7.5,27.32075156602353,27.17257305437232,27.55995702330242,27.894170759208304,-1.5752732717744709,0.07,0.07,0.07,-0.2029998292641052,-1.1491429059245415,7.362214444254759,-0.6218404601152724,0.0252513128299606,-10.674993748438034,0.05,0.14,0.15,7.454122340833384,27.486863100726644,-0.09714351314370903
3331.6100000000006,0.0,7.5,27.272004616925592,27.14878048072119,27.466463855784014,27.835678688032136,-1.5010821643291703,0.07,0.07,0.07,-0.2098292641283641,-1.1471916388204677,7.355872826166519,-0.5718279569895225,-0.3348387096754385,-10.484946236560186,0.05,0.14,0.15,7.447747445436053,27.430731910365733,-0.07166639137538261
3331.620000000001,0.0,7.5,27.155199409113983,27.08555564346537,27.271431306960963,27.7853131397097,-1.380841683367512,0.07,0.07,0.07,-0.216658698992623,-1.1452403717163937,7.349531208078278,-0.4951025000004803,-0.4772624999995762,-9.905550000003956,0.05,0.14,0.15,7.441379272646627,27.324374874812506,-0.11877576412996398
3331.630000000001,0.0,7.5,27.08020641950729,27.03900063697433,27.292754904205363,27.70056254789732,-1.1718370407402945,0.07,0.07,0.07,-0.2234881338569207,-1.1432891046123084,7.343189589990002,-0.4101024999999971,-0.5522625000000025,-9.205549999999976,0.05,0.14,0.15,7.435017839739028,27.278131127146075,-0.18836936210459376
3331.640000000001,0.0,7.5,27.047193232147325,27.009182274197585,27.53130180641932,27.58128909679034,-0.8719120219947916,0.07,0.07,0.07,-0.2303175687211796,-1.1413378375082344,7.336847971901761,-0.3714414195430585,-0.5254594069033404,-8.89153135634447,0.05,0.14,0.15,7.4286631640281415,27.292241602388643,-0.22569644566527608
3331.6500000000005,0.0,7.5,27.01187364709803,26.965737838017745,27.633568381839428,27.530155809080284,-0.6607997334223327,0.07,0.07,0.07,-0.2371470035854385,-1.1393865704041606,7.330506353813521,-0.3471341759845245,-0.4671220223628588,-8.697073407876196,0.05,0.14,0.15,7.4223152628696205,27.28533391900887,-0.2530287281011343
3331.6600000000008,0.0,7.5,26.97414871777823,26.908082757359185,27.593708079161903,27.550085960419047,-0.5408397200935686,0.07,0.07,0.07,-0.2439764384496973,-1.1374353033000866,7.324164735725281,-0.3581806484816126,-0.0972954194567164,-8.789081317549224,0.05,0.14,0.15,7.41597415366004,27.25650637867959,-0.281269912959919
3331.670000000001,0.0,7.5,26.93642378845844,26.850427676700622,27.553847776484385,27.57001611175781,-0.4208797067648046,0.07,0.07,0.07,-0.2508058733139562,-1.1354840361960126,7.31782311763704,-0.3839140504373279,0.4019325784841616,-9.00009521358609,0.05,0.14,0.15,7.409639853836882,27.227678838350315,-0.30988868148626786
3331.6800000000007,0.0,7.490715391916887,26.900846651617886,26.816472039127195,27.41294913468868,27.53987738149016,-0.3452323838082334,0.07,0.07,0.07,-0.2576353081782151,-1.1335327690919386,7.3114814995488,-0.5197949999990394,0.5161825000000283,-9.091992499999687,0.05,0.14,0.15,7.403312380878554,27.16753630173098,-0.3534926967613772
3331.690000000001,0.0,7.475728131088525,26.86756849761728,26.80788412841736,27.16389972410349,27.45614525206928,-0.3152473763118585,0.07,0.07,0.07,-0.2644647430425128,-1.1315815019878537,7.305139881460524,-0.6897950000000058,0.5111824999999999,-9.1469925,0.05,0.14,0.15,7.396991752304358,27.07387440055185,-0.4017385075262073
3331.7000000000007,0.0,7.460740870260248,26.824463570182072,26.74343221141876,27.115631618050152,27.3768369982549,-0.2852586853287389,0.0699052831508976,0.0699052831508976,0.0699052831508976,-0.2686739972510377,-1.1290528551793129,7.297347994502076,-0.905648912227954,0.1510652663167896,-9.209639909977463,0.05,0.14,0.15,7.389061768550245,27.01509109947647,-0.4272992384333436
3331.710000000001,0.0,7.445753609431971,26.77111029169784,26.62071967090501,27.27675851907254,27.30214240837697,-0.2552661834542739,0.0694054580896695,0.0694054580896695,0.0694054580896695,-0.261676621267039,-1.1240547294764565,7.283353242534078,-1.1357064266064034,-0.3190522630652592,-9.27465616404094,0.05,0.14,0.15,7.374225935276718,26.99268272251309,-0.44583309129689275
3331.7200000000007,0.0,7.430766348603695,26.724931657914468,26.551701895473865,27.24231184296067,27.2185331732933,-0.24,0.0689056330284413,0.0689056330284413,0.0689056330284413,-0.2546792452830403,-1.1190566037736005,7.269358490566081,-1.109780000000129,-0.5484199999998097,-9.362579999999884,0.05,0.14,0.15,7.359396854688053,26.934369642410577,-0.39996972174340994
3331.730000000001,0.0,7.415779087775418,26.6864020255064,26.539928952238064,26.999361105276403,27.12541989497377,-0.24,0.0684058079672131,0.0684058079672131,0.0684058079672131,-0.2476818692990416,-1.114058478070744,7.255363738598083,-1.004780000000129,-0.7034199999998096,-9.457579999999885,0.05,0.14,0.15,7.344574567686322,26.837777994498662,-0.33421401646934734
3331.7400000000007,0.0,7.400791826947141,26.66751240797186,26.498367109027125,26.88238546776081,27.080337223915578,-0.2253290129612635,0.067905982905985,0.067905982905985,0.067905982905985,-0.2406844933150429,-1.109060352367888,7.241368986630086,-0.94186673321698,-0.3853606189179142,-9.502879960069812,0.05,0.14,0.15,7.329759115485634,26.782150552168844,-0.3393038354614594
3331.750000000001,0.0,7.385804566118779,26.66951944196952,26.42511036811252,26.89944525674092,27.08635832590856,-0.1954187437686992,0.067406157844754,0.067406157844754,0.067406157844754,-0.2336871173310044,-1.1040622266650033,7.227374234662009,-0.89195408035926,0.0788270526588812,-9.532827551784443,0.05,0.14,0.15,7.314950539614825,26.77010834818288,-0.3662778739915927
3331.7600000000007,0.0,7.370817305290501,26.632294239569525,26.40399973082085,26.878868323014977,27.08782679407808,-0.1654285714286007,0.0669063327835258,0.0669063327835258,0.0669063327835258,-0.2266897413470057,-1.0990641009621471,7.213379482694012,-0.7739541832667989,0.2846837649403582,-9.733154880478333,0.05,0.14,0.15,7.300148881920603,26.75074727187086,-0.31773964368448826
3331.770000000001,0.0,7.355830044462224,26.522846056527893,26.47888532974408,26.78900560430712,27.0809142772544,-0.1353533834586947,0.0664065077222977,0.0664065077222977,0.0664065077222977,-0.219692365363007,-1.0940659752592907,7.199384730726014,-0.6345119521912784,0.4091857569720727,-9.987138944223029,0.05,0.14,0.15,7.285354184569872,26.717912816958375,-0.24542075803709396
3331.7800000000007,0.0,7.35,26.492822635118166,26.52517421170605,26.74937852054792,27.054225917808346,-0.1053260054959496,0.0659066826610695,0.0659066826610695,0.0659066826610695,-0.2126949893790083,-1.0890678495564343,7.185389978758017,-0.509177772190196,0.1978073925071893,-10.303545385969036,0.05,0.14,0.15,7.270566490052928,26.705400321295123,-0.1334666572497471
3331.790000000001,0.0,7.35,26.54399075466989,26.54223025155663,26.761104547945184,27.007321808219263,-0.0753484886336248,0.0654068575998413,0.0654068575998413,0.0654068575998413,-0.2056976133950096,-1.0840697238535784,7.171395226790019,-0.3884837817451735,-0.1240432486795373,-10.640482775961392,0.05,0.14,0.15,7.255785841186263,26.71366184059774,-0.008476389356524644
3331.8000000000006,0.0,7.35,26.52964572284665,26.513508359550755,26.81343911111087,27.00615933583009,-0.0453746253747445,0.0649070325386132,0.0649070325386132,0.0649070325386132,-0.1987002374110109,-1.0790715981507222,7.157400474822022,-0.413479999999762,-0.4482999999988952,-10.387660000001478,0.05,0.14,0.15,7.2410122811154825,26.71568813233459,-0.02141507285191374
3331.810000000001,0.0,7.35,26.446289917602943,26.4365645393258,26.90855022222228,27.053180559300905,-0.0154045954045537,0.0644072074773822,0.0644072074773822,0.0644072074773822,-0.1917028614269724,-1.0740734724478376,7.143405722853945,-0.483479999999961,-0.7732999999998189,-9.95266000000024,0.05,0.14,0.15,7.226245853318162,26.711146309612978,-0.07696008164596156
3331.8200000000006,0.0,7.35,26.354082884278967,26.398454856285927,26.88709318170463,27.078974856285928,0.0728817795551342,0.063907382416154,0.063907382416154,0.063907382416154,-0.1847054854429737,-1.0690753467449814,7.129410970885948,-0.5190999999999694,-0.5673200000004543,-9.827080000000038,0.05,0.14,0.15,7.211486601607157,26.67965144463886,-0.12934563519390252
3331.830000000001,0.0,7.35,26.252458290427366,26.401664053986504,26.74160955261181,27.082184053986506,0.2228442889274595,0.0634075573549259,0.0634075573549259,0.0634075573549259,-0.177708109458975,-1.0640772210421252,7.11541621891795,-0.5440999999999694,-0.1973200000004542,-9.797080000000038,0.05,0.14,0.15,7.196734570133098,26.619478987753048,-0.1807552313622477
3331.8400000000006,0.0,7.35,26.17671540000004,26.35671080000008,26.686737319999967,27.0216944000001,0.3145649999999041,0.0629077322936977,0.0629077322936977,0.0629077322936977,-0.1707107334749763,-1.0590790953392688,7.101421466949953,-0.6225981495372219,0.2682745686413139,-9.82056764191041,0.05,0.14,0.15,7.181989803387765,26.560464480000046,-0.25197608514191355
3331.850000000001,0.0,7.35,26.128565400000173,26.260410800000347,26.728467319999847,26.893294400000464,0.3445649999999041,0.0624079072324695,0.0624079072324695,0.0624079072324695,-0.1637133574909776,-1.0540809696364126,7.087426714981955,-0.7176219054761466,0.7633983495862376,-9.860577644411013,0.05,0.14,0.15,7.167252346207054,26.502684480000205,-0.32931664677014355
3331.8600000000006,0.0,7.35,26.10942666666661,26.17596121212153,26.648317575758515,26.81095757575773,0.4036295556661304,0.0619080821712414,0.0619080821712414,0.0619080821712414,-0.1567159815069789,-1.0490828439335564,7.073431963013959,-0.900504873780677,0.3717345663611893,-10.053434141463631,0.05,0.14,0.15,7.152522243774074,26.436165757576095,-0.32081909336445835
3331.870000000001,0.0,7.35,26.121217300275443,26.10414553468593,26.43822992236481,26.777729426496474,0.493494757862665,0.0614082571100132,0.0614082571100132,0.0614082571100132,-0.1497186055229802,-1.0440847182307005,7.059437211045961,-1.1104523869019325,-0.2930992251894529,-10.29337415645935,0.05,0.14,0.15,7.137799541622265,26.360330545955666,-0.28587958300551364
3331.880000000001,0.0,7.331558480406786,26.09540105131404,26.02085727158933,26.38748828535688,26.6980266583227,0.5834467233615083,0.0609084320487822,0.0609084320487822,0.0609084320487822,-0.1427212295389417,-1.0390865925278157,7.045442459077884,-1.1256543456544117,-0.6980519480514706,-10.525544455544118,0.05,0.14,0.15,7.123084285638461,26.30044331664574,-0.21373990876566945
3331.890000000001,0.0,7.301645228836359,26.03004936170223,25.92550808510653,26.504264255318965,26.569465957447008,0.6734917458726501,0.0604086069875541,0.0604086069875541,0.0604086069875541,-0.135723853554943,-1.0340884668249597,7.031447707109886,-1.0806993006993812,-1.022727272726692,-10.755314685314277,0.05,0.14,0.15,7.108376522066418,26.257321914893684,-0.1301090844266716
3331.9000000000005,0.0,7.271731977265933,25.98470615193033,25.89568428393514,26.44002513076034,26.472037185554345,0.734504999999885,0.06,0.06,0.06,-0.1300910386914415,-1.0299089613085586,7.017906110096846,-0.902234175632452,-0.7149011758835833,-10.451591193396602,0.05,0.14,0.15,7.094268272138159,26.198113188045035,-0.14815094977503943
3331.9100000000008,0.0,7.241818725695506,25.96018809464512,25.93406037359893,26.18738254047368,26.407011033624023,0.7645049999998851,0.06,0.06,0.06,-0.130591251281792,-1.029408748718208,7.006401220518785,-0.682069051789987,-0.2095221416088338,-9.981238428824064,0.05,0.14,0.15,7.082823907858789,26.122160510585438,-0.19794885206020715
3331.920000000001,0.0,7.211905474125079,25.918494331577776,25.91921678956627,26.06492733383492,26.370252249811905,0.78,0.06,0.06,0.06,-0.1310914638721425,-1.0289085361278576,6.994896330940723,-0.5345386346594314,0.2651162790669152,-9.690532633159732,0.05,0.14,0.15,7.071379810774195,26.06822267619772,-0.2417548734882987
3331.9300000000007,0.0,7.181992222554653,25.858378956609283,25.84729303737182,26.08210315525449,26.363811316779568,0.78,0.06,0.06,0.06,-0.131591676462493,-1.028408323537507,6.983391441362661,-0.4095073768450566,0.7302325581363892,-9.455473868468706,0.05,0.14,0.15,7.059935982183741,26.037896616503787,-0.28370486371436965
3331.940000000001,0.0,7.152078970984056,25.7922041983796,25.78176427694576,26.029217736312347,26.37490786152712,0.78,0.06,0.06,0.06,-0.1320918890528463,-1.0279081109471535,6.971886551784534,-0.38,0.4656400000006016,-9.312140000000142,0.05,0.14,0.15,7.048492423395129,25.994523518291206,-0.2679743618599574
3331.9500000000007,0.0,7.12216571941363,25.719697446599543,25.722918217530065,25.903119037564423,26.404330891234967,0.78,0.06,0.06,0.06,-0.1325921016431968,-1.0274078983568031,6.960381662206473,-0.38,-0.0243599999993984,-9.19714000000014,0.05,0.14,0.15,7.037049135724735,25.937516398232248,-0.23442632580224027
3331.960000000001,0.0,7.092252467843203,25.68687992895205,25.682345800558227,25.88223950266434,26.356063521948688,0.8378421578419828,0.06,0.06,0.06,-0.1330923142335473,-1.0269076857664527,6.948876772628411,-0.4559254658382908,-0.477868322980394,-8.91944596273364,0.05,0.14,0.15,7.025606120497284,25.901882188530823,-0.2547919904717465
3331.9700000000007,0.0,7.062339216272776,25.702084191829485,25.66388348134991,25.988669342806407,26.213795062166948,0.9577222777220644,0.06,0.06,0.06,-0.1335925268238978,-1.026407473176102,6.937371883050349,-0.5553043478257421,-0.9201043478245524,-8.59149565217505,0.05,0.14,0.15,7.014163379046177,25.89210801953819,-0.2918116255230743
3331.980000000001,0.0,7.050000000000001,25.69245110334501,25.65329006490265,26.00929717423871,26.206015846230525,1.063201798201487,0.06,0.06,0.06,-0.1340927394142483,-1.0259072605857515,6.925866993472288,-0.6102490566035736,-0.8636301886803451,-8.778460377356716,0.05,0.14,0.15,7.002720912713503,25.890263547179224,-0.2878405438748637
3331.9900000000007,0.0,7.050000000000001,25.656125591612685,25.651153270094863,25.93771454817794,26.342770713928715,1.153111888111293,0.06,0.06,0.06,-0.1345929520045989,-1.0254070479954012,6.914362103894226,-0.6505006289305544,-0.6422465408819512,-9.13569308175867,0.05,0.14,0.15,6.991278722850102,25.89694103095355,-0.2703149803902701
3332.000000000001,0.0,7.050000000000001,25.62589041123368,25.639758555666983,25.926123610832548,26.341021745235565,1.2717032967028872,0.06,0.06,0.06,-0.1350931645949522,-1.024906835405048,6.902857214316099,-0.7210894552723427,-0.2005547226388153,-9.559810094952406,0.05,0.14,0.15,6.979836810815571,25.883198580742196,-0.27576352874889204
3332.0100000000007,0.0,7.050000000000001,25.60227957873623,25.618294162487484,25.979784593781293,26.18862455366113,1.421553446552989,0.06,0.06,0.06,-0.1355933771853027,-1.0244066228146973,6.891352324738038,-0.8010494752624486,0.3091904047981095,-10.004587706147367,0.05,0.14,0.15,6.968395177978606,25.847245722166534,-0.28830879228439293
3332.020000000001,0.0,7.050000000000001,25.53945290161908,25.57673633872985,25.962957036114705,26.081187372353764,1.514316474711958,0.06,0.06,0.06,-0.1360935897756532,-1.0239064102243467,6.879847435159975,-0.823809286070893,0.4071442835746425,-10.456645032451254,0.05,0.14,0.15,6.9569538257166705,25.79008341220435,-0.2377238452878479
3332.0300000000007,0.0,7.050000000000001,25.4349846575343,25.513842191780856,25.871280821917857,26.021491232876745,1.5443615423133317,0.06,0.06,0.06,-0.1365938023660037,-1.0234061976339963,6.868342545581914,-0.8288017973040338,0.3771892161757977,-10.910963554667068,0.05,0.14,0.15,6.945512755416344,25.71039972602744,-0.16752964547873767
3332.040000000001,0.0,7.050000000000001,25.3603888777304,25.39785687672628,25.77566116997249,25.96874956063274,1.6031118881114157,0.06,0.06,0.06,-0.1370940149563542,-1.0229059850436455,6.856837656003853,-0.8603999999999,-0.1467999999982993,-10.9288000000003,0.05,0.14,0.15,6.934071968473313,25.62566412126548,-0.12095530031209561
3332.0500000000006,0.0,7.050000000000001,25.318480768265264,25.223777037409565,25.675726447401782,25.92361775043952,1.6930219780214768,0.06,0.06,0.06,-0.1375942275467047,-1.0224057724532951,6.845332766425791,-0.9003999999999,-0.8267999999982992,-10.8088000000003,0.05,0.14,0.15,6.922631466292465,25.53540050087903,-0.08183985661159826
3332.060000000001,0.0,7.050000000000001,25.266365829596324,25.186638834080867,25.63627874439465,25.813361345291234,1.7543285821455257,0.06,0.06,0.06,-0.1380944401370581,-1.0219055598629418,6.833827876847664,-0.8568531468530921,-0.8457442557441069,-10.624355644355484,0.05,0.14,0.15,6.911191250287885,25.475661188340773,-0.09315962941758069
3332.0700000000006,0.0,7.050000000000001,25.203456013951065,25.29433190832106,25.660802909815686,25.634228310911507,1.7843360840209757,0.06,0.06,0.06,-0.1385946527274086,-1.0214053472725917,6.822322987269602,-0.7869230769232429,-0.6559340659345165,-10.419560439560929,0.05,0.14,0.15,6.899751321883195,25.44820478574983,-0.1204063126993078
3332.080000000001,0.0,7.037979667098554,25.169143946053943,25.317670849150826,25.62033012987009,25.6023421578422,1.828658506120304,0.06,0.06,0.06,-0.1390948653177591,-1.0209051346822409,6.8108180976915405,-0.7320050125315094,-0.3174385964926225,-10.324406015037813,0.05,0.14,0.15,6.888311682511248,25.427371770729266,-0.1515622725097485
3332.0900000000006,0.0,7.018045450014945,25.16593715284716,25.249259260739453,25.509161298701613,25.730613886113524,1.888613539844953,0.06,0.06,0.06,-0.1395950779081096,-1.0204049220918905,6.799313208113479,-0.6818796992483329,0.0685263157878373,-10.264255639098,0.05,0.14,0.15,6.876872333614457,25.413742899600436,-0.18396631268953567
3332.100000000001,0.0,6.998111232931336,25.131627672327987,25.17625875124911,25.43266431568449,25.78801227772237,1.9628849999997104,0.060095257144284,0.060095257144284,0.060095257144284,-0.14,-1.019904742855716,6.788094857114318,-0.59771378708584,0.0724956369986484,-10.025532286213924,0.05,0.14,0.15,6.865714636779003,25.38214075424599,-0.19224255059390974
3332.1100000000006,0.0,6.978177015847728,25.063216083916423,25.098226783217168,25.394182797202987,25.76770258741269,2.0528849999997103,0.0605952946470964,0.0605952946470964,0.0605952946470964,-0.14,-1.0194047053529036,6.778094107058071,-0.5029743206185062,-0.0421889803039136,-9.731341311394308,0.05,0.14,0.15,6.855752743312071,25.330832062937315,-0.1930243073195005
3332.120000000001,0.0,6.958242798764119,25.00900757310691,25.00898831792101,25.30182653836614,25.734174466383635,2.1428742814292585,0.0610953321499087,0.0610953321499087,0.0610953321499087,-0.14,-1.0189046678500913,6.768093357001825,-0.5709909909905357,-0.4150075075057815,-9.436313813814934,0.05,0.14,0.15,6.845790999677023,25.263499223944425,-0.22174768273763001
3332.130000000001,0.0,6.938308581680396,24.970497200699768,24.90736372406883,25.149924513871305,25.68603650087471,2.232851787053165,0.0615953696527239,0.0615953696527239,0.0615953696527239,-0.14,-1.018404630347276,6.758092606945521,-0.6911111111110353,-0.8704629629626752,-9.141018518518706,0.05,0.14,0.15,6.835829406528844,25.178455484878654,-0.25941606480021145
3332.140000000001,0.0,6.918374364596788,24.931836287508684,24.855377208653177,25.09749936729478,25.62247536636419,2.394068896654333,0.0620954071555362,0.0620954071555362,0.0620954071555362,-0.14,-1.0179045928444637,6.748091856889275,-0.757861415752644,-0.8512711864410105,-8.748177966102526,0.05,0.14,0.15,6.825867964526504,25.126797057455207,-0.34327971929437817
3332.1500000000005,0.0,6.898440147513179,24.89300865317518,24.85836394975576,25.15524302861127,25.541833356594605,2.633709435845092,0.0625954446583486,0.0625954446583486,0.0625954446583486,-0.14,-1.0174045553416513,6.7380911068330285,-0.8077118644066344,-0.6817796610174431,-8.324449152543608,0.05,0.14,0.15,6.815906674332645,25.112112247034204,-0.44177136986480947
3332.1600000000008,0.0,6.87850593042957,24.8572859698352,24.876724615924147,25.17446009119618,25.46983563661883,2.816769461576216,0.0630954821611609,0.0630954821611609,0.0630954821611609,-0.14,-1.0169045178388392,6.728090356776781,-0.8275406554915944,-0.4401726294727494,-8.227540655491595,0.05,0.14,0.15,6.805945536613833,25.09457657839359,-0.4882194457912943
3332.170000000001,0.0,6.858571713345961,24.828012030866425,24.92701574184486,25.113660371799497,25.41579144159956,2.9367894649100537,0.0635955196639732,0.0635955196639732,0.0635955196639732,-0.14,-1.0164044803360268,6.718089606720535,-0.8375481611208258,-0.1749737302981166,-8.237548161120825,0.05,0.14,0.15,6.7959845520405375,25.071119896527584,-0.517641986017779
3332.1800000000007,0.0,6.8500000000000005,24.79873809189765,24.977306867765574,25.052860652402813,25.36174724658028,3.0568094682438924,0.0640955571667856,0.0640955571667856,0.0640955571667856,-0.14,-1.0159044428332145,6.708088856664288,-0.6958291457290632,-0.2124371859293498,-8.873592964822276,0.05,0.14,0.1585421052631293,6.7860237212871475,25.04766321466158,-0.3698962033588059
3332.190000000001,0.0,6.8500000000000005,24.73796604373736,24.9306575149102,25.040542047713807,25.361048528827165,3.1910072481877982,0.0645955946696007,0.0645955946696007,0.0645955946696007,-0.14,-1.0154044053303992,6.698088106607985,-0.5048743718588711,-0.3481155778897495,-9.712788944725489,0.05,0.14,0.16,6.776063045031955,25.017553533797134,-0.164658713271871
3332.2000000000007,0.0,6.8500000000000005,24.642240397614287,24.77643286282301,25.08202316103381,25.41954753479127,3.3409697575605497,0.0650956321724131,0.0650956321724131,0.0650956321724131,-0.14,-1.0149043678275869,6.688087356551738,-0.4064500000000169,-0.3914749999999964,-10.514349999999808,0.05,0.14,0.1515727459016335,6.766102523957402,24.980060989065592,-0.005790037833690184
3332.210000000001,0.0,6.8500000000000005,24.557602651325755,24.7097813806903,25.06427842921472,25.39710998499265,3.42,0.0655956696752254,0.0655956696752254,0.0655956696752254,-0.14,-1.0144043303247745,6.678086606495492,-0.3364500000002158,-0.4064749999999538,-11.304349999997564,0.05,0.14,0.15,6.756142158749779,24.932193111555858,0.13883462264754215
3332.2200000000007,0.0,6.8500000000000005,24.485876788394386,24.74510904452217,24.977565072536493,25.28042164082071,3.42,0.0660957071780377,0.0660957071780377,0.0660957071780377,-0.14,-1.013904292821962,6.6680858564392445,-0.4883841920950096,-0.5745572786383049,-11.566538269134096,0.05,0.14,0.15,6.74618195009947,24.87224313656844,0.14496914491595636
3332.230000000001,0.0,6.8500000000000005,24.43498403197612,24.7130910117416,24.928524806395224,25.246967284536364,3.4058391608393,0.0665957446808501,0.0665957446808501,0.0665957446808501,-0.14,-1.01340425531915,6.658085106382998,-0.7084942471222455,-0.7896648324149217,-11.666588294146475,0.05,0.14,0.15,6.736221898700937,24.83089178366233,0.10856094498738822
3332.2400000000007,0.0,6.8500000000000005,24.408254079440542,24.60296360729504,24.92317881588811,25.31004997252032,3.375869130869279,0.0670957821836624,0.0670957821836624,0.0670957821836624,-0.14,-1.0129042178163377,6.648084356326751,-0.8595551112214417,-0.8514871282178587,-11.429625093728538,0.05,0.14,0.15,6.726262005252739,24.811111618786004,0.02839854497849914
3332.250000000001,0.0,6.8500000000000005,24.353791675432024,24.5461333533684,24.878747663410987,25.27476610568498,3.3741114721319523,0.0675958196864776,0.0675958196864776,0.0675958196864776,-0.14,-1.0124041803135224,6.638083606270448,-0.9895226193452316,-0.866483379155219,-11.0897100724817,0.05,0.14,0.15,6.716302270457515,24.763359699474098,-0.06513002059117454
3332.2600000000007,0.0,6.8500000000000005,24.26696973703997,24.55149273228148,24.78871009767108,25.12470349611847,3.4041039740064174,0.0680958571892899,0.0680958571892899,0.0680958571892899,-0.14,-1.01190414281071,6.628082856214201,-0.9778869717429256,-0.7819454863715714,-10.673095773943404,0.05,0.14,0.15,6.706342695022234,24.68296901577775,-0.13306293865320296
3332.270000000001,0.0,6.8500000000000005,24.21503598196396,24.501514008016294,24.67772306613258,25.03095922845698,3.42,0.0685958946921022,0.0685958946921022,0.0685958946921022,-0.14,-1.0114041053078977,6.618082106157955,-0.9228732183046006,-0.6669167291823466,-10.232985746436803,0.05,0.14,0.15,6.6963832796578915,24.606308071142454,-0.1931549953953156
3332.2800000000007,0.0,6.838961459839439,24.2032423947896,24.387866713427044,24.54263288577177,25.00201133266538,3.42,0.0690959321949146,0.0690959321949146,0.0690959321949146,-0.14,-1.0109040678050851,6.608081356101708,-0.8410600000002492,-0.3948800000008858,-9.919350000000762,0.05,0.14,0.15,6.686424025079763,24.533938331663446,-0.24143307664485208
3332.290000000001,0.0,6.8190182978511205,24.16428749185677,24.33456146329239,24.445751916812902,24.97356299674271,3.4763540885217825,0.0695959696977269,0.0695959696977269,0.0695959696977269,-0.14,-1.010404030302273,6.598080606045461,-0.751060000000505,-0.0748800000017954,-9.644350000001545,0.05,0.14,0.15,6.676464932007381,24.47954096717619,-0.28610218887967337
3332.3000000000006,0.0,6.799075135862802,24.09458065146589,24.34957524429965,24.39213127035838,24.94568026058636,3.5963840960235824,0.07,0.07,0.07,-0.1389621341117414,-1.0103113597664777,6.586782615746398,-0.7146800000001255,-0.1340499999989018,-9.488080000000751,0.05,0.14,0.15,6.665264041693251,24.44549185667757,-0.2913820447544423
3332.310000000001,0.0,6.779131973874371,24.055346774999983,24.30073575999964,24.35984683999997,24.887428529999724,3.6739742319128,0.07,0.07,0.07,-0.1335565826103241,-1.0119330252169028,6.570025406092005,-0.6946800000000118,-0.3090499999998965,-9.36808000000007,0.05,0.14,0.15,6.64884047372003,24.40083947624983,-0.28462915129682875
3332.3200000000006,0.0,6.7591888118860535,24.049996775,24.18089575999998,24.35128684,24.795408529999985,3.703706640237789,0.07,0.07,0.07,-0.1281510311089375,-1.0135546906673187,6.553268196437706,-0.6325356339085578,-0.6296599149783524,-9.18676169042282,0.05,0.14,0.15,6.6324233770311976,24.344396976249993,-0.2578621299503847
3332.330000000001,0.0,6.739245649897735,24.05831505494502,24.157784970029844,24.338175639360667,24.74696,3.747119999999765,0.07,0.07,0.07,-0.1227454796075509,-1.0151763561177347,6.536510986783408,-0.557516879219933,-0.9947511877963264,-8.986711677919821,0.05,0.14,0.15,6.616012799800554,24.325308916083884,-0.2249811321992268
3332.3400000000006,0.0,6.719302487909417,24.081831538461497,24.24223052447537,24.320003811188844,24.74696,3.807119999999765,0.07,0.07,0.07,-0.1173399281061643,-1.0167980215681507,6.519753777129109,-0.4518745313673157,-1.118315421144645,-8.825053736566064,0.05,0.14,0.15,6.599608790661924,24.34775646853143,-0.2011207825934106
3332.350000000001,0.0,6.699359325921099,24.0856855586104,24.26567608597864,24.327044503873925,24.76209136715812,3.84,0.07,0.07,0.07,-0.1119343766047777,-1.0184196870185669,6.502996567474811,-0.3369032741815396,-1.1683029242688958,-8.675091227193313,0.05,0.14,0.15,6.5832113987143135,24.360124378905272,-0.18000840603646456
3332.3600000000006,0.0,6.679416163932781,24.067500104973853,24.22074731817069,24.36234567858017,24.79418334416379,3.84,0.07,0.07,0.07,-0.1065288251033912,-1.0200413524689826,6.486239357820513,-0.2415562174238397,-0.9442491933487812,-8.666617026557397,0.05,0.14,0.1584863123993355,6.566820673527222,24.361194111472123,-0.17256937783390675
3332.370000000001,0.0,6.659473001944463,24.00210665005066,24.185423359920406,24.371473210369032,24.779002392822004,3.812010000000384,0.07,0.07,0.07,-0.1011232736020046,-1.0216630179193986,6.469482148166215,-0.1522040208491489,-0.6364805162581797,-8.70136510300311,0.05,0.14,0.16,6.550436665146035,24.334501403290528,-0.16930732549941352
3332.380000000001,0.0,6.65,23.88369189431729,24.16088696909277,24.351204017946205,24.71072721834511,3.752010000000043,0.07,0.07,0.07,-0.0957177221005873,-1.023284683369824,6.452724938511821,-0.2927934508817157,-0.3290604534003568,-8.861435768262062,0.05,0.14,0.16,6.534059424097381,24.276627524925345,-0.22426180787731664
3332.390000000001,0.0,6.65,23.797916614922464,24.14526851276916,24.2945166349526,24.656261291937973,3.678317200297971,0.07,0.07,0.07,-0.0903121705992007,-1.02490634882024,6.4359677288575226,-0.5094181360198453,-0.021755667506731,-9.062947103274274,0.05,0.14,0.16,6.517689001395037,24.22349076364555,-0.2984668676017298
3332.4000000000005,0.0,6.65,23.749694281422123,24.139910475713567,24.19592875312968,24.6176834251377,3.58896500372328,0.07,0.07,0.07,-0.0849066190978141,-1.026528014270656,6.419210519203224,-0.6558124999997684,-0.0841374999996757,-9.512412499999026,0.05,0.14,0.1514352574102795,6.501325448544965,24.175804233850766,-0.27312081239022495
3332.4100000000008,0.0,6.65,23.71300396694214,24.090909316303485,24.11789646882041,24.57057319308788,3.4581077000509826,0.07,0.07,0.07,-0.0795010675964276,-1.028149679721072,6.4024533095489256,-0.7808124999997684,-0.2591374999996757,-10.037412499999029,0.05,0.14,0.15,6.484968817551362,24.123095736288477,-0.21744835752082367
3332.420000000001,0.0,6.65,23.689422699724545,23.99229674430264,24.063230803906897,24.51376377660913,3.276930045294951,0.07,0.07,0.07,-0.074095516095041,-1.0297713451714878,6.385696099894627,-0.9939599999990324,-0.5721074999985687,-10.512589999998143,0.05,0.14,0.15,6.468619160922302,24.0646785061358,-0.1845710199644931
3332.4300000000007,0.0,6.65,23.63334068571453,23.87399897142893,24.03183314285716,24.46268240000012,3.152280178837808,0.07,0.07,0.07,-0.0686899645936544,-1.0313930106219038,6.3689388902403286,-1.2339599999983504,-0.9271074999975596,-10.972589999996838,0.05,0.14,0.15,6.452276531675568,24.000463800000183,-0.1586377918571596
3332.440000000001,0.0,6.65,23.54082888447188,23.733636238509057,24.0265163726708,24.4180215304347,3.092667660208764,0.07,0.07,0.07,-0.0632844130922371,-1.0330146760723289,6.352181680585935,-1.324501125281215,-0.8298274568647653,-11.168169542385328,0.05,0.14,0.15,6.435940983344455,23.92975075652161,-0.16956007848502322
3332.4500000000007,0.0,6.65,23.47153934706173,23.67842070316429,23.94223723756885,24.312457237568854,3.0328664332168,0.07,0.07,0.07,-0.0578788615908505,-1.0346363415227449,6.3354244709316365,-1.36951237809439,-0.594768692173741,-11.283198299574552,0.05,0.14,0.15,6.419612569984113,23.851163631340928,-0.19170971369854262
3332.460000000001,0.0,6.65,23.429620713209392,23.72356384731296,23.764889171270507,24.135109171270507,2.972836418209201,0.07,0.07,0.07,-0.0524733100894639,-1.0362580069731608,6.318667261277339,-1.1230550000010435,-0.386600000000623,-11.271650000000156,0.05,0.14,0.15,6.403291346177042,23.763295725765843,-0.13233830413697
3332.4700000000007,0.0,6.65,23.415803228699552,23.7071599103139,23.66505085201793,24.06471264573991,2.953589999999939,0.07,0.07,0.07,-0.0470677585880773,-1.0378796724235768,6.30191005162304,-0.7880550000010436,-0.186600000000623,-11.221650000000157,0.05,0.14,0.15,6.386977367039599,23.71318165919282,-0.04820235294185424
3332.480000000001,0.0,6.634825136338703,23.43392978574983,23.62079219730964,23.653321903338345,24.1158935127054,2.9835899999998534,0.07,0.07,0.07,-0.0416622070866908,-1.0395013378739928,6.285152841968742,-0.5681404648842657,-0.2780254936261198,-11.083476630842725,0.05,0.14,0.15,6.370670688228117,23.7059843497758,0.01424507204169248
3332.4900000000007,0.0,6.604805623655475,23.4244528464234,23.55351229614828,23.604064042021424,24.115843061531034,3.0,0.07,0.07,0.07,-0.0427099004304407,-1.0430110004782676,6.274580199139119,-0.3831867033245389,-0.4579805048734216,-10.918517870532698,0.05,0.14,0.15,6.360821704633935,23.674468061531034,0.07010393560752898
3332.500000000001,0.0,6.574786110972075,23.382701970985494,23.50854981490745,23.51092747373687,24.055893086543275,3.0,0.07,0.07,0.07,-0.046623114048443,-1.0473590156093813,6.266753771903114,-0.2441635408850752,-0.7760090022509833,-10.381650412602392,0.05,0.14,0.15,6.353844305615596,23.614518086543274,0.0686116241412691
3332.5100000000007,0.0,6.544766598288846,23.32701122648612,23.4471636117382,23.464787614747923,24.027607614747925,3.0,0.07,0.07,0.07,-0.0505363276664231,-1.05170703074047,6.258927344667154,-0.1191322830710559,-1.1360990247553588,-9.731487871969492,0.05,0.14,0.15,6.3468742783156795,23.56664251693004,0.049648341546470035
3332.520000000001,0.0,6.514747085605617,23.255087474291464,23.36665194883373,23.473375525457737,24.03619552545773,3.0,0.07,0.07,0.07,-0.0544495412844031,-1.0560550458715592,6.251100917431194,-0.1321849999998287,-0.9515500000010902,-9.265530000001275,0.05,0.14,0.15,6.339911647047298,23.532827618510165,-0.044442526393702705
3332.5300000000007,0.0,6.484727572922388,23.24330961174706,23.35280485813829,23.43651890990555,24.04475239422597,2.97282679330178,0.07,0.07,0.07,-0.0583627549023832,-1.060403061002648,6.243274490195234,-0.1871849999998286,-0.6015500000010903,-8.855530000001277,0.05,0.14,0.15,6.332956436204669,23.519346443504215,-0.16135572469342763
3332.540000000001,0.0,6.45470806023916,23.29976555997985,23.41458683922324,23.34810676455986,24.05327404678941,2.9128417895528496,0.07,0.07,0.07,-0.0622759685203632,-1.064751076133737,6.235448062959274,-0.3188849999995172,-0.3627650000006386,-8.598930000000655,0.05,0.14,0.1585922836287781,6.326008670263238,23.52893330263809,-0.26924640942493283
3332.5500000000006,0.0,6.42468854755593,23.280683830212844,23.441596334581853,23.3646477053675,24.036273747815496,2.907156789196972,0.07,0.07,0.07,-0.0661891821383433,-1.069099091264826,6.227621635723314,-0.4738849999995171,-0.1577650000006386,-8.388930000000654,0.05,0.14,0.16,6.319068373779836,23.530800404494425,-0.37439622627973423
3332.560000000001,0.0,6.39466903487253,23.17274874906364,23.42770370037453,23.504642711610536,23.98925252434455,2.967171792948213,0.07,0.07,0.07,-0.0701023957563456,-1.0734471063959397,6.219795208487309,-0.6288850000000604,-0.2173800000000545,-8.539420000000101,0.05,0.14,0.16,6.312135571392797,23.52358692134831,-0.39747434839782636
3332.5700000000006,0.0,6.364649522189302,23.052264288224844,23.37056121516436,23.50650736128533,23.905772904845488,2.986406601650444,0.07,0.07,0.07,-0.0740156093743256,-1.0777951215270287,6.211968781251349,-0.7838849999996199,-0.3573799999996566,-8.799419999999362,0.05,0.14,0.16,6.305210287822278,23.458776442380007,-0.3956206519057802
3332.580000000001,0.0,6.3500000000000005,22.9168688576448,23.262029957318443,23.34424775797114,23.77897400954036,2.956399099774994,0.07,0.07,0.07,-0.0779288229923057,-1.0821431366581176,6.204142354015389,-0.8813599999997508,-0.5587399999993148,-9.35471499999799,0.05,0.14,0.1515051546391827,6.2982925478701635,23.32553014561869,-0.3233789463668519
3332.5900000000006,0.0,6.3500000000000005,22.85987146341465,23.230300243902462,23.260495121951223,23.679465365853623,2.9536015996000096,0.07,0.07,0.07,-0.0818420366102858,-1.0864911517892066,6.1963159267794286,-0.9613599999997507,-0.7787399999993148,-9.999714999997993,0.05,0.14,0.15,6.2913823764203975,23.257533048780488,-0.22975470352908398
3332.600000000001,0.0,6.3500000000000005,22.89289286709798,23.286756192135257,23.266886361373803,23.611292145346106,2.9835941014744747,0.07,0.07,0.07,-0.0857552502282658,-1.0908391669202957,6.1884894995434685,-1.068182954261132,-0.7609872531869402,-10.272689327667663,0.05,0.14,0.15,6.284479798439076,23.264456891488287,-0.22616239099086316
3332.6100000000006,0.0,6.3500000000000005,22.869799519880345,23.207021565392363,23.20733354838768,23.51170212553196,3.0,0.07,0.07,0.07,-0.0896684638462459,-1.0951871820513843,6.180663072307508,-1.1831542114469082,-0.6710097475632892,-10.432649337665264,0.05,0.14,0.15,6.277584838974611,23.19896418979809,-0.2499200651021339
3332.620000000001,0.0,6.3500000000000005,22.779897044261496,22.965141095274983,23.069269032258727,23.3747078769699,3.0,0.07,0.07,0.07,-0.0935816774642259,-1.0995351971824734,6.172836645071548,-0.9377563781900964,-0.4736168084048512,-10.642548774386558,0.05,0.14,0.15,6.270697523157873,23.047253762191275,-0.1562703706178512
3332.630000000001,0.0,6.3500000000000005,22.71489477432298,22.88726029087258,23.018823069207603,23.34936613841521,2.9727900000001206,0.07,0.07,0.07,-0.0974948910822283,-1.103883212313587,6.165010217835544,-0.5825787893941288,-0.2435017508750693,-10.867661330665694,0.05,0.14,0.15,6.263817876202306,22.99258606820459,-0.02685470018065314
3332.640000000001,0.0,6.3500000000000005,22.67947852557681,23.00424123370084,23.072484052156348,23.4566881043127,2.912790000000121,0.07,0.07,0.07,-0.1014081047002083,-1.108231227444676,6.157183790599584,-0.5857958687728172,-0.1526974483596446,-10.647691373025406,0.05,0.14,0.15,6.25694592340422,23.053222978936677,-0.07066717410223289
3332.6500000000005,0.0,6.3500000000000005,22.645696520067407,23.02181707762592,23.02986380677777,23.45050366738814,2.866422155688692,0.07,0.07,0.07,-0.1053213183181884,-1.112579242575765,6.149357363363624,-0.6975820170108251,-0.1040947752126847,-10.292891859052595,0.05,0.14,0.15,6.250081690142711,23.03697026796481,-0.16695592628172795
3332.6600000000008,0.0,6.3500000000000005,22.61380995433804,22.92410018264882,22.8755739726034,23.312671415525703,2.836482035928232,0.07,0.07,0.07,-0.1092345319361684,-1.116927257706854,6.141530936127664,-0.5837966537971615,-0.3568211068201803,-10.00359073359138,0.05,0.14,0.15,6.243225201879955,22.931538881278993,-0.14624759317303762
3332.670000000001,0.0,6.3500000000000005,22.58239052200628,22.82773374616214,22.781696366427823,23.24710912998954,2.82,0.07,0.07,0.07,-0.1131477455541485,-1.121275272837943,6.133704508891704,-0.3778764478772749,-0.7326254826239733,-9.741042471043524,0.05,0.14,0.15,6.236376484161312,22.859732441146445,-0.07775171818575861
3332.6800000000007,0.0,6.3431344625993455,22.551725220061527,22.733547461617547,22.78534699761172,23.29821796656412,2.82,0.07,0.07,0.07,-0.1170609591721286,-1.1256232879690318,6.125878081655744,-0.3568692173041559,-0.8200000000000001,-9.68383845961488,0.05,0.14,0.15,6.229535562615464,22.84220941146373,-0.07026873329297612
3332.690000000001,0.0,6.328144206265886,22.5210599181166,22.63936117707242,22.78899762879564,23.349326803139,2.82,0.07,0.07,0.07,-0.1209741727901309,-1.1299713031001457,6.118051654419738,-0.3918779694923798,-0.8200000000000001,-9.688839709927482,0.05,0.14,0.15,6.222702462954516,22.824686381780914,-0.08126848057917294
3332.7000000000007,0.0,6.313153949932512,22.48788281213254,22.60314845520816,22.74556336703483,23.340556327298213,2.82,0.07,0.07,0.07,-0.1248873864081109,-1.1343193182312346,6.110225227183778,-0.4877278370995815,-0.6025875341445153,-9.617529178048173,0.05,0.1485706860706879,0.15,6.215877210974286,22.794287740418437,-0.14685613386395002
3332.710000000001,0.0,6.298163693599139,22.45165426757584,22.637364302845043,22.644928521043987,23.25904210204563,2.82,0.07,0.07,0.07,-0.128800600026091,-1.1386673333623234,6.102398799947818,-0.6019567916563217,-0.3194983858952029,-9.523166128631734,0.05,0.15,0.15,6.20905983255421,22.748247298377624,-0.2289338837524802
3332.7200000000007,0.0,6.283173437265765,22.42036293929717,22.64029067092666,22.605373801916727,23.224189329073337,2.806453066332962,0.0696039660542325,0.0696039660542325,0.0696039660542325,-0.1367370496299871,-1.1411888911111745,6.0916777622217815,-0.648990687138129,-0.4133199093879094,-9.450624213440864,0.05,0.15,0.1585380116959043,6.199156964030225,22.722554185303473,-0.24595128580321335
3332.730000000001,0.0,6.268183180932391,22.39932582944221,22.578231196854524,22.692677807814817,23.286248803145472,2.7764155193993045,0.069032488499014,0.069032488499014,0.069032488499014,-0.1464516129032133,-1.1429032258064495,6.079677419354854,-0.6741605839414806,-0.6297810218967326,-9.385182481752151,0.05,0.15,0.16,6.1879037954620815,22.739120909314256,-0.2417992837529812
3332.7400000000007,0.0,6.253192924599017,22.380920798779005,22.54495389468307,22.70970667514717,23.304660427372685,2.7736084021004177,0.0684610109437955,0.0684610109437955,0.0684610109437955,-0.1561661761764395,-1.1446175605017248,6.067677076487928,-0.6684800000000847,-0.6377600000003102,-9.38919999999986,0.05,0.15,0.16,6.176669194551994,22.735060448995483,-0.23845394272317816
3332.750000000001,0.0,6.238202668265558,22.36894420249301,22.581972465021583,22.55509970490986,23.21646912744858,2.8036159039759525,0.0678895333885737,0.0678895333885737,0.0678895333885737,-0.1658807394497209,-1.1463318951970096,6.055676733620933,-0.6534799999999994,-0.5827599999999975,-9.4142,0.05,0.15,0.16,6.16545326280106,22.680621374968258,-0.23535228054328705
3332.7600000000007,0.0,6.223212411932184,22.33547425000013,22.571837250000183,22.491426749999786,23.11486225000022,2.82,0.0673180558333552,0.0673180558333552,0.0673180558333552,-0.1755953027229471,-1.1480462298922849,6.043676390754007,-0.699920000000003,-0.4432799999999925,-9.642720000000011,0.05,0.15,0.16,6.15425610228122,22.628400125000077,-0.23086747993971526
3332.770000000001,0.0,6.20822215559881,22.257364250000133,22.463767250000185,22.616616749999785,22.98539225000022,2.82,0.0667465782781367,0.0667465782781367,0.0667465782781367,-0.1853098659961733,-1.1497605645875602,6.03167604788708,-0.7649200000000029,-0.2782799999999925,-9.932720000000014,0.05,0.15,0.16,6.143077815636957,22.58078512500008,-0.22596485627065116
3332.7800000000007,0.0,6.2,22.168830702324584,22.38212842289432,22.632282709322983,22.86010472381922,2.8335401551162698,0.0661751007229181,0.0661751007229181,0.0661751007229181,-0.1950244292693996,-1.1514748992828352,6.019675705020154,-0.7723200000000214,-0.2783999999998931,-10.207359999999424,0.05,0.15,0.16,6.131918506087647,22.510836639590277,-0.1868738003842842
3332.790000000001,0.0,6.2,22.05864824793812,22.35538510872284,22.420475661084915,22.743503874031592,2.8635626720038787,0.0656036231676996,0.0656036231676996,0.0656036231676996,-0.2047389925426258,-1.1531892339781105,6.007675362153227,-0.7623200000000498,-0.328399999999751,-10.477359999998656,0.05,0.15,0.16,6.1207782774295385,22.394503222944365,-0.13745498893227615
3332.8000000000006,0.0,6.2,21.976583179205225,22.34391543614094,22.27844138465383,22.67445959010244,2.8529177057359534,0.0650321456124811,0.0650321456124811,0.0650321456124811,-0.214453555815852,-1.1549035686733855,5.995675019286301,-0.7830399999998309,-0.4551999999991541,-10.374880000001212,0.05,0.1414241164241276,0.1514241164241276,6.109657234037796,22.31834989752561,-0.14673723296685776
3332.810000000001,0.0,6.2,21.953049062734262,22.36424035491132,22.281650582354416,22.704412101974576,2.793067331670738,0.0644606680572593,0.0644606680572593,0.0644606680572593,-0.2241681190891334,-1.1566179033686703,5.983674676419306,-0.8130400000000014,-0.6052000000000068,-10.15987999999999,0.05,0.14,0.15,6.098555480868448,22.325838025493645,-0.173752087513728
3332.8200000000006,0.0,6.2,21.93029538005922,22.30816487660406,22.265681757156937,22.671271964461926,2.76,0.0638891905020408,0.0638891905020408,0.0638891905020408,-0.2338826823623596,-1.1583322380639458,5.97167433355238,-0.7470399999999957,-0.5823999999999966,-10.148400000000002,0.05,0.1485751430057108,0.15,6.0874731234606285,22.293853494570534,-0.15569617972435681
3332.830000000001,0.0,6.2,21.909170009871687,22.092686100691207,22.20969952615997,22.50649407699916,2.76,0.0633177129468223,0.0633177129468223,0.0633177129468223,-0.2435972456355858,-1.160046572759221,5.959673990685452,-0.6520399999999957,-0.5073999999999965,-10.198400000000005,0.05,0.15,0.15,6.0764102679381615,22.179512428430506,-0.12402514581262876
3332.8400000000006,0.0,6.2,21.874313786357938,21.97457815701391,22.196007289575096,22.405593436293326,2.76,0.0627462353916037,0.0627462353916037,0.0627462353916037,-0.2533118089088121,-1.1617609074544963,5.947673647818526,-0.5493600000002244,-0.2864800000005664,-10.11016000000028,0.05,0.15,0.15,6.0653670210117605,22.11262316731007,-0.12586936139450822
3332.850000000001,0.0,6.2,21.80711172715598,22.08584714028272,22.281937791505467,22.45516872586854,2.76,0.0621747578363852,0.0621747578363852,0.0621747578363852,-0.2630263721820383,-1.1634752421497714,5.9356733049516,-0.4443600000005228,-0.0214800000013195,-9.980160000000648,0.05,0.15,0.15,6.054343489980872,22.157516346203174,-0.1378379752609123
3332.8600000000006,0.0,6.2,21.76791834153538,22.11375582185096,22.278540034449573,22.4556708464571,2.746538269134778,0.0616032802811667,0.0616032802811667,0.0616032802811667,-0.2727409354552645,-1.1651895768450466,5.923672962084673,-0.4929599999994642,-0.0483199999993515,-9.865520000000622,0.05,0.15,0.15,6.043339782735567,22.153971261073252,-0.16871735504585875
3332.870000000001,0.0,6.2,21.77950298720468,21.99053731791388,22.113195546260503,22.36720627952792,2.716523261631064,0.0610318027259482,0.0610318027259482,0.0610318027259482,-0.2824554987284907,-1.166903911540322,5.911672619217747,-0.5879599999994642,-0.1633199999993515,-9.75552000000062,0.05,0.15,0.15,6.032356007758401,22.062610532726744,-0.20530936203554614
3332.880000000001,0.0,6.19110424864265,21.7835314528632,21.912719704926264,22.009303325831503,22.30736,2.7,0.0604603251707264,0.0604603251707264,0.0604603251707264,-0.2921700620017721,-1.1686182462356067,5.899672276350752,-0.5946438390402293,-0.4280204948764452,-9.718482879280172,0.05,0.15,0.15,6.02139227412619,22.003228620905244,-0.1856345557202294
3332.890000000001,0.0,6.1711809533296265,21.7717585096274,21.92984398599652,22.03391947987,22.30736,2.7,0.06,0.06,0.06,-0.2985078453492022,-1.1697015690698405,5.887413598605284,-0.5746488377905292,-0.7379430142467982,-9.703486628342898,0.05,0.15,0.15,6.009904123649719,22.01072049387348,-0.14896248288542616
3332.9000000000005,0.0,6.151257658016603,21.75096963240808,21.90847716429101,22.03010076519126,22.29765053263314,2.686540094928877,0.06,0.06,0.06,-0.2908163265306265,-1.1681632653061254,5.874081632653086,-0.5815124999999869,-0.8253499999999826,-9.634762500000075,0.05,0.15,0.1586005221931888,5.996166656895035,21.996799523630873,-0.15257915631443086
3332.9100000000008,0.0,6.13133436270358,21.71136973243311,21.80680174543636,21.96695497874469,22.26768304076019,2.656562578066552,0.06,0.06,0.06,-0.2831248077120508,-1.16662496154241,5.860749666700888,-0.5965124999999443,-0.8453499999999257,-9.549762500000316,0.05,0.15,0.16,5.982437639739371,21.938202374343586,-0.1684005639535554
3332.920000000001,0.0,6.111411067390557,21.65569976202288,21.74225146256816,21.919479960337146,22.23986565195837,2.653408239700261,0.06,0.06,0.06,-0.275433288893475,-1.165086657778695,5.847417700748689,-0.5654625000001969,-0.7579000000005252,-9.434062500000548,0.05,0.15,0.16,5.968717130489072,21.889324209221638,-0.18457661048586468
3332.9300000000007,0.0,6.091487772077533,21.566577302925328,21.75498324243924,21.90462621715422,22.216524055528065,2.68337078651675,0.06,0.06,0.06,-0.2677417700748993,-1.1635483540149798,5.834085734796492,-0.520462500000197,-0.6379000000005253,-9.309062500000548,0.05,0.15,0.16,5.955005187951539,21.860677704511716,-0.20086008834412533
3332.940000000001,0.0,6.071564476764397,21.49191475409828,21.72297268600225,21.88405018915504,22.199364211853712,2.7,0.06,0.06,0.06,-0.2600502512562798,-1.162010050251256,5.820753768844218,-0.5789543299226656,-0.3724906413774851,-9.28,0.05,0.15,0.16,5.941301871440094,21.824575460277323,-0.25249930707778034
3332.9500000000007,0.0,6.051641181451374,21.44981639344263,21.590200933165224,21.850587389659527,22.196125876418662,2.7,0.06,0.06,0.06,-0.2523587324377041,-1.160471746487541,5.80742180289202,-0.6687971050660508,-0.0630321936613806,-9.28,0.05,0.15,0.16,5.927607240779285,21.77168264817151,-0.31484889682560613
3332.960000000001,0.0,6.031717886138351,21.40975244861717,21.51928667343304,21.7651738137532,22.17135080943936,2.7,0.06,0.06,0.06,-0.2446672136191284,-1.1589334427238256,5.794089836939822,-0.6555511022045404,-0.0091382765530331,-9.379519038075772,0.05,0.15,0.16,5.913921356309465,21.716390936310695,-0.3009436371629383
3332.9700000000007,0.0,6.011794590825327,21.373913828977493,21.57684566861191,21.57186247145435,22.101845607713923,2.7,0.06,0.06,0.06,-0.2369756948005526,-1.1573951389601105,5.780757870987625,-0.6104609218439185,-0.0341883767533786,-9.50977955911757,0.05,0.15,0.16,5.9002442788921945,21.65611689418942,-0.2634832145932035
3332.980000000001,0.0,6.0,21.3159004597704,21.590494222888744,21.483855167416,22.030441219390514,2.7,0.06,0.06,0.06,-0.2292841759819769,-1.1558568351963954,5.767425905035426,-0.6997651761173678,-0.2049962528094928,-9.78941294029342,0.05,0.15,0.1514507772021174,5.886576069915318,21.605172767366412,-0.23339278649092837
3332.9900000000007,0.0,6.0,21.217509655172847,21.52418737631213,21.587593298350367,21.955578650675,2.7,0.06,0.06,0.06,-0.2215926571634012,-1.1543185314326805,5.754093939083228,-0.8296677491878108,-0.419835123656764,-10.114169372969526,0.05,0.15,0.15,5.872916791298168,21.571217245127585,-0.2055287108841023
3333.000000000001,0.0,6.0,21.15576419418433,21.44068056678165,21.60171688516509,21.887419541646125,2.7,0.06,0.06,0.06,-0.2139011383447817,-1.1527802276689565,5.7407619731309545,-0.7795174999998264,-0.5198225000001074,-10.347132500000338,0.05,0.15,0.15,5.85926650549675,21.5213952969443,-0.14303389461498528
3333.0100000000007,0.0,6.0,21.1610377279448,21.325717530803374,21.4519485263677,21.83152008378513,2.7,0.06,0.06,0.06,-0.206209619526206,-1.1512419239052412,5.727430007178757,-0.6745175000001249,-0.5848224999999226,-10.552132499999756,0.05,0.15,0.15,5.845625275509357,21.442555967225253,-0.06998946589405707
3333.020000000001,0.0,6.0,21.14473467817516,21.280598027126885,21.37167283847095,21.78964993341555,2.7,0.06,0.06,0.06,-0.1985181007076302,-1.149703620141526,5.714098041226559,-0.6231523642732443,-0.5386339754817012,-10.596164623467606,0.05,0.15,0.15,5.83199316488148,21.396663869297136,-0.05087912877105215
3333.0300000000007,0.0,6.0,21.083516429100083,21.380869297163656,21.436057548705087,21.77698408877933,2.7,0.06,0.06,0.06,-0.1908265818890545,-1.148165316377811,5.700766075274361,-0.5881260945709343,-0.4585739304478499,-10.59116087065299,0.05,0.15,0.15,5.818370237711542,21.41935684093704,-0.048198811724036464
3333.040000000001,0.0,6.0,21.02935244078288,21.38394008239036,21.45841031925886,21.7271698558194,2.686678321678387,0.06,0.06,0.06,-0.1831350630704788,-1.1466270126140958,5.687434109322163,-0.5300800000001389,-0.3017600000003847,-10.432560000000436,0.05,0.15,0.15,5.804756558656301,21.399718174562874,-0.06901430985306393
3333.0500000000006,0.0,6.0,20.991885911431662,21.156936992791845,21.38127334706519,21.58942526261641,2.6567082917083664,0.06,0.06,0.06,-0.1754435442519031,-1.1450887088503807,5.674102143369965,-0.4650800000003237,-0.1217600000008963,-10.22756000000102,0.05,0.15,0.15,5.791152192936388,21.27988037847628,-0.09692750214985213
3333.060000000001,0.0,6.0,20.97806862563858,21.06521987837537,21.30380046703951,21.52829953296049,2.626724999999948,0.06,0.06,0.06,-0.1677520254332836,-1.1435504050866567,5.660770177417692,-0.4231334332833992,-0.1030284857570864,-9.89214392803642,0.05,0.15,0.15,5.777557206341825,21.21884712600349,-0.13555020020042566
3333.0700000000006,0.0,6.0,21.00721968377526,21.21930404281209,21.22571727560198,21.60638272439802,2.5967250000000326,0.06,0.06,0.06,-0.1600605066147079,-1.1420121013229416,5.647438211465493,-0.3881509245378272,-0.1330134932532909,-9.517331334333862,0.05,0.15,0.15,5.763971665237987,21.26465593164684,-0.17740806144724813
3333.080000000001,0.0,5.987863256369352,20.991721557840645,21.263641290488483,21.183871552699216,21.62878635475581,2.58,0.06,0.06,0.06,-0.1523689877961321,-1.1404737975592265,5.634106245513296,-0.4643699999996573,-0.2780599999994393,-9.353300000000312,0.05,0.15,0.1585521536066405,5.750395636570853,21.267005188946037,-0.2127457471477695
3333.0900000000006,0.0,5.958006568471291,20.87179353727524,21.05129167609286,21.226781578406108,21.520961161953885,2.58,0.06,0.06,0.06,-0.15,-1.1396781545044428,5.621632017115508,-0.5743699999996573,-0.4580599999994393,-9.253300000000312,0.05,0.15,0.16,5.737953714671532,21.167706988432023,-0.24610272763014948
3333.100000000001,0.0,5.92814988057323,20.8038557681738,20.92786510617028,21.19421411441463,21.437714893829728,2.593238380809437,0.06,0.06,0.06,-0.15,-1.1392130598576826,5.609539556299743,-0.6613446638338311,-0.4884978755311567,-9.314348912771518,0.05,0.15,0.16,5.726014358123967,21.090912470647112,-0.262906435523378
3333.1100000000006,0.0,5.898293192675169,20.83058572070937,20.966356237821497,21.024211616288387,21.399223762178504,2.623223388305727,0.06,0.06,0.06,-0.15,-1.1387479652109225,5.597447095483979,-0.7413246688326318,-0.4735016245938815,-9.424321419644867,0.05,0.15,0.16,5.7140756833466995,21.05509433424944,-0.2746815742988237
3333.120000000001,0.0,5.868436504777108,20.819073957467936,20.95949949156721,20.926407171840488,21.37210415057445,2.64,0.06,0.06,0.06,-0.15,-1.138282870564162,5.585354634668214,-0.7217037222084727,-0.2172445665759195,-9.541911066699669,0.05,0.15,0.16,5.702137694622033,21.019271192862522,-0.2769431556970831
3333.130000000001,0.0,5.838579816878879,20.73747043754565,20.86952637985802,20.960931737961456,21.36582695673428,2.64,0.06,0.06,0.06,-0.15,-1.1378177759173993,5.57326217385238,-0.671741194104314,0.1125081189115277,-9.661821134149646,0.05,0.15,0.16,5.690200396267901,20.983438878024852,-0.2763066083965851
3333.140000000001,0.0,5.808723128980818,20.662301367088503,20.797890683544253,20.92453263291106,21.36347913924052,2.64,0.06,0.06,0.06,-0.15,-1.1373526812706392,5.561169713036616,-0.6905847076462059,-0.3834632683663602,-9.521784107945868,0.05,0.15,0.16,5.678263792638492,20.937050955696083,-0.25225473890393835
3333.1500000000005,0.0,5.778866441082757,20.60162288607604,20.76755144303802,20.72841111392433,21.36998040506328,2.64,0.06,0.06,0.06,-0.15,-1.136887586623879,5.549077252220851,-0.7305647176411452,-1.133088455771473,-9.3018940529737,0.05,0.15,0.16,5.666327888124228,20.866891462025418,-0.22100992730005437
3333.1600000000008,0.0,5.749009753184696,20.55232022260708,20.7451880534257,20.67423405886625,21.36657619589424,2.6531732933231664,0.06,0.06,0.06,-0.15,-1.1364224919771189,5.536984791405087,-0.7247770859278242,-1.1501594022421542,-9.26902864259022,0.05,0.15,0.16,5.6543926871524155,20.83457963269832,-0.2222650338521231
3333.170000000001,0.0,5.719153065286636,20.52585472668824,20.73883633440518,20.905013183278523,21.34328655948565,2.6831807951986164,0.06,0.06,0.06,-0.15,-1.1359573973303587,5.524892330589322,-0.7048518057286093,-0.9409439601503966,-9.29393524283924,0.05,0.15,0.16,5.642458194187554,20.878247700964398,-0.23355938213829786
3333.1800000000007,0.0,5.7,20.499839920921584,20.720501622829904,21.01917013237149,21.27804244112179,2.691217318901044,0.06,0.06,0.06,-0.15,-1.1354923026835986,5.512799869773557,-0.635568637274937,-0.3821292585200911,-9.432652805610424,0.05,0.15,0.1514149947201946,5.630524413731731,20.879388529311193,-0.24740698220232052
3333.190000000001,0.0,5.7,20.4748235894791,20.675619381124267,20.874958339350112,21.119850933470783,2.671233971690268,0.06,0.06,0.06,-0.15,-1.1350272080368358,5.500707408957724,-0.5503982965930357,0.2892134268548946,-9.608003507014338,0.05,0.15,0.15,5.618591350324945,20.786313060856067,-0.26207641545601373
3333.2000000000007,0.0,5.7,20.44980725803676,20.630737139418887,20.73074654632955,20.96165942582068,2.651250624479606,0.06,0.06,0.06,-0.15,-1.1345621133900754,5.48861494814196,-0.5643340857787811,0.4995936794582393,-9.878893905191871,0.05,0.15,0.15,5.606659008545778,20.69323759240147,-0.24763624691563213
3333.210000000001,0.0,5.7,20.38179506653519,20.625145973385923,20.638636727451946,20.907469349433256,2.64,0.06,0.06,0.06,-0.15,-1.1340970187433153,5.476522487326195,-0.6094808126409694,0.5648056182591781,-10.17987208427313,0.05,0.15,0.15,5.594727393011385,20.638261779201578,-0.22402875473345144
3333.2200000000007,0.0,5.7,20.249956722523773,20.67788131099049,20.623870832922663,21.00766649088193,2.64,0.06,0.06,0.06,-0.15,-1.133631924096555,5.46443002651043,-0.5663502373222773,0.1086485136171502,-10.430109917560928,0.05,0.15,0.15,5.582796508378184,20.639843839329714,-0.12424113104212522
3333.230000000001,0.0,5.7,20.18768782299058,20.622290691761066,20.57721680569733,21.03506958799639,2.6269415292354648,0.06,0.06,0.06,-0.15,-1.133166829449795,5.452337565694665,-0.4964026979768527,-0.5058905820605081,-10.664933799649138,0.05,0.15,0.15,5.570866359342192,20.605566227111343,-0.0013114335021158774
3333.2400000000007,0.0,5.7,20.24211305188172,20.38499669379572,20.477074384537644,20.940369689725816,2.5969565217392603,0.06,0.06,0.06,-0.15,-1.1327017348030348,5.440245104878901,-0.4723450000000501,-0.8069274999989722,-10.589865000000852,0.05,0.15,0.15,5.558936950639452,20.511138454985225,0.02670971817169146
3333.250000000001,0.0,5.7,20.254909070631964,20.274657001239166,20.4311395291202,20.88685345724907,2.58,0.06,0.06,0.06,-0.15,-1.132236640156272,5.428152644063068,-0.4623449999999933,-1.0119275000001375,-10.419864999999886,0.05,0.15,0.15,5.547008287046381,20.4618897645601,0.025656991326556147
3333.2600000000007,0.0,5.7,20.20717672862456,20.348907311028466,20.464021809169747,20.893217769516724,2.58,0.06,0.06,0.06,-0.15,-1.131771545509512,5.416060183247303,-0.4944475000000302,-0.7040424999996882,-10.203934999999849,0.05,0.15,0.1585305240410831,5.535080373380481,20.478330904584876,-0.04981721436101614
3333.270000000001,0.0,5.7,20.12643525773209,20.3706960523008,20.488696846869487,20.848832964546265,2.5670408418943245,0.06,0.06,0.06,-0.15,-1.1313064508627515,5.403967722431538,-0.5394475000000303,-0.2390424999996881,-9.973934999999846,0.05,0.15,0.16,5.523153214500353,20.458665280362162,-0.14808937796954
3333.2800000000007,0.0,5.691436738752176,19.99406412371152,20.310429519738577,20.50053491576564,20.725071335177432,2.536973189676835,0.06,0.06,0.06,-0.15,-1.1308413562159914,5.391875261615773,-0.5614824999999775,0.0460649999996538,-9.786037500000264,0.05,0.15,0.16,5.511226815306424,20.382524973598294,-0.21357183095284585
3333.290000000001,0.0,5.66657966691526,19.91958582475518,20.25149375345231,20.472673472257306,20.653588631684645,2.52,0.06,0.06,0.06,-0.15,-1.1303762615692312,5.379782800800009,-0.5764824999999347,0.2760649999990001,-9.61103750000076,0.05,0.15,0.16,5.499301180741315,20.32433542053736,-0.2690096240516518
3333.3000000000006,0.0,5.641722595078343,19.931406060758167,20.1945417072561,20.385633552598943,20.66003603314082,2.52,0.06,0.06,0.06,-0.1504021370108067,-1.1304021370108068,5.36819038345137,-0.7101349999991476,-0.0144749999977439,-9.673342499999324,0.05,0.15,0.16,5.4879775680259275,20.29290433843851,-0.2742522122164391
3333.310000000001,0.0,5.616865523241284,19.927407013506773,20.1337269934968,20.27414803401712,20.62565400700357,2.49395999999997,0.06,0.06,0.06,-0.1525075663868203,-1.1325075663868205,5.358715951259309,-0.880135000000114,-0.4644750000003019,-9.80834250000009,0.05,0.15,0.16,5.479203280770808,20.240234012006063,-0.26411821572100436
3333.3200000000006,0.0,5.592008451404367,19.90064363181596,20.067353806903583,20.12748470235147,20.532517438719548,2.4339600000001407,0.06,0.06,0.06,-0.154612995762822,-1.1346129957628222,5.349241519067301,-0.8242885721430123,-0.6121130282570746,-9.671547886971702,0.05,0.15,0.16,5.470432949769706,20.156999894947642,-0.25071425561834926
3333.330000000001,0.0,5.56715137956745,19.88143504528766,20.00070036230129,19.97004780905803,20.470339471236283,2.426000998502034,0.06,0.06,0.06,-0.1567184251388237,-1.1367184251388238,5.339767086875294,-0.6992573143286376,-0.6671267816953995,-9.451492873218402,0.05,0.15,0.16,5.461666594081402,20.080630671970816,-0.23630858883260614
3333.3400000000006,0.0,5.5422943077305336,19.873053160342742,19.93364528274196,19.797171432069103,20.452527965728333,2.485911133299894,0.06,0.06,0.06,-0.1588238545148254,-1.1388238545148257,5.330292654683285,-0.6048900000000503,-0.4923300000001448,-9.495749999999926,0.05,0.15,0.16,5.452904232878617,20.014099460220535,-0.21609637366748524
3333.350000000001,0.0,5.517437235893617,19.854087353391268,19.898136323304367,19.75998246302832,20.4650060632328,2.507066766691743,0.06,0.06,0.06,-0.1609292838908271,-1.1409292838908272,5.320818222491278,-0.5198900000000503,-0.2473300000001448,-9.620749999999926,0.05,0.15,0.16,5.444145885448744,19.99430305073919,-0.1941103565170131
3333.3600000000006,0.0,5.492580164056699,19.81698383477835,19.916688082610825,19.955321575725744,20.52939158082581,2.477059264816293,0.06,0.06,0.06,-0.1630347132668288,-1.1430347132668288,5.31134379029927,-0.4961700000000138,-0.1172300000002629,-9.542760000000388,0.05,0.15,0.16,5.435391571194627,20.054596268485184,-0.21147588348155566
3333.370000000001,0.0,5.467723092219782,19.759770049875744,19.90680299251896,20.041919177057714,20.557971371571192,2.46,0.06,0.06,0.06,-0.1651401426428305,-1.1451401426428305,5.301869358107263,-0.491170000000028,-0.0222300000005329,-9.402760000000786,0.05,0.15,0.16,5.426641309635349,20.066615897755902,-0.2408626393272261
3333.380000000001,0.0,5.45,19.673316184538542,19.855571072319137,19.97040795511213,20.534490074812936,2.46,0.06,0.06,0.06,-0.1672455720188441,-1.147245572018844,5.292394925915201,-0.4976599999999941,-0.1225599999999054,-9.301060000000051,0.05,0.15,0.16,5.4178951204069765,20.008446321695686,-0.2480005712004381
3333.390000000001,0.0,5.45,19.62166,19.81805192982453,19.963947368421177,20.470808245613863,2.485853536615738,0.06,0.06,0.06,-0.1693510013948458,-1.1493510013948458,5.282920493723194,-0.5076599999999941,-0.2825599999999054,-9.211060000000051,0.05,0.15,0.16,5.409153023263557,19.96861688596489,-0.2483418649408305
3333.4000000000005,0.0,5.45,19.62166,19.80088902255638,20.05405263157901,20.347449849623967,2.545838540364839,0.06,0.06,0.06,-0.1714564307708475,-1.1514564307708477,5.273446061531186,-0.5827699999999438,-0.4463899999999025,-9.454269999999797,0.05,0.15,0.1514589823468151,5.400415038077629,19.95601287593984,-0.21972257603696457
3333.4100000000008,0.0,5.45,19.60253228315055,19.76246314556331,20.090485887337987,20.225671266201395,2.567085000000061,0.06,0.06,0.06,-0.1735618601468492,-1.1535618601468491,5.263971629339179,-0.6777699999999439,-0.6113899999999024,-9.799269999999796,0.05,0.15,0.15,5.391681184841223,19.920288145563312,-0.1822563206333881
3333.420000000001,0.0,5.45,19.55559310069795,19.69312117148561,20.048880702891363,20.10618971086751,2.5370850000001464,0.06,0.06,0.06,-0.1756672895228509,-1.1556672895228508,5.254497197147171,-0.6693523380846513,-0.630845211302907,-9.987266816703722,0.05,0.15,0.15,5.3829514836666394,19.85094617148561,-0.14895529775380933
3333.4300000000007,0.0,5.45,19.4960444684054,19.66368513540615,19.91668647442388,20.017874989970004,2.52,0.06,0.06,0.06,-0.1777727188988526,-1.1577727188988527,5.245022764955164,-0.6293423355841651,-0.6058389597401032,-10.127301825455422,0.05,0.15,0.15,5.374225954787261,19.773572767051363,-0.11692668272099158
3333.440000000001,0.0,5.45,19.41769943329978,19.693735285857617,19.649454779337606,19.976019423269744,2.52,0.06,0.06,0.06,-0.1798781482748662,-1.159878148274866,5.235548332763102,-0.570189952511961,-0.5042114471383866,-10.23663084228929,0.05,0.15,0.1585284974093339,5.365504618558335,19.684227230441188,-0.09108403863802943
3333.4500000000007,0.0,5.45,19.355579174793693,19.698455978994744,19.52906366091524,19.92679649412352,2.507139645266144,0.06,0.06,0.06,-0.1819835776508679,-1.161983577650868,5.226073900571095,-0.5052061984504355,-0.3792426893277604,-10.336605848537792,0.05,0.15,0.16,5.35678749545801,19.6274738272068,-0.06712583580358433
3333.460000000001,0.0,5.45,19.31704954238561,19.66634795198801,19.62217693923476,19.866861510377625,2.477162128403819,0.06,0.06,0.06,-0.1840890070268696,-1.1640890070268697,5.216599468379087,-0.4823400000000059,-0.2772300000000561,-10.130200000000176,0.05,0.15,0.16,5.348074606087869,19.6181089859965,-0.10129174536496757
3333.4700000000007,0.0,5.45,19.291632374315583,19.585191587854787,19.63340496764569,19.873971219512104,2.46,0.06,0.06,0.06,-0.1861944364028713,-1.1661944364028711,5.20712503618708,-0.4723400000000059,-0.1822300000000561,-9.830200000000175,0.05,0.15,0.16,5.339365971173983,19.59605003733204,-0.15321358482278516
3333.480000000001,0.0,5.445403419316147,19.28524113489299,19.432867048282866,19.52581910403195,19.978361463414544,2.46,0.06,0.06,0.06,-0.188299865778873,-1.168299865778873,5.197650603995072,-0.4814899999999585,0.008519999999391,-9.691060000000247,0.05,0.15,0.16,5.330661611567706,19.55557218765559,-0.1971784713564453
3333.4900000000007,0.0,5.430406418716276,19.275463054382943,19.34852914824928,19.50865556493644,20.02668170350144,2.4728603547338563,0.06,0.06,0.06,-0.1896578157982497,-1.1697433618486872,5.188117986890374,-0.4964899999999158,0.2285199999987657,-9.601060000000505,0.05,0.15,0.16,5.321732599969474,19.539832367767524,-0.23871264381143809
3333.500000000001,0.0,5.415409418116321,19.26058349143281,19.36659718897444,19.62769206853747,19.99054562205113,2.5028378715963515,0.06,0.06,0.06,-0.1878802355293823,-1.1684101766470367,5.178341295411603,-0.5421405351337243,0.0578044511130899,-9.744731182795467,0.05,0.15,0.16,5.311845243939253,19.561354592748962,-0.2145483701314891
3333.5100000000007,0.0,5.40041241751645,19.2273714587526,19.34865176056348,19.660172464788868,19.928087439637963,2.507200598802371,0.06,0.06,0.06,-0.186102655260525,-1.1670769914453938,5.1685646039328885,-0.5971542885720492,-0.2322680670162594,-9.959784946236192,0.05,0.15,0.16,5.301958408671666,19.54107078093573,-0.17031433614362443
3333.520000000001,0.0,5.38541541691658,19.164936851106777,19.27329964788749,19.554679507042486,19.823670940644096,2.477260479041911,0.06,0.06,0.06,-0.1843250749916678,-1.1657438062437508,5.158787912454173,-0.5755075000000834,-0.503122499999509,-10.05598999999989,0.05,0.15,0.16,5.292072097085378,19.454146736670214,-0.12032094792126963
3333.5300000000007,0.0,5.37041841631671,19.11178109602577,19.2069014811159,19.415945302394928,19.71834299185412,2.485429071803793,0.06,0.06,0.06,-0.1825474947228105,-1.164410621042108,5.149011220975458,-0.5305075000000834,-0.7681224999995089,-10.11598999999989,0.05,0.15,0.16,5.282186312120808,19.36324271784768,-0.06857307931565668
3333.540000000001,0.0,5.355421415716839,19.072689513700382,19.154075018514025,19.226826566280216,19.611633537398333,2.545474105579011,0.06,0.06,0.06,-0.1807699144539532,-1.163077435840465,5.139234529496743,-0.6426399999997034,-0.7418525000002132,-9.98053250000036,0.05,0.15,0.16,5.272301056740266,19.266306158973237,-0.12946098889006624
3333.5500000000006,0.0,5.340424415116969,19.024630509165096,19.128601384928675,19.11616672097756,19.55596940936857,2.58,0.06,0.06,0.06,-0.178992334185096,-1.161744250638822,5.129457838018029,-0.8026399999997035,-0.6268525000002131,-9.78553250000036,0.05,0.15,0.16,5.262416333928168,19.206342006109974,-0.22466129794954706
3333.560000000001,0.0,5.325427414517013,18.96143295315677,19.14930403258657,19.13795898167008,19.58647857433811,2.58,0.06,0.06,0.06,-0.1772147539162286,-1.1604110654371715,5.119681146539258,-0.836166541635403,-0.1629857464359428,-9.786001500375164,0.05,0.15,0.16,5.252532146691171,19.208793635437885,-0.2840837439104292
3333.5700000000006,0.0,5.310430413917143,18.906631501120287,19.136346676624417,19.10564990291275,19.59975816280808,2.592770422183326,0.06,0.06,0.06,-0.1754371736473713,-1.1590778802355286,5.109904455060542,-0.8311652913228423,0.4071567891959849,-9.846016504125892,0.05,0.15,0.16,5.242648498058614,19.18709656086638,-0.332607127857111
3333.580000000001,0.0,5.300000000000001,18.86401263131697,19.07454931540962,18.994840841424143,19.58803797361217,2.6227479390456505,0.06,0.06,0.06,-0.1736595933785141,-1.1577446950338857,5.100127763581828,-0.6459660084985069,0.1872681829554714,-9.806323419145398,0.05,0.15,0.1514077163712218,5.232765391082393,19.130360190440726,-0.2535558363357455
3333.5900000000006,0.0,5.300000000000001,18.842290407444644,19.024108596579563,18.98377584003989,19.597771765593453,2.627268182954371,0.06,0.06,0.06,-0.1718820131096568,-1.1564115098322427,5.090351072103113,-0.4060259935021046,-0.272616845787633,-9.736340914771448,0.05,0.15,0.15,5.222882828837387,19.111986652414387,-0.1357497868162408
3333.600000000001,0.0,5.300000000000001,18.85197853621727,18.990738375251624,19.12263901911421,19.639753656941505,2.597275681079906,0.06,0.06,0.06,-0.1701044328407995,-1.1550783246305998,5.080574380624397,-0.3729720279719651,-0.6977797202788509,-9.693199300699376,0.05,0.15,0.15,5.213000814421623,19.151277396881152,-0.08696862642954824
3333.6100000000006,0.0,5.300000000000001,18.848887089366027,18.95878992511244,19.19952389915132,19.62137473789354,2.6054336415891903,0.06,0.06,0.06,-0.1683268525719423,-1.1537451394289568,5.0707976891456825,-0.4029420579419856,-1.1123651348641337,-9.65823426573435,0.05,0.15,0.15,5.203119350956492,19.157143912880834,-0.059214617527107494
3333.620000000001,0.0,5.300000000000001,18.827519141288125,18.92887479780337,19.18777152770847,19.51667179231181,2.665418645338291,0.06,0.06,0.06,-0.166549272303085,-1.152411954227314,5.061020997666968,-0.4523225968794869,-0.7559939607473227,-9.576897332662703,0.05,0.15,0.1586141732283238,5.19323844158697,19.115209314777942,-0.12516376647171526
3333.630000000001,0.0,5.300000000000001,18.78559463499983,18.903749384999955,19.079413959999407,19.41714982999978,2.7,0.06,0.06,0.06,-0.1647716920342176,-1.1510787690256632,5.051244306188197,-0.5076824358328751,-0.1621338701564312,-9.481275792652308,0.05,0.15,0.16,5.183358089481773,19.04647695249974,-0.21997765534267583
3333.640000000001,0.0,5.300000000000001,18.71390463500003,18.885559385000008,18.83117396000011,19.32512983000004,2.7,0.06,0.06,0.06,-0.1629941117653603,-1.1497455838240205,5.041467614709482,-0.5312490957318258,0.1912322160592406,-9.561241861586431,0.05,0.15,0.16,5.173478297833821,18.93894195250005,-0.2525341376366217
3333.6500000000005,0.0,5.300000000000001,18.646287160616748,18.8578465390354,18.76215203878624,19.222013137742685,2.687331334332954,0.06,0.06,0.06,-0.1612165314965031,-1.148412398622377,5.031690923230767,-0.5457173860621706,0.4757752592226879,-9.691456474559535,0.05,0.15,0.16,5.1635990698601155,18.872074719045266,-0.2672741916818706
3333.6600000000008,0.0,5.300000000000001,18.584566623570524,18.81634479860777,18.95263438587718,19.102828652412043,2.6573463268367497,0.06,0.06,0.06,-0.1594389512276458,-1.1470792134207344,5.021914231752052,-0.6194316117308707,0.1726446924488268,-9.79212302102236,0.05,0.15,0.16,5.153720408802199,18.86409361511688,-0.24527352765665975
3333.670000000001,0.0,5.300000000000001,18.54951677467972,18.766126058779392,19.020818311982268,19.03315677467971,2.652626060908454,0.06,0.06,0.06,-0.1576613709587885,-1.1457460282190914,5.012137540273337,-0.7180560602126798,-0.3775759148707396,-9.880365948611344,0.05,0.15,0.16,5.143842317926327,18.84240448003027,-0.20782506171521853
3333.6800000000007,0.0,5.2936914835027205,18.55489230846519,18.70269476011076,18.903631675458858,19.03853230846519,2.682581128307384,0.06,0.06,0.06,-0.1558837906899313,-1.1444128430174485,5.002360848794622,-0.7167041198502819,-0.833907615479293,-10.059188514356409,0.05,0.15,0.16,5.133964800523703,18.799937763125,-0.1328572622092773
3333.690000000001,0.0,5.268657687878514,18.5358640287769,18.65311755395679,18.81163920863301,19.01807992805747,2.7083700000000053,0.06,0.06,0.06,-0.1541062104210639,-1.143079657815798,4.992584157315852,-0.6867415730337079,-1.263370786516854,-10.263932584269664,0.05,0.15,0.16,5.124087859910665,18.754675179856044,-0.04715241869235616
3333.7000000000007,0.0,5.24362389225445,18.481279332897262,18.623725794636982,18.75635470896005,18.95999621321119,2.7283699999999675,0.06,0.06,0.06,-0.1523286301522066,-1.141746472614155,4.982807465837136,-0.6024030037547746,-0.9409762202757828,-10.278961201501913,0.05,0.15,0.16,5.114211499429136,18.70533901242637,-0.05007921051519483
3333.710000000001,0.0,5.218590096630386,18.42669463701763,18.594334035317186,18.701070209287085,18.901912498364915,2.74836999999993,0.06,0.06,0.06,-0.1505510498833493,-1.140413287412512,4.973030774358421,-0.502277847309249,-0.4003003754699444,-10.2389111389237,0.05,0.15,0.16,5.104335722446546,18.656002844996706,-0.07873776743661652
3333.7200000000007,0.0,5.193556301006322,18.36967024628141,18.55407447939529,18.651967607900524,18.88231165569372,2.772554999999861,0.06,0.06,0.06,-0.1492119464352028,-1.1392119464352028,4.959755303657636,-0.4994132334580984,0.0849687890122504,-10.152347066167607,0.05,0.15,0.16,5.091094257231909,18.614505997317735,-0.14133631265543503
3333.730000000001,0.0,5.168522505382258,18.30809502072677,18.4935429017314,18.614396283833283,18.93449405023155,2.8025549999998614,0.06,0.06,0.06,-0.1480698398195513,-1.1380698398195517,4.944907917654167,-0.5243820224717682,0.5543820224692418,-10.052471910112926,0.05,0.15,0.16,5.076341394336078,18.58763206413075,-0.21364758764431555
3333.7400000000007,0.0,5.143488709758194,18.259453946840587,18.46709780341004,18.591563916750207,18.95412112838536,2.82,0.06,0.06,0.06,-0.1469277332038998,-1.1369277332038998,4.930060531650697,-0.4756685027546209,0.3611767651504149,-10.026119178768187,0.05,0.15,0.16,5.061589599627033,18.568059198846548,-0.18118662878226638
3333.750000000001,0.0,5.118454914133987,18.24120921263791,18.52075878635909,18.603369332999,18.897240486459367,2.82,0.06,0.06,0.06,-0.1457856265882418,-1.135785626588242,4.915213145647144,-0.4055633450176837,-0.0244016024027394,-10.021111667501264,0.05,0.15,0.16,5.0468388824715475,18.56564445461384,-0.11830792460720911
3333.7600000000007,0.0,5.093421118509923,18.22484884507044,18.532048174135827,18.584546950064126,18.848335241997475,2.857610597350383,0.06,0.06,0.06,-0.1446435199725903,-1.1346435199725904,4.900365759643674,-0.424966292134732,-0.5606766541809903,-9.934526841448433,0.05,0.15,0.16,5.032089252345786,18.547444802816965,-0.0821636193094852
3333.770000000001,0.0,5.068387322885859,18.21279250704227,18.44655777720883,18.49576846094764,18.817646381562145,2.9475881029740343,0.06,0.06,0.06,-0.1435014133569388,-1.133501413356939,4.885518373640204,-0.4699101123594651,-1.139952559299773,-9.824664169787974,0.05,0.15,0.16,5.0173407188363885,18.493191281690223,-0.05364789569655917
3333.7800000000007,0.0,5.050000000000001,18.17974512000012,18.361782080000136,18.37948416000028,18.755576320000195,3.062546816478928,0.06,0.06,0.06,-0.1423593067412873,-1.1323593067412874,4.870670987636735,-0.5498823529409896,-1.0370588235300344,-9.74176470588251,0.05,0.15,0.16,5.002593291642413,18.419146920000184,-0.10374930830681
3333.790000000001,0.0,5.050000000000001,18.10805512000012,18.27832208000013,18.21256416000028,18.635736320000195,3.2123595505609464,0.06,0.06,0.06,-0.1412172001256358,-1.131217200125636,4.855823601633266,-0.6399949937419628,-0.7366833541934577,-9.666670838548365,0.05,0.15,0.16,4.987846980576897,18.308669420000182,-0.17660964687745928
3333.8000000000006,0.0,5.050000000000001,18.041643069232823,18.20202379405164,18.13377057735546,18.58970985253665,3.349775112442982,0.06,0.06,0.06,-0.1400750935099843,-1.1300750935099844,4.840976215629796,-0.6910733899149704,-0.2038991512754451,-9.700494258611826,0.05,0.15,0.16,4.9731017955685175,18.24178682329414,-0.2440448260776069
3333.810000000001,0.0,5.050000000000001,17.984947243189144,18.13890957260678,18.217209717570693,18.679567388153057,3.4697151424288224,0.06,0.06,0.06,-0.1389329868943263,-1.1289329868943263,4.826128829626242,-0.7310134797803238,0.3952021967048577,-9.765396904643026,0.05,0.15,0.16,4.958357746663212,18.25515848037992,-0.3099319520901229
3333.8200000000006,0.0,5.050000000000001,17.931752215481705,18.081552215481704,18.260003081776283,18.70206393593793,3.627027027027027,0.06,0.06,0.06,-0.1377908802786748,-1.127790880278675,4.811281443622772,-0.7167150726089525,0.3165548322487308,-9.729549323986063,0.05,0.15,0.16,4.943614844026237,18.243842862169405,-0.30237735034549734
3333.830000000001,0.0,5.050000000000001,17.88501598641111,18.034815986411108,18.227807012860985,18.600282814850857,3.8372372372367054,0.06,0.06,0.06,-0.1366487736630233,-1.1266487736630235,4.796434057619304,-0.6866700050075788,0.0411417125694717,-9.66445167751642,0.05,0.15,0.16,4.928873097943422,18.186980450133515,-0.2735009566714183
3333.8400000000006,0.0,5.050000000000001,17.84838948280257,18.00453587770699,18.13961213248446,18.517648448407705,4.04729452910225,0.06,0.06,0.06,-0.1355066670473718,-1.125506667047372,4.781586671615834,-0.5945268414484329,-0.4551360798988873,-9.657770287141052,0.05,0.15,0.16,4.914132518823292,18.12754648535043,-0.1919638496854649
3333.850000000001,0.0,5.050000000000001,17.83639457834399,18.014349890445825,17.914980285351124,18.481663735031976,4.257137147138524,0.06,0.06,0.06,-0.1343645604317203,-1.1243645604317205,4.766739285612364,-0.4846641697879741,-1.0144369538066773,-9.667757802746548,0.05,0.15,0.16,4.899393117198812,18.061847122293226,-0.0954001638365267
3333.8600000000006,0.0,5.050000000000001,17.822656402223434,18.013835502779294,17.81245058110081,18.42446408792372,4.38,0.06,0.06,0.06,-0.1332224538160688,-1.1232224538160689,4.751891899608895,-0.4677647058823322,-0.7478823529422247,-9.767058823529151,0.05,0.15,0.16,4.884654903729229,18.018351643506815,-0.10241422454107382
3333.870000000001,0.0,5.050000000000001,17.80535473471461,17.992208418393258,17.959514754925834,18.323898145528656,4.38,0.06,0.06,0.06,-0.1320803472004173,-1.1220803472004175,4.737044513605426,-0.4777772215268847,-0.2422503128923203,-9.89221526908606,0.05,0.15,0.16,4.869917889201958,18.020244013390588,-0.13941307454478455
3333.880000000001,0.0,5.044631978427971,17.785475086487878,17.97926498871897,18.066804883429384,18.263729947355205,4.479215196200202,0.06,0.06,0.06,-0.1309382405847593,-1.1209382405847594,4.722197127601872,-0.4217228464418529,-0.13,-9.958851435705432,0.05,0.15,0.16,4.855182084534426,18.023818726497858,-0.1221764778729417
3333.890000000001,0.0,5.019664436232842,17.76079722236156,17.982483840561535,18.1000663524692,18.278751255953832,4.719155211196605,0.06,0.06,0.06,-0.1301785044626099,-1.1196429910747805,4.707947198679985,-0.3468164794008437,-0.13,-10.00878901373277,0.05,0.15,0.16,4.84100337699177,18.03052466783653,-0.08946395682840212
3333.9000000000005,0.0,4.994696894037713,17.719762852208504,17.96581585985709,18.092279141377063,18.27794328151997,4.971454272862822,0.06,0.06,0.06,-0.131178529463234,-1.117642941073532,4.696446911172808,-0.4542352941173149,-0.339647058822969,-10.062705882352828,0.05,0.15,0.16,4.82938372256629,18.013950283740655,-0.09557774608236791
3333.9100000000008,0.0,4.9697293518425845,17.649010323217684,17.91301546508782,18.009910525537002,18.24837506044918,5.241319340328663,0.06,0.06,0.06,-0.1321785544638581,-1.1156428910722838,4.684946623665631,-0.6144355444301559,-0.6099849812258882,-10.117774718397866,0.05,0.15,0.16,4.817764533189255,17.955077843572923,-0.11293138918817978
3333.920000000001,0.0,4.944761809647456,17.58697326937289,17.856115778598078,17.932464029520595,18.17456357195645,5.511184407794503,0.06,0.06,0.06,-0.1331785794644822,-1.1136428410710355,4.673446336158454,-0.6927365792756622,-0.7321622971282361,-10.21158801498081,0.05,0.158622315348315,0.16,4.806145812233522,17.887529162362004,-0.1123244038948869
3333.9300000000007,0.0,4.919794267452327,17.542751867158817,17.79083656580587,17.865079035670576,18.01031264944703,5.781049475260343,0.06,0.06,0.06,-0.1341786044651063,-1.1116427910697877,4.661946048651277,-0.7476679151057357,-0.8120624219719793,-10.316456928838225,0.05,0.16,0.16,4.794527563104512,17.802245029520574,-0.10659240638481005
3333.940000000001,0.0,4.894826725257056,17.476157770929298,17.71299652799148,17.765585351822825,17.90574161273765,6.026309999999422,0.06,0.06,0.06,-0.1351786294657361,-1.109642741068528,4.650445761144034,-0.7250500751127845,-0.5465172759148078,-10.28951677516291,0.05,0.16,0.16,4.782909789240524,17.715120315870315,-0.13068632434461375
3333.9500000000007,0.0,4.869859183061927,17.356352942989062,17.60528209553145,17.5897250539289,17.94311192604011,6.236309999999422,0.06,0.06,0.06,-0.1361786544663602,-1.1076426910672796,4.638945473636857,-0.679982473710724,-0.1809689534314277,-10.224419128693269,0.05,0.16,0.16,4.771292494113405,17.62361800462238,-0.16341456599634613
3333.960000000001,0.0,4.844891640866798,17.26266416812611,17.554966644983715,17.508873925444043,17.979772439329484,6.631124437778866,0.06,0.06,0.06,-0.1371786794669843,-1.1056426410660314,4.62744518612968,-0.5805842696633204,-0.1038876404494208,-9.93786516854054,0.05,0.16,0.16,4.759675681228557,17.57656929447084,-0.18141656919672186
3333.9700000000007,0.0,4.819924098671669,17.217690437828473,17.611719209406925,17.605246204653266,18.0151089417062,7.290794602695366,0.06,0.06,0.06,-0.1381787044676084,-1.1036425910647831,4.615944898622503,-0.4657278402001135,-0.1088813982521689,-9.588302122348171,0.05,0.16,0.16,4.748059354125604,17.612441198398717,-0.19522864071174634
3333.980000000001,0.0,4.800000000000001,17.19185025961055,17.640341587618646,17.645746075886372,18.01708949575656,7.815198601047135,0.06,0.06,0.06,-0.1391787294682325,-1.101642541063535,4.604444611115326,-0.4322361180590702,-0.4593746873418385,-9.498354177088606,0.05,0.1514135575407375,0.16,4.736443516378748,17.62375685471803,-0.16114849415438576
3333.9900000000007,0.0,4.800000000000001,17.20146583624561,17.616836844732955,17.582710629056557,17.957259241138427,8.144951286532708,0.06,0.06,0.06,-0.1401787544688566,-1.0996424910622868,4.592944323608148,-0.4222311155578322,-0.909599799897548,-9.483346673336747,0.05,0.15,0.16,4.724828171597188,17.589568137793385,-0.11324378980268926
3334.000000000001,0.0,4.800000000000001,17.17158137931004,17.59744137931031,17.473690344827013,17.908995862068885,8.572844999998788,0.06,0.06,0.06,-0.1411787794694864,-1.0976424410610273,4.581444036100907,-0.4820823970037701,-1.211767790262253,-9.580883895131128,0.05,0.15,0.16,4.713213323425481,17.537927241379062,-0.08716135552116198
3334.0100000000007,0.0,4.800000000000001,17.067527794591935,17.58576189531134,17.27832443066241,17.882451580253043,9.142844999998788,0.06,0.06,0.06,-0.1421788044701105,-1.095642391059779,4.5699437485937295,-0.5619825218477401,-1.4714431960051555,-9.71072159800258,0.05,0.15,0.16,4.70159897554424,17.453516425204683,-0.06734194083541165
3334.020000000001,0.0,4.800000000000001,17.002909024330272,17.56608665519791,17.165280801179545,17.839227230277864,9.737226386804853,0.06,0.06,0.06,-0.1431788294707346,-1.0936423410585308,4.5584434610865525,-0.5684889769631065,-1.1194401783508012,-9.77453306911068,0.05,0.15,0.16,4.689985131670179,17.393375927746398,-0.09647234779903978
3334.0300000000007,0.0,4.800000000000001,17.017635001228786,17.530323568444373,17.217873575817094,17.762441779307043,10.366911544225148,0.06,0.06,0.06,-0.1441788544713587,-1.0916422910572827,4.546943173579375,-0.5536264552886287,-0.5893435719610903,-9.819120634134114,0.05,0.15,0.16,4.67837179555682,17.382068481199322,-0.13985476868376606
3334.040000000001,0.0,4.800000000000001,16.99830703262569,17.47025183842581,17.227125230450643,17.72069888658722,10.911064467764112,0.06,0.06,0.06,-0.1451788794719828,-1.0896422410560345,4.535442886072198,-0.5992755076457186,-0.4220957633494473,-9.818628729004834,0.05,0.15,0.16,4.666758970994888,17.35409574702234,-0.17265009990924823
3334.0500000000006,0.0,4.800000000000001,16.898565965821113,17.35277902641153,17.134033568099703,17.761703547384652,11.33085457271217,0.06,0.06,0.06,-0.1461789044726069,-1.0876421910547862,4.523942598565021,-0.664454750563661,-0.3719578841817992,-9.80358736525454,0.05,0.15,0.16,4.655146661812761,17.28677052692925,-0.2020284339430523
3334.060000000001,0.0,4.800000000000001,16.80979014365708,17.2592630922814,16.999436245434353,17.772784411979494,11.945941485372702,0.06,0.06,0.06,-0.1471789294732367,-1.0856421410535266,4.512442311057778,-0.7260816944024439,-0.7401739788201616,-9.876802824004072,0.05,0.1585063853415239,0.16,4.64353487187688,17.210318473338084,-0.17335520289448691
3334.0700000000006,0.0,4.800000000000001,16.739967888970007,17.207156932067168,16.793095850985992,17.73214160701239,12.84616654163364,0.06,0.06,0.06,-0.1481789544738608,-1.0836420910522784,4.500942023550601,-0.7865960665659111,-1.239417549168766,-9.977660110943186,0.05,0.16,0.16,4.631923605092478,17.11809056975889,-0.12650035888156372
3334.080000000001,0.0,4.795691202872525,16.66829867692308,17.193343835897434,16.683972256410254,17.704906994871795,13.538611041716992,0.06,0.06,0.06,-0.1491789794744849,-1.0816420410510303,4.489441736043424,-0.7382908100074119,-1.6701164230865506,-10.077136487490735,0.05,0.16,0.16,4.620312865403671,17.06263044102564,-0.0504382481196974
3334.0900000000006,0.0,4.77574306802315,16.592575600000046,17.26357973333329,16.788228666666605,17.707101866666665,13.928318760927215,0.06,0.06,0.06,-0.15,-1.0804592687620198,4.478254778704326,-0.65902402774353,-2.0813128560804386,-10.17621996532059,0.05,0.16,0.16,4.609192781219059,17.087871466666652,0.03393395844797157
3334.100000000001,0.0,4.755794933173775,16.540842561280652,17.301713726863458,16.835209784892523,17.687126763381777,14.366546816476449,0.06,0.06,0.06,-0.15,-1.0830250160359114,4.468504939063537,-0.5671259147113621,-1.7657683573066896,-10.03890991673038,0.05,0.16,0.16,4.600323855533957,17.091223209104605,0.011203379086205376
3334.1100000000006,0.0,4.735846798324399,16.53120774387196,17.283514627313707,16.7816830215109,17.62824732366199,14.875910112356756,0.06,0.06,0.06,-0.15,-1.085590763309803,4.458755099422749,-0.4712389603838912,-1.2207267221821188,-9.826949280848602,0.05,0.16,0.16,4.591459935795142,17.05616317908964,-0.04534913267479365
3334.120000000001,0.0,4.715898663475024,16.487977652491292,17.264746687727904,16.68403597569936,17.611622746050806,15.60357357356814,0.06,0.06,0.06,-0.15,-1.0881565105836946,4.449005259781961,-0.4461133300050184,-0.9717398901656086,-9.795546679979926,0.05,0.16,0.16,4.582601051050946,17.01209576549234,-0.06755443220048397
3334.130000000001,0.0,4.695950528625536,16.386048126366905,17.244984840826238,16.509299645200414,17.668828092345105,16.6546246246255,0.06,0.06,0.06,-0.15,-1.0907222578576008,4.439255420141118,-0.4411208187718493,-0.8069870194710254,-9.815516724912603,0.05,0.16,0.16,4.573747230558142,16.952290176184665,-0.07998721083955912
3334.140000000001,0.0,4.676002393776161,16.312709189189192,17.230285945945948,16.40667567567564,17.675364864864928,17.69289355322378,0.06,0.06,0.06,-0.15,-1.0932880051314924,4.429505580500329,-0.4943393393392283,-1.1037987987981173,-9.71908408408429,0.05,0.16,0.16,4.5648985037838425,16.90625891891893,-0.08158945790992153
3334.1500000000005,0.0,4.656054258926785,16.304060540540547,17.227042702702704,16.467216216216165,17.56725675675685,18.71238380809473,0.06,0.06,0.06,-0.15,-1.095853752405384,4.419755740859541,-0.5644094094093207,-1.5342292292286852,-9.58895395395412,0.05,0.16,0.16,4.556054900406911,16.891394054054068,-0.0800563673436806
3334.1600000000008,0.0,4.63610612407741,16.273279694267643,17.210953543949117,16.50403766624206,17.4656173605097,19.53761596009812,0.06,0.06,0.06,-0.15,-1.0984194996792755,4.410005901218753,-0.6375357671434716,-1.840964479526063,-9.475614208189576,0.05,0.16,0.16,4.547216450319898,16.863472066242128,-0.08987087861508843
3334.170000000001,0.0,4.616157989228035,16.196948484076707,17.168426155414164,16.492042761783484,17.377291245860185,20.07626932668047,0.06,0.06,0.06,-0.15,-1.1009852469531671,4.400256061577965,-0.7115367538232915,-2.1123014306854024,-9.36707942772584,0.05,0.16,0.16,4.5383831836307245,16.808677161783635,-0.10293277433523497
3334.1800000000007,0.0,4.6000000000000005,16.10661842105322,17.138330526315833,16.41458947368519,17.33382157894719,20.68763954943197,0.06,0.06,0.06,-0.15,-1.103550994227059,4.390506221937177,-0.7338057809330517,-1.9973225152135168,-9.594987322514466,0.05,0.16,0.16,4.529555130664445,16.748340000000358,-0.0878758075639083
3334.190000000001,0.0,4.6000000000000005,15.991881578947416,17.129909473684215,16.223010526315868,17.36855842105262,21.40854067584385,0.06,0.06,0.06,-0.15,-1.106116741500965,4.380756382296333,-0.7388767748478815,-1.7539148073016857,-9.934743914808063,0.05,0.16,0.16,4.520732321964968,16.678340000000027,-0.06347086452106426
3334.2000000000007,0.0,4.6000000000000005,15.88767694269693,17.117524863118543,16.079499687128102,17.387919921782025,22.016630561572143,0.06,0.06,0.06,-0.15,-1.1086824887748568,4.371006542655545,-0.7130689399554974,-1.6461378799109947,-10.213906597479806,0.05,0.16,0.16,4.511914788297047,16.618155353681402,-0.023763020216002698
3334.210000000001,0.0,4.6000000000000005,15.804711460636122,17.09714737629659,16.03292257439221,17.376275643598053,22.45655724045835,0.06,0.06,0.06,-0.15,-1.1112482360487483,4.361256703014757,-0.6784754138868596,-1.5769508277737192,-10.47582900914235,0.05,0.16,0.16,4.503102560647781,16.577764263730742,0.020298828751323536
3334.2200000000007,0.0,4.6000000000000005,15.721745978575315,17.07676988947464,15.986345461656317,17.36463136541408,22.89648391934456,0.06,0.06,0.06,-0.15,-1.11381398332264,4.351506863373969,-0.6509005818366354,-1.5943789526940566,-10.482701745509909,0.05,0.16,0.16,4.49429567022863,16.53737317378009,0.032411351694093815
3334.230000000001,0.0,4.6000000000000005,15.661592676338266,17.02919933967019,15.920307863932344,17.356284262131076,23.2682699999984,0.06,0.06,0.06,-0.15,-1.1163797305965315,4.341757023733181,-0.6256033392361103,-1.6399139893750014,-10.406810017708333,0.05,0.16,0.16,4.4854941484771995,16.49184603551797,0.0341562125493549
3334.2400000000007,0.0,4.6000000000000005,15.63697036518272,16.93927437718906,15.823959689845422,17.35307265632818,23.5382699999984,0.06,0.06,0.06,-0.15,-1.118945477870423,4.332007184092393,-0.6122227772228168,-1.6538886113885918,-10.14112887113014,0.05,0.16,0.16,4.476698027059093,16.438319272136347,-0.00010502194723720909
3334.250000000001,0.0,4.6000000000000005,15.599786340244853,16.891725136147876,15.787593659755148,17.321781204096975,24.01262368815524,0.06,0.06,0.06,-0.15,-1.121511225144329,4.322257344451549,-0.6022327672327532,-1.6588836163836236,-9.821448551448103,0.05,0.16,0.16,4.46790733786972,16.400221585061214,-0.04461076526952565
3334.2600000000007,0.0,4.6000000000000005,15.543118840869438,16.909901503872067,15.844261159130562,17.24693733699737,24.79223388305655,0.06,0.06,0.06,-0.15,-1.124076972418221,4.312507504810761,-0.5961126408009958,-1.6833241551940252,-9.79664831038805,0.05,0.16,0.16,4.459122113036383,16.38605471021736,-0.04376732480927247
3334.270000000001,0.0,4.6000000000000005,15.501494518703277,16.91597848379055,15.855876384040013,17.17922997007492,25.391967008246898,0.06,0.06,0.06,-0.15,-1.1266427196921125,4.302757665169973,-0.5911063829787195,-1.7133617021276828,-9.856723404255366,0.05,0.16,0.16,4.450342384919861,16.36314483915219,-0.029871028489053167
3334.2800000000007,0.0,4.596518452203292,15.483349880299276,16.903170503740665,15.797173142144716,17.122661391521273,25.72188452886695,0.06,0.06,0.06,-0.15,-1.129208466966004,4.293007825529185,-0.6094506866416664,-1.7238901373283333,-9.796087390761668,0.05,0.16,0.16,4.441568186116536,16.326588729426483,-0.044113194425346045
3334.290000000001,0.0,4.57662389336515,15.443660050137982,16.868828162446825,15.712292549511332,17.10527214339427,26.21955011246961,0.0603457154284567,0.0603457154284567,0.0603457154284567,-0.15103714628537,-1.137605739426047,4.279282821717843,-0.6344194756553361,-1.7288838951310672,-9.701205992509722,0.05,0.16,0.16,4.43048761494517,16.282513226372604,-0.06633815902487895
3334.3000000000006,0.0,4.5567293345270095,15.369626457759033,16.800159323138814,15.58568437703719,17.150336069190153,26.96936265933124,0.0608456654334558,0.0608456654334558,0.0608456654334558,-0.1525369963003667,-1.1486046395360232,4.263784371562877,-0.6361126408010243,-1.8971564455559569,-9.664450563204095,0.05,0.16,0.16,4.4184179657868325,16.2264515567813,-0.05497168302137745
3334.310000000001,0.0,4.536834775688755,15.322033539690452,16.74538995506735,15.496047698452273,17.155639600599013,27.599415438420618,0.0613456154384577,0.0613456154384577,0.0613456154384577,-0.154036846315372,-1.1596035396460618,4.248285921407822,-0.6311063829787196,-2.1124255319150604,-9.644425531914878,0.05,0.16,0.16,4.406397733888121,16.179777698452273,-0.033936582452441716
