t_s,ICU_Brakpresr_bar,ICU_Speed_kmh,ICU_Speedfl_kmh,ICU_Speedfr_kmh,ICU_Speedrl_kmh,ICU_Speedrr_kmh,ICU_SteeringAngle_deg,GPS1_VEL_D_ms,GPS1_VEL_E_ms,GPS1_VEL_N_ms,IMU_ACCEL_X_ms2,IMU_ACCEL_Y_ms2,IMU_ACCEL_Z_ms2,GPS1_VEL_MAG_ms,WHEEL_SPEED_kmh,IMU_ACCEL_LONG_ms2
611.33,0.0,18.7,68.32679455617955,68.37537387377863,69.74637492047317,69.96134390456525,-0.6465783554109917,0.5211624709382472,3.2377913052173306,-18.404825629359262,-1.521184685771747,0.34028413195132,-11.881550686249115,18.69471875435346,69.10247181374915,-0.24932061969958447
611.34,0.0,18.7,68.03532275862064,68.04137379310254,69.73518379310201,69.80185586206835,-0.6165858535366119,0.5311622209444863,3.218791780205476,-18.40332566685833,-2.951476041410304,-0.536190705510691,-10.826891403808563,18.690242091255094,68.90343405172338,-0.798112340182795
611.35,0.0,18.7,68.0267670364817,67.87453721139318,69.47530373313168,69.69063147426212,-0.6535864135862297,0.5411619709507254,3.199792255193622,-18.4018257043574,-3.8234728359877694,-1.003415648567315,-9.874510007802742,18.6857891459994,68.76680986381717,-1.1864944261575363
611.36,0.0,18.69447580040956,68.10933249329877,67.88412344138573,69.26870135510518,69.62264473312202,-0.773466533466652,0.5511617209569645,3.180792730181768,-18.400325741856456,-2.419781648048976,0.1975201455580981,-9.339027813885352,18.681359935546734,68.72120050572792,-0.9210240425023546
611.37,0.0,18.684486289396137,68.30439951742683,68.11152777967406,69.12787756763304,69.60804078479158,-0.9201200300078812,0.5611614709632036,3.1617932051699134,-18.39882577935552,-1.5857478152260107,1.1164369538065029,-9.171258426960396,18.67695447678313,68.78796141238138,-0.7618813237766517
611.38,0.0,18.67449677838272,68.25225383431626,68.11412421646558,69.07107524493465,69.50576034367775,-1.1001650412605808,0.5711612209694427,3.142793680158059,-18.397325816854583,-2.264898876401684,1.2862247191004208,-9.980247191007887,18.672572786519936,68.73580340984857,-0.8851775395095784
611.39,0.0,18.664507267369306,67.82304634521704,67.77383183380378,69.14242687355727,69.26975111054134,-1.226709967524323,0.5811609709756818,3.123794155146205,-18.39582585435365,-2.6460375469348016,0.9921376720942724,-10.451967459325331,18.668214881493547,68.50226404077986,-0.9112016822284872
611.4,0.0,18.654517756355887,67.59216689827542,67.62560138965249,69.0883034241442,69.10329733066743,-1.2866650012488023,0.591160720981921,3.1047946301343505,-18.39432589185272,-2.2255118898647908,-0.5497897371624341,-10.016423028788534,18.663880778365105,68.35234226068489,-0.6755603591618629
611.41,0.0,18.64452824534247,67.60714315421144,67.71545892526865,68.87863584103984,69.023067388153,-1.3066866566718411,0.6011604709881601,3.085795105122496,-18.392825929351776,-2.012897102894041,-1.577102897105959,-9.652185314686893,18.65957049372015,68.30607632716823,-0.5524596054943518
611.42,0.0,18.63453873432905,67.65381177040429,67.65521010414189,68.74722375393564,69.00543400823432,-1.2767016491755514,0.6111602209943992,3.066795580110642,-18.39132596685084,-2.352557442553308,-1.2374425574466918,-9.477360139862268,18.655284044068427,68.26541990917903,-0.7283011687255976
611.4300000000001,0.0,18.624549223315523,67.7398471300562,67.40850630176655,68.71301692419452,69.06555510293083,-1.26,0.6190139506975116,3.0498259912995613,-18.38628781439063,-2.575534418022746,-0.4857371714688178,-9.578345431787705,18.647793339748645,68.23173136473703,-0.8660633157803974
611.44,0.0,18.614559712302107,67.72857330407787,67.33136521941216,68.60924959215205,69.0829303613834,-1.26,0.6105135256762665,3.048325916295812,-18.35428621431065,-2.4854217772215166,1.3715844806009676,-10.419396745932511,18.615714869266462,68.18802961925637,-0.9016492024780133
611.45,0.0,18.604570201288688,67.55953871450636,67.52912464119845,68.39270854930227,69.03100470314901,-1.3131467133222932,0.6020131006550212,3.046825841292063,-18.322284614230668,-2.326956304618797,2.242466916352355,-11.042314606741629,18.583640143023626,68.12809415203901,-0.8447193474278821
611.46,0.0,18.6,67.41097160919487,67.6204402848574,68.25530641679144,68.97268660669637,-1.4331167208198123,0.5935126756337761,3.0453257662883138,-18.29028301415069,-1.9873807740328884,0.4996454431982062,-11.087258426966237,18.551569180440953,68.06485122938501,-0.5426565416178837
611.47,0.0,18.6,67.2879831034476,67.57873113943006,68.2168056671662,68.90637976011958,-1.5530602048461453,0.5850122506125309,3.0438256912845647,-18.258281414070705,-1.773979974968215,-0.996986232787677,-10.935148936172912,18.519502001071476,67.99747491754086,-0.3383871891979172
611.48,0.0,18.6,67.26322389050429,67.41941019379715,68.10663272771232,68.78487120154958,-1.6729702722957849,0.5765118255912858,3.042325616280815,-18.22627981399072,-1.899136420524766,-1.8330312891054368,-10.254297872345273,18.487438624601587,67.89353450339084,-0.3965212651232775
611.49,0.0,18.6,67.36172195251936,67.11251096899228,67.90652613856591,68.59409600775196,-1.912033008252389,0.5680114005700406,3.040825541277066,-18.194278213910746,-1.98726342072418,-2.0349862671786805,-9.876304619222338,18.455379070852153,67.74371376695738,-0.4623210229823001
611.5,0.0,18.6,67.39265241094498,66.9711348322144,67.73540152813663,68.47907417656167,-2.302130532633238,0.5595109755487955,3.039325466273317,-18.16227661383076,-1.977275905118656,-0.5568339575610395,-10.300774032457134,18.4233233597796,67.64456573696442,-0.5484320402723553
611.51,0.0,18.6,67.31310672173485,67.10039657718086,67.61166378936534,68.48791258647391,-2.639085914085498,0.5510105505275503,3.037825391269568,-18.13027501375078,-2.062425531913545,0.5675719649555012,-10.6575719649555,18.39127151147714,67.62826991868874,-0.6399494627758429
611.52,0.0,18.6,67.12510431733459,67.09615763740395,67.62698940064625,68.42077665754817,-2.9088161838149165,0.5425101255063052,3.0363253162658186,-18.0982734136708,-2.4028510638273635,0.7427909887346723,-10.832790988734672,18.359223546175826,67.56725700323324,-0.7459735747749008
611.53,0.0,18.6,66.80045870678936,66.92372291967172,67.81751911962199,68.25792164635662,-3.270854572710806,0.53400970048506,3.034825241262069,-18.066271813590813,-2.621265917604056,0.6209712859018187,-10.929897627966154,18.32717948424578,67.44990559810992,-0.7919583502153749
611.54,0.0,18.6,66.63993207795373,66.83839166382461,67.86763626309376,68.1487545870889,-3.750614692651441,0.5255092754638149,3.0333251662583205,-18.03427021351084,-2.516397003746643,-0.2878926341957603,-10.820034956306008,18.295139346197363,67.37367864799025,-0.6788607959347012
611.5500000000001,0.0,18.6,66.69519151766193,66.86758533008555,67.73313687210589,68.11017724238695,-4.098949737435646,0.517008850442473,3.031825091254554,-18.002268613430488,-2.520192740925444,-0.9309712140176912,-10.644856070088457,18.26310315268194,67.35152274056009,-0.6397771673825248
611.5600000000001,0.0,18.56710112359543,66.68175689690622,66.78397443814224,67.62288808247368,68.1590805257747,-4.278994748688345,0.5085084254212279,3.030325016250805,-17.970267013350504,-2.8155619524405853,-0.860883604505624,-10.29441802252812,18.23107092449462,67.31192498582422,-0.799290757597722
611.57,0.0,18.507176029962487,66.55600431958688,66.51592289175098,67.55229014432948,68.35101867010424,-4.38,0.5000080003999827,3.028824941247056,-17.938265413270525,-3.034104868913877,-0.6362272159792239,-10.28218726591872,18.199042682573214,67.24380900644289,-0.8978933540057974
611.58,0.0,18.447250936329542,66.43818889387104,66.30944502242104,67.4892887593421,68.39439840059735,-4.38,0.4915075753787375,3.0273248662433065,-17.90626381319054,-3.0490861423220785,-0.0020199750320121,-11.16608239700263,18.16701844800095,67.1578302690579,-0.8351040471162969
611.59,0.0,18.3873258426966,66.33049581963115,66.1814928550073,67.43597535625305,68.24831967613335,-4.288170914542911,0.4830071503574924,3.025824791239557,-17.87426221311056,-2.8832598898364363,0.2615072608932287,-11.765135202804634,18.134998242007313,67.04907092675622,-0.716159002461112
611.6,0.0,18.327400749063656,66.21546446601934,66.10483633495144,67.3980819660194,67.99064381067937,-4.078275862068884,0.4745067253362472,3.0243247162358085,-17.84226061303058,-2.2322834251381534,-0.4695893840756125,-11.599887330996609,18.10298208596933,66.9272566444174,-0.4465345656772245
611.61,0.0,18.267475655430715,66.09080427184436,66.09548682038833,67.38042177184461,67.58653701456215,-3.8814299999998014,0.4660063003150021,3.0228246412320594,-17.810259012950596,-1.766852221667503,-0.950664003993978,-11.377216674987457,18.07097000141279,66.78831246965987,-0.2739083725937739
611.62,0.0,18.20755056179777,66.04142492116844,66.01009043163559,67.25766894804791,67.3263668751615,-3.7014299999998017,0.4575058752937569,3.02132456622831,-17.778257412870616,-1.7918147778332072,-0.7709335996009087,-11.002778332501894,18.03896201001355,66.65888779400336,-0.3576473008379098
611.63,0.0,18.147625468164826,66.1188609511501,65.79658823468615,66.9578808891189,67.3086672111657,-3.5738426966292134,0.4484789239461954,3.020292514625732,-17.748127906395318,-1.872523153941516,-0.4836921151462105,-10.626700876096626,18.00886849307575,66.54549932153022,-0.47153422910410214
611.64,0.0,18.087700374531885,66.08880038000045,65.70050165999984,66.69894862000055,67.28653484000007,-3.513917602996406,0.4354782739137102,3.022792639631979,-17.732127106355335,-2.1028110137655696,0.0920275344139233,-10.246225281604712,17.993200059611567,66.44369637500023,-0.6663155147051485
611.65,0.0,18.02777528089894,65.92081038000045,65.75507165999986,66.49243862000056,67.25871484000008,-3.4930232558138266,0.422477623881225,3.025292764638226,-17.716126306315353,-2.24399600399698,0.3471328671389767,-9.9563136863142,17.977541960895866,66.35675887500024,-0.7841298252605905
611.66,0.0,18.0,65.71449477311374,65.75617154574144,66.39685046833284,67.17711960203859,-3.5230307576892765,0.4094769738487397,3.027792889644473,-17.700125506275374,-2.1490909090921844,-0.2472727272647409,-9.906363636364308,17.961894223956282,66.26115909730666,-0.6980097420724078
611.67,0.0,18.0,65.4590033875271,65.68866365930594,66.44358669740357,67.02652508614403,-3.553034999999844,0.3964763238162546,3.0302930146507205,-17.68412470623539,-2.1426226226191982,-0.7725725725675106,-9.845495495496836,17.94625687589679,66.15444470759516,-0.6504266797889898
611.6800000000001,0.0,18.0,65.29787898505919,65.57005865017805,66.45062124162737,66.8691009428111,-3.5830350000001845,0.3834756737836216,3.032793139656996,-17.668123906195227,-2.372852852852774,-1.1129129129127968,-9.755405405405437,17.930629943897724,66.04691495491893,-0.7059868205242104
611.69,0.0,18.0,65.29236636269961,65.36719414734577,66.3921874446159,66.70041469860817,-3.617374208597329,0.3704750237511364,3.035293264663243,-17.652123106155244,-2.6248339575534496,-1.0849737827702677,-9.61748064918818,17.91501345521664,65.93804066331737,-0.8143856041627164
611.7,0.0,18.0,65.25938341829074,65.2071314842577,66.21687941529181,66.7290677211399,-3.657360879706841,0.3574743737186512,3.03779338966949,-17.63612230611526,-2.934446941322955,-0.0812284644207435,-9.35281148564328,17.899407437187453,65.85311550974504,-1.062787507318984
611.71,0.0,18.0,65.1909376411792,65.10232388805566,65.89069250874468,67.01247601699234,-3.6973475508163536,0.3444737236861659,3.0402935146757373,-17.620121506075282,-3.126011517276238,0.6051352028046338,-9.236134201301228,17.88381191722129,65.79910751374297,-1.21614703971597
611.72,0.0,18.0,65.05953734021232,64.97987042609803,65.70593951398135,67.00430828894675,-3.73299200799196,0.3314730736536808,3.042793639681985,-17.6041207060353,-3.000823735603491,0.4398873309966081,-9.51655483224818,17.868226922806507,65.6874138923096,-1.1144849621710664
611.73,0.0,18.0,64.84653467709656,64.83454419440702,65.70451474700398,66.6181964380814,-3.762962037962066,0.3184724236211955,3.045293764688232,-17.588119905995317,-2.7715505617977527,0.0705168539325842,-9.81732584269663,17.852652481508873,65.50094751414724,-0.9535637478014009
611.74,0.0,18.0,64.6335320139808,64.689217962716,65.70308998002663,66.23208458721604,-3.857631184407877,0.3054717735887103,3.047793889694479,-17.572119105955334,-2.267181023721624,-0.8383470661649948,-10.17188264669074,17.837088620971723,65.31448113598486,-0.6360213903854137
611.75,0.0,18.0,64.54391733138559,64.61064708546387,65.72971024592172,66.0152780569759,-4.037541229384592,0.2924711235562252,3.050294014700726,-17.556118305915355,-1.9122553191487008,-1.3856170212787928,-10.327872340427492,17.821535368916155,65.22488817993677,-0.43631595070654344
611.76,0.0,17.982206352377172,64.61686595568551,64.62002619430243,65.79327976138309,66.02153079620162,-4.204591147785932,0.27947047352374,3.052794139706973,-17.540117505875372,-1.957311639549059,-0.965091364208782,-9.95240300375784,17.805992753141187,65.26292567689316,-0.5519975555663202
611.77,0.0,17.947248302037636,64.65849692544987,64.60714462724934,65.65024114138794,66.05328511053987,-4.354628657163182,0.2664698234912547,3.0552942647132206,-17.52411670583539,-1.9297004493284704,-0.5106215676546197,-9.75126310533908,17.790460801523942,65.24229195115676,-0.6204228315944509
611.78,0.0,17.912290251698096,64.64859461182519,64.557633059126,65.16722828791809,66.12700233419018,-4.530419580418182,0.2534691734587695,3.057794389719468,-17.508115905795407,-1.7100299550702749,0.0335621567577286,-10.010873689462404,17.774939542019823,65.12511457326487,-0.5639502330535557
611.79,0.0,17.877332201358556,64.63139725000003,64.50361464000008,65.00223784999964,65.97976952000063,-4.740209790208921,0.2404685234262843,3.060294514725715,-17.492115105755428,-1.5608763144711486,0.3661016524820026,-10.160573360042088,17.759429002662678,65.02925481500009,-0.5257848178022521
611.8000000000001,0.0,17.842374151018618,64.60464724999973,64.4436946399994,65.25368785000249,65.54320951999567,-4.8986196549144845,0.2274678733936513,3.0627946397319903,-17.476114305715264,-1.600936404606883,0.130748622934563,-10.01535553330005,17.743929211564808,64.96130981499932,-0.5367419919707526
611.8100000000001,0.0,17.80741610067908,64.52147532442136,64.457458381532,65.32600351397174,65.34206729526224,-4.9886421605408335,0.2144672233611661,3.0652947647382374,-17.46011350567528,-1.671123595505618,-0.2264269662921348,-9.894921348314607,17.728440196917838,64.91175112879682,-0.5413981661779699
611.82,0.0,17.77245805033954,64.36442064641429,64.56770868529858,65.16374834993793,65.44919730741277,-5.078626030477661,0.2014665733286809,3.067794889744485,-17.4441127056353,-1.8209363295876364,-0.905578027463952,-9.839990012484536,17.712961986991843,64.88626874726589,-0.5294008778285201
611.83,0.0,17.7375,64.28043408305413,64.47240538560489,65.13413401083423,65.53475393345398,-5.168558581064381,0.19041301032525,3.069291982299572,-17.426695917398,-2.051191489360064,-1.1657872340457192,-9.756425531915482,17.695947021410458,64.85543185323681,-0.5923141398351814
611.84,0.0,17.702541949660464,64.31796825896319,64.0352426308993,65.32511672943035,65.58443151921598,-5.284199999999973,0.1939130978274354,3.063291832295825,-17.398695217380517,-2.4967484355439207,-0.3047108886117484,-9.596225281602186,17.66736976481273,64.81568978462721,-0.8557232866229111
611.85,0.0,17.667583899320924,64.25065589845698,63.79656792434047,65.32604158287708,65.47042394225988,-5.434199999999973,0.1974131853296207,3.057291682292079,-17.370694517363034,-2.8295955056179776,0.3967640449438202,-9.66094382022472,17.638793394444544,64.7109223369836,-1.0306473953904456
611.86,0.0,17.650000000000002,64.0482666500747,63.81361122946739,65.08210927824791,65.1455359382778,-5.545667166416814,0.2009132728318061,3.0512915322883325,-17.342693817345552,-2.8645518102371152,0.6764144818969215,-10.320119850185602,17.610217914620197,64.52238077401695,-0.9717066768959485
611.87,0.0,17.650000000000002,63.82894569200753,63.83362615984408,64.9698076413256,64.9597,-5.605637181409392,0.2044133603339914,3.0452913822845864,-17.31469311732807,-2.805574468086728,0.5640851063890471,-10.7959148936171,17.581643329681892,64.3980198732943,-0.8682143309903337
611.88,0.0,17.650000000000002,63.586996374268,63.85761251461998,65.03342362573126,64.9597,-5.67843000000021,0.2079134478361768,3.03929123228084,-17.286692417310586,-2.4951864831064823,-0.5973667083757447,-10.780896120150311,17.55306964399998,64.35943312865481,-0.6454808646582173
611.89,0.0,17.650000000000002,63.45995288205151,63.81233515897378,64.95923249230661,64.96341372307695,-5.768430000000211,0.2114135353383621,3.0332910822770938,-17.258691717293104,-2.294680319679422,-1.3056293706342574,-10.60135114885728,17.524496861973173,64.2987335641022,-0.5316713067849018
611.9,0.0,17.650000000000002,63.52360416410238,63.65210951794917,64.65634018461624,64.97329064615381,-5.832797202797233,0.2149136228405475,3.0272909322733472,-17.23069101727562,-2.384590409589739,-0.8161188811225337,-9.98696553447012,17.495924988028776,64.2013361282054,-0.7057462501541965
611.91,0.0,17.650000000000002,63.542363020000266,63.44299426000178,64.4619681000003,65.03593749999914,-5.862767232767168,0.2184137103427328,3.021290782269601,-17.20269031725814,-2.3449561952465565,-0.2731038798542623,-9.651864831036136,17.467354026622917,64.12081572000037,-0.79961465535796
611.92,0.0,17.650000000000002,63.50063302000027,63.16800426000179,64.41381810000031,65.16968749999913,-5.892743628185804,0.2219137978449181,3.015290632265855,-17.174689617240656,-1.9594743429323795,0.4127534417956364,-10.062377972461622,17.438783982240796,64.06303572000039,-0.6793536788476664
611.9300000000001,0.0,17.650000000000002,63.45320239067031,63.08103580175003,64.2922695626812,65.02142932944365,-5.922728635682435,0.2254138853471433,3.00929048226204,-17.146688917222853,-1.74866416978745,0.6930212234716584,-10.354506866417005,17.410214859396575,63.9619842711363,-0.5934923359898228
611.94,0.0,17.650000000000002,63.39809063168103,63.24741092322708,64.07182252672412,64.49318831875402,-5.91455999999955,0.2289139728493286,3.003290332258294,-17.11868821720537,-1.998352059924148,-0.0959925093603059,-10.334531835206068,17.381646662634925,63.80262810009656,-0.598320936402759
611.95,0.0,17.650000000000002,63.30180495090361,63.377386211886616,63.95529127648608,64.14794436175696,-5.854559999999891,0.232414060351514,2.9972901822545475,-17.090687517187888,-2.0613141426804984,-0.8637171464295315,-10.264067584481614,17.35307939652932,63.695606700258324,-0.5502980138901344
611.96,0.0,17.622636131806875,63.13480753488238,63.44484874418659,64.01722409302376,64.11697795348812,-5.756415896026172,0.2359141478536993,2.9912900322508014,-17.062686817170405,-1.625769712141223,-1.5746057571947862,-10.058811013767702,17.324513065683586,63.678464581395204,-0.3611760714529725
611.97,0.0,17.567633381669374,63.044273177290926,63.302667519916405,63.96558474103398,64.1095722111556,-5.6064533866534205,0.2394142353558846,2.985289882247055,-17.034686117152923,-1.4473283395749,-1.7480524344584991,-9.78777777777834,17.295947674731796,63.605524412349226,-0.3242341235999953
611.98,0.0,17.512630631531874,63.05386481075705,62.88596433266594,63.76522617529718,64.13301842629501,-5.4819040479759815,0.24291432285807,2.9792897322433087,-17.00668541713544,-1.9467041198482948,-0.5046067415777458,-9.343333333335018,17.26738322833854,63.4595184362538,-0.6884939796519236
611.99,0.0,17.457627881394373,63.003655711158906,62.70916038901139,63.65753835643094,64.18497629467599,-5.391949025487112,0.2464144103602553,2.973289582239562,-16.978684717117957,-2.3836670838530645,0.5909887359153524,-9.09639549436614,17.238819731199186,63.3888326878193,-0.9865299973613607
612.0,0.0,17.402625131256872,62.87253973741745,62.856926010212085,63.67522860685637,64.27550875273558,-5.352671832041995,0.2499144978624407,2.967289432235816,-16.950684017100475,-2.6540050062552143,1.291864831032037,-9.376745932412817,17.210257188040092,63.42005077680537,-1.1077665934358247
612.01,0.0,17.347622381119375,62.73844297367032,62.92296300980882,63.69087831182243,64.23497137841964,-5.382664333916376,0.2534145853646261,2.96128928223207,-16.922683317082992,-2.714010989016549,1.3151098901297156,-9.560769230770015,17.181695603618902,63.3968139184303,-1.102485056479547
612.02,0.0,17.292619630981875,62.599238017552594,62.84894132679384,63.70303112545175,63.96981908105256,-5.412656835790827,0.2569146728668114,2.9552891322283235,-16.89468261706551,-2.219505494509808,-0.4481268731114938,-9.490839160839773,17.15313498272478,63.280257387712695,-0.7636557142404308
612.03,0.0,17.237616880844374,62.51506405057013,62.71758635101599,63.60281162121918,63.76002204759519,-5.442649337665378,0.259563455516683,2.950436544483317,-16.867443096597714,-1.9119219219204808,-1.6398198198223235,-9.599864864860429,17.125509791168973,63.14887101760012,-0.5199467197768576
612.04,0.0,17.182614130706874,62.503393252354975,62.510694928110944,63.35454191373313,63.62315541398109,-5.472635523357311,0.255879535826136,2.9541204641738643,-16.84586585269594,-2.1021121121101904,-1.3094894894928275,-10.185450450444533,17.10483844941929,62.99794637704503,-0.5295435598745282
612.0500000000001,0.0,17.127611380568748,62.49179218666004,62.32671155142781,63.096486230146425,63.65788095773537,-5.502613040220061,0.252195616135547,2.957804383864453,-16.824288608793918,-2.2482397003744943,-0.8173158551821844,-10.517990012484816,17.08417093668869,62.89321773149241,-0.5794680042606344
612.0600000000001,0.0,17.1,62.4802896213046,62.175086826287895,62.82460741265417,63.93498821402556,-5.5577716712472,0.2485116964449999,2.9614883035550004,-16.802711364892144,-2.278202247190898,0.1015355805208624,-10.183408239701642,17.063507266890905,62.85374301856805,-0.7357106781343408
612.07,0.0,17.1,62.39609002570632,62.12865714138857,62.72404144987205,64.03238023650322,-5.647704221833918,0.2448277767544528,2.965172223245548,-16.781134120990366,-2.2481602002512524,0.5571839799788246,-9.89907384230362,17.042847454003823,62.82029221336754,-0.8160327221849961
612.08,0.0,17.1,62.18704118251891,62.262888503856274,62.91768669408775,63.821130879177,-5.674883720930185,0.2411438570639058,2.9688561429360942,-16.759556877088592,-2.0579224030042123,-0.2237922402984976,-9.748886107634904,17.02219151207084,62.797186814909985,-0.6936675801885406
612.09,0.0,17.1,61.995936186673234,62.316393576241545,62.96616529573239,63.60932795607675,-5.614868717179285,0.2374599373733587,2.9725400626266416,-16.737979633186818,-1.843249439322604,-0.933907301270118,-9.681116371791465,17.001539455200945,62.72195575368098,-0.5579920001134077
612.1,0.0,17.1,61.82930778637397,62.25978264537064,62.81662698777151,63.39676993261807,-5.5297074268567705,0.2337760176828116,2.9762239823171885,-16.71640238928504,-1.564156491404222,-1.4572065786170836,-9.830630451033452,16.980891297569105,62.57562183803355,-0.38722526510348027
612.11,0.0,17.1,61.74568873691892,62.137780588951344,62.78007015818919,63.191668873205394,-5.409677419354971,0.2300920979922645,2.9799079020077355,-16.694825145383266,-1.442180130454695,-1.5799874561023584,-9.86859759157215,16.960247053416644,62.46380208931622,-0.3277500995890758
612.12,0.0,17.1,61.776937215867584,61.92529093210042,62.89985599415908,62.99688668775871,-5.34,0.2264081783017175,2.9835918216982824,-16.67324790148149,-1.7482513798282786,-0.6115980933302008,-9.602666833919692,16.93960673705159,62.39974270747145,-0.5714771057276912
612.13,0.0,17.1,61.78668826873388,61.791571007751934,62.82817705426408,62.8732,-5.34,0.2227242586111704,2.98727574138883,-16.651670657579714,-2.038771842236058,0.338954068894529,-9.419628057913048,16.918970362849073,62.319909082687474,-0.795582314197844
612.14,0.0,17.1,61.75903968992258,61.794888837209285,62.42340186046665,62.8732,-5.377636772420637,0.2190403389206233,2.9909596610793767,-16.630093413677937,-2.2883974038930983,1.2425986020930158,-9.454575636545034,16.898337945251683,62.212632596899624,-0.9680868242617128
612.15,0.0,17.1,61.66920675776497,61.79175033540379,62.225601440993344,62.80278469565312,-5.467569323007356,0.2153564192300762,2.994643580769924,-16.608516169776163,-2.4331572358546816,1.3323485227980514,-9.43087631447291,16.87770949876986,62.1223358074538,-1.029619177780227
612.16,0.0,17.0820244938769,61.49694340372792,61.78005344099388,62.30216293167648,62.63902817391419,-5.5200000000000005,0.2116724995395292,2.998327500460471,-16.586938925874385,-2.2979544316488845,-0.7507761642245965,-9.25060590886518,16.857085037982273,62.05454698757812,-0.7948864161096139
612.17,0.0,17.042034491377546,61.354003016298456,61.68848069569591,62.27504058866577,62.54364,-5.5200000000000005,0.2079885798489821,3.002011420151018,-16.56536168197261,-2.1738666999513767,-2.293010484271946,-9.26992261606842,16.836464577536198,61.965291075165034,-0.5899248177819828
612.1800000000001,0.0,17.002044488877736,61.251974312818646,61.48546439795546,62.103257567500776,62.54364,-5.483005181346632,0.2043046601583932,3.005695339841606,-16.54378443807059,-2.079008986520623,-2.412830753868687,-9.814106340486957,16.81584813214768,61.846084069568725,-0.463254355000703
612.19,0.0,16.96205448637838,61.18048429308552,61.27519420020467,62.0096492672862,62.54364,-5.39418208734225,0.2006207404678461,3.009379259532154,-16.522207194168814,-2.056394591886962,-1.921432148233181,-10.12676264396751,16.795235716602846,61.7522419401441,-0.4594404272701371
612.2,0.0,16.922064483879026,61.162816594427085,61.05213950464193,62.05381851393229,62.54364,-5.363592673500501,0.196936820777299,3.013063179222701,-16.500629950267037,-2.226649974961897,0.201752628936604,-9.821304456686008,16.774627345756898,61.70310365325033,-0.7836196344051984
612.21,0.0,16.882074481379668,61.121071809144446,61.0084431411549,62.023790178925246,62.54364,-5.424086708116431,0.1932529010867519,3.016747098913248,-16.479052706365263,-2.2963445692888818,1.631313358303119,-9.510574282148136,16.754023034535443,61.674236282306154,-1.0027008524451446
612.22,0.0,16.842084478880313,61.0466185288265,61.20840337972311,61.89296512922371,62.54364,-5.48458074273236,0.1909573162416486,3.0197340788217644,-16.45781944633847,-2.1015880149822577,1.2368064918871369,-9.18598002497043,16.73365111180762,61.67290675944333,-0.9453991554211718
612.23,0.0,16.802094476380958,60.94604285714221,61.24622857142767,61.79220285714258,62.45093999999894,-5.544851361478925,0.1991395063411892,3.0174612482385585,-16.43918223555618,-1.8957647058838112,0.4989862328012283,-9.057969962450615,16.71500647626058,61.608853571427844,-0.8189312658993299
612.24,0.0,16.762104473881603,60.80818571428553,61.05265714285689,61.73434571428564,62.225939999999696,-5.604806395203744,0.2073216964407298,3.0151884176553527,-16.420545024773894,-1.6604705882361566,-1.1530788485546457,-9.453464330411569,16.696366143278144,61.45528214285694,-0.5082735523932507
612.25,0.0,16.72211447138225,60.67032857142885,60.85908571428611,61.676488571428685,62.000940000000455,-5.615232383807991,0.2155038865402704,3.012915587072148,-16.401907813991606,-1.5299075924072012,-2.1889935064950845,-9.642295204796165,16.67773012728696,61.30171071428602,-0.3281323465320635
612.26,0.0,16.69106089391067,60.609314306569175,60.72048079805374,61.63143662287114,61.85870982968379,-5.555262368815753,0.223686076639811,3.010642756488941,-16.38327060320932,-1.6747627372618887,-1.6045779220813454,-9.287649850151928,16.65909844277488,61.204985389294464,-0.4912187624116796
612.27,0.0,16.671062893710708,60.65617562043785,60.65904040875927,61.60436119708036,61.83267576642342,-5.532363090772527,0.2318682667393516,3.008369925905736,-16.364633392427034,-1.858025525523003,-0.758388388402019,-9.075172672671211,16.640471104291272,61.188063248175226,-0.67290789020694
612.28,0.0,16.651064893510746,60.65942573491511,60.59308573491511,61.464744486849824,61.84472637441959,-5.562370592647977,0.2400504568388921,3.00609709532253,-16.345996181644747,-2.143310810807568,0.7831531531356277,-9.24033783783596,16.621848126447304,61.14049558277491,-0.9040115342993488
612.29,0.0,16.631066893310784,60.58548040226965,60.51914040226965,61.12592035069824,61.924190015471424,-5.654231442138336,0.2482326469384327,3.0038242647393245,-16.32735897086246,-2.332119321019363,1.5836495257271888,-9.346245631553357,16.60322952391629,61.03868279267724,-1.034627735844192
612.3000000000001,0.0,16.611068893110595,60.50225322540424,60.44221116811913,60.93008,61.889596303859534,-5.834186453387684,0.2564148370380663,3.001551434156093,-16.308721760079962,-2.2672166749877944,0.4353719420917481,-9.29632051922138,16.58461531143377,60.94103517434573,-0.9009856719409614
612.3100000000001,0.0,16.59107089291063,60.40631300124447,60.36119497882866,60.93008,61.69878185803067,-5.94,0.2645970271376069,2.999278603572887,-16.290084549297674,-2.1776990485736527,-0.6183274912327617,-9.32276915372942,16.566005503798646,60.84909245952595,-0.7573536926165709
612.32,0.0,16.571072892710667,60.315193779182046,60.25120195038762,60.95165174124565,61.5305420379364,-5.94,0.2727792172371475,2.9970057729896813,-16.271447338515387,-2.0224661992994464,-1.419529293938341,-9.553114672007274,16.547400115872264,60.76214737718793,-0.587051388630877
612.33,0.0,16.551074892510705,60.23088444066091,60.10027782587447,61.0036945428019,61.39418989785901,-5.927652347652204,0.2809614073366881,2.9947329424064755,-16.2528101277331,-1.8901226551228376,-1.677987012989966,-9.70409812409827,16.52879916257956,60.68226167679907,-0.49288281292498176
612.34,0.0,16.531076892310743,60.139202347175086,59.98683787980372,61.05726400309548,61.32334212019628,-5.897682317682269,0.2891435974362287,2.99246011182327,-16.234172916950815,-1.817972582972948,-0.5091558441617499,-9.646378066378356,16.510202658909158,60.62666158756764,-0.5989279800111724
612.35,0.0,16.51107889211078,60.03432744389914,59.94047213309225,61.113565266959405,61.36970786690775,-5.892290781913581,0.2973257875357692,2.9901872812400643,-16.215535706168527,-1.8162597605395108,0.5865044247735479,-9.595908381051672,16.49161061991369,60.614518177714636,-0.7199215278684289
612.36,0.0,16.49108089191082,59.94485298804726,59.93596047808808,60.97612836653058,61.4292754980086,-5.922268298775991,0.3055079776353098,2.9879144506568585,-16.19689849538624,-2.1025689744913607,1.382964601766876,-9.575085892764266,16.473023060710137,60.571554332668626,-0.9020398795429417
612.37,0.0,16.471082891710857,59.8766458167326,59.98924733067766,60.57114828684982,61.50707430278938,-5.964485514485651,0.3136901677348505,2.9856416200736526,-16.178261284603952,-2.2151422155695526,1.4114745509021964,-9.577871756486896,16.45443999648012,60.486028934262364,-0.9423871541784562
612.38,0.0,16.451084891510895,59.83654,60.00180723445414,60.4473632083248,61.404771144445135,-6.024425574425521,0.321872357834391,2.983368789490448,-16.159624073821664,-1.870830838324263,-0.5795434131683952,-9.642742015967892,16.43586144247025,60.422620396806025,-0.6099099449094462
612.39,0.0,16.431086891310933,59.83654,59.95624226953768,60.72489526736145,61.04542926203573,-6.023651266766292,0.3300545479339316,2.981095958907241,-16.14098686303938,-1.6077641462195154,-2.144201301951191,-9.745741111666652,16.417287413992447,60.39077669973371,-0.3432804067338027
612.4,0.0,16.41108889111097,59.8384490369223,59.88480299509386,60.85728684740466,60.79764035631282,-5.934232488822981,0.3382367380334722,2.978823128324036,-16.122349652257093,-1.5626965448175831,-2.5648322483692256,-9.951049073608788,16.398717926424254,60.344544808933406,-0.25333605600666936
612.41,0.0,16.39109089091101,59.84397446940358,59.764348567002,60.71473068938769,60.76117250193639,-5.8562355309514125,0.3464189281330128,2.97655029774083,-16.103712441474805,-1.580744441666871,-2.163692230853012,-10.076684986261167,16.38015299520918,60.271056556932415,-0.2820953236660296
612.42,0.0,16.371092890711047,59.77577241722643,59.61036219068916,60.53068685088325,60.75182178242476,-5.795842979366069,0.3546011182325533,2.9742774671576244,-16.085075230692517,-1.7656057956517324,0.409377966503841,-9.99174868848434,16.36159263585704,60.1671608103059,-0.6245867412125217
612.4300000000001,0.0,16.351094890510858,59.60103505103088,59.40792255912114,60.28669382125653,60.78165499128741,-5.78423248882315,0.3627833083321869,2.972004636574393,-16.06643801991002,-1.9656020025039984,2.288200250313,-9.787862327908003,16.343036863944054,60.01932660567399,-0.917972062202947
612.44,0.0,16.331096890310896,59.44703029948719,59.35626084733593,60.10202192841374,60.743612373993926,-5.843845007452024,0.3701966830569175,2.9701966830569178,-16.0473775592411,-2.2059023779725755,2.318237797246572,-9.267211514392754,16.324136744374062,59.91223136230769,-1.0805876681774436
612.45,0.0,16.311098890110934,59.3240597613816,59.530295422451466,60.00614659361955,60.60396786461978,-5.891805000000219,0.3718634886240467,2.971863488624047,-16.025153485012712,-2.309835205993153,1.562684144826104,-8.940903870161831,16.302631666924313,59.8661174105181,-1.086308104461796
612.46,0.0,16.3,59.22233574446108,59.60453467284805,59.98944911901197,60.51813606388473,-5.921805000000219,0.3735302941911759,2.973530294191176,-16.002929410784322,-2.055153558053721,-1.2587890137185784,-9.125672908862986,16.28112886189705,59.83361390005145,-0.6794312614664665
612.47,0.0,16.3,59.160594374033856,59.49097465224085,60.12175205564173,60.53357140649154,-5.951805000000152,0.3751970997583051,2.9751970997583053,-15.980705336555932,-1.9424355444288937,-3.202030037549385,-9.417171464326843,16.259628338307873,59.826723122101996,-0.3953980748620117
612.48,0.0,16.3,59.14604223664503,59.337633669495744,60.22593239141288,60.478108367448826,-5.981804999999982,0.3768639053254343,2.9768639053254344,-15.958481262327544,-2.207767209010292,-2.8065356695884334,-9.992891113890256,16.23813010521919,59.79692916625062,-0.43849799521457283
612.49,0.0,16.3,59.20053050424384,59.1260909835239,60.28896783824288,60.31891715426799,-5.988195000000122,0.3785307108925635,2.978530710892564,-15.936257188099152,-2.316056443557266,-1.8443231768297992,-10.370092407592798,16.216634171740473,59.73362662006966,-0.5178328757515697
612.5,0.0,16.3,59.17115982541137,58.94710120271508,60.18272391852372,60.25315710960273,-5.9581950000001225,0.3801975164596927,2.9801975164596928,-15.914033113870763,-2.011361138862924,0.6082242757099099,-10.225237262738112,16.1951405470286,59.63853551406323,-0.6924571524913414
612.51,0.0,16.3,59.01756137730293,58.8163349563525,59.82571130940683,60.32580502424861,-5.951807951987868,0.3818643220268218,2.981864322026822,-15.891809039642377,-1.8310660660647384,2.309236736739348,-10.080302802804088,16.173649240288125,59.49635316682772,-0.8307221471314751
612.52,0.0,16.3,58.87411273056024,58.77351835701404,59.56216281064302,60.262079359337775,-5.981815453863318,0.3835311275939511,2.983531127593951,-15.869584965413988,-1.981216216214509,2.0139414414447985,-9.935157657659309,16.1521602607716,59.36796831438877,-0.8724057214920085
612.53,0.0,16.3,58.75027909584076,58.90066896409208,59.479238501679085,59.93480475329344,-6.023639999999681,0.3851979331610802,2.9851979331610803,-15.847360891185597,-1.990919080923578,1.1284515484820288,-9.856146353645167,16.13067361777987,59.266247828726335,-0.795545143173914
612.54,0.0,16.3,58.67057191180156,58.96277923327487,59.43341890754197,59.76589694312201,-6.083639999999681,0.3868647387282095,2.986864738728209,-15.825136816957208,-1.6312787212823117,-1.3091108890865544,-9.9510514485505,16.109189320662406,59.208166748935106,-0.40694141196527484
612.5500000000001,0.0,16.3,58.65555813079412,58.92953443247269,59.44199821097479,59.82916930593907,-6.084539999999456,0.3885315442953576,2.9885315442953577,-15.802912742728566,-1.4028528528531563,-2.96227727727619,-10.009049049048947,16.08770737881734,59.21406502004517,-0.1495519756718033
612.5600000000001,0.0,16.2821178821176,58.65477684108546,58.83977901162631,59.49127007752039,59.80103507751789,-5.994539999999456,0.3901983498624868,2.990198349862487,-15.780688668500176,-1.522972972972973,-2.5318468468468467,-9.969009009009008,16.06622780169277,59.19671525193751,-0.2407080065035394
612.57,0.0,16.242157842157596,58.67447645348847,58.66870343023171,59.59909953488426,59.641364534882925,-5.951820000000182,0.391865155429616,2.991865155429616,-15.758464594271787,-1.649917561828439,-1.535895578319514,-9.928988258805948,16.044750598785612,59.14591098837184,-0.39295781986120704
612.58,0.0,16.202197802197592,58.675936394960026,58.50046354846948,59.5618573257896,59.541128655181325,-5.981820000000182,0.3935319609967451,2.993531960996745,-15.7362405200434,-1.794808893330087,0.9472420684501092,-9.889018236322734,16.0232757796429,59.06984648110011,-0.7058698671224803
612.59,0.0,16.162237762237588,58.64292019542274,58.337583630752185,59.250404510154524,59.55323459501166,-6.023640000000229,0.3951987665638743,2.9951987665638744,-15.714016445815007,-1.934275706780265,2.6252364273198365,-9.818869151863682,16.001803353861835,58.94603573283527,-0.9378057892109755
612.6,0.0,16.122277722277584,58.52230368131652,58.2688547802204,59.03309934065868,59.54760472527445,-6.083639999999887,0.3968655721310035,2.996865572131004,-15.69179237158662,-2.059369527145302,2.169894921191102,-9.668756567425635,15.980333331090156,58.842965631867514,-0.955184532924073
612.61,0.0,16.082317682317576,58.271104880118514,58.34047316183855,58.956136303695885,59.51553679320661,-6.143645911477536,0.3985323776981327,2.9985323776981327,-15.66956829735823,-2.134858855858264,1.0788133899654728,-9.672870347238394,15.958865721026411,58.77081278471489,-0.8664581449075448
612.62,0.0,16.042357642357572,58.11442287734693,58.31260065349844,58.91700793465016,59.45166770543725,-6.203660915228435,0.3993740327150965,2.9991464082478587,-15.647837567561243,-2.0799000749441583,-1.6841144141709494,-10.082563077689002,15.937666056762957,58.698924792733195,-0.4987002943181746
612.63,0.0,16.00239760239757,58.099811806876296,58.13518051206931,58.93474994879307,59.339997381125976,-6.216335916021375,0.3941358127574816,2.9920033810329296,-15.629741898616755,-2.022176632475002,-3.35684013010965,-10.395081310982691,15.918425144730447,58.62743491221617,-0.2580834444639118
612.64,0.0,15.962437562437565,58.0979679671459,58.00357726899362,58.9685371047231,59.21822501026626,-6.156350912272274,0.3888975927998667,2.984860353818,-15.611646229672267,-1.9571278458851824,-2.1409281961614903,-10.450122591943307,15.899186478242223,58.57207683778221,-0.35434384474853875
612.65,0.0,15.92247752247756,58.11993921971256,57.95743763860362,59.03225373716643,59.0776089938396,-6.096354088522465,0.3836593728422519,2.9777173266030705,-15.59355056072778,-1.9471646265283924,-0.651601299053728,-10.466600049963604,15.879950065459761,58.54680989733055,-0.5033699426683755
612.66,0.0,15.9,58.09322639520377,57.86848897327032,58.946940449663295,59.01267367974011,-6.036339084771565,0.3784211528846369,2.970574299388141,-15.575454891783291,-2.082063452409237,1.556742443143804,-10.381663752186777,15.860715914583173,58.48033237446938,-0.7911573761208338
612.67,0.0,15.9,57.99379097177172,57.71559364476728,58.63901139645437,59.060787594304,-6.011820224718874,0.3731829329270221,2.963431272173212,-15.557359222838803,-2.1196747560692373,2.896762571938489,-10.21991493620578,15.84148403385143,58.35229590182435,-0.9676069992591934
612.6800000000001,0.0,15.9,57.85108510504606,57.61469598164683,58.47061639700576,59.02939515092898,-6.041782771535619,0.3679447129693476,2.956288244958201,-15.53926355389411,-1.899509632224269,1.9360420315240827,-9.854640980735718,15.822254431542362,58.24144815865691,-0.8490520592872244
612.69,0.0,15.9,57.64333818401175,57.5919575126779,58.51195906785836,58.87849440231699,-6.083531765882896,0.3627064930117327,2.949145217743272,-15.521167884949625,-1.7537646764925652,0.6949188108944215,-9.6849762677987,15.803027115973778,58.15643729171625,-0.69672835445854
612.7,0.0,15.9,57.51126823315141,57.56021147540933,58.48217336976143,58.77724,-6.143561780890323,0.3574682730541179,2.9420021905283424,-15.503072216005137,-1.803727204596581,-1.2835973020246343,-10.029717711716414,15.783802095502347,58.08272326958055,-0.455600765274535
612.71,0.0,15.9,57.53354249804857,57.51009437939072,58.307320390318736,58.77724,-6.172141309781756,0.3522300530965029,2.9348591633134133,-15.484976547060649,-1.8358869151863684,-2.503377533148727,-10.297823367525735,15.764579378524738,58.032049316939506,-0.29898870713239206
612.72,0.0,15.9,57.56022643053151,57.44777153903667,58.20023963083057,58.7228592317278,-6.152144642559618,0.3469918331388881,2.927716136098484,-15.46688087811616,-1.820875656742564,-1.7127845884416932,-10.362872154115555,15.74535897347761,57.982774208031636,-0.3663119611646574
612.73,0.0,15.9,57.59332196557765,57.3677016961831,58.19169884759286,58.5894094936385,-6.13214797533748,0.3417536131812732,2.9205731088835543,-15.448785209171673,-1.880199850111684,-0.6637421933599524,-10.3590706969778,15.726140888837847,57.93553300074803,-0.495892741207301
612.74,0.0,15.9,57.55549030082568,57.29509651570214,58.129295398346336,58.46355420165228,-6.143549999999908,0.3365153932236583,2.913430081668625,-15.430689540227185,-2.135008743440721,1.0649612790292011,-10.174209342993988,15.706925133122803,57.860859104131606,-0.7891961259502464
612.75,0.0,15.9,57.41258782148707,57.23354940826423,57.98710035702427,58.34894924297478,-6.203549999999908,0.3312771732660434,2.906287054453696,-15.412593871282697,-2.2459644733577,2.04579434576926,-9.864508381292326,15.68771171489052,57.74554670743759,-0.9753175557005016
612.76,0.0,15.882099104955428,57.26968534214847,57.17200230082632,57.84490531570219,58.23434428429729,-6.24,0.3260389533084285,2.899144027238766,-15.394498202338209,-1.97576182136922,1.0450437828489634,-9.224028021023337,15.668500642739975,57.63023431074357,-0.8774459222085118
612.77,0.0,15.842097104855473,57.15980966462669,57.09371954957162,57.7707175862913,58.17850571848224,-6.24,0.3208007333508136,2.892001000023837,-15.37640253339372,-1.7827529352983995,-0.0213639770015282,-8.99950537096075,15.64929192531132,57.550688129742966,-0.7357197307465184
612.78,0.0,15.80209510475552,57.10427967686677,56.98789825214234,57.80843606854332,58.2193674075886,-6.24,0.3155625133931987,2.8848579728089074,-15.358306864449233,-1.7927454409192027,-1.260434673981139,-9.868853359970638,15.630085571286122,57.52999535128526,-0.4786663986261983
612.79,0.0,15.762093104655564,57.0480247558497,56.9055286215668,57.81925746185167,58.21986089013261,-6.24,0.3103242934355839,2.877714945593978,-15.340211195504745,-1.767095321492311,-1.8953915436673352,-10.52604953715192,15.610881589387589,57.4981679323502,-0.30456828603585456
612.8000000000001,0.0,15.722091104555156,56.990334013224285,56.86960797049814,57.77680578331598,58.14040005595042,-6.193128282070126,0.3050860734779094,2.8705719183789675,-15.32211552656005,-1.6470052539405104,-0.9296672504382706,-10.621120840630429,15.59167998838062,57.4442869557472,-0.3502712295833019
612.8100000000001,0.0,15.6820891044552,56.92973371672454,56.80486186840658,57.68133267202205,58.06249934706095,-6.073098274568326,0.2998478535202945,2.863428891164038,-15.304019857615565,-1.6233333333329925,0.097681159418526,-10.625289855072811,15.572480777072906,57.36960690105353,-0.44851821735811576
612.82,0.0,15.642087104355246,56.86416867403243,56.69092917126946,57.49538591160015,57.98726077347983,-6.035190000000203,0.2946096335626796,2.856285863949109,-15.285924188671077,-1.8532183908045468,1.2870864567713507,-10.390407296351876,15.55328396431387,57.25943613259547,-0.6849436444921038
612.83,0.0,15.602085104255291,56.812307937285375,56.63004148456663,57.40283784419458,57.8595406859363,-6.125190000000202,0.289879996999921,2.8494599864996446,-15.26759993999842,-1.9719384692345563,1.8327938969480733,-10.062083541770686,15.533932552807192,57.176181987995726,-0.8312449008757282
612.84,0.0,15.562083104155336,56.78294977951972,56.65625412542882,57.46365117099487,57.64564553650082,-6.191727068233017,0.2888799719992972,2.844959873996838,-15.247599439985944,-1.7968509254628915,0.6772161080550851,-9.486795897949502,15.513430858618415,57.13712515311106,-0.7393491230911892
612.85,0.0,15.522081104055385,56.73975885978419,56.62391198767315,57.4853922342064,57.53101973805866,-6.221719570107567,0.2878799469986734,2.8404597614940306,-15.227598939973468,-1.6686231884058125,-0.4684057970980371,-9.174637681158265,15.49292922585112,57.095020704930604,-0.6244033924845726
612.86,0.0,15.5,56.669414740626415,56.47662898818656,57.43043589111439,57.61125599897299,-6.24,0.2868799219980495,2.835959648991224,-15.207598439960991,-1.6636256871564592,-1.5878460769531586,-9.554447776109107,15.472427654749465,57.046933904725094,-0.4488417242382168
612.87,0.0,15.5,56.58285581804442,56.3423357376222,57.34527505403331,57.60261449107775,-6.24,0.2858798969974258,2.831459536488416,-15.187597939948516,-1.6847359198989758,-1.9946057572112343,-9.893214017519604,15.451926145558904,56.96827027519443,-0.3623661861324449
612.88,0.0,15.5,56.470988514702086,56.22831713998482,57.21297045488805,57.45525083186717,-6.24,0.284879871996802,2.826959423985609,-15.167597439936038,-1.7748485607002051,-0.5177596996355289,-10.12350187734497,15.431424698526193,56.84188173536053,-0.511344154112132
612.89,0.0,15.5,56.37030299418603,56.14131055232557,57.03975699612398,57.45054886627912,-6.24,0.2838798469961781,2.822459311482802,-15.147596939923565,-1.9271460674137435,0.7685568039900229,-10.301066167290635,15.410923313899408,56.75047985222867,-0.6693721853038594
612.9,0.0,15.5,56.2863204360464,56.094653575581326,56.80543529069736,57.65895002907005,-6.298185453636396,0.2828798219955543,2.817959198979995,-15.127596439911088,-2.241752808985982,1.557570536821987,-10.341016229712508,15.390421991927928,56.711339832848786,-0.8510218616309246
612.91,0.0,15.5,56.21408229591835,56.03170843877547,56.69202618367352,57.66465836734678,-6.448147963009148,0.2818797969949305,2.813459086477188,-15.10759593989861,-2.420528160202049,1.7424705882493834,-10.235326658327802,15.36992073286248,56.65061882142853,-0.9462796465437001
612.92,0.0,15.5,56.16494964285737,55.93671864285759,56.81649557142799,57.271597142858994,-6.551622094476314,0.2808797719943067,2.8089589739743803,-15.087595439886137,-2.24030287859959,0.3307058823634552,-9.744713391743328,15.349419536955127,56.54744025000049,-0.8132047639722224
612.9300000000001,0.0,15.5,56.097274451934624,55.88761215980037,56.90975256928858,56.99851795255895,-6.581614596351035,0.2798797469936715,2.804458861471522,-15.06759493987343,-2.0353033707851544,-0.9168564294673092,-9.521410736581672,15.32891840445903,56.47328928339563,-0.6484301445642592
612.94,0.0,15.5,55.99895734831384,55.91432876404515,56.95143047191044,56.92371146067357,-6.56517870532356,0.2788797219930477,2.7999587489687148,-15.047594439860957,-1.7656404494375209,-1.735832709115677,-9.995817727841398,15.308417335629434,56.44710701123576,-0.40091577883641155
612.95,0.0,15.5,55.90135247796198,55.93653462291883,56.89429571008629,56.880059784525045,-6.475201199699908,0.2778796969924239,2.7954586364659075,-15.027593939848478,-1.559014507253613,-1.911178089043993,-10.37295647823916,15.287916330722219,56.40306064887304,-0.2562179960854041
612.96,0.0,15.483839191959476,55.80493719882424,55.9512065132224,56.67212137120367,56.88844372184137,-6.42,0.2768796719918001,2.7909585239631007,-15.007593439836002,-1.5189944972486609,-0.3854152076051993,-10.493016508254016,15.267415389994902,56.32917720127293,-0.38326313118298444
612.97,0.0,15.443837191859522,55.72349553001271,55.91665307790532,56.470022094508096,56.89912899106004,-6.42,0.2758796469911763,2.786458411460293,-14.987592939823523,-1.5381884057965682,0.9884782608665948,-10.475362318841738,15.246914513706363,56.252324923371546,-0.5352430178579508
612.98,0.0,15.403835191759567,55.6721136653896,55.78327887611766,56.3082238825034,56.91443422733076,-6.443105776444327,0.2748796219905524,2.7819582989574863,-14.96759243981105,-1.713100949523931,1.962991004490473,-10.095552223890891,15.22641370211689,56.16951266283535,-0.7527954182098032
612.99,0.0,15.363833191659614,55.64,55.620071250000606,56.191451250000114,56.86461500000045,-6.503120780194886,0.2738795969899286,2.777458186454679,-14.947591939798574,-1.844122653316496,2.217882352957614,-9.611118898630874,15.205912955488165,56.07903437500029,-0.8966130996940866
613.0,0.0,15.32383119155966,55.64,55.407141250000606,56.14972125000012,56.706255000000446,-6.54,0.2728795719893048,2.772958073951872,-14.927591439786095,-1.859141426783368,0.5708235294240307,-8.850167709642713,15.185412274083276,55.97577937500029,-0.8455508593521827
613.01,0.0,15.283829191459706,55.5862120841492,55.257570273972746,56.14680413894305,56.59510901174179,-6.54,0.271879546988681,2.7684579614490645,-14.90759093977362,-1.8478621378626567,-0.9686713286631584,-8.510309690304762,15.164911658166757,55.8964238772017,-0.733114435332946
613.02,0.0,15.24382719135975,55.44277764187933,55.213597671233074,56.20857517612496,56.56265304305298,-6.516905773556917,0.2708795219880572,2.7639578489462577,-14.887590439761144,-1.767942057942829,-2.227412587400443,-9.269550449543123,15.144411108004547,55.85690088307259,-0.46048474488787655
613.03,0.0,15.203825191259796,55.32255682004127,55.14398279141165,56.239760163599335,56.507623394683534,-6.456920769807816,0.2698764070873701,2.7594438318931656,-14.868207902766867,-1.7512912912896297,-2.662397397416618,-9.880560560558123,15.12451552203821,55.803480792433945,-0.3171923499286541
613.04,0.0,15.163823191159842,55.24925416155446,55.02254107362008,56.20912621676903,56.40696899795538,-6.396941529235598,0.2688507397625675,2.754828328931554,-14.85333572655723,-1.901441441440255,-0.9256606606743868,-10.10078078077904,15.109035113069798,55.72197261247474,-0.5148800976343542
613.0500000000001,0.0,15.123821191059433,55.19300489122257,54.96670751687967,56.17071518379552,56.35529780945261,-6.336971514242337,0.2678250724377533,2.75021282596989,-14.838463550347424,-2.0016983016981555,0.7326323676394579,-10.325029970031116,15.09355496205399,55.6714313503376,-0.6870460938259177
613.0600000000001,0.0,15.1,55.1651779344834,55.02022089522422,56.11934234058475,56.38526530132556,-6.323010000000457,0.2667994051129508,2.745597323008279,-14.823591374137788,-1.9717282717282203,2.186178821181322,-10.55979520479561,15.078075069785635,55.67250161790449,-0.7925975544707744
613.07,0.0,15.1,55.13597989703337,55.037091855846725,56.04431362588792,56.3964939347878,-6.383010000000117,0.2657737377881483,2.740981820046667,-14.80871919792815,-1.9486236236236296,2.744504504506781,-10.4726176176188,15.0625954370623,55.65346982838896,-0.8560886274442432
613.08,0.0,15.1,55.10450159352765,54.99302223093871,55.9299424564838,56.37655767590085,-6.431490636704109,0.2647480704633457,2.736366317085056,-14.793847021718513,-1.9436186186186373,0.9427027027095312,-9.536681681685227,15.047116064685,55.60100598921275,-0.8086932238291911
613.09,0.0,15.1,55.02931899005274,54.94102065799507,55.85803439938797,56.27309615914171,-6.461453183520684,0.2637224031385431,2.731750814123445,-14.778974845508875,-1.886038961039919,-0.7418781218713423,-8.923646353645223,15.03163695345804,55.52536755164437,-0.7069639389439213
613.1,0.0,15.1,54.86776836521192,54.87334404488608,55.87004154042344,56.00457282325765,-6.457151424287672,0.2626967358137406,2.727135311161833,-14.76410266929924,-1.6912337662342332,-2.120499500496197,-9.153416583416032,15.01615810418903,55.403931693444775,-0.46341733940352897
613.11,0.0,15.1,54.764469289999965,54.8089818249997,55.791156224998815,55.77741581999919,-6.397181409295434,0.2616710684889381,2.722519808200221,-14.749230493089604,-1.5665206508134306,-2.6904630788508053,-9.402603254067152,15.000679517688887,55.28550578999942,-0.32455776020360605
613.12,0.0,15.1,54.75804929,54.75013182500003,55.56110622500013,55.619055820000085,-6.325800000000369,0.2606454011641356,2.7179043052386103,-14.734358316879966,-1.626595744680575,-1.128510638305051,-9.702978723402875,14.985201194771873,55.17208579000007,-0.4616912346293441
613.13,0.0,15.1,54.74423558321144,54.69886946315293,55.370378799414894,55.59781098096542,-6.235800000000368,0.259619733839333,2.7132888022769985,-14.71948614067033,-1.6478332501254045,0.3879181228054261,-10.004510733896897,14.96972313625561,55.10282370668617,-0.5808735337194594
613.14,0.0,15.1,54.71812528550525,54.66022622254778,55.24504937042523,55.80460453879837,-6.191391456407593,0.2585940665145305,2.708673299315388,-14.704613964460693,-1.5679530703951512,1.785821268084853,-10.309053919118483,14.954245342961077,55.10700135431916,-0.6533180880152232
613.15,0.0,15.1,54.665443341876525,54.55935100461422,55.13055715017988,55.85076641722344,-6.221368973270003,0.2575683991897279,2.704057796353776,-14.689741788251055,-1.6075938908326446,2.415122684040276,-10.393918377571383,14.938767815712652,55.05152947847351,-0.7192240326699584
613.16,0.0,15.087504369974733,54.55794974884724,54.33010446437829,55.0384197847262,55.56557933367633,-6.251363522641951,0.2565427318649254,2.699442293392164,-14.67486961204142,-1.9631271907832453,1.013019529305511,-9.898174762147306,14.923290555338113,54.87301333290702,-0.7678485154127807
613.17,0.0,15.057538830345322,54.44702543500048,54.21707387499967,55.02025492999957,55.37181038500017,-6.28138603952956,0.2555170645401229,2.694826790430553,-14.659997435831782,-2.124382022474522,-0.406029962535727,-9.64531835205705,14.907813562668668,54.764041156249974,-0.7127100946324186
613.1800000000001,0.0,15.02757329071557,54.330395434999154,54.29732387500058,55.12511493000076,55.3300803849997,-6.288617074388221,0.2544913972153087,2.6902112874688893,-14.645125259621976,-1.7798127340819618,-1.869200998753409,-10.024843945069144,14.892336838538782,54.77072865625004,-0.38741420430575435
613.19,0.0,14.99760775108616,54.26852489278771,54.27734300682143,55.13264270955068,55.278957387913806,-6.258662006989376,0.2534657298905061,2.685595784507277,-14.63025308341234,-1.5451439299123113,-2.5018397997519246,-10.225657071339564,14.87686038378691,54.739366999268405,-0.21243292451929163
613.2,0.0,14.967642211456749,54.29772567251473,54.09066659356655,54.978295730993565,55.21221274853776,-6.2513071732068095,0.2524400625657036,2.6809802815456663,-14.615380907202702,-1.600212765957194,-0.944893617028432,-9.955319148937413,14.861384199254461,54.64472518640315,-0.4337356179665603
613.21,0.0,14.937676671827337,54.27695570731673,53.97753262130948,54.89165381258038,55.17701333504501,-6.28129967508136,0.2514143952409011,2.676364778584055,-14.600508730993068,-1.6150561797758207,0.5610861423138526,-9.884719101120895,14.845908285786505,54.5807888690629,-0.6060020890646954
613.22,0.0,14.907711132197926,54.15168741463355,54.01818987419788,54.94659604621335,55.207780985879474,-6.292469999999933,0.2503887279160985,2.6717492756224432,-14.585636554783427,-1.5251685393260992,1.934369538073485,-10.334157303369505,14.830432644231626,54.58106358023107,-0.6505976749431382
613.23,0.0,14.877745592568514,54.051130017390975,53.98638558012338,54.86373241242064,55.175403075775634,-6.272470000000009,0.2491335085230562,2.667111695076854,-14.56989093276899,-1.550863579473868,2.543141426785501,-10.37777221527056,14.814090390296286,54.51916277142766,-0.7159282668674607
613.24,0.0,14.847780052939104,53.9915821913041,53.83432595279439,54.55216967950178,55.03823040496836,-6.252470000000085,0.2477381921350667,2.6624606404502225,-14.553612241575776,-1.8812765957431623,1.1363829787298696,-9.351489361706845,14.797219338508611,54.35407705714216,-0.8359238747310738
613.25,0.0,14.817814513309692,53.92669065554609,53.70432234528749,54.41121235696456,54.897460336947056,-6.25129217695557,0.2463428757470771,2.6578095858235904,-14.537333550382566,-2.088127340824841,-0.2499999999898945,-8.67790262172099,14.780348553468071,54.2349214236863,-0.8631669995076265
613.26,0.0,14.8,53.85244211509587,53.612939526271845,54.56899050542128,54.75039111259374,-6.28128467883012,0.2449475593590875,2.6531585311969583,-14.521054859189354,-1.97327091136196,-1.5833333333198594,-8.922596754054956,14.763478036089122,54.196190814845686,-0.6489194250672404
613.27,0.0,14.8,53.77819357464565,53.52155670725619,54.72676865387799,54.60332188824042,-6.288728453659894,0.2435522429710979,2.6485074765703263,-14.504776167996145,-1.902390488109632,-2.248498122665641,-9.228035043799522,14.746607787290408,54.15746020600506,-0.5097255148601744
613.28,0.0,14.8,53.70669146198856,53.410182573099966,54.75847643274924,54.53870719298216,-6.258750936797485,0.2421569265831083,2.643856421943694,-14.48849747680293,-1.9474468085102457,-1.152127659584015,-9.69361702127254,14.72973780799475,54.103514415204984,-0.5684003558255238
613.29,0.0,14.8,53.63994682261251,53.26417867446486,54.571800019494354,54.61692356725097,-6.206295000000143,0.2407616101951187,2.6392053673170626,-14.47221878560972,-1.921783216784844,0.1237537462402286,-10.273956043949228,14.712868099129205,54.023212270955675,-0.6046250797185707
613.3000000000001,0.0,14.8,53.58830188717943,53.21398625641076,54.42168592820491,54.69263407179509,-6.11629499999912,0.2393662938071133,2.6345543126903777,-14.455940094416322,-1.7119930069929112,1.8670104895112865,-11.153076923077323,14.695998661624865,53.97915203589755,-0.5823985978985894
613.3100000000001,0.0,14.8,53.56964547692303,53.37311446153887,54.35145003076905,54.76286996923095,-6.082447552448069,0.2379709774191237,2.6299032580637456,-14.439661403223113,-1.599987487487121,2.814236736739632,-11.595578078079862,14.679129496417673,54.01426998461548,-0.5763134372594294
613.32,0.0,14.8,53.5316652539402,53.42092119089265,54.27403912434293,54.69996283712679,-6.142387612387939,0.2365756610311341,2.625252203437114,-14.423382712029898,-1.7451326326318992,1.6680905905963817,-10.88987237237594,14.662260604447278,53.981647101575646,-0.6126761430283634
613.33,0.0,14.8,53.45992144608404,53.27422116587333,54.18409166374715,54.40442118088349,-6.191169415292472,0.2351803446431445,2.620601148810482,-14.407104020836687,-1.7417268786154765,0.3775000000117876,-10.275736994222312,14.645391986657849,53.830663864147,-0.5702745392952548
613.34,0.0,14.8,53.404840356880754,53.22090811537608,54.1002529992661,54.23487212906419,-6.221154422788762,0.233785028255155,2.61595009418385,-14.390825329643476,-1.3515534682111254,-1.2891666666537107,-9.900014450869971,14.62852364399788,53.74021840014679,-0.32280189550024324
613.35,0.0,14.8,53.378685382546976,53.329712808604576,54.02701907113154,54.28404348081168,-6.228852213053091,0.2323897118671654,2.6112990395572178,-14.374546638450264,-1.0976163244062531,-2.458674291662492,-9.57590590070284,14.611655577420237,53.754865185773696,-0.16496528917184647
613.36,0.0,14.786478506730996,53.33949999999999,53.36721475409834,53.92635114754096,54.26450622950816,-6.198844711177641,0.2309943954791758,2.606647984930586,-14.358267947257051,-1.3835534182456373,-1.6580504289122162,-9.45633220691546,14.594787787882176,53.724393032786864,-0.36233650379034726
613.37,0.0,14.75144873142198,53.27262499999985,53.25319836065549,53.76738598360621,54.09896319672095,-6.18,0.2295990790911862,2.601996930303954,-14.34198925606384,-1.5830586766543635,-0.6329787765410189,-9.45746067415502,14.577920276345367,53.598043135245625,-0.5357541982965162
613.38,0.0,14.716418956112962,53.17512312625195,53.179167254509,53.64127430861698,54.08824268537168,-6.18,0.2282037627031966,2.597345875677322,-14.325710564870628,-1.5580898876405522,0.9750112359484424,-9.772067415729044,14.561053043775914,53.5209518436874,-0.6469616715012307
613.39,0.0,14.681389180803944,53.025022925851054,53.173806533066106,53.57158492985942,54.343413026053206,-6.18,0.226808446315207,2.59269482105069,-14.309431873677417,-1.6517171464319462,2.0682803504387506,-9.995862327909927,14.544186091144399,53.528456853707446,-0.7582168278073885
613.4,0.0,14.646359405494929,52.8734964082618,53.09266985176096,53.46513958201629,54.38255524179692,-6.18,0.2254131299272175,2.5880437664240583,-14.293153182484204,-2.057224030035171,1.8079549436811249,-9.980843554443142,14.527319419425881,53.45346527095899,-0.869597379420247
613.41,0.0,14.61132963018591,52.71956202187075,52.88361031348662,53.29664383475041,54.05700481652395,-6.135746810108515,0.2240178135392279,2.5833927117974262,-14.276874491290991,-2.31113829256237,1.0342985521900023,-9.850639041441564,14.510453029599951,53.23920524665793,-0.8941241709608772
613.42,0.0,14.576299854876892,52.59677839446003,52.71130050269284,53.24017469094671,53.81554269812763,-6.015656742557396,0.2226224971512383,2.578741657170794,-14.26059580009778,-2.171347978034427,-1.07254118819542,-9.421283075391454,14.493586922650731,53.09094907155681,-0.6930811251824721
613.4300000000001,0.0,14.541270079567475,52.541892526288144,52.61909224416408,53.42788436009455,53.75736367786544,-5.94,0.2212271807632329,2.5740906025441093,-14.244317108904385,-2.074131196795192,-2.5710816224336552,-9.253214822233328,14.476721099566728,53.08655820210305,-0.5300453560056452
613.44,0.0,14.50624030425846,52.51875942985781,52.512490337582975,53.50215551887839,53.67354228056875,-5.94,0.2191531974701142,2.570325693280725,-14.228110978971792,-2.0891537305959216,-2.465923885828548,-9.773995993991951,14.460074146540123,53.05173689172199,-0.4672105887870321
613.45,0.0,14.471210528949443,52.55086745686454,52.380847426855375,53.37907474868592,53.54511017254183,-5.917835541114727,0.2121257905832607,2.573028542083361,-14.212434455916505,-2.0264219725336634,-1.8430237203445925,-10.080586766541192,14.445025662598487,52.963974951236914,-0.46451641787805636
613.46,0.0,14.45,52.509459629447626,52.31524393466643,53.299835919063845,53.48268801560258,-5.857850537365627,0.2050983836964073,2.575731390885997,-14.196757932861216,-1.7617528089887642,0.124516853932584,-9.830898876404495,14.429982444523217,52.90180687469512,-0.6180147309074274
613.47,0.0,14.45,52.3404298878588,52.36428342759652,53.29670573866405,53.53485768893247,-5.786789999999916,0.1980709768095538,2.578434239688633,-14.181081409805929,-1.5520700876096878,1.6286157697113697,-9.676205256570457,14.41494450880045,52.88406918576296,-0.7274119257422011
613.48,0.0,14.45,52.20246514490883,52.4010070889972,53.19824024108694,53.54162050269285,-5.696789999999916,0.1910435699227003,2.581137088491269,-14.16540488675064,-1.4869887359202811,1.9139724655803056,-9.771324155193437,14.399911871979388,52.83583324442145,-0.7208335847066338
613.49,0.0,14.45,52.13221123364962,52.41088654526802,52.89197709669132,53.44941224416512,-5.662112359550561,0.1840161630358469,2.583839937293905,-14.14972836369535,-1.4927540574268363,1.5841298377168735,-9.622042446947018,14.38488455067256,52.721121779943516,-0.7110635496394537
613.5,0.0,14.45,52.10090197846232,52.34282541447531,52.76518359629353,53.340781963436,-5.722037453183369,0.1769887561489934,2.586542786096541,-14.134051840640062,-1.6825168539318038,-0.3434606741493753,-8.838022471913337,14.369862561556111,52.63742323816679,-0.6930042948207684
613.51,0.0,14.45,52.13734575507142,52.13916901577733,52.95061810668696,53.20358186326052,-5.76,0.1699613492621399,2.589245634899177,-14.118375317584771,-1.7937947434295436,-1.897231539422739,-8.298963704630504,14.35484592137005,52.60767868519906,-0.6503872883842395
613.52,0.0,14.45,52.13658534403103,51.98256725990751,53.03896033552142,53.0663229905177,-5.76,0.1629339423752865,2.5919484837018127,-14.102698794529486,-1.6986758448065649,-2.467944931160611,-8.404095118898008,14.339834646918545,52.556108982494415,-0.5431891892170714
613.53,0.0,14.45,52.0720679601265,51.90660324337476,52.96091511305627,52.92896339897902,-5.770964999999952,0.155906535488433,2.5946513325044487,-14.087022271474195,-1.6341647940073585,-2.399660424484692,-8.628544319595775,14.324828755070168,52.467137428884136,-0.4946577399732153
613.54,0.0,14.45,52.01431954848656,51.813230918420174,52.87467531041597,52.81835894304791,-5.800964999999952,0.1488791286015795,2.5973541813070846,-14.071345748418908,-1.6491460674155602,-0.6718202247387444,-9.162876404488308,14.309828262758204,52.38014618009265,-0.5984907556442832
613.5500000000001,0.0,14.45,51.97149758850667,51.681471041559,52.77036540790087,52.76675299127727,-5.8528293413182215,0.1418517217146462,2.600057030109752,-14.055669225363442,-1.63240861291951,0.8669504256370968,-9.676920380570255,14.294833186980725,52.297521757310946,-0.6750822330600772
613.5600000000001,0.0,14.438559703733231,51.91394672495584,51.631306345241576,52.60533779665104,52.80218892830479,-5.942649700599602,0.1348243148277927,2.602759878912388,-14.039992702308153,-1.5322583875813125,1.9085127691543504,-10.137611417125964,14.279843544801569,52.23819494878831,-0.6800348920827406
613.57,0.0,14.408532679411376,51.8305492730446,51.72432658006563,52.33376147888885,52.99036779415576,-6.021690000000386,0.1277969079409392,2.6054627277150235,-14.024316179252864,-1.5239590614082186,2.311005991011677,-10.246143285071236,14.264859353349584,52.21975128153871,-0.7026754563757902
613.58,0.0,14.37850565508952,51.76036787451327,51.71824911478466,52.1317635214002,52.99462900777974,-6.081690000000045,0.1207695010540857,2.6081655765176595,-14.008639656197577,-1.7536145781326955,1.0578856714933331,-9.442348976535564,14.249880629819602,52.151252379619464,-0.7711394449146524
613.59,0.0,14.348478630767664,51.71352935311264,51.53714016536889,52.05265846303469,52.6740453501932,-6.141700850425012,0.1137420941672323,2.6108684253202954,-13.992963133142288,-1.8234301452188344,-0.2459364046027787,-8.8268903355036,14.234907391472529,51.99434333292736,-0.7521514083402341
613.6,0.0,14.318451606445809,51.65942676978594,51.43596696571292,52.03446190770833,52.42139972673357,-6.201730865432441,0.1067146872803788,2.613571274122932,-13.977286610087,-1.472904356537139,-1.6830921381977306,-8.706710065098449,14.219939655635649,51.88781384248519,-0.503185178679961
613.61,0.0,14.288424582123952,51.58881063160617,51.51651349832421,52.15473001804574,52.323199159577335,-6.2508668498624615,0.0996872803935253,2.616274122925568,-13.96161008703171,-1.2881303045411427,-2.4794583125384144,-8.585239640540234,14.204977439702882,51.895813326888366,-0.37670852819002987
613.62,0.0,14.258397557802097,51.5471667065868,51.512862634731,52.17860766467111,52.25351407185635,-6.280844366724872,0.0926598735066718,2.618976971728203,-13.94593356397642,-1.532763354966431,-1.615753869200152,-8.460426859711006,14.190020761135091,51.87303776946132,-0.5675612542729407
613.63,0.0,14.22837053348024,51.55570962075845,51.36336163672711,52.03551385229594,52.23322465069868,-6.289188919391128,0.1000046341463353,2.612117560975615,-13.925144634146353,-1.6576157117842851,-0.4661571178428514,-8.827673254937299,14.16837365970784,51.796952440120045,-0.6734498145867186
613.64,0.0,14.198343509158386,51.51815365960607,51.29023766739686,51.91479460920416,52.284412261990944,-6.259241327676666,0.1161021951219272,2.5994346341463603,-13.901242195121986,-1.467473104829429,1.435268951705711,-10.488919189384989,14.142668584971922,51.75189954954951,-0.555902664917551
613.65,0.0,14.16831648483653,51.39935161431762,51.35172293644965,51.83350899926995,52.461573206719336,-6.261482223334794,0.1321997560975191,2.5867517073171062,-13.877339756097625,-1.317544341743992,2.714506620037272,-11.81455658256008,14.116986926288055,51.761539189189136,-0.4379532477588928
613.66,0.0,14.15,51.35220621364163,51.38676294465907,51.75079044015488,52.52528315572813,-6.321572358537713,0.148297317073111,2.574068780487852,-13.85343731707326,-1.2725780664506323,2.369765176121516,-12.264219335493674,14.091328811684555,51.753760688545924,-0.31895386888575866
613.67,0.0,14.15,51.46567854311412,51.36252613642223,51.66485993822426,52.33469370913842,-6.392428785607022,0.1643948780487029,2.5613858536585976,-13.829534878048896,-1.3448735286702904,1.526636614102305,-12.065632356648548,14.065694370006122,51.706939581724754,-0.2856144246944093
613.6800000000001,0.0,14.15,51.49394418222455,51.28398604928909,51.70163126213799,52.21035033607161,-6.482383808096402,0.1804924390244778,2.548702926829199,-13.80563243902426,-1.725539694465234,-0.6271324818427724,-10.16230152767383,14.040083730918832,51.672477957430814,-0.4775403985853035
613.69,0.0,14.15,51.37461134677529,51.11137962658569,51.95095165048734,52.20076109036587,-6.54,0.1965900000000697,2.536019999999945,-13.781729999999897,-1.9526528574993165,-2.0463139505863053,-8.884694285001368,14.014497024916624,51.659425928553546,-0.5995891778615373
613.7,0.0,14.15,51.262529646771576,50.978488306942346,52.043673958585856,52.161426090133375,-6.54,0.2126875609756616,2.523337073170691,-13.757827560975532,-1.7829498377840334,-1.5671524831549175,-9.224100324431934,13.988934383324892,51.611529500608285,-0.5410592570825011
613.71,0.0,14.15,51.16347970767311,50.91697308160751,51.85495775882982,52.06863193666218,-6.561597603594546,0.2287851219512535,2.5106541463414365,-13.733925121951168,-1.6282699048576172,-0.8378592889373877,-9.4948322483723,13.963395938307025,51.50101062119315,-0.5239770377999007
613.72,0.0,14.15,51.05427720690505,50.88161984540074,51.75575387786683,52.05661163102344,-6.621507738392236,0.2448826829268454,2.4979712195121824,-13.710022682926803,-1.5130971457193456,0.5492213319887502,-9.584967451176166,13.937881822869503,51.43706564029901,-0.6158924945043891
613.73,0.0,14.15,50.92194018036566,50.905881633599634,51.86052069054385,52.22864976552464,-6.66,0.2609802439024373,2.4852882926829283,-13.686120243902442,-1.5023015476763146,1.59171243135172,-9.761233150271254,13.912392170867326,51.47924806750844,-0.6939933192389725
613.74,0.0,14.15,50.82585143777887,50.90196360932075,51.78091688646487,52.18908979176977,-6.66,0.2770778048780292,2.4726053658536737,-13.66221780487808,-1.7619121318011104,1.7414877683467944,-10.160634048924786,13.886927117009437,51.42445543133356,-0.7363050704843166
613.75,0.0,14.15,50.79296100644524,50.84891452652459,51.379865820525865,51.7806118542393,-6.66,0.2931753658536211,2.45992243902442,-13.638315365853714,-2.045190285427149,1.4968302453717377,-10.4417225838759,13.86148679686421,51.20058830193375,-0.7634555293796386
613.76,0.0,14.13206053317327,50.74442204777034,50.75318829129821,51.144761109069485,51.532711618506646,-6.66,0.309272926829213,2.4472395121951656,-13.61441292682935,-2.390708562841964,0.2149073610501082,-10.411677516274612,13.836071346864935,51.043770766661176,-0.750735366468457
613.77,0.0,14.081950290639746,50.66649988308031,50.57732725906199,51.221253509269786,51.586327786871344,-6.66,0.3253704878048049,2.434556585365911,-13.590510487804988,-2.5111097287925275,-0.9192734511003048,-10.301301318738943,13.810680904315335,51.01285210957086,-0.6899363971103378
613.78,0.0,14.031840048106224,50.58857771839028,50.401466226825775,51.297745909470095,51.63994395523604,-6.649276085871376,0.3414680487803968,2.421873658536657,-13.566608048780624,-2.048308036829068,-1.6707041552560309,-9.982814132871615,13.785315607395097,50.98193345248055,-0.5045813816010963
613.79,0.0,13.9817298055727,50.518639960947326,50.28157319502084,51.27689570905643,51.58878360263733,-6.619321018472531,0.3575656097559887,2.409190731707403,-13.54270560975626,-1.6843165829153846,-1.919909547748177,-9.813532663314575,13.759975595165447,50.91647311691548,-0.3820514153476066
613.8000000000001,0.0,13.931619563038607,50.46327261898893,50.263813858920976,51.07840901146974,51.34642089821568,-6.568049999999806,0.3736631707317636,2.3965078048780044,-13.518803170731625,-1.5888391959797457,-0.8043316582896602,-10.049713567839577,13.734661007574447,50.78797909689883,-0.4302467688264917
613.8100000000001,0.0,13.881509320505083,50.39854794435759,50.258216424523695,50.93281311179775,51.21211894384465,-6.478049999999806,0.3897607317073555,2.38382487804875,-13.49490073170726,-1.4559421013226046,0.2952233591219095,-10.309124032942464,13.709371985463752,50.70042410613092,-0.46069419965497327
613.82,0.0,13.83139907797156,50.31255103554825,50.28026691396199,50.90745504894372,51.323473915508025,-6.44130000000013,0.4058582926829474,2.371141951219496,-13.470998292682896,-1.2263438981783978,1.3533715996995574,-10.628565011230055,13.68410867057252,50.7059367284905,-0.4452769271483248
613.83,0.0,13.781288835438035,50.250533911530766,50.28342471172955,50.77891022862752,51.35508342445304,-6.501300000000129,0.4190887272181787,2.360243006075152,-13.44872421810545,-1.0903581267216,1.8550563486114915,-10.6474931129488,13.660694180884954,50.66698806908522,-0.44891267114386324
613.84,0.0,13.731178592904511,50.23032516401578,50.25364339960221,50.470460924451416,51.24765797713653,-6.54,0.4115885397134958,2.362243056076401,-13.438223955598897,-1.200550964187305,0.8933734034562506,-9.876143250688868,13.650474733973054,50.55052186630149,-0.5026533532735613
613.85,0.0,13.68106835037099,50.17957682189071,50.172795189629056,50.34135845895491,51.15600909745513,-6.54,0.4040883522088129,2.36424310607765,-13.42772369309234,-1.356590965809929,-0.1202894933869773,-9.019206388819187,13.640260130916122,50.462434891982454,-0.5793379735788226
613.86,0.0,13.65,50.0727309265478,49.99814324531851,50.54169451272288,51.09333987037899,-6.54,0.39658816470413,2.3662431560788986,-13.417223430585784,-1.6311105565258286,-1.2682805091080105,-7.941093087098564,13.630050382604377,50.426477138742044,-0.7153149932551348
613.87,0.0,13.65,49.9688405730657,49.84442011461297,50.696452836676286,51.04756,-6.54,0.3890879771994472,2.368243206080148,-13.406723168079226,-1.83,-1.9620085149026043,-7.306270974203239,13.619845499955504,50.38931838108874,-0.8060427496013911
613.88,0.0,13.65,49.87296143787417,49.747426105756425,50.72766929929679,51.04756,-6.518869434717484,0.3815877896947643,2.370243256081396,-13.396222905572673,-1.83,-1.4611319809704353,-7.837200100171339,13.609645493914726,50.348904210731845,-0.7777756192582599
613.89,0.0,13.65,49.83361083961807,49.67383600804416,50.71971716440402,50.99822918049235,-6.458839419710055,0.3740876021900814,2.3722433060826447,-13.385722643066115,-1.8021487397066152,-0.6975492887605883,-8.541682056388597,13.599450375454854,50.30634829813965,-0.7412073774806704
613.9,0.0,13.65,49.89924180995475,49.64371031674208,50.63902334841629,50.85728398190045,-6.441164126904612,0.3665874146853985,2.374243356083894,-13.375222380559558,-1.7023234339917428,0.7449263788193186,-9.694664337395372,13.589260155576369,50.25981486425339,-0.6831871595576997
613.91,0.0,13.65,49.89095178068934,49.66831598253244,50.52261311984519,50.78183866084415,-6.501119160629432,0.3590872271807157,2.3762434060851425,-13.364722118053002,-1.63,1.7706763527063245,-10.719095691373829,13.579074845307488,50.21592988597778,-0.6105246840489555
613.92,0.0,13.65,49.751815439107936,49.78980069868934,50.34298187287815,50.82233356622978,-6.550544999999929,0.3515870396760328,2.378243456086391,-13.354221855546449,-1.63,1.7005360721451577,-11.405468436865249,13.568894455704205,50.176732894226305,-0.4993565257032107
613.9300000000001,0.0,13.65,49.645192073921805,49.85111104722751,50.21328517453792,50.79069848049174,-6.580545000000099,0.3440868521712646,2.3802435060876626,-13.34372159303977,-1.6843937125747075,1.2622704590828555,-11.669872754491625,13.558718997850256,50.12507169404475,-0.4320359678375208
613.94,0.0,13.65,49.61443232032829,49.77201453798705,50.20010242299784,50.59076008213392,-6.589460269865066,0.3365866646665817,2.382243556088912,-13.333221330533217,-1.8790044910176973,-0.1249550898184588,-10.846519461078971,13.548548482857656,50.04432734086178,-0.4777465231998474
613.95,0.0,13.65,49.58164926241815,49.65423853487042,50.22746647265517,50.43360871048603,-6.559475262368776,0.3290864771618988,2.3842436060901604,-13.32272106802666,-1.8833542084176544,-1.2348997995985684,-10.087129258518011,13.538382921866042,49.974240745107444,-0.4787162419830033
613.96,0.0,13.643210000000083,49.545141485198,49.46525709984844,50.3294734972409,50.35522436527805,-6.54,0.321586289657216,2.386243656091409,-13.312220805520102,-1.3873622244494022,-1.6156613226449037,-9.495946893788176,13.52822232604322,49.92377411189135,-0.3620281164761181
613.97,0.0,13.623210000000084,49.490875730880695,49.34597929332044,50.35023696030944,50.26035696030944,-6.54,0.3140861021525331,2.388243706092658,-13.301720543013548,-1.0439471057883865,-1.6696357285434935,-9.042105788423228,13.518066706585126,49.861862236205,-0.3097737846204503
613.98,0.0,13.603210000000084,49.40490283639876,49.35115838334947,50.22593879961268,50.13605879961268,-6.54,0.3065859146478502,2.3902437560939065,-13.291220280506993,-1.093847305389153,-0.8812125748513795,-8.942305389221694,13.507916074715846,49.77951470474339,-0.4236180156478977
613.99,0.0,13.583210000000085,49.34122457670601,49.37026225756792,50.142563991790645,50.08517707542316,-6.54,0.2990857271431674,2.392243806095155,-13.280720018000435,-1.1658777861253231,0.0460180315512812,-9.1032056098146,13.497770441687726,49.73480697537193,-0.5198736577339226
614.0,0.0,13.563210000000083,49.331342585941535,49.4229662083118,50.15793597742427,50.211446957413685,-6.529567175381605,0.2915855396384845,2.394243856096404,-13.270219755493878,-1.296105684947687,1.3382794890962777,-9.949686952159963,13.487629818781418,49.780922932272816,-0.5698754606614092
614.01,0.0,13.543210000000084,49.29500073109696,49.44095151727608,50.103140600902016,50.25004404606956,-6.499544658493996,0.2840853521338016,2.396243906097653,-13.259719492987324,-1.4484876466161083,2.054152732726267,-10.685330671320232,13.477494217305944,49.77228422383615,-0.5841561102652748
614.02,0.0,13.523210000000084,49.20820053079633,49.39272918377574,49.914537696545125,50.12145115673531,-6.48,0.2765851646291187,2.3982439560989017,-13.249219230480769,-1.6581207886173406,1.280506613436006,-11.13454454703716,13.467363648598758,49.65922964196312,-0.5061251055763255
614.03,0.0,13.503210000000085,49.12856654914279,49.28628263704442,49.83047259599118,49.99838740400882,-6.48,0.2695729786489363,2.3993899694984804,-13.237742887144378,-1.8679709418810275,0.4080611222592348,-11.26400300602129,13.456135350192088,49.5609272965468,-0.46628480967130603
614.04,0.0,13.483210000000083,49.06241827577899,49.07026718184078,49.943131374063896,49.8857286259361,-6.500789999999935,0.2660728036401903,2.3943897194859862,-13.219241962098147,-2.0783917835645283,-0.7242034067996035,-10.552580160329454,13.436973428496225,49.49038636440494,-0.5268770673626075
614.0500000000001,0.0,13.463209999999858,49.01119279358501,48.90357227108096,50.03229274185224,49.82564767718628,-6.560790000000276,0.2625726286314045,2.389389469473435,-13.20074103705171,-2.1239225967545368,-1.3892584269669734,-10.051166042446892,13.417812427867592,49.443176370926125,-0.5488957066795488
614.0600000000001,0.0,13.45,48.99901483186746,48.86593129849944,50.05996992757394,49.90314379720703,-6.610395000000027,0.2590724536226585,2.3843892194609406,-13.18224011200548,-1.7443970037467564,-0.8499325842717067,-10.091116104868764,13.398652352258187,49.45701496378697,-0.47147859630242195
614.07,0.0,13.45,48.97154498375357,48.82872659335135,49.970476230939546,49.92719592101907,-6.6403950000000265,0.2555722786139124,2.3793889694484465,-13.163739186959251,-1.476933667083732,-0.1868135169009671,-10.118613266583257,13.379493205641813,49.42448593226588,-0.4464512767123875
614.08,0.0,13.45,48.91484915771005,48.79235568607814,49.65704458884987,49.849105443638365,-6.66,0.2520721036051664,2.374388719435952,-13.145238261913024,-1.5019649561951844,0.7994192740902666,-10.113607008760964,13.360334992015085,49.30333871906911,-0.558166985065061
614.09,0.0,13.45,48.823559522182975,48.78671208191171,49.4450359726961,49.791715972696096,-6.66,0.2485719285964204,2.3693884694234577,-13.126737336866794,-154.6043324939851,1.451378277153823,-10.158851435705149,13.341177715397382,49.21175588737172,-52.03390852692475
614.1,0.0,13.45,48.66600710872672,48.8399251487082,49.42729828376393,49.77397828376394,-6.63929482370566,0.2450717535876744,2.364388219410964,-13.108236411820563,-169.0328358213228,1.2416404494389972,-10.333632958800836,13.322021379831003,49.176802206240694,-56.831024117656256
614.11,0.0,13.45,48.56599033316257,48.83628297283413,49.37278239876954,49.72042325986642,-6.57927981995476,0.2415715785789284,2.3593879693984694,-13.089735486774336,-1.416270337920616,0.8667359199051068,-10.340740926160493,13.302865989381337,49.12386974115816,-0.5020147328547584
614.12,0.0,13.45,48.60547777549986,48.69478630445884,49.22909198359773,49.580023464889386,-6.5503624093977,0.2380714035701824,2.354387719385975,-13.071234561728108,-1.6916145181450275,0.0607284105209193,-9.910202753445956,13.283711548137017,49.02734488211146,-0.5758262141845127
614.13,0.0,13.45,48.5814627727724,48.52118824824765,49.159966466466656,49.41810530530479,-6.580354911272081,0.2345712285614364,2.3493874693734806,-13.05273363668188,-1.8830212234709376,-0.6498052434405633,-9.553940074908189,13.264558060210092,48.92018069819787,-0.6201368013834538
614.14,0.0,13.45,48.43472603603603,48.28555261261261,49.23494144144144,49.2146018018018,-6.568981018981544,0.2310710535526903,2.3443872193609865,-13.03423271163565,-1.858052434457126,-1.1142247190974572,-9.38914606741703,13.245405529736185,48.79245547297297,-0.5883994664982827
614.15,0.0,13.45,48.33654357212005,48.1413985672797,49.2770942884802,49.10754641819924,-6.479070929071227,0.2275708785439443,2.339386969348492,-13.01573178658942,-1.819198998748923,-1.2919123904918146,-9.312988735918893,13.226253960874674,48.71564571151979,-0.5684006537347224
614.16,0.0,13.435882117682526,48.33136448209102,48.17247310745389,49.25637792836408,49.18523276863471,-6.430292573143229,0.2240707035351983,2.3343867193359977,-12.997230861543192,-1.7441051314149925,-0.7211989987539429,-9.468182728409015,13.207103357808851,48.736362071635924,-0.5790406550295126
614.17,0.0,13.395888116782691,48.33006760774188,48.17780674580679,49.21325251096829,49.24660116645151,-6.460300075018679,0.2205705285264523,2.329386469323504,-12.978729936496965,-1.6830212234709772,0.0054406991118362,-9.739116104861722,13.187953724746095,48.74193200774212,-0.5930834198356071
614.1800000000001,0.0,13.355894115882402,48.33890373677425,48.11595384258023,49.111637027096094,49.26537794064529,-6.490294705294926,0.2170703535176665,2.324386219310952,-12.960229011450524,-1.6580524344570235,1.1340299625425396,-10.308404494379866,13.168805065917818,48.70796813677397,-0.6158978880768079
614.19,0.0,13.315900114982568,48.26270363727016,48.11176226829962,48.97772933299871,49.22587203597183,-6.5202647352648615,0.2135701785089205,2.319385969298458,-12.941728086404297,-1.6386132665832538,1.7780450563234511,-10.747734668334928,13.149657385580534,48.64451681863508,-0.6098492296700682
614.2,0.0,13.275906114082732,48.02106486634789,48.21975127654364,48.78099688233633,49.07297670746791,-6.54,0.2100700035001744,2.314385719285964,-12.923227161358064,-1.633607008760963,1.1572690863594262,-10.847859824780738,13.130510688014695,48.52369743317394,-0.5284646847403718
614.21,0.0,13.235912113182897,47.864956771691816,48.236193349489554,48.64865630634992,48.89637764420544,-6.54,0.2065698284914284,2.3093854692734697,-12.904726236311838,-1.6383287807300553,0.4407027563948795,-10.70761609138359,13.111364977525778,48.411546017934185,-0.4767634753065014
614.22,0.0,13.195918112283064,47.87636733882699,48.07333343674204,48.64243236063982,48.673352922927,-6.529739999999975,0.2030696534826824,2.304385219260975,-12.886225311265608,-1.6681276384405093,-0.5227936429097975,-9.947745219767016,13.09222025844419,48.31637151478396,-0.501580488501618
614.23,0.0,13.155924111383229,47.87429140936127,47.88982038272568,48.64735547970002,48.498876446858034,-6.499739999999974,0.199944106152869,2.299608743070084,-12.868379078433202,-1.6109768378652798,-1.2058912386707634,-9.320352467271094,13.073766026782298,48.227585929661245,-0.5063059186085692
614.24,0.0,13.115930110483394,47.8366601706749,47.65185813809126,48.68166631497289,48.452390799068986,-6.473163418290855,0.1994896846314661,2.296427792420264,-12.85520085431252,-1.3138972809671756,-1.1152567975832062,-9.058519637462595,13.060228395582977,48.155643855702,-0.4555906645547759
614.25,0.0,13.07593610958356,47.77940766350461,47.51668660509245,48.65536906640018,48.44221203195216,-6.453173413293404,0.1990352631100633,2.2932468417704435,-12.842022630191837,-1.1741073657920904,-0.8766167290902036,-8.974868913856733,13.046690819806019,48.09841884173735,-0.4461207006802593
614.26,0.0,13.05,47.684320294558205,47.57972205192209,48.51220381427864,48.50204228657012,-6.433183408295953,0.1985808415886604,2.290065891120624,-12.828844406071154,-1.43877652933699,-0.2573907615511938,-9.34940074906178,13.033153299624129,48.069572111832265,-0.5427100544105551
614.27,0.0,13.05,47.597032203333455,47.61127854000005,48.36534392000026,48.54089561000001,-6.430209895052285,0.1981264200672575,2.286884940470803,-12.815666181950473,-1.6119399249066375,0.3414267834751177,-9.675569461825733,13.019615835210724,48.02863756833344,-0.6137670331023638
614.28,0.0,13.05,47.52498553666678,47.58131854000005,48.211263920000256,48.53875561,-6.460194902548575,0.1976719985458547,2.2837039898209834,-12.802487957829788,-1.5468585732172309,0.8871088861016794,-9.875819774716213,13.006078426739942,47.964080901666776,-0.6183478281331279
614.29,0.0,13.05,47.45293887000012,47.55135854000005,48.057183920000256,48.53661561,-6.490177366974605,0.1972175770244518,2.280523039171164,-12.789309733709104,-1.5657178526812567,1.1723345817775157,-10.046566791509443,12.992541074386654,47.8995242350001,-0.628499328815565
614.3000000000001,0.0,13.05,47.41335608822126,47.51292988366404,47.90258985942651,48.4793696509921,-6.5201548838371854,0.1967631555030438,2.277342088521307,-12.776131509588271,-1.8004244694137532,0.7878152309604469,-10.141448189763008,12.9790037783263,47.827061370575976,-0.6529755011749473
614.3100000000001,0.0,13.05,47.437214546776765,47.457951696557885,47.74699121667325,48.31443508967365,-6.54,0.1963087339816409,2.274161137871487,-12.762953285467589,-1.964443053817199,0.2877221526879687,-10.05857321651868,12.965466538735516,47.739148137420386,-0.6685968690574418
614.32,0.0,13.05,47.42804006190271,47.35455532112263,47.64855444931692,48.18916139282933,-6.54,0.1958543124602381,2.270980187221667,-12.749775061346906,-1.944418022528151,-0.5132790988739566,-9.51289111389212,12.951929355791211,47.6550778062929,-0.6611638360959456
614.33,0.0,13.05,47.33199672942953,47.12383053391691,47.70043992777945,48.168186412174265,-6.509767558110036,0.1953998909388352,2.2677992365718467,-12.736596837226225,-1.838439528733639,-1.1155830728538365,-9.136157730223475,12.93839222967119,47.58111340082504,-0.6199587299072276
614.34,0.0,13.05,47.25930975512237,46.96581426286853,47.72979426286852,48.101660169914645,-6.419790052486385,0.1949454694174323,2.264618285922027,-12.72341861310554,-1.511437845637368,-1.2069511901895589,-9.193863909593404,12.924855160553998,47.51414461269352,-0.4919111497048665
614.35,0.0,13.05,47.23257312343818,46.95084174912538,47.714821749125385,47.94551824087897,-6.36,0.1944910478960295,2.261437335272207,-12.710240388984856,-1.272967977088682,-1.0983441812076975,-9.289067951053092,12.911318148618934,47.46093871564197,-0.4087135640229198
614.36,0.0,13.05,47.19632491628226,46.91542563940764,47.6755670371266,47.86731436059236,-6.36,0.1940366263746266,2.258256384622386,-12.697062164864173,-1.3875214787811876,-0.1923301223669711,-9.533795886487082,12.897781194046049,47.41365798835221,-0.5043567295647684
614.37,0.0,13.05,47.14128002426592,46.83960909002666,47.58832607619506,47.94313090997334,-6.370040020009904,0.1935822048532238,2.2550754339725665,-12.68388394074349,-1.4825842696628078,0.6096129837689372,-9.849825218475644,12.884244297016142,47.37808652511524,-0.5718421979224602
614.38,0.0,13.05,47.05026537945309,46.82120472896207,47.50137892617465,47.99045068146624,-6.400055027513618,0.1931277833318209,2.2518944833227468,-12.670705716622807,-1.5275280898874133,1.14394506866147,-10.34920099874904,12.870707457710783,47.34082492901402,-0.5669221592345233
614.39,0.0,13.05,46.86465877129614,46.95378087764561,47.41520442953035,47.9628306504905,-6.440129999999672,0.192673361810418,2.2487135326729266,-12.657527492502124,-1.5780600750933629,1.3396745932468703,-10.640538172717838,12.857170676312297,47.29911868224065,-0.5601538922254043
614.4,0.0,13.05,46.766068452529225,47.01223724395721,47.31776557189145,47.89112879142799,-6.500129999999672,0.1922189402890152,2.2455325820231065,-12.644349268381442,-1.643141426782769,0.6538172715969718,-10.390225281604735,12.84363395300378,47.24680001495146,-0.5485735712988062
614.41,0.0,13.05,46.83752621480202,46.925848008970696,47.1983137901817,47.73328179416868,-6.529940029985159,0.1917645187676123,2.2423516313732863,-12.63117104426076,-1.662034956305848,-0.0245692883814016,-10.061785268420996,12.830097287969101,47.17374245203077,-0.5340829576737744
614.42,0.0,13.05,46.84866579203096,46.784249504372845,47.15062623906718,47.61817360544214,-6.499955022488869,0.1913100972462094,2.2391706807234666,-12.617992820140076,-1.562159800250602,-0.6837453183460253,-9.532446941328192,12.816560681392902,47.10042878522828,-0.5121087342522809
614.4300000000001,0.0,13.05,46.73844227405176,46.5315672886281,47.24733177842628,47.589057959183485,-6.469967508122767,0.1908556757248014,2.23598973007361,-12.604814596019242,-1.4594367959945955,-1.168335419274201,-9.081927409260691,12.80302413346045,47.02659982507241,-0.4954038969939235
614.44,0.0,13.05,46.64569609403241,46.37023536037224,47.29542463962776,47.52550698010803,-6.439975006248387,0.1904012542033986,2.2328087794237903,-12.59163637189856,-1.3492991239048309,-1.1983729662077731,-8.836620775969852,12.789487644358273,46.95921576853511,-0.49241845253927924
614.45,0.0,13.05,46.59925848101233,46.45094835443095,47.21471164556905,47.37071493670777,-6.4400299850074205,0.1903901300433484,2.22954484828276,-12.57817939313104,-1.3035664335661097,-0.8871328671360805,-8.77328671328562,12.775668885733866,46.908908354430025,-0.5190092795295869
614.46,0.0,13.04132156823426,46.574697315000144,46.48586805499958,47.15117853999976,47.28751633500044,-6.5,0.1937245748582839,2.2256546626653355,-12.562618650661342,-1.423446553445851,0.3016783216713548,-9.177882117879747,12.759720030247221,46.87481506124998,-0.6216533759504566
614.47,0.0,13.011240348942204,46.592887315000034,46.431298054999885,47.12121853999994,47.34422633500012,-6.520029985007421,0.1970590196732194,2.221764477047911,-12.547057908191643,-1.561481481480137,1.158608608608645,-9.547917917915884,12.743772275124075,46.87240756124999,-0.7011142371788841
614.48,0.0,12.98115912965015,46.52951750665713,46.408877661583126,47.05335282982338,47.3270293536675,-6.460059970014841,0.2003934644881549,2.217874291430486,-12.531497165721944,-1.746666666665908,1.153603603603624,-9.82819819819705,12.727825624500635,46.82969433793278,-0.7203654012503988
614.49,0.0,12.951077910358094,46.30676272573175,46.44928434277424,46.91141141128024,47.16540262890304,-6.42,0.2037279093030904,2.213984105813061,-12.515936423252244,-1.882797202797176,0.9458041958061671,-9.997832167832478,12.711880082533584,46.708215277172314,-0.7188008099053147
614.5,0.0,12.92099669106604,46.14722543489452,46.42934858466227,46.80641592382911,47.029257879567446,-6.42,0.2070623541180259,2.210093920195636,-12.500375680782543,-1.8927872127871543,0.2165334665377404,-9.882947052947726,12.695935653400195,46.60306195573833,-0.6637099903456356
614.51,0.0,12.890915471773988,46.156036551724135,46.24872068965525,46.7998075862069,46.96097172413796,-6.410062453160313,0.2103967989329614,2.2062037345782115,-12.484814938312846,-1.8276295369234992,-0.3948961201474338,-9.67613516896522,12.679992341298464,46.54138413793106,-0.6095487173339259
614.52,0.0,12.860834252481933,46.1452985359741,46.071048207571394,46.82228960140359,46.925134063675,-6.380084936297903,0.2137312437478969,2.202313548960787,-12.469254195843147,-1.5673041301658734,-0.7002778473054179,-9.2305782227839,12.664050150447219,46.490942602156025,-0.5578015903929403
614.53,0.0,12.830753033189875,46.09486985710728,45.89937610930137,46.903833848081845,46.955176680872256,-6.36,0.2170656885628324,2.198423363343362,-12.453693453373448,-1.3785992509363971,-0.96202247190808,-8.853970037455893,12.648109085086272,46.46331412384068,-0.524208982423978
614.54,0.0,12.80067181389782,46.03329941133941,45.81058917249658,46.922338016888375,46.97029002171298,-6.36,0.220400133377768,2.1945331777259374,-12.43813271090375,-1.3736054931336352,-1.111835205990949,-8.654219725345401,12.632169149476534,46.434129155609334,-0.537183848256462
614.5500000000001,0.0,12.770590594605425,45.94966129312369,45.88596673582679,46.815983372737534,46.95583405066336,-6.350117470632102,0.2237345781927414,2.190642992108468,-12.422571968433871,-1.3922622622624647,-0.9625925925902532,-8.664444444445849,12.616230347899963,46.40186136308784,-0.5574205533045564
614.5600000000001,0.0,12.740567541980186,45.90483790829513,45.91716302936568,46.73586021638327,46.94199039670265,-6.320124968757722,0.2270690230076769,2.1867528064910435,-12.407011225964174,-1.4723423423423423,-0.0366666666666666,-9.22,12.600292684660431,46.37496288768668,-0.596517142933366
614.57,0.0,12.710670686132872,45.96878432766656,45.82455097372431,46.72924506955173,46.92986262751151,-6.30986260304772,0.2304034678226124,2.182862620873619,-12.391450483494475,-1.5467748377432442,0.7725861208175753,-9.804523215175688,12.584356164082745,46.363110749613526,-0.6172011393522098
614.58,0.0,12.680773830285556,45.94107592991132,45.73105756195198,46.66507997997407,46.86471974968625,-6.33984011991013,0.2337379126375479,2.178972435256194,-12.375889741024777,-1.606684972540934,1.281822266597938,-10.463534697950273,12.568420790513532,46.3004833053809,-0.5905384675164291
614.59,0.0,12.65087697443824,45.72038006007472,45.63570837546918,46.47973830287828,46.68794878598218,-6.369820089955136,0.2370723574524834,2.1750822496387694,-12.360328998555078,-1.604214876033928,1.4321738041614152,-10.959423991985606,12.552486568321166,46.13094388110109,-0.5302958483697956
614.6,0.0,12.620980118590923,45.61072179039308,45.57298469189714,46.3629634594857,46.50553252304696,-6.399805097451425,0.2404068022674189,2.1711920640213447,-12.34476825608538,-1.438925619835371,0.6457976458834318,-11.02954670673651,12.536553501895925,46.01305061620572,-0.3824059299219815
614.61,0.0,12.591083262743611,45.73220650655065,45.578176346433786,46.38892173216894,46.31136464337632,-6.410202550637545,0.2437412470823544,2.16730187840392,-12.32920751361568,-1.2653571428579156,-0.0685164835143833,-11.103818681318344,12.520621595650104,46.00266730713242,-0.2386010139268639
614.62,0.0,12.561186406896296,45.819354080948656,45.55292601185817,46.351927202886266,46.2064469244658,-6.380195048762266,0.2470756918972899,2.163411692786496,-12.31364677114598,-1.070551948053336,-0.5979870129832411,-11.18873376623316,12.50469085401817,45.98266355503972,-0.10527438408062309
614.63,0.0,12.53128955104898,45.81052706367618,45.44258829595229,46.13897541118791,46.3509893323025,-6.36,0.2503075153757599,2.159446472323632,-12.297416870843618,-0.935575575575405,-1.030180180178645,-11.102247247251768,12.488087308086607,45.935770025779725,-0.02809439208106948
614.64,0.0,12.501392695201666,45.78621805839778,45.42510227102578,46.029973511355166,46.44385495882206,-6.36,0.2528076403820084,2.154946247312385,-12.27641582079113,-0.9555955955954883,-1.210360360359395,-10.57171671671956,12.466679206461198,45.92128719990019,-0.096371488800657
614.65,0.0,12.47149583935435,45.72960712752688,45.60134384826539,46.13785471924123,46.42890112802597,-6.36,0.255307765388257,2.150446022301137,-12.25541477073864,-1.041438202246226,-1.0542471910150966,-10.023310861425472,12.445271847281486,45.97442670576487,-0.2244273399219222
614.66,0.0,12.45,45.70315524087586,45.64533723114387,46.216500107055936,46.415068676399045,-6.36,0.2578078903945056,2.14594579728989,-12.234413720686154,-1.2961198501856577,-0.0355205992573706,-9.429053682900133,12.423865234385369,45.99501531386868,-0.5058194255981354
614.67,0.0,12.45,45.7406442919708,45.4089479367397,46.23316190754257,46.40361368856448,-6.350280000000317,0.2603080154007541,2.1414455722786427,-12.213412670633666,-1.523143929910991,0.7654117647037605,-9.153091364200291,12.40245937163709,45.94659195620439,-0.7071062084783138
614.6800000000001,0.0,12.45,45.63618387196174,45.23062680433642,46.21929409912132,46.37642721734567,-6.320279999999976,0.2628081404070311,2.136945347267344,-12.19241162058094,-1.6783379224028785,1.000705882352751,-9.703779724655377,12.381054262927243,45.86563299819129,-0.7003497229372554
614.69,0.0,12.45,45.13902331440137,45.21294998451205,46.12096678884827,46.3057199380482,-6.3,0.2653082654132797,2.1324451222560965,-12.171410570528453,-1.8054082397001665,0.8240149812780825,-9.923505617979911,12.359649912173976,45.69466500645247,-0.6913964632956054
614.7,0.0,12.45,44.860900543370136,45.197926006979046,46.019545189431554,46.20917788634076,-6.3,0.2678083904195283,2.127944897244849,-12.150409520475964,-1.86033957553024,-0.4094431959972031,-9.294292134835434,12.33824632332174,45.57188740653037,-0.6768083410320114
614.71,0.0,12.45,45.030521679960685,45.18832481056826,45.91179842971051,46.059825942172985,-6.2903099999999,0.2703085154257769,2.123444672233602,-12.129408470423474,-1.9793490235331304,-1.22343515273119,-8.594992488739807,12.316843500342516,45.54761771560311,-0.7379632786199398
614.72,0.0,12.45,45.10255689320319,45.06288638349324,45.8267391262134,45.93619337378605,-6.2603099999999,0.2728086404320254,2.118944447222354,-12.108407420370987,-2.264777165746993,-0.948022033051147,-7.7136705057636705,12.295441447235802,45.48209394417397,-0.9958322061899441
614.73,0.0,12.45,44.96958601941655,44.6940999757256,45.789341067960905,45.86659143203836,-6.24,0.275308765438274,2.1144442222111066,-12.0874063703185,-2.47420973782764,-0.4300599250993858,-7.391520599245335,12.274040168028836,45.32990462378535,-1.168777105513016
614.74,0.0,12.45,44.81016451313602,44.44151064915041,45.6923009582672,45.82510003091215,-6.24,0.2778088904445226,2.109943997199859,-12.06640532026601,-2.489191011235841,0.708516853923955,-8.500134831452272,12.252639666776854,45.192269037866446,-1.1244252919860638
614.75,0.0,12.45,44.57642932509013,44.51537978876868,45.4276950850077,45.86258586295724,-6.246437854048546,0.2803090154507712,2.105443772188612,-12.045404270213522,-2.406585732168124,1.369662077602003,-9.66250312889982,12.231239947563328,45.09552251545594,-0.9895218546501978
614.76,0.0,12.438451548451631,44.44086530969006,44.58302672827154,45.231664255744434,45.89558054945047,-6.266431189603378,0.2828091404570197,2.1009435471773643,-12.024403220161034,-2.071166458074658,0.7939424280385925,-10.964130162695357,12.209841014500201,45.03778421078913,-0.6200295606493821
614.77,0.0,12.398491508491627,44.512483691308624,44.63754221278716,45.18035556443561,45.91909703296701,-6.28642452515821,0.2853092654632683,2.0964433221661167,-12.003402170108547,-1.7528214731599396,0.1723196005031101,-11.86772534332143,12.188442871728148,45.0623696253746,-0.3117355696640412
614.78,0.0,12.358531468531622,44.564865952341286,44.65618236627223,45.11376578903507,45.831418230294645,-6.3,0.2878093904695169,2.0919430971548696,-11.98240112005606,-1.4781647940095723,-0.5667565543015145,-11.75286891385855,12.167045523416812,45.04155808448581,-0.16003083088180325
614.79,0.0,12.318571428571618,44.57627738376939,44.59841199466747,45.014628978503445,45.50690564905805,-6.3,0.2903095154757655,2.087442872143622,-11.96140007000357,-1.266057571965471,-0.9424505632098216,-11.50269086358565,12.145648973765066,44.924056001499586,-0.08759661907021538
614.8000000000001,0.0,12.27861138861116,44.587688815197616,44.54064162306207,44.9154921679707,45.18239306781776,-6.261719999999752,0.2928096404820425,2.082942647132324,-11.940399019950844,-1.2159949937422814,-0.3767434292877802,-10.901939924907378,12.12425322700103,44.80655391851204,-0.22052572938581205
614.8100000000001,0.0,12.238651348651157,44.55397604277909,44.50495058823544,44.8785121925146,44.96505058823544,-6.141719999999752,0.2953097654882911,2.078442422121076,-11.919397969898355,-1.064933832710529,-0.1594382022448601,-10.4545642946319,12.102858287383288,44.725622352941144,-0.26009781687006167
614.82,0.0,12.19869130869115,44.423932289740925,44.5163944385028,44.97422439475068,44.9764944385028,-6.050429999999938,0.2978098904945396,2.0739421971098286,-11.898396919845869,-0.6554456928840205,-0.8335955056177708,-10.399632958801517,12.081464159199694,44.7227613903743,-0.06079552920806587
614.83,0.0,12.158731268731144,44.36905241806579,44.483458198708384,45.06424867612964,44.982624934193474,-6.020429999999938,0.3008060201505376,2.069937998449958,-11.877953948848637,-0.3126076076073926,-1.4747222222229242,-10.057525025023653,12.060717955003954,44.72484605677432,0.06922879924472711
614.84,0.0,12.11877122877114,44.52589370838757,44.32551239225759,45.13825125677442,44.97378880516126,-5.99043717212083,0.3073061826545925,2.0694379859496466,-11.861453536338344,-0.1424374374376524,-2.030277777777076,-8.97143893894031,12.044546096150842,44.74086154064521,0.019777193877232757
614.85,0.0,12.078811188811136,44.58929210958894,44.23231079452058,45.10210646575322,44.88064871232856,-5.960459655258419,0.3138063451586472,2.0689379734493345,-11.84495312382805,-0.2244072872448133,-1.7411754429832316,-8.129797853756664,12.028378663224997,44.701089520547825,-0.16518462613148305
614.86,0.0,12.05,44.45817380323726,44.27388489165648,44.83667184557788,44.612016084681215,-5.94,0.3203065076627021,2.068437960949023,-11.828452711317755,-0.953132018963382,0.71452707760263,-7.915173446469688,12.012215674097199,44.54518665628821,-0.6977386009917046
614.87,0.0,12.05,44.356730185004665,44.28477555014576,44.661985452775184,44.53290615384791,-5.94,0.3268066701667568,2.067937948448711,-11.811952298807464,-0.809320066350284,0.2299004975639711,-7.957529021554368,11.996057146729616,44.459099335443376,-0.5926404429864223
614.88,0.0,12.05,44.31922288218112,44.22955646543331,44.68282284323272,44.86213692307683,-5.949467366841691,0.3333068326708117,2.067437935948399,-11.79545188629717,-0.9099605310301222,-0.0648331539471209,-8.852633656256124,11.979903099176349,44.523434778481,-0.4603261038666736
614.89,0.0,12.05,44.2690498691304,44.21167897870126,44.65052010777585,45.098136499871785,-5.979474868717141,0.3398069951748664,2.066937923448087,-11.778951473786876,-1.8922252747248192,1.872939560447862,-9.62445054944964,11.963753549583997,44.557346363869826,-0.8748809108169765
614.9,0.0,12.05,44.18338397228639,44.29844315627404,44.46930378752891,45.07287604311009,-6.028439999999844,0.3463071576789213,2.066437910947775,-11.762451061276586,-2.007110389609571,-0.2199675324526224,-9.854220779219142,11.947608516192206,44.506001739799856,-0.6610604047379495
614.91,0.0,12.05,44.08598011494245,44.272151559220205,44.35550675162421,45.02831590704642,-6.118439999999844,0.352807320182976,2.0659378984474634,-11.745950648766293,-2.1360100125139456,-1.670047559451525,-9.834565707140763,11.931468017334225,44.43548858320832,-0.5565374256036222
614.92,0.0,12.05,43.96299160919586,43.999437916043,44.38866017491242,44.94168922039013,-6.151588411588657,0.3593074826870309,2.0654378859471514,-11.729450236256,-2.301216520648593,-1.4547784730942577,-9.168733416779911,11.915332071437483,44.323194730135356,-0.7351676446534636
614.9300000000001,0.0,12.05,43.834813401459165,43.75019124087493,44.42219341605856,44.86328490510919,-6.061678321677828,0.3658076451911596,2.064937873446834,-11.712949823745518,-2.2693419983758494,-1.496311941510257,-9.297197400485214,11.899200697023964,44.21762074087546,-0.700703185837781
614.94,0.0,12.05,43.69527082238358,43.55233236009612,44.45655837956225,44.80288587834513,-6.018835291177417,0.3723078076952144,2.064437860946522,-11.696449411235225,-2.113990627253153,-0.8903280461396309,-9.636149963949546,11.883073912711522,44.12676186009678,-0.6602489168923339
614.95,0.0,12.05,43.58609112487084,43.44244224458309,44.42238225490027,44.74439869969002,-6.078820294926517,0.3788079701992691,2.06393784844621,-11.679948998724932,-2.0214893617016654,-0.0999048811018447,-9.69822528160387,11.866951737213343,44.04882858101105,-0.7019818441066966
614.96,0.0,12.040716180371298,43.564006501547794,43.58488806501672,44.19159794117446,44.69139560371471,-6.138805298675618,0.385308132703324,2.0634378359458982,-11.66344858621464,-1.5959574468093924,-0.5304430538163797,-11.415371714639749,11.850834189339277,44.00797202786342,-0.25444030422730946
614.97,0.0,12.005682898753806,43.642543245398,43.64651593329929,44.08633120458065,44.65060041811835,-6.198790302424719,0.3918082952073788,2.062937823445586,-11.646948173704349,-1.2535156054937897,-0.4891885143633617,-12.579837702872672,11.834721287996214,44.00649770034908,0.03249732355274304
614.98,0.0,11.970649617136312,43.93440984569501,43.53679965654531,44.24717739671513,44.63568752613237,-6.249387653086856,0.3983084577114336,2.062437810945274,-11.630447761194054,-1.123677902622707,0.759250936320126,-12.330149812735977,11.818613052188695,44.08851860627196,-0.09150530774871007
614.99,0.0,11.93561633551882,44.01348222599502,43.45123822017466,44.318802730359145,44.58306989815742,-6.279380154961236,0.4048086202154883,2.0619377984449625,-11.61394734868376,-1.0564972458679591,1.7367025538283027,-11.928259889841817,11.802509501019491,44.09164826867156,-0.23140516080749202
615.0,0.0,11.900583053901329,43.62222131425935,43.41906557226005,44.19322562075698,44.447114515034414,-6.309367974019375,0.4113087827195432,2.0614377859446504,-11.597446936173467,-1.1516399599392466,2.0121156735083456,-11.132065598403146,11.786410653690206,43.9204067555777,-0.41248937831312843
615.01,0.0,11.865549772283837,43.35474628836688,43.40703912303308,44.09209413464029,44.31588393087485,-6.339345490881786,0.417808945223598,2.060937773444339,-11.580946523663176,-1.1946966292140508,1.6814406991379514,-10.453163545570437,11.770316529501862,43.79244086922877,-0.4953079853738773
615.02,0.0,11.830516490666342,43.459621191642825,43.4556127624451,44.06449547588346,44.1988656177459,-6.350670000000014,0.4243091077276528,2.0604377609440268,-11.564446111152884,-1.1048089887648398,-0.1962122346900141,-10.073637952562658,11.75422714785552,43.79464876192932,-0.327313657775272
615.03,0.0,11.79548320904885,43.47801166125435,43.45217021234094,44.069754004496495,44.134866030477056,-6.320670000000014,0.4286239111556379,2.059541303718546,-11.548951551356677,-1.0078748435555895,-1.847506883593888,-9.665912390492895,11.738982527226149,43.783700477142204,-0.1847582763365259
615.04,0.0,11.760449927431358,43.30480156882432,43.33348922308333,44.14780546590015,44.18832593554805,-6.290672331917082,0.4175709887103178,2.0558569962367725,-11.540530277112625,-0.8927309136429075,-2.91383979974177,-9.185311639553005,11.729652705708784,43.74360554833896,-0.10794296723552323
615.0500000000001,0.0,11.725416645813468,43.21205769732105,43.23523354091222,44.11057566980358,44.173443012309406,-6.260679830042362,0.4065180662648719,2.052172688754957,-11.532109002868475,-0.9126192259693826,-3.151440699116605,-8.751438202245602,11.720333089836297,43.682827480086566,-0.15557706604222493
615.0600000000001,0.0,11.7,43.29883539464177,43.18254708182464,43.81615133960828,44.00608602461944,-6.230687328167929,0.3954651438195518,2.048488381273184,-11.523687728624422,-1.277163545568961,-1.2737877652886396,-8.436831460673362,11.711023703973813,43.57590496017353,-0.520855568330315
615.07,0.0,11.7,43.33364173006749,43.12912954663877,43.6273648150081,43.88147949973947,-6.200694826293378,0.3844122213742316,2.0448040737914104,-11.515266454380368,-1.581902377972439,0.3761101376719029,-8.422305381727025,11.70172457253689,43.49290389786346,-0.7969536136930097
615.08,0.0,11.7,43.20205236060422,43.07337133923908,43.77679681083928,43.8937463053674,-6.189295352323911,0.3733592989289114,2.041119766309637,-11.506845180136317,-1.7320901126403,1.437436795991454,-9.183256570710856,11.69243571999192,43.486491704012494,-0.8425889011955445
615.09,0.0,11.7,43.077501376397336,43.05439575652184,43.79714961490641,43.87564162484458,-6.219280359820201,0.3623063764835913,2.037435458827864,-11.49842390589226,-1.901868131867056,1.91596903097397,-9.849517982015904,11.683157170856019,43.45117209316754,-0.8485321341573282
615.1,0.0,11.7,42.96797591055896,43.11394358260872,43.54194464596263,43.79270000993785,-6.24,0.3512534540382711,2.0337511513460904,-11.490002631648208,-2.12164835164783,0.9069780219804172,-10.2740934065924,11.673888949697018,43.35414103726704,-0.7531654517076711
615.11,0.0,11.7,42.862584039024426,43.07301128292691,43.34960210731709,43.70734381951223,-6.24,0.340200531592951,2.030066843864317,-11.481581357404156,-2.226841841842082,0.2555405405401991,-10.511453953954264,11.664631081133429,43.24813531219517,-0.6848308437667187
615.12,0.0,11.7,42.766545014634126,42.8047283560975,43.29949479024389,43.61652430731705,-6.230852483321132,0.3291476091476308,2.026382536382544,-11.4731600831601,-2.0366516516523725,0.5258108108097866,-10.266208708709636,11.655383589834441,43.12182311707315,-0.6861799914020643
615.13,0.0,11.7,42.67854046642742,42.60357191184008,43.25520629933365,43.55378291645312,-6.20120088954793,0.3180946867023106,2.0226982289007704,-11.464738808916048,-1.8184669163563865,0.5794257178558382,-10.039393258428102,11.646146500519917,43.022775398513566,-0.6528102668667909
615.14,0.0,11.7,42.6138249359302,42.59699067145053,43.2277844643772,43.57242976422351,-6.18,0.3070417642569905,2.019013921418997,-11.456317534671994,-1.528828963797817,0.080049937582443,-9.85961797752968,11.636919837960333,43.002757458995355,-0.5308241670019243
615.15,0.0,11.7,42.60067625806461,42.57457516129027,43.19413967741932,43.57077967741932,-6.18,0.2959888418116703,2.015329613937224,-11.44789626042794,-1.2739073842319328,-0.5467784730818432,-9.728603254067634,11.627703626976798,42.98504269354838,-0.39986416634697924
615.16,0.0,11.69589338253644,42.70475566253072,42.51616325062052,43.14634811414406,43.52298811414406,-6.189084611578432,0.2849359193663502,2.01164530645545,-11.439474986183887,-1.1087008760963457,-1.5029737171393338,-9.723596996245345,11.618497892441011,42.972563785359846,-0.2457135475200281
615.17,0.0,11.680933027477348,42.74976276855529,42.466220605468926,43.13884883300725,43.48847290039064,-6.218772884710488,0.27388299692103,2.007960998973677,-11.431053711939834,-1.001245942571533,-1.9425892634262751,-9.84089388264398,11.609302659275244,42.96082627685553,-0.14616368853261757
615.1800000000001,0.0,11.665972672418087,42.65049519042935,42.43696279296865,43.22975703613312,43.48638305664062,-6.24,0.2628300744755842,2.004276691491861,-11.422632437695684,-1.041196004993859,-1.063687890135108,-10.270357053683982,11.600117952452209,42.950899519042935,-0.1859766925857917
615.19,0.0,11.651012317358996,42.55747854946166,42.39618057406442,43.27547871348007,43.482406073808285,-6.24,0.2517771520302641,2.000592384010088,-11.41421116345163,-1.1552015018772928,-0.1743954943681215,-10.578603254067586,11.590943796995457,42.9278859777036,-0.27008428026778
615.2,0.0,11.636051962299904,42.48398803177837,42.31939943618636,43.18005072783162,43.47253421322396,-6.248552138034753,0.2407242295849438,1.9969080765283147,-11.405789889207576,-1.460583229035277,0.7417496871058307,-10.573596996245325,11.581780217978713,42.86399310225507,-0.4686592328120962
615.21,0.0,11.621091607240812,42.40845085026315,42.31225122147018,43.07488936042105,43.38949995485261,-6.278559639910203,0.2296713071396237,1.9932237690465413,-11.397368614963524,-1.6293806193814997,1.2368931068959432,-10.423766233768776,11.572627240526279,42.79627284675175,-0.5995067215596668
615.22,0.0,11.606131252181722,42.32793918735892,42.47434803611738,42.94607069977427,43.12864216704289,-6.291361573373502,0.2197159155473677,1.9899431831094736,-11.388693211517891,-1.4495604395608663,0.6574725274739028,-9.904285714286948,11.563324868809246,42.71925002257336,-0.5574867760645701
615.23,0.0,11.59117089712263,42.24207468636486,42.55076333736998,42.85934677645918,42.91524799225007,-6.261104387291941,0.2174432399263613,1.9894886479852725,-11.378238903661265,-1.3018143143143963,0.0707332332339982,-9.36213213213289,11.552907304736875,42.641858198111024,-0.5289082148152697
615.24,0.0,11.57621054206354,42.14360047953495,42.42533829498662,42.87178562363769,42.813664073625525,-6.231001487357526,0.2151705643053549,1.989034112861071,-11.367784595804633,-1.2367492492494958,-0.5348723723700773,-8.761531531533807,11.542490272488065,42.563597117946195,-0.5349790895198974
615.25,0.0,11.561250187004449,42.0565142967741,42.27013986580594,42.84650289032228,42.75179008000013,-6.201254338126032,0.2128978886843485,1.9885795777368696,-11.357330287948004,-1.267315855179289,-1.0206067415718982,-8.314536828964142,11.532073773504031,42.48123678322561,-0.5623831050766763
615.26,0.0,11.55,42.00681107096761,42.01720567225737,42.69739321290282,42.820270080000185,-6.168530297957986,0.2106252130633421,1.9881250426126684,-11.346875980091374,-1.5419725343296562,-1.2003820224703206,-8.25960549313407,11.52165780923111,42.38542000903199,-0.6442377838757137
615.27,0.0,11.55,41.96399975308636,41.858534212345845,42.56364149135778,42.87442338765437,-6.128356210244544,0.2083525374423357,1.987670507488467,-11.336421672234746,-1.7651477215814602,-1.0757285928985691,-8.278678017023408,11.511242381120805,42.31514971111108,-0.7292599214761976
615.28,0.0,11.55,41.93758,41.9240552,42.4664168,42.8945024,-6.088182122531102,0.2060798618213293,1.987215972364266,-11.325967364378116,-1.8552829243858373,-0.1643615423209725,-8.488993490233621,11.5008274906298,42.305638599999995,-0.822467499205584
615.29,0.0,11.55,41.89586819054051,41.96518207372503,42.3808975155699,42.873802804242025,-6.0600000000000005,0.2038071862003229,1.9867614372400648,-11.315513056521484,-1.8467715355824923,0.5646367041178442,-9.017408239690232,11.490413139219985,42.278937646019365,-0.8154435230410542
615.3000000000001,0.0,11.55,41.81302018515345,41.94068788082797,42.32686620770877,42.74340724793717,-6.0600000000000005,0.2015345105792907,1.986306902115858,-11.305058748664738,-1.587096129837375,0.8293058676657525,-10.355735330838144,11.479999328358371,42.20599538040684,-0.5532200585817965
615.3100000000001,0.0,11.55,41.73017217976732,41.916193687931205,42.27283489984825,42.61301169163379,-6.077104276069505,0.1992618349582843,1.9858523669916568,-11.294604440808108,-1.4041977471839584,0.8185081351699993,-11.361977471839584,11.46958605951756,42.133053114795146,-0.33839306943043035
615.32,0.0,11.55,41.68717149430874,41.908716173407726,42.22631829498657,42.517439147493285,-6.137119279820404,0.1969891593372779,1.985397831867456,-11.28415013295148,-1.4192165206507446,0.0976070087642664,-11.512165206507444,11.459173334175084,42.08491127754908,-0.24574554524250974
615.33,0.0,11.55,41.7369268830228,41.94084986195222,42.1972943182367,42.50292715911835,-6.18,0.1947164837162715,1.9849432967432543,-11.27369582509485,-1.341726462800135,-0.5612376595197839,-11.54802311582165,11.448761153813885,42.094499555582516,-0.14578710638270698
615.34,0.0,11.55,41.75883275720122,41.93864119341493,42.156155020575625,42.4578069547316,-6.18,0.1924438080952651,1.984488761619053,-11.26324151723822,-1.0286997351334173,-1.0620804237865324,-11.292785937878016,11.438349519922236,42.077858981480844,-0.02721435286124163
615.35,0.0,11.55,41.6905817283948,41.825256419752655,42.0757949382713,42.31359913580192,-6.1714350000001295,0.1901711324742587,1.984034226494852,-11.25278720938159,-0.7629061606452437,-1.3414114894763782,-10.99171042371015,11.427938433993749,41.976308055555165,0.0455258736018182
615.36,0.0,11.54391374041977,41.65524933927252,41.69116702301387,42.02755955951501,42.23902502845842,-6.14143500000013,0.1878984568532523,1.9835796913706505,-11.24233290152496,-0.6797244606192411,-0.764338445545985,-10.513415648560636,11.417527897527403,41.903250237564954,-0.058930701635746055
615.37,0.0,11.518867404698716,41.699733377876704,41.50687600593936,42.057215585251136,42.33328882454826,-6.12,0.185625781232246,1.9831251562464487,-11.231878593668332,-0.704494382020201,-0.3007116104882161,-9.989745318356904,11.407117912027582,41.89927844840386,-0.19471008716336843
615.38,0.0,11.493821068977663,41.72098872539382,41.40378638287368,42.06452349409464,42.42826557086586,-6.12,0.1833531056112396,1.982670621122248,-11.221424285811702,-1.004119850184238,-0.1259300873925278,-9.35054431960696,11.396708479004069,41.904391043307,-0.41024045775845264
615.39,0.0,11.468774733256613,41.67991589074813,41.51857968996036,42.01186601377965,42.52515533464544,-6.1028657164293785,0.1810804299902332,1.9822160859980469,-11.210969977955074,-1.2297947434288934,0.1077421777178284,-8.874608260326024,11.386299599972103,41.933879232283395,-0.58235214573512
615.4,0.0,11.44372839753556,41.62739029230787,41.55672968717991,41.9952123948716,42.55494640512858,-6.042850712678479,0.1788077543692268,1.981761550873845,-11.200515670098444,-1.2648385481849271,0.4932240300341989,-8.819539424280828,11.375891276452375,41.93356969487199,-0.6425383924651956
615.41,0.0,11.418682061814508,41.53849798461562,41.35150917435952,42.09288418974333,42.371674610256896,-6.017155711071907,0.1765350787482204,1.981307015749644,-11.190061362241812,-1.394235764232897,0.6925274725296036,-8.788451548451315,11.365483509971076,41.83864148974384,-0.7114216231954037
615.42,0.0,11.393635726093455,41.40243586880384,41.22989796695022,42.10612830746168,42.1936845267906,-6.077140714821008,0.174262403127214,1.9808524806254428,-11.179607054385183,-1.7638661338620998,0.4178021978051962,-8.818421578421251,11.355076302059912,41.73303666750159,-0.8024482387210261
615.4300000000001,0.0,11.36858939037212,41.15060812718808,41.313483345018426,41.91216736604699,42.028656985476445,-6.128567141785652,0.1719897275061818,1.9803979455012364,-11.169152746528436,-2.013183183183336,0.1625425425430609,-8.956316316315267,11.344669654255997,41.601228955932484,-0.8387621949025265
615.44,0.0,11.343543054651066,40.99474624847539,41.34023010495354,41.78074573590455,41.885315840858105,-6.158574643661102,0.1696723511763671,1.9796068214116405,-11.15849281541129,-1.9531231231234267,-0.0426626626616258,-9.371731731729632,11.33400166691882,41.5002594825479,-0.7343864556227471
615.45,0.0,11.318496718930014,41.07100692702056,41.22949542103863,41.800594405662885,41.79442982670152,-6.171419999999826,0.1670406337175554,1.9764487604610663,-11.146386915100756,-1.8818352059931065,-0.2561872659161999,-9.784067415727918,11.321492549004756,41.47388164510589,-0.6258411815529072
615.46,0.0,11.3,41.08617103377527,41.111575046058086,41.8118588331626,41.745227512795005,-6.141419999999827,0.1644089162587437,1.9732906995104924,-11.134281014790222,-1.7819600499378605,-0.490893882646028,-10.188561797751666,11.308984047775377,41.43870810644774,-0.506679857910851
615.47,0.0,11.3,40.91203592630364,40.97139080859664,41.796526182190256,41.82517633572223,-6.12,0.161777198799932,1.9701326385599185,-11.122175114479688,-1.725391739674514,-0.7103729662075002,-10.45481351689625,11.296476165279236,41.37628231320319,-0.42456669819535
615.48,0.0,11.3,40.83525530000114,40.85696559999963,41.70589289999806,41.87232069999977,-6.12,0.1591454813411203,1.9669745776093444,-11.110069214169153,-1.7804605757193963,-0.8905982478089334,-10.364700876095531,11.283968903573863,41.31760862499965,-0.4379569449526819
615.49,0.0,11.3,40.99682530000114,40.80560559999964,41.43090289999807,41.83915069999976,-6.111430711610628,0.1565137638823086,1.9638165166587704,-11.09796331385862,-1.7777422577431805,-0.7805394605446876,-10.415504495501976,11.271462264725823,41.26812112499965,-0.44079984192608146
615.5,0.0,11.3,41.0588903656742,40.76581157484147,41.27711402242894,41.82316460263301,-6.081468164794054,0.1538820464234969,1.9606584557081963,-11.085857413548084,-1.6278921078926525,0.0686113886083026,-10.825094905093415,11.258956250810753,41.2312451413944,-0.4167881390940923
615.51,0.0,11.3,40.87733990248619,40.75433424670889,41.42005892735283,41.84924943929796,-6.0600000000000005,0.1512503289646852,1.9575003947576224,-11.073751513237552,-1.4358948685865442,0.6351439299128236,-11.222327909886372,11.24645086391343,41.22524562896147,-0.351105086842862
615.52,0.0,11.3,40.73420037407124,40.71572224442741,41.46724988982842,41.81511037150917,-6.0600000000000005,0.1486186115058735,1.954342333807048,-11.061645612927018,-1.135519399250822,0.4749436796004385,-11.5877847309115,11.233946106127796,41.18307071995906,-0.17826713608404715
615.53,0.0,11.3,40.71336511913911,40.59071071483461,41.209550684088896,41.589212344350265,-6.068579999999833,0.1459868940470618,1.951184272856474,-11.049539712616484,-0.9242322097376952,0.2485518102406918,-11.469101123607429,11.221441979557028,41.02570971560322,-0.10173309602144687
615.54,0.0,11.3,40.664074611347104,40.54008351412154,41.00379653586599,41.39289196700818,-6.098579999999832,0.1433551765882501,1.9480262119059,-11.03743381230595,-0.9392134831458973,-0.1459550561752902,-10.12078651686926,11.20893848631358,40.900211657085705,-0.2697939441970953
615.5500000000001,0.0,11.3,40.54426456385821,40.67380008497968,40.92677579105171,41.2698727218187,-6.102839999999653,0.1407234591294085,1.9448681509552903,-11.02532791199528,-0.9205705705706688,-0.4005705705706686,-9.100950950951114,11.196435628519096,40.85367829042708,-0.3913979671312545
615.5600000000001,0.0,11.293782771535662,40.45704152269398,40.746659033674725,40.90453233772607,41.17796355295261,-6.042839999999654,0.1380917416705968,1.941710090004716,-11.013222011684745,-0.815465465465231,-0.295465465465231,-8.925775775775385,11.183933408305018,40.82154911176185,-0.3935415822936842
615.57,0.0,11.268813982521936,40.45077505124449,40.66832814055618,41.018373235725015,41.163341786237154,-6.0,0.1354600242117851,1.938552029054142,-11.00111611137421,-0.7935264735271591,-0.2594405594410646,-8.716893106892043,11.171431827811805,40.82520455344071,-0.42153205535696237
615.58,0.0,11.243845193508209,40.43739177464779,40.574989664532296,41.11607592317553,41.15663454033295,-6.0,0.1328283067529734,1.935393968103568,-10.989010211063675,-0.9833366633367496,-0.3993006993007628,-8.42218781218768,11.15893088918953,40.821272975672144,-0.5153311949890225
615.59,0.0,11.218876404494482,40.40122276056319,40.4336017003834,41.16210921382866,41.175267062740176,-6.0,0.1301965892941617,1.932235907152994,-10.976904310753143,-1.2223279098863713,-0.5140175219022426,-8.160938673342152,11.146430594597811,40.793050184378856,-0.6231975881540581
615.6,0.0,11.193907615480756,40.357360889777205,40.30784189952463,41.13330745313551,41.2142343264189,-6.0,0.12756487183535,1.92907784620242,-10.96479841044261,-1.5877847309115,-0.564080100124863,-7.98571964956298,11.133930946205842,40.75318614221406,-0.7672369189756414
615.61,0.0,11.168938826467029,40.29424666833288,40.221193561609546,40.917221474631226,41.30409186203454,-5.991445633242009,0.1249331543765383,1.925919785251846,-10.952692510132076,-1.8598751560546785,-0.378514357059358,-8.111111111104677,11.121431946192462,40.68418839165205,-0.8589294787877089
615.62,0.0,11.143970037453302,40.22172883573364,40.141971657310336,40.74783349768133,41.32010773248749,-5.961587459567116,0.1223014369177266,1.922761724301272,-10.940586609821542,-1.8948314606740144,0.4055056179743231,-8.999999999996367,11.108933596746205,40.6079104308032,-0.8176705051454978
615.63,0.0,11.119001248439575,40.1256194874296,40.08138098120561,40.69560015621174,41.150871706126026,-5.948339187154895,0.1212228518680105,1.9197425575014715,-10.927361214390082,-1.896170212766188,0.7933792240317428,-9.89932415519149,11.095374242298183,40.51336808274324,-0.7223500969426381
615.64,0.0,11.09403245942585,40.06597819718338,40.03563842253522,40.61243171830896,41.00066388732351,-5.978444555945739,0.1309666914536289,1.917691222851868,-10.906335034231642,-1.8110638297877328,0.1625907384267265,-10.825481852309965,11.074422593498133,40.42867805633777,-0.48801457129685566
615.65,0.0,11.069063670412124,40.12406782586438,40.03783048399488,40.42939458642734,40.91188539820728,-6.008517870532308,0.1407105310392473,1.915639888202264,-10.885308854073203,-1.69357053683073,-0.3506616729069651,-11.529500624218487,11.053480197810163,40.37579457362347,-0.28864291279552334
615.66,0.0,11.05,40.14360906560645,40.07655431411517,40.34969149105348,40.81599876739575,-6.038510372406687,0.1504543706248657,1.91358855355266,-10.864282673914763,-1.493820224721372,-0.565393258424525,-11.66932584269504,11.032547107928087,40.34646340954271,-0.17807328854958487
615.67,0.0,11.05,40.06596493041773,40.20737936381671,40.53050660039708,40.70219161033831,-6.042981490745937,0.1601982102104841,1.911537218903056,-10.843256493756323,-1.2490485728638518,-0.612038057090508,-11.684471707565208,11.011623376922902,40.37651062624246,-0.08873168840066104
615.6800000000001,0.0,11.05,39.9959996855806,40.27545340702461,40.66843121100482,40.62420139032192,-5.982951475737486,0.1699420497962133,1.9094858842534288,-10.822230313597643,-0.8885077616422421,-0.2264596895340643,-11.379013520280234,10.990709058245686,40.39102142348299,-0.05397643593294996
615.69,0.0,11.05,39.94658676492232,40.17557622697064,40.691560663227854,40.64207414885789,-5.94,0.1796858893818317,1.907434549603825,-10.801204133439205,-0.6314128806789887,-0.0277084373443798,-11.032840738891014,10.969804205731725,40.363949450994674,-0.04069509711856434
615.7,0.0,11.05,39.91169102466316,40.06200194762188,40.68837336384395,40.665757269260325,-5.94,0.1894297289674501,1.905383214954221,-10.780177953280765,-0.6364053919121295,-0.3022965551671245,-10.58351472790834,10.948908873602274,40.33195590134733,-0.08181939819464107
615.71,0.0,11.05,39.92366153063822,39.90420891431437,40.60022691075493,40.70819815408096,-5.931452136965846,0.1991735685530685,1.903331880304617,-10.759151773122326,-0.7423535302943902,-0.4341011517282693,-10.051086629947068,10.92802311646875,40.28407387744712,-0.18427029655494012
615.72,0.0,11.05,39.92748747186796,39.78670822205551,40.51651885971489,40.73860205551387,-5.901459635091295,0.2089174081386869,1.9012805456550133,-10.738125592963886,-1.1079018527767297,-0.1987481221848452,-9.304967451181742,10.907146989335736,40.24232915228806,-0.4444181593618072
615.73,0.0,11.05,39.90929292323081,39.77814608152038,40.44481093273319,40.73646152038009,-5.888534999999946,0.2186612477243053,1.8992292110054088,-10.717099412805446,-1.3671735330837305,0.0703395755275734,-8.781305867665079,10.886280547604283,40.217177864466116,-0.6387176524855709
615.74,0.0,11.05,39.86106614138442,39.72501067746691,40.3521467648503,40.66641317133045,-5.918534999999946,0.2284050873099237,1.8971778763558056,-10.696073232647006,-1.3571860174782058,0.4248963795236969,-8.821255930087176,10.865423847075213,40.151159188758015,-0.6661857637543183
615.75,0.0,11.05,39.7318467010308,39.55166752577304,40.202966597938,40.413227113401824,-5.931471396452699,0.2381489268955421,1.895126541706201,-10.675047052488566,-1.4089787234034212,0.6083829787244172,-8.901957446807776,10.844576943952475,39.97492698453592,-0.6904451215127297
615.76,0.0,11.040588704451617,39.60021705552703,39.44221899133994,40.042291125827504,40.23850612328082,-5.901493879590289,0.2478927664811606,1.893075207056598,-10.654020872330127,-1.619241551938427,0.3530638297890534,-9.087188986231473,10.823739894846517,39.83080832399383,-0.7064738263273922
615.77,0.0,11.000710333483124,39.46067553744264,39.5425144574631,39.84388052980126,40.32135889964343,-5.885644946808545,0.2576366060667789,1.8910238724069937,-10.632994692171687,-1.7431485642955906,0.071073657931123,-9.26522347066006,10.802912756777683,39.792107356087605,-0.6918183869643744
615.78,0.0,10.960831962514634,39.35077582000002,39.60265542500002,39.73242502499993,40.32825452500011,-5.905591755319167,0.2673804456523974,1.88897253775739,-10.611968512013249,-1.6482671660436454,-0.2784893882602536,-9.425023720347545,10.78209558717968,39.75352769875002,-0.59942255404512
615.79,0.0,10.920953591546144,39.320815820000014,39.55450542500002,39.855475024999926,40.13030452500011,-5.925538563829789,0.2771242852380158,1.8869212031077864,-10.590942331854809,-1.5996595744671225,-0.5215744680855191,-9.646723404250093,10.761288443903016,39.71527519875002,-0.5242705678900355
615.8000000000001,0.0,10.8810752205772,39.302819133333486,39.482718233331866,39.93115416333277,39.99882809666718,-5.931721023582241,0.286868124823745,1.884869868458159,-10.569916151696129,-1.6697471839799864,-0.4915369211514344,-10.027198998748498,10.740491385218279,39.678879906666324,-0.4933501245071789
615.8100000000001,0.0,10.841196849608709,39.31708580000016,39.34718489999854,39.87908082999944,40.04662143000051,-5.901615654791567,0.2966119644093634,1.8828185338085552,-10.548889971537688,-1.695975031210879,-0.5039176029964061,-10.372074906367365,10.71970446982062,39.64749323999966,-0.44867751428823827
615.82,0.0,10.80131847864022,39.33135246666682,39.2116515666652,39.827007496666106,40.09441476333385,-5.86307999999973,0.3063558039949818,1.880767199158952,-10.52786379137925,-1.611081148564402,-0.6237677902620209,-10.626756554306796,10.69892775683189,39.61610657333299,-0.36916284180206116
615.83,0.0,10.761440107671728,39.32336520655033,39.11051602542158,39.77628514299638,40.16267362503172,-5.80307999999973,0.3040379532846026,1.8794037953284604,-10.514932260291912,-1.5415744680852257,-0.5372765957471235,-10.82685106382955,10.68589716128038,39.59321,-0.32453276489121113
615.84,0.0,10.721561736703238,39.25536227328252,39.10214643363477,39.72920618919559,40.28612510388713,-5.76,0.29451391699803,1.8784513916998031,-10.506836829448323,-1.5115369211516534,0.0784931163911065,-10.886926157696694,10.677496815215452,39.59321,-0.3693838520332336
615.85,0.0,10.681683365734749,39.17531464313118,39.09566,39.709964819647006,40.30543008442042,-5.76,0.2849898807114575,1.877498988071146,-10.49874139860474,-1.4419380619395357,0.4889010989020524,-10.88900599400725,10.669104584598143,39.57159238679965,-0.38837213485856464
615.86,0.0,10.65,39.05377972371452,39.09566,39.78660846252237,39.96600823740092,-5.76,0.275465844424885,1.876546584442489,-10.490645967761152,-1.2721078921089377,0.3790109890116654,-10.74415084915174,10.660720488594137,39.475514105909454,-0.34183522087850254
615.87,0.0,10.65,38.95209216804204,39.07857906476624,39.72932261565423,39.70131906476624,-5.76,0.2659418081383125,1.875594180813832,-10.482550536917564,-1.0979629629638987,0.1917067067086539,-10.469824824827883,10.652344546410864,39.36532822830719,-0.3053934655007437
615.88,0.0,10.65,38.90393012753195,39.01543327831967,39.31084799699983,39.63817327831967,-5.76,0.25641777185174,1.874641777185174,-10.47445510607398,-0.9127777777791816,-0.1936786786757577,-9.86421921922381,10.64397677729751,39.21709617029278,-0.29478238284615904
615.89,0.0,10.65,38.85919208984383,38.932304228515946,39.03041612304666,39.5406023632817,-5.76,0.2468937355651674,1.8736893735565168,-10.466359675230391,-0.7814132334581269,-0.3993383270936593,-9.339553058679885,10.635617200545004,39.09062870117204,-0.30868460264843467
615.9,0.0,10.65,38.8236647460939,38.79541946289121,39.12132432617149,39.350426582032064,-5.76,0.2373696992785949,1.8727369699278595,-10.458264244386806,-0.7864069912608608,-0.1496504369569617,-9.019952559304912,10.627265835486083,39.02270877929716,-0.38469296330718483
615.91,0.0,10.65,38.78383925736264,38.71912302688791,39.21640148527472,39.23003446350769,-5.76,0.2278456629920223,1.8717845662992023,-10.450168813543218,-0.8194893617006833,-0.0486382978684886,-8.70153191489795,10.618922701495263,38.987349558258245,-0.4544956320812181
615.92,0.0,10.65,38.729037720870814,38.85393480665779,39.32600455825837,39.352789905249374,-5.743289243823874,0.2183216267054498,1.870832162670545,-10.442073382699633,-0.9246207759687844,-0.3289887359167581,-8.386137672093648,10.610587817988879,39.06544174775909,-0.5083803140054346
615.9300000000001,0.0,10.65,38.67921674918691,38.884245766438944,39.38916857214237,39.43915541885459,-5.68339406039393,0.208797590418769,1.869879759041877,-10.433977951855953,-1.0975131086146674,-0.6275131086146675,-8.158586766541816,10.602261204424995,39.0979466266557,-0.5698365663893179
615.94,0.0,10.65,38.64282765191262,38.63273288821954,39.3270930532627,39.42738247561879,-5.631724655819514,0.1992735541321965,1.86892735541322,-10.425882521012367,-1.44208239700331,-0.97208239700331,-8.153593008739083,10.593942880303798,39.00750901725341,-0.6504759142464003
615.95,0.0,10.65,38.59591646082431,38.44456721991685,39.28976693190166,39.42106483768619,-5.601687108885942,0.189749517845624,1.8679749517845623,-10.41778709016878,-1.7222978723401523,-0.9461702127682716,-8.374680851061932,10.585632865167035,38.93782886258225,-0.7138131093129774
615.96,0.0,10.646912072574995,38.52070044910851,38.42680788381728,39.31901760312447,39.42942217232128,-5.58,0.1802254815590515,1.8670225481559053,-10.409691659325194,-1.8374418022528347,0.030050062578381,-9.175682102628416,10.577331178598422,38.92398702709289,-0.732769203014283
615.97,0.0,10.631958428870496,38.45465625416327,38.40568024596445,39.31906876248979,39.42567234435023,-5.58,0.1707014452724789,1.866070144527248,-10.401596228481608,-1.894555444555347,0.7031418581417552,-9.945074925075671,10.569037840223531,38.901269401741935,-0.7055007576398168
615.98,0.0,10.617004785166,38.42066189085314,38.37278247501917,39.21708567255942,39.37961546502684,-5.58,0.1611774089859064,1.8651177408985908,-10.39350079763802,-1.804645354645541,0.60823676323696,-10.634385614384186,10.56075286970982,38.84753637586464,-0.5611192574349417
615.99,0.0,10.602051141461503,38.39674990999999,38.31458354000023,39.0400906200007,39.29094570000038,-5.58,0.1516533726993339,1.8641653372699327,-10.385405366794432,-1.6598348348362764,0.3824824824853148,-11.263608608606209,10.552476286766646,38.760592442500325,-0.393788526139231
616.0,0.0,10.587097497757007,38.39995990999999,38.18832354000023,38.6613106200007,39.08764570000037,-5.596551724137767,0.1421293364127614,1.863212933641276,-10.377309935950846,-1.3745495495517115,-0.1780780780738295,-11.73908408408048,10.544208111145256,38.584309942500326,-0.1677371643998719
616.01,0.0,10.57214385405251,38.40060385571533,38.16356038995827,38.404120277845394,38.91908626858405,-5.656521739130346,0.1326053001261888,1.862260530012619,-10.36921450510726,-1.0837927590542642,-0.5672808988768586,-11.976833957556742,10.535948362638802,38.47184269802576,0.0063561675399259054
616.02,0.0,10.557190210348011,38.39434502071654,38.4118275115772,38.47401060199862,38.84398024859849,-5.7,0.1230812638396163,1.8613081263839617,-10.361119074263671,-0.7791735330874934,-0.5223370786522531,-11.612289637957163,10.527697061082343,38.531040845722714,0.04881025082951207
616.03,0.0,10.542236566643515,38.36728700872215,38.5819809440736,38.56278353001581,38.80946107747592,-5.7,0.1135572275530438,1.8603557227553045,-10.353023643420087,-0.5431447170764497,-0.3776314471763309,-11.240440660996924,10.51945422635287,38.58037814007187,0.056751248828720846
616.04,0.0,10.52728292293902,38.26627110312973,38.47437704463819,38.71869938429976,38.91926097485899,-5.708179089544593,0.1113187391464467,1.8576922064937185,-10.337801662895368,-0.4830545818735312,0.0229694541764587,-10.849854782177951,10.503978075810844,38.59465212673167,-0.02383597017101899
616.0500000000001,0.0,10.51232927923435,38.20067406242227,38.34673747815047,38.84949534581836,38.99300037952536,-5.738194097048648,0.1134236699468676,1.854008577592981,-10.318331052991471,-0.5348539325842697,0.1740898876404494,-10.429842696629214,10.484186589994508,38.597476816479116,-0.1205093230833875
616.0600000000001,0.0,10.5,38.23059665917626,38.16506456928701,38.91254653183568,38.96948976779009,-5.768158090976958,0.1155286007472646,1.850324948692287,-10.298860443087802,-0.8694357053674444,-0.3053108614220097,-9.935460674158552,10.464395620366348,38.56942438202226,-0.2578377551754463
616.07,0.0,10.5,38.23993505355377,38.0452033885105,38.93440777020396,38.958422862707046,-5.7979865771812085,0.1176335315476616,1.8466413197915923,-10.27938983318413,-1.1367150362767444,-0.6120365273962053,-9.45907930948421,10.444605169860433,38.54449226874382,-0.3877958866167648
616.08,0.0,10.5,38.19305092502408,38.09417125608597,38.84376512171322,38.981343992210455,-5.81210248681242,0.1197384623480586,1.842957690890897,-10.259919223280455,-1.2317863397541726,-0.4769352014019654,-9.028756567428482,10.424815241433262,38.52808282375843,-0.49889549076984113
616.09,0.0,10.5,38.13015821721253,38.084095594261214,38.73122852458924,38.948214877048045,-5.781959306706938,0.1218433931484556,1.8392740619902024,-10.240448613376785,-1.4058581064173392,-0.3178965775684944,-8.68189108168976,10.405025838063757,38.47342430327776,-0.6263837886953167
616.1,0.0,10.5,38.00846764344251,37.857159118852245,38.538277704917846,38.70921897540961,-5.768140929535149,0.1239483239488526,1.835590433089508,-10.220978003473112,-1.7805770671974632,-0.0980614539108215,-8.546992255808913,10.385236962753456,38.278280860655556,-0.7954964681505916
616.11,0.0,10.5,37.88730111860188,37.696959740324566,38.34828169787784,38.50484099875168,-5.79812593703144,0.1260532547492496,1.831906804188813,-10.20150739356944,-2.0049724586888984,0.1964897345992759,-8.462663995993747,10.365448618526749,38.109345888888996,-0.9142434943011561
616.12,0.0,10.5,37.76761073158527,37.724745008739134,38.16660878901335,38.39797458177256,-5.82,0.1281581855496466,1.8282231752881184,-10.182036783665769,-1.844732098148695,0.6822183274867684,-8.50773159739568,10.345660808431074,38.014234777777574,-0.9041189733810273
616.13,0.0,10.5,37.65778316124265,37.73906965011001,38.06088596036256,38.31258965011001,-5.82,0.1302631163500436,1.824539546387424,-10.162566173762096,-1.7158212680983944,0.9420918622100456,-8.76544183723553,10.325873535537148,37.94258210545631,-0.8488492502063409
616.14,0.0,10.5,37.576099774895845,37.714983523366726,38.17189158796206,38.28850352336672,-5.82,0.1323680471504406,1.820855917486729,-10.143095563858424,-1.6658961557667031,0.6325561657535586,-9.559251123309425,10.306086802939188,37.93786960239784,-0.6797627495099757
616.15,0.0,10.5,37.51585955818136,37.67686473670685,38.26746900590806,38.27175725147701,-5.82,0.1344729779508376,1.8171722885860344,-10.123624953954751,-1.6018648310393222,0.1961727158988487,-10.236913642050576,10.286300613755136,37.932987638068326,-0.5103265080076542
616.16,0.0,10.492048746379078,37.533450105317264,37.587812591831366,38.30704773696384,38.28165193424096,-5.82,0.1365779087512346,1.81348865968534,-10.10415434405108,-1.5017396745940816,-0.5647784730849805,-10.617389236542492,10.266514971126886,37.92749059208836,-0.33999537810857705
616.17,0.0,10.452092698032333,37.55433005469919,37.47400609646922,38.26311593237166,38.280849945300815,-5.82,0.1386828395516316,1.8098050307846447,-10.084683734147408,-1.43,-1.0533566433589507,-10.87867132867179,10.246729878220506,37.89307550721023,-0.225557571174186
616.1800000000001,0.0,10.412136649685127,37.5841261760321,37.293101074090806,37.9928225459945,38.2510538239679,-5.82,0.1407877703520525,1.806121401883908,-10.065213124243511,-1.43,-0.8535564435571101,-10.838711288711425,10.22694533822625,37.78027590502133,-0.25238101964150245
616.19,0.0,10.37218060133838,37.59055731022659,37.16193051012944,37.78699907249193,38.24624296802583,-5.82,0.1428927011524495,1.8024377729832133,-10.045742514339842,-1.4314092615769467,-0.4211013767259215,-10.872007509385655,10.207161354359707,37.69643246521845,-0.2927835211767306
616.2,0.0,10.332224552991631,37.52996663412221,37.17342184525268,37.76610573590421,38.313101645106535,-5.82,0.1449976319528465,1.7987541440825183,-10.02627190443617,-1.4364155193992372,0.6051814768436363,-11.09228285356644,10.18737792986066,37.69564896509641,-0.3678451688213129
616.21,0.0,10.292268504644886,37.45222491625812,37.21353303272412,37.78711754702469,38.336739685647466,-5.82,0.1471025627532435,1.7950705151818238,-10.006801294532496,-1.403126092384683,1.070536828964994,-11.183343320849236,10.167595067994247,37.6974037954136,-0.39127429480517106
616.22,0.0,10.25231245629814,37.30996261272828,37.36130937902645,37.96577253285287,38.19778580778111,-5.827860721442873,0.1492074935536405,1.791386886281129,-9.987330684628825,-1.273288389513601,0.1217228464455431,-10.94863670412074,10.147812772050981,37.70870758309718,-0.2845312887144594
616.23,0.0,10.21235640795139,37.1971429460064,37.42506173177373,38.03457462552826,38.08106890768836,-5.857920841683373,0.1521228693635042,1.78867320664781,-9.97469282659124,-1.0884209209229756,-0.5769069069065276,-10.578526026030548,10.134939081830431,37.68446205274918,-0.20581513270103108
616.24,0.0,10.172400359604644,37.16412975864634,37.261060736501165,37.805612197063326,38.024627006717935,-5.88,0.1555276317749243,1.7865452301406723,-9.966180920562689,-0.7630955955984722,-0.636966966966436,-9.862810310316638,10.126237941356685,37.56385742473219,-0.1986346490893308
616.25,0.0,10.132444311257895,37.1283264343785,37.105837793263255,37.631268687572536,37.93012801393668,-5.88,0.1589323941863443,1.7844172536335348,-9.95766901453414,-0.5257517482518972,-0.5157342657400239,-9.218304195808813,10.117538072278263,37.44889023228774,-0.2290747972335554
616.26,0.0,10.1,37.08458195121941,36.97559853658508,37.6123790243902,37.72731268292638,-5.88,0.1623371565977644,1.7822892771263972,-9.94915710850559,-0.5107667332668444,0.0636863136820166,-8.753768731272176,10.10883947787773,37.34996804878027,-0.35459495474121666
616.27,0.0,10.1,37.04129944700456,36.87569860124713,37.57556445649205,37.54605055570615,-5.88,0.1657419190091844,1.7801613006192598,-9.94064520247704,-0.5676445556930578,0.408127659576126,-8.31007759699878,10.100142161448476,37.259653265112476,-0.4766595242310512
616.28,0.0,10.1,37.00185244239639,37.02768558959037,37.38993149363009,37.54373014367038,-5.874704412989353,0.1691466814206045,1.7780333241121222,-9.93213329644849,-0.8079449311616353,0.1528085106407623,-7.919589486862343,10.09144612629476,37.24079991732181,-0.5899040582293147
616.29,0.0,10.1,36.96576579262224,37.10462896311118,37.25788966101688,37.553803868394645,-5.854721065778653,0.1725514438320245,1.7759053476049846,-9.92362139041994,-1.0679300873868505,-0.1122571785231827,-7.641418227215918,10.08275137573176,37.22052207128624,-0.6917477700286732
616.3000000000001,0.0,10.1,36.93909580259197,36.97127901295987,37.27602525423746,37.59860945164549,-5.834737718567727,0.1759562062434833,1.7737773710978229,-9.915109484391293,-1.3775430711598755,-0.4018951310850447,-7.646411985018708,10.074057913085495,37.1962523803587,-0.7648485638890943
616.3100000000001,0.0,10.1,36.9007670921506,36.84397239793259,37.29261603399445,37.627684189301625,-5.82,0.1793609686549033,1.7716493945906855,-9.906597578362742,-1.7014922383557085,-0.4972308462714349,-7.76558838257178,10.06536574169329,37.166259928344815,-0.8456877379809405
616.32,0.0,10.1,36.82873243126099,36.73413737043754,37.30474067988676,37.611280256623786,-5.82,0.1827657310663234,1.769521418083548,-9.898085672334192,-2.06203304957322,-0.0966299449186451,-8.17620430645839,10.056674864903211,37.11972268455227,-0.9462783372842626
616.33,0.0,10.1,36.756697770371375,36.62430234294249,37.31686532577907,37.594876323945954,-5.827848227658486,0.1861704934777434,1.7673934415764103,-9.889573766305642,-2.2483410026648074,0.2120489222569823,-8.746989585853342,10.047985286074507,37.07318544075972,-0.9545599059943615
616.34,0.0,10.1,36.67850599024382,36.55174387317076,37.28625137560963,37.526717956097386,-5.857803295057501,0.1895752558891635,1.7652654650692727,-9.881061860277091,-1.996464034876941,0.289549527730172,-9.720590942110286,10.039297008577556,37.0108047987804,-0.7306899408203218
616.35,0.0,10.1,36.58246696585353,36.58723655609761,37.13175381463394,37.30854234634116,-5.887773886943633,0.1929800183005836,1.7631374885621354,-9.87254995424854,-1.7409090909113811,0.307954545456175,-10.582272727268764,10.030610035793902,36.90249992073156,-0.5163776204278894
616.36,0.0,10.1,36.51898010280144,36.60767708044198,37.00461710614235,37.15699874582387,-5.917788894447347,0.1963847807120036,1.7610095120549978,-9.86403804821999,-1.4723140495878178,0.1168388429759473,-11.047148760328778,10.021924371116313,36.82206825880241,-0.3359514951721311
616.37,0.0,10.1,36.58057866358269,36.57027795425336,36.98261762014904,37.26149630429207,-5.932199999999949,0.1997895431234236,1.7588815355478602,-9.85552614219144,-1.183944292465109,-0.0892166127824949,-11.43085302163612,10.013240017948814,36.848742635569295,-0.159615565868474
616.38,0.0,10.1,36.60577933217046,36.53707269374533,36.97665951657114,37.30587289309746,-5.90220000000012,0.2031943055348437,1.7567535590407226,-9.84701423616289,-0.8457199701585049,-0.3329370803269597,-11.60991295697491,10.00455697970673,36.85634610889609,0.006408460964364759
616.39,0.0,10.1,36.52792236730651,36.515742018440136,37.016121265885744,37.18002190879683,-5.8877592638644805,0.2065990679462638,1.7546255825335852,-9.83850233013434,-0.5518728004037681,-0.5251256913016729,-11.73587481146318,9.995875259816742,36.8099518901073,0.14413550352190735
616.4,0.0,10.1,36.46855292884992,36.52877015107157,37.03518884502944,37.10769855263116,-5.917602586421115,0.2100038303576838,1.7524976060264477,-9.829990424105793,-0.3759049773775661,-0.580429864252765,-11.720791855203792,9.987194861716922,36.78505261939552,0.2066970649940903
616.41,0.0,10.1,36.46333850389864,36.64244461500953,36.99451633040943,37.19217223684195,-5.9324830529752735,0.2134085927691039,1.75036962951931,-9.82147851807724,-0.3011460674135227,-0.5574881398279167,-11.661695380776118,9.978515788856777,36.82311792153988,0.2204734381008035
616.42,0.0,10.1,36.471669758106,36.69763800823473,36.95137449305199,37.26154728255276,-5.902355008787455,0.2168133551805239,1.7482416530121725,-9.81296661204869,-0.4809213483129655,-0.3377627965063754,-11.4919076154822,9.969838044697301,36.84555738548637,0.1115580633068034
616.4300000000001,0.0,10.1,36.53334757591399,36.52251706124422,36.89850779207373,37.27145978898618,-5.88,0.2202181175919826,1.746113676505011,-9.804454706020042,-0.6594117647065151,-0.1263529411757835,-11.254235294116166,9.961161632710924,36.806458054554525,-0.0063347103289745355
616.44,0.0,10.1,36.57210258594904,36.38896624813146,36.89809751868539,37.283227144992615,-5.88,0.2236228800034027,1.7439856999978731,-9.795942799991492,-0.8346307884856863,0.0638848560701737,-10.84372215269068,9.95248655638194,36.78559837443962,-0.14708483278395493
616.45,0.0,10.1,36.54544588440436,36.37403849526644,37.04737504733559,37.30028743398121,-5.88,0.2270276424148228,1.7418577234907358,-9.787430893962943,-1.0267740324588328,0.1659026217231492,-10.427817727841283,9.943812819205972,36.8167867152469,-0.28516091251083175
616.46,0.0,10.096511046685942,36.49814051157014,36.33786989037657,37.11631118148426,37.2522259439683,-5.88,0.2298588849690294,1.7398588849690295,-9.777389371927043,-1.2614806491873285,0.0460524344575344,-9.998354556806165,9.933644194195642,36.801136881849814,-0.4165119392606414
616.47,0.0,10.076517044886511,36.38970689403076,36.238819951278096,36.94740496954792,37.01137819731833,-5.88,0.2287477429928642,1.7387477429928642,-9.756833245367988,-1.4003529411771174,-0.0752941176462888,-9.567176470590915,9.913191424642475,36.646827503043774,-0.5157838444449825
616.48,0.0,10.05652304308708,36.28090382890935,36.15472764236006,36.7714760834823,36.78230731770043,-5.88,0.227636601016699,1.737636601016699,-9.736277118808932,-1.2952215269090164,-0.2004505632035519,-9.13163204005164,9.892739333145176,36.49735371811303,-0.5333791209598643
616.49,0.0,10.036529041287652,36.17062297345986,36.130465854161166,36.56745650090073,36.60034390620877,-5.88,0.2265254590405338,1.7365254590405337,-9.715720992249874,-1.2540973782768507,-0.2161223470668233,-8.743280898877085,9.872287923917856,36.36722230868263,-0.5767117446847735
616.5,0.0,10.016535039488222,36.05195640974588,36.11388073097963,36.399535082048494,36.450135813028126,-5.88,0.2254143170643685,1.7354143170643686,-9.69516486569082,-1.3739475655424656,0.0435530586753421,-8.473617977529452,9.851837201209493,36.253877008950525,-0.6847722135026101
616.51,0.0,9.996541037688791,35.90936068622569,36.11920146693188,36.33462210343109,36.39054357036297,-5.88729240060372,0.2243031750882033,1.7343031750882034,-9.67460873913176,-1.4585882352941564,0.2370588235292176,-8.298352941175965,9.831387169304252,36.18843195673791,-0.759842024637213
616.52,0.0,9.976547035889364,35.81802399512184,36.08117561951249,36.332793165853325,36.39712313170696,-5.917488676396392,0.2231920331120381,1.733192033112038,-9.654052612572706,-1.4535819774718943,0.2620901126405278,-8.363434292865373,9.810937832521905,36.15727897804866,-0.7509143456393147
616.53,0.0,9.956553034089932,35.881702043902365,35.912063424390446,36.521739507316845,36.6038158146339,-5.93236500000017,0.2220808911358729,1.732080891135873,-9.633496486013648,-1.4926110833731252,0.1933574638079788,-8.66424613079298,9.790489195218134,36.22983019756089,-0.7113495648069414
616.54,0.0,9.936559032290502,35.90822867594035,35.755291442555475,36.65501535806293,36.75109650695526,-5.90236500000017,0.2209697491597076,1.7309697491597076,-9.612940359454592,-1.6423864203681997,-0.1111857214153391,-9.557905641530258,9.770041261784963,36.26740799587851,-0.5947343573876227
616.5500000000001,0.0,9.916565030490844,35.784745935083784,35.64834656877792,36.563505826892445,36.65848445131284,-5.88,0.2198586071835298,1.7298586071835298,-9.5923842328953,-1.8106134201312063,-0.370878818228023,-10.307130696045856,9.749594036650858,36.163770695516746,-0.5108377715003025
616.5600000000001,0.0,9.89400559245023,35.705348032706105,35.56648239345878,36.4551460257666,36.61511526759261,-5.88,0.2187474652073646,1.7287474652073649,-9.571828106336245,-2.0259364046071053,-0.5160966449675827,-10.687701552328836,9.729147524282075,36.08552292988102,-0.5104521254758511
616.57,0.0,9.859052778748763,35.753068548067844,35.556938290386434,36.29819855302131,36.71373766600688,-5.88,0.2176363232311993,1.727636323231199,-9.551271979777187,-2.077707865169448,-0.5191285892643165,-11.139011235953468,9.708701729181623,36.08048576437062,-0.45922213744945195
616.58,0.0,9.824099965047305,35.740977368547895,35.54968,36.16204395695704,36.70877078013874,-5.88,0.2165251812550341,1.7265251812550342,-9.530715853218132,-1.7181573033726032,-0.164571785270206,-11.768224719097946,9.688256655890608,36.04036802641092,-0.2801217567948781
616.59,0.0,9.78914715134584,35.538962205916576,35.54968,36.091914340914045,36.37487007091911,-5.887548774387241,0.2154140392788689,1.7254140392788688,-9.510159726659074,-1.4021176470600862,0.1125882352936248,-12.297647058821836,9.667812308988381,35.88885665443743,-0.12268745388177871
616.6,0.0,9.754194337644376,35.407834339623825,35.52946403875498,36.020989627740406,36.122678368180125,-5.917563781890955,0.2143028973027037,1.7243028973027037,-9.489603600100018,-1.196861076346175,0.1926883604502732,-12.572991239047814,9.647368693092954,35.77024159357484,-0.020417136142106274
616.61,0.0,9.719241523942912,35.56934377358547,35.42579244263094,35.946782590514786,36.207798204997744,-5.94,0.2131917553265384,1.7231917553265383,-9.46904747354096,-1.0102197253436742,0.2400549313359185,-12.54836704120047,9.626925812861394,35.78742925293224,0.033608771275397076
616.62,0.0,9.68428871024145,35.634309516169395,35.356924958636256,35.89144642266233,36.25140794184003,-5.94,0.2120806133503732,1.7220806133503732,-9.448491346981903,-0.8703945068671235,0.2050986267167808,-11.769340823973971,9.606483672990246,35.783522209827,-0.033697045686075455
616.63,0.0,9.649335896539986,35.38323907244948,35.40198888443214,35.89788412634745,36.159134189019895,-5.947511244377613,0.210969471374208,1.720969471374208,-9.427935220422848,-0.7347058823539121,0.0924705882377019,-11.075882352944866,9.586042278215945,35.71056156806224,-0.08136571728045097
616.64,0.0,9.614383082838524,35.20206963343102,35.447532653958866,35.84892176441875,36.07142476050843,-5.977496251873903,0.2087576604528667,1.7197384548321824,-9.40895381932873,-0.6095494367973613,-0.2179173967425441,-10.600287859829972,9.567104686794591,35.64248720307926,-0.07903626698102104
616.65,0.0,9.57943026913706,35.24286142228737,35.49460010263927,35.6240439540568,35.9982087292278,-5.977556221889425,0.1990138208672426,1.7176871201825774,-9.400748480730307,-0.5356318681311836,-0.5224225774189679,-10.04968031968953,9.558458429144864,35.58992855205281,-0.10587793028757123
616.66,0.0,9.55,35.26081860824741,35.511642051546374,35.45996932474228,35.93083551030927,-5.887601199400556,0.1892699812816185,1.7156357855329722,-9.39254314213189,-0.5905769230763771,-0.8121328671299881,-9.310419580426926,9.549821775887992,35.54081637371133,-0.20608314996118676
616.67,0.0,9.55,35.183602113402195,35.40353895876307,35.54931984020603,35.887814891752654,-5.827451274362729,0.1795261416959944,1.7135844508833673,-9.38433780353347,-0.6851564455551848,-0.9026157697158884,-8.682415519402365,9.54119475310555,35.50606895103098,-0.3234773587934633
616.6800000000001,0.0,9.55,35.13729561194068,35.27021037313256,35.62195770149274,35.87675185074698,-5.857436281859189,0.1697823021102595,1.7115331162337388,-9.376132464934956,-0.8804005006256239,-0.4870963704634158,-8.336983729662357,9.532577386944304,35.47655388432824,-0.4845285577933558
616.69,0.0,9.55,35.18201202985119,35.062598432833795,35.645380587064906,35.95979662686648,-5.872573143285807,0.1600384625246355,1.7094817815841337,-9.367927126336536,-1.129560659010095,-0.0747478781841856,-8.072925611582843,9.523969703616618,35.46244691915409,-0.6510411448896827
616.7,0.0,9.55,35.18504774921811,34.90128416046104,35.65909450396333,35.984818131153936,-5.842565641410357,0.1502946229390113,1.7074304469345287,-9.359721787738115,-1.5139840239619375,0.32964553170022,-8.013015476785153,9.515371729399908,35.432561136199105,-0.8312551091450229
616.71,0.0,9.55,35.05859086716253,34.883806380014335,35.642644828248784,35.8295743165979,-5.82,0.1405507833533873,1.7053791122849236,-9.351516449139694,-1.804121181772342,0.4858487731627511,-8.010951427139792,9.506783490637053,35.35365409800589,-0.9452438419053253
616.72,0.0,9.55,34.93440690247072,34.86302885825747,35.573319068920604,35.662693149544815,-5.82,0.1308069437677632,1.7033277776353186,-9.343311110541274,-1.8541962944414407,0.0101352028063133,-8.156169253880178,9.49820501373633,35.258361994798406,-0.8906165597186443
616.73,0.0,9.55,34.82198037451247,34.825182304291324,35.23047381534495,35.43561382574795,-5.82,0.1210631041821391,1.7012764429857137,-9.335105771942857,-1.864382022472251,-0.3314232209737638,-8.325468164793136,9.489636325171432,35.078312579974174,-0.8328991760101612
616.74,0.0,9.55,34.725150524993815,34.76112413463984,34.979782034664574,35.26575236875155,-5.82,0.111319264596515,1.6992251083361083,-9.326900433344434,-1.7744943820230397,-0.3364169787764978,-8.5551810237189,9.481077451481491,34.932952265762445,-0.767429432343356
616.75,0.0,9.55,34.677845827681615,34.613834508917755,35.0217111981913,35.2775785430796,-5.827336834208452,0.1015754250108909,1.6971737736865034,-9.318695094746014,-1.6831289111396288,-0.2749436796012065,-8.905269086353087,9.47252841927111,34.89774251946757,-0.6901574705211055
616.76,0.0,9.548047771018249,34.61648901367916,34.50270849532038,35.07826372930141,35.29438832253412,-5.857344336083902,0.0918315854252668,1.6951224390368982,-9.310489756147591,-1.5880100125161087,-0.0446558197758422,-9.561088861073143,9.463989255210372,34.87296239020877,-0.58290996347099
616.77,0.0,9.533088161962716,34.512750112790926,34.50065425965922,35.17892127669791,35.32622897528199,-5.887346326836458,0.0820877458396427,1.6930711043872932,-9.302284417549172,-1.42749063670535,0.1370786516851661,-10.106853932583247,9.455459986034862,34.87963865610751,-0.4653064571974323
616.78,0.0,9.518128552907182,34.433915382215424,34.50962219448796,35.23566198647899,35.33640835673399,-5.917331334332748,0.0723439062540186,1.691019769737688,-9.294079078950752,-1.1028963795276432,0.1970037453179735,-10.37651685393088,9.44694063854568,34.87890197997909,-0.32172211076642887
616.79,0.0,9.50316894385165,34.480654851794185,34.5741671762872,35.07096099843956,35.23736519500758,-5.94,0.0626000666683945,1.688968435088083,-9.285873740352333,-0.8459574468092784,0.1183729662116435,-10.633642052563674,9.438431239609463,34.84078705538213,-0.18834765616436586
616.8000000000001,0.0,9.488209334795949,34.5066954887213,34.58612220551179,34.92356909774313,35.19355503759567,-5.94,0.0528562270826597,1.6869171004384549,-9.277668401753818,-0.7608510638298562,-0.312165206507786,-10.858923654568027,9.429931816158287,34.802485457392976,-0.08090451974712978
616.8100000000001,0.0,9.473249725740414,34.46807894736794,34.43380140350688,34.83024578947252,35.32227684210687,-5.94,0.0431123874970356,1.6848657657888495,-9.2694630631554,-0.761198501872193,-0.5659176029966667,-10.981573033708155,9.421442395190091,34.76360074561355,-0.03607351041455481
616.82,0.0,9.45829011668488,34.431075249999644,34.32500615000026,34.74624909999938,35.41861034999997,-5.932690963554698,0.0333685479114115,1.6828144311392446,-9.261257724556978,-0.975930087390972,-0.3761548064916993,-10.846741573033576,9.412963003768075,34.730235212499814,-0.1483220479778856
616.83,0.0,9.443330507629348,34.398975249999765,34.348546150000175,34.69060909999959,35.41647034999998,-5.902735896155683,0.0236247083257874,1.6807630964896394,-9.253052385958558,-1.1540425531916894,-0.24,-10.800913642052988,9.404493669021118,34.71365021249988,-0.22922913609548567
616.84,0.0,9.428370898573815,34.366875249999886,34.37208615000009,34.63496909999981,35.41433034999999,-5.88,0.0205979244025571,1.6802989622012785,-9.242824907169314,-1.2391489361701438,-0.24,-10.981138923654422,9.394340910433995,34.69706521249994,-0.2305344897813947
616.85,0.0,9.41341128951828,34.33408302158272,34.377860647481995,34.600212805755405,35.3489587769783,-5.88,0.0215500333238163,1.6807750166619082,-9.231399600114203,-1.2601398601404152,-0.2784365634360281,-11.004655344656811,9.383187498795905,34.6652788129496,-0.23002793958863355
616.86,0.0,9.4,34.29918613908874,34.32962083932855,34.6289514148681,35.09133767386098,-5.88,0.0225021422450755,1.6812510711225377,-9.219974293059094,-1.120279720280717,-0.4133016983007371,-10.63502497502761,9.372034863103467,34.587274016786594,-0.22497573580545516
616.87,0.0,9.4,34.25748223088931,34.26788120644838,34.64958409256372,34.872505767030695,-5.88,0.0234542511663347,1.6817271255831674,-9.208548986003985,-0.9675794743445352,-0.4986658322907103,-10.147566958705193,9.360883006130084,34.511863324233026,-0.23859074061745741
616.88,0.0,9.4,34.180695959438495,34.13656555382235,34.628440046801906,34.85358741029644,-5.887260479041967,0.0244063600875939,1.6822031800437969,-9.197123678948872,-0.7823479349197858,-0.4586157697123861,-9.36158448060558,9.349731930662195,34.4498222425898,-0.29950040466396183
616.89,0.0,9.4,34.08059136794849,34.05179698951557,34.57653663504779,34.78700023964105,-5.917200598802428,0.0253584690088531,1.6826792345044266,-9.185698371893762,-0.665682896379248,-0.3544369538090776,-8.715882646693125,9.338581639499361,34.373981308038225,-0.3688745113969837
616.9,0.0,9.4,33.90644259111407,34.11483243634521,34.426960998502885,34.56904716924706,-5.932846788302943,0.0263105779301124,1.683155288965056,-9.174273064838651,-0.7206142322093215,-0.0897677902641782,-8.421250936331822,9.327432135454325,34.254320798802304,-0.45943196068567843
616.91,0.0,9.4,33.79963492393088,34.13020523545105,34.322293103114994,34.41363973436345,-5.902854286428562,0.0272626868513716,1.6836313434256858,-9.16284775778354,-0.7911611611600484,0.0787537537545124,-8.14201201201444,9.316283421353099,34.16644324921509,-0.5429061322827837
616.92,0.0,9.4,33.91022656846158,33.991707288094844,34.362602207196275,34.460150239072625,-5.872854640980994,0.0282147957726308,1.6841073978863157,-9.151422450728427,-0.9012712712698804,0.003678678679627,-7.901771771774807,9.305135500035032,34.18117157570633,-0.6084343317770455
616.9300000000001,0.0,9.4,33.990121441160305,33.87877820632471,34.41003181959667,34.494704375323685,-5.842832124092873,0.0291669046939008,1.6845834523469505,-9.13999714367319,-1.0369430569425873,-0.0742007992005995,-7.836768231767351,9.293988374352782,34.193408960601346,-0.6557349505255541
616.94,0.0,9.4,33.91579277345717,33.894309569725365,34.49323555210018,34.46918856402261,-5.82,0.0301190136151601,1.68505950680758,-9.12857183661808,-1.2367432567432908,-0.1591158841158985,-8.21139360639367,9.282842047172867,34.19313161482633,-0.657306726347203
616.95,0.0,9.4,33.842600769807234,33.885624343913626,34.536184343913625,34.46670628342947,-5.82,0.0310711225364193,1.6855355612682097,-9.117146529562968,-1.4366708385484024,-0.171829787233858,-8.610342928661327,9.271696521375011,34.182778935265986,-0.6627478675247791
616.96,0.0,9.39699830609798,33.7730681529614,33.79897600599805,34.449536005998056,34.53837836540902,-5.82,0.0320232314576785,1.6860116157288392,-9.105721222507857,-1.6369211514388835,-0.0016170212769489,-9.070918648309434,9.260551799852724,34.13998963259163,-0.6779923124485489
616.97,0.0,9.372087983260224,33.70702162801905,33.741621913043666,34.352084309178075,34.55153541062713,-5.82,0.0329753403789377,1.6864876701894689,-9.094295915452747,-1.765742821473411,0.0857827715361861,-9.588194756550976,9.249407885513252,34.088065815216986,-0.6520574564727314
616.98,0.0,9.347177660422467,33.65222935748778,33.77883930434792,34.219755806762954,34.37578661835705,-5.827151424287884,0.0339274493001969,1.6869637246500984,-9.082870608397636,-1.715805243446071,-0.0340674157294287,-10.247370786511858,9.23826478127765,34.00665277173892,-0.5230661714482969
616.99,0.0,9.322267337584714,33.62050775173839,33.780129266031345,34.11404807622973,34.22618010816378,-5.8571364317841725,0.0348795582214561,1.687439779110728,-9.071445301342523,-1.6219123904898904,-0.1015819774724043,-10.76675344180082,9.227122490080877,33.93521630054081,-0.4059120253660101
617.0,0.0,9.297357014746956,33.70427803244918,33.601566299253065,34.14160408962144,34.207442019057424,-5.88,0.0358316671427154,1.6879158335713575,-9.060019994287416,-1.4166558197759789,-0.0365006257826274,-10.931959949936408,9.215981014871877,33.91372261009528,-0.31874808642828895
617.01,0.0,9.272446691909202,33.73266407035171,33.48834381909551,34.14336125628138,34.16848206030148,-5.88,0.0367837760639746,1.6883918880319873,-9.048594687232304,-1.1901398601413238,0.0713211788200548,-11.015774225774852,9.204840358613637,33.88321280150752,-0.2412069224347384
617.02,0.0,9.247536369071447,33.570282160804176,33.600183015075274,34.0562557286433,34.05986899497498,-5.88,0.0377358849852338,1.688867942492617,-9.037169380177192,-0.9104195804219272,0.2861063936045915,-10.895894105895112,9.193700524283303,33.82164747487443,-0.18774797454541006
617.03,0.0,9.222626046233692,33.43657590909098,33.65850363636385,33.95022454545485,33.98237318181814,-5.88,0.038687993906493,1.6893439969532464,-9.025744073122082,-0.973065451522727,0.2380033140093345,-10.922742336366884,9.182561514872246,33.75691931818196,-0.1997205864776545
617.04,0.0,9.197715723395936,33.39621807543526,33.54260421663458,33.78258431334645,34.00617395551254,-5.88,0.0396401028277522,1.689820051413876,-9.014318766066973,-0.9335353173245902,-0.2289386876970301,-10.825690211549729,9.171423333386143,33.6818951402322,-0.15257899883030104
617.0500000000001,0.0,9.172805400557897,33.36865728813595,33.4378000616328,33.67579619928287,34.02398090395468,-5.88,0.0406549781498434,1.6883625546253913,-9.004760174801252,-0.6413211788204031,-0.5213561438556207,-10.368958541461335,9.161764390596181,33.626558613251575,-0.09316224609902155
617.0600000000001,0.0,9.15,33.404928474576465,33.388339352850274,33.87253990755112,34.01189050847451,-5.88,0.0417079976833554,1.6857300057916114,-8.996336018533157,-0.8561063936061595,-0.6662112887111308,-9.594732767233612,9.153004259141037,33.66942456086309,-0.26739906991934176
617.07,0.0,9.15,33.41172228310486,33.332109242970304,34.00133419850978,34.02395771689514,-5.88,0.0427610172168674,1.6830974569578314,-8.98791186226506,-1.0397972972972973,-0.6635810810810812,-8.970472972972974,9.14424437545587,33.69228086037002,-0.42383422584479863
617.08,0.0,9.15,33.31400538812776,33.25187852919963,33.88921691900975,34.12167461187224,-5.88,0.0438140367503794,1.6804649081240512,-8.979487705996965,-1.1449024024021368,-0.288205705706654,-8.725227727728349,9.135484740253435,33.64419386205235,-0.5352785703183159
617.09,0.0,9.15,33.21988160100372,33.1714531593475,33.78060402509405,34.183136145545696,-5.88,0.0448670562838914,1.6778323592902713,-8.971063549728868,-1.2798951048943472,0.0712687312675767,-8.551426073926056,9.126725354249192,33.58876873274774,-0.6442941464457366
617.1,0.0,9.15,33.1479217515682,33.08982706148035,33.69360778920932,34.020957977414895,-5.872998500749561,0.0459200758174034,1.6751998104564914,-8.962639393460773,-1.489685314685086,0.3909490509487023,-8.556421078921074,9.11796621816134,33.48807864491819,-0.7472314214056496
617.11,0.0,9.15,33.074721706235024,33.01839442734146,33.60462713279379,33.851432835897995,-5.843013493253271,0.0469730953509154,1.6725672616227114,-8.954215237192676,-1.6215494367960068,0.4525256570714451,-8.567096370463075,9.109207332710811,33.38729402556707,-0.7963013703119701
617.12,0.0,9.15,32.994325150013005,33.00611162014088,33.50413143751626,33.63927525697876,-5.82,0.0480261148844274,1.6699347127889317,-8.94579108092458,-1.5564680851066002,-0.1382127659554749,-8.592127659574384,9.100448698621301,33.28596086616223,-0.7092304404977849
617.13,0.0,9.15,32.93861817727837,32.963652169787935,33.40832546816489,33.49720412983759,-5.82,0.0490791344179394,1.6673021639551515,-8.937366924656484,-1.5000049925114476,-0.5128806789825386,-8.562880678982538,9.09169031661926,33.201949986267195,-0.655735887939965
617.14,0.0,9.15,32.96533478152315,32.82045117103593,33.32817565543056,33.58910924843963,-5.82,0.0501321539514514,1.6646696151213711,-8.928942768388389,-1.465057413879462,-0.3481278082888918,-8.39812780828889,9.082932187433938,33.175767714107316,-0.6860648786048771
617.15,0.0,9.15,32.94140109588959,32.71974986301388,33.26114054794511,33.63778054794479,-5.82,0.0511851734849634,1.6620370662875914,-8.920518612120292,-1.3705608412640649,-0.1265498247403416,-8.553505257878275,9.074174311797359,33.140018013698345,-0.6538569367893743
617.16,0.0,9.148755248950284,32.74596730593539,32.762951016582704,33.2385113722662,33.540063652967696,-5.826924806395081,0.0522381930184754,1.6594045174538117,-8.912094455852197,-1.1251927891854812,0.2389984977440789,-9.51995493239188,9.065416690444373,33.071873336938,-0.4632073674454886
617.17,0.0,9.133758248350413,32.596297718156016,32.791064475123605,33.19718452201062,33.45363556655375,-5.856902323257321,0.0532912125519874,1.6567719686200315,-8.9036702995841,-0.8728764044960853,0.4542971285902727,-10.508496878894782,9.056659324112637,33.00954557046099,-0.25125748793702884
617.1800000000001,0.0,9.118761247750372,32.71112970565347,32.73197617087734,33.04779145089742,33.43245296691829,-5.886886721680433,0.0543442320855113,1.6541394197862216,-8.895246143315909,-0.6032134831453861,0.2944968789009695,-11.552192259678044,9.047902213542551,32.980837573586626,0.013868690378369575
617.19,0.0,9.1037642471505,32.81823789945282,32.718904191140496,32.99269104031972,33.410514056744546,-5.916894223555883,0.0553972516190233,1.6515068709524416,-8.886821987047812,-0.4185156445556892,0.0806508135169589,-12.274453066332931,9.039145359477658,32.985086796914395,0.20743632673157567
617.2,0.0,9.088767246550631,32.89919359880573,32.86164187157852,33.25686226978711,33.386014305624585,-5.94,0.0564502711525353,1.6488743221186617,-8.878397830779717,-0.4485531914892615,-0.2697872340413834,-12.184340425532216,9.030388762664066,33.100928011448985,0.22015142229617538
617.21,0.0,9.07377024595076,32.94057908756401,32.96484344370847,33.43697090507681,33.39722737306896,-5.94,0.0575032906860473,1.6462417732848815,-8.86997367451162,-0.5685468164777839,-0.5085742821475033,-11.882916354560695,9.021632423850853,33.18490520235456,0.15906803134231307
617.22,0.0,9.05877324535089,32.84084889379433,32.92705094922732,33.3172946725532,33.535799852833144,-5.94,0.0585563102195593,1.6436092244511016,-8.861549518243525,-0.9131161048683828,-0.4686242197254049,-11.053952559302152,9.012876343789996,33.155248592102,-0.08625353924660259
617.23,0.0,9.04377624475102,32.76995092021411,32.85649790976301,33.19992126943669,33.62572890135105,-5.94,0.0596093297530713,1.6409766756173216,-8.853125361975428,-1.1685092546273244,-0.3662531265631884,-10.425962981490704,9.004120523236361,33.113024750191215,-0.2777036039552223
617.24,0.0,9.02877924415115,32.82995601835344,32.63720655110834,33.09300309457024,33.49480868722886,-5.93314028956561,0.0661437209302662,1.6385372093023176,-8.838590232558076,-1.1985242621310384,-0.1061230615310006,-10.305902951475847,8.989430264324751,33.01374358781522,-0.3330022261132406
617.25,0.0,9.013782243551278,32.83853345454477,32.477612727272934,33.02187309090932,33.37038181818142,-5.903185222166765,0.075911162790721,1.6362116279069714,-8.820450697674374,-1.2313657927589503,0.0558476903872307,-10.055196004995222,8.971248603513258,32.92710027272711,-0.3988150151803843
617.26,0.0,9.0,32.66370904607686,32.53091285180584,33.078371222914186,33.26911158156891,-5.886776611694103,0.0856786046511758,1.633886046511625,-8.802311162790673,-1.271315855180822,-0.0290461922592464,-9.475920099878085,8.95307803176481,32.88552617559145,-0.4910702872828396
617.27,0.0,9.0,32.517019960937496,32.55746993164062,33.09396887207029,33.17180092285155,-5.9167616191903925,0.0954460465116306,1.6315604651162785,-8.784171627906971,-1.2703232272620606,-0.1309822099714403,-9.017604610374372,8.934918616733505,32.83506492187499,-0.5494981083906176
617.28,0.0,9.0,32.47522308593758,32.48432540039075,32.95708410644556,33.08925209472671,-5.94,0.1052134883720854,1.629234883720932,-8.76603209302327,-1.1650864445008473,-0.2763091956893063,-8.867266349286924,8.91677042658285,32.75147117187515,-0.521797880509026
617.29,0.0,9.0,32.419640997674186,32.40252099767419,32.812194101835644,32.990537575601465,-5.94,0.1149809302325401,1.6269093023255858,-8.747892558139569,-1.0413679480791391,-0.3528232651030483,-8.641280579134369,8.898633529990112,32.656223418196376,-0.506494936563114
617.3000000000001,0.0,9.0,32.29353089170188,32.27641089170188,32.626347629876456,32.8091160196413,-5.94,0.124748372093106,1.624583720930213,-8.729753023255661,-0.8716225661504218,-0.2579655516722945,-8.22690214677897,8.880507996150484,32.50135135823037,-0.5220662058404304
617.3100000000001,0.0,9.0,32.1963,32.206222833707685,32.53129856823532,32.678741536167564,-5.94,0.1345158139535608,1.6222581395348663,-8.711613488371958,-0.7485803705558356,-0.0721707561343503,-7.895928893340054,8.86239389478232,32.40314073452764,-0.5501548683203799
617.32,0.0,9.0,32.1963,32.324313810590304,32.741947337809734,32.720232960477674,-5.94,0.1442832558140156,1.6199325581395203,-8.693473953488256,-0.7435728592889542,0.3434526790168029,-7.775748622934901,8.844291296130374,32.49569852721943,-0.6098792000411827
617.33,0.0,9.0,32.200652178994986,32.410658036399845,32.874294092501735,32.76093805309765,-5.94,0.1540506976744703,1.617606976744174,-8.675334418604555,-0.7941089588366058,0.5026464891070777,-8.017428571421512,8.826200270971096,32.56163559024856,-0.6068282553549732
617.34,0.0,9.0,32.220662197361975,32.38278693938868,32.72493359826242,32.798814159292306,-5.94,0.1638181395349252,1.6152813953488274,-8.657194883720853,-0.9829709443092078,0.0232276029073955,-9.16028571428136,8.80812089061698,32.53179922357634,-0.4474416746551324
617.35,0.0,9.0,32.240672215728964,32.35491584237752,32.57557310402311,32.836690265486965,-5.94,0.1735855813953799,1.612955813953481,-8.639055348837152,-1.2673643410837048,-0.3007777777783392,-10.241165374674823,8.790053226921126,32.50196285690414,-0.345676475271422
617.36,0.0,8.998555304740405,32.23536045653176,32.30081182127163,32.47365813501736,32.886052452647434,-5.94,0.1833530232558347,1.6106302325581348,-8.62091581395345,-1.887519379841828,-0.0785555555566784,-11.104214470279878,8.771997352281863,32.47397071636705,-0.4464315709446849
617.37,0.0,8.958424880862857,32.14181990286488,32.155304293345374,32.5370578436138,32.975435648373555,-5.94,0.1931204651162895,1.6083046511627883,-8.602776279069749,-2.3056839740395696,0.068557164253915,-11.728582126809563,8.753953339647394,32.452404422049405,-0.5076658554283876
617.38,0.0,8.918294456985311,32.05152726664905,32.009113556183145,32.57002577012007,33.020018410901365,-5.94,0.2028879069767443,1.605979069767442,-8.584636744186046,-2.220811283076176,0.0286170743887885,-11.758537194208408,8.735921262520495,32.412671250963406,-0.47047745654491085
617.39,0.0,8.878164033107765,31.97779108768288,31.85944011828165,32.44786583183282,32.83622823347821,-5.94,0.2126553488371991,1.6036534883720956,-8.566497209302344,-2.042170756138405,-0.1078918377527861,-11.765803705558843,8.717901194963265,32.28033131781889,-0.39519204665730046
617.4,0.0,8.838033609230218,31.91107339004242,31.743090082561928,32.34053289467086,32.64013075306416,-5.94,0.2224227906976539,1.6013279069767492,-8.548357674418643,-1.6265473209848853,-0.4884626940379364,-11.715728592889745,8.699893211601873,32.15870678008484,-0.22362265657253583
617.41,0.0,8.797903185352672,31.86931206905176,31.745231688766577,32.2859219364523,32.40027085814342,-5.94,0.2321902325581087,1.5990023255814028,-8.530218139534941,-1.231280898879016,-0.6112059925132995,-11.551235955059584,8.681897387631409,32.075184138103516,-0.10301519148760069
617.42,0.0,8.757772761475126,31.830996923453192,31.75013852286621,32.19549612619241,32.22891864514545,-5.94,0.2419576744185634,1.5966767441860563,-8.51207860465124,-0.8867116104903735,-0.0918551810289686,-11.10179775281353,8.663913798820717,32.001387554414315,-0.10932337557752514
617.4300000000001,0.0,8.717642337597121,31.80482915627267,31.764792472487304,31.978827013937707,32.29904826118924,-5.94,0.2517251162791293,1.5943511627906837,-8.493939069767332,-0.5930813516898504,0.2956395494367165,-10.657727158949308,8.645942521517112,31.96187422597173,-0.11821469010219945
617.44,0.0,8.677511913719576,31.767650620688872,31.758529246486948,31.799435223499312,32.3438719948908,-5.94,0.2614925581395841,1.5920255813953372,-8.475799534883631,-0.4278748435552033,0.3507083854815989,-10.227188986234772,8.627983632652134,31.91737177139148,-0.1336184038917127
617.45,0.0,8.63738148984203,31.679098896551164,31.65467228607853,31.793969067688344,32.2706255070238,-5.946628342914255,0.2683515750874535,1.589856658703257,-8.4589966109228,-0.3028464419477141,0.338494382023542,-9.775498127343829,8.611287965611092,31.849591439335455,-0.1587196232952421
617.46,0.0,8.6,31.6132173426574,31.614760879121565,31.81779150849197,32.219272397602495,-5.976620844788805,0.2555730873937026,1.588745485860322,-8.451218401022254,-0.2778776529339026,0.1587191011240992,-9.271128589264832,8.603053079205,31.816260531968357,-0.20797152422000476
617.47,0.0,8.6,31.628182377622384,31.80289274725284,31.9460632367633,32.245995674325684,-5.993393258426966,0.2427945996999517,1.587634313017387,-8.443440191121711,-0.3581026282848583,-0.1050688360443701,-8.82184981226578,8.59483648422488,31.90578350899105,-0.27547626475378184
617.48,0.0,8.6,31.62555621621635,31.90335858108152,32.048965337837814,32.26692,-5.963430711610563,0.2300161120062008,1.5865231401744524,-8.435661981221166,-0.7035344180209386,-0.5806633291592634,-8.511461827285535,8.586638233180182,31.96120003378392,-0.388998727682243
617.49,0.0,8.6,31.55945583011597,31.687499507722457,32.06032634169882,32.26692,-5.933455091318599,0.2172376243124499,1.5854119673315177,-8.427883771320623,-1.0086738261725705,-0.7926348651375916,-8.315759240758691,8.578458378663642,31.893550419884313,-0.49904635427734834
617.5,0.0,8.6,31.499727784679138,31.49041236024864,32.03904212215369,32.26884732919252,-5.90343257443082,0.204459136618699,1.5843007944885823,-8.420105561420078,-1.2134690309682914,-0.3480794205810262,-8.405669330669006,8.570296973350535,31.824507399068494,-0.6004402436161446
617.51,0.0,8.6,31.47757457556942,31.40401484472074,31.825263654244907,32.28213925465835,-5.88,0.1916806489249481,1.5831896216456478,-8.412327351519535,-1.4297722722716528,-0.0114889889891533,-8.549739739739032,8.562154069997948,31.747248082298356,-0.6862756155193286
617.52,0.0,8.6,31.44551353722761,31.333963153672634,31.69472884933505,32.25100599649104,-5.88,0.1789021612311972,1.5820784488027129,-8.40454914161899,-1.6750175175162785,0.0535760760757473,-8.830020020018603,8.554029721444023,31.681302884181584,-0.7329822730981564
617.53,0.0,8.6,31.376844697919605,31.324306598144943,31.87176570067601,32.05572898470888,-5.88,0.1661236735374463,1.580967275959778,-8.396770931718446,-1.85,0.0456329588029363,-9.094382022470208,8.545923980607194,31.65716149536236,-0.7509107032244364
617.54,0.0,8.6,31.29304192400263,31.303715161135464,31.965587619048662,31.895473025493207,-5.88,0.1533451858436954,1.5798561031168432,-8.388992721817901,-1.85,-0.1441298377009537,-9.319101123593237,8.537836900485432,31.61445443241999,-0.6971697955214632
617.5500000000001,0.0,8.6,31.15511022606896,31.24401338143284,31.761778095236224,31.860475430495107,-5.886498249124874,0.1405666981497992,1.5787449302738956,-8.38121451191727,-1.754740926157639,-0.3112790988736111,-9.566728410513194,8.52976853415536,31.505344283308283,-0.6103235552412942
617.5600000000001,0.0,8.59923702189204,31.04591443691424,31.169448670488173,31.56071832637952,31.82086556308576,-5.916513256628588,0.1277882104560483,1.577633757430961,-8.373436302016726,-1.4193216520641736,-0.4214167709640027,-9.872110137672916,8.521718934771837,31.39923674921692,-0.4400145750853331
617.57,0.0,8.584276666832949,31.113974916580474,31.003202580811628,31.376620307610192,31.752805083419524,-5.94,0.1150097227622974,1.576522584588026,-8.365658092116181,-1.088434456927628,-0.429895131085215,-10.127198501873153,8.513688155566594,31.311650722105455,-0.28940979002798295
617.58,0.0,8.569316311773859,31.161049650872595,30.901676847881344,31.276800169577687,31.689181371570672,-5.94,0.1022312350685465,1.575411411745091,-8.357879882215638,-0.768833957552655,-0.1852009987512514,-10.257036204744232,8.505676249847815,31.257177009975575,-0.18787635995335208
617.59,0.0,8.554355956714767,31.13436635910216,31.02762198503781,31.47318919700812,31.641151446383883,-5.959455816275486,0.0894527473747956,1.5743002389021563,-8.350101672315093,-0.5414221331997916,0.0653730595889534,-10.291692538808546,8.497683270999197,31.319082246882996,-0.13231774070712854
617.6,0.0,8.539395601655675,31.09112642564474,31.09391631718488,31.61276651241264,31.588556505181977,-6.04932101847202,0.0766742596810447,1.5731890660592214,-8.34232346241455,-0.546429644466673,0.3307711567336658,-10.08638457686641,8.489709272479136,31.34659144010606,-0.19266744735255603
617.61,0.0,8.524435246596584,30.98796903832219,30.944338105567176,31.5467457845262,31.519441055675863,-6.107196401799355,0.0638957719872938,1.5720778932162864,-8.334545252514005,-0.5643320848935225,0.4297078651708086,-9.905602996255546,8.481754307819871,31.249623496022856,-0.23632647670731377
617.62,0.0,8.509474891537494,30.90562613943831,30.82880659729495,31.484408178980026,31.47389523413161,-6.047226386806775,0.0511172842935429,1.5709667203733515,-8.326767042613461,-0.6142696629211455,0.1151011235967836,-9.785752808989251,8.47381843062665,31.173184037461226,-0.23852051334876262
617.63,0.0,8.494514536478402,30.949049656607844,30.91899390218552,31.44432493236199,31.570763080125182,-6.0,0.0405073294470653,1.5697463352764671,-8.31879509256322,-0.7411539424271679,-0.118545682102547,-9.705697121401698,8.465701163690268,31.220782892820132,-0.2689508332262687
617.64,0.0,8.47955418141931,30.95922752366703,30.984648420528124,31.418924474339843,31.660160159442032,-6.0,0.0444098636552121,1.567795068172394,-8.309526573818871,-1.061554443051938,-0.1485832290361192,-9.725722152690746,8.456251267126442,31.255740144494258,-0.37039366858911155
617.65,0.0,8.46459382636022,30.85153444942714,30.963323059292502,31.44558117588437,31.72306997508712,-6.012693173293347,0.048312397863359,1.5658438010683209,-8.300258055074522,-1.3114981273401616,-0.0238127340869009,-9.940649188508177,8.44680322240082,31.24587716492278,-0.4347770132127979
617.66,0.0,8.450000000000001,30.76678,30.91780447545756,31.43782447545756,31.754812232916507,-6.072708177044247,0.0522149320715058,1.563892533964247,-8.290989536330175,-1.3864044943811709,0.485550561791962,-10.639775280890928,8.4373570357344,31.219305295957906,-0.40709270313938833
617.67,0.0,8.450000000000001,30.76678,30.78289590952855,31.302915909528547,31.671395486044368,-6.107276819204853,0.0561174662796526,1.5619412668601738,-8.281721017585825,-1.4286086086091,0.545280280293429,-11.037477477481902,8.427912713374837,31.130996826275364,-0.36728888121905445
617.6800000000001,0.0,8.450000000000001,30.760908660760304,30.661984679520216,31.17613334028052,31.56672181344168,-6.047261815453271,0.0600200004878439,1.559989999756078,-8.272452498841371,-1.3885685685684783,-0.5257907907932072,-10.677117117116303,8.418470261596484,31.04143712350068,-0.2970052324893614
617.69,0.0,8.450000000000001,30.71741725898854,30.630760083376387,31.10141734236493,31.325846357475005,-6.012746813297174,0.0639225346959907,1.5580387326520049,-8.263183980097022,-1.329947552447174,-1.2155844155834783,-10.294065934064347,8.40902968670095,30.943860260551215,-0.26356233718864275
617.7,0.0,8.450000000000001,30.66650708520091,30.603746547085063,31.035009327353848,31.12364179372127,-6.072731817045934,0.0678250689041376,1.556087465547931,-8.253915461352674,-1.2250524475524005,-0.9558441558440388,-9.854505494505297,8.3995909950166,30.85722618834027,-0.3218677056590343
617.71,0.0,8.450000000000001,30.58866951669089,30.59201759840548,30.99875621325329,31.06179824613797,-6.12,0.0717276031122844,1.5541361984438578,-8.244646942608325,-1.1115348022036953,-0.5406334501775899,-9.502959439159117,8.390154192899113,30.810310393621908,-0.3801238593900225
617.72,0.0,8.450000000000001,30.52968531791916,30.547838208091367,30.91945085741649,31.015249874759228,-6.12,0.0756301373204313,1.5521849313397844,-8.235378423863976,-0.9763319979978984,0.2655758637903096,-9.3727641462202,8.380719286731521,30.753056064546563,-0.4382562410786803
617.73,0.0,8.450000000000001,30.54205526011568,30.380843988438304,30.67720615606791,31.02658898843937,-6.12,0.0795326715285781,1.5502336642357109,-8.226109905119628,-0.8311982026973637,0.8529181228154037,-9.232633549676851,8.371286282924352,30.656673598265318,-0.47179860410393853
617.74,0.0,8.450000000000001,30.535296834981125,30.26495167100576,30.50496141593061,31.040124060385352,-6.12,0.083435205736725,1.5482823971316375,-8.216841386375279,-0.6614528207696126,0.8978507239139261,-9.067880678982272,8.361855187915756,30.586333495575712,-0.44440048609102306
617.75,0.0,8.450000000000001,30.4038444664235,30.48218228006285,30.789032212389884,31.067974138469594,-6.12,0.0873377399448718,1.5463311300275642,-8.20757286763093,-0.6112318477709349,0.6464972458716793,-8.96282173259877,8.352426008171662,30.685758274336457,-0.41729812297982466
617.76,0.0,8.449233830845897,30.31355052631575,30.61821894736852,31.0052210526316,31.079783157894767,-6.12,0.0912402741530187,1.5443798629234906,-8.19830434888658,-0.8616074111150032,-0.3499974962377122,-9.0078893340007,8.342998750185913,30.75419342105266,-0.3909395652541455
617.77,0.0,8.42933333333348,30.37624168818272,30.45245926514399,30.969093942403177,31.031967864945383,-6.12,0.0951428083611655,1.5424285958194173,-8.189035830142233,-1.0428706939589625,-0.978185222169574,-9.047176734897407,8.333573420480413,30.707440690168816,-0.38054440898107633
617.78,0.0,8.409432835821061,30.411493738158818,30.31952,30.9080090842846,31.00288276414868,-6.12,0.0990453425693124,1.540477328715344,-8.179767311397883,-1.052855716425244,-0.6936120818805478,-9.07213929106311,8.324150025605256,30.660476396648026,-0.40971072587498425
617.79,0.0,8.389532338308644,30.3356035268399,30.31952,30.745832742288005,31.04966440126308,-6.12,0.1029478767774592,1.5385260616112704,-8.170498792653534,-1.107001251562398,-0.2079924906256132,-9.196821026278176,8.314728572138895,30.612655167597744,-0.45952118947363707
617.8000000000001,0.0,8.369631840796,30.261700370369667,30.30278143518382,30.611808333333784,31.087309398147934,-6.12,0.1068504109856504,1.5365747945071748,-8.16123027390908,-1.272207759699863,0.7832465581991801,-9.572290362954234,8.305309066688165,30.5658998842588,-0.5612504121883884
617.8100000000001,0.0,8.349731343283581,30.200054279834845,30.182791723249967,30.65143796296331,31.068595406378435,-6.111725516322417,0.1107529451937973,1.5346235274031013,-8.151961755164733,-1.3928671328671565,1.25776223776034,-9.838566433566422,8.295891515888856,30.52571984310664,-0.6108142158134927
617.82,0.0,8.329830845771165,30.150041106382965,30.068038127659,30.662794212765306,31.0196096170202,-6.071752165223082,0.1146554794019441,1.532672260299028,-8.142693236420383,-1.4028571428571348,0.4485714285720856,-9.833571428571432,8.286475926405222,30.475120765956866,-0.5307823964089691
617.83,0.0,8.309930348258748,30.14789842803504,29.97483161952412,30.55780297371683,30.84605267083802,-6.031778814123748,0.118558013610091,1.5307209931949546,-8.133424717676034,-1.4256946182726224,-0.2869461827262244,-9.93130162703238,8.27706230493056,30.381646423028503,-0.44717952355657326
617.84,0.0,8.290029850746329,30.13301615834302,29.89017173208614,30.43877951561701,30.70063194588272,-6.0,0.1190995215538791,1.5290995215538792,-8.123696650877156,-1.4807634543175048,-0.8376345431750482,-10.286745932412986,8.267210975796091,30.290649837982222,-0.354617692054117
617.85,0.0,8.270129353233912,30.06653210957053,29.84012997494556,30.26291848338013,30.66917712710864,-6.0,0.117671324177003,1.527671324177003,-8.113699269239023,-1.453957553060623,-1.0648938826515577,-10.587378277152162,8.25710252127804,30.209689423751215,-0.27648720013501266
617.86,0.0,8.250228855721494,30.00004806079805,29.790088217804986,30.08705745114324,30.637722308334563,-6.0,0.1162431268001269,1.5262431268001269,-8.10370188760089,-1.2242446941335572,-0.4906117353338931,-10.75217228464332,8.246994290633353,30.12872900952021,-0.23412133240237384
617.87,0.0,8.25,29.945474376504524,29.76271147327912,29.98024036109868,30.567820274433004,-6.0,0.1148149294232508,1.524814929423251,-8.093704505962757,-0.997205808713984,-0.0543114672011752,-10.792934401603526,8.236886284686243,30.064061621328833,-0.19707639833927038
617.88,0.0,8.25,29.93723171882522,29.82350107366399,30.142002518055023,30.34835951372153,-6.0,0.1133867320463747,1.5233867320463748,-8.083707124324624,-0.7768753129712039,0.0358237356026893,-10.522528793191931,8.226778504264946,30.06277370606644,-0.1733804733069548
617.89,0.0,8.25,29.91376945294313,29.87611555094634,30.284271864143086,30.171877199895896,-6.0,0.1119585346694986,1.5219585346694986,-8.073709742686491,-0.6214378432350914,0.1445731402878342,-10.210659011487412,8.216670950201756,30.061508516982116,-0.1796876106104942
617.9,0.0,8.25,29.786157319160303,29.872786538760703,30.29314922997145,30.289502297121807,-6.0122038980508,0.1105303372926224,1.5205303372926224,-8.063712361048358,-0.6264303544682323,0.2993409885151994,-9.796280579136724,8.206563623333052,30.060398846253563,-0.2601689853593031
617.91,0.0,8.25,29.689473413293303,29.86543788105952,30.25982351824124,30.379676351824124,-6.072173913043039,0.1091021399157463,1.5191021399157465,-8.053714979410225,-0.668523153940574,0.2744555694683507,-9.49857321652072,8.196456524499318,30.048602791104543,-0.3167715287751897
617.92,0.0,8.25,29.717279510244865,29.841909645177424,30.05662511744138,30.35935651174414,-6.12,0.1076739425388702,1.5176739425388703,-8.043717597772092,-0.8036921151424182,-0.2011389236492493,-9.493566958698429,8.186349654545166,29.993792696151953,-0.3134675304217819
617.9300000000001,0.0,8.25,29.729433549512983,29.81183662758725,29.925579042157064,30.35299506610187,-6.12,0.1062457451619779,1.516245745161978,-8.033720216133846,-0.9430711610488784,-0.512721598002377,-9.458414481897488,8.176243014319258,29.954961071339792,-0.33319419389703764
617.94,0.0,8.25,29.67818885008669,29.755253938637395,30.086786325768937,30.40317216762344,-6.107823044238978,0.1048175477851018,1.5148175477851018,-8.023722834495713,-1.0928838951308968,-0.4178401997504319,-9.348551810237344,8.166136604674774,29.980850320529115,-0.40999684538203535
617.95,0.0,8.25,29.63289242057466,29.67975874432508,30.201556142207902,30.42275800302453,-6.047838040489877,0.1033893504082257,1.5133893504082256,-8.01372545285758,-1.2642052565701845,-0.2272966207769807,-9.268573216520664,8.156030426468767,29.98424132753304,-0.49944720358067474
617.96,0.0,8.249640593021514,29.61238813414005,29.52543700958043,30.122776515380217,30.3148407060003,-6.0,0.1019611530313495,1.5119611530313497,-8.003728071219447,-1.489486858573258,0.2032415519400045,-9.263566958698371,8.145924480562629,29.89386059127525,-0.6206277733596288
617.97,0.0,8.229673538661238,29.59172550285566,29.402481375713915,30.04133966227933,30.213308085423154,-6.0,0.1005329556544734,1.5105329556544735,-7.993730689581315,-1.6442571785268163,0.4138077403241716,-9.23846441947556,8.135818767822022,29.812213656568012,-0.6982971215132288
617.98,0.0,8.209706484300964,29.570468984355536,29.397167246088884,29.9499366327288,30.1357217928977,-5.993974519110561,0.0991047582775973,1.5091047582775974,-7.983733307943182,-1.6242821473158806,0.0792259675409968,-9.163558052434553,8.125713289116884,29.76332366401773,-0.6681343117267817
617.99,0.0,8.189739429940689,29.54074785544561,29.37929894460403,29.84796724021467,30.06340371889444,-5.9639970022483215,0.0976765609007212,1.5076765609007212,-7.973735926305049,46.61728937664812,47.74714285650585,42.46838827770247,8.115608045321476,29.707854439789685,2.7617455957770387
618.0,0.0,8.169772375580413,29.47652377141416,29.31025805427022,29.70292785044364,30.012559652369543,-5.94,0.0962483635238451,1.506248363523845,-7.963738544666916,82.42814594903712,82.95419176999602,80.40625795588616,8.10550303731439,29.625567332124394,5.3853153978733985
618.01,0.0,8.14980532122014,29.412299687382703,29.24121716393641,29.55788846067261,29.961715585844644,-5.94,0.094820166146969,1.5048201661469691,-7.953741163028783,-0.9441073657940208,-0.3867790262198021,-9.40312109862485,8.095398265978591,29.543280224459092,-0.3550061632782218
618.02,0.0,8.129838266859863,29.34807560335125,29.1721762736026,29.412849070901583,29.910871519319745,-5.945979020978904,0.0933919687700929,1.503391968770093,-7.94374378139065,-0.8192634207256719,-0.1320973782803706,-9.587890137326006,8.085293732201434,29.460993116793794,-0.31160113119319605
618.03,0.0,8.109871212499588,29.291909721455493,29.13282958594718,29.32879236637365,29.86308458218324,-5.975949050948839,0.0919637713932168,1.5019637713932168,-7.933746399752517,-0.6900500625801455,0.0799624530648909,-9.727133917396404,8.075189436874693,29.404154063989893,-0.2691865233950441
618.04,0.0,8.089904158139314,29.268281114178293,29.213381656210363,29.49097053450353,29.82764167126744,-5.994077961019771,0.0905355740163407,1.5005355740163406,-7.923749018114385,-0.5498748435560108,0.185093867332992,-9.752165206507856,8.065085380894594,29.450068744039907,-0.22925666424659483
618.0500000000001,0.0,8.06993710377881,29.235313455626898,29.25482809122416,29.63372798215197,29.802996995537992,-5.96409295352314,0.0932061147019716,1.5009618344105915,-7.911343490304676,-0.5246566791513892,0.126479400748477,-9.757078651685337,8.053007489737062,29.481716631135257,-0.21394936787352165
618.0600000000001,0.0,8.05,29.16634964799149,29.145546980663443,29.70163080813145,29.81997270203286,-5.94,0.098335898225103,1.502500769467531,-7.897493074792222,-0.7843320848935547,-0.3379400749057805,-9.71213483146073,8.039749708636542,29.45837503470481,-0.2596632053360634
618.07,0.0,8.05,29.12426798239264,29.07413106383085,29.73296060161261,29.83552045487905,-5.94,0.1034656817482343,1.5040397045244702,-7.883642659279767,-0.9543014521784066,-0.5943615423141411,-9.724241362042672,8.026497502603576,29.441720025678787,-0.2882464510386122
618.08,0.0,8.05,29.197537730497263,29.165194893618025,29.607355319147548,29.84494085106393,-5.94,0.1085954652713656,1.5055786395814097,-7.869792243767312,-0.8992188282423981,-0.3289634451679178,-9.87947421131688,8.013250899298077,29.45375719858169,-0.2738529489917598
618.09,0.0,8.05,29.23944075916754,29.22581040266612,29.512272372404063,29.85252413952292,-5.94,0.113725248794497,1.5071175746383492,-7.855941828254858,-0.9635505617977528,-0.0033707865168539,-10.005820224719102,8.000009926551432,29.45751191844016,-0.3101920877653526
618.1,0.0,8.05,29.09563978455884,29.106159210052777,29.597894326751227,29.849230987432644,-5.94,0.1188550323176283,1.5086565096952884,-7.842091412742404,-1.3231011235945973,0.4710362047428713,-10.060751560549177,7.986774612367707,29.412231077198875,-0.47195358856682185
618.11,0.0,8.05,28.977584276068924,29.000448402100144,29.631340630156096,29.82257924981148,-5.94,0.1239848158407597,1.510195444752228,-7.8282409972299485,-1.582840796019861,0.6764825870665362,-10.151134328357497,7.97354498492491,29.35798813953416,-0.5668639510766776
618.12,0.0,8.05,28.965811332833123,28.952286361590048,29.449395143784617,29.69949847961901,-5.934106473381556,0.129114599363891,1.5117343798091674,-7.814390581717494,-1.5927910447760922,0.2088208955236656,-10.33023880596966,7.9603210725762175,29.266747829456698,-0.49447085190396833
618.13,0.0,8.05,28.939396014999502,28.91123896499993,29.30887718000017,29.5695206199991,-5.904113971507176,0.1342443828870223,1.5132733148661068,-7.80054016620504,-1.5183396131631155,-0.359756342625811,-10.51674704847987,7.947102903851235,29.182258194999676,-0.38211996248977576
618.14,0.0,8.05,28.852726015,28.899468965,29.33883718,29.41116062,-5.885878530367237,0.1393741664101537,1.514812249923046,-7.786689750692585,-1.2219316754592056,-1.1937176588774898,-10.722725445867331,7.933890507457259,29.125548195,-0.16468951216734326
618.15,0.0,8.05,28.79447362253777,28.881864158564127,29.343121924707493,29.276249992520736,-5.915871032241788,0.144503949933285,1.5163511849799856,-7.77283933518013,-0.964331497246534,-1.63301452178496,-10.775808713070976,7.920683912280556,29.07392742458253,-0.02446905726755816
618.16,0.0,8.05,28.853162228870428,28.840248601346424,29.241750695587445,29.23783563201209,-5.934140859141015,0.1496337334564164,1.517890120036925,-7.758988919667676,-0.8040911367063301,-1.0821882824280098,-10.445312969456808,7.907483147387643,29.043249289454096,-0.07795087158891208
618.17,0.0,8.025570479852293,28.89174360450576,28.800229812265417,29.131753041302016,29.19979914893627,-5.904170829171079,0.1547635169795477,1.5194290550938645,-7.745138504155221,-0.6195280898904223,-0.4872134831540723,-10.181235955057316,7.894288242026579,29.005881401752365,-0.11780365548019789
618.1800000000001,0.0,8.000604184350964,28.8446046808508,28.767018297872152,28.984979574467268,29.163373617021072,-5.88,0.1598933005027374,1.5209679901508213,-7.731288088642609,-0.3748339575536769,0.2169063670394196,-10.081360799001502,7.881099225628121,28.939994042552826,-0.12396244747324656
618.19,0.0,7.975637888849918,28.795666817728925,28.749431947211285,28.90584964143483,29.11857342131452,-5.88,0.1650230840258687,1.5225069252077603,-7.717437673130155,-0.2414493116390255,0.76430788485551,-9.929959949938434,7.86791612780764,28.89238045692239,-0.159002848024599
618.2,0.0,7.950671593348873,28.73918275398398,28.797390114541905,29.1104711553788,29.03864314243016,-5.885817091454257,0.170152867549,1.5240458602647,-7.7035872576177,-0.3866307884854508,0.9195018773465164,-9.649609511890164,7.854738978365539,28.92142179158371,-0.26632314109923066
618.21,0.0,7.925705297847828,28.69193610194902,28.82545028485753,29.248137181409184,28.98510166416796,-5.915802098950547,0.1752826510721314,1.5255847953216397,-7.689736842105246,-0.5762705941088911,0.8819021467797369,-9.425556665002482,7.841567807289191,28.937656308095924,-0.3600060257985382
618.22,0.0,7.900739002346783,28.685519310344816,28.76556022988494,29.08985632183877,29.04820011494265,-5.945788552861841,0.1804124345952627,1.527123730378579,-7.675886426592791,-0.8758212680973398,0.3676734897662334,-9.340683974039088,7.828402644754128,28.897283994252792,-0.4199742064589703
618.23,0.0,7.875772706845738,28.66552830954144,28.71174276984715,28.980485609817528,29.115061758076905,-5.975781054736391,0.185542218118394,1.5286626654355182,-7.662036011080336,-1.1042749812169943,-0.1070623591274576,-9.284282494365096,7.815243521125403,28.868204611820758,-0.4558644361721377
618.24,0.0,7.850806411344693,28.58513762584487,28.684945875281624,29.08874506386224,29.198668069121336,-6.0,0.19,1.5294045454545504,-7.648987727272736,-1.1543626346104965,-0.4827197595787236,-9.299308790383147,7.80270411560159,28.889374158527517,-0.4313485784202028
618.25,0.0,7.825840115843648,28.5163784699999,28.637948659999257,29.15835171999945,29.256635499999703,-6.0,0.19,1.5248590909091004,-7.641260454545471,-1.2922641038438505,-0.4705741387928595,-9.351769845231996,7.7942386787503875,28.892328587499577,-0.4709821736758545
618.26,0.0,7.800873820342603,28.4981884699999,28.50312865999925,29.05991171999945,29.203135499999703,-6.005727136431655,0.19,1.520313636363651,-7.633533181818207,-1.6467324013968478,0.4979730404364577,-9.49655267099308,7.7857743603852825,28.816091087499576,-0.6688214390008883
618.27,0.0,7.800000000000001,28.459720710058576,28.387994832347,28.967645700196933,29.15016828402343,-6.035712143927944,0.19,1.5157681818182007,-7.625805909090942,-1.832823529412996,1.1514092615776783,-9.617151439298809,7.777311164158135,28.741382381656486,-0.7810099292554518
618.28,0.0,7.800000000000001,28.33309349112422,28.35844848126232,28.90222163708085,29.099517396449688,-6.071399999999878,0.19,1.511222727272751,-7.618078636363677,-1.5975294117666805,1.0162403003766036,-9.677226533165957,7.768849093736237,28.67332025147927,-0.6788464797931992
618.29,0.0,7.800000000000001,28.227461417721504,28.31585479493704,28.83996409113937,29.03624597468393,-6.131399999999878,0.19,1.506677272727301,-7.610351363636412,-1.3839775280917044,0.6151011236075414,-9.771775280896833,7.760388152802383,28.60488156962046,-0.5511107566556002
618.3000000000001,0.0,7.800000000000001,28.232879139240566,28.204249731644342,28.79445523037925,28.90622065822642,-6.16860854359179,0.19,1.5021318181817995,-7.602624090909059,-1.2241772784024012,-0.4435755305840919,-9.9515505617973,7.751928345054859,28.534451189872645,-0.3601546902596065
618.3100000000001,0.0,7.800000000000001,28.240054254309456,28.116327719210805,28.698496997248096,28.78477486884733,-6.108653509867311,0.19,1.4975863636363498,-7.594896818181795,-1.0671106659995675,-1.1485327991994811,-10.07857035553332,7.7434696742079066,28.459913459903923,-0.2148816031659665
618.32,0.0,7.800000000000001,28.255023027729333,28.133434888833524,28.37880676492356,28.701377416936577,-6.056229999999966,0.19,1.4930409090908998,-7.58716954545453,-0.9168853279922716,-0.9682623935907256,-10.073562844266409,7.735012143991222,28.367160524605747,-0.18393597215174393
618.33,0.0,7.800000000000001,28.25747423202176,28.158380060135634,28.140554412428664,28.612845602605248,-6.036229999999965,0.19,1.48849545454545,-7.579442272727265,-0.7974261501211282,-0.6136707021803061,-10.110515738498588,7.726555758150427,28.292313576797827,-0.17509855444663822
618.34,0.0,7.800000000000001,28.20385358556723,28.2184351841647,28.267099138061333,28.50131465797984,-6.0162299999999655,0.19,1.48395,-7.571715000000001,-0.7538426150123061,0.1708329297784913,-10.250951573849235,7.71810052044705,28.297675641443277,-0.22078451202568516
618.35,0.0,7.800000000000001,28.154639682327208,28.248659424844803,28.37145198796192,28.43539616117778,-6.0,0.19,1.4794045454545504,-7.563987727272736,-0.735007747933395,0.7338223140510924,-10.39001549586679,7.709646434658606,28.302536814077925,-0.25195532815466043
618.36,0.0,7.800000000000001,28.12458450760728,28.149191108509783,28.37932358134095,28.56778204982511,-6.0,0.19,1.4748590909091004,-7.556260454545471,-0.8021565082638914,0.5272107438034109,-10.524313016527785,7.7011935045786855,28.305220311820783,-0.23269658125707648
618.37,0.0,7.800000000000001,28.094529332887337,28.04972279217476,28.38719517471998,28.70016793847244,-5.994720000000025,0.19,1.4703136363636506,-7.548533181818207,-0.8901897154254724,0.1675686470367887,-10.559715426861793,7.692741734017034,28.307903809563626,-0.2195052251501253
618.38,0.0,7.800000000000001,28.05400875967024,27.988480004991647,28.38890247067622,28.79877415522819,-5.964720000000025,0.19,1.465768181818201,-7.540805909090942,-1.0299800299534152,-0.5713230154680511,-10.350029955069878,7.684291126799628,28.307541347641575,-0.22135044622064667
618.39,0.0,7.800000000000001,27.97069455952061,28.083543643623923,28.36540359371094,28.75925331669568,-5.94,0.19,1.461222727272751,-7.533078636363677,-1.159932364728092,-0.9802705410876332,-10.191447895791974,7.675841686768771,28.294723778387787,-0.24646674831146648
618.4,0.0,7.800000000000001,27.89936562577444,28.12136344485717,28.34582584386617,28.71937597026016,-5.94,0.19,1.456677272727301,-7.525351363636412,-1.2651427855698425,-0.5594288577206312,-10.161387775551477,7.667393417783169,28.271482721189486,-0.3301083877348034
618.41,0.0,7.800000000000001,27.878151251548925,27.9198268897148,28.342643687732338,28.67800794052041,-5.94,0.19,1.4521318181818512,-7.517624090909147,-1.3515255930083,0.038224719089759,-10.119830212235476,7.658946323718016,28.204657442379116,-0.42755289331679736
618.42,0.0,7.800000000000001,27.843808106881795,27.74476068565668,28.322600065540733,28.635947421225115,-5.94,0.19,1.4475863636364013,-7.509896818181883,-1.3914756554303982,1.0719325842615557,-10.049917602996803,7.650500408465084,28.13677906982608,-0.5590380896178668
618.4300000000001,0.0,7.800000000000001,27.74778592387124,27.69405234181964,28.223341179732067,28.590633582051595,-5.94,0.19,1.4430409090908998,-7.50216954545453,-1.3656056056046446,1.5351651651603098,-9.971371371370866,7.642055675932708,28.063953256868636,-0.6104061023846323
618.44,0.0,7.800000000000001,27.65233565217349,27.64383982008973,28.12363295352278,28.51500590704556,-5.94,0.19,1.43849545454545,-7.494442272727265,-1.175415415414935,0.5742042042017765,-9.871271271271018,7.633612130046256,27.98370358320789,-0.4617612863284257
618.45,0.0,7.800000000000001,27.559292173912507,27.595713883058192,28.02203375312285,28.311807506245703,-5.945279999999976,0.19,1.43395,-7.486715,-1.0443156843156816,-0.3617482517480929,-9.702177822177884,7.625169774747642,27.87221182908481,-0.3460020470024573
618.46,0.0,7.800000000000001,27.490261842364745,27.54389361576312,27.93863190147779,28.12829177339837,-5.975279999999976,0.1893835112797483,1.429691755639874,-7.478535839289402,-1.0593006993006493,-1.2358741258712072,-9.362517482518616,7.616323452298052,27.77526978325101,-0.31154326125928955
618.47,0.0,7.780961903809715,27.522941645320348,27.47642563546768,27.932306778325096,28.028143990147328,-6.0,0.1846774905144352,1.4273387452572175,-7.467359039971784,-1.005569461828381,-1.6609812265365549,-9.08563704630847,7.604791430477465,27.739954512315112,-0.2911977798148223
618.48,0.0,7.760963903609753,27.5342575463548,27.42069513335029,27.884468519176263,27.95357144018305,-6.0,0.1799714697491221,1.424985734874561,-7.456182240654165,-0.7802878598253074,-0.9651113892381714,-8.965486858573499,7.593261992079967,27.698248159766102,-0.3060862119002446
618.49,0.0,7.74096590340979,27.434242306324315,27.426130744221503,27.620297830834875,28.01227603759225,-5.989467366841691,0.1752654489838089,1.4226327244919044,-7.445005441336547,-0.6214410589410517,-0.2855444555453796,-8.966463536463104,7.581735148891284,27.623236729743233,-0.32325835081935567
618.5,0.0,7.720967903209828,27.35975232318281,27.43679232318281,27.44259060903789,28.03013938113903,-5.929452363090791,0.1705594282184958,1.4202797141092478,-7.433828642018928,-0.6264360639360409,0.353816183813241,-9.266163836162455,7.570210912766265,27.567318659135637,-0.3460625778222578
618.51,0.0,7.700969903009866,27.392335820235854,27.46937582023585,27.62758078585517,27.87668162082469,-5.88,0.1658534074531827,1.4179267037265912,-7.422651842701309,-0.634301801801688,0.7454729729746801,-9.520150150149089,7.558689295629363,27.59149351178789,-0.3509920000071622
618.52,0.0,7.680971902809903,27.416433650151625,27.49550546006065,27.767534838220204,27.767219464105427,-5.88,0.1611473866878696,1.415573693343935,-7.411475043383691,-0.6493168168166651,0.5202477477500238,-9.660290290288874,7.547170309475135,27.611673353134474,-0.3114059833157368
618.53,0.0,7.660973902609941,27.394795631951528,27.48685025278061,27.664754251769768,27.89488377148597,-5.88,0.1564413659225564,1.4132206829612783,-7.400298244066072,-0.7421403596371778,0.1798676323746101,-9.636068931073732,7.535653966368721,27.610320976996967,-0.31084962735904575
618.54,0.0,7.640975902409979,27.357604766840165,27.45693181347243,27.60614414507668,27.998629015544086,-5.88,0.1517353451572433,1.4108676725786218,-7.389121444748453,-1.0268556443531804,-0.4445079920025885,-9.20649850150222,7.524140278446359,27.60482743523334,-0.40654839658216024
618.5500000000001,0.0,7.6209779022097885,27.24883595361423,27.32915485812934,27.75081722674612,27.992292968171704,-5.869447914063859,0.1470293243918767,1.4085146621959383,-7.377944645430707,-1.27302878598302,-0.799639549435658,-9.00613767209145,7.512629257915748,27.58027525166535,-0.4826126606696283
618.5600000000001,0.0,7.600979902009826,27.1601951569958,27.207563285606387,27.84294116553573,27.97776869128343,-5.80949288033938,0.1423233036265635,1.4061616518132818,-7.366767846113088,-1.4232165206508811,-0.4842453066331498,-9.37660075093884,7.5011209170570705,27.547117074855336,-0.5097791257516437
618.57,0.0,7.5809809509525,27.183847505651897,27.120479638281648,27.641896201958865,27.91756271288608,-5.765236309077355,0.1376172828612504,1.4038086414306252,-7.35559104679547,-1.4867041198505655,-0.076714107367395,-9.759785268413436,7.4896152682227335,27.465946514694622,-0.515485464904075
618.58,0.0,7.560981950902523,27.18143863247833,27.059623247863414,27.46845470085464,27.86134589743582,-5.7952438109528055,0.1329112620959373,1.4014556310479689,-7.344414247477851,-1.3368913857685472,0.5574931335798168,-10.174267166040352,7.478112323838393,27.392715619658052,-0.46839543887980384
618.59,0.0,7.540982950852546,27.04372118652515,27.13493747611906,27.438329009552376,27.825840618401017,-5.825248687828098,0.1282052413306241,1.399102620665312,-7.333237448160233,-1.2099198998752732,0.8479249061361335,-10.517331664579714,7.466612096403348,27.3607070726494,-0.4040371449299961
618.6,0.0,7.520983950802567,26.937329467367185,27.17362849212195,27.418569392348324,27.78556735183746,-5.855241189702648,0.123499220565311,1.3967496102826555,-7.322060648842614,-1.139832290363206,0.282217772217304,-10.6825381727153,7.455114598491059,27.32877367591873,-0.29667393242771833
618.61,0.0,7.50098495075259,26.98121043760972,27.03663424355989,27.44853688422128,27.72242156539089,-5.874764999999911,0.1187931997999979,1.394396599899999,-7.310883849524995,-1.0640224719103395,-0.2787515605479256,-10.690317103621434,7.4436198427496825,27.297200782695445,-0.2117066183352026
618.62,0.0,7.480985950702613,27.01546175175168,26.92630472472484,27.437558008006704,27.65370871871812,-5.844764999999911,0.1140871790346847,1.3920435895173424,-7.299707050207377,-0.9741348314611284,-0.8280649188486602,-10.310791510613656,7.432127841902593,27.258258300800335,-0.181837863998674
618.63,0.0,7.460986950652636,27.003679969969927,26.943441861861928,27.230841291290503,27.55838339339304,-5.814764999999941,0.1104720512820428,1.3899325641025655,-7.287707179487221,-0.8526282853582499,-1.092347934922106,-10.029959949937696,7.41989167985738,27.18408662912885,-0.15605312690753703
618.64,0.0,7.440987950602659,26.995633119880875,26.95925311988088,27.064018044179715,27.452598277488065,-5.784765000000111,0.1140617948717822,1.3894197435897455,-7.270271282051343,-0.6523779724677685,-0.646790988740785,-9.99491614518186,7.402725297587832,27.117875640357383,-0.14043923206660777
618.65,0.0,7.420988950552681,27.00519380491433,26.968813804914337,27.08526401092075,27.297502720278523,-5.76,0.1176515384615216,1.3889069230769255,-7.252835384615466,-0.5302047440690559,-0.2491810237237764,-9.972886392009864,7.3855619584296734,27.089193585256986,-0.14408993255842822
618.66,0.0,7.400989950502704,26.99576128334249,26.9758028485154,27.084604131857887,27.18717873678825,-5.76,0.121241282051261,1.3883941025641058,-7.235399487179589,-0.6001173533077281,0.0304694132309124,-9.98287390761539,7.368401683648014,27.060836750126008,-0.1951355371418148
618.67,0.0,7.4,26.886984232512024,26.96934084549576,26.969365078007787,27.31103379466453,-5.754768923307761,0.1248310256410004,1.3878812820512858,-7.217963589743712,-0.615585585586496,0.189849849850912,-10.038753753752465,7.351244494702706,27.034180987670027,-0.20844625148749013
618.6800000000001,0.0,7.4,26.806277176121178,26.96308028238788,26.90189547188596,27.41744675749332,-5.724791406445011,0.1284207692307807,1.38736846153846,-7.200527692307637,-0.4954654654653138,0.0497097097095326,-10.20892392392414,7.334090413250341,27.022174921972088,-0.12778194249713415
618.69,0.0,7.4,26.8592868367603,26.95777931632397,27.061984647016104,27.440771008174533,-5.694813889582631,0.1320105128205201,1.38685564102564,-7.18309179487176,-0.4950224775220516,-0.189782717282017,-10.29541458541476,7.316939461147247,27.079955452068727,-0.08964050706248311
618.7,0.0,7.4,26.899893982836776,26.95882554265545,27.201446017163224,27.46048,-5.664836372720391,0.1356002564102595,1.38634282051282,-7.165655897435882,-0.7897277722264158,-0.6742982017959718,-10.175534465535018,7.299791660450564,27.130161385663865,-0.15636917399979194
618.71,0.0,7.4,26.87288742049456,26.994474204947185,27.228452579505444,27.46048,-5.64,0.1391899999999989,1.3858300000000003,-7.148220000000006,-1.034423028785246,-0.9282052565726774,-10.065617021277117,7.282647033421301,27.139073551236798,-0.22877524770270882
618.72,0.0,7.4,26.83764762589901,26.999163741006672,27.24872776978413,27.450134100719207,-5.64,0.1427797435897383,1.3853171794871804,-7.130784102564128,-1.1545732165202187,-0.6078047559460836,-9.980510638298178,7.265505602526446,27.133918309352254,-0.31532034314174107
618.73,0.0,7.4,26.763323636814647,26.85688639047376,27.23704828578516,27.39067490945172,-5.650379999999723,0.1463694871794777,1.3848043589743604,-7.113348205128252,-1.2371136079900378,-0.2097028714122252,-9.979171036204226,7.248367390441306,27.061983305631323,-0.38463784842608545
618.74,0.0,7.4,26.69326710797896,26.727085894789965,27.210998983136385,27.34644541656172,-5.710379999999723,0.1499592307692171,1.3842915384615406,-7.095912307692374,-1.2271260923845695,0.3795605493103809,-10.183915106116318,7.23123242005187,26.994449350616758,-0.41157190526721105
618.75,0.0,7.4,26.64586715831875,26.66352687138196,27.108658182733667,27.38307265039005,-5.76,0.1535489743589565,1.3837787179487206,-7.078476410256497,-1.2128267401103232,0.742613920882586,-10.177926890338853,7.2141007144572225,26.950281215706106,-0.44542775717151667
618.76,0.0,7.4,26.58444093899097,26.601104248054344,27.00691605322641,27.392699543058235,-5.76,0.1571387179486959,1.383265897435901,-7.06104051282062,-1.187789183775774,0.5423134702061911,-9.647130696046409,7.196972296971956,26.896290195832492,-0.4965216571656804
618.77,0.0,7.367724655819988,26.455492909867107,26.544152201857973,26.908055897564783,27.2723480492093,-5.76,0.1607284615384353,1.3827530769230807,-7.043604615384743,-1.1483146067418568,0.2525393258446269,-9.304696629213028,7.179847191128654,26.79501226462479,-0.5049570531191405
618.78,0.0,7.332680851064073,26.35404783084576,26.488447815920427,26.84106871144274,27.14105039801005,-5.76,0.1643182051281747,1.382240256410261,-7.026168717948866,-1.0734082397008475,-0.256823970034236,-9.424546816478644,7.162725420680375,26.706153689054744,-0.4086986075480021
618.79,0.0,7.29763704630816,26.377470716417925,26.43840801492534,26.918790104477665,26.960055373134207,-5.76,0.1679079487179141,1.381727435897441,-7.008732820512988,-1.0128178178180391,-0.7191141141110605,-9.558838838837334,7.145607009603196,26.673681052238784,-0.31995696842530785
618.8000000000001,0.0,7.262593241551848,26.38928342942289,26.39073420477091,26.93193882206376,26.811914816103528,-5.76,0.1714976923076943,1.3812146153846152,-6.991296923076914,-0.9877927927927928,-1.0644594594594596,-9.729009009009008,7.1284919820985735,26.63096781809027,-0.24988948608910966
618.8100000000001,0.0,7.227549436795933,26.34461146123212,26.35457118290219,26.63093484592119,26.823614617296347,-5.76,0.1750874358974337,1.3807017948717952,-6.973861025641036,-0.9512337662338356,-1.1107892107899466,-9.796588411588608,7.111380362596729,26.53843302683796,-0.22256733304493656
618.82,0.0,7.192505632040019,26.30359556789481,26.32140045431585,26.398700257446936,26.812399742553065,-5.76,0.1786771794871731,1.3801889743589757,-6.956425128205159,-0.8862987012986069,-0.4214785214775193,-9.61177322677296,7.094272175758112,26.459024005552667,-0.30040756452093315
618.83,0.0,7.157461827284106,26.28199031802104,26.304116254416822,26.531572544170647,26.67952745582935,-5.766857714095274,0.1769195121951343,1.3787678048780538,-6.948767804878054,-0.8069536921148739,0.2495994993756851,-9.51160951189012,7.086443055558506,26.449301643109465,-0.35870171506896603
618.84,0.0,7.122418022528192,26.2632802424542,26.285577115289303,26.604773310241143,26.594297793172565,-5.806844385204938,0.1720414634146492,1.3768165853658598,-6.94681658536586,-0.6918097622028472,0.8753817271584394,-9.621747183979886,7.084030127377109,26.436982115289304,-0.3684371349500382
618.85,0.0,7.087374217772277,26.257985833745646,26.261222835229976,26.401468015832823,26.729834656111446,-5.846831056314602,0.1671634146341641,1.3748653658536658,-6.944865365853666,-0.6374681647936479,1.213018726593161,-9.731805243445278,7.081620812444695,26.412627835229973,-0.36864083885771404
618.86,0.0,7.052330413016364,26.24659852666653,26.24257782333337,26.233105826666726,26.835787249999843,-5.88,0.162285365853679,1.3729141463414718,-6.942914146341471,-0.732349563045593,0.8434806491908483,-9.841667915105424,7.079215114450423,26.389517356666616,-0.3454515058078807
618.87,0.0,7.050000000000001,26.20237185999987,26.25470449000004,26.25307916000006,26.782287249999843,-5.88,0.1574073170731939,1.3709629268292778,-6.940962926829278,-0.8761501877327075,0.2912040050136944,-9.899884856070605,7.076813037082931,26.37311068999995,-0.3275043889304907
618.88,0.0,7.050000000000001,26.158145193333205,26.2668311566667,26.27305249333339,26.728787249999844,-5.8850974512744285,0.1525292682927088,1.3690117073170835,-6.939011707317084,-1.1414818523141057,-0.7150538172667013,-9.829797246558538,7.074414584030307,26.356704023333286,-0.32258061745763167
618.89,0.0,7.050000000000001,26.11062013506736,26.24891348674288,26.310339729865287,26.69203693846938,-5.915082458770549,0.1476512195122237,1.3670604878048895,-6.93706048780489,-0.9019455252980332,-0.9697609783279604,-6.63235130632689,7.072019758980075,26.34047757253623,-0.6995513344854307
618.9,0.0,7.050000000000001,26.045317483741776,26.069063561780627,26.44094503251645,26.745563701851005,-5.934940119760659,0.1427731707317386,1.3651092682926955,-6.935109268292695,-0.4950135992656524,-0.2545784224794783,-3.776246600112262,7.069628565619177,26.325222444972468,-1.0695018439984507
618.91,0.0,7.050000000000001,25.97839911727613,25.919070113493067,26.518847616645544,26.776888978562376,-5.905000000000198,0.1378951219512535,1.3631580487805015,-6.933158048780502,-1.427299123904023,-0.4570663329244122,-10.593792240303086,7.067241007633946,26.29830145649428,-0.3297682093015444
618.92,0.0,7.050000000000001,25.90283795712476,25.92878511979825,26.31483248423684,26.689453921815787,-5.884956195243852,0.1330170731707684,1.3612068292683075,-6.931206829268308,-1.5224180225270014,0.45907884854954,-10.293416770967363,7.064857088710092,26.20897737074391,-0.5024335300806809
618.9300000000001,0.0,7.050000000000001,25.82490743494308,25.92009368029616,26.14744812887244,26.60135618339411,-5.914993742177938,0.1281390243902279,1.3592556097560913,-6.929255609756091,-1.5422921348318144,1.0348239700380106,-10.062651685393387,7.06247681253265,26.123451356876444,-0.6038993918116694
618.94,0.0,7.050000000000001,25.735807063195928,25.82462899628135,26.15275172242881,26.510134374224403,-5.94,0.1232609756097428,1.3573043902438973,-6.927304390243897,-1.3774981273406584,0.7751485642943707,-10.00272659176024,7.060100182786076,26.055830539032627,-0.5306253030886893
618.95,0.0,7.050000000000001,25.648627397054263,25.73158270526486,26.12475149488157,26.40871833291559,-5.94,0.1183829268292577,1.3553531707317032,-6.925353170731703,-1.185267901852216,0.2925087631424747,-9.985868803205005,7.057727203154057,25.97841998252907,-0.4184351961221881
618.96,0.0,7.050000000000001,25.571721981531528,25.651472897428672,25.918602256049784,26.252771240327817,-5.934968804592043,0.1135048780487726,1.3534019512195092,-6.9234019512195095,-0.9248773159743848,-0.7440460691019678,-10.076004006008867,7.055357877319601,25.84864209383445,-0.20956522501913832
618.97,0.0,7.045546336099166,25.522476216217115,25.563222162161,25.75502162162224,26.098530810809542,-5.905021212877411,0.1086268292682875,1.351450731707315,-6.921450731707315,-0.696565152272322,-1.5089565651517851,-10.105252121817855,7.05299220896499,25.73481270270247,-0.04892895449413178
618.98,0.0,7.040547835649309,25.62517891891949,25.430249189188448,25.825291891892284,25.95366594594514,-5.88,0.1037487804878024,1.349499512195121,-6.919499512195121,-0.5467898152780977,-1.6088067898146017,-9.98543185222248,7.05063020177176,25.708596486486343,-0.0063820888350863865
618.99,0.0,7.035549335199451,25.700449423220835,25.34863876654223,25.85514123345777,25.851795780274912,-5.88,0.0988707317073173,1.347548292682927,-6.917548292682927,-0.4313770655986251,-1.3681372058169403,-9.8425137706575,7.048271859420683,25.689006300873938,-0.014278935783416352
619.0,0.0,7.030550834749594,25.6459475505618,25.510007056179774,25.693772943820225,25.95331887640449,-5.88,0.0939926829268322,1.345597073170733,-6.9155970731707335,-0.4013319979971658,-0.2815072608974984,-9.642213319981106,7.045917185591741,25.700761606741573,-0.1474941349634004
619.01,0.0,7.025552334299737,25.596263426590784,25.633413275563363,25.58458323347338,26.040478469918263,-5.88,0.0891146341463471,1.343645853658539,-6.913645853658539,-0.4104119850181967,0.5435830212225371,-9.46669163545626,7.04356618396411,25.713684601386447,-0.26290247068371075
619.02,0.0,7.020553833849879,25.569771720722947,25.574071854419405,25.726578776924992,26.0584928299084,-5.88,0.084236585365862,1.341694634146345,-6.911694634146345,-0.5152808988756097,0.7283520599236932,-9.35183520599338,7.041218858216138,25.73222879549394,-0.3347146924156276
619.03,0.0,7.015555333400021,25.536422691253343,25.51190681285812,25.845456182407165,26.07018177921752,-5.88,0.0804490682017679,1.3396792369987374,-6.907947116791918,-0.6576470588211089,0.6354693366788726,-9.344843554440375,7.0371120411013655,25.740991866434037,-0.37392388193066417
619.04,0.0,7.010556832950163,25.464964928980955,25.43404984799417,25.83585737851983,26.046718036381804,-5.88,0.0838640355156494,1.337239974631679,-6.8923358376427455,-0.8929411764674244,-0.1455068835940046,-9.605168961198002,7.021362917914187,25.69539754796919,-0.33233425246973153
619.0500000000001,0.0,7.005558332500249,25.407893935712647,25.37467708428277,25.83967996456645,26.0160834522901,-5.88,0.0872790028295698,1.334800712264593,-6.876724558493395,-1.1106866416972825,-0.7028963795255591,-9.708901373284348,7.005615691656456,25.659583609212994,-0.3317993696146846
619.0600000000001,0.0,7.000559832050392,25.434975687167903,25.423424236902235,25.922008488990443,25.943504358390005,-5.88,0.0906939701434513,1.332361449897535,-6.861113279344222,-1.2854681647939628,-0.7128838951310836,-9.42925093632966,6.989870375149104,25.680978192862646,-0.4317778319019237
619.07,0.0,7.0,25.43664240999979,25.463312695,25.98263772999993,25.887860875000044,-5.88,0.0941089374573329,1.3299221875304763,-6.845502000195049,-1.3653817271587807,-0.5803879849807014,-9.355219023780196,6.974126981326739,25.69261342749994,-0.4835956776544577
619.08,0.0,7.0,25.314662409999794,25.460102695,25.937697729999925,25.914610875000044,-5.88,0.0975239047712144,1.3274829251634184,-6.829890721045877,-1.2101877346686578,-0.0947809762212841,-9.790763454316991,6.9583855232396274,25.65676842749994,-0.41605895199605475
619.09,0.0,7.0,25.21239461576598,25.425059370351725,25.880159494298287,25.928116926127835,-5.88,0.100938872085096,1.32504366279636,-6.814279441896704,-1.0956554307116864,0.3108239700363934,-10.16951310861302,6.942646014054776,25.611432601635954,-0.36245356273602813
619.1,0.0,7.0,25.20602872583044,25.23514365394146,25.76132954883488,25.87718980664352,-5.88,0.1043538393989775,1.3226044004293018,-6.798668162747531,-1.0806741573034844,0.5205617977512194,-10.409213483144253,6.926908467057231,25.519922933812573,-0.34295592810722436
619.11,0.0,7.0,25.19061854963748,25.083087161790395,25.65991856964241,25.814365671417978,-5.88,0.1077688067128591,1.3201651380622434,-6.783056883598358,-1.0556070087613842,0.6253817271602913,-10.512352941178506,6.91117289565138,25.436997488122067,-0.32982845677552564
619.12,0.0,7.0,25.12533222805712,25.139811342835618,25.65456723180796,25.685933563391053,-5.88,0.1111837740267406,1.3177258756951853,-6.767445604449185,-1.005544430538479,0.470187734669285,-10.27705882353085,6.89543931336228,25.401411091522938,-0.33248791187650295
619.13,0.0,7.0,25.0701,25.16799173553744,25.63617421487621,25.56754093663924,-5.88,0.1145987413406222,1.3152866133281271,-6.751834325300012,-0.9048151848163616,0.2687412587429063,-9.997012987015026,6.87970773383699,25.36045172176322,-0.3200956634124246
619.14,0.0,7.0,25.0701,25.039366641622927,25.54613664913605,25.504300265464604,-5.88,0.1180137086545037,1.3128473509610687,-6.73622304615084,-0.6800399600418465,-0.0459440559414147,-9.607402597405867,6.863978170845941,25.289975889055896,-0.2708526924262299
619.15,0.0,7.0,25.07481045670077,24.931,25.46556954329922,25.43890739705514,-5.88,0.1214286759683853,1.3104080885940106,-6.720611767001667,-0.5156756756758464,-0.3348648648623044,-9.273783783786005,6.848250638284299,25.227571849263782,-0.23610230509481334
619.16,0.0,7.0,25.10471811829296,24.931,25.435661881707045,25.3620019815324,-5.875204795204961,0.1248436432822668,1.3079688262269522,-6.705000487852495,-0.5006606606608693,-0.5600900900869605,-9.0785885885913,6.832525150173375,25.208345495383103,-0.23718080513401446
619.17,0.0,6.973082489146382,25.123428800000088,24.943523279999827,25.382676960000385,25.306497239999867,-5.845234765234855,0.1282586105961484,1.305529563859894,-6.6893892087033215,-0.527662337660395,-0.5823876123947102,-8.870469530473116,6.816801720662022,25.189031570000044,-0.2754263786944013
619.1800000000001,0.0,6.943140875293078,25.080628799999605,25.024843280000752,25.20291695999834,25.368557240000573,-5.824742371185902,0.1316735779100687,1.303090301492808,-6.673777929553971,-0.6575324675323289,-0.1078621378626445,-8.630709290709547,6.8010803640279045,25.169236569999818,-0.4046672012288536
619.19,0.0,6.9131992614401145,25.03618305923469,25.074695036239792,25.0748918670347,25.40870458885204,-5.854757378689616,0.1350885452239503,1.3006510391257498,-6.658166650404798,-0.8091138923654194,0.2934392991238648,-8.547949937421722,6.785361094679653,25.148618637840308,-0.5098247031145517
619.2,0.0,6.883257647587151,24.982696430891743,24.951675791051013,25.231072821796108,25.32847464633761,-5.88,0.1385035125378318,1.2982117767586916,-6.642555371255626,-1.0143704630781627,0.5137146433033943,-8.853331664579706,6.769643927157265,25.123479922519117,-0.5554428845113397
619.21,0.0,6.8533160337341865,24.93232713178263,24.856247161790986,25.34487995998885,25.26746001500417,-5.88,0.1419184798517134,1.2957725143916332,-6.626944092106453,-1.178854218671594,0.5307688467328445,-9.229535696451949,6.753928876134309,25.100228567141656,-0.5555189266697104
619.22,0.0,6.823374419881223,24.8991488372092,24.91297134283589,25.22500999249774,25.312411252813344,-5.88,0.1453334471655949,1.293333252024575,-6.61133281295728,-1.2437568647024244,0.0514877683513267,-9.77871193209744,6.73821595641926,25.08738535633904,-0.4443655444200522
619.23,0.0,6.7934328060282585,24.86051029817103,24.939820596342063,25.113360601353182,25.35919303432712,-5.88,0.1487484144794765,1.290893989657517,-6.595721533808107,-1.2266549824756567,-0.3806985478189462,-10.254939909862188,6.722505182957023,25.06822113254835,-0.32161039812990483
619.24,0.0,6.763491192175295,24.79187587070924,24.802551741418483,25.046870999749576,25.416030919568907,-5.88,0.1484549157337541,1.2903090168532492,-6.585673764054511,-1.0063244867316223,-0.6961717576342681,-10.55038307460987,6.7125282232206835,25.014332382861554,-0.1701030539989647
619.25,0.0,6.7335495783223305,24.72326863284193,24.68280118470388,24.98854626343417,25.45199131717085,-5.88,0.1460159508304616,1.2907968098339078,-6.5788446623252925,-0.867408239699996,-0.8286067415750208,-10.9065193508083,6.7058686352463175,24.96165184953771,-0.05578398746110785
619.26,0.0,6.703607964469367,24.65480574856296,24.656057870532404,24.973570007498147,25.37711003749073,-5.88,0.1435769859271691,1.291284602814566,-6.572015560596074,-0.9273333333328034,-0.5140000000027818,-11.410888888884427,6.6992103120495345,24.91538591602106,-0.03229136826578813
619.27,0.0,6.7,24.60189013240068,24.64097306520108,24.97042026480137,25.301896802398247,-5.88,0.1411380210238766,1.2917723957952247,-6.565186458866855,-0.926745932417008,-0.07372966208504,-11.739722152691906,6.692553257405263,24.878795066200343,-0.02810983749148266
619.28,0.0,6.7,24.631827679240608,24.688017781663813,25.03029535848122,25.22491453909558,-5.88,0.1386990561205842,1.2922601887758831,-6.558357357137636,-0.7765581977482923,0.6772090112585389,-11.634590738423803,6.685897475102738,24.893763839620306,-0.07166960864938582
619.29,0.0,6.7,24.645401942714624,24.72352926525522,25.053773638853844,25.16131463511833,-5.88,0.1362600912172917,1.2927479817565417,-6.551528255408416,-0.7294781523083199,0.9967490636750485,-11.304679151066724,6.679242968945583,24.896004870485505,-0.13901450631327775
619.3000000000001,0.0,6.7,24.57078176836772,24.69687920298847,24.881081235365283,25.16984265504369,-5.88,0.1338211263139715,1.2932357747372056,-6.544699153679121,-0.9342222222227397,0.2626666666648121,-10.425777777775558,6.672589742751781,24.829646215441294,-0.264450788682404
619.3100000000001,0.0,6.7,24.50185937999961,24.646140319998025,24.75022243000113,25.15621466999853,-5.88,0.131382161410679,1.2937235677178642,-6.537870051949901,-1.0900951427140584,-0.4330595893838572,-9.732218327491324,6.665937800354049,24.763609199999326,-0.3494141912893742
619.32,0.0,6.7,24.465479379999618,24.457820319998024,24.85829243000113,25.01604466999853,-5.88,0.1289431965073865,1.2942113606985228,-6.5310409502206825,-1.125147721582228,-1.033960941409621,-9.4968652979479,6.659287145599455,24.699409199999323,-0.33431964115489493
619.33,0.0,6.7,24.427052924762823,24.287868689585792,24.920073951168856,24.89850761335338,-5.88,0.126504231604094,1.2946991536791812,-6.524211848491463,-1.157046004842466,-1.273985472158898,-9.289133171913695,6.652637782349775,24.633375794717715,-0.3515109888638835
619.34,0.0,6.7,24.37693832585911,24.222826337817143,24.717483019430453,24.91023656203297,-5.88,0.1240652667008015,1.2951869466598398,-6.5173827467622445,-1.181259079903056,-0.634760290559322,-9.148697336562275,6.64598971448149,24.556871061284916,-0.4473645412868833
619.35,0.0,6.7,24.33012241206016,24.16136996984904,24.55083706532689,24.887010633164603,-5.88,0.121626301797509,1.2956747396404982,-6.510553645033025,-1.13926614987148,0.0141705426339354,-9.025984496124188,6.639342945885852,24.482335020100173,-0.5193118659346064
619.36,0.0,6.7,24.30323798994964,24.12158102512547,24.601379778894675,24.65257847236088,-5.88,0.1191873368942165,1.2961625326211568,-6.5037245433038064,-0.8705322997429599,0.6963410852678709,-8.963968992248375,6.6326974804689485,24.419694316582664,-0.5093856494395368
619.37,0.0,6.687435974691206,24.272532760572616,24.09238937062945,24.633624801864613,24.45887096237105,-5.887941399343187,0.116748371990924,1.2966503256018151,-6.496895441574588,-0.6814528207688099,1.0841138292585526,-8.902566150774282,6.626053322151768,24.364354473859432,-0.4955036705708494
619.38,0.0,6.67237119614346,24.22051144855137,24.122319440559483,24.56378797202787,24.492364135864182,-5.948562768375579,0.1143094070876316,1.2971381185824735,-6.490066339845368,-0.6864453320019507,0.7546080878712592,-8.842656015976592,6.6194104748702705,24.349745749250726,-0.47198376894275296
619.39,0.0,6.657306417595714,24.168490136530128,24.152249510489515,24.49395114219113,24.52585730935732,-6.0,0.1118704421843391,1.297625911563132,-6.48323723811615,-0.6828143712577551,0.2958083832419589,-8.837365269459674,6.612768942575454,24.335137024642023,-0.4238574555306864
619.4,0.0,6.642241639047968,24.127888724362155,24.169744512256187,24.435955587793885,24.55436,-6.0,0.1094314772810466,1.2981137045437907,-6.47640813638693,-0.6578642714573718,-0.4826347305300016,-8.967105788421668,6.6061287292334185,24.321987206103056,-0.31489862409398167
619.41,0.0,6.627176860500222,24.1525110355177,24.116217748874565,24.445590405202577,24.55436,-6.0,0.1069925123777541,1.2986014975244493,-6.469579034657712,-0.6528088198441132,-1.0698872463029308,-9.057153595590195,6.599489838825442,24.317169797398712,-0.2385085417600209
619.42,0.0,6.612112081952476,24.177458527791604,24.077953350024888,24.465353360039817,24.55355629444168,-6.0,0.1045535474744616,1.2990892905051077,-6.462749932928493,-0.6979102981703474,-1.175124029064144,-9.047131044851035,6.592852275348038,24.318580383074497,-0.24422840435187182
619.4300000000001,0.0,6.597047303404559,24.20424871306988,24.12617568352578,24.542509093641243,24.548198257386023,-5.990972256935359,0.1021145825711414,1.2995770834857718,-6.4559208311991965,-0.7675519399247179,-1.0015794743441735,-9.03855569461828,6.586216042812958,24.35528293690573,-0.2869590165773387
619.44,0.0,6.581982524856813,24.20635371257328,24.14512664670492,24.602468353293,24.55133901197664,-5.930987253186258,0.0998599889464902,1.3002800221070197,-6.448949917098677,-0.8977146433035308,-0.1405031289151037,-9.03354943679602,6.579487456218003,24.376321931136957,-0.4209657063221144
619.45,0.0,6.566917746309067,24.07180281436977,24.00203283432976,24.56722883233494,24.60152863273508,-5.8755257270691255,0.0988072742584893,1.302385451483021,-6.441054556938671,-1.0597528089873434,0.536846441946204,-9.230539325838611,6.572149918188221,24.31064827844239,-0.5160024059610131
619.46,0.0,6.551852967761321,23.949328499999485,23.888231500000515,24.52560160999925,24.635790209999453,-5.845697240864875,0.0977545595704885,1.304490880859023,-6.433159196778664,-1.2994531835199337,0.7665593008732698,-9.91967790261981,6.564814518572408,24.249737954999677,-0.5160916039298631
619.47,0.0,6.550000000000001,23.89582849999979,23.94173150000021,24.44749160999969,24.579080209999773,-5.82,0.0967018448824876,1.3065963102350246,-6.425263836618658,-1.4757772215268796,0.7104655819785719,-10.518322903628995,6.557481264546851,24.216032954999864,-0.4788737463547461
619.48,0.0,6.550000000000001,23.84363559591942,23.9766286887286,24.37848117939788,24.51717383926357,-5.82,0.0956491301944868,1.3087017396110263,-6.417368476458651,-1.4958022528159278,-0.0504856070052572,-10.893792240298646,6.55015016331787,24.17897982582737,-0.34964906028880893
619.49,0.0,6.550000000000001,23.79890805175417,23.905277606369754,24.36144211495397,24.4255888678776,-5.82,0.094596415506486,1.310807168987028,-6.409473116298645,-1.502734082397193,-0.6030786516850526,-11.209408239699089,6.542821222121962,24.12280416023887,-0.24675137792198032
619.5,0.0,6.550000000000001,23.74663938785743,23.830848334169527,24.341687165077744,24.33284959859501,-5.82,0.0935437008184851,1.31291259836303,-6.401577756138638,-1.4777652933835232,-0.6480224719096582,-11.379196004992044,6.535494448225948,24.063006121424927,-0.2079974949478919
619.51,0.0,6.550000000000001,23.647853637731743,23.737431374811536,24.305179387857383,24.23299009031578,-5.815578316262733,0.0924909861304843,1.3150180277390315,-6.393682395978632,-1.3762722041562516,-0.5702877157909504,-11.407610708034484,6.528169848927117,23.98086362267911,-0.17769701290595008
619.52,0.0,6.550000000000001,23.56259946999997,23.63716509499936,24.239377144998915,24.14697622499997,-5.785600799400493,0.0914382714424834,1.3171234571150332,-6.385787035818626,-1.086054540907715,-0.1900025018790746,-11.087370527898168,6.520847431553378,23.896529483749553,-0.16824434633565635
619.53,0.0,6.550000000000001,23.556179470000007,23.496995095000152,24.002907145000258,24.141626225000003,-5.755621094726456,0.0903855567544826,1.3192288864910349,-6.37789167565862,-0.7699650524232158,0.0307738392419649,-10.732591113332145,6.513527203463397,23.79942698375011,-0.13874421924970276
619.54,0.0,6.550000000000001,23.54318139895108,23.39349366475081,23.800296812390737,24.12656528603588,-5.725628592851906,0.0893328420664817,1.3213343158670363,-6.369996315498613,-0.3905341987045141,-0.1389715426848226,-10.293250124815753,6.506209172046759,23.715884290532127,-0.060162378486448925
619.5500000000001,0.0,6.550000000000001,23.49185989008205,23.50362106919894,23.794950821883543,24.054929013239526,-5.7,0.0882801273784689,1.3234397452430622,-6.3621009553385175,-0.1286229344016674,-0.2226339509261079,-9.821912869302764,6.498893344724027,23.711340198601015,-0.03483942623407505
619.5600000000001,0.0,6.550000000000001,23.452002837197945,23.586949284467075,23.792081969583744,23.9854796010965,-5.7,0.0872274126904681,1.3255451746190638,-6.35420559517851,-0.1586680020029555,-0.0924386579871924,-9.271086629945817,6.491579728947219,23.704128423086317,-0.14182862557942685
619.57,0.0,6.536892188122722,23.47974654200959,23.51225469458957,23.80381969085021,23.92892512590353,-5.708326653306791,0.0861746980024672,1.3276506039950655,-6.346310235018504,-0.2377401692375662,0.0490791438519313,-8.861234444997791,6.484268332199471,23.681186513338226,-0.24512462632791035
619.58,0.0,6.521945994420069,23.507808844901035,23.45979852668508,23.817211235279387,23.88145681282887,-5.768446893787792,0.0851219833144664,1.3297560333710672,-6.338414874858498,-0.4368442010942091,0.2183175709300777,-8.796525634644382,6.476959161995513,23.666568854923593,-0.3393786580976622
619.59,0.0,6.506999800717415,23.53783640691557,23.54451914808321,23.84080431971938,23.89003611626159,-5.82,0.0840692686264655,1.3318614627470688,-6.330519514698492,-0.6336582914563896,0.270809045227287,-8.755648241205936,6.469652225881742,23.703298997744938,-0.41711729598278424
619.6,0.0,6.492053607014761,23.556590764219475,23.59711885742917,23.870111220245576,23.900005266850417,-5.82,0.0830165539384647,1.3339668921230703,-6.322624154538485,-0.8246130653254964,0.0245778894487019,-8.775748743718474,6.462347531436373,23.73095652718616,-0.4525976840340843
619.61,0.0,6.477107413312108,23.50833218241041,23.458777589576496,23.93338358306191,23.918236286644955,-5.82,0.0819638392504639,1.3360723214990724,-6.314728794378479,-1.0094082396990878,-0.1776104868906666,-8.772561797753264,6.455045086269598,23.70468241042344,-0.4941135759667906
619.62,0.0,6.462161219609455,23.45790719263313,23.344934579392746,23.972232598307578,23.92933087108013,-5.82,0.080911124562463,1.338177750875074,-6.306833434218473,-1.179196004992042,-0.2724918851426117,-8.712636704120456,6.4477448980237275,23.676101310353392,-0.5503345271849232
619.63,0.0,6.447215025906802,23.395060004977577,23.37156474365357,23.87103797411644,23.899505087108004,-5.82,0.080470750000005,1.3394619999999944,-6.298520499999984,-1.3216158841150467,-0.2751523476548597,-8.828516483510343,6.439875346617324,23.634291952463897,-0.5803481998481327
619.64,0.0,6.432268832204148,23.33724557418063,23.38955055791844,23.776043017262943,23.87339186890168,-5.82,0.0839707500000011,1.3354619999999988,-6.287520499999997,-1.3965409590403106,-0.0503771228790681,-9.377967032962278,6.428329789161394,23.594057754565924,-0.5457293640437214
619.65,0.0,6.417322638501495,23.310475496622512,23.35421405554172,23.719290452839733,23.870179459594706,-5.82,0.0874707499999971,1.3314620000000037,-6.276520500000009,-1.425623123123768,0.173093093091424,-9.818753753752464,6.416786717389782,23.563539866149668,-0.5120249107022229
619.66,0.0,6.402376444798842,23.277414488424448,23.31589772964919,23.65116013442916,23.86742,-5.82,0.0909707499999931,1.327462000000008,-6.265520500000021,-1.3405380380388978,0.3933133133110879,-9.988923923922204,6.405246144741051,23.527973088125698,-0.48059763672306344
619.67,0.0,6.4,23.206027881503907,23.259427727159807,23.513714279313493,23.86742,-5.82,0.0944707499999891,1.3234620000000124,-6.254520500000034,-1.223672090114822,0.5023379224048495,-10.043561952443124,6.393708084747869,23.4616474719943,-0.4444196755842734
619.6800000000001,0.0,6.4,23.138136504756822,23.204476504756823,23.39973355533328,23.84725770655879,-5.82,0.0979707500000249,1.3194619999999715,-6.243520499999922,-1.028428035043272,0.3371314142673839,-9.813274092615142,6.3821725510376766,23.39740106785143,-0.3965255483642696
619.69,0.0,6.4,23.09312899348984,23.15946899348984,23.439383029544665,23.69508945417993,-5.82,0.101470750000021,1.3154619999999762,-6.232520499999934,-0.8378286852582191,0.1388446215127852,-9.670288844621805,6.370639557334014,23.346767617676072,-0.33353913821714126
619.7,0.0,6.4,23.052190209999857,23.10591651499896,23.45336209999855,23.562670089999937,-5.82,0.104970750000017,1.3114619999999806,-6.221520499999946,-0.6585458167325501,-0.1400398406382555,-9.740009960159565,6.359109117456557,23.293534728749325,-0.23378149578313115
619.71,0.0,6.4,23.03721020999994,22.99784651499957,23.3035620999994,23.55625008999997,-5.815801049737591,0.108470750000013,1.3074619999999852,-6.210520499999959,-0.5228948029123639,-0.3982626161186159,-9.808473512427854,6.347581245322447,23.22371722874972,-0.1510150861414127
619.72,0.0,6.4,23.02672351324336,22.90528947526236,23.178842113943,23.55113473763118,-5.78580854786304,0.111970750000009,1.3034619999999897,-6.199520499999972,-0.4977880994226593,-0.6041375847341941,-9.873750941501086,6.336055954947007,23.16549746001997,-0.11129713555253623
619.73,0.0,6.4,23.044904422788616,22.91170626686657,23.214134467766133,23.554343133433285,-5.76,0.115470750000005,1.2994619999999943,-6.188520499999984,-0.49746380429314,-0.6539490763877297,-9.949106340488568,6.324533260444569,23.181272072713654,-0.09460446751054895
619.74,0.0,6.4,23.054597080729742,22.926468257935632,23.22309814546336,23.547048467882902,-5.76,0.1189707500000011,1.2954619999999988,-6.177520499999996,-0.5573739390911698,-0.324443334998566,-10.04895656515195,6.313013176029317,23.18780298800291,-0.13387547934887511
619.75,0.0,6.4,23.009668312921665,22.994931142214604,23.06263826043452,23.47216718820277,-5.76,0.1224707499999971,1.2914620000000032,-6.166520500000009,-0.6374114713214376,-0.0252493765590501,-10.114244389027473,6.301495716016153,23.134851225943393,-0.18198436578007784
619.76,0.0,6.4,22.965876533934303,23.04545848735272,22.942495707488423,23.41493246180829,-5.76,0.1259707499999931,1.287462000000008,-6.155520500000022,-0.7670872817945987,0.1991895261829593,-10.094294264339291,6.289980894821549,23.092190797645934,-0.25188925835633535
619.77,0.0,6.383663639556644,22.9294327573254,22.980074064613216,23.082911435010967,23.47174187828688,-5.76,0.1294707499999891,1.2834620000000123,-6.144520500000034,-0.8656856354973976,0.2676084231672881,-10.136856354973975,6.278468726964423,23.116040033809117,-0.2856736873746402
619.78,0.0,6.363594400682543,22.89638606332592,22.92397344303165,23.183038823236984,23.516191633009417,-5.76,0.1329707499999851,1.279462000000017,-6.133520500000047,-0.8857407871644569,-0.0582877914224241,-10.337407871644569,6.266959227067017,23.12989749065099,-0.2281695374136501
619.79,0.0,6.343525161808443,22.88464834205939,22.92610757417102,23.03044844677208,23.48311260034919,-5.76,0.1364707499999812,1.2754620000000214,-6.122520500000059,-0.9130212765951844,-0.3145957446797929,-10.48,6.2554524098557875,23.08107924083792,-0.18909933352178554
619.8000000000001,0.0,6.323455922934114,22.870924580725703,22.920889161451413,22.932081441804183,23.452137331664453,-5.76,0.139970750000017,1.2714619999999806,-6.111520499999947,-0.9580775969963116,-0.3997021276596994,-10.48,6.243948290162173,23.044008128911436,-0.19538046407977822
619.8100000000001,0.0,6.303386684060014,22.844141101376604,22.867322202753208,23.19027418272953,23.434995904881028,-5.76,0.143470750000013,1.2674619999999852,-6.100520499999959,-1.0277346278321131,-0.354052775702143,-10.36244212098457,6.232446882924016,23.084183347935088,-0.24131050419092154
619.82,0.0,6.283317445185912,22.810464700299548,22.80658287712267,23.384841983016567,23.41685326173821,-5.76,0.146970750000009,1.2634619999999896,-6.089520499999972,-1.157184466019733,0.00940253920925,-9.959156086630832,6.2209482031857055,23.10468570554425,-0.38360847712544094
619.83,0.0,6.263248206311812,22.732432732267384,22.69968977022929,23.16998683816088,23.392267847152738,-5.76,0.1489501926923146,1.2597375481730786,-6.079081418605775,-1.2244405418965405,0.2387606623179937,-9.68277972905173,6.210020591287777,22.998594296952575,-0.47187030681476333
619.84,0.0,6.243178967437712,22.65650675844768,22.62001962453128,22.98942005006285,23.359015994993182,-5.76,0.141144933899208,1.257786233474802,-6.072251817161807,-1.1341244355245228,0.1283743100855277,-9.727937782237738,6.202756663976833,22.906240607008748,-0.423227844255221
619.85,0.0,6.223109728563611,22.594369086357755,22.71858282853597,23.03334495619538,23.2690235043802,-5.762688655672189,0.1333396751061015,1.2558349187765254,-6.065422215717839,-1.0511547113224384,0.063046738315235,-9.81218695326094,6.195502196521226,22.903830093867324,-0.37582182083045845
619.86,0.0,6.20304048968951,22.54379948974488,22.774357458729327,23.047927393696817,23.180774397198583,-5.78267866066964,0.1255344163129949,1.2538836040782488,-6.058592614273871,-0.9861709572609128,0.1080354911270604,-9.992141964508242,6.188257222190202,22.886714684842403,-0.33144294149435755
619.87,0.0,6.2,22.56735126563279,22.555968264132307,22.87450068034036,23.103695857929047,-5.802668665667091,0.1177291575198883,1.251932289379972,-6.051763012829903,-0.934202753441882,0.0776795995002294,-9.96637296620987,6.181021774365351,22.775379017008625,-0.3147343226046158
619.88,0.0,6.2,22.585858281432163,22.36485668609496,22.72737411157365,23.03079938384688,-5.823985018726425,0.1099238987267818,1.2499809746816954,-6.044933411385935,-0.9141777221528335,-0.137589486857038,-9.435709637050094,6.173795886540751,22.677222115736914,-0.36593492667663685
619.89,0.0,6.2,22.572316233139045,22.347038201498748,22.7473308143214,22.98447132389674,-5.853947565542999,0.1021186399336752,1.2480296599834189,-6.038103809941966,-0.8460474407009932,-0.2214656679174779,-9.07895630461857,6.1665795923231155,22.662789143213985,-0.38832424787684
619.9,0.0,6.2,22.55877418484593,22.329219716902543,22.76728751706916,22.938143263946603,-5.876082061546157,0.0943133811405686,1.246078345285142,-6.031274208497997,-0.6612784019998371,0.0132409488110177,-9.143875156054111,6.159372925431928,22.64835617069106,-0.3408560749874144
619.91,0.0,6.2,22.53947299850055,22.319776491754283,22.757453013492533,22.8928601499249,-5.846059544658548,0.0865081223474621,1.2441270305868657,-6.024444607054029,-0.5705807259054647,0.1452165206524588,-9.132027534420764,6.152175919699578,22.627390663418065,-0.3259143081002306
619.92,0.0,6.2,22.482791339330387,22.36469403298347,22.554254612693832,22.854359400299884,-5.82,0.0787028635543555,1.2421757158885889,-6.017615005610061,-0.7107559449295995,0.0250663329174861,-8.931777221529144,6.144988609071489,22.56402484632689,-0.3907998692483271
619.9300000000001,0.0,6.2,22.43319467499997,22.404368875000035,22.39031442500062,22.82733987500032,-5.82,0.0708976047611602,1.24022440119029,-6.010785404166016,-0.776461922596609,-0.1751960049942561,-8.823538077403391,6.137811027606169,22.513804462500236,-0.40842199249236033
619.94,0.0,6.2,22.42998467499998,22.409718875000035,22.48340442500062,22.87548987500032,-5.816070982254463,0.0630923459680536,1.2382730864920135,-6.003955802722047,-0.6616054931337281,-0.5697028714102383,-8.938394506866272,6.130643209475655,22.549649462500234,-0.31144646492649425
619.95,0.0,6.2,22.425924024999937,22.41081562499982,22.54402794999899,22.91088012499968,-5.786078480379912,0.055287087174947,1.2363217717937367,-5.997126201278079,-0.6104355444302937,-0.7760851063835723,-9.108408010011804,6.123485188965149,22.572911931249607,-0.24707260005432752
619.96,0.0,6.2,22.41629402499993,22.38406562499982,22.392087949998988,22.86273012499968,-5.748257935516084,0.0474818283818405,1.23437045709546,-5.990296599834111,-0.7155669586983948,-0.5207659574467554,-9.413789737171529,6.116337000473457,22.5137944312496,-0.2627107605507872
619.97,0.0,6.187405780462206,22.398866399999545,22.35575609999974,22.289485650001463,22.8189751499999,-5.658280429892433,0.0396765695887339,1.2324191423971835,-5.983466998390142,-0.813330836454533,-0.197098626715986,-9.729156054931764,6.109198678513024,22.465770825000163,-0.2814707947388255
619.98,0.0,6.172430489691999,22.330386399999544,22.317236099999743,22.509905650001464,22.8039951499999,-5.58,0.0318713107956273,1.2304678276989067,-5.976637396946174,-0.8932309612982762,0.2922896379519411,-10.068731585517677,6.102070257710037,22.490380825000166,-0.3078003034940407
619.99,0.0,6.157455198921793,22.27338716604256,22.2758905118598,22.681721073657,22.78746004993741,-5.58,0.0240660520025207,1.22851651300063,-5.969807795502206,-0.9384084084085602,0.5110435435452316,-10.412875375374028,6.094951772804533,22.50461470037419,-0.2936363543184852
620.0,0.0,6.142479908151587,22.291554456928907,22.21604531835183,22.53531408239645,22.760743445692786,-5.576172129096934,0.0162607932094142,1.2265651983023536,-5.962978194058238,-0.8983683683686212,0.0655980981009115,-10.768230730728488,6.0878432586505,22.450914325842493,-0.18009208783639627
620.01,0.0,6.127504617381381,22.295687272727164,22.16245142857141,22.42656077922095,22.730968831168774,-5.546149612209326,0.0084555344163076,1.224613883604077,-5.956148592614269,-0.9078571428559706,-0.3417307692279288,-10.964670329672042,6.080744750215969,22.403917077922074,-0.11119416900344695
620.02,0.0,6.112529326611174,22.20589706293724,22.150693186813207,22.56979754245726,22.68072907092917,-5.508395802099589,0.000650275623201,1.2226625689058002,-5.949318991170301,-1.0377272727256903,-0.6564160839122499,-10.774860139862453,6.073656282583114,22.40177921578422,-0.15081061487257738
620.03,0.0,6.097554035840968,22.11539835835877,22.13385933933956,22.675232212212872,22.641855495495328,-5.41844077961072,-0.0071549831699054,1.2207112542075236,-5.942489389726333,-1.1531889862316942,-0.7176770963781411,-10.6704355444291,6.066577890948332,22.391586351351634,-0.19901826991495017
620.04,0.0,6.082578745070761,22.020073033033142,22.082447927927987,22.5231401201203,22.68041405405401,-5.343837122158225,-0.0096741025641034,1.2186964102564135,-5.935763333333345,-1.2332891113883426,-0.156976220281602,-10.7755669586972,6.059587517148083,22.32651878378386,-0.2683107405635996
620.0500000000001,0.0,6.067603454300385,21.93908254364108,22.038968778054983,22.38970997506224,22.707022344138995,-5.3738146390208055,-0.0091612820512776,1.2166451282051107,-5.92909666666661,-1.2579120879119694,0.3435564435568262,-10.782907092906845,6.05264376778868,22.268695910224324,-0.32751598016167627
620.0600000000001,0.0,6.052628163530178,21.954025187032528,22.04857476309234,22.3811713216957,22.65365576059812,-5.407589999999944,-0.0086484615384577,1.214593846153831,-5.922429999999952,-1.1480219780222063,0.6982017982010611,-10.55313686313734,6.045700134136755,22.259356758104673,-0.3622631389908358
620.07,0.0,6.050000000000001,21.95812528793168,22.04532626940382,22.373298147220822,22.58338463695485,-5.467589999999944,-0.0081356410256378,1.2125425641025511,-5.915763333333293,-1.0220901126413937,0.810625782229508,-10.250625782229507,6.038756616591359,22.24003358537779,-0.37744460344087893
620.08,0.0,6.050000000000001,21.88632759138672,21.95209642463649,22.370083324987466,22.39478173259796,-5.527582417582381,-0.0076228205128179,1.2104912820512717,-5.909096666666634,-0.856883604505806,0.3300250312896174,-9.770025031289617,6.0318132155534645,22.15082226840216,-0.34472385061690763
620.09,0.0,6.050000000000001,21.8160502399996,21.86847167999988,22.352762239999247,22.21566527999924,-5.587522477522591,-0.007109999999998,1.208439999999992,-5.902429999999975,-0.74,-0.192538691962172,-9.403714428357446,6.02486993142588,22.063237359999494,-0.306570904509873
620.1,0.0,6.050000000000001,21.7561302399996,21.85028167999988,22.23934223999925,22.10117527999924,-5.64,-0.006597179487178,1.2063887179487125,-5.895763333333315,-0.74,-0.8166025961047734,-9.313849226160912,6.017926764613266,21.986732359999493,-0.25527855071821043
620.11,0.0,6.050000000000001,21.704563945068696,21.826759815230584,22.133874127340498,22.005170092384702,-5.64,-0.0060843589743581,1.2043374358974326,-5.889096666666656,-0.7197045568355442,-1.142576364548506,-9.251449674511749,6.010983715522149,21.91759199500612,-0.22401046740813912
620.12,0.0,6.050000000000001,21.70990726591762,21.76691462172262,22.082578247190817,22.03509268913869,-5.63646527951871,-0.0055715384615382,1.2022861538461531,-5.882429999999998,-0.649599399099205,-0.7369679519311153,-9.256457185778627,6.004040784560925,21.89862320599244,-0.2418865781477491
620.13,0.0,6.050000000000001,21.71645764294633,21.70452119850177,22.02243062172269,22.05374942821465,-5.606382552018121,-0.0050587179487183,1.2002348717948734,-5.875763333333339,-0.6131427858208401,-0.324413379934194,-9.169460808789768,5.997097972139879,21.874289722846363,-0.28570856411992285
620.14,0.0,6.050000000000001,21.731418941323327,21.62437138576789,21.9006029063672,21.993904234706694,-5.576312765426028,-0.0045458974358984,1.1981835897435935,-5.86909666666668,-0.6580753869193625,0.1049425861183526,-8.859925112333281,5.990155278671186,21.812574367041275,-0.392288521811694
620.15,0.0,6.050000000000001,21.734679110889367,21.55631513486508,21.80322645354621,21.942603306693275,-5.546335248563619,-0.0040330769230785,1.196132307692314,-5.862430000000021,-0.6856509764647595,0.5085778667987852,-8.673342513770178,5.98321270456893,21.75920600149848,-0.47175756778402844
620.16,0.0,6.050000000000001,21.65450928071933,21.57448696303695,21.88018949050944,21.95222368631368,-5.5200000000000005,-0.0035202564102586,1.1940810256410344,-5.855763333333362,-0.6706284426641154,0.8490886329467181,-8.78851527290845,5.9762702502491125,21.76535235514485,-0.48469016202252524
620.17,0.0,6.037410017996487,21.57925200399796,21.589295352323827,21.933087796101823,21.966762048975564,-5.5200000000000005,-0.0030074358974386,1.1920297435897549,-5.849096666666704,-0.6906741573021786,0.8884269662999695,-8.903595505616673,5.969327916129661,21.767099300349795,-0.47809636545695144
620.1800000000001,0.0,6.022413017396462,21.53968178910513,21.579670164917463,21.81116875562121,22.01702691654213,-5.516339999999709,-0.0024946153846129,1.1899784615384517,-5.842429999999969,-0.7955430711607838,0.1992883895148497,-9.018451935080858,5.962385702630364,21.73688690654648,-0.4242720680545623
620.19,0.0,6.007416016796609,21.50884438438453,21.5762126126128,21.716090210210663,22.0558618018016,-5.486339999999879,-0.001981794871793,1.187927179487172,-5.83576333333331,-0.8888735919897541,-0.4598623279077871,-9.213241551938523,5.955443610173198,21.714252252252397,-0.3575942173452059
620.2,0.0,5.992419016196756,21.54204758758784,21.617984384384705,21.81784196196274,22.01087681681648,-5.456340000000028,-0.0014689743589731,1.1858758974358925,-5.829096666666651,-0.9539549436795308,-1.0455944931157788,-9.603729662077184,5.948501639181863,21.74718768768794,-0.259447322330427
620.21,0.0,5.977422015596902,21.571983044239005,21.63899911521994,21.89804448387829,21.9717715221195,-5.426340000000029,-0.0009561538461532,1.1838246153846128,-5.822429999999992,-1.0,-1.2876404494382023,-9.95741573033708,5.941559790082113,21.770199541364182,-0.19621497486521672
620.22,0.0,5.962425014997049,21.57840143964012,21.51063120719759,21.8231632041986,21.97498071982006,-5.396343656343676,-0.0004433333333332,1.1817733333333331,-5.815763333333333,-1.0,-0.6983770287155961,-10.22208489388198,5.934618063301687,21.72179414271409,-0.21743405437857793
620.23,0.0,5.947428014397195,21.576354333667307,21.400074514028063,21.77223027054113,21.98366194889781,-5.36637362637357,0.0003009038218093,1.1796990961781906,-5.80867602318404,-1.0304881101371215,0.0364956195186909,-10.427421777221213,5.927259669558936,21.683080266783577,-0.273011885638181
620.24,0.0,5.932431013797341,21.513097820641217,21.418300966933888,21.894454719439004,22.03190844188381,-5.347198200450096,0.0025215962337016,1.1774784037662982,-5.7989049765717136,-1.1356195244046243,1.1278598247718146,-10.487496871088355,5.917242658290412,21.71444048722448,-0.412709419450692
620.25,0.0,5.917434013197488,21.44250587677706,21.43343609877774,21.987137745073404,22.06766879022192,-5.407183204198856,0.0047422886455939,1.175257711354406,-5.789133929959387,-1.1793258426976472,1.740786516859217,-10.636629213479608,5.907226492729614,21.73268712771253,-0.46855172114506977
620.26,0.0,5.902437012597634,21.320799715639616,21.427030511349454,21.87397236717368,22.01642409079563,-5.463582313264878,0.0069629810574862,1.1730370189425137,-5.779362883347061,-1.074456928839639,1.1964669163581263,-11.001173533081255,5.8972111771857385,21.659556671239592,-0.3215647006971366
620.27,0.0,5.9,21.21161956010994,21.409880049987343,21.768416430892195,21.94795178705292,-5.493559830127288,0.0091836734693784,1.1708163265306215,-5.769591836734735,-0.9709637046313128,0.4993116395550465,-11.22951188986288,5.887196715996939,21.584466957010598,-0.17976048034774655
620.28,0.0,5.9,21.19343410647334,21.3146738515369,21.718139000249824,21.754330192451445,-5.523538230884475,0.0114043658812707,1.1685956341187291,-5.759820790122409,-0.8708385481860721,-0.5720275344090289,-11.124380475595377,5.877183113530566,21.495144287677878,-0.050645184377816926
620.29,0.0,5.9,21.17963025231081,21.23313025231081,21.67276045465898,21.576438536097776,-5.553523238380595,0.013625058293163,1.166374941706837,-5.750049743510083,-0.7737078651695612,-1.2598876404521633,-10.975505617980424,5.867170374183409,21.415489873844592,0.030968888964042096
620.3000000000001,0.0,5.9,21.19780662003516,21.251306620035155,21.66313767174609,21.513355848113285,-5.58,0.0158457507050805,1.1641542492949195,-5.740278696897645,-0.6838202247193282,-1.0201872659182083,-10.720823970038095,5.85715850238183,21.406401689982424,-0.00231315739049906
620.3100000000001,0.0,5.9,21.214836353205342,21.26058666001459,21.641193320029185,21.456763646794656,-5.58,0.0180664431169728,1.1619335568830271,-5.73050765028532,-0.5851477215828265,-0.6495993991012523,-10.449964947422302,5.847147502582462,21.393344995010942,-0.04870349219712723
620.32,0.0,5.9,21.22337713644306,21.20400397106473,21.52802794212946,21.44822286355694,-5.58,0.0202871355288651,1.159712864471135,-5.720736603672994,-0.4649674511769895,0.0414371557323099,-10.13949924887389,5.8371373792717804,21.350907978298544,-0.12718653321563858
620.33,0.0,5.9,21.22958861870136,21.157585585359943,21.4254857959387,21.44201138129865,-5.58,0.0225078279407574,1.1574921720592426,-5.710965557060668,-0.3998644067795632,0.5314188861985403,-9.785205811138676,5.82712813696681,21.313667845324666,-0.2098920129795786
620.34,0.0,5.9,21.217786161945288,21.189774103785577,21.405099734269136,21.45381383805471,-5.58,0.0247285203526496,1.1552714796473504,-5.7011945104483415,-0.467661016948842,0.5362615012106317,-9.325157384990002,5.8171197802152665,21.316618459513677,-0.3027861077367786
620.35,0.0,5.9,21.209575728881205,21.20568554697196,21.365658679291634,21.464583952155504,-5.58,0.0269492127645419,1.153050787235458,-5.691423463836015,-0.5788995091688375,0.4587186773470044,-8.940550245415581,5.80711231359581,21.311375976825076,-0.3902849248063882
620.36,0.0,5.9,21.227706802890616,21.10223177174178,21.18648100672804,21.467783553451284,-5.58,0.0291699051764342,1.1508300948235657,-5.681652417223689,-0.8372306897418487,0.1022216481562489,-8.811384655129077,5.797105741718311,21.24605078370293,-0.4595155209330767
620.37,0.0,5.9,21.230519288755566,21.01222321061855,21.042603921862984,21.45626436764364,-5.58,0.0313905975883265,1.1486094024116735,-5.671881370611364,-1.02,-0.107629870131303,-8.679090909092293,5.787100069224111,21.185402697220184,-0.5190930938211173
620.38,0.0,5.9,21.113684828449884,21.027229471575243,21.17444464312536,21.32978302529437,-5.58,0.0336112900002188,1.1463887099997812,-5.662110323999038,-1.02,0.037225274724207,-8.5392307692318,5.777095300786281,21.16128549211121,-0.5553219010965285
620.39,0.0,5.9,21.00445571997344,21.035994094226925,21.281805116124723,21.22250283344394,-5.57680500000022,0.035831982412111,1.144168017587889,-5.652339277386711,-1.035997496870731,0.173449311638801,-8.487992490612193,5.767091441109904,21.136189440942257,-0.5826135776220525
620.4,0.0,5.9,20.9526242667551,20.9976530192435,21.20441294625077,21.26013388852027,-5.546805000000219,0.0380526748240033,1.1419473251759966,-5.642568230774385,-1.0910663329156134,0.2885932415508278,-8.65319899874684,5.757088494932335,21.10370603019241,-0.5880777351554366
620.41,0.0,5.9,20.900792813536768,20.95931194426008,21.127020776376817,21.2977649435966,-5.5200000000000005,0.0402733672358956,1.1397266327641045,-5.632797184162059,-1.1008747514922912,0.3132057654099675,-8.8399005964185,5.747086467023473,21.071222619442565,-0.565675729533946
620.42,0.0,5.9,20.85258660481442,20.91878493981938,21.05201764794376,21.335388956870663,-5.5200000000000005,0.0424940596477879,1.137505940352212,-5.623026137549733,-1.0014711729636527,0.1193687872791228,-9.078469184887233,5.737085362186045,21.039694537362053,-0.4760335281731114
620.4300000000001,0.0,5.9,20.83595170010012,20.859221248745595,20.99782005516491,21.37295164493521,-5.5200000000000005,0.0447147520597054,1.1352852479402946,-5.613255090937296,-0.9187006785625844,-0.0990952500619098,-9.334744910780618,5.727085185255767,21.01648616223646,-0.38673645949386104
620.44,0.0,5.9,20.81931679538601,20.79965755767249,20.94362246238668,21.41051433299933,-5.5200000000000005,0.0469354444715977,1.1330645555284025,-5.60348404432497,-0.8784895702437575,-0.3805730082936971,-9.636328223171818,5.71708594110208,20.993277787111126,-0.2983224883202458
620.45,0.0,5.9,20.8026818906719,20.74009386659938,20.889424869608447,21.44807702106345,-5.516877658243701,0.04915613688349,1.13084386311651,-5.593712997712644,-0.8441743692230396,-0.5363077691727967,-9.97088183862193,5.707087634627749,20.970069411985794,-0.21997401187799467
620.46,0.0,5.9,20.773946313685705,20.687994635364664,20.853506853147376,21.47615706293684,-5.486855141355922,0.0529203956665259,1.1281747527084214,-5.583429109750317,-0.8241893579815465,-0.3864201848615983,-10.385570821882911,5.696512921475157,20.947901216283647,-0.16609003978242942
620.47,0.0,5.886488808044158,20.65208817182795,20.6933392907093,20.95826209790229,21.43126195804188,-5.463162628029163,0.0576307112576656,1.125230805463959,-5.572830899670253,-0.7665759920146774,-0.2105215872234838,-10.735003743448075,5.685587911620459,20.933737879620352,-0.11215020697154654
620.48,0.0,5.866277600929817,20.550956387644355,20.703553878802115,21.03817953784497,21.3796939684038,-5.493140144891403,0.0623410268488053,1.1222868582194967,-5.562232689590188,-0.6168380334423688,0.02905914649221,-10.924671824306332,5.6746670993906285,20.91809594317381,-0.058073611719711205
620.49,0.0,5.846066393815477,20.61251734024979,20.75199528413098,20.92313120018892,21.2757467861356,-5.5200000000000005,0.067051342439945,1.1193429109750344,-5.551634479510124,-0.530090157775653,0.2502253944391325,-10.979639368897388,5.663750509067177,20.89084765267632,-0.04362091983504246
620.5,0.0,5.825855186701136,20.674078292855224,20.800436689459847,20.80808286253286,21.17179960386741,-5.5200000000000005,0.0717616580310847,1.1163989637305722,-5.54103626943006,-0.600212872526556,0.4255321813163899,-10.699148509893776,5.652838165109758,20.863599362178835,-0.12784765222060665
620.51,0.0,5.8056439795867965,20.67454,20.772645837751845,20.87929465535528,21.136108838812287,-5.523137353014688,0.0764719736222244,1.11345501648611,-5.530438059349995,-0.6717717717713925,0.5354854854857384,-10.45065065065151,5.641930092157709,20.865647332979854,-0.2009192141697166
620.52,0.0,5.785432772472456,20.66493656884841,20.742498284424208,20.944751632806643,21.097706079758968,-5.553159869902296,0.0811822892133641,1.1105110692416476,-5.519839849269931,-0.7468468468462779,0.4854354354358148,-10.28048048048177,5.631026315031607,20.862473141459557,-0.24667984160141704
620.53,0.0,5.765221565358115,20.57476350639568,20.69741175319784,20.950119077000256,21.03222326059685,-5.576818409204788,0.0858926048045038,1.1075671219971852,-5.509241639189867,-0.8232149068315239,0.3194161490726783,-10.135334161491508,5.620126858734834,20.813629399297657,-0.27702870092979076
620.54,0.0,5.745010358243776,20.49090336167115,20.64391050279341,20.935849230022026,20.96626924945356,-5.546803401701074,0.0906029203956436,1.1046231747527229,-5.498643429109802,-0.9027180124214848,-0.1277888198708526,-10.050862111802171,5.609231748455167,20.759233085985038,-0.27000930060868084
620.5500000000001,0.0,5.724799151129205,20.45659682778687,20.524357430166365,20.76743533640827,20.8966165897491,-5.5200000000000005,0.0953132359868368,1.101679227508227,-5.488045219029617,-0.9965635220125528,-0.5582842767294833,-9.92109182389942,5.598341009566249,20.66125154602765,-0.2763992520024568
620.5600000000001,0.0,5.704587944014865,20.42445989714585,20.40784119310812,20.605201028541483,20.836637984058694,-5.5200000000000005,0.1000235515779765,1.0987352802637649,-5.477447008949553,-1.1273811320756142,-0.9457056603777808,-9.67455094339596,5.587454667629704,20.568535025713537,-0.317356065330695
620.57,0.0,5.684546953870687,20.4299625970687,20.34400987400307,20.550174029312995,20.944490902546534,-5.5168026019513485,0.1047338671691163,1.0957913330193023,-5.4668487988694885,-1.222917811641278,-1.0930751936044074,-9.44456157881572,5.576572748396024,20.567159350732826,-0.36892142543021145
620.58,0.0,5.664555949822531,20.427315883825315,20.281188282423297,20.48410786179173,21.03387889834715,-5.486780085063739,0.109444182760256,1.09284738577484,-5.456250588789424,-1.2329103172620246,-0.6584011991019324,-9.254703972021534,5.565695277806709,20.556622731596875,-0.44620887838586387
620.59,0.0,5.644564945774375,20.358733009514108,20.226536304456552,20.3287247871804,20.973868883324844,-5.463238380809607,0.1141544983513957,1.089903438530378,-5.44565237870936,-1.202385458168101,-0.1243127490086069,-9.141700697210712,5.554822281995807,20.471965746118975,-0.508596246995555
620.6,0.0,5.62457394172622,20.29075201402811,20.18351185370737,20.20471136272534,20.92088230460921,-5.493223388305897,0.1188648139425354,1.0869594912859155,-5.435054168629296,-1.0729033864551178,0.6525796812692923,-9.21640189242974,5.543953787291596,20.399964383767507,-0.5345925318057771
620.61,0.0,5.604582937678064,20.22749550100202,20.23175834669337,20.32693581162321,20.92302659318637,-5.5200000000000005,0.1235751295336751,1.0840155440414532,-5.424455958549231,-0.9005623901604067,1.1007732864705593,-9.423201104690644,5.533089820218266,20.427304063126243,-0.4920251124258715
620.62,0.0,5.584591933629908,20.17313555002489,20.276104808362376,20.43137038327525,20.9097152414136,-5.5200000000000005,0.1282854451248148,1.0810715967969908,-5.413857748469167,-0.6193673110741094,0.7141300527269003,-9.96550590007136,5.522230407497654,20.44758149576903,-0.2753180195649412
620.63,0.0,5.5646009295817525,20.185918028870088,20.29101770034844,20.40154459930313,20.77976003982077,-5.5200000000000005,0.1325439364015785,1.081907952301184,-5.402050198745068,-0.4287365524140887,0.1953765324055161,-10.35291218413803,5.510919983277837,20.414560092085605,-0.09872903484025211
620.64,0.0,5.544609925533597,20.19143232767233,20.302357442557444,20.38371378621378,20.66510989010989,-5.5200000000000005,0.1365438364040741,1.0849078773030556,-5.389550511237268,-0.4587590693016976,-0.6452539404475324,-10.362919689767232,5.499356692802538,20.38565336163836,-0.019884856540094836
620.65,0.0,5.524618921485442,20.13691684315702,20.28418561438568,20.464952547452285,20.67686813186809,-5.516893446723358,0.1405437364065697,1.0879078023049271,-5.377050823729469,-0.4480248447216995,-1.2327329192549317,-10.413602484470411,5.487802063588739,20.39073078421577,0.05247837083027933
620.66,0.0,5.504627917437286,20.093957198501563,20.26952589762788,20.541997857677664,20.68103640948848,-5.486878439219644,0.1445436364090654,1.090907727306799,-5.364551136221671,-0.3387080745355031,-1.2078881987580687,-10.562670807451587,5.476256150460939,20.396629340823896,0.10916545193378992
620.67,0.0,5.5,20.14845907116091,20.28448719600496,20.58367576029952,20.62119121598018,-5.46,0.148543536411561,1.0939076523086708,-5.352051448713872,-0.321987421380808,-0.9040125786294536,-10.678452830188292,5.464719008665439,20.409453310861394,0.10070478033471708
620.6800000000001,0.0,5.5,20.188555807662468,20.28680608564869,20.60706166791735,20.56598685199081,-5.46,0.1525434364141021,1.0969075773105768,-5.33955176120593,-0.543371069182352,0.1173710691822147,-10.708641509433958,5.4531906938737915,20.41210260330483,-0.0752786839411008
620.69,0.0,5.5,20.10387762083589,20.179618507387204,20.47200531930788,20.550980591034207,-5.463133433283618,0.1565433364165978,1.0999075023124485,-5.327052073698132,-0.7379775280898877,0.8166292134831461,-10.680337078651686,5.441671262186941,20.326620509641295,-0.21762632781181207
620.7,0.0,5.5,20.02734522347064,20.09087517103641,20.350485223470635,20.536322182272123,-5.493118440779737,0.1605432364190934,1.1029074273143202,-5.314552386190333,-0.8678152309609704,0.7367290886394029,-10.510549313358732,5.43016077013806,20.25125695006245,-0.2786155342975225
620.71,0.0,5.5,20.018795910112303,20.15606368539367,20.341935910112305,20.52456687640442,-5.5200000000000005,0.1645431364215891,1.105907352316192,-5.302052698682534,-0.9948087021750034,0.4900025006281066,-10.33633658414687,5.418659274696759,20.260340595505674,-0.32197203818185605
620.72,0.0,5.5,20.006448461538067,20.20416329670244,20.32489692307613,20.50990697802164,-5.5200000000000005,0.1685430364240847,1.1089072773180635,-5.289553011174736,-1.114838709676803,-0.1651612903192167,-10.151290322581596,5.407166833272646,20.261353914834565,-0.3221588219032919
620.73,0.0,5.5,19.961553356643105,20.105821638361085,20.235106713286207,20.470356528471303,-5.516912315763144,0.1725429364265804,1.1119072023199357,-5.277053323666936,-1.1927356839211245,-0.7026431607887559,-9.996754188547598,5.395683503719052,20.193209559190425,-0.31581613408051257
620.74,0.0,5.5,19.916304804216725,20.00742937750975,20.161897735943985,20.42627099397566,-5.486934798900904,0.176542836429076,1.1149071273218072,-5.264553636159137,-1.1677294323582494,-0.9527056764175053,-9.916734183546398,5.384209344336806,20.12797572791153,-0.2935262515563689
620.75,0.0,5.5,19.86796143072269,19.90859403614416,20.23387564759066,20.342475813252666,-5.463041198501701,0.1805427364315716,1.117907052323679,-5.252053948651339,-1.1136250000008556,-0.9772250000035932,-9.823625000000854,5.372744413878007,20.088226731927545,-0.28689832451210107
620.76,0.0,5.5,19.819067400946658,19.81372673311705,20.29000391726852,20.26098673311705,-5.4930037453182745,0.1845426364340673,1.120906977325551,-5.23955426114354,-0.9886250000008556,-0.4522250000035932,-9.698625000000854,5.361288771549856,20.045946196112318,-0.3184295948410296
620.77,0.0,5.480858381935265,19.76574071268368,19.750801240966744,20.21854615499613,20.198061240966744,-5.522969257685571,0.1885425364365629,1.1239069023274224,-5.2270545736357406,-0.8651061703731737,0.0668448663462273,-9.582375718212097,5.349842477018503,19.983287337403326,-0.348517312785017
620.78,0.0,5.455934400079959,19.716409830845784,19.695084358208952,20.13968266666679,20.12252433830862,-5.552961759559951,0.1925424364390586,1.126906827329294,-5.214554886127942,-0.7451961029242151,0.5714664001939284,-9.487446914815004,5.3384055904129335,19.918425298507536,-0.3750879219971938
620.79,0.0,5.431010418224652,19.70150435820895,19.70147241791045,19.997015999999945,19.93833528358202,-5.58,0.1965423364415542,1.129906752331166,-5.202055198620143,-0.6758946843016586,0.8591964062926123,-9.395435487897435,5.32697817232888,19.834582014925342,-0.39565923344902354
620.8000000000001,0.0,5.406086436369062,19.685781694235285,19.707461664160427,19.868062496240643,19.78164404010164,-5.58,0.2005422364440953,1.1329066773330716,-5.189555511112202,-0.7307986024454625,0.6146244072883944,-9.310583978038832,5.315560283832635,19.760737473684497,-0.4015068797574791
620.8100000000001,0.0,5.381162454513756,19.662182696741567,19.709607027568943,19.87128054135342,19.889984892231897,-5.577059264816123,0.204542136446591,1.1359066023349431,-5.177055823604404,-0.7370275689229713,0.3253132832103349,-9.221328320802584,5.304151986465558,19.783263789473956,-0.3870228979106983
620.82,0.0,5.3562384726584495,19.641237948974524,19.702425462730307,19.86114409204451,19.98548034016984,-5.547051762940673,0.2085420364490866,1.138906527336815,-5.164556136096604,-0.6217393483716651,-0.0756892230550779,-9.12107769423623,5.292753342247287,19.797571960979795,-0.3217809352835356
620.83,0.0,5.331314490803143,19.64444955477742,19.61035942971392,19.72946825412572,19.96406963481719,-5.522953523238431,0.2093947619047631,1.1393947619047633,-5.156065952380961,-0.5472622909905862,-0.4456950336889168,-9.044190167207532,5.2846080928552635,19.73708671835856,-0.26993157574142634
620.84,0.0,5.306390508947836,19.63985561328938,19.53166987259592,19.62678413190245,19.94693839620304,-5.552938530734719,0.2084423809523826,1.1384423809523827,-5.149875476190488,-0.5722186174193042,-0.7401796855477905,-9.024225106064558,5.278325179561584,19.686312003497697,-0.250712304129276
620.85,0.0,5.28146652709253,19.565011746189988,19.57336859855129,19.785025450912595,19.96832235823144,-5.577074999999879,0.2074900000000022,1.1374900000000023,-5.143685000000015,-0.5842399198599352,-0.8635987978990276,-9.069040821435664,5.2720423916566865,19.722932038471328,-0.23513337776157792
620.86,0.0,5.256542545237223,19.502509716578945,19.60736488587906,19.927045568096304,19.980832726360585,-5.54707499999988,0.2065376190476218,1.136537619047622,-5.137494523809542,-0.5642048585025343,-0.5630728775380148,-9.274400200349024,5.26575972958939,19.754438224228725,-0.2285761765653257
620.87,0.0,5.25,19.552963691998933,19.570866265362472,19.920604635063963,19.912129440682303,-5.5200000000000005,0.2055852380952413,1.1355852380952416,-5.131304047619069,-0.5630525791175188,-0.2223747819620388,-9.430152005980291,5.25947719381065,19.73914100827692,-0.24004497741540276
620.88,0.0,5.25,19.595659372822382,19.53350243902455,19.91830724738664,19.848403066202163,-5.5200000000000005,0.2046328571428609,1.134632857142861,-5.125113571428596,-0.6079068028901158,0.2161998504811322,-9.46503862447009,5.253194784773567,19.723968031358933,-0.2954328004347956
620.89,0.0,5.25,19.57222482827285,19.48876376306636,19.951328651070067,19.827098934793504,-5.5200000000000005,0.2036804761904805,1.1336804761904806,-5.118923095238124,-0.7056648268912553,0.5985198193647882,-9.659872052175205,5.246912502933407,19.709854044300698,-0.3385310666950957
620.9,0.0,5.25,19.54336384320294,19.4508558732276,19.977753144287025,19.81435102585465,-5.5200000000000005,0.2027280952381,1.1327280952381005,-5.112732619047651,-0.9364726542877282,0.8393627696915424,-10.256961866526948,5.240630348747606,19.69658097164305,-0.3507218536524085
620.91,0.0,5.25,19.46340387656394,19.47727121934941,19.9420567306089,19.88217421184309,-5.5200000000000005,0.2017757142857196,1.1317757142857197,-5.106542142857178,-1.1364374999989868,0.8423875000046609,-10.67854250000004,5.234348322675788,19.691226509591335,-0.3543870772082077
620.92,0.0,5.25,19.38344390992494,19.503686565471224,19.906360316930776,19.949997397831527,-5.5200000000000005,0.2008233333333391,1.1308233333333393,-5.100351666666705,-1.2614374999989868,0.2673875000046609,-10.67354250000004,5.228066425179779,19.685872047539615,-0.33733064837906906
620.9300000000001,0.0,5.25,19.306947749812544,19.50838024918769,19.85978766010282,19.98771305257613,-5.5200000000000005,0.1998709523809479,1.129870952380948,-5.094161190476162,-1.3354286428392008,-0.202656835791437,-10.729742564359276,5.221784656723543,19.665707177919796,-0.30479617559999805
620.94,0.0,5.25,19.262153331671644,19.314271103910457,19.713672534262265,19.749876022923253,-5.517139291063138,0.1989185714285674,1.1289185714285677,-5.087970714285689,-1.2854411397152343,-0.4176030992244926,-10.93469132716754,5.215503017773484,19.509993248191904,-0.23464182584610546
620.95,0.0,5.25,19.21375144438797,19.13970442878724,19.575154041267822,19.52718228485105,-5.487184223664293,0.197966190476187,1.127966190476187,-5.081780238095216,-1.2238034508633484,-0.4957764441128203,-11.104741185295726,5.209221508798036,19.36394804982352,-0.18007881140529491
620.96,0.0,5.25,19.12974540513276,19.15801343734286,19.51161101157478,19.45394625062856,-5.462777082812263,0.1970138095238066,1.1270138095238067,-5.075589761904743,-1.133780945236999,-0.2407126781714959,-11.1897624406095,5.202940130267952,19.31332902616974,-0.16350293351892206
620.97,0.0,5.24257248181734,19.053889587269964,19.174064793634983,19.43887356538922,19.389070412730035,-5.492799599699872,0.1960614285714261,1.1260614285714263,-5.069399285714271,-1.0073275000017428,0.0376524999972845,-11.17129500000219,5.196658882656254,19.26397458975605,-0.1527776312093907
620.98,0.0,5.232609345422011,19.04750470412728,19.17087235206364,19.28776466434544,19.39545529587273,-5.5200000000000005,0.1951090476190457,1.1251090476190455,-5.063208809523798,-0.7923275000017428,0.3726524999972845,-10.90129500000219,5.1903777664382424,19.22539925410227,-0.15627233849284447
620.99,0.0,5.222646209026683,19.03878264297878,19.162496933560387,19.153014061815565,19.402610766609904,-5.5200000000000005,0.1941566666666652,1.1241566666666654,-5.057018333333325,-0.6137650000007295,0.5312950000021885,-10.587570000003405,5.184096782091513,19.18922610124116,-0.1602824658424991
621.0,0.0,5.212683072631354,19.007534164030112,19.104166439522874,19.175929613044584,19.417193390119284,-5.5200000000000005,0.1932042857142848,1.123204285714285,-5.050827857142852,-0.5237650000007296,0.2612950000021885,-10.167570000003405,5.177815930095966,19.176205901679214,-0.16554533801862867
621.01,0.0,5.202719936236026,18.975826360133457,19.047792586694044,19.1958989468275,19.431069720010267,-5.5200000000000005,0.1922519047619044,1.1222519047619046,-5.044637380952379,-0.4585425000000405,-0.0611749999963523,-9.805870000001784,5.171535210933826,19.162646903416316,-0.16484991973198854
621.02,0.0,5.192756799840698,18.932949401489708,19.03899731312609,19.1442267146158,19.427771492422284,-5.5200000000000005,0.1912995238095239,1.121299523809524,-5.038446904761906,-0.4535425000000405,-0.5111749999963524,-9.585870000001783,5.165254625089652,19.13598623041347,-0.14967268740405182
621.03,0.0,5.182793663445369,18.8923674837418,19.023752136067728,19.09536880440212,19.407854837418,-5.5200000000000005,0.1903471428571435,1.1203471428571437,-5.032256428571433,-0.5010124999985814,-0.8052225000006891,-9.365870000001784,5.158974173050351,19.104835815407412,-0.1683324236314262
621.04,0.0,5.172830527050041,18.874168384192046,18.94560306153056,19.073958099049467,19.22586384192048,-5.5200000000000005,0.1850574968057457,1.1171757124604262,-5.025410532748193,-0.6760124999985815,-0.720222500000689,-9.145870000001784,5.151415230040377,19.029898346673136,-0.2692339856645606
621.0500000000001,0.0,5.1628673906546,18.853569700802176,18.87176620773494,19.051526207734938,19.06420952079829,-5.5200000000000005,0.1772801511026495,1.1127315149158,-5.018188711738175,-0.8029142714321764,-0.5259435141198846,-8.968142964258677,5.14313305514044,18.960267909267586,-0.3589489065171282
621.0600000000001,0.0,5.152904254259271,18.80984311359728,18.83949182194085,19.01925182194085,19.098566125030707,-5.5200000000000005,0.1695028053996417,1.108287317371224,-5.010966890728239,-0.8129117720570266,-0.0660584853767801,-8.8931617095723,5.134863304788054,18.941788220627423,-0.421474340997643
621.07,0.0,5.15,18.76898425051351,18.806810508213328,18.98255251539964,19.130796401437262,-5.5200000000000005,0.161725459696634,1.103843119826648,-5.003745069718304,-0.8345572786395277,0.3225962981499688,-8.841455727863952,5.126606039109398,18.922285918890935,-0.47698217796615183
621.08,0.0,5.15,18.79974400410702,18.76396656570808,18.83534512320212,19.10992371149881,-5.5200000000000005,0.1539481139936262,1.099398922282072,-4.996523248708368,-0.8845822911457176,0.5377038519265858,-8.846458229114571,5.11836131852768,18.877244851129007,-0.5153921570793236
621.09,0.0,5.15,18.823651912977805,18.725290577644444,18.71850722180729,19.09307090272592,-5.5200000000000005,0.1461707682906184,1.0949547247374964,-4.989301427698432,-0.9112399999999898,0.5717399999998619,-8.906940000000066,5.1101292037639565,18.840130153788863,-0.518730315054653
621.1,0.0,5.15,18.77870067516864,18.728501380345097,18.90687431357904,19.11661678919738,-5.51734499999988,0.1383934225876107,1.0905105271929203,-4.982079606688496,-0.8812400000001603,0.166740000002164,-9.101939999998958,5.101909755838052,18.882673289572537,-0.4370313176691867
621.11,0.0,5.15,18.733300165128814,18.72536688683842,19.07176314715897,19.12960238950968,-5.48734499999988,0.1306160768846029,1.0860663296483446,-4.9748577856785605,-0.8337200000008431,-0.1652599999985479,-9.323219999997333,5.093703036069451,18.91500814715897,-0.3530623842979728
621.12,0.0,5.15,18.68341186983981,18.658849159786417,19.002127401651403,19.037101175327987,-5.462651685393372,0.1228387311815951,1.081622132103769,-4.967635964668625,-0.7437200000008432,-0.320259999998548,-9.608219999997331,5.085509106078189,18.845372401651407,-0.2635896335364105
621.13,0.0,5.15,18.63406266598048,18.59407231085951,18.934332310859507,18.95030906845076,-5.492614232209776,0.1150613854785874,1.077177934559193,-4.960414143658689,-0.7018726591753972,-0.3964619225977243,-9.920821473155346,5.077328027785739,18.778194089037566,-0.19430403664806364
621.14,0.0,5.15,18.601020977869243,18.581957025218724,18.92221702521872,19.03621745753997,-5.5200000000000005,0.1072840397755796,1.072733737014617,-4.953192322648753,-0.7767790262168317,-0.2816054931341914,-10.300347066165282,5.069159863415876,18.785353121461664,-0.17396537449562113
621.15,0.0,5.15,18.56663679160409,18.57358510744635,18.91013299350322,19.10734131934014,-5.5200000000000005,0.0995066940725718,1.0682895394700411,-4.945970501638817,-0.8401350337582686,-0.114576144037451,-10.5743435858964,5.061004675495538,18.789424052973448,-0.1711436297376905
621.16,0.0,5.15,18.518510854572813,18.60353013493248,18.898368875562245,19.027131424288022,-5.5200000000000005,0.0917293483695641,1.0638453419254652,-4.938748680628882,-0.8751437859460944,0.1804976244027956,-10.58934733683404,5.052862526855677,18.76188532233889,-0.211312454268138
621.17,0.0,5.139184600788996,18.473057178423343,18.633597920429388,18.87146020014759,18.952141386380408,-5.5200000000000005,0.0839520026665563,1.0594011443808895,-4.931526859618946,-0.8753561609610777,0.3552086978274038,-10.59710072481895,5.0447334806320905,18.73256417134518,-0.2283774787238172
621.1800000000001,0.0,5.124204823488198,18.45529784232358,18.664937925311325,18.687598838173564,18.93124804979245,-5.522565641410358,0.0761746569634601,1.054956946836263,-4.924305038608928,-0.7903774056488858,0.2352386903278387,-10.587103224193989,5.036617600266162,18.68477066390023,-0.18887802712961582
621.19,0.0,5.109225046187572,18.43741785001274,18.686472331711705,18.515240563092185,18.906939436907813,-5.552573143285808,0.0683973112604524,1.050512749291687,-4.917083217598992,-0.7314478619654752,0.089189797450043,-10.514846211553618,5.028514949506036,18.63651754543111,-0.16483690735544715
621.2,0.0,5.094245268886945,18.41660392628601,18.46956933708582,18.6225965907353,18.7995834092647,-5.58,0.0606199655574446,1.046068551747111,-4.909861396589056,-0.7364491122780501,-0.1208627156781064,-10.289789947487744,5.020425592406875,18.577088315842957,-0.17873411144302948
621.21,0.0,5.079265491586317,18.392161656685985,18.27334039920184,18.72117918163678,18.697878383233107,-5.58,0.0528426198544368,1.0416243542025354,-4.90263957557912,-0.7313086913087988,-0.2337862137866619,-10.04308691308799,5.012349593332008,18.52113990518943,-0.20260136271456392
621.22,0.0,5.06428571428569,18.329157664670053,18.29683341317388,18.726518502994065,18.656231676646303,-5.58,0.0488464160719948,1.0405767919640023,-4.8968276441979866,-0.7013386613386934,-0.1089110889112222,-9.743386613386932,5.006406596484027,18.502185314371076,-0.2508780398507694
621.23,0.0,5.049305936985063,18.272004299293272,18.315833877650224,18.71610880331301,18.61226899341884,-5.58,0.0470283168946864,1.0414858415526569,-4.891827871460388,-0.6742342342342342,0.0016216216216216,-9.48099099099099,5.001688149489257,18.479053993418834,-0.29298002753910185
621.24,0.0,5.034326159684436,18.28034941262496,18.284539702656417,18.529386892516616,18.542378669266,-5.577497502497679,0.0452102177173779,1.042394891141311,-4.886828098722789,-0.6542142142142648,0.076696696696507,-9.31082082082125,4.996971076495255,18.409163669265997,-0.31981681075913787
621.25,0.0,5.019346382383809,18.28603311651709,18.25389913956464,18.349764015365032,18.47575658386693,-5.547527472527574,0.0433921185400695,1.0433039407299654,-4.881828325985191,-0.6660674157298829,0.1111735330839734,-9.17841448189783,4.992255381396814,18.341363213828423,-0.3474205714942196
621.26,0.0,5.004366605083182,18.207118903969324,18.24403486299617,18.395797306017894,18.51302162868115,-5.5224456114028175,0.041574019362761,1.0442129903186197,-4.876828553247593,-0.7559550561790941,0.0462546816484321,-9.138464419475955,4.987541068102311,18.339993175416133,-0.3769021047661776
621.27,0.0,5.0,18.133606977443645,18.229836180451365,18.43238315789501,18.54896971428564,-5.552453113278268,0.0397559201854526,1.0451220399072738,-4.871828780509995,-0.84010489510429,-0.0387737262725591,-9.098511488511834,4.982828140533771,18.336199007518914,-0.4023661404853874
621.28,0.0,5.0,18.123952842105304,18.164402596491502,18.35729543859681,18.56935066666658,-5.577540614846357,0.0379378210081441,1.046031089495928,-4.866829007772397,-0.9100349650345362,-0.173638861138034,-9.058551448551691,4.978116602626915,18.30375038596505,-0.4178737692255942
621.29,0.0,5.0,18.11561923020703,18.10076538855077,18.28991115225326,18.5822419293548,-5.547548112971806,0.0361197218308357,1.0469401390845825,-4.861829235034798,-0.9414099674433896,-0.2599899824695175,-9.06718006511322,4.9734064583312145,18.272134425091465,-0.4181251677689344
621.3000000000001,0.0,5.0,18.121875015834373,18.056974889159367,18.3076358781974,18.51238565651613,-5.5200000000000005,0.0343016226535065,1.0478491886732468,-4.856829462297143,-0.8762960180314674,-0.224928625093867,-9.197407963937064,4.968697711609894,18.249717859926818,-0.38019591315635337
621.3100000000001,0.0,5.0,18.126063655030634,18.01545817248468,18.32388182751532,18.44167795174512,-5.5200000000000005,0.0324835234761981,1.048758238261901,-4.851829689559545,-0.8213321669583089,-0.1768857785554902,-9.349230192451556,4.963990366440199,18.22677040169394,-0.34375706774621223
621.32,0.0,5.0,18.064544147843613,18.046217926078192,18.293122073921808,18.343905877822888,-5.5200000000000005,0.0306654242988896,1.0496672878505553,-4.846829916821947,-0.7913396650837586,-0.0969057735566894,-9.554178955260983,4.959284426813127,18.186947506416626,-0.3109849384005613
621.33,0.0,5.0,18.003168927680328,18.070741695760248,18.255566184537766,18.25666553615984,-5.5200000000000005,0.0288473251215812,1.0505763374392094,-4.841830144084349,-0.7727941888619716,-0.0623535108957722,-9.755883777239433,4.9545798967337,18.146535586034545,-0.27782413807752665
621.34,0.0,5.0,17.943398354114205,18.025913765585653,18.142429027430467,18.286550822942896,-5.51759999999996,0.0270292259442727,1.0514853870278638,-4.836830371346751,-0.7824794188861542,-0.1398353510892337,-9.949588377723083,4.949876780220961,18.099572992518304,-0.24370479563868983
621.35,0.0,5.0,17.890121210051436,17.98229417906781,18.04890357160404,18.316547665284485,-5.487786335403724,0.0252111267669643,1.052394436616518,-4.831830598609152,-0.7691877909990859,-0.1884376616661587,-10.104624935333536,4.945175081308035,18.059466656501943,-0.21072433834231455
621.36,0.0,5.0,17.91413682361559,17.95305777994624,18.18882062454299,18.347872378629027,-5.462037962037923,0.0233930275896558,1.053303486205172,-4.8268308258715535,-0.6760682876363681,-0.1367046042424267,-10.12531815830303,4.940474804042183,18.10097190168346,-0.1817006788676729
621.37,0.0,4.99328905976934,17.93661850577671,17.924732302952496,18.32482,18.3776431116817,-5.492007992007858,0.0215749284123474,1.0542125357938263,-4.821831053133955,-0.596924231058024,-0.0346211552901197,-10.206831707925655,4.935775952484853,18.140953480102723,-0.15340140126068366
621.38,0.0,4.983302541568922,17.905850854942244,17.928028836970473,18.32482,18.353468528883194,-5.521319999999852,0.0197568292350389,1.0551215853824805,-4.816831280396357,-0.5519129782448491,0.1904351087757547,-10.436889222304105,4.931078530711742,18.12804205519898,-0.12687131103790492
621.39,0.0,4.973316023368504,17.873671286681653,17.927862613493804,18.310129305241805,18.326659959869502,-5.541319999999852,0.0179387300577305,1.0560306349711348,-4.811831507658759,-0.5534315684306766,0.3572677322675384,-10.59418581418597,4.926382542812849,18.10958079132169,-0.12092409351338847
621.4,0.0,4.963329505168086,17.825364288939113,17.88814352646105,18.12763620265887,18.269765051417178,-5.561319999999852,0.016120630880422,1.056939684559789,-4.806831734921161,-0.6683166833154288,0.3822427572424845,-10.574205794206012,4.921687992892531,18.027727267369052,-0.16512552459214408
621.41,0.0,4.953342986967668,17.777104750166735,17.845988227848355,17.959469533644306,18.215711365756253,-5.58,0.0143025317031136,1.0578487341484433,-4.801831962183562,-0.7975068493130834,0.3582515566642601,-10.541285180573636,4.916994885069561,17.949568469353913,-0.21099759993799366
621.42,0.0,4.9433564687672495,17.729343257828393,17.778266708861157,17.94164808127925,18.191474190539783,-5.58,0.0124844325258051,1.0587577837370974,-4.796832189445964,-0.961890410957538,0.2137932752191332,-10.476528019925818,4.912303223477185,17.910183059627144,-0.2609798070277207
621.4300000000001,0.0,4.933369950566719,17.68158176548951,17.710545189873187,17.923826628913996,18.167237015323035,-5.587558607625208,0.010666333348476,1.059666833325762,-4.791832416708309,-1.0293426643331351,0.1114071482129684,-10.394821294675788,4.907613012263125,17.870797649899934,-0.2853505078148987
621.44,0.0,4.9233834323663,17.634702707423514,17.64293147986403,17.894634313439813,18.132968636583936,-5.701221880180112,0.0116671052631667,1.057332631578933,-4.782331315789433,-0.8493876530868562,0.1164058985253651,-10.269852536865873,4.897834340719084,17.826309284327824,-0.2443504545046523
621.45,0.0,4.913396914165882,17.59732279475965,17.576478301794932,17.743038000969687,17.990717302279776,-5.814885152735017,0.014298684210532,1.0531221052631488,-4.7702260526315525,-0.7129750000001086,0.0820650000005862,-10.13223000000074,4.885112814886555,17.726889099951013,-0.215797110293074
621.46,0.0,4.903410395965464,17.56089161809047,17.512058753768983,17.59753185929726,17.85211228140711,-5.850341540905522,0.0169302631578973,1.0489115789473644,-4.758120789473672,-0.6879750000001086,-0.0529349999994137,-9.96223000000074,4.8723932088330075,17.630648628140953,-0.21909139541293654
621.47,0.0,4.9,17.56304237185931,17.530340160804137,17.69969266331723,17.861790673366897,-5.88,0.0195618421052625,1.04470105263158,-4.746015526315793,-0.6965754106516547,-0.2283275261311927,-9.726704828274524,4.859675537632802,17.663716467336894,-0.23938569011612268
621.48,0.0,4.9,17.56138680348841,17.5470667008721,17.79964928681394,17.871849307337204,-5.88,0.0221934210526278,1.0404905263157955,-4.733910263157912,-0.7911498257835601,-0.5070731707304927,-9.323519163764823,4.8469598165162,17.694988024627914,-0.3031782299818428
621.49,0.0,4.9,17.451586906105344,17.519616726526333,17.836981251924183,17.892711287839983,-5.878048536402441,0.0248249999999931,1.036280000000011,-4.721805000000032,-0.8340431943751024,-0.659452536414673,-9.03683073832234,4.834246060871366,17.67522404309896,-0.3451247457488989
621.5,0.0,4.9,17.359767198641897,17.489294033470692,17.855345626970408,17.894593839437036,-5.848026019514662,0.0274565789473583,1.0320694736842266,-4.709699736842151,-0.7386137619290942,-0.4736162732303415,-9.061943746860765,4.8215342862463775,17.649750174630007,-0.3286010205447112
621.51,0.0,4.9,17.46149894736836,17.42804736842109,17.66952947368432,17.692168421052752,-5.82,0.0300881578947236,1.027858947368442,-4.697594473684271,-0.6841064257025308,-0.2172740963879824,-9.164638554215184,4.808824508351273,17.56281105263163,-0.3214100797458661
621.52,0.0,4.9,17.559395403949882,17.368394778148225,17.489086057963473,17.496305745062642,-5.82,0.0327197368420889,1.0236484210526575,-4.685489210526392,-0.7343072289151599,0.2194728915618906,-9.46584337349096,4.796116743060145,17.478295496281056,-0.3380991104330901
621.53,0.0,4.9,17.497923231598072,17.374981082328777,17.531897035137053,17.573145960502405,-5.821994501374398,0.0353513157894542,1.0194378947368732,-4.673383947368511,-0.7498254799310857,0.5328820742955592,-9.740523560206745,4.783411006413235,17.494486827391576,-0.33433014468742356
621.54,0.0,4.9,17.438312582979965,17.378392582979966,17.568457374594665,17.648726333915352,-5.851987003248948,0.0379828947368194,1.0152273684210888,-4.661278684210631,-0.6800174520077871,0.5428546497131733,-9.94994764397664,4.7707073146191,17.508472218617488,-0.2802302603787214
621.5500000000001,0.0,4.9,17.40199613676048,17.342076136760483,17.526800274519378,17.708541657100383,-5.88,0.0406144736842146,1.0110168421052566,-4.6491734210526126,-0.6257400450788719,0.4406611570243783,-10.125559729526769,4.758005684056628,17.494853551285182,-0.2247994916928735
621.5600000000001,0.0,4.9,17.36662406036992,17.306263349561714,17.48808,17.762450608568553,-5.88,0.0432460526315799,1.006806315789472,-4.637068157894733,-0.6107137490608212,0.054986225894412,-10.215717505635071,4.745306131277838,17.480854504625047,-0.1660051298655555
621.57,0.0,4.884157844563812,17.343702930866513,17.277091002921015,17.48808,17.738487609542265,-5.88,0.0458776315789452,1.0025957894736877,-4.624962894736853,-0.5899424280349617,-0.2817822277852357,-10.26994242803496,4.732608673009247,17.461840385832446,-0.1158049776139457
621.58,0.0,4.859071295971186,17.320996063966945,17.24932897085397,17.488444302295676,17.71375423265384,-5.88,0.0485092105263104,0.9983852631579032,-4.612857631578972,-0.5548986232791274,-0.4970513141425031,-10.234898623279127,4.719913326154743,17.443130892442607,-0.08695559688631772
621.59,0.0,4.833984747378561,17.31106054681449,17.3056302347179,17.510523229301135,17.643101666236365,-5.878004501125202,0.0511407894736757,0.9941747368421188,-4.600752368421092,-0.5560549999997247,-0.5559125000009939,-10.15789000000055,4.707220107797741,17.442578919267472,-0.09287771137801637
621.6,0.0,4.808898198785935,17.299392438657748,17.355617536304273,17.525446950425117,17.578210756134226,-5.847996999249752,0.053772368421041,0.9899642105263344,-4.588647105263211,-0.6460549999997247,-0.2309125000009939,-9.977890000000553,4.694529035203541,17.43966692038034,-0.18413712242826002
621.61,0.0,4.783811650193309,17.267244216324368,17.33097056584868,17.455792468702796,17.581425578367565,-5.822010000000043,0.0564039473684062,0.98575368421055,-4.576541842105332,-0.7272706935120782,0.0431767337801954,-9.793870246085746,4.681840125821713,17.40885820731085,-0.26776104776729703
621.62,0.0,4.758725101600684,17.23559533754249,17.30032228266146,17.39792561437593,17.583874881010196,-5.852010000000044,0.0590355263157715,0.9815431578947654,-4.564436578947452,-0.7869276659205777,0.1923191648014443,-9.599985085758124,4.66915339728852,17.379429528897518,-0.3326457240635235
621.63,0.0,4.733638553008058,17.209611850412802,17.201585031568644,17.47379739679462,17.57763884409907,-5.88,0.0596832816718367,0.9784164083591836,-4.554932506749388,-0.8258058838321464,0.2622529544893165,-9.528503897408278,4.659213549870822,17.365658280718783,-0.36379163190226976
621.64,0.0,4.708552004415432,17.183381007930368,17.104947735993857,17.5461933998464,17.571347295983614,-5.88,0.0591833316668376,0.9759166583341884,-4.546933306669403,-0.8107191350264754,0.126472215238278,-9.77492079456757,4.650862122882263,17.35146735993856,-0.30731383172918525
621.65,0.0,4.683465455822806,17.146154095676618,17.101663008442056,17.46407521105136,17.562588022512145,-5.88,0.0586833816618386,0.973416908309193,-4.538934106589418,-0.8303595505614004,-0.0177078651679148,-9.91241198501922,4.642510855197452,17.318620084420544,-0.2781093727258035
621.66,0.0,4.658378907230181,17.108840549862524,17.097805723569106,17.377607648087945,17.546549442639314,-5.88,0.0581834316568395,0.9709171582841976,-4.530934906509433,-0.9352284644188134,-0.1825018726581351,-9.782574282148136,4.634159747677638,17.282700841039723,-0.3158400049188365
621.67,0.0,4.65,17.070330177455602,17.086038665333657,17.231054286428268,17.429948592851687,-5.88,0.0576834816518404,0.9684174082592024,-4.522935706429449,-0.9941912869309026,-0.2568853279933708,-9.691437155733556,4.625808801190274,17.204342930517306,-0.34169879090459676
621.6800000000001,0.0,4.65,17.027145550959478,17.065503658475468,17.09724968134329,17.322485332036248,-5.88,0.0571835316468357,0.9659176582341789,-4.514936506349373,-0.9391086629945814,-0.106659989985222,-9.696444667000494,4.617458016608975,17.128096055703622,-0.3380641053010449
621.69,0.0,4.65,16.918870192166406,16.922871695449974,17.140976268548183,17.342266407200366,-5.881950000000194,0.0566835816418366,0.9634179082091834,-4.506937306269387,-0.8739260739263967,0.033316683316271,-9.73621378621334,4.609107394813954,17.081246140841234,-0.3247111843179262
621.7,0.0,4.65,16.81173872427979,16.78227244341581,17.183693621398955,17.360554053497385,-5.9119500000001945,0.0561836316368376,0.960918158184188,-4.498938106189403,-0.78401598401608,0.1482017982016755,-9.861088911088778,4.600756936691514,17.034564710647984,-0.2875653422325108
621.71,0.0,4.65,16.802932139917672,16.816397957819017,17.13966069958837,17.250471748970913,-5.94,0.0556836816318385,0.9584184081591928,-4.490938906109418,-0.707088418430876,0.2127845579078347,-9.944261519302612,4.592406643134483,17.002365636573995,-0.25585986850164666
621.72,0.0,4.65,16.79192765799256,16.847790408921934,17.092012936802963,17.1440252788104,-5.94,0.0551837316268395,0.9559186581341976,-4.482939706029432,-0.6622565379826423,0.1530087173101897,-9.924336239103395,4.584056515042174,16.968939070631965,-0.23760419431393254
621.73,0.0,4.65,16.75055962825281,16.841426096654278,16.994426815365603,17.087807187112794,-5.94,0.0546837816218404,0.9534189081092024,-4.474940505949448,-0.6173299874531358,0.0874755332500192,-9.874805520703156,4.575706553320449,16.918554931846373,-0.2231985052909196
621.74,0.0,4.65,16.712982859233918,16.832926230788054,16.904956887045547,17.033199219321816,-5.94,0.0541838316168414,0.950919158084207,-4.466941305869463,-0.5721606022588279,0.007174404015694,-9.749335006274524,4.567356758881776,16.871016299097334,-0.2186682684106705
621.75,0.0,4.65,16.74744004391311,16.783850846548,16.969694627957963,17.00918360575753,-5.94,0.0536838816118423,0.9484194080592118,-4.458942105789478,-0.5700820691359755,-0.0428376025866725,-9.692947028101306,4.559007132645287,16.87754228104415,-0.22130350578140093
621.76,0.0,4.65,16.781846528205214,16.73478134358979,17.034390671794895,16.985166282051317,-5.94,0.0531839316068432,0.9459196580342164,-4.450942905709493,-0.6745336980841938,-0.017968167122811,-9.80734643123507,4.550657675536844,16.884046206410304,-0.24165338782908138
621.77,0.0,4.636576244140928,16.714902938461663,16.697468523076992,17.015734261538498,16.957730384615434,-5.94,0.0526839816018442,0.9434199080092212,-4.442943705629508,-0.779239839437216,0.0640491721005683,-9.908100852984944,4.542308388489097,16.846459026923146,-0.2700961996573059
621.78,0.0,4.61663009873355,16.648637574393728,16.660094253563486,16.98926414103568,16.930328787196864,-5.94,0.0521840315968451,0.940920157984226,-4.434944505549523,-0.8846086302045699,0.2948569994957245,-9.9733291520314,4.533959272441545,16.807081189047437,-0.31960979262658873
621.79,0.0,4.596683953326173,16.595124196049177,16.621564621155407,16.81588079519933,16.90357209802459,-5.94,0.0516840815918461,0.9384204079592304,-4.4269453054695385,-0.9143887775571936,0.3245916833729184,-9.967262024050504,4.525610328340604,16.734035427607125,-0.3336206649762409
621.8000000000001,0.0,4.576737807918569,16.542205754094027,16.579771097530372,16.653100752872426,16.877753150818805,-5.94,0.0511841315868413,0.9359206579342068,-4.418946105389463,-0.7540681362727035,-0.1513602204404113,-9.781891282565311,4.517261557139569,16.663207688828905,-0.2583443787837716
621.8100000000001,0.0,4.556791662511191,16.500357795159758,16.477243598141413,16.6876253189932,16.869383559031952,-5.94,0.0506841815818423,0.9334209079092116,-4.410946905309477,-0.64,-0.5404748812796184,-9.631252186953285,4.508912959799061,16.633652567831582,-0.20237400820395396
621.82,0.0,4.536845517103815,16.45890987628893,16.375571216495313,16.722166278350848,16.861260211340525,-5.94,0.0501842315768432,0.9309211578842164,-4.402947705229493,-0.64,-0.7154311422144951,-9.56626843289176,4.500564537286529,16.604476895618905,-0.19401597369979992
621.83,0.0,4.516899371696437,16.48979647422702,16.428519670103462,16.75967143298995,16.89766227319613,-5.936279999999839,0.0484222361024425,0.9303155527795116,-4.395897813866351,-0.6371393096597892,-0.7241420412214624,-9.530012416190738,4.493523042185004,16.643912462629142,-0.1976364427559166
621.84,0.0,4.49695322628906,16.517128848063432,16.473893728897387,16.77954767626492,16.92799131578918,-5.87627999999984,0.0459237976264917,0.9308152404747017,-4.389401873828879,-0.6272063570896379,-0.3218574621303345,-9.564777750186266,4.487245794143763,16.67464039225373,-0.2308704345025963
621.85,0.0,4.477007080881682,16.49375248262151,16.41120256703042,16.547909145976792,16.871675526315457,-5.82,0.0434253591505409,0.9313149281698918,-4.382905933791407,-0.6324395770392987,0.0612235649548568,-9.61211480362542,4.480970618260442,16.581134930486044,-0.2652980842155755
621.86,0.0,4.457060935474305,16.46755185672465,16.350988079921933,16.335826617934657,16.812405765106494,-5.82,0.0409269206745901,0.931814615865082,-4.376409993753935,-0.6777567975830773,0.3935498489425668,-9.692678751258804,4.47469752325283,16.491693079921934,-0.30288055671379244
621.87,0.0,4.45,16.389335482455845,16.336387690058423,16.48391628655027,16.69873130116916,-5.821872659176068,0.0384284821986393,0.932314303560272,-4.369914053716463,-0.7258358283431842,0.5824925149704476,-9.797507485029552,4.468426517884771,16.477092690058424,-0.32280875053079994
621.88,0.0,4.45,16.311119108187036,16.321787300194913,16.632005955165877,16.585056837231825,-5.851835205992471,0.0359300437226886,0.9328139912554624,-4.363418113678991,-0.7807260479037161,0.4178218562888516,-9.962178143711148,4.462157610966447,16.46249230019491,-0.29919788271275355
621.89,0.0,4.45,16.31108,16.364591531947596,16.662816484475197,16.649766163715597,-5.88,0.0334316052467378,0.9333136789506524,-4.356922173641519,-0.8498203144484634,0.2105390566546098,-10.115500374343409,4.455890811354663,16.4970635450346,-0.27764350460016163
621.9,0.0,4.45,16.30845998499644,16.402183315829177,16.68605038259608,16.711532918229537,-5.88,0.030933166770787,0.9338133666458428,-4.350426233604047,-0.9546368854496744,-0.1039106563490226,-10.240282006487709,4.449626127953135,16.52705665041281,-0.26126107159951406
621.91,0.0,4.45,16.257087141785668,16.34224833208328,16.569391217804956,16.71688425606399,-5.88,0.0284347282948362,0.9343130543410328,-4.343930293566575,-1.0187176913427518,-0.3624366373895889,-10.393462986197022,4.443363569712776,16.471402736934472,-0.23271599910257462
621.92,0.0,4.45,16.206118689781846,16.282423833972615,16.458850228371382,16.719498233039076,-5.881799550112364,0.0259362898188854,0.934812742036223,-4.337434353529103,-0.9785671267255892,-0.4778695106639314,-10.61930991216856,4.437103145631988,16.416722746291228,-0.17305015152370623
621.9300000000001,0.0,4.45,16.162598103016908,16.224634202366712,16.46099058509753,16.67169693282185,-5.911792051987256,0.0234378513429062,0.9353124297314188,-4.330938413491556,-0.9124856214054444,-0.4445711427859831,-10.756914228557196,4.430844864756881,16.37997995582575,-0.13349631350075886
621.94,0.0,4.45,16.119077516252464,16.16684457076147,16.46313094182365,16.623895632605166,-5.94,0.0209394128669554,0.935812117426609,-4.324442473454084,-0.7824531132784949,-0.044471117779984,-10.676894223555998,4.424588736181858,16.343237165360687,-0.14354280407314435
621.95,0.0,4.45,16.07537488281226,16.111951328124988,16.454999179686506,16.5714619921868,-5.94,0.0184409743910046,0.9363118051217992,-4.317946533416612,-0.6900000000000001,0.2645649999998473,-10.530410000000558,4.418334769049474,16.303446845702638,-0.1667986454639594
621.96,0.0,4.45,16.02835339843735,16.109861484374992,16.25959878906188,16.434577226562066,-5.94,0.0159425359150538,0.9368114928169892,-4.31145059337914,-0.6900000000000001,0.3495649999998473,-10.220410000000555,4.412082972551031,16.208097724609072,-0.22255223229417087
621.97,0.0,4.443567778779743,15.98134901920609,16.107385428937132,16.06527373623569,16.298095323943617,-5.94,0.013444097439103,0.9373111805121794,-4.304954653341668,-0.6611000000001797,0.3117400000006107,-9.934975000000405,4.405833355926796,16.11302587708063,-0.2521112056915388
621.98,0.0,4.433548742611025,15.938603820742468,16.00874266325185,16.13870779513473,16.26192630985901,-5.938350000000072,0.0109456589631522,0.9378108682073696,-4.298458713304196,-0.5611000000001797,-0.0282599999993892,-9.709975000000403,4.39958592846631,16.086995147247016,-0.21722599171550197
621.99,0.0,4.423529706442307,15.898500840000052,15.914904474999966,16.20560474999967,16.228832310000143,-5.908350000000072,0.0084472204872015,0.9383105559025596,-4.291962773266724,-0.491444999999991,-0.3147949999997216,-9.496535000000334,4.393340699508692,16.06196059374996,-0.19634123764507247
622.0,0.0,4.413510670273589,15.907060840000003,15.909554474999997,16.152104749999975,16.25237231000001,-5.88,0.0059487820112507,0.93881024359775,-4.285466833229252,-0.496444999999991,-0.4697949999997215,-9.311535000000331,4.387097678442941,16.055273093749996,-0.20990052161261696
622.01,0.0,4.403491634104871,15.914589061662252,15.904157669997591,16.0968473799663,16.267769904948246,-5.88,0.0034503435352999,0.93930993129294,-4.27897089319178,-0.5187849999997765,-0.5048600000008941,-9.177110000000036,4.380856874708249,16.045841004143597,-0.23410024489562628
622.02,0.0,4.393472597936153,15.903114530831129,15.897898834998797,16.00922368998315,16.133204952474124,-5.88,0.0009519050593491,0.9398096189881302,-4.272474953154308,-0.583784999999407,-0.244860000002372,-9.167110000000092,4.374618297794307,15.9858605020718,-0.28447765798265756
622.03,0.0,4.383453561767435,15.89164,15.89164,15.9216,15.99864,-5.88,0.0030969355847135,0.9384515322076432,-4.264115822389044,-0.6574618654650983,0.0021505376315382,-9.210587646909392,4.366163603904632,15.925880000000001,-0.3283250079080344
622.04,0.0,4.373434525598716,15.840007556468336,15.82462767967167,16.03255482546166,16.06345519507166,-5.88,0.0081000625390549,0.9359499687304724,-4.254609881175796,-0.7524856214040231,0.2172043010722626,-9.385631407849516,4.356348608178463,15.940161314168332,-0.35610704673225674
622.0500000000001,0.0,4.363415489429885,15.792399754394546,15.759599475078106,16.13323842523432,16.125221541054692,-5.88,0.0131031894934532,0.9334484052532734,-4.245103939962439,-0.8185532233883194,0.3309370314846212,-9.523020989505126,4.346539437291396,15.952614798940417,-0.36932784102128413
622.0600000000001,0.0,4.353396453261166,15.818164261979422,15.730743226583044,16.046669679749137,16.13140502287506,-5.88159000000008,0.0181063164477946,0.9309468417761028,-4.23559799874919,-0.8135557221389378,0.1960044977513176,-9.56799850074956,4.336736130768894,15.931745547796666,-0.3468119712594457
622.07,0.0,4.3500000000000005,15.8439287695643,15.701886978087984,15.960100934263954,16.137588504695433,-5.91159000000008,0.0231094434021361,0.928445278298932,-4.226092057535942,-0.8186571642910513,0.0494998749688675,-9.5942285571393,4.326938728470546,15.91087629665292,-0.3293214324011833
622.08,0.0,4.3500000000000005,15.760972554485123,15.70647034465284,15.851115038012628,15.968448971109114,-5.9384096024005215,0.0281125703564775,0.9259437148217612,-4.216586116322693,-0.8486646661665012,-0.1255438859712569,-9.574223555889,4.3171472705937735,15.821751727064926,-0.324224387261825
622.09,0.0,4.3500000000000005,15.675469828249105,15.711644111765736,15.74198537298158,15.795655431941166,-5.908402100525072,0.0331156973108189,0.9234421513445906,-4.207080175109445,-0.8656639159790245,-0.2254288572144718,-9.573008252062928,4.3073617976769984,15.731188686234397,-0.3197305911015787
622.1,0.0,4.3500000000000005,15.663401127915856,15.617288818251248,15.800134565496323,15.921828208152403,-5.88,0.0381188242651603,0.9209405878674198,-4.197574233896196,-0.8506601650412995,-0.140407601900697,-9.618019504876102,4.297582350602974,15.750663179953959,-0.31672091267196356
622.11,0.0,4.3500000000000005,15.65196,15.529064080000122,15.854814879999957,16.038657999999725,-5.88,0.0431219512195017,0.9184390243902492,-4.188068292682947,-0.795127500000474,-0.0785525000000152,-9.683292499999649,4.287808970602135,15.768624239999951,-0.29462553998353613
622.12,0.0,4.3500000000000005,15.65196,15.552604080000124,15.846254879999956,15.985157999999725,-5.88,0.0481250781738431,0.9159374609130784,-4.178562351469698,-0.640127500000474,-0.0735525000000153,-9.798292499999649,4.2780416992559935,15.75899423999995,-0.22568945651414943
622.13,0.0,4.3500000000000005,15.649706499517622,15.572666499517624,15.832881832207784,15.93519116682746,-5.88,0.0531282051281845,0.9134358974359076,-4.16905641025645,-0.5169887640451142,-0.0671086142322476,-9.901685393258145,4.26828057850056,15.747611499517621,-0.16935975835363057
622.14,0.0,4.3500000000000005,15.60636995178391,15.529329951783913,15.731763220829125,15.949636682738696,-5.881544227885911,0.058131332082526,0.910934333958737,-4.159550469043201,-0.4720449438205086,-0.0571210986267796,-9.976591760299153,4.25852565062981,15.704274951783912,-0.14396904728148485
622.15,0.0,4.3500000000000005,15.5630334040502,15.485993404050198,15.630644609450464,15.964082198649931,-5.9115292353822015,0.0631344590368674,0.9084327704815665,-4.1500445278299525,-0.4615249999993912,-0.0858749999989853,-9.996995000000933,4.248776958299179,15.6609384040502,-0.1343585089672925
622.16,0.0,4.3500000000000005,15.54144940077825,15.527387019455173,15.692483439688594,15.900336560311406,-5.938485000000072,0.0681375859912088,0.9059312070043956,-4.140538586616703,-0.5365249999993912,-0.2108749999989853,-9.881995000000934,4.239034544529095,15.665414105058357,-0.16395097823800273
622.17,0.0,4.337026326286503,15.51974491500008,15.568662104999992,15.754193685000024,15.836627020000073,-5.908485000000072,0.0731407129455502,0.9034296435272248,-4.131032645403455,-0.6029149999996347,-0.2426000000016234,-9.77847500000061,4.229298452708556,15.669806931250042,-0.198613745308838
622.1800000000001,0.0,4.317082169924109,15.486574914999702,15.571872105000027,15.744563684999914,15.80666701999973,-5.88,0.0781438398999485,0.9009280800500258,-4.121526704190098,-0.6479150000001463,-0.0425999999993497,-9.703474999999756,4.219568726598611,15.652419431249843,-0.2458727574381633
622.19,0.0,4.29713801356194,15.45392304622851,15.57008182968286,15.731055128953017,15.777168223844098,-5.88,0.0831469668542899,0.898426516572855,-4.112020762976849,-0.7058300000001458,0.114350000000081,-9.701660000000292,4.209845410336467,15.633057057177123,-0.28191666772604396
622.2,0.0,4.277193857199772,15.43101307055951,15.474276476885226,15.644622038929064,15.756340973235918,-5.8814688983263,0.0881500938086313,0.8959249530956843,-4.1025148217636005,-0.7958299999996342,0.1643499999997967,-9.881659999999268,4.200128548438489,15.57656313990243,-0.29009866995664374
622.21,0.0,4.257249700837604,15.40810309489051,15.378471124087593,15.558188948905109,15.735513722627736,-5.91144641518871,0.0931532207629727,0.8934233896185136,-4.093008880550352,-0.8786549999994724,0.1569500000012176,-10.028654999999471,4.190418185804371,15.520069222627738,-0.29489743694771453
622.22,0.0,4.237305544475436,15.370807404364497,15.335377905006332,15.581865797175915,15.73542,-5.941354240912473,0.0981563477173142,0.890921826141343,-4.083502939337103,-0.9436549999994724,0.0069500000012175,-10.093654999999472,4.180714367720784,15.505867776636686,-0.2912911630820605
622.23,0.0,4.217361388113267,15.333080180225114,15.290260360450224,15.602154513141214,15.730431844805617,-5.969864575908785,0.0965556111086011,0.8894259351847669,-4.076555611108601,-0.972780000000487,-0.0956950000001217,-10.106995000000934,4.173572466206484,15.488981724655542,-0.28837965538698396
622.24,0.0,4.1974172317511,15.28808393491862,15.200267869837242,15.545373536921115,15.6265119449311,-5.998374910905098,0.0911013135766757,0.8885168855961126,-4.071101313576675,-0.912780000000487,-0.0806950000001217,-9.991995000000934,4.167928455567651,15.41505932165202,-0.2871941695721907
622.25,0.0,4.177473075388932,15.241723028846332,15.115547394230733,15.488550423077063,15.525086293269364,-5.970166095439087,0.0856470160447504,0.8876078360074584,-4.065647016044751,-0.8585200000003247,-0.0642600000001623,-9.85977500000142,4.162291284974275,15.342726784855873,-0.29069155688408344
622.26,0.0,4.157528919026763,15.169703798077194,15.12995124038456,15.430935038461756,15.47055744711559,-5.938605000000111,0.080192718512825,0.8866987864188042,-4.060192718512825,-0.8185200000003248,-0.0442600000001623,-9.68477500000142,4.156660982255303,15.300286881009775,-0.30582270217318724
622.27,0.0,4.15,15.097684567308058,15.144355086538388,15.373319653846448,15.416028600961816,-5.908605000000111,0.0747384209808997,0.8857897368301499,-4.054738420980899,-0.7268600000017859,-0.0228250000002029,-9.580089999999432,4.151037575356675,15.257846977163679,-0.29311324031957336
622.28,0.0,4.15,15.09556,15.17807005687683,15.326517342295906,15.426232600827262,-5.88,0.0692841234489743,0.8848806872414957,-4.049284123448975,-0.5068600000017858,0.002174999999797,-9.650089999999432,4.145421092341646,15.256595,-0.21123878580552471
622.29,0.0,4.15,15.093724415000056,15.2048712000002,15.282521099999974,15.435890085000066,-5.88,0.0638298259170489,0.8839716376528415,-4.043829825917049,-0.3830132533123738,0.0085171292826525,-9.659809952489285,4.139811561391117,15.254251700000074,-0.1688370780422588
622.3000000000001,0.0,4.15,15.043434414999489,15.033671199998254,15.303921100000217,15.37918008499942,-5.88,0.0583755283850616,0.8830625880641769,-4.038375528385061,-0.4980420105029062,-0.0314928732184021,-9.519774943735593,4.134209010803899,15.190051699999344,-0.22449832649713283
622.3100000000001,0.0,4.15,14.994750826405804,14.872463168705202,15.323661501222247,15.323776088019343,-5.88,0.0529212308531362,0.8821535384755227,-4.032921230853137,-66.21085937538088,-0.0671875000000497,-9.43293750000009,4.128613468997294,15.12866289608815,-22.301589105730802
622.32,0.0,4.15,14.988472097799448,14.97501573594236,15.299593041564547,15.302846992664824,-5.88,0.0474669333212109,0.8812444888868685,-4.027466933321211,-132.56129076062052,-0.0921875000000497,-9.47793750000009,4.123024964507025,15.141481966992796,-44.57396321984643
622.33,0.0,4.15,14.98219336919309,15.077568303179518,15.275524581906849,15.281917897310302,-5.88,0.0420126357892855,0.8803354392982142,-4.022012635789285,-0.5561117861484973,-0.1253705953828324,-9.512794653705969,4.117443525987821,15.15430103789744,-0.23529394396993653
622.34,0.0,4.15,14.927552657576156,15.01184344224291,15.13885164394039,15.263180303575892,-5.878651011741188,0.0365583382573601,0.87942638970956,-4.01655833825736,-0.7165006075334652,-0.1788335358444884,-9.522515188335362,4.111869182213662,15.085357011833837,-0.28212531144372077
622.35,0.0,4.15,14.875704677661217,14.946154632683514,15.008949355322432,15.244076641679056,-5.848673494878779,0.0311040407254348,0.8785173401209058,-4.011104040725435,-0.8364478764479029,-0.2034234234235468,-9.605778635778073,4.106301962078102,15.018721326836555,-0.30724804824726215
622.36,0.0,4.15,14.887468795602262,14.909792813593011,15.032477591204522,15.217340009994862,-5.82130369630381,0.0256497431935094,0.8776082905322515,-4.005649743193509,-0.8210038610039566,-0.1313513513517974,-9.935250965248926,4.10074189459457,15.011769802598666,-0.25969406498058045
622.37,0.0,4.1437728022390345,14.897066417112082,14.87567786096264,15.054508828390809,15.191175449683914,-5.851273726273744,0.0201954456615841,0.8766992409435973,-4.000195445661584,-0.8171892973240921,-0.0483670917739951,-10.181502875718548,4.095189008896687,15.004607139037361,-0.22977463491068406
622.38,0.0,4.133777300214957,14.862734866310008,14.887121711229998,15.046186028196365,15.17661054934364,-5.877510000000145,0.0147411481296587,0.8757901913549432,-3.994741148129658,-0.842195548886967,0.0616604151026545,-10.221512878219148,4.08964333423857,14.993163288770003,-0.24355822798264934
622.39,0.0,4.123781798190879,14.828403315507936,14.898565561497357,15.037863228001925,15.162045649003366,-5.817510000000145,0.0092868505977334,0.874881141766289,-3.9892868505977335,-0.8513686313689285,0.1385614385614881,-10.23561438561488,4.084104899995137,14.981719438502646,-0.2525010748293235
622.4,0.0,4.1137862961668015,14.77899309315498,14.813630694801963,14.92765205352562,15.13136948018532,-5.758339723287312,0.003832553065808,0.8739720921776347,-3.983832553065808,-0.821398601398823,0.1335664335664705,-10.185664335664706,4.078573735662405,14.912911330416971,-0.24947652128507342
622.41,0.0,4.103790794142723,14.732761543440272,14.730508070699658,14.823743241224571,15.098775060991128,-5.718333055509365,-0.0016217444661173,0.8730630425889805,-3.978378255533882,-0.769962490623262,0.0327356839229438,-10.177176794198,4.07304987085779,14.846446979088908,-0.22300300589457941
622.42,0.0,4.093795292118646,14.754070978341929,14.703871277072592,14.868493054518046,15.030584869305834,-5.67832638773142,-0.0070760419980426,0.8721539930003263,-3.9729239580019575,-0.6649362340591873,-0.3073493373321553,-10.272200550136926,4.067533335320402,14.839255044809601,-0.13798907526395487
622.4300000000001,0.0,4.083799790094454,14.773541990315442,14.677709724494834,14.913198340290757,14.964634807146384,-5.638740629684932,-0.01253033953003,0.8712449434116617,-3.9674696604699697,-0.5584928767804676,-0.5170607348159435,-10.26123219195117,4.062024158911272,14.832271215561853,-0.0820966794489603
622.44,0.0,4.073804288070376,14.747100180330492,14.6634168542327,14.956791594590268,14.95462979796289,-5.608755622188813,-0.0179846370619553,0.8703358938230075,-3.962015362938045,-0.4485203699077415,-0.4020894776308207,-9.986300924769354,4.056522371613896,14.830484606779086,-0.09872859459892036
622.45,0.0,4.063808786046298,14.720658370345545,14.649123983970563,15.00038484888978,14.944624788779397,-5.5775424575425205,-0.0168474124281235,0.8696497124920137,-3.95439539987222,-0.3885899999996364,-0.2227600000019017,-9.719930000001373,4.048927936660955,14.828697997996322,-0.13756233758915426
622.46,0.0,4.053813284022221,14.693739264278705,14.634320600193544,15.034539961277394,14.935424607938064,-5.517602397602309,-0.01184727353538,0.8690941415039312,-3.9455062640628977,-0.4535899999996364,0.1172399999980982,-9.474930000001372,4.040109486690459,14.824506108421925,-0.23182302141291972
622.47,0.0,4.05,14.656449816069676,14.608425150048388,14.863629990319348,14.943711151984516,-5.457659999999767,-0.0068471346426365,0.8685385705158485,-3.936617128253576,-0.5171642910724217,0.3728732183043162,-9.368657164289688,4.031297625602202,14.768054027105482,-0.29583737943598487
622.48,0.0,4.05,14.619160367860648,14.582529699903228,14.6927200193613,14.951997696030968,-5.397659999999767,-0.001846995749893,0.8679829995277659,-3.9277279924442543,-0.5771792948233215,0.4178844711174911,-9.608717179293286,4.022492396697934,14.711601945789038,-0.2843416793391497
622.49,0.0,4.05,14.561162288659643,14.588432948453626,14.74937418556717,14.946785876288644,-5.33415584415528,0.0031531431428504,0.8674274285396832,-3.918838856634933,-0.6586195706430367,0.3384323514756719,-9.775708936595215,4.013693843626645,14.71143882474227,-0.2781569055171296
622.5,0.0,4.05,14.504798202695936,14.5948,14.809287189216256,14.942738572141998,-5.184305694305603,0.0081532820355939,0.8668718575516007,-3.909949720825611,-0.7934173739378385,-0.0509835247093112,-9.760731402895797,4.004902010387668,14.712905991013548,-0.28519846990525616
622.51,0.0,4.05,14.50159301048426,14.5948,14.82210795806296,14.975858891662654,-5.034450000000365,0.0131534209283375,0.866316286563518,-3.901060585016289,-0.9382674010999308,-0.3555533299940809,-9.813883324985202,3.9961169413337934,14.723589965052469,-0.29412775286499165
622.52,0.0,4.05,14.49555418790948,14.592472444767983,14.828079223111954,15.004146826899476,-4.884450000000365,0.018153559821081,0.8657607155754354,-3.892171449206967,-1.1085227841748662,-0.4456885327984586,-10.039221331996147,3.987338681174416,14.730063170672224,-0.307827936553574
622.53,0.0,4.05,14.411388128186614,14.525970866715348,14.645199883467209,14.89919902403516,-4.728908318761701,0.0231536987138245,0.8652051445873529,-3.8832823133976455,-1.1643675298821317,-0.4201120517950935,-10.198573207171352,3.9785672749787104,14.620439475601083,-0.30512514342067437
622.54,0.0,4.05,14.327222068463747,14.459469288662714,14.46232054382246,14.794251221170844,-4.429133150139304,0.028153837606568,0.8646495735992702,-3.874393177588324,-0.9352838645437768,-0.1063670318751726,-10.193593127490082,3.9698027681788335,14.510815780529942,-0.2615723539089961
622.5500000000001,0.0,4.05,14.333744199434632,14.433160426625433,14.55977736828625,14.671501207915156,-4.133609999999756,0.0331539764993684,0.8640940026111813,-3.865504041778901,-0.7672052182639129,0.1409608630206537,-10.134104365278256,3.961045206573052,14.499545800565368,-0.2398492293821032
622.5600000000001,0.0,4.05,14.339604999999652,14.40410795180664,14.65869060240932,14.552451204819336,-3.953609999999757,0.0381541153921119,0.8635384316230986,-3.856614905969579,-0.7571700953336886,0.2162242849973351,-9.933401906673772,3.9522946363294045,14.488713689758738,-0.2746794380216865
622.57,0.0,4.037923357846814,14.250438333332871,14.253706345380746,14.577044016063834,14.567491365461926,-3.7672327672322488,0.0431542542848554,0.8629828606350161,-3.8477257701602574,-0.7142857142863238,0.2371428571434179,-9.744285714286494,3.9435511039883866,14.412170015059845,-0.29107379306007153
622.58,0.0,4.017912351793489,14.163986624451908,14.110485582075256,14.49497468095411,14.57776130540602,-3.4075924075909825,0.0481543931775989,0.8624272896469335,-3.838836634350936,-0.5891918939212868,0.1220565424075838,-9.584165624219247,3.934814656466665,14.336802048221823,-0.2613300836559499
622.59,0.0,3.9979013457401646,14.1462662152946,14.149053531417634,14.402203127130557,14.467269342425158,-3.055977988993734,0.0531545320703424,0.8618717186588508,-3.8299474985416135,-0.4842504365182804,0.0099326515348989,-9.47143177849834,3.926085341060322,14.291198054066989,-0.2314906091967695
622.6,0.0,3.97789033968684,14.128545806137293,14.18762148076001,14.309431573307004,14.356777379444296,-2.935917958978878,0.0581546709630859,0.8613161476707683,-3.821058362732292,-0.4293739087058587,-0.0948316288342698,-9.476420553754012,3.9173632054482286,14.24559405991215,-0.20141322364260947
622.61,0.0,3.957879333633517,14.113157991288674,14.184959569561858,14.30804,14.370242008711326,-2.807586206895212,0.0631548098558294,0.8607605766826856,-3.81216922692297,-0.4041249999995935,-0.1714124999999593,-9.447512500000936,3.9086482976954464,14.244099892390466,-0.1893458903502065
622.62,0.0,3.937868327580192,14.099431195000204,14.181063099999866,14.309724715000312,14.386979785000351,-2.4477661169417795,0.0681549487485729,0.860205005694603,-3.803280091113648,-0.4541249999995935,-0.1764124999999593,-9.332512500000934,3.8999406662566565,14.244299698750183,-0.22302090218463402
622.63,0.0,3.917857321526868,14.132601195000015,14.159663099999989,14.360014715000029,14.44368978500003,-2.093974519111549,0.0709464290178213,0.8581071419643572,-3.79495237857162,-0.4970784264593303,-0.1573490353301429,-9.255662741167464,3.8914065347258457,14.273992198750015,-0.25105813646448183
622.64,0.0,3.897846315473544,14.162987523694044,14.138108918590648,14.407156583232288,14.493726473876752,-1.9141094179370897,0.0724463165262568,0.8551073669474863,-3.786952978526631,-0.5221348033072383,-0.0771686294168376,-9.275707842645792,3.8829717922433855,14.300494874848432,-0.26477641359185894
622.65,0.0,3.8778353094202194,14.11306285783721,14.11210648845688,14.36347250060756,14.351233156743708,-1.7352000000001773,0.0739462040346922,0.8521075919306155,-3.7789535784816417,-0.5771336153261685,-0.0171435680518331,-9.35284150285967,3.874538106360052,14.23496875091134,-0.27781442049516714
622.66,0.0,3.857824303366895,14.063138191980377,14.086104058323114,14.319788417982831,14.20873983961066,-1.5852000000001774,0.0754460915431277,0.8491078169137446,-3.770954178436652,-0.7065190345847703,-0.0071908434934792,-9.57180144314346,3.8661054839905757,14.169442626974245,-0.2891624180961031
622.67,0.0,3.85,14.038309205451228,14.083331745950112,14.226365075854796,14.253655716122491,-1.4313729405894513,0.0769459790515631,0.8461080418968737,-3.7629547783916633,-0.8152739554661925,0.0166624968722099,-9.75777082812035,3.8576739321092726,14.150415435844657,-0.30002046956483097
622.6800000000001,0.0,3.85,14.01381514499962,14.077425039998626,14.135171870000171,14.300002159999412,-1.1617773339967827,0.0784458665600156,0.8431082668799686,-3.754955378346583,-0.8703152364274345,0.0767075306481103,-9.857845884413518,3.8492434577505783,14.131603553749457,-0.3096028955182325
622.69,0.0,3.85,13.98064514499962,13.957585039998628,14.15015187000017,14.248642159999411,-0.8973873873868184,0.0799457540684511,0.8401084918630978,-3.746955978301594,-0.8723255813952775,0.0851162790697013,-9.917441860465091,3.840814068010077,14.084256053749458,-0.3021332073081371
622.7,0.0,3.85,13.94907562181838,13.841879520000129,14.162829716362982,14.199913192727635,-0.8072972972969559,0.0814456415768865,0.8371087168462269,-3.738956578256605,-0.7372918229557528,-0.0399149787446733,-9.872430607651918,3.8323857700445747,14.038424512727282,-0.25059694450391956
622.71,0.0,3.85,13.966714409697058,13.853292853333391,14.1047254739391,14.232078041212285,-0.7181418581417836,0.0829455290853219,0.834108941829356,-3.730957178211616,-0.6413940149625916,-0.1536982543640573,-9.842788029925185,3.8239585710731383,14.039202694545457,-0.21104703767192856
622.72,0.0,3.85,13.984353197575738,13.864706186666654,14.046621231515218,14.264242889696932,-0.6582017982019129,0.0844454165937574,0.8311091668124851,-3.722957778166627,-0.6463815461346646,-0.2384862842892972,-9.85276309226933,3.815532478377668,14.039980876363636,-0.20239576940170215
622.73,0.0,3.85,13.910038628158748,13.83832379577098,13.921833460546512,14.2352954512635,-0.593038259566091,0.0859453041021929,0.8281093917956143,-3.714958378121638,-0.6418039313262212,-0.2836078626524423,-9.85453595421748,3.807107499303569,13.976372833934935,-0.19589830793019475
622.74,0.0,3.85,13.835645700000072,13.811271099999963,13.8010633000003,14.20345819999976,-0.3529782445624915,0.0874451916106283,0.8251096167787434,-3.706958978076649,-0.6119457576513281,-0.2238915153026562,-9.834630505100886,3.7986836412604377,13.912859575000024,-0.195093330365664
622.75,0.0,3.85,13.85383570000007,13.801641099999962,13.879173300000302,14.14139819999976,-0.1173456635846638,0.0889450791190637,0.8221098417618725,-3.69895957803166,-0.5687308753455605,-0.1534135941819507,-9.817341359418196,3.790260911722752,13.919012075000023,-0.19052598623974842
622.76,0.0,3.85,13.870081984030792,13.793014541495372,13.956835088313817,14.080671860633856,-0.027368157961013,0.0904449666274992,0.8191100667450015,-3.690960177986671,-0.4884700275901012,-0.0530875344876265,-9.807308753448764,3.7818393182305683,13.92515086861846,-0.1755233990091082
622.77,0.0,3.841192756659802,13.823481451729862,13.81683259133807,14.02000469876619,14.063067215097949,0.0617382617379676,0.0919448541359346,0.8161102917281307,-3.6829607779416818,-0.4477006018051804,0.0254463390169785,-9.775491474423598,3.773418868390236,13.930846489233016,-0.17481364254669118
622.78,0.0,3.826227177491903,13.77688091942893,13.840650641180767,14.083174309218563,14.04546256956204,0.1216783216781787,0.0934447416443701,0.8131105167112598,-3.6749613778966927,-0.5128961885653378,0.0455065195585654,-9.685220661986456,3.764999569875114,13.936542109847576,-0.21245499921434416
622.79,0.0,3.811261598324005,13.742215281072784,13.781970830325026,14.025930830325027,14.053327024239282,0.1808102025506345,0.0949446291528055,0.8101107416943889,-3.666961977851704,-0.5908411214944651,0.0585981308411606,-9.6592523364475,3.756581430426296,13.900860991490529,-0.24392176986858471
622.8000000000001,0.0,3.796296019155936,13.708472438657893,13.721102403605256,13.962279439157856,14.06194,0.210817704426255,0.096444516661258,0.8071109666774839,-3.658962577806624,-0.7019802980551142,0.0535463500884039,-9.800702197524693,3.7481644578532545,13.863448570355251,-0.2593123661271662
622.8100000000001,0.0,3.781330439988037,13.693469934902229,13.697527040560644,13.825113690534662,14.06194,0.24,0.0979444041696935,0.8041111916606131,-3.650963177761634,-0.7726328800989316,0.0234783683561536,-9.948622991347053,3.7397486600349676,13.819512666499383,-0.25752618756624374
622.82,0.0,3.7663648608201385,13.678166493695178,13.67291612512062,13.693632196896925,14.0611408729386,0.24,0.0994442916781289,0.8011114166437422,-3.6429637777166457,-0.7479110012361387,-0.0655203955499007,-10.111787391841483,3.7313340449201067,13.776463922162831,-0.21527659986682623
622.83,0.0,3.75139928165224,13.65222080989308,13.611684311347664,13.763166629486552,14.032081707080248,0.2407800000000777,0.0964487922457426,0.7993543258628624,-3.636771629314312,-0.739752212389316,-0.1773678887481063,-10.24114538558779,3.724832558865809,13.764788364451888,-0.18132954632072096
622.84,0.0,3.736433702484341,13.626275126090976,13.550452497574708,13.83270106207618,14.003022541221895,0.2707800000000777,0.090807477306519,0.7983286322375489,-3.631643161187744,-0.7751504424778126,-0.349302149177947,-10.28160050568893,3.7194632211095677,13.75311280674094,-0.1692161987424215
622.85,0.0,3.7214681233164426,13.62857428497812,13.578153326462449,13.83829428497812,13.975400958515673,0.3,0.0851661623672953,0.7973029386122356,-3.6265146930611776,-0.8117990596386033,-0.3947809948039042,-10.32327394209343,3.7141020543491647,13.75510571373359,-0.17048767076747512
622.86,0.0,3.706502544148544,13.62917784446058,13.606547571892625,13.838362710677025,13.946807571892624,0.3,0.0795248474280717,0.7962772449869222,-3.62138622493461,-0.8513932194999236,-0.1423682256879866,-10.367817371937416,3.7087490940192445,13.755223924730714,-0.20328982521411704
622.87,0.0,3.7,13.524291622905258,13.538050447611596,13.712071137783882,13.878310447611597,0.3,0.0738835324888481,0.7952515513616087,-3.616257756808044,-0.8550686298983285,0.0566209134011142,-10.33905665086258,3.7034043757049298,13.663180913978083,-0.22956832229069984
622.88,0.0,3.7,13.421630210909022,13.471220625454531,13.588788334545423,13.810369381818004,0.3,0.0682422175496244,0.7942258577362954,-3.611129288681477,-0.7652258547549434,0.1165160968300377,-10.119440978289862,3.6980679351421104,13.573002138181746,-0.2388618015293357
622.89,0.0,3.7,13.403991423030249,13.468107898181808,13.580487728484822,13.763678472727126,0.3007496251872197,0.0626009026104008,0.793200164110982,-3.60600082055491,-0.691761463292691,0.1133149586585818,-9.918807316463456,3.6927398082177425,13.554066380605999,-0.24422176880675228
622.9,0.0,3.7,13.386352635151471,13.464995170909082,13.57218712242422,13.71698756363625,0.3307346326835094,0.0569595876711771,0.7921744704856686,-3.600872352428343,-0.6616938110752014,-0.0570684039071921,-9.768469055376007,3.687420030970129,13.535130623030255,-0.23915936497475077
622.91,0.0,3.7,13.344239086922933,13.327740056745084,13.575069301005929,13.650410879546126,0.3609593604262313,0.0513182727319535,0.7911487768603552,-3.595743884301776,-0.6205001250319284,-0.1841785446360153,-9.614036009003833,3.682108639589203,13.47436483105502,-0.23548002546571015
622.92,0.0,3.7,13.301818769771614,13.189425518453303,13.577931423550163,13.582719156415168,0.4009327115254143,0.0456769577927299,0.7901230832350419,-3.590615416175209,-0.5504826206558786,-0.1991822955737403,-9.448994748688856,3.6768056704167975,13.412973717047562,-0.2353837412854425
622.9300000000001,0.0,3.7,13.284625699221571,13.21414055736899,13.562887486818877,13.501052071302462,0.4409060626250517,0.0400356428534421,0.7890973896097168,-3.585486948048584,-0.5139989964876981,-0.194601103863532,-9.355198193677856,3.671511159946856,13.390676453677974,-0.23780323241563353
622.94,0.0,3.7,13.267717661169351,13.23829881059476,13.546693023487878,13.423656391804458,0.479340329835042,0.0343943279142185,0.7880716959844034,-3.5803584799220167,-0.564174611138819,-0.1394079277472991,-9.445514300049874,3.6662251448259284,13.369091471764111,-0.24672406404344338
622.95,0.0,3.7,13.259161939030442,13.246141555888762,13.496784644344242,13.471425840413367,0.4493553223387523,0.0287530129749949,0.7870460023590901,-3.57523001179545,-0.5769761006293515,-0.081293081761348,-9.501366037736007,3.6609476618530694,13.368378494919204,-0.24861352355553795
622.96,0.0,3.7,13.250606216891532,13.25398430118276,13.446876265200608,13.519195289022276,0.42,0.0231116980357712,0.7860203087337766,-3.570101543668883,-0.4964729559751598,-0.0158842767298173,-9.471177358490683,3.6556787479803226,13.367665518074293,-0.23294913799505124
622.97,0.0,3.694337644180349,13.241241701405716,13.260567052835674,13.39889943286476,13.563466781386326,0.42,0.0174703830965476,0.7849946151084632,-3.564973075542316,-0.4741142857138954,0.0255503105590571,-9.423301863354345,3.6504184403129,13.366043742123118,-0.23699458653613642
622.98,0.0,3.684351125979931,13.20701,13.22841,13.41031,13.50019,0.42,0.011829068157324,0.7839689214831499,-3.5598446074157493,-0.5883999999994645,0.0106434782609394,-9.333860869565637,3.645166776109416,13.336480000000002,-0.28735979595646444
622.99,0.0,3.6743646077795127,13.172778298594285,13.196252947164329,13.42172056713524,13.436913218613672,0.42,0.0061877532181003,0.7829432278578364,-3.5547161392891824,-0.6771517879468424,-0.021455363840527,-9.332935733932212,3.6399237927821133,13.306916257876882,-0.31396665200031676
623.0,0.0,3.664378089579096,13.145169150025673,13.135810896057505,13.377508172043129,13.42855259600616,0.4205252626313542,0.0005464382788767,0.7819175342325231,-3.549587671162615,-0.7021580395097173,-0.0964741185291519,-9.552990747685511,3.63468952789708,13.271760203533116,-0.2812606957670074
623.01,0.0,3.6543915713786768,13.117866129844094,13.075967579265042,13.329912989432042,13.421996532461025,0.4505402701350682,-0.0050948766603469,0.7808918406072097,-3.544459203036048,-0.7257299999998629,-0.1457025000001028,-9.74724499999911,3.629464019174461,13.23643580775055,-0.2546595050893996
623.02,0.0,3.6444050531782586,13.096326119778654,13.112585596376288,13.182363920483782,13.416611529944664,0.4794450000000365,-0.0096738152369521,0.7799347630473905,-3.539086682663466,-0.7457299999998629,-0.1307025000001028,-9.87724499999911,3.6240207456245233,13.201971791645846,-0.24326163107545495
623.03,0.0,3.63441853497784,13.075314078422176,13.146957097910466,13.041339882601244,13.409690208969463,0.4494450000000364,-0.0071743151369751,0.7794348630273951,-3.5320880823835306,-0.741405391912612,-0.1500374438334729,-9.935671492761744,3.6170729047416206,13.168325316975837,-0.23095663877232367
623.04,0.0,3.624432016777422,13.072299286217437,13.104750007044125,13.122739272129191,13.3503992956096,0.4205548612846395,-0.0046748150369981,0.7789349630073996,-3.5250894821035947,-0.6765027458817815,-0.25488017972943,-9.815851223166366,3.6101270597208015,13.162546965250089,-0.21639255781524108
623.0500000000001,0.0,3.614445498576891,13.069284494012663,13.062542916177298,13.204138661658067,13.29110838224906,0.4505473631593603,-0.0021753149369927,0.7784350629873986,-3.51809088182358,-0.63,-0.3498748122184155,-9.759812218327625,3.6031832221042386,13.156768613524275,-0.19937899810324225
623.0600000000001,0.0,3.6044589803764726,13.024049087048525,13.004158673035723,13.167429087048523,13.331072070064009,0.4805397301349345,0.0003241851629842,0.7779351629674032,-3.511092281543644,-0.63,-0.4199799699551537,-9.86496995493273,3.5962414035201378,13.131677229299196,-0.17617478044512133
623.07,0.0,3.6,12.974675006273452,12.945085545796852,13.118151668757818,13.38042115432823,0.5105247376312243,0.0028236852629612,0.7774352629474077,-3.5040936812637087,-0.6185399999998846,-0.4298899999995961,-9.932837499999929,3.589301615683031,13.104583343789088,-0.16102482351434336
623.08,0.0,3.6,12.96500875784187,12.96012193224598,13.11492958594729,13.313831442910663,0.5410197450638888,0.0053231853629382,0.7769353629274124,-3.497095080983773,-0.578540000000112,-0.2898900000003919,-9.90783750000007,3.5823638703948624,13.08847292973645,-0.16593320874353948
623.09,0.0,3.6,12.95474466603951,12.97425379586077,13.110443758231416,13.248354981185324,0.6010047488129895,0.0078226854629152,0.7764354629074169,-3.490096480703837,-0.5485675000000343,-0.1269700000015081,-9.89,3.5754281795456913,13.071949300329253,-0.17550836815071316
623.1,0.0,3.6,12.918507601128884,12.949089167450614,13.051055235183448,13.231243033866418,0.66,0.0103221855628922,0.7759355628874216,-3.4830978804239017,-0.5435675000000343,0.0930299999984918,-9.89,3.56849455511448,13.03747375940734,-0.1967056684866781
623.11,0.0,3.6,12.88227053621826,12.923924539040458,12.99166671213548,13.214131086547512,0.66,0.0128216856628692,0.7754356628674262,-3.476099280143966,-0.5270296780686959,0.2413531187124639,-9.865500503018648,3.5615630091698898,13.002998218485427,-0.21028283868242145
623.12,0.0,3.6,12.870369134360065,12.864263940520454,13.071104089219318,13.183831970260227,0.6591011235957276,0.0153211857628462,0.7749357628474308,-3.4691006798640305,-0.4817580482899369,0.2111720321932912,-9.77998742454766,3.5546335538710863,12.997392283590017,-0.20488282613739495
623.13,0.0,3.6,12.861196804822908,12.801073609645815,13.164670414468723,13.152643195177092,0.59917602996258,0.0178206858628232,0.7744358628274354,-3.4621020795840947,-0.488756554306624,0.1408089887646694,-9.706584269663091,3.54770620146855,12.994896006028634,-0.2110251913088804
623.14,0.0,3.6,12.846145310223571,12.77097062044714,13.119515930670712,13.167694689776429,0.5407503751877465,0.0203201859628002,0.7739359628074399,-3.45510347930416,-0.6185942571777068,-0.0239850187255509,-9.661640449438488,3.5407809643049024,12.976081637779462,-0.24429311081286223
623.15,0.0,3.6,12.830839896834735,12.742390912074985,13.0732765580306,13.183253992965954,0.6007803901951744,0.0228196860627772,0.7734360627874446,-3.4481048790242235,-0.712963704630698,-0.1236996245311605,-9.665564455568378,3.5338578548157256,12.957440339976568,-0.2650216925653088
623.16,0.0,3.6,12.804748454865296,12.778517524032669,12.98095299413874,13.220384121922462,0.6591908091908097,0.0253191861627542,0.7729361627674491,-3.441106278744288,-0.7229762202752221,-0.0686307884862782,-9.785714643302668,3.5269368855304135,12.946150773739792,-0.2559269845291594
623.17,0.0,3.591647574459797,12.77865701289586,12.81464413599035,12.888629430246883,13.257514250878971,0.599250749250939,0.0278186862627312,0.7724362627474538,-3.4341076784643523,-0.7464010989003488,-0.0359640359637632,-9.890874125873172,3.520018069073007,12.934861207503015,-0.25127563552158705
623.1800000000001,0.0,3.5767058471959614,12.7758,12.787101322313855,12.900873900293393,13.17622874433432,0.54,0.0303181863627367,0.7719363627274527,-3.427109078184337,-0.8013461538461669,-0.0559440559440607,-9.960804195804212,3.5131014181629756,12.91000099173539,-0.25706655237257525
623.19,0.0,3.561764119932296,12.775142771535249,12.751811161048462,12.925423670411895,13.081242921348023,0.54,0.0328176864627137,0.7714364627074572,-3.4201104779044016,-0.8192242242241357,-0.1160035035036995,-10.064907407407642,3.5061869456163963,12.883405131085906,-0.24107032328556383
623.2,0.0,3.5468223926686298,12.73132754057406,12.72188856429448,12.91366836454426,13.04277101123576,0.5407794154385004,0.0353171865626907,0.7709365626874619,-3.4131118776244658,-0.7491541541542427,-0.2711586586584626,-10.25009259259236,3.499274664346351,12.852413870162138,-0.17338014085221742
623.21,0.0,3.531880665404964,12.687384210526176,12.69185192982446,12.901359181286406,13.003591111110865,0.6007344491633203,0.0378166866626677,0.7704366626674665,-3.4061132773445304,-0.7014910089909892,-0.3740359640360435,-10.32781468531538,3.492364587364129,12.821046608186975,-0.13491400473813478
623.22,0.0,3.516938938141298,12.633321052631288,12.652806315789263,12.845293684210224,12.908479999999487,0.6603445692885409,0.0397646402158259,0.7697646402158259,-3.399117400809347,-0.7064860139859783,-0.3540559440560866,-10.152989510490755,3.485415030153939,12.759975263157566,-0.16512682505038487
623.23,0.0,3.501997210877632,12.5792578947364,12.613760701754066,12.789228187134045,12.81336888888811,0.6903071161049447,0.0379040885622618,0.7679040885622619,-3.392140332108481,-0.6862977766682025,-0.3103722208352531,-9.978151386461692,3.478179041089951,12.698903918128156,-0.18934937259616008
623.24,0.0,3.4870554836139664,12.522352704873802,12.619912404927764,12.692957814675369,12.820535972147956,0.7197298649324658,0.0360435369086977,0.7660435369086978,-3.3851632634076165,-0.606357731701776,-0.21044716462722,-9.803282538097635,3.4709439864274647,12.663939724156222,-0.19935891207649234
623.25,0.0,3.4721137563503004,12.465405769326964,12.632017378033398,12.592042692019104,12.841643147360363,0.6897148574287519,0.0341829852551336,0.7641829852551336,-3.378186194706751,-0.5514749999999722,-0.1060750000006406,-9.675575000000084,3.463709872021859,12.632777246684958,-0.21110828969695522
623.26,0.0,3.4571720290866343,12.453626935201394,12.581689632224135,12.62737919439582,12.779536567425527,0.660299999999925,0.0323224336015695,0.7623224336015696,-3.371209126005886,-0.5564749999999722,0.0089249999993593,-9.660575000000083,3.4564767037767687,12.61055808231172,-0.22701558558462062
623.27,0.0,3.45,12.4421541274767,12.531189672953056,12.662273229887816,12.718126770112184,0.690299999999925,0.0304618819480055,0.7604618819480055,-3.3642320573050206,-0.5614772158237021,0.0515923885837452,-9.617501251878554,3.449244487644575,12.58843595010744,-0.23965086079666054
623.28,0.0,3.45,12.462588598710882,12.462734194318545,12.651034270709015,12.729365729290985,0.7197001499251138,0.0286013302944414,0.7586013302944414,-3.357254988604155,-0.5664847270905835,-0.0786029043551703,-9.507336004007165,3.442013229626899,12.576430698257356,-0.24446656117352222
623.29,0.0,3.45,12.483023069945064,12.394278715684036,12.639795311530214,12.740604688469784,0.6897151424289945,0.0267407786408773,0.7567407786408773,-3.35027791990329,-0.5580919080924033,-0.1819080919075967,-9.453816183815194,3.4347829357751034,12.564425446407274,-0.2390056551389027
623.3000000000001,0.0,3.45,12.443645039369656,12.379209133858172,12.627533385826656,12.637744724408382,0.6602699325168717,0.0248802269872921,0.7548802269872921,-3.343300851202345,-0.5181318681318082,-0.2218681318681917,-9.533736263736383,3.42755361219072,12.522033070865717,-0.20933609909953935
623.3100000000001,0.0,3.45,12.398839160419508,12.369178610694632,12.614519290354131,12.526136541729768,0.6902624343914219,0.023019675333728,0.753019675333728,-3.33632378250148,-0.5151977966952257,-0.2055332999496016,-9.604822233350133,3.420325265026291,12.47716840079951,-0.19929128126643952
623.32,0.0,3.45,12.36675520239866,12.36703968015991,12.536448325836735,12.597790714642992,0.721528853360214,0.0211591236801639,0.7511591236801639,-3.3293467138006148,-0.600325488232209,-0.0553079619431606,-9.654897346018949,3.413097900485396,12.467008480759574,-0.23592151646291729
623.33,0.0,3.45,12.335089292735557,12.364818412850637,12.459264703907936,12.66859682570127,0.9013939545346736,0.0192985720265998,0.7492985720265999,-3.3223696450997493,-0.6672030835942017,0.062965550469563,-9.675593832811597,3.405871524823507,12.45694230879885,-0.26754666368544605
623.34,0.0,3.45,12.349455152241667,12.353530951810118,12.47978736034524,12.646021903620236,1.08,0.0174380203730357,0.7474380203730357,-3.3153925763988843,-0.6912936641771622,0.1063285955188919,-9.627412671645676,3.398646144348441,12.457198842004315,-0.28743747421964466
623.35,0.0,3.45,12.36382101174778,12.3422434907696,12.500310016782542,12.623446981539203,1.08,0.0155774687194717,0.7455774687194717,-3.308415507698019,-0.7041932969604234,0.0877396726438111,-9.619033515197884,3.3914217654208954,12.457455375209781,-0.29110457183917315
623.36,0.0,3.45,12.304063470772329,12.372323997912376,12.45030667014604,12.604185067849654,1.0808387418877752,0.0137169170659076,0.7437169170659076,-3.3014384389971534,-0.6782125227333148,-0.1460872954001667,-9.748937386333424,3.384198394454996,12.4327198016701,-0.23840606284236998
623.37,0.0,3.4425238048007354,12.238684075000013,12.404978124999694,12.394783699999952,12.584577624999612,1.2006590114831548,0.0118563654123435,0.7418563654123436,-3.2944613702962884,-0.665882931628029,-0.3173536645350363,-9.859119527791094,3.376976037918851,12.405755881249817,-0.19978182848366366
623.38,0.0,3.427645804404002,12.241894075000012,12.324728124999696,12.381943699999953,12.482927624999611,1.3203601800901592,0.0099958137587794,0.7399958137587794,-3.287484301595423,-0.6855582882437936,-0.3419478603047419,-9.923064436792329,3.369754702335107,12.357873381249817,-0.19415447212331458
623.39,0.0,3.412767804007269,12.244887600095804,12.244887600095804,12.368753632222262,12.382686463678104,1.4104052026013012,0.0081352621052153,0.7381352621052154,-3.280507232894558,-0.6797153024919362,-0.3397153024919362,-9.967295373665593,3.3625343942815165,12.310303824022993,-0.18573058190204217
623.4,0.0,3.397889803610536,12.219234279549172,12.219234279549172,12.309237928554085,12.468881620714775,1.5009002250560384,0.0062747104516513,0.7362747104516513,-3.2735301641936925,-0.6034570411799971,-0.2634570411799971,-9.957127605490667,3.3553151203915106,12.304147027091801,-0.1695899403497805
623.41,0.0,3.3830118032138023,12.193580959002546,12.193580959002546,12.249722224885904,12.555076777751449,1.680945236308738,0.0044141587980872,0.7344141587980872,-3.266553095492827,-0.5574675324674015,-0.2070129870130393,-9.924610389610836,3.3480968873547803,12.297990230160611,-0.16493612490037138
623.42,0.0,3.368133802817069,12.159664800417405,12.174078116357933,12.291408515523122,12.452670607878868,1.8605461767624112,0.0025536071445231,0.7325536071445231,-3.259576026791962,-0.5824425574423477,-0.1970229770230609,-9.839695304696018,3.340879701917861,12.269455510044331,-0.18721296195352016
623.4300000000001,0.0,3.353255802420166,12.125339970022644,12.154970657006876,12.341015403446828,12.335353999501008,1.959851042701845,0.0006930554909379,0.7306930554909379,-3.252598958091017,-0.5881081081081081,-0.2063513513513513,-9.782972972972972,3.333663570884646,12.23917000749434,-0.196729847898037
623.44,0.0,3.3383778020234334,12.143516337746782,12.113271931051502,12.274725121158797,12.40699027229614,2.0591559086401494,0.0039627407641763,0.7296697716029853,-3.245376802441794,-0.5480680680681692,-0.2614064064062673,-9.792982982982958,3.326395086085362,12.234625915563305,-0.17604388660487916
623.45,0.0,3.3234998016267,12.161428794799072,12.07180278379732,12.20854874812464,12.478300046674432,2.1584607745784545,0.0102778654878837,0.729143511209343,-3.2380091569308025,-0.5110411985019732,-0.2820823970039464,-9.77312359550592,3.3191051798376927,12.230020093348866,-0.16446506135211741
623.46,0.0,3.3086218012299664,12.113627494582389,12.0874987331222,12.170735779296518,12.468311715285871,2.458182735993069,0.0165929902115911,0.7286172508157007,-3.2306415114198104,-0.4810786516853994,-0.2221573033707987,-9.6832359550562,3.311827743228694,12.210043430571744,-0.17423774902393274
623.47,0.0,3.3000000000000003,12.065826194365709,12.10319468244708,12.132922810468395,12.458323383897312,2.7605247376315654,0.0229081149352985,0.7280909904220584,-3.2232738659088183,-0.4793014521783252,-0.1725763645467979,-9.609606910365518,3.304562858641736,12.190066767794622,-0.1899394558742985
623.48,0.0,3.3000000000000003,12.018289030317057,12.11873531127054,12.095453834760471,12.447978842860447,2.9104497751130136,0.0292232396590059,0.7275647300284162,-3.215906220397826,-0.5443990986477829,-0.1475388082123911,-9.574554331497348,3.297310609043516,12.17011425480213,-0.21970883554783377
623.49,0.0,3.3000000000000003,12.029184656329532,12.099915593612629,12.134083781531976,12.358832811849284,3.0611252813226,0.0355383643827133,0.7270384696347738,-3.2085385748868345,-0.615425717852148,-0.1479475655426926,-9.54700873907622,3.2900710779873297,12.155504210830856,-0.24768718402111028
623.5,0.0,3.3000000000000003,12.040080282342007,12.081095875954713,12.172713728303483,12.269686780838114,3.51123780945179,0.0418534891064207,0.7265122092411316,-3.2011709293758424,-0.7003196004986251,-0.2078726591755,-9.53702122347075,3.2828443496163207,12.14089416685958,-0.27147649290903136
623.51,0.0,3.3000000000000003,12.011250577971769,12.02005561613982,12.189573020719694,12.281385321701096,3.9614382022435657,0.0481686138301282,0.7259859488474893,-3.1938032838648502,-0.7585131414268329,-0.2440525657073315,-9.574605757195013,3.2756305086667217,12.125566134133093,-0.28156892183905935
623.52,0.0,3.3000000000000003,11.975055664754398,11.952198927413246,12.201479301571664,12.311291888251466,4.440838951308747,0.0544837385538356,0.725459688453847,-3.1864356383538586,-0.7535068836045423,-0.2240275344181694,-9.72479349186373,3.268429640471081,12.110006445497694,-0.2592407897896643
623.53,0.0,3.3000000000000003,11.93662214018468,11.982091668745248,12.121409458718086,12.298480713394897,4.920104999999735,0.060798863277543,0.7249334280602048,-3.1790679928428665,-0.7634304932732594,-0.2189536621821729,-9.888198804184125,3.2612418309614717,12.084650995260727,-0.2383713957762145
623.54,0.0,3.3000000000000003,11.898190683994624,12.011578481532258,12.04172096215233,12.28580440492473,5.130104999999735,0.0671139880012504,0.7244071676665624,-3.1717003473318743,-0.8082735426005003,-0.2488490284003335,-10.082518684602167,3.254067166672694,12.059323633150985,-0.22091384147630874
623.5500000000001,0.0,3.3000000000000003,11.860133228453869,11.967666032831383,12.03098680802545,12.297514391244963,5.340194805198742,0.0734291127250296,0.7238809072729142,-3.1643327018207987,-0.8238600451467268,-0.3257562076749435,-10.255214446952596,3.246905734745368,12.039075115138914,-0.1920154670838598
623.5600000000001,0.0,3.3000000000000003,11.82207577291354,11.923753584131008,12.020252653898693,12.309224377565064,5.729805194807902,0.079744237448737,0.7233546468792719,-3.1569650563098066,-0.7686807123151632,-0.5163757210930725,-10.3756057185851,3.2397576229294214,12.018826597127077,-0.13544399793843087
623.57,0.0,3.2924092409241514,11.788079310344695,11.888659310344696,12.012484137931008,12.214529655171946,6.1194155844170615,0.0860593621724444,0.7228283864856296,-3.1495974107988145,-0.6930042068799023,-0.6130042068799023,-10.470358822073628,3.232622919586747,11.975938103448087,-0.08564274770830763
623.58,0.0,3.27740774077414,11.75502,11.8556,12.0054,12.09528,6.35952023988127,0.0923744868961519,0.7223021260919873,-3.142229765287823,-0.5692724573125798,-0.4892724573125798,-10.505003711952478,3.2255017136946464,11.927825,-0.051714151189644314
623.59,0.0,3.262406240624129,11.718567094188352,11.847022845691376,11.942143486973908,12.113506452905824,6.599400299851588,0.0986896116198593,0.7217758656983451,-3.1348621197768307,-0.4897256173609513,-0.4013893739087074,-10.45636318283851,3.2183940948488514,11.905309969939864,-0.041500346550790046
623.6,0.0,3.247404740474117,11.68214985294114,11.838436727941165,11.879041654411733,12.131494779411712,7.079279279281101,0.1050047363435667,0.7212496053047027,-3.1274944742658386,-0.5246470441504762,-0.4063781491643538,-10.191958094289252,3.2113001532666057,11.882780753676437,-0.09272360597338887
623.61,0.0,3.2324032403241065,11.654613088235248,11.827618713235276,11.8544552573529,12.090189632352873,7.559759759760367,0.1113198610672741,0.7207233449110605,-3.120126828754847,-0.5472274222110778,-0.3961371110553886,-9.950093599799398,3.2042199797897153,11.856719172794076,-0.13797488622002613
623.62,0.0,3.217401740174095,11.627076323529357,11.81680069852939,11.829868860294068,12.048884485294034,7.889340988517016,0.1176349857909815,0.7201970845174182,-3.112759183243855,-0.5371085251708677,-0.3455426258543386,-9.76795345307562,3.1971536658875785,11.830657591911711,-0.16740260120405934
623.63,0.0,3.202400240024084,11.59812682700183,11.779104503962706,11.733629942606951,12.04178,8.21884672990431,0.1177550183300405,0.7193585766657259,-3.1071135949957664,-0.5433607784425718,-0.3619585828322234,-9.586556886229712,3.1914726848857664,11.788160318392872,-0.19524754995346535
623.64,0.0,3.1873987398740726,11.568883864443729,11.735824919376714,11.62250668488616,12.04178,8.818049512376195,0.1141659189376284,0.7183331196964653,-3.1024990386340936,-0.5882709580832618,-0.5366092814349069,-9.406916167666951,3.1866183663289847,11.742248867176652,-0.21935504229988168
623.65,0.0,3.1723972397240616,11.527359258337324,11.738950826281744,11.640421348929884,12.002426475858488,9.418199549885196,0.1105768195452163,0.7173076627272047,-3.0978844822724207,-0.6301808721501877,-0.677452923686036,-9.284363230921509,3.1817677133210345,11.72728947735186,-0.23733077955868856
623.66,0.0,3.15739573957405,11.485816202090437,11.742146445993043,11.658529860627246,11.963013832752464,10.018050487376255,0.1069877201528042,0.7162822057579441,-3.0932699259107483,-0.6648686818627737,-0.7369177403361834,-9.299229435084046,3.1769207426520487,11.712376585365798,-0.2405464317419561
623.67,0.0,3.1500000000000004,11.468605531220865,11.763888136067116,11.650826132339231,11.990228536812694,10.61790052486726,0.1033986207603921,0.7152567487886835,-3.0886553695490755,-0.685867500000198,-0.760715000000924,-9.332039999998944,3.1720774712019955,11.718387084109978,-0.24015821744709276
623.6800000000001,0.0,3.1500000000000004,11.451653061509631,11.78582662628165,11.642848499533946,12.01815025163119,10.88898775306276,0.0998095213679392,0.7142312918194113,-3.0840408131873502,-0.6708675000000275,-0.6907150000001281,-9.412039999999854,3.1672379159411146,11.724619609739104,-0.23029268459103355
623.69,0.0,3.1500000000000004,11.3893679989163,11.7296279989163,11.58978858922236,11.949201965880697,11.158920269932178,0.0962204219755271,0.7132058348501507,-3.079426256825678,-0.662785642062673,-0.6413928210313364,-9.479749747219357,3.1624020939306337,11.664496638233913,-0.22246023553655614
623.7,0.0,3.1500000000000004,11.318672087733017,11.658932087733016,11.528364272948355,11.862280763606163,11.72743628185906,0.092631322583115,0.7121803778808901,-3.074811700464005,-0.6728968655207181,-0.646448432760359,-9.515139029322514,3.1575700223229273,11.59206230300514,-0.21997431720504979
623.71,0.0,3.1500000000000004,11.276865588602506,11.69178222444416,11.49191820544834,11.883350467383329,12.297151424288565,0.089042223190703,0.7111549209116295,-3.070197144102333,-0.6636170212766758,-0.672340425531806,-9.586170212765731,3.15274171836224,11.585979121469583,-0.2034158563379196
