t_s,ICU_Brakpresr_bar,ICU_Speed_kmh,ICU_Speedfl_kmh,ICU_Speedfr_kmh,ICU_Speedrl_kmh,ICU_Speedrr_kmh,ICU_SteeringAngle_deg,SBG_GPS1_VELOCITY_ACC_D,SBG_GPS1_VELOCITY_ACC_E,SBG_GPS1_VELOCITY_ACC_N,GPS1_VEL_D_ms,GPS1_VEL_E_ms,GPS1_VEL_N_ms,IMU_ACCEL_X_ms2,IMU_ACCEL_Y_ms2,IMU_ACCEL_Z_ms2,SBG_VELOCITY_ACC_D,SBG_VELOCITY_ACC_E,SBG_VELOCITY_ACC_N,GPS1_VEL_MAG_ms,WHEEL_SPEED_kmh,IMU_ACCEL_LONG_ms2
2430.28,0.0,18.627592472743554,68.83438699674895,68.99172007501849,69.23388363090737,69.92946336584157,-4.32,0.07,0.07,0.07,-0.1257459559540091,-3.4182963847203225,18.331491911908017,0.8104923386076897,-0.4542351168013856,-9.78039437327378,0.08,0.23,0.23,18.647899558276794,69.24736351712909,0.2983333887099073
2430.2900000000004,0.0,18.637549161149,68.9842244561139,69.15547101275305,69.45542901725413,69.85775543885977,-4.32,0.07,0.07,0.07,-0.1228225492106828,-3.42170702592087,18.325645098421365,1.239670000000087,-2.6602925000001427,-9.161830000000396,0.08,0.23,0.23,18.642758181747837,69.36321998124522,0.5782408831080816
2430.3000000000006,0.0,18.64750584955444,69.1159735632184,69.27651045977014,69.64183551724139,69.8012040229885,-4.309502624343991,0.07,0.07,0.07,-0.1198991424673565,-3.4251176671214174,18.31979828493472,1.0596699999999593,-2.365292499999933,-8.341829999999813,0.08,0.23,0.23,18.6376183038147,69.45888089080461,0.3630204762777184
2430.3100000000004,0.0,18.65,69.04111099450287,68.90968387306407,69.4268729985011,69.91777573713124,-4.18953261684596,0.07,0.07,0.07,-0.1169757357240343,-3.42852830832196,18.313951471448068,0.8333325000002745,-1.771205000001249,-7.695384999999874,0.08,0.23,0.23,18.632479925717565,69.32386090079981,0.12740439576895252
2430.3200000000006,0.0,18.65,68.96769268182965,68.5952369407643,69.25179172206897,70.01478970757334,-4.061716287215586,0.07,0.07,0.07,-0.114052328980708,-3.4319389495225074,18.30810465796141,0.3783325000002745,0.2987949999987513,-7.905384999999874,0.08,0.23,0.23,18.62734304869763,69.20737776305907,-0.20885858482272557
2430.3300000000004,0.0,18.65,68.91099685578611,68.88727393151679,69.53848004998719,69.8853520669834,-3.851558669001876,0.07,0.07,0.07,-0.1111289222373816,-3.435349590723055,18.302257844474763,0.0025274999999927,1.6855275000009595,-8.164249999999758,0.08,0.23,0.23,18.622207673997107,69.30552572606837,-0.44008252319995933
2430.3400000000006,0.0,18.65,68.86393761940472,69.15979114778686,69.78645528382134,69.77755440360062,-3.646731634183171,0.07,0.07,0.07,-0.1082055154940594,-3.438760231923597,18.29641103098812,0.017527499999982,-0.2994724999976297,-8.664249999999402,0.08,0.23,0.23,18.617073802859203,69.39693461365339,-0.15296839865957937
2430.3500000000004,0.0,18.65,68.92922394098517,69.20474238559635,69.58310444611176,69.92204052513112,-3.4968065967018287,0.07,0.07,0.07,-0.1052821087507331,-3.4421708731241445,18.290564217501466,0.0915178794696958,-2.0250012503123687,-9.56203050762556,0.08,0.23,0.23,18.611941436528113,69.4097778244561,0.18717465699933444
2430.3600000000006,0.0,18.65,68.9922093206793,69.21501731268745,69.37832913586422,70.07348066433559,-3.354751312171995,0.07,0.07,0.07,-0.1023587020074068,-3.445581514324692,18.284717404014813,0.4566091522881887,-2.470112528132175,-12.42274568642252,0.08,0.23,0.23,18.60681057624909,69.41475910839165,0.789000538918852
2430.3700000000003,0.0,18.65,69.02855297702293,68.82378854145908,69.15706040459571,70.30543870629339,-3.29476630842298,0.07,0.07,0.07,-0.0994352952640846,-3.4489921555252345,18.27887059052817,0.6636700000002536,-2.402290000001152,-14.54227500000068,0.08,0.23,0.23,18.601681223268358,69.32871015734278,1.172249905992135
2430.380000000001,0.0,18.65,69.04750342072428,68.48209458177253,68.96428654182257,70.49979131086167,-3.247820224719028,0.07,0.07,0.07,-0.0965118885207583,-3.452402796725782,18.27302377704152,0.0936700000002535,0.187709999998848,-13.017275000000678,0.08,0.23,0.23,18.596553378833146,69.24841896379526,0.480723629059848
2430.3900000000003,0.0,18.65,68.85941852684158,68.73002466916338,69.11069353308355,70.2465179026219,-3.3377078651684937,0.07,0.07,0.07,-0.0935884817774319,-3.455813437926329,18.267176963554867,-0.3681700000000227,2.1355100000003926,-11.436505000000604,0.08,0.23,0.23,18.591427044191718,69.23666365792761,-0.11614225348528148
2430.4000000000005,0.0,18.65,68.64367867901022,68.92418411808939,69.24459410557922,70.01087472604458,-3.4605397301341663,0.07,0.07,0.07,-0.0906650750341097,-3.459224079126872,18.261330150068225,-0.2981700000000724,0.9255100000012526,-9.581505000001922,0.08,0.23,0.23,18.58630222059334,69.20583290718085,-0.24754785356882592
2430.4100000000003,0.0,18.642648304029493,68.08686106579978,68.45517235926982,69.22424884663499,69.99267107330499,-3.940299850074461,0.07,0.07,0.07,-0.092774499743456,-3.459603642893792,18.244938429964098,-0.3464699999997954,-0.3444849999994918,-7.991835000000093,0.08,0.23,0.23,18.570278478981066,68.93973833625239,-0.3722877485864444
2430.4200000000005,0.0,18.63268665637298,67.56601305847087,68.00649532233909,69.21437773613178,70.00883107945971,-4.407527472526837,0.07,0.07,0.07,-0.0963660851718777,-3.4590905592611603,18.22544125192409,-0.9764699999993478,-1.90948499999838,-7.706835000000296,0.08,0.23,0.23,18.551045866658768,68.69892929910036,-0.4642513068586236
2430.4300000000003,0.0,18.62272500871645,67.47938637181416,67.80329692153938,69.33094945027477,70.43982558220857,-4.737197802197296,0.07,0.07,0.07,-0.0999576706003046,-3.458577475628528,18.205944073884066,-1.713838459614358,-2.835571392849168,-7.821607901974595,0.08,0.23,0.23,18.531814517532577,68.76336458145923,-0.5982067825333077
2430.4400000000005,0.0,18.612763361059923,67.40107682579354,67.62125506623342,69.4253938065484,70.79127488127979,-5.083988005996392,0.07,0.07,0.07,-0.1035492560287314,-3.4580643919958955,18.18644689584403,-2.9791547886967287,-0.6200175043768743,-9.902128032007267,0.08,0.23,0.23,18.51258443553922,68.80975014496379,-0.938643224843987
2430.4500000000003,0.0,18.60280171340341,67.42461094226441,67.69827581104715,69.24888793301692,70.16869052736877,-5.623718140928458,0.07,0.07,0.07,-0.1071408414571532,-3.457551308363264,18.166949717804027,-3.937622500000865,1.181015000000365,-11.67491749999958,0.08,0.23,0.23,18.49335562463158,68.63511630342431,-1.1795019478815585
2430.4600000000005,0.0,18.592840065746884,67.45271974999997,67.76414325000003,69.07061325000008,69.56840400000013,-6.141751313484732,0.07,0.07,0.07,-0.11073242688558,-3.457038224730632,18.147452539764,-3.3926225000004777,0.9510150000002016,-11.939917499999767,0.08,0.23,0.23,18.47412808877863,68.46397006250004,-0.9324592204363273
2430.4700000000003,0.0,18.58287841809036,67.53724974999996,67.69245325000003,68.87052325000008,69.24312400000012,-6.41195396547398,0.07,0.07,0.07,-0.1143240123140069,-3.456525141097999,18.127955361723963,-2.749312500000187,0.4921900000002621,-11.93456500000022,0.08,0.23,0.23,18.454901831965692,68.33583756250005,-0.6695227802497561
2430.4800000000005,0.0,18.57291677043384,67.6225804648836,67.64587656585806,68.66257446638394,68.9184919370163,-6.672293853073319,0.07,0.07,0.07,-0.1179155977424287,-3.4560120574653674,18.10845818368396,-1.624312500000986,-1.0878099999986153,-10.604565000001166,0.08,0.23,0.23,18.435676858194483,68.21238085853548,-0.328711836041781
2430.49,0.0,18.56295512277732,67.71778666333405,67.90903077730538,68.35770068482914,68.60185109722606,-6.82221889055466,0.07,0.07,0.07,-0.1215071831708555,-3.455498973832735,18.088961005643927,-0.605250000000083,-2.160157500000235,-9.435590000000063,0.08,0.23,0.23,18.41645317148304,68.14659230567366,-0.05189504071604897
2430.5000000000005,0.0,18.552993475120783,67.8090073313343,68.13186445777126,68.07219364317844,68.31326180909542,-6.962428785607201,0.07,0.07,0.07,-0.1250987685992824,-3.4549858902001027,18.069463827603897,-0.1052499999997277,-0.7451574999992292,-9.055589999999793,0.08,0.23,0.23,18.39723077586604,68.08158181034486,-0.08863069758626334
2430.51,0.0,18.55,67.85071647676156,67.85380348825626,68.02727610194908,68.37315186406789,-6.9924137931034265,0.07,0.07,0.07,-0.1286903540277041,-3.454472806567471,18.04996664956389,0.2837275000000444,0.5376324999998181,-8.690845000000083,0.08,0.23,0.23,18.378009675394736,68.0262369827587,-0.14659355352060827
2430.5200000000004,0.0,18.55,67.88126158960269,67.60435703574097,68.0020926968256,68.42864,-7.0200000000000005,0.07,0.07,0.07,-0.132281939456131,-3.4539597229348384,18.030469471523865,0.1287275000000443,1.172632499999818,-8.400845000000084,0.08,0.23,0.23,18.35878987413703,67.97908783054231,-0.30856342315907537
2430.53,0.0,18.55,67.77107913521637,67.71560922269416,68.22566680329881,68.42864,-7.0200000000000005,0.07,0.07,0.07,-0.1358735248845528,-3.4534466393022067,18.010972293483857,-0.0474599999995556,1.33472750000342,-8.16847499999992,0.08,0.23,0.23,18.339571376177673,68.03524879030232,-0.4197524481776135
2430.5400000000004,0.0,18.55,67.67635488883329,67.81171536847374,68.43971047714204,68.42536183862109,-7.005524475524738,0.07,0.07,0.07,-0.1394651103129796,-3.4529335556695746,17.991475115443823,-0.3274599999997546,-0.8202724999981112,-8.218474999999955,0.08,0.23,0.23,18.320354185618186,68.08828564326754,-0.2821303141570219
2430.5500000000006,0.0,18.55,67.77792870846861,67.71548753934555,68.53273071196598,68.38045551836125,-6.825704295704488,0.07,0.07,0.07,-0.1430566957414065,-3.452420472036942,17.971977937403793,-0.6319655344654412,-2.581213786213824,-8.231213786213823,0.08,0.23,0.23,18.301138306577133,68.10165061953535,-0.19935233967011803
2430.5600000000004,0.0,18.55,67.84233402149523,67.60541232691868,68.59133562609405,68.36652437390595,-6.657646176911607,0.07,0.07,0.07,-0.1466482811698282,-3.4519073884043103,17.952480759363787,-1.056540959040429,-2.4113836163838283,-8.061383616383829,0.08,0.23,0.23,18.281923743190085,68.10140158710348,-0.3852945686804167
2430.5700000000006,0.0,18.55,67.42406858785338,67.31551480129991,68.20302270432424,68.75483729567576,-6.627661169415338,0.07,0.07,0.07,-0.1502398665982551,-3.451394304771678,17.932983581323757,-1.4811874999996597,-1.7130625000026638,-7.920837499999996,0.08,0.23,0.23,18.26271049960967,67.92436084728833,-0.6217832791487984
2430.5800000000004,0.0,18.55,67.02488542914175,67.03353833333337,67.84773892215567,69.10496542914174,-6.609304652326049,0.07,0.07,0.07,-0.1538314520266819,-3.4508812211390456,17.913486403283727,-1.9061874999999613,1.6119374999996987,-7.9258375,0.08,0.23,0.23,18.243498580005802,67.75278202844314,-1.1094955467151577
2430.5900000000006,0.0,18.55,66.87538443113796,66.85520500000028,67.92462514970047,68.95546443113795,-6.72936468234099,0.07,0.07,0.07,-0.1574230374551037,-3.450368137506414,17.893989225243722,-2.314328842315114,4.089131736528316,-7.892387724551076,0.08,0.23,0.23,18.224287988565685,67.65266975299417,-1.5092073587978168
2430.6000000000004,0.0,18.55,66.7457965188394,66.69092360786924,67.99358706235418,68.80345397132405,-6.84,0.07,0.07,0.07,-0.1579326747164278,-3.447519209659714,17.87366020246371,-2.638680139720558,2.3526047904191665,-7.667836826347306,0.08,0.23,0.23,18.203792474752365,67.55844029009671,-1.4715437727313962
2430.6100000000006,0.0,18.52567702110713,66.89350575525162,66.72232074024672,67.95219993331114,68.61649831943998,-6.84,0.07,0.07,0.07,-0.1506147091108626,-3.438737650933035,17.85121844127331,-2.8837547027839348,0.5456884875831185,-7.657155756208441,0.08,0.23,0.23,18.180033037940316,67.54613118706237,-1.3675713854741647
2430.6200000000003,0.0,18.49083034647554,67.04121499166362,66.75371787262415,67.91081280426816,68.42954266755618,-6.84,0.07,0.07,0.07,-0.1432967435053077,-3.429956092206369,17.828776680082942,-2.7232330072737025,-1.6213544018050157,-8.740677200902509,0.08,0.23,0.23,18.156277444989435,67.53382208402803,-0.9243493823408184
2430.630000000001,0.0,18.4559836718439,67.17516924000006,66.77752300000009,67.85354068000032,68.2497702400001,-6.84,0.07,0.07,0.07,-0.1359787778997425,-3.4211745334796912,17.806334918892542,-2.518617845538624,-3.018050487378204,-9.827803049237668,0.08,0.23,0.23,18.132525711007304,67.51400079000014,-0.5458778961180298
2430.6400000000003,0.0,18.42113699721226,67.12059924000002,66.69727300000002,67.57855068000012,68.16845024000004,-6.84,0.07,0.07,0.07,-0.1286608122941773,-3.412392974753013,17.783893157702142,-2.09872281929492,-0.6536415896011554,-10.932526868283604,0.08,0.23,0.23,18.108777851178388,67.39121829000005,-0.4835412865795613
2430.6500000000005,0.0,18.386290322580663,67.06675609402355,66.64445901475332,67.32407945486368,68.08108826706696,-6.842218890554703,0.07,0.07,0.07,-0.1213428466886224,-3.403611416026348,17.761451396511774,-1.6270817704428089,1.4371567891970949,-11.833045761440388,0.08,0.23,0.23,18.08503388076443,67.27909570767687,-0.40628042184725016
2430.6600000000003,0.0,18.351443647949026,67.02287512378096,66.96767981995488,67.350836144036,67.91091572393104,-6.872203898050971,0.07,0.07,0.07,-0.1140248810830572,-3.3948298572996687,17.739009635321377,-0.9019004751189202,2.187344336083876,-11.733020755188816,0.08,0.23,0.23,18.06129381510483,67.31307670292573,-0.25589510909959884
2430.6700000000005,0.0,18.31659697331743,66.98258577422577,67.25645874125892,67.37349012487516,67.73211756743287,-6.895618904726243,0.07,0.07,0.07,-0.1067069154775024,-3.386048298573003,17.71656787413101,-0.2218000000006569,2.3221000000040988,-11.426450000001878,0.08,0.23,0.23,18.037557669617325,67.33616305194818,-0.08791233549148522
2430.6800000000003,0.0,18.28175029868579,66.99113722277723,67.07687832167844,67.34035326173829,67.43602366133884,-6.8356039009753005,0.07,0.07,0.07,-0.0993889498719371,-3.3772667398463248,17.69412611294061,0.2381999999996698,-0.5478999999979406,-10.111450000000945,0.08,0.23,0.23,18.013825459798248,67.21109811688319,0.1659874529081425
2430.6900000000005,0.0,18.24690362405415,66.98159636452486,66.89463697043738,67.3177645883215,67.1802033178597,-6.77338665333674,0.07,0.07,0.07,-0.0920709842663719,-3.3684851811196466,17.67168435175021,0.4874331417145874,-2.692059485128747,-8.795656085978532,0.08,0.23,0.23,17.990097201223225,67.09355031028586,0.27351188921957453
2430.7000000000003,0.0,18.21205694942256,66.71808304910856,66.67504254092378,67.44324711947212,67.4897268946979,-6.683409147713217,0.07,0.07,0.07,-0.0847530186608171,-3.359703622392981,17.64924259055984,-0.2923719070226122,-1.292409397651722,-7.475986003500195,0.08,0.23,0.23,17.966372909547548,67.08152490105059,-0.33361980525232127
2430.7100000000005,0.0,18.2,66.45811436535597,66.45871088103539,67.56342915878557,67.7952117172722,-6.597810547363189,0.07,0.07,0.07,-0.0774350530552518,-3.350922063666302,17.62680082936944,-1.013750937734315,0.2336684171036905,-6.561410352587854,0.08,0.23,0.23,17.942652600506605,67.06886653061227,-0.8729708643770135
2430.7200000000003,0.0,18.2,66.37183263315083,66.40225493280239,67.42388709805874,67.902797580886,-6.567818045488639,0.07,0.07,0.07,-0.0701170874496866,-3.342140504939624,17.60435906817904,-1.448859714928648,2.3792048011998848,-7.631677919479662,0.08,0.23,0.23,17.918936289916545,67.02519306122448,-1.0802168045832181
2430.7300000000005,0.0,18.2,66.28884986706781,66.34715211938796,67.28736785553038,68.00745236017067,-6.54,0.07,0.07,0.07,-0.0627991218441318,-3.3333589462129583,17.58191730698867,-1.860999999999572,3.737550000003549,-8.820899999997472,0.08,0.23,0.23,17.895223993674684,66.98270555053921,-1.1798920594291797
2430.74,0.0,18.2,66.50247414597432,66.41370842738898,67.42262744920987,67.8485760120392,-6.54,0.07,0.07,0.07,-0.0554811562385665,-3.32457738748628,17.55947554579827,-2.1609999999997846,1.2525500000017828,-10.59089999999873,0.08,0.23,0.23,17.87151572775992,67.04684650865309,-0.7543692622181563
2430.7500000000005,0.0,18.2,66.71423776925043,66.47925328728576,67.556746298286,67.69343804553594,-6.542129467633086,0.07,0.07,0.07,-0.0481631906330013,-3.315795828759601,17.53703378460787,-2.350485121280318,-0.9460340085021308,-12.31846461615405,0.08,0.2283808167141493,0.23,17.847811508233423,67.11091885008952,-0.32793807652023765
2430.76,0.0,18.2,66.82153886927587,66.48801256075721,67.62682048605771,67.7481835047326,-6.572121969507594,0.07,0.07,0.07,-0.0408452250274465,-3.307014270032936,17.514592023417503,-2.0003975994000687,-1.746234058514129,-13.838844711176844,0.08,0.22,0.23,17.824111351239058,67.17113885520584,0.10292818237779766
2430.7700000000004,0.0,18.2,66.9230043290891,66.49087209598443,67.66442000979491,67.78436061704244,-6.597897614314127,0.07,0.07,0.07,-0.0335272594218812,-3.298232711306257,17.492150262227103,-1.5957649999998984,-2.000799999999636,-15.053112499999958,0.08,0.22,0.23,17.800415273003793,67.21566426297773,0.4490481184194536
2430.78,0.0,18.2,66.93767621939271,66.40598473065641,67.21902333986391,67.54437041136197,-6.568076540755515,0.07,0.07,0.07,-0.0262092938163264,-3.289451152579592,17.469708501036735,-0.9257650000003744,0.3991999999986588,-14.778112500000152,0.08,0.22,0.23,17.776723289838447,67.02676367531875,0.3828684954590936
2430.7900000000004,0.0,18.2,66.94096442121084,66.31869589245743,66.78904359970073,67.30780900672158,-6.53824500000004,0.07,0.07,0.07,-0.0188913282107612,-3.2806695938529136,17.447266739846334,-0.4194450000000088,2.327767499999989,-14.164669999999932,0.08,0.22,0.23,17.75303541813796,66.83912823002265,0.25952373521629185
2430.8000000000006,0.0,18.2,66.41355590739414,66.11945267612668,67.07778644261856,67.2310950410755,-6.508245000000018,0.07,0.07,0.07,-0.0115733626051959,-3.271888035126235,17.424824978655934,-0.7094450000000089,1.962767499999989,-11.904669999999932,0.08,0.22,0.23,17.729351674382116,66.71047251680372,-0.14193528529453325
2430.8100000000004,0.0,18.169687141360235,65.89307180352266,65.91895725626448,67.36058410320052,67.15803424460394,-6.472980000000158,0.07,0.07,0.07,-0.018925931821789,-3.270714074545744,17.416429627271285,-1.0002974999996257,1.3940200000019805,-9.88507500000108,0.08,0.22,0.23,17.72089020647721,66.5826618518979,-0.48611162157387944
2430.8200000000006,0.0,18.119789431665083,65.91961608533859,65.61953775738071,67.17371235921632,67.37357381294935,-6.3529800000000725,0.07,0.07,0.07,-0.0302965456075271,-3.2716237236486023,17.41188138175699,-1.2952974999998352,-0.165979999999128,-9.035075000000475,0.08,0.22,0.23,17.716603876651753,66.52161000372125,-0.5516018196132936
2430.8300000000004,0.0,18.06989172196993,65.94616036715453,65.32011825849693,66.98684061523213,67.58911338129475,-6.227711927981981,0.07,0.07,0.07,-0.0416671593932651,-3.2725333727514614,17.407333136242695,-1.6559400000001032,-1.251989999999815,-8.5542075000002,0.08,0.22,0.23,17.7123250236686,66.46055815554459,-0.6325592556736515
2430.8400000000006,0.0,18.019994012274857,65.59807584991239,65.33104038781161,66.72193314530384,67.72193342734808,-6.017659414853981,0.07,0.07,0.07,-0.053037773178987,-3.273443021854319,17.402784890728405,-2.33593999999962,-0.0319900000006818,-9.869207499999266,0.08,0.22,0.23,17.708053652947726,66.34324570259398,-0.7887663922520868
2430.8500000000004,0.0,17.97009630257971,65.25277888032872,65.33978960965604,66.46259551104248,67.84588898305122,-5.82,0.07,0.07,0.07,-0.0644083869647251,-3.274352670957178,17.398236645214112,-2.9486046511628032,0.9893798449612428,-11.031627906976764,0.08,0.22,0.23,17.70378976990483,66.22526324601961,-0.9247978932458473
2430.8600000000006,0.0,17.920198592884557,65.243985865434,65.08149479712378,66.70220516692346,67.22927881355933,-5.82,0.07,0.07,0.07,-0.0757790007504631,-3.2752623200600373,17.393688399699816,-3.23367591897978,1.0443935983996069,-11.45173293323336,0.08,0.22,0.23,17.69953337995134,66.06424116076015,-0.9626728563060691
2430.8700000000003,0.0,17.87030088318948,65.23382806298427,64.85455652086958,66.90207279180238,66.64609220694835,-5.825309999999896,0.07,0.07,0.07,-0.087149614536185,-3.276171969162895,17.389140154185526,-3.324650000000944,0.73432000000231,-11.750410000000322,0.08,0.22,0.23,17.695284488494384,65.90913739565114,-0.915779787922193
2430.880000000001,0.0,17.82040317349433,65.20387555111225,65.08240955761038,66.52552692826829,66.5476768107974,-5.91530999999996,0.07,0.07,0.07,-0.098520228321923,-3.277081618265754,17.384591908671233,-2.47465000000034,-1.3456799999991678,-11.460410000000117,0.08,0.22,0.23,17.69104310093673,65.83987221194707,-0.4579352688499303
2430.8900000000003,0.0,17.770505463799182,65.18929501466253,65.30465000977503,66.1540019941352,66.44471565982423,-6.007080000000027,0.07,0.07,0.07,-0.1098908421076611,-3.277991267368613,17.380043663156936,-1.6280699999997423,-2.754504999999428,-11.155874999999885,0.08,0.22,0.23,17.686809222676814,65.77316566959925,-0.0732301744142893
2430.9000000000005,0.0,17.720607754104105,65.39952961876793,65.44480641251195,65.85590815249324,66.2752728445751,-6.127079999999856,0.07,0.07,0.07,-0.1212614558933829,-3.278900916471471,17.375495417642647,-0.798070000000332,-0.9095050000007384,-10.780875000000153,0.08,0.22,0.23,17.68258285910866,65.74387925708706,-0.043101588889091796
2430.9100000000003,0.0,17.7,65.5994886137885,65.5757392142333,65.56009611564146,66.10737613046713,-6.243539999999931,0.07,0.07,0.07,-0.132632069679121,-3.27981056557433,17.370947172128353,-0.1330850000000255,0.9089900000003196,-10.20665999999971,0.08,0.22,0.23,17.678364015621877,65.71067501853258,-0.09578113692166143
2430.9200000000005,0.0,17.7,65.23885604645498,65.20347333827611,65.38876920682026,66.02382782307902,-6.303539999999888,0.07,0.07,0.07,-0.1440026834648429,-3.280720214677188,17.366398926614064,-0.2680849999998337,2.598989999997918,-8.666660000001897,0.08,0.22,0.23,17.674152697601624,65.46373160365759,-0.549910642376582
2430.9300000000003,0.0,17.7,64.87822347912096,64.83120746231842,65.21744229799882,65.94027951569078,-6.36,0.07,0.07,0.07,-0.1553732972505809,-3.2816298637800463,17.361850681099767,-0.4141999999997779,3.5801950000027265,-7.301080000000578,0.08,0.22,0.23,17.669948910428577,65.21678818878225,-0.9076732204254829
2430.9400000000005,0.0,17.7,64.70090913471512,64.7056564974094,65.4260148704662,65.83837069430058,-6.36,0.07,0.07,0.07,-0.166743911036319,-3.2825395128829054,17.357302435585474,-0.61419999999992,1.125195000000982,-6.781080000000209,0.08,0.22,0.23,17.665752659478922,65.16773779922282,-0.7982534427970767
2430.9500000000003,0.0,17.7,64.55088575616887,64.59534787686286,65.63685915954049,65.7355882922063,-6.352925306020626,0.07,0.07,0.07,-0.1781145248220408,-3.283449161985763,17.352754190071185,-0.8569499999995003,-1.2716649999976513,-6.407284999999629,0.08,0.22,0.2283760683760796,17.66156395012431,65.12967027119464,-0.6871091012357236
2430.9600000000005,0.0,17.7,64.78198275103826,64.68632271194718,65.85017946249685,65.62160832641099,-6.233015238571156,0.07,0.07,0.07,-0.1894851386077789,-3.284358811088622,17.348205944556888,-1.30694999999982,-3.386664999999154,-6.742284999999867,0.08,0.22,0.22,17.657382787731812,65.23502331297331,-0.5676041544078152
2430.9700000000003,0.0,17.7,65.00868343909929,64.77857758444217,66.05185349027634,65.51634313203687,-6.121724137931028,0.07,0.07,0.07,-0.2008557523935169,-3.285268460191481,17.343657699042595,-1.7022300000000403,-4.514994999998865,-7.4227050000007315,0.08,0.22,0.22,17.65320917766393,65.33886441146367,-0.4800452891726383
2430.9800000000005,0.0,17.7,64.99554116683727,64.94066560900697,65.61815850563,65.88651713408349,-6.151709145427254,0.07,0.07,0.07,-0.2122263661792388,-3.286178109294339,17.339109453528305,-1.832229999999948,-0.8599950000014616,-9.777704999999058,0.08,0.22,0.22,17.64904312527854,65.36022060388943,-0.5473595329451967
2430.99,0.0,17.7,64.98385647411851,65.08566728182056,65.21235699424857,66.21902658664688,-6.178305000000016,0.07,0.07,0.07,-0.2235969799649769,-3.287087758397198,17.33456120801401,-1.833953488371968,2.282033008252196,-11.821507876969353,0.08,0.2183806818181923,0.2216193181818076,17.644884635928857,65.37522683420863,-0.5653514516490751
2431.0000000000005,0.0,17.7,64.99348888222055,64.98078106026509,65.21449752938234,66.0006920030008,-6.148304999999994,0.07,0.07,0.07,-0.2349675937507149,-3.287997407500057,17.330012962499715,-1.2137984496122285,2.937196799199985,-12.356641660415256,0.08,0.21,0.23,17.640733714963453,65.2973648687172,-0.3442310458970458
2431.01,0.0,17.694399719986013,64.99823240579715,64.87519171014503,65.22563531884046,65.7843707101451,-6.114913728432159,0.07,0.07,0.07,-0.2463382075364368,-3.288907056602915,17.325464716985426,-0.7041136963300327,2.913955384987506,-12.527673302951838,0.08,0.2114375605033772,0.23,17.63659036772617,65.22085753623193,-0.14476842705062165
2431.0200000000004,0.0,17.684399219961005,64.9320681545894,64.75940427053146,65.36726816908204,65.59724993719817,-6.024891222805746,0.07,0.07,0.07,-0.2577088213221748,-3.289816705705774,17.32091647147113,-0.7281002638522391,-0.3865963060681063,-10.939762532981767,0.08,0.22,0.23,17.632454599556123,65.16399763285027,-0.049932493050349
2431.03,0.0,17.67439871993601,64.86590390338175,64.64361683091808,65.50890101932343,65.41012916425153,-5.938290000000055,0.07,0.07,0.07,-0.2684192563817884,-3.2824669811320843,17.307592674805786,-0.7863351605321652,-3.3277838684423213,-9.441401722788228,0.08,0.22,0.23,17.618155481673156,65.1071377294687,0.009586558129788383
2431.0400000000004,0.0,17.664398219911003,64.63569116000023,64.50677328000015,65.55437282999995,65.6048971599998,-5.908290000000033,0.07,0.07,0.07,-0.2789630965593742,-3.2730330188679284,17.292054384017764,-1.203980683894473,-2.497713390759735,-8.882800835291143,0.08,0.22,0.23,17.601298542200507,65.07543360750003,-0.3015186897130013
2431.0500000000006,0.0,17.654397719886,64.40457116000007,64.36981328000005,65.59931282999999,65.80177715999993,-5.876580000000022,0.07,0.07,0.07,-0.2895069367369601,-3.2635990566037725,17.276516093229745,-1.604880000000111,-1.2834949999989331,-8.576065000000316,0.08,0.22,0.23,17.584450556907093,65.0438686075,-0.6088284116440632
2431.0600000000004,0.0,17.644397219861006,64.242436054422,64.32401809523816,65.40545083900254,65.76961478458054,-5.816580000000065,0.07,0.07,0.07,-0.3000507769145311,-3.2541650943396303,17.260977802441744,-1.9248799999996564,1.7865049999967044,-9.486064999999025,0.08,0.22,0.23,17.567611551555096,64.9353799433108,-0.8978023130624173
2431.0700000000006,0.0,17.634396719835998,64.0810970890842,64.27717156838165,65.21470100376385,65.73502710163127,-5.763419999999975,0.07,0.07,0.07,-0.310594617092117,-3.2447311320754744,17.24543951165372,-2.24059249999972,4.024730000001695,-10.348902499999395,0.08,0.22,0.23,17.550781551991744,64.82699919071524,-1.105982910658227
2431.0800000000004,0.0,17.624396219810993,63.96080599749067,64.07632840652458,65.4628013801755,65.58573726474287,-5.823419999999976,0.07,0.07,0.07,-0.3211384572697029,-3.2352971698113184,17.229901220865703,-2.535592499999929,2.244730000000429,-10.983902499999846,0.08,0.22,0.23,17.533960584149725,64.77141826223341,-0.9238588305990827
2431.0900000000006,0.0,17.614395719786,63.84453860233755,63.876913752798,65.69897872668557,65.436973752798,-5.88,0.07,0.07,0.07,-0.3316822974472738,-3.2258632075471763,17.2143629300777,-2.7002525000004427,0.3215275000024888,-11.514287499999975,0.08,0.2183791469194413,0.23,17.517148674047377,64.71435120865478,-0.6989055826580042
2431.1000000000004,0.0,17.604395219760992,63.95417302163629,63.7576996269586,65.26576310867989,65.3177596269586,-5.88,0.07,0.07,0.07,-0.3422261376248597,-3.2164292452830203,17.19882463928968,-2.2352525000001124,-2.29347249999937,-11.539287499999997,0.08,0.21,0.23,17.50034584778893,64.57384884605835,-0.26704874526672334
2431.1100000000006,0.0,17.6,64.06245071955422,63.63942803474839,64.83325725290956,65.19833893787913,-5.886841140189986,0.07,0.07,0.07,-0.3527699778024456,-3.2069952830188644,17.18328634850166,-1.7788274999998053,-3.949787499998604,-11.50168999999984,0.08,0.21,0.23,17.4835521315649,64.43336873627283,0.052767469472227824
2431.1200000000003,0.0,17.6,63.97826779872167,63.65486157023436,64.50143623996122,65.04961577774161,-6.006861143523768,0.07,0.07,0.07,-0.3633138179800165,-3.197561320754722,17.16774805771366,-1.3638275000001,-0.9747875000007178,-11.161690000000082,0.08,0.21,0.23,17.466767551652282,64.29604534666471,-0.1686737844020765
2431.130000000001,0.0,17.6,63.894084877888986,63.67029510572035,64.16961522701241,64.90089261760387,-6.12688114685772,0.07,0.07,0.07,-0.3738576581576024,-3.1881273584905663,17.152209766925637,-0.9368224999998316,1.6915125000004083,-10.70249749999964,0.08,0.21,0.23,17.4499921344148,64.1587219570564,-0.3720222060430337
2431.1400000000003,0.0,17.6,63.809901957056304,63.685728641206346,63.83779421406361,64.75216945746614,-6.241724137931028,0.07,0.07,0.07,-0.3844014983351883,-3.1786933962264103,17.136671476137618,-0.4518224999998315,2.8665125000004084,-9.66749749999964,0.08,0.21,0.23,17.433225906303296,64.0213985674481,-0.4879658958731891
2431.1500000000005,0.0,17.6,63.583071017754826,63.61781136784208,63.93801562390578,64.64230519629926,-6.271709145427254,0.07,0.07,0.07,-0.3949453385127592,-3.169259433962268,17.121133185349617,-0.1288899999995622,3.244037500003308,-8.70538500000058,0.08,0.21,0.23,17.416468893855942,63.945300801450486,-0.5643800079813933
2431.1600000000003,0.0,17.6,63.349752688172245,63.54610344086028,64.05788559139775,64.53420817204311,-6.298303727795863,0.07,0.07,0.07,-0.4054891786903452,-3.159825471698112,17.105594894561595,-0.5888899999998891,-0.2309624999991619,-8.095385000000148,0.08,0.21,0.23,17.399721123698473,63.87198747311835,-0.44983053325158207
2431.1700000000005,0.0,17.6,63.52278537827678,63.589042022471816,64.3258768838946,64.39865291385794,-6.268281210908233,0.07,0.07,0.07,-0.4160330188679161,-3.15039150943397,17.090056603773597,-0.992300575143664,-3.094561140285156,-7.737526881719623,0.08,0.21,0.2283745247148397,17.3829826225446,63.95908929962528,-0.34169413774657015
2431.1800000000003,0.0,17.6,63.71407626466885,63.63713191011228,64.60052357553015,64.26186390012506,-6.236523476523564,0.07,0.07,0.07,-0.426576859045502,-3.140957547169814,17.074518312985575,-1.1223330832707985,-3.004538634658678,-8.597741935483743,0.08,0.21,0.22,17.36625341719612,64.05339891260908,-0.2645387109740563
2431.1900000000005,0.0,17.6,63.57976014503639,63.712873068266994,64.34741169792473,64.59786608152007,-6.176583416583438,0.07,0.07,0.07,-0.4371206992230879,-3.131523584905658,17.058980022197552,-1.2566600000000785,-2.370999999998356,-9.509520000000588,0.08,0.21,0.22,17.349533534543365,64.05947774818705,-0.23753873647353296
2431.2000000000003,0.0,17.6,63.42992268567165,63.78993233308315,64.06914213053305,64.95640571642856,-6.121679580104952,0.07,0.07,0.07,-0.4476645394006588,-3.122089622641516,17.043441731409555,-1.4116599999998585,0.8789999999970255,-10.66951999999894,0.08,0.21,0.22,17.332823001565423,64.0613507164291,-0.451984776397478
2431.2100000000005,0.0,17.584389683095104,63.49924327130256,63.5081627326154,63.989564221351685,64.76536766895224,-6.151672081979481,0.07,0.07,0.07,-0.4508204020338803,-3.11876939694918,17.025642964407094,-1.5236681659171194,3.2846226886570333,-11.56983008495781,0.08,0.21,0.22,17.314805223787577,63.940584473555475,-0.6034930091516149
2431.2200000000003,0.0,17.554398680395895,63.57889067580798,63.20948496572007,63.91934874632717,64.54843329089142,-6.178336247814165,0.07,0.07,0.07,-0.4518742260979533,-3.11718866085307,17.007201043285818,-1.4287156421789362,1.625452273863514,-11.220004997501343,0.08,0.21,0.22,17.296414159885998,63.814039419686665,-0.45202156552674866
2431.2300000000005,0.0,17.52440767769673,63.41822145008957,63.17551911667093,64.08383138115883,64.34599968343143,-6.14835873095184,0.07,0.07,0.07,-0.4529280501620248,-3.115607924756963,16.988759122164563,-1.3320360180091184,-0.0742071035497217,-10.752071035518886,0.08,0.21,0.22,17.27802341329475,63.75589290783769,-0.31363437446280445
2431.24,0.0,17.49441667499752,63.23465239213689,63.1667777329589,64.27067845800353,64.14494785805469,-6.113520000000159,0.07,0.07,0.07,-0.4539818742260979,-3.1140271886608533,16.970317201043287,-1.2269834917458955,-1.970155077538364,-9.711550775387916,0.08,0.21,0.22,17.259632985028116,63.704264110288506,-0.23867902768472904
2431.2500000000005,0.0,17.46442567229831,63.18638889278559,63.16023982965932,64.23619880761524,64.26679030060116,-5.993520000000074,0.07,0.07,0.07,-0.4550356982901709,-3.112446452564744,16.951875279922007,-1.1973904382471896,-3.103147410357214,-8.855996015936274,0.08,0.21,0.221621621621623,17.24124287610473,63.71240445766533,-0.2404069319399843
2431.26,0.0,17.434434669599145,63.14457526553114,63.15380696392786,64.19116874749507,64.40402476953882,-5.88,0.07,0.07,0.07,-0.4560895223542425,-3.1108657164686364,16.933433358800755,-1.5310557768921849,-0.5633067729102361,-8.890856573705154,0.08,0.21,0.23,17.222853087547588,63.723393936623225,-0.6112844400050166
2431.2700000000004,0.0,17.404443666899937,62.85924647367136,63.03989782879971,63.85758771649646,64.298125435488,-5.88,0.07,0.07,0.07,-0.4571433464183155,-3.109284980372527,16.91499143767948,-1.8412459262972287,1.8025670594126992,-9.086096766106325,0.08,0.21,0.23,17.20446362038395,63.513714363613886,-0.9319171805102442
2431.28,0.0,17.37445266420077,62.56337425006284,62.92133531320207,63.511513346643895,64.18169918143268,-5.886478380404739,0.07,0.07,0.07,-0.458197170482387,-3.10770424427642,16.896549516558228,-2.0317698671344275,3.2816344948593703,-10.098881925293536,0.08,0.21,0.23,17.18607447564556,63.29448052283537,-0.9964241546701168
2431.2900000000004,0.0,17.344461661501562,62.65015125437272,62.72194552723657,63.82685394302816,64.06513401299361,-6.006448387902941,0.07,0.07,0.07,-0.4592509945464601,-3.10612350818031,16.878107595436948,-2.153511889862375,3.814180225282501,-10.96206257822275,0.08,0.21,0.23,17.167685654368462,63.31602118440777,-0.9620509816371903
2431.3000000000006,0.0,17.314470658802353,62.754958850574674,62.518747126436864,64.17336068965504,63.94856229885062,-6.124811391456401,0.07,0.07,0.07,-0.4603048186105331,-3.1045427720842005,16.85966567431567,-1.9382428035043424,-0.2909511889869609,-11.092225281602026,0.08,0.21,0.23,17.149297157593207,63.348907241379294,-0.4431942555431256
2431.3100000000004,0.0,17.3,62.81229282698366,62.48958383887409,63.88710354282987,63.7886339432179,-6.214743942043375,0.07,0.07,0.07,-0.4613586426746047,-3.102962035988093,16.84122375319442,-1.7282514342730326,-3.665974058368781,-11.130496383138262,0.08,0.21,0.23,17.130908986364787,63.24440353797638,-0.015935979029493896
2431.3200000000006,0.0,17.3,62.867337719000176,62.46881218150936,63.57033576801782,63.62661501577305,-6.3,0.07,0.07,0.07,-0.4624124667386777,-3.101381299891983,16.82278183207314,-1.543666749812937,-3.5262883512097902,-10.726405587428324,0.08,0.21,0.23,17.1125211417326,63.1332751710751,-0.029628378401610617
2431.3300000000004,0.0,17.3,62.76735042661255,62.56953628237679,63.314218786186,63.788041848654046,-6.3,0.07,0.07,0.07,-0.4634662908027507,-3.0998005637958737,16.804339910951864,-1.323217044604808,-2.707109394465604,-10.385826065287802,0.08,0.21,0.23,17.094133624750608,63.109786835957344,-0.09232106232544549
2431.3400000000006,0.0,17.3,62.64888420010172,62.684741970543286,63.06533102590178,63.98802153377324,-6.30690690690675,0.07,0.07,0.07,-0.4645201148668223,-3.0982198276997663,16.78589798983061,-0.9245128332919872,1.4892524296018363,-10.36090705208075,0.08,0.21,0.23,17.0757464364773,63.09674468258,-0.39855247394531346
2431.3500000000004,0.0,17.3,62.40995856929983,62.451664649776745,62.91189275211144,63.67387307998053,-6.457057057056948,0.07,0.07,0.07,-0.4655739389308954,-3.096639091603657,16.767456068709333,-0.6173836918459038,4.827173586793524,-10.154757378689474,0.08,0.2083904270295728,0.2283904270295728,17.05735957797563,62.86184726279214,-0.6737000240863599
2431.3600000000006,0.0,17.3,62.16119552906136,62.19014453055169,62.76624943368122,63.317737958271614,-6.6000000000000005,0.07,0.07,0.07,-0.4666277629949684,-3.095058355507548,16.749014147588053,-0.7874687343671914,3.6916058029013983,-9.00418209104547,0.08,0.2,0.22,17.0389730503132,62.60883186289147,-0.7868639731024207
2431.3700000000003,0.0,17.3,62.10507316533819,62.12787745435851,63.04828380560505,63.26415087168942,-6.6000000000000005,0.07,0.07,0.07,-0.4676815870590399,-3.09347761941144,16.7305722264668,-0.9462854988689534,2.094279969846001,-8.074199547624803,0.08,0.2,0.22,17.020586854562207,62.636346324247796,-0.8148443273822263
2431.380000000001,0.0,17.3,62.06765480586271,62.084956394960166,63.37184256106951,63.23993899202881,-6.597060000000007,0.07,0.07,0.07,-0.4687354111231129,-3.0918968833153304,16.712130305345525,-1.0468132696657324,-1.891646142246283,-8.285307866298039,0.08,0.2,0.22,17.002200991799388,62.691098188480304,-0.4021836175294755
2431.3900000000003,0.0,17.3,62.17031770411892,62.18542027297098,63.247352113088006,63.129190002437255,-6.537060000000007,0.07,0.07,0.07,-0.469789235187186,-3.090316147219221,16.693688384224245,-1.1669581464874483,-4.871128550073411,-8.601816143498349,0.08,0.2,0.22,16.983815463106193,62.68307002315379,-0.0848133041569499
2431.4000000000005,0.0,17.3,62.27776103826455,62.29077732878369,63.10757146478204,63.01548783329285,-6.481469265367272,0.07,0.07,0.07,-0.4696190294775944,-3.0892380589551887,16.67704700223821,-1.3812082710512363,-3.0225984055811934,-9.42393871449893,0.08,0.2,0.22,16.967257601999425,62.672899416280785,-0.22456068983941052
2431.4100000000003,0.0,17.28239180295175,62.248607510633015,62.32712896672501,62.7722543207409,63.134301951463456,-6.51145427286354,0.07,0.07,0.07,-0.4691428163245869,-3.088285632649173,16.660855755035954,-1.5359182137481282,-0.9352533868542084,-10.31926241846454,0.08,0.2,0.22,16.951156822501847,62.62057318739059,-0.3580679858248797
2431.4200000000005,0.0,17.247489529317956,62.20684618964233,62.35711145359013,62.41888929697349,63.274577157868094,-6.538561438561493,0.07,0.07,0.07,-0.46866660317158,-3.08733320634316,16.644664507833724,-1.3904089312595662,2.3562669342663645,-11.583687907675492,0.08,0.2,0.22,16.935056282465,62.56435602451851,-0.4601109020379347
2431.4300000000003,0.0,17.212587255684113,62.23766618705031,62.11757985611549,62.653765323740586,63.1823530215829,-6.508591408591451,0.07,0.07,0.07,-0.4681903900185725,-3.0863807800371448,16.628473260631466,-1.2329125000001364,4.54697500000196,-12.42386250000076,0.08,0.2,0.22,16.918955982572452,62.54784109712233,-0.5078673943837182
2431.4400000000005,0.0,17.17768498205027,62.2750557040082,61.853653854059786,62.941884542651394,63.06908477903399,-6.48,0.07,0.07,0.07,-0.467714176865565,-3.08542835373113,16.612282013429212,-1.0179124999999836,1.4569749999997643,-11.22886249999991,0.08,0.2,0.22,16.902855923510465,62.534919719938344,-0.29520640411776455
2431.4500000000003,0.0,17.142782708416473,62.13703529440532,61.797262584901134,62.89439504519922,62.89217295871029,-6.48,0.07,0.07,0.07,-0.4672379637125581,-3.084475927425116,16.59609076622698,-0.8657398657049475,-1.3222208405860474,-10.07269087291784,0.08,0.2,0.22,16.886756105967887,62.43021647080399,-0.1300863949726992
2431.4600000000005,0.0,17.10788043478263,61.993776071341486,61.747069572440815,62.83688221842177,62.7133603518204,-6.47430427179622,0.07,0.07,0.07,-0.4667617505595506,-3.0835235011191013,16.57989951902472,-1.0149564784879068,-2.610457597612262,-9.102782889828609,0.08,0.2,0.22,16.870656530636126,62.32277205350612,-0.19302529526207673
2431.4700000000003,0.0,17.072978161148786,61.699104868990304,61.678858977359496,62.71074400407031,62.92231384380548,-6.35439420434675,0.07,0.07,0.07,-0.4662855374065431,-3.082571074813086,16.563708271822467,-1.2051419954763385,-3.166421211358932,-8.331528022116167,0.08,0.2,0.22,16.854557198209296,62.2527554235564,-0.31580289062555894
2431.4800000000005,0.0,17.038075887514992,61.3920684914785,61.60917696260505,62.57900144492517,63.16293455100444,-6.248277930517187,0.07,0.07,0.07,-0.4658093242535362,-3.0816186485070727,16.547517024620234,-1.6072530786625951,0.0655466197506089,-8.587873837647406,0.08,0.2,0.22,16.838458109384142,62.18579536250329,-0.7481164518651734
2431.49,0.0,17.00317361388115,61.1638849024514,61.50570895447732,62.47401559779898,62.9315388194099,-6.428232941764488,0.07,0.07,0.07,-0.4653331111005288,-3.080666222201057,16.53132577741798,-1.996939234808497,2.9013278319574094,-8.896624156038662,0.08,0.2,0.22,16.822359264860005,62.0187870685344,-1.1271297278305938
2431.5000000000005,0.0,16.968271340247306,60.9390724962481,61.40079649824912,62.37017367683841,62.67996303151573,-6.598637384576985,0.07,0.07,0.07,-0.4648568979475213,-3.0797137958950427,16.51513453021572,-2.327021755438916,3.836561640410261,-9.456764191047856,0.08,0.2,0.22,16.80626066533895,61.84750142571284,-1.250456128056084
2431.51,0.0,16.95,61.11675190569719,61.1120514734778,62.60213473477374,62.66687288801572,-6.568689792862522,0.07,0.07,0.07,-0.4643806847945144,-3.078761369589029,16.498943283013492,-2.535990000000176,3.88945500000198,-10.01514999999974,0.08,0.2,0.22,16.79016231152576,61.87445275049111,-1.2416264826809618
2431.5200000000004,0.0,16.95,61.31120180746536,60.815646758350105,62.84808758349672,62.66371964636543,-6.538738423028812,0.07,0.07,0.07,-0.4639044716415069,-3.077808943283014,16.482752035811234,-2.1659899999999133,-0.2755450000009798,-10.565150000000129,0.08,0.2,0.22,16.77406420412779,61.9096639489194,-0.6010451048666058
2431.53,0.0,16.95,61.40738592630224,60.91673640660712,62.479850597205385,62.42830732401574,-6.508700876095176,0.07,0.07,0.07,-0.4634282584885,-3.076856516977,16.466560788609,-1.8106950000001707,-3.693185000000093,-11.009620000000035,0.08,0.2,0.2215830648872436,16.75796634385524,61.808070063532625,-0.05908592979372651
2431.5400000000004,0.0,16.95,61.49548757814476,61.050520396442046,62.06109583227489,62.17379144091513,-6.482667999000659,0.07,0.07,0.07,-0.4629520453354925,-3.0759040906709854,16.450369541406747,-1.5256950000001706,-3.5381850000000927,-10.949620000000037,0.08,0.2,0.23,16.741868731420922,61.6952238119442,0.01142491194601844
2431.5500000000006,0.0,16.95,61.36014455300944,61.22335053638867,61.80679720473453,62.211173674137456,-6.542623032725395,0.07,0.07,0.07,-0.462475832182485,-3.07495166436497,16.43417829420449,-1.2035000000002376,-2.634095000002132,-10.844640000000153,0.08,0.2,0.2283696682464525,16.725771367540446,61.650366492067526,0.009726257841306402
2431.5600000000004,0.0,16.95,61.21463964240776,61.397956429110685,61.55997776378797,62.261830939309895,-6.602579355161091,0.07,0.07,0.07,-0.4619996190294781,-3.0739992380589567,16.41798704700226,-0.703500000000593,1.8509049999946816,-10.52464000000038,0.08,0.2,0.22,16.709674252932174,61.60860119365408,-0.337158830156644
2431.5700000000006,0.0,16.95,61.08907286748206,61.205960554030696,61.45947605190928,62.13261847267299,-6.662564358910192,0.07,0.07,0.07,-0.4615234058764706,-3.073046811752941,16.401795799800002,-0.2943249999999881,5.29098500000074,-10.062780000000542,0.08,0.2,0.22,16.693577388317152,61.47178198652376,-0.6273590679775447
2431.5800000000004,0.0,16.95,60.96410156725735,61.003015707511935,61.36334428250565,61.99803399550791,-6.72,0.07,0.07,0.07,-0.4610471927234631,-3.0720943854469263,16.385604552597748,-0.3193250000000059,3.7359849999996335,-8.922779999999731,0.08,0.2,0.22,16.677480774419283,61.33212388819571,-0.6465860624630476
2431.5900000000006,0.0,16.95,60.86834054739996,61.05720952475733,61.63737901965629,61.90196054739996,-6.72,0.07,0.07,0.07,-0.4605709795704563,-3.071141959140913,16.369413305395515,-0.3841149999998474,1.8574750000020488,-8.066499999999701,0.08,0.2,0.22,16.661384411965233,61.366222409803385,-0.6025977805969928
2431.6000000000004,0.0,16.95,60.77356075143075,61.12004107489422,61.9238482906194,61.80718075143075,-6.717510622344475,0.07,0.07,0.07,-0.4600947664174488,-3.0701895328348976,16.35322205819326,-0.6391149999998474,-1.5675249999979508,-8.566499999999701,0.08,0.2,0.22,16.645288301684424,61.40615771709378,-0.2564185533960866
2431.6100000000006,0.0,16.934599166583983,60.88759428782287,60.97541430750308,61.83097841082411,61.6993070799508,-6.657525618595376,0.07,0.07,0.07,-0.4559948998724975,-3.064392859821497,16.33317857946449,-0.9191999999998098,-4.246895000000421,-9.00248999999994,0.08,0.2,0.22,16.62441449966622,61.34832352152522,-0.005883865751867889
2431.6200000000003,0.0,16.899873499355124,61.01078247970468,60.821692290283046,61.72147779581805,61.59085935547365,-6.604915084914943,0.07,0.07,0.07,-0.450994774869377,-3.057392684817128,16.312178054451383,-1.3191999999995256,-3.361895000001049,-9.132489999999846,0.08,0.2,0.22,16.60235523039602,61.28620298031986,-0.2125632487068448
2431.630000000001,0.0,16.865147832126215,60.79959438186827,60.78983577609891,61.59769606456051,61.63787140453293,-6.724795204795138,0.07,0.07,0.07,-0.4459946498662493,-3.0503925098127493,16.291177529438247,-1.7183520880218233,-2.0537659414869087,-9.265091272818138,0.08,0.2,0.22,16.580297674870156,61.20624940676515,-0.46256270920608183
2431.6400000000003,0.0,16.830422164897307,60.5614899862638,60.7677890728022,61.472764745879154,61.69739750343405,-6.844675324675333,0.07,0.07,0.07,-0.4409945248631218,-3.0433923348083707,16.27017700442511,-2.113450862715809,1.2770667666927666,-9.41012753188302,0.08,0.2,0.22,16.558241839937395,61.1248603270948,-0.9196471646706955
2431.6500000000005,0.0,16.795696497668448,60.32870135440159,60.74401110609502,61.34830266365701,61.75404762979706,-6.96114057028512,0.07,0.07,0.07,-0.4359943998600012,-3.0363921598040022,16.249176479412007,-2.3306950000002,4.035204999999991,-9.6930899999997,0.08,0.2,0.22,16.536187732482507,61.04376568848767,-1.2365801076868639
2431.6600000000003,0.0,16.760970830439543,60.48435723601688,60.59372266867335,61.258129601204,61.60053872585921,-6.991155577788877,0.07,0.07,0.07,-0.4309942748568736,-3.029391984799624,16.22817595439887,-1.7006949999997518,4.065205000000012,-10.63309000000037,0.08,0.2,0.22,16.5141353594264,60.98418705793836,-0.885874866043972
2431.6700000000005,0.0,16.726245163210685,60.6369,60.44231083229238,61.170594391402055,61.44903026743326,-7.017660584853896,0.07,0.07,0.07,-0.4259941498537531,-3.0223918097952547,16.207175429385764,-1.1643850000000395,3.3465525000018843,-11.350142500000151,0.08,0.2,0.22,16.492084727726592,60.92470887278192,-0.5225255402705591
2431.6800000000003,0.0,16.691519495981776,60.6369,60.2358524468886,61.21231396150956,61.39554363909031,-6.957675581104796,0.07,0.07,0.07,-0.4209940248506255,-3.015391634790876,16.186174904372628,-1.0743850000000394,-0.9384474999981158,-11.005142500000153,0.08,0.2,0.22,16.470035844377175,60.870152511872114,-0.09894373303082574
2431.6900000000005,0.0,16.656793828752868,60.63260073518399,60.032835633908505,61.25042339084784,61.34648097524365,-6.897689422355623,0.07,0.07,0.07,-0.4159938998474979,-3.0083914597864974,16.16517437935949,-1.0503149999999082,-4.079215000000732,-10.636720000000151,0.08,0.2,0.22,16.447988716409284,60.815585183796,0.17997129922697278
2431.7000000000003,0.0,16.62206816152401,60.41212561640444,60.00286814203555,61.10700753688444,61.51986432108,-6.837674418604723,0.07,0.07,0.07,-0.4109937748443774,-3.0013912847821285,16.144173854346384,-1.3403149999997022,-1.7692150000023732,-10.156720000000494,0.08,0.2,0.22,16.425943350891245,60.76046640410111,-0.23026115856038307
2431.7100000000005,0.0,16.6,60.19336022528171,59.9723001001252,60.96489584480607,61.6861803003756,-6.78,0.07,0.07,0.07,-0.4059936498412498,-2.99439110977775,16.123173329333248,-1.5600475000000364,0.3447299999996265,-9.751325000000016,0.08,0.2,0.22,16.403899754928716,60.704184117647145,-0.5852192733851935
2431.7200000000003,0.0,16.6,60.05837148936176,59.912305106383,60.886688085106414,61.506195319149,-6.78,0.07,0.07,0.07,-0.4009935248381222,-2.987390934773371,16.102172804320112,-1.4450474999999547,1.5247300000004649,-9.70132499999998,0.08,0.2,0.22,16.381857935665124,60.590890000000044,-0.6768676218747526
2431.7300000000005,0.0,16.6,59.92843977528077,59.85459775280893,60.81521730337048,61.32932224719107,-6.781124156882312,0.07,0.07,0.07,-0.3959933998350017,-2.9803907597690027,16.081172279307008,-1.3465300000000089,2.343850000000396,-9.63224000000007,0.08,0.2,0.22,16.359817900281822,60.48189426966281,-0.7394138039631162
2431.74,0.0,16.6,60.01820756554297,59.89627565543066,61.03643078651662,61.28764434456934,-6.81110167374468,0.07,0.07,0.07,-0.3909932748318741,-2.973390584764624,16.060171754293872,-1.3265300000000089,1.443850000000396,-9.47224000000007,0.08,0.2,0.22,16.337779655998222,60.5596395880149,-0.6633263230512981
2431.7500000000005,0.0,16.6,60.10551924302791,59.93588374501997,61.250598286852686,61.24746075697209,-6.841078651685395,0.07,0.07,0.07,-0.3859931498287465,-2.9663904097602454,16.039171229280736,-1.2978580354911504,0.6392901774557518,-9.550749812546462,0.08,0.1983617424242469,0.22,16.315743210072263,60.634865507968165,-0.5581550911768312
2431.76,0.0,16.6,60.072481394422354,59.874070996016016,61.11951262948224,61.28049860557765,-6.871041198501841,0.07,0.07,0.07,-0.380993024825626,-2.9593902347558765,16.01817070426763,-1.227875531117299,0.2893776555864955,-10.765446138464023,0.08,0.19,0.22,16.29370856980055,60.58664090637457,-0.31443792171940743
2431.7700000000004,0.0,16.6,60.038898915662685,59.81252301204821,60.987086506024205,61.30932409638568,-6.897987987988033,0.07,0.07,0.07,-0.3759928998224984,-2.952390059751498,15.997170179254493,-1.1717304326081472,-0.0406651662914643,-11.737121780445198,0.08,0.19,0.22,16.271675742518518,60.5369581325302,-0.11421216931649197
2431.78,0.0,16.6,59.96047522088364,59.77277401606431,60.744295341365785,60.99133212851447,-6.837927927928039,0.07,0.07,0.07,-0.3709927748193779,-2.9453898847471294,15.976169654241389,-1.181732933233297,-0.2757239309824888,-11.54707426856735,0.08,0.19,0.22,16.249644735600906,60.36721917670705,-0.12189047416509768
2431.7900000000004,0.0,16.6,59.88064465616416,59.73311362340588,60.50492584146042,60.67886519129785,-6.78,0.07,0.07,0.07,-0.3659926498162503,-2.9383897097427507,15.955169129228253,-1.1952049999999903,-0.2991025000003118,-11.29110500000018,0.08,0.19,0.22,16.227615556461764,60.19938732808208,-0.1627217122406156
2431.8000000000006,0.0,16.6,59.73187746436619,59.69779479369845,60.43321791447867,60.637124756189074,-6.78,0.07,0.07,0.07,-0.3609925248131227,-2.931389534738372,15.934168604215117,-1.225205000000012,0.6858975000003882,-10.721104999999776,0.08,0.19,0.22,16.205588212554932,60.125003732183096,-0.3614832057173871
2431.8100000000004,0.0,16.582207947415622,59.58504131500011,59.66026071000029,60.363528374999945,60.592006545000416,-6.775804195804398,0.07,0.07,0.07,-0.3485668774666163,-2.9208535019732933,15.9101825876088,-1.1389600000002815,1.1477950000008927,-10.255204999999988,0.08,0.19,0.22,16.17982676109688,60.05020923625018,-0.4510588846350366
2431.8200000000006,0.0,16.53739169405438,59.53047131500007,59.51688071000019,60.390278374999966,60.38549654500027,-6.655924075924231,0.07,0.07,0.07,-0.3343022205316078,-2.9094417764252865,15.885457182254786,-0.4989600000002815,-0.8822049999991073,-10.285204999999989,0.08,0.19,0.22,16.15315323131404,59.955781736250124,-0.020507325897881915
2431.8300000000004,0.0,16.492575440693145,59.46861889500024,59.37203106500013,60.41819092999995,60.19050241999979,-6.538020494876334,0.07,0.07,0.07,-0.3200375635965993,-2.89803005087728,15.860731776900773,-0.1817229307323137,-2.284066016504608,-9.961177794449222,0.08,0.19,0.22,16.12649418555349,59.86233582750003,0.18275990438057316
2431.8400000000006,0.0,16.44775918733197,59.05880889500053,59.15696106500028,60.50165092999989,60.545742419999534,-6.478035491127319,0.07,0.07,0.07,-0.305772906661611,-2.886618325329289,15.836006371546793,-1.4020280070006108,-0.6936684171057612,-7.950675168794076,0.08,0.19,0.22,16.099849695765666,59.81579082750006,-0.6966846663292969
2431.8500000000004,0.0,16.402942933970735,58.65235571428587,58.94586326530614,60.57479632653087,60.887367346938966,-6.419025974026006,0.07,0.07,0.07,-0.2915082497266025,-2.8752065997812823,15.811280966192776,-2.3830300000000246,0.981919999999672,-6.5275099999997845,0.08,0.19,0.22,16.07321983433856,59.765095663265456,-1.4157381394454944
2431.8600000000006,0.0,16.358126680609498,58.40629299651583,58.92455913389748,60.15510493778024,60.57845744151338,-6.389055944055964,0.07,0.07,0.07,-0.277243592791594,-2.8637948742332755,15.786555560838764,-2.2280299999999142,3.06192000000115,-7.892510000000755,0.08,0.19,0.22,16.046604674100937,59.51610362742673,-1.3733947929429269
2431.8700000000003,0.0,16.313310427248325,58.1669254450255,58.89992906507169,59.74212977312357,60.27004445774176,-6.361829999999899,0.07,0.07,0.07,-0.2629789358566058,-2.8523831486852846,15.761830155484784,-2.145239999999927,4.353700000000689,-8.92778000000015,0.08,0.19,0.22,16.020004288325193,59.26975718524063,-1.32323990039597
2431.880000000001,0.0,16.26849417388709,58.50305109947594,58.58941298429366,59.90645787085491,60.00434513089045,-6.421829999999942,0.07,0.07,0.07,-0.2487142789215973,-2.840971423137278,15.737104750130769,-2.4052399999999268,1.9037000000006887,-8.397780000000148,0.08,0.19,0.22,15.993418750730267,59.25081677137874,-1.2360026111091376
2431.8900000000003,0.0,16.22367792052585,58.83744940646126,58.28243212622063,60.06823720510919,59.74022070623592,-6.48,0.07,0.07,0.07,-0.2344496219865888,-2.829559697589271,15.712379344776751,-2.5312600000000804,-0.4880099999996664,-8.163579999999815,0.08,0.19,0.22,15.96684813548492,59.232084861006754,-1.065067430855269
2431.9000000000005,0.0,16.17886166716468,58.8856838166791,58.56111982970148,59.80777138993285,59.73700507888806,-6.48,0.07,0.07,0.07,-0.2201849650516005,-2.8181479720412805,15.687653939422772,-2.021260000000443,-2.603009999998164,-9.333579999998983,0.08,0.19,0.22,15.940292517210654,59.24789502880037,-0.4968077796889502
2431.9100000000003,0.0,16.150000000000002,58.93414361856954,58.83867008281034,59.54966776411545,59.732544592221,-6.477300000000038,0.07,0.07,0.07,-0.205920308116592,-2.8067362464932737,15.66292853406876,-1.4903525881471276,-4.082843210802922,-10.470562640660024,0.08,0.19,0.22,15.913751970984697,59.263756514429076,0.007429241139984652
2431.9200000000005,0.0,16.150000000000002,59.00610346800486,58.99762616813014,59.53785346047681,59.59829114178197,-6.387300000000102,0.07,0.07,0.07,-0.1916556511816038,-2.795324520945284,15.63820312871478,-0.860195048762679,-2.5474593648424007,-11.450807701924722,0.08,0.19,0.22,15.887226572343348,59.28496855959845,0.20774274093731407
2431.9300000000003,0.0,16.150000000000002,59.07867902902884,59.15388,59.51717231231322,59.46560987987995,-6.296402697976569,0.07,0.07,0.07,-0.1773909942465953,-2.7839127953972764,15.613477723360765,-0.2632391902025095,-0.5481554611352898,-12.182366908272993,0.08,0.19,0.22,15.860716397284813,59.3038353053055,0.31103058994796906
2431.9400000000005,0.0,16.150000000000002,59.18685720720713,59.15388,58.98377891891928,59.423838108108136,-6.1764926305271,0.07,0.07,0.07,-0.1631263373115868,-2.7725010698492696,15.588752318006753,0.1766508372905824,3.6457960509863474,-11.73747813046748,0.08,0.19,0.22,15.834221522272605,59.187088558558635,-0.044676831670046435
2431.9500000000003,0.0,16.150000000000002,59.28991247064719,59.147704311766525,58.46949912565525,59.38529777167111,-6.064274999999864,0.07,0.07,0.07,-0.1488616803765985,-2.7610893443012787,15.564026912652771,0.4703825956495384,6.60092273068725,-11.144613653415382,0.08,0.19,0.22,15.807742024238577,59.073103419935016,-0.3430440195152031
2431.9600000000005,0.0,16.150000000000002,59.1284635573321,58.8226680889335,58.94208468648485,59.51360154384204,-6.214274999999863,0.07,0.07,0.07,-0.13459702344159,-2.749677618753272,15.539301507298756,0.0702825706429707,3.675191297826724,-9.849289822456615,0.08,0.19,0.22,15.781277980586028,59.101704469148125,-0.3692098677256644
2431.9700000000003,0.0,16.150000000000002,58.96586944250874,58.498212334494816,59.40712700348431,59.63664013937285,-6.3582912815389,0.07,0.07,0.07,-0.1203323665065815,-2.738265893205265,15.51457610194474,-0.26698,0.589047499999996,-8.684897499999998,0.08,0.19,0.22,15.754829469193094,59.12696222996518,-0.337778402383479
2431.9800000000005,0.0,16.150000000000002,58.73898044300682,58.206345734196574,59.44867005973114,59.46407667496294,-6.298336247814251,0.07,0.07,0.07,-0.1060677095715933,-2.7268541676572746,15.489850696590764,-0.3069799999999716,-3.255952499997272,-8.139897500000387,0.08,0.19,0.22,15.7283965684159,58.96451822797437,-0.033873685822528615
2431.99,0.0,16.150000000000002,58.51417523594375,57.91777270582314,59.48916600401619,59.296979608433,-6.237570607348287,0.07,0.07,0.07,-0.0918030526365848,-2.715442442109268,15.465125291236747,-0.5179900000000011,-5.940527499999996,-7.758055000000001,0.08,0.19,0.22,15.701979357091648,58.80452338855402,0.11662932687563637
2432.0000000000005,0.0,16.150000000000002,58.53243828815259,58.01338515562239,59.40751941767076,59.76752177710796,-6.147593101724636,0.07,0.07,0.07,-0.0775383957015763,-2.704030716561261,15.440399885882732,-1.5379900000007258,-3.135527499998004,-8.148055000000278,0.08,0.19,0.22,15.67557791454217,58.93021615963843,-0.4585588153785969
2432.01,0.0,16.13297750000007,58.54246318681408,58.10906027472509,59.32647923076931,60.223791813187546,-6.060794404196807,0.07,0.07,0.07,-0.0632737387665881,-2.6926189910132705,15.415674480528752,-2.446452157146271,-0.1992190889373661,-8.70805013256196,0.08,0.19,0.22,15.649192320577066,59.050448626374006,-0.9842174428165994
2432.0200000000004,0.0,16.07797750000004,58.061444205794565,58.20847086413579,59.28158412587416,59.82935624875154,-6.090771921059174,0.07,0.07,0.07,-0.0701456336247774,-2.6928407774149377,15.404724270515116,-2.827266811279898,3.358264642083099,-10.072234273319127,0.08,0.19,0.22,15.638473126012745,58.845213861139015,-1.2755688239507859
2432.03,0.0,16.022977500000085,57.58818791635543,58.30090913617169,59.23781892954938,59.4406091013194,-6.123749999999699,0.07,0.07,0.07,-0.0833132308016319,-2.696527704624457,15.397877119983152,-3.1653258893794263,6.267089067777386,-11.297922617501968,0.08,0.19,0.22,15.632428555996489,58.64188127084898,-1.5060718541335976
2432.0400000000004,0.0,15.967977500000051,57.64252697535469,57.91947025143181,59.27084855364696,59.43847815782923,-6.273749999999805,0.07,0.07,0.07,-0.0964808279785051,-2.700214631833981,15.391029969451177,-3.118584783173225,3.337979745522099,-11.277148792521434,0.08,0.19,0.22,15.626396613700871,58.56783098456567,-1.1889397257521364
2432.0500000000006,0.0,15.912977500000022,57.69693339025609,57.54050057257657,59.30155827222534,59.43439304871954,-6.42,0.07,0.07,0.07,-0.1096484251553783,-2.703901559043506,15.384182818919204,-2.8889224999999987,0.3842849999999967,-11.261745,0.08,0.19,0.22,15.620377313754805,58.49334632094438,-0.8070098821326422
2432.0600000000004,0.0,15.857977500000068,57.76249843294816,57.57059600200899,58.94793697639435,59.1065678352592,-6.42,0.07,0.07,0.07,-0.1228160223322328,-2.7075884862530253,15.37733566838724,-1.793922500000777,-2.685714999997822,-11.271744999999992,0.08,0.19,0.22,15.614370670779078,58.346899811652676,-0.118544142072628
2432.0700000000006,0.0,15.802977500000038,57.82600786640087,57.60166417746751,58.597235702891474,58.78410805583247,-6.417002248313835,0.07,0.07,0.07,-0.135983619509106,-2.7112754134625496,15.370488517855266,-0.8725500000000123,-4.744487500000335,-11.140400000000096,0.08,0.19,0.22,15.608376699386195,58.20225395064808,0.3850719899177604
2432.0800000000004,0.0,15.747977500000006,57.75453229312068,57.69660934197403,58.438282562313134,58.81397844466599,-6.297092180864366,0.07,0.07,0.07,-0.1491512166859792,-2.7149623406720744,15.363641367323291,-0.7725500000000123,-2.0194875000003343,-10.340400000000098,0.08,0.19,0.22,15.602395414180284,58.175850660518456,0.014227655074831133
2432.0900000000006,0.0,15.692977500000053,57.68383441674973,57.79045997008977,58.27907018943197,58.84221663010988,-6.18,0.07,0.07,0.07,-0.1623188138628337,-2.718649267881593,15.356794216791329,-0.6550912728184859,0.6427956989214048,-9.677381845461388,0.08,0.19,0.22,15.596426829756954,58.14889530159534,-0.32350152789632747
2432.1000000000004,0.0,15.63797750000002,57.69876961116648,57.76378998005985,58.09131345962131,58.69073108673992,-6.18,0.07,0.07,0.07,-0.1754864110397069,-2.722336195091118,15.349947066259354,-0.455041260315202,3.0083870967727355,-9.66237809452364,0.08,0.19,0.22,15.590470960703108,58.06115103439689,-0.5045742187762963
2432.1100000000006,0.0,15.6,57.713866109857,57.73666862302492,57.90523750188094,58.5395357562077,-6.18,0.07,0.07,0.07,-0.1886540082165801,-2.7260231223006426,15.34309991572738,-0.3004973756560947,4.488492876780412,-9.497788052986628,0.08,0.19,0.22,15.58452782159689,57.97382699774264,-0.6314909404612437
2432.1200000000003,0.0,15.6,57.78256939553538,57.55954296463534,58.2777381289184,58.48478782543274,-6.18,0.07,0.07,0.07,-0.2018216053934346,-2.7297100495101616,15.336252765195416,-0.3604823794051101,1.7941664583871386,-8.628005498625903,0.08,0.19,0.22,15.578597427007491,58.02615957863046,-0.5031009502270515
2432.130000000001,0.0,15.6,57.849236915455926,57.38373072985473,58.64615616578608,58.43147981836184,-6.174723517654927,0.07,0.07,0.07,-0.2149892025703078,-2.7333969767196864,15.32940561466344,-0.4422905726431406,-0.8811952988244242,-7.948399599899951,0.08,0.19,0.22,15.572679791495013,58.07765090736464,-0.3552305556775656
2432.1400000000003,0.0,15.6,57.703649068692265,57.34486018824308,58.5889104590489,58.52830280383087,-5.934883411059261,0.07,0.07,0.07,-0.228156799747181,-2.7370839039292107,15.322558464131466,-0.6273368342085467,-3.46684171042753,-8.168454613653406,0.08,0.19,0.22,15.566774929610375,58.04143062995378,-0.11520501062872424
2432.1500000000005,0.0,15.6,57.55806122192881,57.305989646631474,58.53166475231182,58.625125789299766,-5.695043304463937,0.07,0.07,0.07,-0.2413243969240354,-2.74077083113873,15.315711313599502,-0.8849999999992433,-5.012875000004232,-8.406874999999589,0.08,0.19,0.22,15.560882855895144,58.00521035254297,-0.004889012288944006
2432.1600000000003,0.0,15.6,57.41247337516515,57.26711910501982,58.47441904557465,58.721948774768805,-5.456397297973615,0.07,0.07,0.07,-0.2544919941009087,-2.7444577583482546,15.308864163067527,-1.4849999999996697,-1.6578750000018476,-8.731874999999821,0.08,0.19,0.22,15.555003584881382,57.968990075132105,-0.5060608770100862
2432.1700000000005,0.0,15.6,57.20068465732897,57.24853758379192,58.033103976989146,58.562978254127295,-5.276262196647706,0.07,0.07,0.07,-0.2676595912777632,-2.748144685557774,15.302017012535565,-1.9922530632657287,1.4784671167765686,-9.07614403600846,0.08,0.19,0.22,15.549137131091559,57.76132611805934,-0.95043349999648
2432.1800000000003,0.0,15.6,56.987648139069805,57.23033848424214,57.584549699850506,58.39918635817929,-5.102578710644643,0.07,0.07,0.07,-0.2808271884546364,-2.7518316127672984,15.29516986200359,-2.0622705676418787,3.583993498373631,-9.511252813203102,0.08,0.19,0.22,15.543283509038357,57.55043067033544,-1.1270382690919878
2432.1900000000005,0.0,15.6,57.08374121439272,57.159619775112496,57.86985914542706,58.40787824587705,-5.222518740629631,0.07,0.07,0.07,-0.2939947856315096,-2.7555185399768227,15.288322711471617,-2.0682404398899377,4.740994751311167,-9.87,0.08,0.19,0.22,15.537442733224582,57.63027459520233,-1.1950599511558946
2432.2000000000003,0.0,15.6,57.18534041479244,57.08796560219902,58.16823995502201,58.41964236381807,-5.341228464419356,0.07,0.07,0.07,-0.307162382808364,-2.759205467186342,15.281475560939652,-1.7733141714572789,1.4418195451153224,-9.87,0.08,0.19,0.22,15.531614818143005,57.715297083957886,-0.7529576716396006
2432.2100000000005,0.0,15.59729258077384,57.19852910915319,56.93139677435165,58.04216309349014,58.18956541360775,-5.401153558052376,0.07,0.07,0.07,-0.3068619215480428,-2.7533315832895915,15.268232205805162,-1.4739999999999889,-1.5993750000000648,-9.890125000000005,0.08,0.19,0.22,15.517535685050706,57.59041359765068,-0.3331619236630836
2432.2200000000003,0.0,15.58732050259274,57.21005138032304,56.77322741556551,57.90808575624096,57.95493007342168,-5.457841079460266,0.07,0.07,0.07,-0.3028618215455405,-2.744831370784274,15.253231830795778,-1.1539999999999886,-3.4243750000000643,-10.005125000000003,0.08,0.19,0.22,15.501190464638285,57.46157365638779,-0.018525538662737272
2432.2300000000005,0.0,15.577348424411657,57.0843039109293,56.826213995392784,57.84535079088823,58.03508504223174,-5.337901049475363,0.07,0.07,0.07,-0.2988617215430438,-2.7363311582789684,15.238231455786416,-0.9145061265314582,-4.338352088026222,-10.097374343585916,0.08,0.19,0.22,15.484848221293309,57.44773843486051,0.17090077629735326
2432.24,0.0,15.567376346230558,56.94956114154089,56.89303764525207,57.78729089838754,58.13586825185559,-5.21897948974489,0.07,0.07,0.07,-0.2948616215405414,-2.727830945773651,15.223231080777031,-1.0545411352837568,-0.9575068767207258,-10.08237059264817,0.08,0.19,0.22,15.468508964451413,57.44143948425902,-0.2299489532211598
2432.2500000000005,0.0,15.55740426804946,56.818990237440616,56.85926834291426,57.443971862034445,57.98459544613845,-5.158949474737377,0.07,0.07,0.07,-0.2908615215380391,-2.7193307332683334,15.208230705767647,-1.1682449999999969,2.089740000000472,-10.065612499999991,0.08,0.19,0.22,15.452172703586479,57.27670647213194,-0.5875328983734871
2432.26,0.0,15.547432189868376,56.68848286428401,56.82396716820797,57.096308777805774,57.82948422394412,-5.103238380809345,0.07,0.07,0.07,-0.2868614215355424,-2.710830520763028,15.193230330758285,-1.158245000000004,3.5697399999994204,-10.040612500000009,0.08,0.19,0.22,15.435839448210753,57.10956075856047,-0.7418539420448395
2432.2700000000004,0.0,15.537460111687276,56.69803309862671,56.743460409488165,57.24452658177273,57.80919430212236,-5.283148425786956,0.07,0.07,0.07,-0.28286132153304,-2.7023303082577104,15.1782299557489,-1.1394699999999884,4.2038299999993525,-9.917332499999889,0.08,0.19,0.22,15.419509207874967,57.123803598002496,-0.8201409351062361
2432.28,0.0,15.527488033506192,56.70978840449437,56.66224193258439,57.40055155056157,57.79102701123598,-5.461528853359826,0.07,0.07,0.07,-0.2788612215305434,-2.693830095752405,15.16322958073954,-1.0794700000000736,0.8638300000040986,-9.332332500000716,0.08,0.19,0.22,15.40318199216868,57.140902224719085,-0.5412195251594556
2432.2900000000004,0.0,15.517515955325097,56.71209206570433,56.51747349925347,57.52051567944242,57.64739349925347,-5.551461403946928,0.07,0.07,0.07,-0.274861121528041,-2.685329883247088,15.148229205730155,-1.0036750000001653,-2.132189999998479,-8.928974999999504,0.08,0.19,0.22,15.386857810720274,57.09936868591342,-0.26527260347010295
2432.3000000000006,0.0,15.507543877143997,56.7142224788452,56.37154019910403,57.639818815331004,57.50146019910404,-5.637673254941319,0.07,0.07,0.07,-0.2708610215255386,-2.67682967074177,15.133228830720771,-0.8536750000000588,-3.5121899999994595,-9.378974999999825,0.08,0.19,0.22,15.37053667319732,57.056760423096065,-0.003299844564783244
2432.3100000000004,0.0,15.5,56.6163538118813,56.50366586138599,57.63067037623764,57.72223483168292,-5.487560670503061,0.07,0.07,0.07,-0.2668609215230419,-2.6683294582364643,15.118228455711408,-0.7975843960986055,-4.079482370596187,-9.768432108026891,0.08,0.19,0.22,15.35421858930668,57.11823122029696,0.13346551657392353
2432.3200000000006,0.0,15.5,56.51571024752482,56.64350744554446,57.6179575049505,57.95318532673251,-5.340509236145772,0.07,0.07,0.07,-0.2628608215205396,-2.6598292457311468,15.103228080702024,-1.1826806701674268,-0.8286696674178251,-9.873458364591118,0.08,0.19,0.22,15.337903568794639,57.18259013118808,-0.3179941904302483
2432.3300000000004,0.0,15.5,56.37029467410608,56.67594127314227,57.2418543139743,57.68680715191491,-5.370464303544681,0.07,0.07,0.07,-0.2588607215180372,-2.651329033225829,15.08822770569264,-1.5202349412647371,2.0945788552868225,-10.020704823794212,0.08,0.19,0.22,15.321591621447233,56.993724353284385,-0.7130374937111301
2432.3400000000006,0.0,15.5,56.22267103728149,56.70307797108797,56.84782945980281,57.39590174993707,-5.402100525131098,0.07,0.07,0.07,-0.2548606215155405,-2.642828820720524,15.073227330683276,-1.63520619845035,3.4842314421390115,-10.36561859535105,0.08,0.19,0.22,15.305282757090364,56.79237005452734,-0.8439494522879711
2432.3500000000004,0.0,15.5,56.231498034017,56.49238319659846,56.778546908454274,57.28754842421218,-5.552138034508561,0.07,0.07,0.07,-0.2508605215130381,-2.634328608215206,15.058226955673891,-1.6940224999999602,4.05084999999936,-10.513109999999848,0.08,0.19,0.2183412322274884,15.288976985589933,56.69749414082048,-0.9002990337860243
2432.3600000000006,0.0,15.5,56.24327392196098,56.27720560780388,56.715385327663824,57.18263596798398,-5.702608043967086,0.07,0.07,0.07,-0.2468604215105358,-2.6258283957098887,15.04322658066451,-1.4890224999999602,0.7508499999993599,-9.733109999999847,0.08,0.19,0.21,15.272674316852171,56.60462520635316,-0.6063541429106791
2432.3700000000003,0.0,15.5,56.25819784999998,55.99380085000037,56.80048454999989,57.09354417500011,-5.882473145141034,0.07,0.07,0.07,-0.2428603215080391,-2.617328183204583,15.028226205655148,-1.285777500000215,-2.1902524999986164,-9.177749999999447,0.08,0.19,0.21,15.256374760823757,56.536506856250085,-0.31632136924306375
2432.380000000001,0.0,15.5,56.27317784999998,55.709180850000365,56.88822454999989,57.00473417500012,-6.058831752371456,0.07,0.07,0.07,-0.2388602215055367,-2.6088279706992656,15.013225830645764,-1.0907775000000766,-3.4452524999995084,-9.677749999999804,0.08,0.19,0.21,15.240078327491947,56.46882935625009,-0.0446677445064047
2432.3900000000003,0.0,15.5,56.15254337500007,55.883968024999895,56.98332347499994,57.13248682499992,-5.96896655017473,0.07,0.07,0.07,-0.2348601215030344,-2.600327758193948,14.99822545563638,-0.9501825000000368,-3.882422499998915,-10.09526500000001,0.08,0.19,0.21,15.223785026884919,56.538080424999954,0.11119150662322794
2432.4000000000005,0.0,15.5,56.029493375000165,56.06693802499976,57.07855347499987,57.26409682499983,-5.880300450675981,0.07,0.07,0.07,-0.2308600215005377,-2.5918275456886426,14.983225080627015,-1.0651824999999548,-0.4774225000013343,-10.125264999999988,0.08,0.19,0.21,15.207494869071898,56.6097704249999,-0.2769518692486689
2432.4100000000003,0.0,15.492728999050517,55.95360225036536,56.03224698977109,56.74532772040932,57.16296232342918,-5.910345518277397,0.07,0.07,0.07,-0.235884851816686,-2.5919616172722284,14.96901494327552,-1.1626325000000028,2.514275000000204,-10.237750000000098,0.08,0.19,0.2116595542911332,15.193594540487608,56.47353482099374,-0.603741746251267
2432.4200000000005,0.0,15.462745489980536,55.87855110569906,55.99367904042868,56.40447043838322,57.05768224549451,-5.941168831168691,0.07,0.07,0.07,-0.2433814783347459,-2.5944604927782486,14.955021240441807,-1.1776324999999814,3.564274999998712,-10.737749999999387,0.08,0.19,0.22,15.180353095190151,56.33359570750137,-0.642292535971055
2432.4300000000003,0.0,15.432761980910511,55.909832359550535,55.883274719101216,56.58158797752792,56.9933696629214,-6.031078921078817,0.07,0.07,0.07,-0.2508781048528165,-2.596959368284272,14.941027537608075,-1.1803547339496008,3.8153334998791006,-11.0289957531859,0.08,0.19,0.22,15.167117117751047,56.34201617977527,-0.625235954499545
2432.4400000000005,0.0,15.40277847184049,55.94917863125636,55.767421807967374,56.79799247191,56.93216435137899,-6.119339834958786,0.07,0.07,0.07,-0.2583747313708871,-2.599458243790296,14.927033834774344,-1.1253959530352606,0.3129602797925095,-10.33951286535145,0.08,0.19,0.22,15.153886622497819,56.361689315628176,-0.3469356263177265
2432.4500000000003,0.0,15.37279496277051,55.90331082370674,55.66805323957822,56.74881719236571,56.78736406328496,-6.059324831207886,0.07,0.07,0.07,-0.265871357888947,-2.601957119296316,14.913040131940631,-1.0608360450564869,-2.7507334167694824,-9.77609762202748,0.08,0.19,0.22,15.140661623802123,56.27688632973391,-0.091947634510787
2432.4600000000005,0.0,15.342811453700484,55.8549431692617,55.56916825715726,56.69185084379711,56.64011142641896,-5.997934131736638,0.07,0.07,0.07,-0.2733679844070176,-2.60445599480234,14.8990464291069,-0.950698372966252,-3.731959949937028,-9.811141426783465,0.08,0.19,0.22,15.127442136079836,56.18901842415876,0.052373748988782755
2432.4700000000003,0.0,15.31282794463046,55.66676653539383,55.58502194915254,56.58300230807578,56.75125367397806,-5.81829341317375,0.07,0.07,0.07,-0.2808646109250882,-2.6069548703083627,14.88505272627317,-0.918012948207348,-3.971297310755239,-9.832968127490018,0.08,0.19,0.22,15.114228173791307,56.14651111665005,0.0915405506748854
2432.4800000000005,0.0,15.28284443556048,55.475809406779845,55.60315754237286,56.47312194915265,56.86753483050836,-5.6388735919902695,0.07,0.07,0.07,-0.2883612374431482,-2.6094537458143825,14.871059023439456,-1.2466982071710746,-0.7491857569744651,-9.79312749003987,0.08,0.19,0.22,15.10101975144144,56.10490593220343,-0.35991473332157525
2432.49,0.0,15.252860926490458,55.27840657300563,55.62664030105368,56.14908216256919,56.71563615654801,-5.488685857321768,0.07,0.07,0.07,-0.2958578639612188,-2.6119526213204063,14.857065320605724,-1.5309717004757994,2.1249586776853606,-9.850305534685427,0.08,0.19,0.22,15.087816883579794,55.94244129829413,-0.7455901100769067
2432.5000000000005,0.0,15.222877417420436,55.080835072754674,55.65026298043151,55.81943840943308,56.55671994982441,-5.34,0.07,0.07,0.07,-0.3033544904792894,-2.6144514968264296,14.843071617771994,-1.596085649887306,3.2819834710744336,-10.386243425995517,0.08,0.19,0.22,15.07461958480082,55.77681410311092,-0.806660187889995
2432.51,0.0,15.2,55.26257121794851,55.5730221153847,56.03912371794847,56.571386987179466,-5.34,0.07,0.07,0.07,-0.3108511169973493,-2.61695037233245,14.82907791493828,-1.6379328489101033,3.741799047859975,-10.862753695815435,0.08,0.19,0.22,15.061427869743946,55.86152600961528,-0.7964121808033553
2432.5200000000004,0.0,15.2,55.45145681952652,55.49388010355034,56.26916316568035,56.589325843195255,-5.340299775168591,0.07,0.07,0.07,-0.3183477435154199,-2.619449247838473,14.81508421210455,-1.5677749937359111,0.845281884239764,-11.05318215985967,0.08,0.19,0.22,15.048241753093695,55.95095648298812,-0.44284223012795204
2432.53,0.0,15.2,55.43128954649104,55.24412114517389,56.27365633139094,56.43403434000528,-5.370277292030916,0.07,0.07,0.07,-0.3258443700334799,-2.621948123344493,14.80109050927084,-1.4492896311069643,-1.769643569291047,-11.169526420737975,0.08,0.19,0.22,15.035061249579915,55.845775340765286,-0.11353568012896939
2432.5400000000004,0.0,15.2,55.40092724600965,54.98604159108201,56.267150124144926,56.2702947909806,-5.398470382404681,0.07,0.07,0.07,-0.3333409965515505,-2.624446998850517,14.787096806437107,-1.1053215353939418,-3.070740279162046,-10.940214356929294,0.08,0.19,0.22,15.021886373977802,55.73110343805429,0.1025645783308928
2432.5500000000006,0.0,15.2,55.17206757863215,55.02799632551171,56.20838635047431,56.459673419870114,-5.218515371157379,0.07,0.07,0.07,-0.340837623069621,-2.6269458743565406,14.773103103603376,-0.8660234941265057,-3.694026493376288,-10.594031492126842,0.08,0.19,0.2183522727272742,15.008717141108173,55.71703091862207,0.19534630242848228
2432.5600000000004,0.0,15.2,54.9391569445835,55.07607420868689,56.14855609585632,56.65625854218641,-5.040239940014945,0.07,0.07,0.07,-0.348334249587681,-2.6294447498625604,14.759109400769663,-1.1359560109970748,-1.019695076232685,-9.67926018495436,0.08,0.19,0.21,14.995553565837543,55.70501144782828,-0.3118293004731095
2432.5700000000006,0.0,15.2,54.78682073813723,55.05093370323879,55.7629342154159,56.32062799397473,-5.070232441889496,0.07,0.07,0.07,-0.3558308761057516,-2.631943625368584,14.745115697935931,-1.3710832497492422,1.42251755265786,-8.954954864593763,0.08,0.19,0.21,14.982395663078222,55.48032916269167,-0.7543551864338478
2432.5800000000004,0.0,15.2,54.63638137082607,55.024069530504654,55.36964272658813,55.97246831534032,-5.102024999999876,0.07,0.07,0.07,-0.3633275026238222,-2.6344425008746075,14.7311219951022,-1.4362788365095387,2.731444332999198,-9.160571715145467,0.08,0.19,0.21,14.969243447788573,55.2506404858148,-0.8812383367383737
2432.5900000000006,0.0,15.2,54.72968486220461,54.86696028051199,55.31204605314967,55.82315482775607,-5.372024999999684,0.07,0.07,0.07,-0.3708241291418821,-2.636941376380628,14.717128292268487,-1.4882435129740612,3.3770259481060814,-9.266766467066205,0.08,0.19,0.21,14.956096934973093,55.18296150590558,-0.9497476520425714
2432.6000000000004,0.0,15.2,54.8265746259842,54.70793468996072,55.25938857283467,55.67676703248039,-5.640449662752907,0.07,0.07,0.07,-0.3783207556599527,-2.639440251886651,14.703134589434756,-1.4782634730538935,0.9169461077847872,-8.90748502994017,0.08,0.19,0.21,14.942956139682513,55.117666230314995,-0.7449612852987906
2432.6100000000006,0.0,15.194392663111206,54.87890398437498,54.59492870117191,55.34860263671872,55.69984999023436,-5.7004046964776425,0.0696061121392488,0.0696061121392488,0.0696061121392488,-0.3702895612783687,-2.6361158245113474,14.680967540105604,-1.4191583166330848,-1.337154308618011,-8.745290581162807,0.08,0.19,0.21,14.92035619256676,55.13057132812499,-0.5152693471600441
2432.6200000000003,0.0,15.164486866370964,54.92906023437492,54.484166982422046,55.444735449218605,55.73119764648433,-5.759820044988781,0.0691059370779778,0.0691059370779778,0.0691059370779778,-0.3577761093175225,-2.631110443727009,14.656441174262346,-1.1235671342685876,-2.59967935871722,-9.531863727454777,0.08,0.19,0.21,14.89503319251422,55.147290078124975,-0.16568314672552598
2432.630000000001,0.0,15.134581069630675,54.68178075780884,54.48759082437274,55.48160164874548,55.74507421915001,-5.72982754311423,0.0686057620167061,0.0686057620167061,0.0686057620167061,-0.3452626573566585,-2.6261050629426634,14.631914808419053,-0.9231307826957638,-3.284391097773704,-10.15799449862461,0.08,0.19,0.21,14.869719737271812,55.09901186251927,0.06758392687127225
2432.6400000000003,0.0,15.104675272890391,54.40346022529466,54.502931326164855,55.51228265232972,55.7571274705581,-5.700219853431059,0.0681055869554343,0.0681055869554343,0.0681055869554343,-0.3327492053957945,-2.621099682158318,14.607388442575758,-1.1681920480121122,-1.2638859714919728,-10.032963240810147,0.08,0.19,0.21,14.84441587566846,55.04395041858683,-0.24373400245498072
2432.6500000000005,0.0,15.07476947615015,54.39162099593496,54.51885095528453,55.23201682926873,55.5864565040653,-5.74019320453028,0.0676054118941633,0.0676054118941633,0.0676054118941633,-0.3202357534349483,-2.6160943013739795,14.5828620767325,-1.3488200000000945,0.6841649999987365,-9.965299999999845,0.08,0.19,0.21,14.819121656848033,54.932236321138376,-0.5171979101317029
2432.6600000000003,0.0,15.044863679409865,54.3930708604336,54.534799464769634,54.93624447154491,55.40667330623318,-5.780166555629558,0.0671052368328916,0.0671052368328916,0.0671052368328916,-0.3077223014740844,-2.611088920589634,14.558335710889208,-1.2288200000000091,2.2941649999998805,-10.165299999999984,0.08,0.19,0.21,14.793837130271593,54.81769702574533,-0.614045461841619
2432.6700000000005,0.0,15.014957882669624,54.39453068397401,54.55066681477802,54.6406258761857,55.22695756365457,-5.820104842735844,0.0666050617716206,0.0666050617716206,0.0666050617716206,-0.2952088495132382,-2.6060835398052955,14.533809345045947,-1.1264700000000158,3.245820000001664,-10.168502500000718,0.08,0.19,0.2116603235014139,14.768562345720044,54.70319523464808,-0.6781461935731667
2432.6800000000003,0.0,14.985052085929338,54.4158986320519,54.40429637044448,54.65237824762855,55.18208487269101,-5.850059910134775,0.0661048867103489,0.0661048867103489,0.0661048867103489,-0.2826953975523743,-2.60107815902095,14.509282979202654,-1.1064700000000016,1.1258200000001577,-9.253502500000067,0.08,0.19,0.22,14.743297353296274,54.66366453070398,-0.5894593544706224
2432.6900000000005,0.0,14.955146289189052,54.43726658012979,54.25792592611095,54.664130619071386,55.13721218172744,-5.87996996996996,0.0656047116490772,0.0656047116490772,0.0656047116490772,-0.2701819455915103,-2.596072778236604,14.48475661335936,-1.03203035580974,-0.8852550385675533,-8.585197810400837,0.08,0.19,0.22,14.71804220342782,54.624133826759895,-0.45648248928410207
2432.7000000000003,0.0,14.92524049244881,54.29736046546573,54.14431030030052,54.7389475375374,55.059107282282426,-5.819909909909967,0.0651045365878062,0.0651045365878062,0.0651045365878062,-0.2576684936306641,-2.5910673974522656,14.460230247516105,-0.7035904453847552,-2.388116446875817,-9.06790495147998,0.08,0.19,0.22,14.692796946869226,54.55993139639652,-0.11686065820556955
2432.7100000000005,0.0,14.9,54.157050155155375,54.03077676676695,54.8139225125124,54.98091909409422,-5.759700000000075,0.0646043615265345,0.0646043615265345,0.0646043615265345,-0.2451550416698001,-2.58606201666792,14.43570388167281,-0.5432629992457794,-3.3933383571980804,-9.320660638031493,0.08,0.19,0.22,14.66756163470439,54.49566713213223,0.079758788032518
2432.7200000000003,0.0,14.9,53.9721866434957,53.959563937438006,54.850069046673255,55.2240850496522,-5.63969999999999,0.0641041864652628,0.0641041864652628,0.0641041864652628,-0.2326415897089361,-2.5810566358835745,14.411177515829516,-1.2214845516200965,-1.9163225320273456,-8.426412961567577,0.08,0.19,0.22,14.642336318349308,54.5014761693148,-0.4369210865282992
2432.7300000000005,0.0,14.9,53.78730084409168,53.8883722790468,54.88619615690162,55.46741176266094,-5.5200000000000005,0.0636040114039917,0.0636040114039917,0.0636040114039917,-0.2201281377480899,-2.576051255099236,14.386651149986257,-1.7588147036760116,-0.3433808452128603,-8.043088272066475,0.08,0.19,0.22,14.617121049554447,54.50732026067526,-0.8389391790186896
2432.74,0.0,14.9,53.8763601949999,54.09401905999978,54.54717583000036,55.22419051000026,-5.5200000000000005,0.06310383634272,0.06310383634272,0.06310383634272,-0.207614685787226,-2.5710458743148905,14.362124784142964,-1.638784696174041,1.6771242810703062,-10.043588397099311,0.08,0.19,0.22,14.591915880407196,54.43543639875007,-0.7059772288186932
2432.7500000000005,0.0,14.9,53.969450194999965,54.30373905999993,54.20263583000012,54.973810510000085,-5.520045000000015,0.0626036612814483,0.0626036612814483,0.0626036612814483,-0.195101233826362,-2.566040493530545,14.33759841829967,-1.493979999999826,3.049719999998902,-11.68734499999999,0.08,0.188343616516375,0.218343616516375,14.566720863334625,54.36240889875002,-0.5513125552981823
2432.76,0.0,14.9,53.98565190140843,54.12855718309882,54.4819478269614,54.96699744969819,-5.610044999999887,0.0621034862201773,0.0621034862201773,0.0621034862201773,-0.1825877818655158,-2.5610351127462065,14.313072052456413,-1.2339800000001957,1.4097200000012329,-11.67234500000001,0.08,0.18,0.21,14.541536051105963,54.39078859029171,-0.2957363490509116
2432.7700000000004,0.0,14.9,54.00072232394365,53.9477121126762,54.77043877263559,54.96376807344065,-5.7000449887526985,0.0616033111589056,0.0616033111589056,0.0616033111589056,-0.1700743299046518,-2.556029731961861,14.28854568661312,-0.9750783777060598,-0.1927942274188401,-11.563991042548246,0.08,0.18,0.21,14.516361496835076,54.42066032067402,-0.05855496735806898
2432.78,0.0,14.9,54.02731037313429,53.81344611940321,54.72443134328366,54.9488917910448,-5.790022494376221,0.0611031360976346,0.0611031360976346,0.0611031360976346,-0.1575608779438057,-2.551024351177522,14.26401932076986,-0.721283901468392,-1.6210102015406171,-11.02156755411872,0.08,0.18,0.21,14.491197253983364,54.37851990671649,0.09309567643245698
2432.7900000000004,0.0,14.9,54.05392728855718,53.67929686567179,54.67758557213936,54.933986318407975,-5.879999999999872,0.0606029610363629,0.0606029610363629,0.0606029610363629,-0.1450474259829417,-2.5460189703931766,14.239492954926568,-0.560325488232096,-2.7353505257890576,-10.515480721081897,0.08,0.18,0.21,14.466043376362093,54.33619901119407,0.1864313486106083
2432.8000000000006,0.0,14.9,53.74118592592618,53.72204267267264,54.73623023023018,55.01947229729723,-5.700404090795838,0.0601027859750912,0.0601027859750912,0.0601027859750912,-0.1325339740220777,-2.541013589608831,14.214966589083271,-0.8607761642462601,-2.289682023034714,-10.189992488733218,0.08,0.18,0.21,14.440899918135315,54.304732781531555,-0.010067091854833572
2432.8100000000004,0.0,14.892151177323468,53.42414888888949,53.76702765765757,54.79621021021009,55.10622905405389,-5.5208081815916765,0.0603611774065231,0.0603611774065231,0.0603611774065231,-0.1379704713230996,-2.5450721181147,14.2056524701874,-1.0894732881867677,-1.5496639077029266,-9.85072234763034,0.08,0.18,0.21,14.432497706256648,54.273403952702765,-0.21516255088250338
2432.8200000000006,0.0,14.842158676198611,53.38261850663999,53.71762582811331,54.292792518166486,54.79622229015322,-5.460180270405666,0.0608157745198316,0.0608157745198316,0.0608157745198316,-0.1479647927313957,-2.55143214082907,14.200201022146512,-0.969082016553922,0.6223952846729888,-9.444401805869486,0.08,0.18,0.21,14.428354328145483,54.04731478576826,-0.46208338760939677
2432.8300000000004,0.0,14.792166175073753,53.34401164119271,53.66722242044602,53.78339637684816,54.48200530192949,-5.400090135202833,0.0612703716331402,0.0612703716331402,0.0612703716331402,-0.1579591141396917,-2.55779216354344,14.194749574105623,-0.9590732436469472,2.292705530643129,-9.15321375186832,0.08,0.18,0.21,14.424221549366045,53.81915893510409,-0.6764751735471473
2432.8400000000006,0.0,14.742173673948969,53.32904460168236,53.46062442355304,53.87401503216213,54.562217219198274,-5.459880059969935,0.0617249687464481,0.0617249687464481,0.0617249687464481,-0.1679534355479736,-2.5641521862578016,14.189298126064742,-1.462311908320387,1.630024912805827,-9.397359242650484,0.08,0.18,0.21,14.420099379031596,53.80647531914896,-0.739616062311911
2432.8500000000004,0.0,14.69218117282411,53.31422025729839,53.25308360217744,53.968255507174526,54.64480999505183,-5.519850074962472,0.0621795658597566,0.0621795658597566,0.0621795658597566,-0.1779477569562696,-2.5705122089721715,14.183846678023851,-1.88,0.8031768231769226,-9.649250749250731,0.08,0.18,0.21,14.415987826242398,53.79509234042554,-0.7557843793398875
2432.8600000000006,0.0,14.642188671699252,53.28137525508923,53.16270502136219,54.0503419552651,54.61459525508924,-5.639580419580372,0.0626341629730652,0.0626341629730652,0.0626341629730652,-0.1879420783645656,-2.576872231686542,14.178395229982964,-1.88,-0.8251948051953462,-9.938961038961136,0.08,0.18,0.21,14.411886900085667,53.77725437170143,-0.5426160225934922
2432.8700000000003,0.0,14.592196170574466,53.24803019351599,53.07557760241275,54.13209113847692,54.58125019351599,-5.759460539460368,0.0630887600863731,0.0630887600863731,0.0630887600863731,-0.1979363997728475,-2.583232254400903,14.172943781942084,-1.8631831831832544,-2.152252252252369,-10.157297297297394,0.08,0.18,0.21,14.407796609635458,53.75923728198041,-0.365933638615558
2432.880000000001,0.0,14.54220366944961,53.07605728506798,53.04768587732531,53.95884279034703,54.557420372046266,-5.76,0.0635433571996816,0.0635433571996816,0.0635433571996816,-0.2079307211811435,-2.589592277115273,14.167492333901196,-1.7630830830831223,-1.987087087087152,-10.022162162162214,0.08,0.18,0.21,14.403716963952572,53.660001581196646,-0.36994369120442266
2432.8900000000003,0.0,14.49221116832475,52.90175864253399,53.02078793866265,53.78131639517351,54.533750186023134,-5.76,0.0639979543129902,0.0639979543129902,0.0639979543129902,-0.2179250425894396,-2.595952299829644,14.162040885860304,-1.6424592220828207,-1.5931869510665695,-9.949247176913415,0.08,0.18,0.21,14.399647972084502,53.55940329059832,-0.3814298401196984
2432.9000000000005,0.0,14.442218667199963,52.894454966459634,53.03544507826085,53.56460885962768,54.21742582857193,-5.76,0.0644525514262981,0.0644525514262981,0.0644525514262981,-0.2279193639977214,-2.602312322544005,14.156589437819424,-1.4216311166877964,-0.0825219573415174,-10.180112923462758,0.08,0.18,0.21,14.395589643065335,53.427983683230025,-0.42941692992271263
2432.9100000000003,0.0,14.4,52.88807484223604,53.05033203478259,53.34768463602516,53.89948297142903,-5.76,0.0649071485396067,0.0649071485396067,0.0649071485396067,-0.2379136854060174,-2.6086723452583747,14.151137989778537,-1.2205430991530095,1.1546935724962752,-10.2833283507725,0.08,0.18,0.21,14.391541985915637,53.2963936211182,-0.47491728794156784
2432.9200000000005,0.0,14.4,52.81516777108451,53.05903967871484,53.41973710843356,53.81991281124515,-5.789790104947481,0.0653617456529146,0.0653617456529146,0.0653617456529146,-0.2479080068142993,-2.615032367972736,14.145686541737655,-1.1109267563528546,1.1247982062780513,-9.79503736920817,0.08,0.18,0.21,14.387505009642414,53.27846434236952,-0.5088946212137001
2432.9300000000003,0.0,14.4,52.74104126506037,53.06763405622488,53.49708650602396,53.74471200803226,-5.819775112443749,0.0658163427662231,0.0658163427662231,0.0658163427662231,-0.2579023282225954,-2.6213923906871064,14.140235093696766,-1.0046741573033633,0.927158551810152,-9.262284644194692,0.08,0.18,0.21,14.383478723238984,53.26261845883536,-0.5332876854528691
2432.9400000000005,0.0,14.4,52.67481984047865,52.90613186440699,53.62565192422716,53.63517844466615,-5.84978989494745,0.0662709398795317,0.0662709398795317,0.0662709398795317,-0.2678966496308914,-2.6277524134014763,14.134783645655878,-0.9147865168538968,-0.0865742821477193,-8.513220973782474,0.08,0.18,0.21,14.37946313568492,53.21044551844474,-0.5110522971238183
2432.9500000000003,0.0,14.4,52.60867826520453,52.74291152542409,53.7547346759718,53.52529808574302,-5.879804902451164,0.0667255369928396,0.0667255369928396,0.0667255369928396,-0.2778909710391732,-2.6341124361158377,14.129332197614996,-0.8256985478217906,-1.0031897846767186,-7.951412118177017,0.08,0.18,0.21,14.375458255945965,53.157905638085865,-0.4708451782180375
2432.9600000000005,0.0,14.4,52.62551001499247,52.55719043478292,53.65051226386825,53.46986995502258,-5.850217336997279,0.0671801341061481,0.0671801341061481,0.0671801341061481,-0.2878852924474693,-2.640472458830208,14.123880749574107,-0.7405708562844442,-1.4388432648972564,-8.316960440660917,0.08,0.18,0.21,14.37146409297391,53.07577066716655,-0.3416352031220605
2432.9700000000003,0.0,14.4,52.64369092453771,52.37110347826108,53.5424962718642,53.41532722638687,-5.820239820134891,0.0676347312194567,0.0676347312194567,0.0676347312194567,-0.2978796138557653,-2.6468324815445783,14.11842930153322,-0.7177963563764017,-1.6514898926876092,-8.666089343648673,0.08,0.18,0.21,14.367480655706556,52.993154475262465,-0.25903861501773284
2432.9800000000005,0.0,14.4,52.54437691924248,52.4119838883349,53.481934815553466,53.46997919242261,-5.82,0.0680893283327646,0.0680893283327646,0.0680893283327646,-0.3078739352640471,-2.65319250425894,14.112977853492335,-0.9973072123780444,-0.7830097329682191,-8.935617669078828,0.08,0.18,0.21,14.36350795306759,52.977068703888364,-0.402421546305164
2432.99,0.0,14.4,52.44303095712878,52.45678947158517,53.42219403788644,53.52651957128605,-5.82,0.0685439254460731,0.0685439254460731,0.0685439254460731,-0.3178682566723432,-2.6595525269733096,14.107526405451448,-1.2526464697044433,0.1278818227331584,-9.24890836254337,0.08,0.18,0.21,14.359545993966519,52.96213350947161,-0.5354743316135315
2433.0000000000005,0.0,14.4,52.40514785196302,52.3678939784947,53.29847878469628,53.37306359089786,-5.879430853719411,0.0689985225593817,0.0689985225593817,0.0689985225593817,-0.3278625780806393,-2.66591254968768,14.10207495741056,-1.387849273910817,1.249564346519371,-9.77970455683506,0.08,0.18,0.21,14.355594787298575,52.86114605151296,-0.6171847495917694
2433.01,0.0,14.398792776613805,52.36875875468872,52.27585096774207,53.17325747937002,53.214663990997984,-5.939340988517185,0.0694531196726896,0.0694531196726896,0.0694531196726896,-0.3378568994889211,-2.672272572402041,14.09662350936968,-1.4753553360637806,2.0296675499890613,-10.132100698627484,0.08,0.18,0.21,14.351654341944641,52.7581327981997,-0.6743578234475538
2433.0200000000004,0.0,14.388815723835188,52.35118006009015,52.17636284927401,53.11492269904863,53.135680270405686,-5.999354838709644,0.0699077167859981,0.0699077167859981,0.0699077167859981,-0.3478512208972172,-2.678632595116411,14.091172061328791,-1.330811852565713,1.1479523006508496,-9.616562274151043,0.08,0.18,0.21,14.347724666771136,52.694536469704616,-0.6121541996513765
2433.03,0.0,14.378838671056588,52.3340343415123,52.07670336004025,53.0581275062595,53.05852453680536,-6.059369842460502,0.07,0.07,0.07,-0.3449229774223955,-2.671230597365956,14.074307384760132,-1.1737350026085522,0.2409754825260663,-9.135133020344464,0.08,0.18,0.21,14.329709457116415,52.63184743615435,-0.5379527989794053
2433.0400000000004,0.0,14.368861618277972,52.40921884028983,52.057978035491146,52.9217154111474,53.047580144963774,-6.0896775806048105,0.07,0.07,0.07,-0.338455432737538,-2.660059383819384,14.054316792097843,-0.8972613458531011,-0.9066510172135424,-8.978638497652698,0.08,0.18,0.21,14.30784010597122,52.60912310797304,-0.34945678701450583
2433.0500000000006,0.0,14.358884565499356,52.48623958510368,52.0408623144214,52.78371991002258,53.03795255186204,-6.11967008247936,0.07,0.07,0.07,-0.3319878880526804,-2.648888170272812,14.034326199435558,-0.6850547263681307,-1.694139303482883,-8.898706467661599,0.08,0.18,0.21,14.285976913343665,52.587193590352435,-0.20840453005949977
2433.0600000000004,0.0,14.348907512720755,52.29798340000027,52.10763039999991,52.74321040000005,53.190855599999786,-6.0903744383425416,0.07,0.07,0.07,-0.3255203433678321,-2.637716956726256,14.0143356067733,-0.7696318407959172,-0.818517412936387,-9.17233830845738,0.08,0.18,0.21,14.264119907552008,52.58491995000001,-0.286446467588925
2433.0700000000006,0.0,14.338930459942144,52.10431340000013,52.17611039999996,52.704690400000025,53.3470755999999,-6.060419370943633,0.07,0.07,0.07,-0.3190527986829745,-2.626545743179684,13.994345014111012,-0.8677616424635829,0.1219979969946329,-9.501792689033138,0.08,0.18,0.21,14.242269117080202,52.58304745,-0.3673394215055228
2433.0800000000004,0.0,14.328953407163528,52.126576590229305,52.16911629112662,52.54291860418747,53.12228893320045,-6.089602201651219,0.07,0.07,0.07,-0.312585253998117,-2.6153745296331112,13.974354421448725,-1.033009514271373,1.383890836254122,-10.107701552328368,0.08,0.18,0.21,14.220424570579256,52.49022510468596,-0.46235169467240683
2433.0900000000006,0.0,14.318976354384928,52.15324658025919,52.160581894317055,52.37863146560338,52.88972662013985,-6.11962471853887,0.07,0.07,0.07,-0.3061177093132686,-2.604203316086555,13.954363828786466,-1.1870786516852756,2.277146067416784,-10.604876404494416,0.08,0.18,0.21,14.198586296868273,52.395546640079864,-0.5317333082568404
2433.1000000000004,0.0,14.308999301606312,52.19168494969816,52.028252676056425,52.43621977867199,52.97384849094561,-6.268050974512658,0.07,0.07,0.07,-0.2996501646284111,-2.5930321025399827,13.93437323612418,-1.2869538077402385,1.3832634207248675,-10.57491385767793,0.08,0.18,0.21,14.176754324935544,52.40750147384305,-0.4768586832804479
2433.1100000000006,0.0,14.3,52.23043746478873,51.89261887323946,52.49973084507041,53.06642394366196,-6.417976011994,0.07,0.07,0.07,-0.2931826199435535,-2.5818608889934107,13.914382643461892,-1.354816020025069,0.4881602002506883,-10.512040050062671,0.08,0.18,0.21,14.154928683939893,52.42230278169014,-0.41608730590200105
2433.1200000000003,0.0,14.3,52.11142504970196,51.77955487077551,52.58556693836966,53.00374761431421,-6.42,0.07,0.07,0.07,-0.2867150752587052,-2.5706896754468547,13.894392050799636,-1.2647033792240958,-0.412966207759042,-10.28675844806024,0.08,0.18,0.21,14.1331094032118,52.370073618290334,-0.326217117708668
2433.130000000001,0.0,14.3,51.99017256461247,51.66681133200808,52.67172001988062,52.93886689860842,-6.42,0.07,0.07,0.07,-0.2802475305738476,-2.559518461900282,13.874401458137347,-1.1831685393258329,-1.1514606741572913,-10.095730337078646,0.08,0.18,0.21,14.111296512254459,52.31689270377739,-0.25095470750808807
2433.1400000000003,0.0,14.3,51.84100528896676,51.69308294220664,52.6186830022517,52.99767180885663,-6.3312828207052,0.07,0.07,0.07,-0.2737799858889901,-2.54834724835371,13.85441086547506,-1.143218476903848,-1.10152309612981,-10.070761548064905,0.08,0.18,0.21,14.089490040745218,52.28761076057043,-0.246510121612079
2433.1500000000005,0.0,14.3,51.69109285464108,51.72306542907178,52.56193043782841,53.05977838879156,-6.241260315078914,0.07,0.07,0.07,-0.2673124412041417,-2.537176034807154,13.8344202728128,-1.1268710888610227,-0.8491113892372171,-10.044938673341694,0.08,0.18,0.21,14.067690018536664,52.258966777583204,-0.2711750308739945
2433.1600000000003,0.0,14.3,51.56797246899293,51.631279947081225,52.33683479742027,52.834142556639726,-6.220286571142967,0.07,0.07,0.07,-0.2608448965192841,-2.526004821260582,13.814429680150514,-1.2269962453066194,0.4024530663327412,-10.014901126408017,0.08,0.18,0.21,14.045896475657768,52.09255744253354,-0.4394870928000782
2433.1700000000005,0.0,14.3,51.44552497436762,51.536436222920585,52.107511165867685,52.601279980155766,-6.200293235588164,0.07,0.07,0.07,-0.2543773518344358,-2.5148336077140256,13.794439087488255,-1.3322022471908583,1.4220674157304607,-9.961820224719297,0.08,0.18,0.21,14.024109442315332,51.922688085827915,-0.5888737383936546
2433.1800000000003,0.0,14.3,51.32307747974215,51.44159249875981,51.87818753431477,52.36841740367148,-6.180299900033332,0.07,0.07,0.07,-0.2479098071495782,-2.5036623941674536,13.77444849482597,-1.4620399500623098,1.31719850187275,-9.797026217228607,0.08,0.18,0.21,14.00232894889499,51.752818729122055,-0.6465108510074292
2433.1900000000005,0.0,14.3,51.40417248945143,51.28938902953594,51.88133831223628,52.43308810126578,-6.209520479520476,0.07,0.07,0.07,-0.2414422624647207,-2.4924911806208816,13.754457902163685,-1.5506370222333852,1.059942543093209,-9.648213839620322,0.08,0.18,0.21,13.980555025962666,51.75199698312236,-0.6720341496799471
2433.2000000000003,0.0,14.3,51.4955301464382,51.13429347232585,51.896210488955056,52.51276047654493,-6.239490509490476,0.07,0.07,0.07,-0.24,-2.489259982380534,13.73852972689827,-1.4357232075944737,0.0506994753949407,-9.578266300274898,0.08,0.18,0.21,13.964283523215524,51.75969864606601,-0.5390848294074334
2433.2100000000005,0.0,14.297521691433138,51.43880382202779,51.15191582786285,51.89128660831511,52.34896720641886,-6.24,0.07,0.07,0.07,-0.24,-2.488307578751876,13.723767470654066,-1.3058162755868086,-0.8566999500745199,-9.576694957563342,0.08,0.18,0.21,13.949590251869648,51.70774336615615,-0.4013426357524608
2433.2200000000003,0.0,14.262615936970176,51.372205232190666,51.18105271091658,51.885042990517874,52.1689428932654,-6.24,0.07,0.07,0.07,-0.24,-2.487355175123217,13.709005214409862,-1.1011233150274542,-1.256100848726919,-9.916185721417882,0.08,0.18,0.21,13.934897191437367,51.65181095672263,-0.23969347486717832
2433.2300000000005,0.0,14.22771018250726,51.2860060174271,51.225106509482245,51.94614610968723,52.27411125576605,-6.181095821866491,0.07,0.07,0.07,-0.24,-2.48640277149456,13.69424295816568,-0.922634730538949,-1.422235528942725,-10.228642714570755,0.08,0.18,0.21,13.920204342586574,51.68284247309066,-0.11519138310160144
2433.24,0.0,14.192804428044294,51.1971592721682,51.27117519220908,52.01634600717574,52.41780167093785,-6.1210507880911456,0.07,0.07,0.07,-0.24,-2.485450367865902,13.679480701921475,-0.8777245508982269,-0.3992814371262794,-10.403293413173564,0.08,0.18,0.21,13.90551170598791,51.72562053562272,-0.18004874123835288
2433.2500000000005,0.0,14.157898673581329,51.17705718983559,51.29621584454408,51.76145312406593,52.20970155455918,-6.0905470896827625,0.07,0.07,0.07,-0.24,-2.484497964237244,13.664718445677272,-0.8624730373714166,0.5177878103836426,-10.539566089791842,0.08,0.18,0.21,13.89081928231491,51.611106928251196,-0.24966385157876475
2433.26,0.0,14.122992919118412,51.16212943697063,51.3196737419033,51.4820908918789,51.97512258096701,-6.060569572820438,0.07,0.07,0.07,-0.24,-2.4835455606085866,13.649956189433093,-1.0029295209429698,0.8789616252819225,-10.474354150990765,0.08,0.18,0.21,13.87612707224395,51.48475416292996,-0.34425716098834047
2433.2700000000004,0.0,14.08808716465545,51.1165041931449,51.216714766074645,51.58708896172118,51.96200175631724,-6.0600000000000005,0.07,0.07,0.07,-0.24,-2.482593156979928,13.635193933188887,-1.1258187718422443,1.091055916125692,-10.36679980029948,0.08,0.18,0.21,13.86143507645419,51.470577419314495,-0.42385725972975125
2433.28,0.0,14.053181410192536,51.06831805354022,51.10320963722806,51.72415175881894,51.96735577182886,-6.0600000000000005,0.07,0.07,0.07,-0.24,-2.481640753351272,13.620431676944705,-1.160766350474255,0.5568572141792464,-10.04727908137824,0.08,0.18,0.21,13.846743295627771,51.46575880535402,-0.4284012558164352
2433.2900000000004,0.0,14.01827565572957,51.04305781420768,50.98259776453069,51.75907066567309,51.9431893343269,-6.0600000000000005,0.07,0.07,0.07,-0.24,-2.4806883497226133,13.6056694207005,-1.1555789473685552,-0.0194887218040069,-9.69558646616574,0.08,0.18,0.21,13.832051730449614,51.43197889468459,-0.4199533617178034
2433.3000000000006,0.0,13.983369901266604,51.0196698360656,50.8614055141581,51.78564791356182,51.91661208643818,-6.0600000000000005,0.07,0.07,0.07,-0.24,-2.479735946093955,13.590907164456295,-0.9450526315789142,-0.8114686716793227,-9.179295739348287,0.08,0.18,0.21,13.817360381607623,51.39583383755593,-0.34503625575321983
2433.3100000000004,0.0,13.95,50.9695908934286,50.723935958651495,51.68910124046291,51.85760925424575,-6.00291522062477,0.07,0.07,0.07,-0.24,-2.478783542465298,13.576144908212116,-0.8188527868031205,-1.3824018995254392,-8.76179205198696,0.08,0.18,0.21,13.802669249792613,51.310059336697186,-0.3064725873322529
2433.3200000000006,0.0,13.95,50.9169204528674,50.584885995569934,51.580600132906845,51.79545813438353,-5.943420922161697,0.07,0.07,0.07,-0.24,-2.47783113883664,13.561382651967913,-1.1087803049235674,-0.8625318670336034,-8.83177455636086,0.08,0.18,0.21,13.787978335698266,51.219466178931924,-0.44730288518749506
2433.3300000000004,0.0,13.95,50.760555645775305,50.594959502664274,51.56758,51.77748733823904,-5.94,0.07,0.07,0.07,-0.24,-2.4768787352079813,13.546620395723709,-1.35924231057761,-0.2678394598655733,-9.023593398349089,0.08,0.18,0.21,13.773287640021284,51.17514562166966,-0.5642216420311337
2433.3400000000006,0.0,13.95,50.59005069779273,50.62536802841913,51.56758,51.76554113169249,-5.94,0.07,0.07,0.07,-0.24,-2.4759263315793243,13.531858139479526,-1.4142560640159347,0.6974018504613992,-9.818792198048513,0.08,0.18,0.21,13.75859716346133,51.13713496447608,-0.56272133862619
2433.3500000000004,0.0,13.95,50.52016360229835,50.62812,51.42365952035993,51.50968185361015,-5.911200000000019,0.07,0.07,0.07,-0.24,-2.4749739279506664,13.517095883235324,-1.472602842183956,1.4470680628273855,-10.440511094490272,0.08,0.18,0.21,13.743906906720989,51.020406244067104,-0.5661782615604992
2433.3600000000006,0.0,13.95,50.46028850861858,50.62812,51.26541820134911,51.22955195103694,-5.881199999999997,0.07,0.07,0.07,-0.24,-2.474021524322008,13.50233362699112,-1.5473971578160088,1.132931937172763,-10.206155572176506,0.08,0.18,0.21,13.7292168705059,50.895844665251154,-0.5940976990414427
2433.3700000000003,0.0,13.95,50.542264142070906,50.60090271135572,51.291685932966416,51.19794772386194,-5.995199999999843,0.07,0.07,0.07,-0.24,-2.473069120693351,13.487571370746936,-1.5642570784266865,0.7556426960667162,-10.02470308193428,0.08,0.18,0.21,13.714527055524714,50.908200127563745,-0.5879884604561157
2433.380000000001,0.0,13.95,50.63861231615803,50.57092772386194,51.33664841420708,51.19152451225613,-6.115199999999843,0.07,0.07,0.07,-0.24,-2.4721167170646927,13.472809114502734,-1.2836256577299188,0.0540641443247966,-10.114906038586811,0.08,0.18,0.21,13.699837462489059,50.9344282416208,-0.40714301409396936
2433.3900000000003,0.0,13.95,50.57059981513864,50.427274344241816,51.234802782912816,51.26674828378716,-6.12,0.07,0.07,0.07,-0.24,-2.4711643134360344,13.45804685825853,-0.9989890164751226,-0.5642860708937701,-10.196689965052444,0.08,0.18,0.21,13.685148092113657,50.87485630652011,-0.23488104491362222
2433.4000000000005,0.0,13.95,50.48613316512623,50.272240619535495,51.11826018985772,51.35014573569815,-6.12,0.07,0.07,0.07,-0.24,-2.4702119098073774,13.443284602014348,-0.694445831253317,-0.7689790314526885,-10.236630054917596,0.08,0.18,0.21,13.670458945116302,50.8066949275544,-0.10528023844284866
2433.4100000000003,0.0,13.949356383774894,50.390370898350994,50.18620236278614,50.97077650504558,51.381759212404624,-6.090989675144814,0.07,0.07,0.07,-0.238833341669585,-2.4680555694493087,13.427555644475571,-0.4803832665329813,-0.836981462926068,-10.22961673346702,0.08,0.18,0.21,13.65458129143734,50.73227724464684,-0.027384052517644572
2433.4200000000005,0.0,13.919420745397431,50.29345728771853,50.10719670194445,50.82013904504076,51.40809443268518,-6.060770586753997,0.07,0.07,0.07,-0.237332816485772,-2.4655546941429534,13.411550042514902,-0.7258742484967162,-0.2107289579165402,-9.984125751503283,0.08,0.18,0.21,13.638363587999583,50.65722186684723,-0.21209704875703933
2433.4300000000003,0.0,13.889485107019931,50.19315390836966,50.09931926286153,50.73716469413878,51.1868062452011,-5.972926284437866,0.07,0.07,0.07,-0.2358322913019568,-2.463053818836595,13.395544440554207,-0.9629068602903336,0.3783450175260773,-9.763968452679068,0.08,0.18,0.21,13.622146007254841,50.55411102764277,-0.3862696337527695
2433.4400000000005,0.0,13.85954946864243,50.09237069874588,50.101510202201176,50.663768226260586,50.93046634246236,-5.883574087862985,0.07,0.07,0.07,-0.2343317661181417,-2.4605529435302365,13.379538838593511,-1.15819979969954,0.7839534301451989,-9.668825738607916,0.08,0.18,0.21,13.605928549641863,50.4470288674175,-0.5084282605920437
2433.4500000000003,0.0,13.82961383026497,50.01582560557085,50.09087888087542,50.702266396418736,50.85266672469544,-5.937991442235008,0.07,0.07,0.07,-0.2328312409343287,-2.4580520682238816,13.36353323663284,-1.32513986013983,1.0437587412591889,-9.57029720279732,0.08,0.18,0.21,13.589711215601504,50.415409401890116,-0.6064167009146265
2433.4600000000005,0.0,13.799678191887468,49.941316776921234,50.07917035065905,50.750164929122064,50.78986642626218,-5.998399194563224,0.07,0.07,0.07,-0.2313307157505136,-2.4555511929175227,13.347527634672144,-1.355109890109872,0.5992032967035693,-9.455412087912158,0.08,0.18,0.21,13.573494005576636,50.390129620741135,-0.5876412955867343
2433.4700000000003,0.0,13.769742553509966,49.96799672426745,49.98820533433512,50.74655959429001,50.866454259954885,-6.058409999999964,0.07,0.07,0.07,-0.2298301905666984,-2.453050317611164,13.331522032711453,-1.3596396396396675,0.1740090090090858,-9.354061561561569,0.08,0.18,0.21,13.557276920012333,50.392303978211864,-0.5602874793491898
2433.4800000000005,0.0,13.739806915132506,50.00444050087649,49.8895927623342,50.73798458802906,50.95649182569485,-6.118409999999922,0.07,0.07,0.07,-0.2283296653828854,-2.4505494423048093,13.315516430750778,-1.2395195195196802,-0.1563213213208798,-9.319026526526574,0.08,0.18,0.21,13.541059959355774,50.397127419233655,-0.4909019801590564
2433.49,0.0,13.709871276755004,49.96332819548878,49.719223383458846,50.57522338345885,50.903213513784536,-6.149009187981109,0.07,0.07,0.07,-0.2268291401990703,-2.4480485669984504,13.299510828790083,-1.1511363636363063,-0.4411363636363062,-9.341398601398335,0.08,0.18,0.21,13.524843124056238,50.29024711904775,-0.4282193107834163
2433.5000000000005,0.0,13.679935638377502,49.91505751879704,49.542230902255824,50.39823090225583,50.83670724812037,-6.178808045691584,0.07,0.07,0.07,-0.2253286150152551,-2.445547691692092,13.283505226829387,-1.216071428571443,-0.5060714285714428,-9.641098901098967,0.08,0.18,0.21,13.508626414565207,50.17305664285727,-0.39791736736364125
2433.51,0.0,13.650000000000045,49.69431835810026,49.55215354445794,50.37360284043851,50.81798361510356,-6.151200000000039,0.07,0.07,0.07,-0.2238280898314421,-2.443046816385737,13.267499624868716,-1.243694618272875,-0.4692040050063752,-9.9544906132665,0.08,0.18,0.21,13.492409831336342,50.10951458952506,-0.3635991128274345
2433.5200000000004,0.0,13.65,49.45868376613903,49.578219317904974,50.36213390012181,50.80338678197322,-6.121200000000039,0.07,0.07,0.07,-0.222327564647627,-2.4405459410793786,13.25149402290802,-1.0885006257822003,0.0664655819775669,-10.334966207759768,0.08,0.18,0.21,13.476193374825405,50.05060594153476,-0.30960211857295905
2433.53,0.0,13.65,49.45891051878348,49.53418951699472,50.21725914132406,50.65620032200385,-6.091200000000062,0.07,0.07,0.07,-0.220827039463814,-2.438045065773024,13.23548842094735,-0.9883445692882477,0.4859500624220929,-10.589016229713163,0.08,0.18,0.21,13.459977045490454,49.96663987477653,-0.2811396738832624
2433.5400000000004,0.0,13.65,49.49500558650647,49.47950002044473,50.05209686174309,50.48885046256088,-6.06120000000004,0.07,0.07,0.07,-0.2193265142799988,-2.435544190466665,13.219482818986656,-1.153138576778936,0.3461248439451452,-10.234459425718049,0.08,0.18,0.21,13.443760843791647,49.87886323281379,-0.3755993631452843
2433.5500000000006,0.0,13.65,49.473805177588815,49.51271592296145,50.00137566283145,50.47111262131066,-6.088799999999981,0.07,0.07,0.07,-0.2178259890961837,-2.4330433151603064,13.20347721702596,-1.256906132665875,0.2554568210262499,-9.893329161451875,0.08,0.1783396226415069,0.21,13.427544770191442,49.86475234617309,-0.4526447553855969
2433.5600000000004,0.0,13.65,49.447041795898,49.55446679839911,49.96176585792905,50.46790101550776,-6.11879999999996,0.07,0.07,0.07,-0.2163254639123707,-2.430542439853951,13.187471615065288,-1.061662077597239,0.4056445556944315,-9.617984981226876,0.08,0.17,0.21,13.411328825154529,49.85779386693349,-0.4443652291801423
2433.5700000000006,0.0,13.65,49.50514458312522,49.52009840738897,49.97194877683473,50.36427926110848,-6.091200000000019,0.07,0.07,0.07,-0.2148249387285555,-2.428041564547593,13.171466013104594,-0.8853982521848318,0.4054556804000358,-9.384846441947587,0.08,0.1716658801321308,0.21,13.395113009147773,49.84036775711435,-0.42043558827164984
2433.5800000000004,0.0,13.65,49.571385222166725,49.47843090863706,49.986906340489256,50.2510291362956,-6.061199999999998,0.07,0.07,0.07,-0.2133244135447404,-2.425540689241234,13.1554604111439,-0.8005043695380533,-0.3186392009989577,-9.354883895131078,0.08,0.18,0.21,13.378897322640363,49.82193790189716,-0.3211670230946172
2433.5900000000006,0.0,13.65,49.41901462581635,49.26155103967879,49.969686283274754,50.38252678553475,-6.031200000000039,0.07,0.07,0.07,-0.2118238883609274,-2.4230398139348788,13.139454809183226,-0.7758222778472499,-0.8555093867335002,-9.393642052565625,0.08,0.1783419689119265,0.21,13.362681766103767,49.758194683576164,-0.2511869712376593
2433.6000000000004,0.0,13.65,49.244891069814216,49.02723662481172,49.9492643847313,50.53837811652432,-6.001200000000039,0.07,0.07,0.07,-0.2103233631771122,-2.4205389386285203,13.123449207222531,-1.046160200250361,-0.4750337922402329,-9.769111389236611,0.08,0.17,0.21,13.346466340011677,49.689942548970386,-0.3247119949690809
2433.6100000000006,0.0,13.65,49.14442684711044,49.02731181175324,49.96389603999025,50.3152667154352,-6.0,0.07,0.07,0.07,-0.2138296314376387,-2.419617036856236,13.111191847693432,-1.2880374531835794,-0.0878501872656827,-10.118651685393385,0.08,0.1716690307328657,0.21,13.334302433323927,49.61272535357229,-0.39330095336470555
2433.6200000000003,0.0,13.615347912524877,49.05049853694227,49.04818476956838,49.98163805413313,50.05852933430888,-6.0,0.07,0.07,0.07,-0.2187112521357058,-2.419128874786429,13.099964120087876,-1.392906367041141,0.3316254681645645,-10.343370786516733,0.08,0.18,0.21,13.32325332162629,49.53471267373816,-0.43812792281825974
2433.630000000001,0.0,13.58055666003977,48.98061206494168,49.0113581430746,49.73046763064444,50.0538551801116,-6.0,0.07,0.07,0.07,-0.2235928728337799,-2.418640712716622,13.088736392482309,-1.45285285285289,0.661336336336362,-10.4994594594595,0.08,0.18,0.21,13.312206316831302,49.44407325469308,-0.46892142164244993
2433.6400000000003,0.0,13.545765407554663,48.91438172501268,48.96575692541857,49.43840268899035,50.08751322171487,-6.0,0.07,0.07,0.07,-0.228474493531854,-2.4181525506468144,13.077508664876737,-1.2926926926926792,0.551226226226217,-10.319279279279264,0.08,0.18,0.21,13.301161424188507,49.35151364028411,-0.4309550540491522
2433.6500000000005,0.0,13.510974155069606,48.96377592527132,48.97172164099973,49.4277048018177,50.00956383236567,-6.057599999999963,0.07,0.07,0.07,-0.2333561142299211,-2.417664388577008,13.066280937271182,-1.142010489510595,0.3683391608396986,-10.14858391608404,0.08,0.18,0.21,13.290118648963908,49.34319155011361,-0.38716853999547396
2433.6600000000003,0.0,13.476182902584496,49.02644696793733,48.98360752840191,49.449315506185286,49.9187988740218,-6.117600000000005,0.07,0.07,0.07,-0.2382377349279952,-2.4171762265072005,13.055053209665612,-1.0371153846154488,-0.166126373626046,-10.023708791208868,0.08,0.18,0.21,13.279077996439948,49.344542219136585,-0.31526545834694886
2433.6700000000005,0.0,13.44139165009944,49.00056385822791,48.88463111898753,49.40676294683552,49.94299818734172,-6.062400000000052,0.07,0.07,0.07,-0.2431193556260623,-2.416688064437394,13.043825482060058,-0.9398147220832224,-0.622731597395972,-9.924243865798656,0.08,0.18,0.21,13.268039471915715,49.30873902784817,-0.2501633931494402
2433.6800000000003,0.0,13.406600397614334,48.96661280337556,48.77555432573851,49.358364634599205,49.97767160506325,-6.002400000000023,0.07,0.07,0.07,-0.2480009763241364,-2.416199902367586,13.032597754454487,-0.8797245868803897,-0.697844266399513,-9.949281422133172,0.08,0.18,0.21,13.257003080706852,49.269550842194135,-0.21838430236216677
2433.6900000000005,0.0,13.371809145129228,48.93266174852322,48.666477532489495,49.30996632236289,50.01234502278479,-5.942399999999995,0.07,0.07,0.07,-0.2528825970222105,-2.415711740297779,13.021370026848915,-0.8498077883174556,-0.660099850225007,-9.970861208187715,0.08,0.18,0.21,13.245968828145736,49.2303626565401,-0.2089965971684499
2433.7000000000003,0.0,13.337017892644168,48.7718725186292,48.69797076005955,49.344250760059545,49.74112348733283,-5.968799999999961,0.07,0.07,0.07,-0.2577642177202777,-2.4152235782279723,13.010142299243364,-0.9646355466798572,-0.080968547179851,-9.975853719420863,0.08,0.18,0.21,13.2349367195815,49.13880438152028,-0.30702264025729437
2433.7100000000005,0.0,13.30222664015906,48.604967401888,48.73624199701931,49.38252199701931,49.45515230005015,-5.998799999999961,0.07,0.07,0.07,-0.2626458384183517,-2.4147354161581647,12.998914571637792,-1.104973717146375,0.3719974968711251,-9.951997496871126,0.08,0.18,0.21,13.22390676038002,49.04472092399419,-0.4048623893278634
2433.7200000000003,0.0,13.3,48.53333019114696,48.640244074446805,49.376676418511074,49.35420534205242,-5.971200000000019,0.07,0.07,0.07,-0.2675274591164258,-2.414247254088357,12.987686844032222,-1.3703053817272062,0.2067909887358905,-9.786790988735891,0.08,0.18,0.21,13.212878955924108,48.97611400653931,-0.5017893526621876
2433.7300000000005,0.0,13.3,48.4676662072436,48.53582757545294,49.368064748490966,49.26485926559376,-5.94120000000004,0.07,0.07,0.07,-0.2724090798144929,-2.4137590920185508,12.976459116426668,-1.5582117882119448,0.1361538461535202,-9.631098901098994,0.08,0.18,0.21,13.201853311613501,48.909104449195326,-0.5811091533708187
2433.74,0.0,13.3,48.47066025838509,48.42552885465853,49.34739247204972,49.38733204968927,-5.94,0.07,0.07,0.07,-0.277290700512567,-2.413270929948743,12.965231388821095,-1.3733966033966871,0.5207692307690561,-9.52120879120884,0.08,0.18,0.21,13.190829832864884,48.907728408695654,-0.5756688921374159
2433.7500000000005,0.0,13.3,48.47704038260869,48.31494003478266,49.32612539130436,49.52025130434777,-5.94,0.07,0.07,0.07,-0.2821723212106411,-2.412782767878936,12.954003661215529,-1.2097897897897942,0.6766366366367077,-9.443613613613609,0.0785274302213644,0.1785274302213644,0.2085274302213644,13.17980852511205,48.90958927826087,-0.5486773037035498
2433.76,0.0,13.3,48.45411113293054,48.25464826283994,49.223517099698,49.4014813746225,-5.997599999999922,0.07,0.07,0.07,-0.2870539419087082,-2.412294605809129,12.94277593360997,-1.1497297297298006,-0.2843243243231924,-9.523693693693598,0.07,0.17,0.2,13.168789393805893,48.83343946752275,-0.41646452952634055
2433.7700000000004,0.0,13.3,48.42932764853978,48.19753849446125,49.115762819738194,49.26678852467274,-6.057599999999922,0.07,0.07,0.07,-0.2919355626067823,-2.411806443739322,12.9315482060044,-1.0965634365634511,-1.0516483516484714,-9.674195804195447,0.07,0.17,0.2,13.157772444414467,48.75235437185299,-0.296044315636477
2433.78,0.0,13.3,48.4200335632184,48.143899770115,49.158837816091896,49.3229290804597,-5.973535151363687,0.07,0.07,0.07,-0.2968171833048495,-2.411318281669516,12.920320478398846,-1.0765834165834376,-0.8868131868133589,-10.163706293705784,0.07,0.17,0.2,13.146757682423116,48.76142505747124,-0.2323929384800804
2433.7900000000004,0.0,13.3,48.41147784107946,48.09042650674665,49.20910268365814,49.38816646176908,-5.883467600700604,0.07,0.07,0.07,-0.3016988040029236,-2.410830119599708,12.909092750793276,-1.0548936170212784,-0.5959574468085654,-10.587021276595738,0.07,0.17,0.2014882381180924,13.135745113334433,48.77479337331334,-0.19128939857648086
2433.8000000000006,0.0,13.3,48.22241664771333,48.15250927564891,48.95518068726837,49.11173610383205,-5.966470147389424,0.07,0.07,0.07,-0.3065804247009976,-2.4103419575299005,12.897865023187704,-1.0248560700875995,0.3101752190240843,-10.687146433041336,0.07,0.17,0.21,13.124734742668426,48.61046067861566,-0.2602723582017805
2433.8100000000004,0.0,13.3,48.02455261804736,48.22022744622978,48.68642419777556,48.81864339678673,-6.056402697976399,0.07,0.07,0.07,-0.3088324724685764,-2.4085405905857207,12.884454244225738,-1.0077528089887324,1.025543071161189,-10.697640449438495,0.07,0.17,0.21,13.111277834143273,48.43746191470986,-0.32732714282253145
2433.8200000000006,0.0,13.28089769833742,48.001900722710175,48.112908993726656,48.68987823337512,48.74042465746559,-6.031200000000019,0.07,0.07,0.07,-0.3049342169379243,-2.403667771172405,12.865937530455142,-1.0526966292134656,0.8257927590512637,-10.278164794007653,0.07,0.17,0.21,13.092095025946254,48.38627815181938,-0.3851322763350211
2433.8300000000004,0.0,13.260926656348294,47.99223447427856,47.99261790213312,48.71350684065242,48.6781310564618,-6.001199999999997,0.07,0.07,0.07,-0.3010359614072722,-2.3987949517590903,12.847420816684544,-1.0848936170212784,0.6089361702127841,-9.890000000000017,0.07,0.17,0.21,13.072913275610171,48.34412256838148,-0.43213945609087284
2433.8400000000006,0.0,13.240955614359196,47.977560150225365,47.89872949424154,48.76021665998989,48.78090457686507,-6.0287784161878335,0.07,0.07,0.07,-0.2971377058766257,-2.393922132345782,12.828904102913972,-1.0548560700876422,0.308560700876421,-9.654705882353197,0.07,0.17,0.21,13.053732587798462,48.35435272033047,-0.42642721456427846
2433.8500000000004,0.0,13.220984572370073,47.962557646469726,47.80657125688547,48.80843899349016,48.89449496244349,-6.058755933050201,0.07,0.07,0.07,-0.2932394503459736,-2.389049312932467,12.810387389143376,-1.0041573033708917,-0.0399250936325518,-9.473782771535523,0.07,0.17,0.21,13.034552967201673,48.36801571482221,-0.400545407273594
2433.8600000000006,0.0,13.201013530380944,47.95665051922117,47.71668472291568,48.59499232651037,48.87901028457316,-6.08876938469234,0.07,0.07,0.07,-0.2893411948153215,-2.384176493519152,12.791870675372778,-0.8543445692884477,-0.6192009987513356,-9.553682896379495,0.07,0.17,0.21,13.01537441853781,48.2868344633051,-0.2779081468242648
2433.8700000000003,0.0,13.181042488391846,47.95130853220171,47.62693934098861,48.36528688467324,48.85550554168749,-6.118784392196054,0.07,0.07,0.07,-0.285442939284675,-2.379303674105844,12.773353961602206,-0.7614893617018756,-1.0217021276602012,-9.665957446808145,0.07,0.17,0.21,12.996196946552473,48.19976007488776,-0.1878805292576806
2433.880000000001,0.0,13.16107144640272,47.75114519500022,47.624432585,48.35116,48.79782508000006,-6.091229385307375,0.07,0.07,0.07,-0.2815446837540229,-2.374430854692529,12.75483724783161,-0.9467209011263612,-0.5611264080101288,-9.936295369211448,0.07,0.17,0.21,12.977020556018962,48.131140715000065,-0.25706469753110284
2433.8900000000003,0.0,13.141100404413594,47.53821519500022,47.627642585,48.35116,48.73790508000006,-6.061244377811106,0.07,0.07,0.07,-0.2776464282233708,-2.369558035279214,12.736320534061012,-1.127565543071276,-0.1171161048686519,-10.166029962546842,0.07,0.17,0.21,12.957845251738643,48.06373071500006,-0.3291979794734163
2433.9000000000005,0.0,13.121129362424496,47.539178729999975,47.64993228999996,48.22764401500023,48.576561385000296,-6.0600000000000005,0.07,0.07,0.07,-0.2737481726927243,-2.3646852158659053,12.71780382029044,-1.287365792758989,0.2474282147314438,-10.200986267166028,0.07,0.17,0.21,12.93867103854107,47.99832910500012,-0.41547845887065427
2433.9100000000003,0.0,13.101158320435369,47.55415872999998,47.67347228999998,48.096034015000136,48.40857138500018,-6.0600000000000005,0.07,0.07,0.07,-0.2698499171620722,-2.3598123964525906,12.699287106519844,-1.4131897846770174,0.5763895843765576,-10.19339509263897,0.07,0.17,0.21,12.919497921284126,47.93305910500007,-0.4930880737899453
2433.9200000000005,0.0,13.1,47.46269406000017,47.47910197500037,48.149195894999885,48.35606381000008,-6.0600000000000005,0.07,0.07,0.07,-0.2659516616314256,-2.354939577039282,12.680770392749272,-1.3731296945418523,0.7316224336503218,-9.978072108162458,0.07,0.17,0.21,12.90032590485438,47.86176393500013,-0.5283634680221025
2433.9300000000003,0.0,13.1,47.3642540600001,47.27045197500022,48.21446589499993,48.31112381000005,-6.0600000000000005,0.07,0.07,0.07,-0.2620534061007735,-2.350066757625967,12.662253678978674,-1.3261807289066847,0.8090414378433994,-9.78445332002002,0.07,0.17,0.21,12.881154994167122,47.79007393500007,-0.549949392196138
2433.9400000000005,0.0,13.1,47.39234262999999,47.24556966000001,48.24157648499999,48.32041034,-6.088662994491741,0.07,0.07,0.07,-0.2581551505701215,-2.345193938212652,12.643736965208078,-1.2463005491762615,0.514483275087464,-9.694588117823296,0.07,0.17,0.21,12.86198519416674,47.79997477875,-0.5060949016987527
2433.9500000000003,0.0,13.1,47.42872262999996,47.23272966000002,48.26618648499997,48.33325033999999,-6.1187080620931145,0.07,0.07,0.07,-0.2542568950394749,-2.340321118799344,12.625220251437506,-1.1314772158241546,0.1635903855792864,-9.626810215322926,0.07,0.17,0.208334901222961,12.842816509826848,47.815222278749985,-0.4413052594322053
2433.9600000000005,0.0,13.1,47.37977164917544,47.17372579710148,48.14725682158927,48.3470880109945,-6.12,0.07,0.07,0.07,-0.2503586395088228,-2.335448299386029,12.606703537666908,-0.8460490736106987,-0.4623485227835553,-9.666870305458149,0.07,0.17,0.2,12.823648946150433,47.76196056971517,-0.2743028173500229
2433.9700000000003,0.0,13.1,47.32522892053973,47.11169681159419,48.01892098950524,48.360991059470265,-6.12,0.07,0.07,0.07,-0.2464603839781707,-2.3305754799727136,12.588186823896311,-0.6523215177233085,-0.8936295556667173,-9.818327508736598,0.07,0.17,0.2,12.804482508170231,47.70420944527736,-0.1414777867304181
2433.9800000000005,0.0,13.1,47.13888234256949,47.1361197481108,47.99877153652394,48.1536547103277,-6.091349325337355,0.07,0.07,0.07,-0.2425621284475242,-2.3257026605594056,12.56967011012574,-0.8969545681475554,-0.3943784323519279,-10.50230154767786,0.07,0.17,0.2,12.78531720094885,47.60685708438298,-0.17203263634007482
2433.99,0.0,13.1,46.94374884130999,47.16630614609569,47.98583450881613,47.93156906801026,-6.061364317841087,0.07,0.07,0.07,-0.2386638729168721,-2.3208298411460904,12.551153396355142,-1.1178723404255255,0.0131914893617045,-10.989148936170242,0.07,0.17,0.2,12.766153029578922,47.506864641058016,-0.21492296235923675
2434.0000000000005,0.0,13.1,46.98203644080415,47.06250872673124,47.737319404318775,47.82489527922564,-6.031407888167748,0.07,0.07,0.07,-0.23476561738622,-2.315957021732775,12.532636682584544,-1.223003754693402,-0.0268585732165341,-10.51355444305366,0.07,0.17,0.2,12.746989999183485,47.40168996276995,-0.31803943790700134
2434.01,0.0,13.1,47.03196446264576,46.95202969967748,47.4770563117402,47.723976937205386,-6.001452820768882,0.07,0.07,0.07,-0.2308673618555735,-2.311084202319467,12.514119968813974,-1.304191919191943,0.0055483405480701,-10.108383838383888,0.07,0.17,0.2,12.727828114916127,47.2962568528172,-0.40999178189114616
2434.0200000000004,0.0,13.06419845425084,46.92867204000006,46.83377374000006,47.44084680000001,47.79901645999996,-6.057132849637172,0.07,0.07,0.07,-0.2308194129735991,-2.308770880539601,12.49934763134321,-1.2705218855219007,0.3855387205385496,-10.0410437710438,0.07,0.17,0.2,12.712882906304069,47.25057726000002,-0.4483886541721139
2434.03,0.0,13.024308152580469,46.81525204000014,46.71500374000014,47.41944680000003,47.88568645999989,-6.117177883412433,0.07,0.07,0.07,-0.2318733203351411,-2.3071900194972885,12.485646835643164,-1.230749804738506,0.7329211142931034,-9.959552199948275,0.07,0.17,0.2,12.699144377758579,47.208847260000056,-0.4834873111270387
2434.0400000000004,0.0,12.984417850910042,46.77489091320757,46.723799557232695,47.49386792452825,47.86581069182391,-6.091402850712719,0.07,0.07,0.07,-0.2329272276966846,-2.305609158454973,12.4719460399431,-1.1318172350951303,0.7641629783910114,-9.74085915126292,0.07,0.17,0.2,12.685406052161133,47.21459227169811,-0.48660915318292153
2434.0500000000006,0.0,12.944527549239613,46.73935883773585,46.74102723018868,47.57462264150943,47.83889245283019,-6.061395348837227,0.07,0.07,0.07,-0.2339811350582281,-2.304028297412658,12.458245244243034,-1.0525911133299986,0.6500798801800822,-9.49867698452337,0.07,0.17,0.2016705993393055,12.671667930171845,47.223475290566036,-0.4847922030375081
2434.0600000000004,0.0,12.90463724756924,46.71438808732327,46.57031368891114,47.56247258248575,47.7073714462914,-6.08858356232821,0.07,0.07,0.07,-0.23503504241977,-2.302447436370345,12.444544448542988,-1.0675686470294423,-0.1587069395898767,-9.144208686969868,0.07,0.17,0.21,12.657930012453685,47.13863645125289,-0.4593661132939244
2434.0700000000006,0.0,12.864746945898812,46.68996734805261,46.38981257256277,47.54548424212355,47.57040295212117,-6.1185610791905765,0.07,0.07,0.07,-0.2360889497813135,-2.3008665753280297,12.430843652842924,-1.0817025538307457,-0.772113169754648,-8.98279919879816,0.07,0.17,0.21,12.64419229967244,47.048916778715025,-0.4247558427895757
2434.0800000000004,0.0,12.824856644228383,46.57115150726093,46.42316788182272,47.21373553330004,47.53344531797697,-6.12,0.07,0.07,0.07,-0.237142857142857,-2.2992857142857144,12.417142857142858,-1.0917175763645512,-0.431602403605262,-9.763970956434989,0.07,0.17,0.21,12.630454792496831,46.93537506009016,-0.3453051603357454
2434.0900000000006,0.0,12.784966342558011,46.4457734401604,46.47139021532292,46.86010508763187,47.50344031046573,-6.12,0.07,0.07,0.07,-0.238196764504399,-2.2977048532434017,12.403442061442812,-1.125053682896301,-0.0791585518104599,-10.353845193508292,0.07,0.17,0.21,12.616717491598493,46.82017726339523,-0.30387771002516073
2434.1000000000004,0.0,12.745076040887584,46.420933513378365,46.32780899724949,46.96166105026242,47.31384864716201,-6.12,0.07,0.07,0.07,-0.2392506718659425,-2.2961239922010863,12.389741265742748,-1.2698726591759968,0.3303295880148872,-10.029250936329662,0.07,0.17,0.21,12.602980397651915,46.756063052013076,-0.4442144966075388
2434.1100000000006,0.0,12.705185739217155,46.4027389647412,46.17154993248328,47.09330396099011,47.11370861215324,-6.12,0.07,0.07,0.07,-0.240304579227486,-2.294543131158771,12.376040470042682,-1.3507359198998523,0.6546357947434205,-9.742075093867324,0.07,0.17,0.21,12.589243511334582,46.695325367591956,-0.5485533133444753
2434.1200000000003,0.0,12.7,46.35162273836205,46.2569347971121,47.0404033408017,47.14639753547415,-6.148445556946159,0.07,0.07,0.07,-0.2413584865890279,-2.2929622701164583,12.362339674342635,-1.1204480600753073,0.5645231539425115,-9.636943679599597,0.07,0.17,0.21,12.575506833326925,46.6988396029375,-0.47775831197718943
2434.130000000001,0.0,12.7,46.29834915110784,46.3581546128951,46.975409564351565,47.19434376400294,-6.178483103879838,0.07,0.07,0.07,-0.2424123939505714,-2.291381409074143,12.348638878642571,-0.9403670411984694,0.4545792759052299,-9.527538077403316,0.07,0.17,0.21,12.561770364312281,46.706564273089356,-0.4224084840884751
2434.1400000000003,0.0,12.7,46.291635446138464,46.33738416395902,46.878338830292456,47.24744256435889,-6.18,0.07,0.07,0.07,-0.2434663013121149,-2.289800548031828,12.334938082942504,-1.0002921348314469,0.2498352059925564,-9.397700374531864,0.07,0.17,0.21,12.548034104977031,46.68870025118721,-0.4408919421356879
2434.1500000000005,0.0,12.7,46.28842624843789,46.30743165208701,46.77885370157471,47.300929192701766,-6.18,0.07,0.07,0.07,-0.2445202086736569,-2.288219686989515,12.32123728724246,-1.03463194792199,0.0731697546319955,-9.387330996494065,0.07,0.17,0.21,12.534298056010561,46.668910198700345,-0.43562290121456004
2434.1600000000003,0.0,12.7,46.27721033149172,46.23638480662986,46.77184,47.25674508287295,-6.18,0.07,0.07,0.07,-0.2455741160352004,-2.2866388259471995,12.307536491542397,-0.9444967451176766,0.0331096644967451,-9.958187280921384,0.07,0.17,0.21,12.5205622181052,46.635545055248635,-0.3147955148716976
2434.1700000000005,0.0,12.7,46.26538712707183,46.16222106981424,46.77184,47.205152918131645,-6.18,0.07,0.07,0.07,-0.2466280233967424,-2.2850579649048868,12.293835695842349,-0.8648027958063025,-0.0121268097852941,-10.40834498252626,0.07,0.17,0.2083513386566564,12.506826591956385,46.60115027875443,-0.2152026075029591
2434.1800000000003,0.0,12.7,46.16995273866453,46.11129980214348,46.69633910634795,47.08740408244032,-6.161046317894045,0.07,0.07,0.07,-0.2476819307582858,-2.2834771038625714,12.280134900142285,-0.8348477284073939,-0.0820219670494143,-10.283532201697474,0.07,0.17,0.2,12.49309117826254,46.516248932399066,-0.2167641489641624
2434.1900000000005,0.0,12.7,46.06903930090688,46.06190161582854,46.61589063149219,46.965319993404826,-6.141052982339223,0.07,0.07,0.07,-0.2487358381198293,-2.281896242820256,12.26643410444222,-0.8543965948923676,-0.1835428142213605,-10.15353279919878,0.07,0.17,0.2,12.479355977725197,46.42803788540811,-0.2324464703010705
2434.2000000000003,0.0,12.7,45.96812586314936,46.01250342951367,46.53544215663655,46.84323590436951,-6.121059646784429,0.07,0.07,0.07,-0.2497897454813713,-2.280315381777944,12.252733308742172,-1.1147871807709395,-0.4389258888330371,-9.998299949925018,0.07,0.17,0.2,12.465620991048969,46.33982683841727,-0.31682783508005574
2434.2100000000005,0.0,12.7,45.8670115079173,45.86994495006108,46.5940036540803,46.847818601705214,-6.12,0.07,0.07,0.07,-0.2484380106831879,-2.279219005341594,12.239066074782317,-1.3005418227216634,-0.5226367041201331,-9.848339575530636,0.07,0.17,0.2,12.451959649081344,46.294694678440976,-0.3931981531539703
2434.2200000000003,0.0,12.67902106567534,45.76587630694286,45.71772083313048,46.666987819731965,46.86554332764919,-6.12,0.07,0.07,0.07,-0.2464867435791111,-2.278243371789556,12.22540720505378,-1.1307540574282269,0.2114456928838429,-9.723495630461931,0.07,0.17,0.2,12.438317004532573,46.25403207186362,-0.4314063380759492
2434.2300000000005,0.0,12.654237918215635,45.74542123488553,45.65124967326997,46.67768,46.76852181631101,-6.14837453183518,0.07,0.07,0.07,-0.2445354764750372,-2.277267738237519,12.21174833532526,-0.99,0.828560700876037,-9.54038548185286,0.07,0.17,0.2,12.42467477868904,46.21071818111663,-0.47601984897533894
2434.24,0.0,12.629454770755896,45.73881459737588,45.59949767944438,46.67768,46.65180455364053,-6.178337078651668,0.07,0.07,0.07,-0.2425842093709604,-2.2762921046854805,12.198089465596723,-0.99,0.8786232790988352,-9.074803504380831,0.07,0.17,0.2,12.411032972931437,46.166949207615204,-0.5516860805494352
2434.2500000000005,0.0,12.604671623296156,45.64906309529743,45.5328178054243,46.490644319482655,46.73045690470257,-6.208335000000004,0.07,0.07,0.07,-0.2406329422668837,-2.275316471133442,12.184430595868186,-1.0063719890737222,0.8553737273405707,-8.719297243605608,0.07,0.17,0.2,12.397391588646537,46.100745531226735,-0.6085683783781135
2434.26,0.0,12.579888475836452,45.55108847474513,45.46466154764879,46.28511060462838,46.82843152525487,-6.238334999999983,0.07,0.07,0.07,-0.2386816751628097,-2.274340837581405,12.17077172613967,-1.100735038490093,0.4828880059601594,-8.88815743729806,0.07,0.17,0.2,12.38375062722719,46.03232303806929,-0.5759698621397776
2434.2700000000004,0.0,12.555105328376712,45.64370503132035,45.38158908043106,46.28107703332496,46.59771874718144,-6.24,0.07,0.07,0.07,-0.236730408058733,-2.273365204029367,12.157112856411132,-1.181608848667668,0.0686425339369068,-9.145837104072106,0.07,0.17,0.2,12.370110090072277,45.97602247306445,-0.5210572445067155
2434.28,0.0,12.530322180917008,45.75738080180386,45.29686845903297,46.29930805311949,46.330687927838106,-6.24,0.07,0.07,0.07,-0.234779140954659,-2.27238957047733,12.143453986682614,-1.1916641528406082,-0.5648416289583255,-9.8698190045238,0.07,0.17,0.2,12.356469978586903,45.92106131044861,-0.3489955945514328
2434.2900000000004,0.0,12.505539033457268,45.60323060120261,45.29173087174348,46.08951665330687,46.21896413827666,-6.24,0.07,0.07,0.07,-0.2328278738505823,-2.2714139369252915,12.129795116954076,-1.2119640179909248,-1.0233433283362756,-10.44607196401815,0.07,0.17,0.2,12.342830294182255,45.8008605661324,-0.2209266792304685
2434.3000000000006,0.0,12.480755885997528,45.42096607214437,45.29494730460922,45.855789198396906,46.12354329659323,-6.24,0.07,0.07,0.07,-0.2308766067465056,-2.270438303373253,12.11613624722554,-1.281929035482218,-0.6335382308847861,-10.306141929035563,0.07,0.17,0.2,12.329191038275779,45.67381146793593,-0.3061324832800898
2434.3100000000004,0.0,12.455972738537824,45.32041194244618,45.32052070550007,45.86160647017865,46.14736376421438,-6.296565858535256,0.07,0.07,0.07,-0.2289253396424316,-2.269462669821216,12.102477377497022,-1.3009195402302196,-0.1919090454782722,-10.160264867566472,0.07,0.17,0.201673738802445,12.31555221229116,45.66247572058482,-0.38050891200379094
2434.3200000000006,0.0,12.45,45.22803784172672,45.34833226270593,45.89140456718493,46.18312148062192,-6.356550862284357,0.07,0.07,0.07,-0.2269740725383549,-2.268487036269178,12.088818507768485,-1.0710344827588285,0.5027436281852795,-9.98535232383824,0.07,0.17,0.21,12.301913817658285,45.66272403805988,-0.4020125082540163
2434.3300000000004,0.0,12.45,45.31500342764748,45.36299167340339,45.88479702506064,46.18232795472919,-6.416549999999971,0.07,0.07,0.07,-0.2250228054342781,-2.2675114027171395,12.075159638039947,-0.8926749999999757,0.9955000000001624,-9.804510000000068,0.07,0.17,0.21,12.28827585581341,45.68628002021018,-0.42072290323376965
2434.3400000000006,0.0,12.45,45.46032274858516,45.373371624898944,45.86634377795744,46.16964134734574,-6.476549999999928,0.07,0.07,0.07,-0.2230715383302041,-2.2665357691651025,12.06150076831143,-0.9676749999999223,0.4955000000005177,-9.594510000000218,0.07,0.17,0.21,12.274638328199126,45.71741987469682,-0.4256986813154693
2434.3500000000004,0.0,12.45,45.3171497265043,45.21943973147695,45.788903202386905,46.20854006961709,-6.451753246753271,0.07,0.07,0.07,-0.2211202712261274,-2.265560135613064,12.047841898582892,-1.027459283387627,0.0241042345277944,-9.41661237785017,0.07,0.17,0.2083380018674173,12.261001236264338,45.633508182496314,-0.42368076356770373
2434.3600000000006,0.0,12.45,45.14156544007956,45.04704788662357,45.704835574341125,46.253234251616114,-6.421783216783229,0.07,0.07,0.07,-0.2191690041220507,-2.264584502061026,12.034183028854356,-1.0124254572788716,-0.3066399398648247,-9.39656727637183,0.07,0.17,0.2,12.247364581464417,45.53667078816509,-0.3872737260902928
2434.3700000000003,0.0,12.45,45.054987323943735,45.00288672032196,45.74895014084501,46.02022205231414,-6.448214999999967,0.07,0.07,0.07,-0.2172177370179767,-2.263608868508989,12.020524159125838,-0.9818369890329388,-0.5229162512463791,-9.429299601196307,0.07,0.17,0.2,12.233728365261168,45.45676155935621,-0.3495586531334065
2434.380000000001,0.0,12.45,44.97963521126764,44.97489879275655,45.80923183098589,45.75218382293775,-6.478214999999988,0.07,0.07,0.07,-0.2152664699139,-2.26263323495695,12.0068652893973,-0.8771510468594101,-0.1939032901295748,-9.71344715852446,0.07,0.17,0.2,12.220092589122828,45.37898741448696,-0.3056125062638865
2434.3900000000003,0.0,12.45,44.92404610778445,44.99901017964071,45.52597556886239,45.6206225149701,-6.451806145390955,0.07,0.07,0.07,-0.2133152028098232,-2.261657601404912,11.993206419668764,-0.8437654320989423,0.0849629629629792,-9.913604938271488,0.07,0.17,0.2,12.206457254524201,45.267413592814414,-0.29310687790443946
2434.4000000000005,0.0,12.45,44.87065289421167,45.028910379241466,45.20454842315424,45.50422530938143,-6.42182862852863,0.07,0.07,0.07,-0.2113639357057493,-2.2606819678528747,11.979547549940246,-1.1647530864195694,0.1145925925925756,-9.696320987654444,0.07,0.17,0.2,12.192822362946634,45.15208425149721,-0.4368653191539923
2434.4100000000003,0.0,12.45,44.88389843137253,44.9822041568628,45.15796109803923,45.46110258823533,-6.448169999999995,0.07,0.07,0.07,-0.2101505000000001,-2.2595485,11.965484999999996,-1.4039514292942548,0.1652339994940216,-9.524419428282298,0.07,0.17,0.2,12.178774730724244,45.12129156862747,-0.5484740675072478
2434.4200000000005,0.0,12.427486545744506,44.90487882352937,44.926606117647154,45.14327482352944,45.42648494117653,-6.478169999999974,0.07,0.07,0.07,-0.2106504999999996,-2.258048500000001,11.95048500000001,-1.1509790032888232,0.3423146976978237,-9.625608398684472,0.07,0.17,0.2,12.163767853618701,45.100311176470626,-0.4666206287811766
2434.4300000000003,0.0,12.397588200119614,44.758512595016526,44.836529141706606,45.19464437956198,45.51371444752066,-6.48,0.07,0.07,0.07,-0.2111504999999999,-2.2565485000000005,11.935485000000002,-0.9491666666666668,0.44,-9.615833333333336,0.07,0.17,0.2,12.148761165309308,45.075850140951445,-0.41048508200473166
2434.4400000000005,0.0,12.367689854494724,44.58399459854019,44.740651970802936,45.25712613138684,45.621441605839394,-6.48,0.07,0.07,0.07,-0.2116505000000001,-2.2550485,11.920484999999994,-1.0043875502007948,0.138795180722938,-9.0485642570282,0.07,0.17,0.2,12.133754666496573,45.05080357664234,-0.48355870321673033
2434.4500000000003,0.0,12.337791508869875,44.58188955819234,44.62009458217639,45.14971837919735,45.65992765968186,-6.508053892215527,0.07,0.07,0.07,-0.2121504999999997,-2.253548500000001,11.905485000000008,-1.0395938200848152,-0.106531273361605,-8.671054074257869,0.07,0.17,0.2,12.118748357884476,45.00290754481198,-0.5270036049175761
2434.4600000000005,0.0,12.307893163244987,44.60566133299669,44.49583303206274,45.01681254733668,45.68802157535973,-6.537994011976008,0.07,0.07,0.07,-0.2126505,-2.2520485000000003,11.890485000000002,-0.9797881883877646,-0.0865960627959215,-9.19435335160706,0.07,0.17,0.2,12.103742240180413,44.95158212193896,-0.429797228937974
2434.4700000000003,0.0,12.277994817620096,44.53414113943033,44.43735453273366,45.08762791604192,45.51525039480271,-6.568032048072082,0.07,0.07,0.07,-0.2131505000000002,-2.2505484999999994,11.875484999999994,-0.9291599799398168,-0.0221188565695543,-9.692161484453562,0.07,0.17,0.2,12.088736314095337,44.89359349575216,-0.3441622463478984
2434.4800000000005,0.0,12.24809647199525,44.45072284857584,44.38708966516749,45.1838797901048,45.31739932034012,-6.598077115673456,0.07,0.07,0.07,-0.2136504999999997,-2.2490485000000007,11.860485000000008,-0.9241449348044164,0.2637387161482627,-10.063274824473185,0.07,0.17,0.2,12.073730580343744,44.83477290604706,-0.3160388159772461
2434.49,0.0,12.21819812637036,44.38533457135721,44.31781519120226,45.04837193201713,45.30853891527117,-6.628058955783122,0.07,0.07,0.07,-0.2141505,-2.2475485,11.845485,-0.950332167832103,0.4480019980021094,-10.29546953046969,0.07,0.17,0.2,12.0587250396436,44.76501515246194,-0.30885333992435166
2434.5000000000005,0.0,12.18829978074547,44.32222034991253,44.24614310922271,44.88363311672085,45.3235151712072,-6.658036472645489,0.07,0.07,0.07,-0.2146505000000002,-2.2460484999999992,11.830484999999992,-1.1251573426573465,0.1483016983016918,-9.865899100899092,0.07,0.17,0.2,12.043719692716504,44.69387793676582,-0.4014097615297438
2434.51,0.0,12.158401435120622,44.26881941491961,44.17048114578263,44.937328912725405,45.260379180887455,-6.66,0.07,0.07,0.07,-0.2151504999999998,-2.2445485000000005,11.815485000000006,-1.250252816020141,-0.0587884856072504,-9.514292866082576,0.07,0.17,0.2,12.028714540287655,44.65925216357877,-0.4750969092658348
2434.5200000000004,0.0,12.15,44.21664974158951,44.09431342272068,45.018713603120375,45.187341638225305,-6.66,0.07,0.07,0.07,-0.2156505,-2.2430485,11.800484999999998,-1.1351088861077048,0.1815118898621815,-9.539324155193976,0.07,0.17,0.2,12.013709583085795,44.62925460141396,-0.4576284103505952
2434.53,0.0,12.15,44.18236302158278,44.13061428057545,45.08629363309343,45.09904895683466,-6.716131934032906,0.07,0.07,0.07,-0.2161504999999995,-2.2415485000000013,11.785485000000012,-1.0296274217586627,0.4128464977642347,-9.573830104321784,0.07,0.17,0.2,11.99870482184339,44.624579973021575,-0.441038582784377
2434.5400000000004,0.0,12.15,44.15157165467628,44.188897939362754,45.151175441932125,45.0077745477904,-6.776101949025443,0.07,0.07,0.07,-0.2166504999999998,-2.2400485000000003,11.770485000000004,-0.9700149031297044,0.601619473422603,-9.653313462493728,0.07,0.17,0.2,11.983700257296475,44.62485489594039,-0.42861991920825027
2434.5500000000006,0.0,12.15,44.20306664681062,44.18487425663936,44.99746396624474,45.02615930007445,-6.836057956532585,0.07,0.07,0.07,-0.2171505,-2.2385485,11.755484999999997,-0.9094665324609988,0.7365022647206895,-9.70784599899346,0.07,0.17,0.2,11.968695890184838,44.602891042442295,-0.4140593043645621
2434.5600000000004,0.0,12.15,44.26467995035983,44.17318897493176,44.81687324894533,45.05802825018612,-6.896012990257235,0.07,0.07,0.07,-0.2176504999999996,-2.237048500000001,11.740485000000012,-0.8440412682436365,0.5905535983896506,-9.632355309511889,0.07,0.17,0.2,11.953691721251966,44.57819260610576,-0.38833659564832734
2434.5700000000006,0.0,12.15,44.171322876747226,43.99832984498109,44.86308181956792,44.94002120965703,-6.927984011990985,0.07,0.07,0.07,-0.2181504999999999,-2.2355485000000006,11.725485000000004,-0.822069738480653,0.3902590286427008,-9.60553673723532,0.07,0.17,0.2,11.93868775124501,44.49318893773832,-0.3641894519082987
2434.5800000000004,0.0,12.15,44.05602935705216,43.8003730470141,44.94139439898344,44.80079884625167,-6.957961528853352,0.07,0.07,0.07,-0.2186505000000001,-2.2340485,11.710484999999997,-1.006378580323784,-0.0680224159402199,-9.809770859277709,0.07,0.17,0.2,11.923683980914936,44.39964891232534,-0.34752171431987466
2434.5900000000006,0.0,12.15,43.99199209039556,43.83861333333326,44.76421774011326,44.71355898305095,-6.93204000000003,0.07,0.07,0.07,-0.2191504999999996,-2.232548500000001,11.69548500000001,-1.1558218318695397,-0.4491643663739079,-9.995877038895747,0.07,0.17,0.2,11.908680411016483,44.327095536723256,-0.32991012650636314
2434.6000000000004,0.0,12.15,43.9331171211005,43.90064231884055,44.56130936379279,44.63155456153284,-6.902040000000008,0.07,0.07,0.07,-0.2196504999999999,-2.2310485000000004,11.680485000000004,-1.130727728983706,-0.4441455457967411,-10.091234629861916,0.07,0.17,0.2,11.893677042308136,44.25665584131667,-0.30757361879710454
2434.6100000000006,0.0,12.15,43.888055593719336,43.87001890088322,44.55387385672227,44.5743886653582,-6.844080000000014,0.07,0.07,0.07,-0.2198494962374057,-2.2274414360358983,11.666387909697738,-1.1013108614232263,-0.255790262172394,-10.143063670412,0.07,0.17,0.2,11.879159735078364,44.22158425417075,-0.30943698426604793
2434.6200000000003,0.0,12.139237802593136,43.84500358194313,43.82591684003931,44.57487483807652,44.52083616290487,-6.7840800000001,0.07,0.07,0.07,-0.2193494837370937,-2.218941223530593,11.65438760969025,-1.0513732833957803,0.8028863920094576,-9.98825717852692,0.07,0.17,0.2,11.865772832243199,44.19165785574096,-0.4261802074660564
2434.630000000001,0.0,12.124248669714463,43.88367100409832,43.77744609631152,44.50968349385251,44.5202387807377,-6.807925093632938,0.07,0.07,0.07,-0.2188494712367809,-2.210441011025276,11.642387309682745,-0.996259389083591,1.6147320981470574,-9.79043815723568,0.07,0.17,0.2,11.85238907659316,44.172759843750015,-0.5220282007894643
2434.6400000000003,0.0,12.109259536835792,43.93848657786884,43.72811207991804,44.42746013319673,44.53010558401639,-6.837887640449448,0.07,0.07,0.07,-0.2183494587364682,-2.2019407985199595,11.630387009675236,-0.9161392088131473,1.2341612418624497,-9.38482974461656,0.07,0.17,0.2,11.839008478801748,44.15604109375,-0.5169333489066972
2434.6500000000005,0.0,12.094270403957143,43.92143229011428,43.596553075012544,44.30237886736226,44.56223737704915,-6.895811858894122,0.07,0.07,0.07,-0.2178494462361561,-2.1934405860146544,11.618386709667748,-0.8674238642036862,0.7989041437843805,-9.06393909136295,0.07,0.17,0.2,11.825631049588257,44.09565040238456,-0.5038773160104829
2434.6600000000003,0.0,12.079281271078475,43.89485504222554,43.45409902632888,44.17161880774964,44.597319344262296,-6.955856892669468,0.07,0.07,0.07,-0.2173494337358434,-2.184940373509338,11.60638640966024,-0.9672740888667152,0.1049450823763292,-9.143819271093372,0.07,0.17,0.2,11.812256799717925,44.029473055141594,-0.45315965029699845
2434.6700000000005,0.0,12.064292138199828,43.80721914091949,43.359817226827545,44.11720628485311,44.513022426526135,-7.01577633549665,0.07,0.07,0.07,-0.2168494212355313,-2.1764401610040327,11.594386109652753,-1.056011517275879,-0.3454757135710758,-9.299313970955918,0.07,0.17,0.2,11.798885740002321,43.94931626978157,-0.41259068308503793
2434.6800000000003,0.0,12.049303005321155,43.71045953278083,43.27273357950274,44.07420201456926,44.41088728460199,-7.075686470294468,0.07,0.07,0.07,-0.2163494087352185,-2.167939948498716,11.582385809645244,-1.0910640961441984,0.3806134201298206,-9.820095142713804,0.07,0.17,0.2,11.785517881299413,43.867070602863706,-0.42104910192849465
2434.6900000000005,0.0,12.034313872442484,43.610431119743374,43.29275587231883,43.98382985644326,44.32928353994265,-7.117107630789708,0.07,0.07,0.07,-0.2158493962349058,-2.159439735993399,11.57038550963774,-1.1191288067898155,0.9460234648028116,-10.229091362955575,0.07,0.17,0.2,11.772153234513947,43.804075097112026,-0.4273702439675858
2434.7000000000003,0.0,12.019324739563835,43.50995484884329,43.3274527140685,43.8869678398921,44.25049279513611,-7.157094301899315,0.07,0.07,0.07,-0.2153493837345937,-2.150939523488094,11.55838520963025,-1.1141362955566714,0.751315526710182,-10.109271093360112,0.07,0.17,0.2,11.758791810597609,43.743717049485,-0.4235806582014928
2434.7100000000005,0.0,12.004335606685167,43.40947857794307,43.36214955581822,43.7901058233408,44.17170205032946,-7.197080973008979,0.07,0.07,0.07,-0.214849371234281,-2.1424393109827773,11.546384909622745,-1.1314697045567113,0.5522133199801885,-9.96019028542843,0.07,0.17,0.2,11.74543362054922,43.68335900185789,-0.4312598749772228
2434.7200000000003,0.0,11.989346473806496,43.33748740259743,43.276548711288754,43.84021851148848,44.22033146853144,-7.172203898050971,0.07,0.07,0.07,-0.2143493587339682,-2.13393909847746,11.534384609615238,-1.2566574862292796,0.3318828242364682,-9.669754631948072,0.07,0.17,0.2,11.732078675415083,43.668646523476525,-0.49434377342045327
2434.7300000000005,0.0,11.974357340927847,43.26800688311694,43.180344915084994,43.903285444555394,44.280191608391554,-7.142218890554746,0.07,0.07,0.07,-0.2138493462336562,-2.125438885972156,11.522384309607748,-1.2841872659181963,0.1700424469411665,-9.535440699125267,0.07,0.17,0.2,11.718726986289166,43.657957212787224,-0.5070869542135215
2434.74,0.0,11.959368208049176,43.364105495383015,43.10673511355132,43.88893048165711,44.20876087846274,-7.140000000000001,0.07,0.07,0.07,-0.2133493337333434,-2.1169386734668385,11.510384009600244,-0.8497303370788002,0.2848988764044551,-10.13968539325822,0.07,0.17,0.2,11.705378564313287,43.64213299226354,-0.281685364688167
2434.7500000000005,0.0,11.944379075170508,43.47519109558268,43.03517035188423,43.8675678662341,44.12544667831299,-7.140000000000001,0.07,0.07,0.07,-0.2128493212330306,-2.108438460961521,11.498383709592735,-0.5494142678349918,0.3731113892365227,-10.484145181476327,0.07,0.17,0.2,11.692033420677463,43.6258439980035,-0.13787588530812456
2434.76,0.0,11.92938994229186,43.22453936936981,43.00745468468472,43.748309189189385,44.0957362612613,-7.140000000000001,0.07,0.07,0.07,-0.2123493087327186,-2.099938248456217,11.486383409585248,-0.8948460575718094,0.3330613266583409,-9.578012515644964,0.07,0.17,0.2,11.678691566620117,43.5190098761263,-0.38684702918399827
2434.7700000000004,0.0,11.91440080941319,42.93963446446481,42.98389112112115,43.619780660660815,44.07110162662666,-7.140000000000001,0.07,0.07,0.07,-0.2118492962324058,-2.0914380359509,11.47438310957774,-1.1590861423221055,0.3139425717852629,-8.989468164793946,0.07,0.17,0.2,11.665353013428238,43.403601968218354,-0.5626655266233641
2434.78,0.0,11.89941167653454,43.093889052262696,42.83688516629187,43.72649959489848,43.88873128782233,-7.112213053263358,0.07,0.07,0.07,-0.2113492837320938,-2.082937823445595,11.46238280957025,-1.0392359550563206,0.3938426966291196,-9.903325842695557,0.07,0.17,0.2,11.652017772437782,43.38650127531885,-0.3924237969358619
2434.7900000000004,0.0,11.88442254365587,43.28867774943714,42.67848556639177,43.85493170292558,43.691802055514096,-7.082205551387865,0.07,0.07,0.07,-0.210849271231781,-2.074437610940278,11.450382509562743,-0.9425832290362828,0.3747534418026726,-10.66,0.07,0.1685328185328317,0.2,11.638685855033762,43.37847426856715,-0.24346689731573337
2434.8000000000006,0.0,11.8694334107772,43.02591514364245,42.68672648013988,43.59540961279058,43.65371351986012,-7.08,0.07,0.07,0.07,-0.2103492587314682,-2.065937398434961,11.43838220955524,-0.957602002503122,-0.1208660826030308,-10.66,0.07,0.16,0.2,11.62535727265063,43.24044118910825,-0.19697417964966715
2434.8100000000004,0.0,11.854444277898551,42.721193684736924,42.71024883837119,43.30031093679786,43.630191161628815,-7.08,0.0698507984904915,0.0698507984904915,0.0698507984904915,-0.2093976475289082,-2.058042354468952,11.426536473291222,-0.9848139825217318,-0.4864294631713771,-10.572858926342754,0.07,0.1616444866920104,0.2,11.612283215760513,43.0904861553837,-0.1812877029815747
2434.8200000000006,0.0,11.832455484064075,42.75481449637584,42.66628128967763,43.34649374156454,43.614484213946525,-6.9691108891109685,0.0693509609376959,0.0693509609376959,0.0693509609376959,-0.2073997952201391,-2.0515493344654523,11.4150488225158,-1.0697078651685104,-0.2367415730337932,-10.073483146067586,0.07,0.17,0.2,11.599793488128242,43.095518435391135,-0.31133504834232867
2434.8300000000004,0.0,11.807516584368315,42.82006818295424,42.61600385903526,43.42458421894524,43.5995079580105,-6.849230769230802,0.0688511233849003,0.0688511233849003,0.0688511233849003,-0.2054019429113701,-2.0450563144619527,11.403561171740378,-1.10125156445544,0.1344655819780208,-9.627279098873483,0.07,0.17,0.2,11.587305669787833,43.1150410547363,-0.4280554263038671
2434.8400000000006,0.0,11.782577684672596,42.76897133716577,42.693809787553015,43.48311998500369,43.5845317020745,-6.867689999999969,0.0683512858321054,0.0683512858321054,0.0683512858321054,-0.2034040906026038,-2.0385632944584624,11.392073520964972,-0.8759699624531678,1.09066082603211,-9.43704130162712,0.07,0.17,0.2,11.574819766918985,43.13260820294924,-0.4806204030646858
2434.8500000000004,0.0,11.757638784976836,42.70692684828796,42.78366732316917,43.53981581104721,43.56955544613847,-6.897689999999991,0.0678514482793098,0.0678514482793098,0.0678514482793098,-0.2014062382938347,-2.032070274454963,11.38058587018955,-0.7396704119849994,1.7475455680400018,-9.225101123595527,0.07,0.17,0.2,11.562335785727084,43.14999135716071,-0.5352283240837576
2434.8600000000006,0.0,11.73269988528108,42.74740821856286,42.70071905688626,43.426685224550944,43.62483865269459,-6.9,0.0673516107265142,0.0673516107265142,0.0673516107265142,-0.1994083859850656,-2.025577254451463,11.369098219414129,-1.024314606741643,0.9884943820222852,-8.910494382022394,0.07,0.17,0.2,11.549853732443447,43.12491278817366,-0.5995007177969718
2434.8700000000003,0.0,11.707760985585356,42.79759783932128,42.601407679640886,43.29747364770481,43.686774780439016,-6.9,0.0668517731737192,0.0668517731737192,0.0668517731737192,-0.1974105336762994,-2.019084234447973,11.35761056863872,-1.23760640961453,0.2402804206315264,-8.77488733099589,0.07,0.17,0.2,11.537373613325375,43.09581348677649,-0.6138488949453323
2434.880000000001,0.0,11.6828220858896,42.63641192587048,42.4023201502632,43.22923748059111,43.472059148510176,-6.927699225580787,0.0663519356209236,0.0663519356209236,0.0663519356209236,-0.1954126813675303,-2.0125912144444733,11.3461229178633,-1.107411116675059,-0.4557636454679536,-9.500976464696786,0.07,0.17,0.2,11.524895434656278,42.93500717630874,-0.38786421560606127
2434.8900000000003,0.0,11.65788318619384,42.454193042825054,42.19330437265227,43.16706868519913,43.22981522163801,-6.957676742443154,0.065852098068128,0.065852098068128,0.065852098068128,-0.1934148290587612,-2.0060981944409737,11.334635267087878,-1.0061173533083678,-0.9111485642945704,-10.12359550561799,0.07,0.168483091787439,0.2,11.512419202745853,42.76109533057861,-0.21226887530022137
2434.9000000000005,0.0,11.632944286498118,42.42956535928145,42.18876944111775,43.05538935129755,43.22238944111775,-6.932338830584747,0.0653522605153331,0.0653522605153331,0.0653522605153331,-0.1914169767499949,-1.999605174437484,11.323147616312472,-1.041073657927555,-0.2319975031217891,-10.258426966291998,0.07,0.16,0.2,11.499944923930205,42.72402839820362,-0.2742232761518414
2434.9100000000003,0.0,11.60800538680236,42.41995458083833,42.20371954091816,42.93899214570864,43.23733954091816,-6.902353823088479,0.0648524229625375,0.0648524229625375,0.0648524229625375,-0.1894191244412258,-1.993112154433984,11.311659965537048,-1.086408010012462,0.3498623279098222,-10.382953692115102,0.07,0.16,0.2,11.487472604571911,42.70000145209582,-0.3311056392011913
2434.9200000000005,0.0,11.6,42.36550498748131,42.21579500250374,42.974182283425066,43.080897235854025,-6.84471000000009,0.0643525854097426,0.0643525854097426,0.0643525854097426,-0.1874212721324596,-1.986619134430493,11.300172314761642,-1.1815269086357112,0.4650062578221767,-10.458047559449248,0.07,0.16,0.2,11.475002251060285,42.659094877316036,-0.36365692235789415
2434.9300000000003,0.0,11.6,42.30656657986986,42.227582684026025,43.02454783174757,42.90729683525304,-6.784710000000047,0.063852747856947,0.063852747856947,0.063852747856947,-0.1854234198236905,-1.9801261144269944,11.28868466398622,-1.2241697877652749,0.603695380774055,-10.46494382022469,0.07,0.1613629910080342,0.2,11.462533869811358,42.616498482724126,-0.3913549704755517
2434.9400000000005,0.0,11.6,42.26241458946846,42.1360771499876,42.94812677314706,43.017683448964206,-6.80762428178865,0.0633529103041514,0.0633529103041514,0.0633529103041514,-0.1834255675149214,-1.9736330944234943,11.2771970132108,-1.0194257178526014,0.8533832709114618,-10.15033707865156,0.07,0.17,0.2,11.450067467268148,42.59107549039183,-0.39617348198034913
2434.9500000000003,0.0,11.6,42.219689358622496,42.03460472672843,42.85947191914168,43.15547231844244,-6.837601798650975,0.0628530727513565,0.0628530727513565,0.0628530727513565,-0.1814277152061551,-1.9671400744200045,11.265709362435391,-0.8430913642052841,0.9175093867339854,-9.912453066332828,0.07,0.1683427762039757,0.2,11.43760304990073,42.56730958073376,-0.3796260360832755
2434.9600000000005,0.0,11.6,42.25176550775383,41.99808772386197,42.74243089544787,43.08346542771397,-6.895186203449101,0.0623532351985609,0.0623532351985609,0.0623532351985609,-0.179429862897386,-1.9606470544165049,11.254221711659971,-0.8030413016270455,0.091476846057813,-10.042615769712103,0.07,0.16,0.2,11.425140624206346,42.51893738869441,-0.2605839249680249
2434.9700000000003,0.0,11.6,42.29137531265632,41.9681127363682,42.622530945472775,42.99032885942975,-6.955171207198202,0.0618533976457653,0.0618533976457653,0.0618533976457653,-0.1774320105886169,-1.954154034413005,11.242734060884548,-0.7935955056179897,-0.4903745318351544,-10.072222222222182,0.07,0.16,0.2,11.412680196709609,42.46808696348177,-0.19242822065881976
2434.9800000000005,0.0,11.6,42.11595376087524,42.006039254287785,42.61168,42.99834922197362,-6.96,0.0613535600929704,0.0613535600929704,0.0613535600929704,-0.1754341582798507,-1.9476610144095148,11.231246410109142,-0.9284269662919976,0.0789138576773239,-9.62777777777823,0.07,0.16,0.2,11.400221773962626,42.43300555928416,-0.36416557700638263
2434.99,0.0,11.6,41.91913546607031,42.05072232662187,42.61168,43.01643522744219,-6.96,0.0608537225401748,0.0608537225401748,0.0608537225401748,-0.1734363059710816,-1.9411679944060152,11.21975875933372,-1.0270463078849077,0.5672715894867897,-9.380037546933188,0.07,0.16,0.2,11.387765362545055,42.39949325503359,-0.48555777760075347
2435.0000000000005,0.0,11.6,41.95600700150676,41.91242989452543,42.60588877950779,42.89955997990965,-6.987579315513343,0.0603538849873792,0.0603538849873792,0.0603538849873792,-0.1714384536623125,-1.934674974402516,11.208271108558298,-0.9519524405507104,0.6673967459323863,-10.075907384230083,0.07,0.16,0.2,11.375310969064369,42.3434714138624,-0.3654391585650411
2435.01,0.0,11.6,42.01942237066793,41.75335405323976,42.599439758915125,42.76735505776007,-7.017556832375668,0.0601497973631554,0.0601497973631554,0.0601497973631554,-0.1697124887690932,-1.93,11.19654986522912,-0.911880259677653,0.5842149555193219,-10.617179610483522,0.07,0.16,0.2,11.362941133940915,42.28489281014572,-0.2614171828248541
2435.0200000000004,0.0,11.583475082065076,41.90586013510144,41.74147365524143,42.57747319489619,42.73077953965476,-6.937355661084827,0.0606628020314981,0.0606628020314981,0.0606628020314981,-0.1686856629444232,-1.93,11.18422795533308,-1.036910314979517,-0.3631281558063388,-10.429634527530723,0.07,0.16,0.2,11.350784546001082,42.238896631223454,-0.2332793826204722
2435.03,0.0,11.5586068835174,41.7741513535154,41.7446860645484,42.55391552664504,42.70400946209663,-6.847378155461303,0.0611758066998402,0.0611758066998402,0.0611758066998402,-0.1676588371197547,-1.93,11.171906045437058,-1.1465191356417948,-1.15187451184655,-10.207289768290032,0.07,0.16,0.2,11.338628407957351,42.194190601701365,-0.22172082981558855
2435.0400000000004,0.0,11.533738684969688,41.73202520459086,41.71199474051901,42.4625057684632,42.63655963572864,-6.8124668832792175,0.0616888113681829,0.0616888113681829,0.0616888113681829,-0.1666320112950847,-1.93,11.159584135541015,-1.1100702941942353,-0.4385186149443169,-9.65535016922699,0.07,0.16,0.2,11.326472721258236,42.13577133732543,-0.3671877144241133
2435.0500000000006,0.0,11.508870486421976,41.69892141217567,41.67568735528944,42.36426225548907,42.56501272954095,-6.782474381404668,0.0622018160365256,0.0622018160365256,0.0622018160365256,-0.1656051854704147,-1.93,11.147262225644978,-1.0415480649188316,0.3029338327091927,-9.272534332084932,0.07,0.16,0.2,11.31431748735849,42.07597093812379,-0.4792103440092518
2435.0600000000004,0.0,11.4840022878743,41.72279798453476,41.54861778498395,42.260247054128335,42.56880206535294,-6.807511244377767,0.0627148207048677,0.0627148207048677,0.0627148207048677,-0.1645783596457462,-1.93,11.134940315748956,-0.8218227215982259,1.1768414481888745,-9.687016229712436,0.07,0.16,0.2,11.302162707719047,42.02511622225,-0.4335671999128172
2435.0700000000006,0.0,11.459134089326588,41.75269072586679,41.41196525318041,42.15562245946625,42.580545642304806,-6.837496251874035,0.0632278253732104,0.0632278253732104,0.0632278253732104,-0.1635515338210763,-1.93,11.122618405852917,-0.6788610763452767,1.7229662077604062,-9.987684605757364,0.07,0.16,0.2,11.290008383807043,41.97520602020457,-0.39684315185246677
2435.0800000000004,0.0,11.434265890778876,41.69390901528442,41.344250388373865,42.10751830618894,42.60295377599598,-6.867460674157286,0.0637408300415532,0.0637408300415532,0.0637408300415532,-0.1625247079964063,-1.93,11.110296495956876,-0.9041426783478692,0.6966833541930402,-9.742377972465654,0.07,0.16,0.2,11.277854517095925,41.937157871460805,-0.40290491231358194
2435.0900000000006,0.0,11.4093976922312,41.62527458782272,41.28419526434489,42.06569420195448,42.62654686043594,-6.8974232209737325,0.0642538347098952,0.0642538347098952,0.0642538347098952,-0.1614978821717377,-1.93,11.097974586060854,-1.0847552447552844,-0.2225524475519016,-9.583706293705966,0.07,0.16,0.2,11.265701109065452,41.9004277286395,-0.39198585440464917
2435.1000000000004,0.0,11.384529493683486,41.546224494382095,41.25429483146071,42.01530287640454,42.33978458426996,-6.9,0.0647668393782379,0.0647668393782379,0.0647668393782379,-0.1604710563470678,-1.93,11.085652676164814,-1.0547852147852426,-0.6371378621374792,-9.833456543456316,0.07,0.16,0.2,11.25354816120166,41.788901696629324,-0.3010143670361982
2435.1100000000006,0.0,11.359661295135774,41.46607468164793,41.22757822721598,41.96400699625468,42.02025399750308,-6.9,0.0652798440465807,0.0652798440465807,0.0652798440465807,-0.1594442305223978,-1.93,11.073330766268777,-1.0559759759759129,-0.8639739739742559,-10.017487487487545,0.07,0.16,0.2,11.241395674997012,41.66947847565542,-0.24997601278835127
2435.1200000000003,0.0,11.35,41.33959674743952,41.10055024731462,41.768025495878256,41.98604674993755,-6.87259629814911,0.0657928487149227,0.0657928487149227,0.0657928487149227,-0.1584174046977293,-1.93,11.061008856372752,-1.206126126126004,-0.1933033033038484,-9.887357357357462,0.07,0.16,0.2,11.229243651950368,41.548554810142484,-0.38983188449913375
2435.130000000001,0.0,11.35,41.20808538096432,40.96262369223087,41.55632427179622,41.98283915563328,-6.842581290645333,0.0663058533832654,0.0663058533832654,0.0663058533832654,-0.1573905788730593,-1.93,11.048686946476712,-1.3177652933832646,0.4508863920100345,-9.786117353308368,0.07,0.16,0.2,11.217092093566981,41.427468125156174,-0.5096292279829537
2435.1400000000003,0.0,11.35,41.13844833126087,41.04762579457848,41.620566754538686,41.98539550857996,-6.84,0.0668188580516082,0.0668188580516082,0.0668188580516082,-0.1563637530483893,-1.93,11.036365036580673,-1.2478526841447908,0.9702372034958404,-9.821073657927604,0.07,0.16,0.2,11.204941001358629,41.4480090972395,-0.5348649383958978
2435.1500000000005,0.0,11.35,41.0756480328277,41.15726021387706,41.71529940810736,41.98858874409351,-6.84,0.0673318627199502,0.0673318627199502,0.0673318627199502,-0.1553369272237208,-1.93,11.024043126684653,-1.1623585378068182,1.246244366550426,-9.867275913870738,0.07,0.16,0.2,11.19279037684359,41.48419909972641,-0.5278623579327635
2435.1600000000003,0.0,11.35,41.10315184441655,41.143511116687584,41.6568963111669,41.99754296110414,-6.84,0.0678448673882929,0.0678448673882929,0.0678448673882929,-0.1543101013990508,-1.93,11.011721216788612,-1.0021181772659309,0.3549073610417395,-9.967426139208794,0.07,0.16,0.2,11.180640221546629,41.475275558343796,-0.3662094255852224
2435.1700000000005,0.0,11.35,41.14181683814299,41.11451237139276,41.579566323714026,42.00720920953575,-6.84,0.068357872056635,0.068357872056635,0.068357872056635,-0.1532832755743823,-1.93,10.999399306892588,-0.8559810284574088,-0.4054093859209466,-9.975524213679984,0.07,0.16,0.2,11.168490536999167,41.46077618569638,-0.23684763954983973
2435.1800000000003,0.0,11.35,41.22168362681332,40.91553569784916,41.50726603801909,41.91404107053538,-6.84,0.0688708767249777,0.0688708767249777,0.0688708767249777,-0.1522564497497123,-1.93,10.987077396996549,-0.7761008487269856,-0.5501922116823386,-9.551160758862112,0.07,0.16,0.2,11.156341324739167,41.389631608304235,-0.2591898428840904
2435.1900000000005,0.0,11.35,41.3062559129564,40.69714650325182,41.43554017508761,41.80912861430725,-6.84,0.0693838813933205,0.0693838813933205,0.0693838813933205,-0.1512296239250423,-1.93,10.97475548710051,-0.7479784838627666,-0.5388016012013518,-9.277683262446567,0.07,0.16,0.2,11.144192586311279,41.31201780140077,-0.29231794709927433
2435.2000000000003,0.0,11.35,41.17305883059959,40.70433557251903,41.47323023875256,41.76162938768888,-6.858216963839344,0.0698968860616625,0.0698968860616625,0.0698968860616625,-0.1502027981003738,-1.93,10.962433577204488,-0.968143607705545,0.2217688266191547,-9.728021015761342,0.07,0.16,0.2,11.132044323266843,41.278063507390016,-0.3771871120622746
2435.2100000000005,0.0,11.35,41.015261201884194,40.73700732824424,41.52328058794863,41.72061590709765,-6.878213631061482,0.0696101773473523,0.0696101773473523,0.0696101773473523,-0.1472596892607172,-1.9249108514841893,10.945906973340833,-1.1282608695652407,0.870869565217369,-10.129565217391272,0.07,0.16,0.2,11.114848027358459,41.24904125629368,-0.4376843468306053
2435.2200000000003,0.0,11.33558700209644,40.8574635731688,40.76967908396946,41.573330937144696,41.67960242650644,-6.89821029828362,0.069122289171322,0.069122289171322,0.069122289171322,-0.143844971828583,-1.91856923339594,10.928345569404142,-1.003323338330789,0.9908095952024428,-10.299480259870126,0.07,0.16,0.2,11.096410958664473,41.22001900519735,-0.3824849474556228
2435.2300000000005,0.0,11.31062942996908,40.83877698968033,40.63775541907895,41.392417019884455,41.64483575635544,-6.872698650674689,0.0686344009952924,0.0686344009952924,0.0686344009952924,-0.1404302543964535,-1.9122276153077,10.910784165467476,-0.9173216520650284,0.8423003754700951,-10.39756195244068,0.07,0.16,0.2,11.077975727293818,41.12844629624979,-0.32331780651280045
2435.24,0.0,11.285671857841685,40.8506269770954,40.46970105210173,41.16080362949919,41.61144033727663,-6.84271364317842,0.0681465128192621,0.0681465128192621,0.0681465128192621,-0.1370155369643192,-1.90588599721945,10.893222761530785,-1.017446808510625,-0.5894893617019372,-10.152255319148969,0.07,0.16,0.2,11.05954234243439,41.02314299899324,-0.24518348477983093
2435.2500000000005,0.0,11.26071428571429,40.78272163736817,40.55639218483172,41.12761525866399,41.43387172275242,-6.785430000000015,0.0676586246432318,0.0676586246432318,0.0676586246432318,-0.1336008195321849,-1.8995443791312008,10.875661357594094,-1.0710786516853523,-1.6359101123593602,-9.907932584269604,0.07,0.16,0.2,11.04111081333459,40.975150200904075,-0.19135895607936906
2435.26,0.0,11.23575671358693,40.69888436966362,40.69397129080842,41.13406427925665,41.227503063787374,-6.725430000000101,0.0671707364672022,0.0671707364672022,0.0671707364672022,-0.1301861021000555,-1.8932027610429605,10.85809995365743,-0.906284644194898,-0.8718651685399814,-9.668232209738036,0.07,0.16,0.2,11.022681149303747,40.93860575087901,-0.25174197356272837
2435.2700000000004,0.0,11.210799141459535,40.66026716335266,40.54591855524812,41.13508,41.25308648376535,-6.692749063670434,0.0666828482911719,0.0666828482911719,0.0666828482911719,-0.1267713846679212,-1.8868611429547109,10.84053854972074,-0.744883604505709,-0.0217471839806431,-9.503777221526803,0.07,0.16,0.2,11.004253359712527,40.898588050591535,-0.31082706958173845
2435.28,0.0,11.185841569332176,40.63010355902346,40.34446876919239,41.13508,41.32203186508924,-6.662786516853967,0.0661949601151423,0.0661949601151423,0.0661949601151423,-0.1233566672357917,-1.8805195248664703,10.822977145784073,-0.5997021276598001,1.2398297872320825,-9.699021276595442,0.07,0.16,0.2,10.985827453993618,40.857921048326276,-0.3637076508544694
2435.2900000000004,0.0,11.16088399720478,40.608327012271495,40.40996514400188,41.08645113949418,41.43197029802141,-6.632790000000032,0.065707071939112,0.065707071939112,0.065707071939112,-0.1199419498036575,-1.8741779067782207,10.805415741847382,-0.5246966292132164,2.067910112360817,-9.83195505617994,0.07,0.16,0.2,10.967403441642032,40.88417839844724,-0.40450810691974015
2435.3000000000006,0.0,11.135926425077386,40.58796137240172,40.52036834961176,41.0296417230153,41.548804758327,-6.602790000000032,0.0652191837630817,0.0652191837630817,0.0652191837630817,-0.1165272323715232,-1.867836288689972,10.78785433791069,-0.779378277153552,0.8594207240949101,-9.67215480649189,0.07,0.16,0.2,10.948981332215787,40.921694050838944,-0.38855606592690134
2435.3100000000004,0.0,11.110968852950029,40.54538318138204,40.47233309021126,40.92987001919404,41.34545360364727,-6.627196401799042,0.0647312955870521,0.0647312955870521,0.0647312955870521,-0.1131125149393937,-1.8614946706017312,10.770292933974025,-1.004723404255274,-0.2075544430536104,-9.569446808510548,0.07,0.16,0.2,10.930561135336344,40.82325997360866,-0.36882714140896605
2435.3200000000006,0.0,11.1,40.49917396833021,40.398398349328325,40.823075393474255,41.08976262476047,-6.65718140929531,0.0642434074110218,0.0642434074110218,0.0642434074110218,-0.1096977975072594,-1.8551530525134816,10.752731530037334,-1.0898297872340312,-0.5980425531914375,-9.739659574468064,0.07,0.16,0.2,10.912142860689052,40.70260258397332,-0.33104340373906044
2435.3300000000004,0.0,11.1,40.49395261060801,40.292488082794414,40.835168274256105,40.958505914618456,-6.632833583208422,0.0637555192349915,0.0637555192349915,0.0637555192349915,-0.1062830800751251,-1.8488114344252324,10.735170126100645,-1.1564952571143237,-0.8244957563653239,-9.952723414877784,0.07,0.16,0.2,10.893726518023824,40.64502872056924,-0.29763876568118636
2435.3400000000006,0.0,11.1,40.50059685381629,40.17732120051764,40.88167797671402,40.86327176196652,-6.602848575712197,0.0632676310589619,0.0632676310589619,0.0632676310589619,-0.1028683626429957,-1.842469816336992,10.71760872216398,-1.1365252121817464,-0.2803120319525894,-10.367101847228763,0.07,0.16,0.2,10.875312117155588,40.60571694825362,-0.28480716255276345
2435.3500000000004,0.0,11.1,40.28150388860788,40.1574131443038,40.82321319493679,40.97802675443021,-6.5185500000000935,0.0627797428829316,0.0627797428829316,0.0627797428829316,-0.0994536452108614,-1.8361281982487427,10.700047318227288,-1.1139534301452416,0.2226915373057529,-10.646942914371804,0.07,0.16,0.2,10.85689966796474,40.56003924556967,-0.28718048444707744
2435.3600000000006,0.0,11.1,40.02036971139258,40.1552460556962,40.74519800506334,41.13189004556952,-6.42855000000003,0.0622918547069013,0.0622918547069013,0.0622918547069013,-0.0960389277787271,-1.829786580160493,10.682485914290597,-1.0789008512769225,0.5281497245868196,-10.281394591887905,0.07,0.16,0.2,10.838489180397852,40.51317595443041,-0.3624933742045605
2435.3700000000003,0.0,11.1,40.02983247597921,40.10828174427208,40.7239168810052,41.10094544469092,-6.447136431784073,0.0618039665308717,0.0618039665308717,0.0618039665308717,-0.0926242103465977,-1.8234449620722528,10.66492451035393,-1.0280898876405802,0.7090112359554799,-9.966853932584348,0.07,0.16,0.2,10.820080664468128,40.49074413648685,-0.41183884224968575
2435.380000000001,0.0,11.1,40.08044592756829,40.05450495195869,40.71126351810793,41.04189641783699,-6.477121439280341,0.0613160783548414,0.0613160783548414,0.0613160783548414,-0.0892094929144634,-1.817103343984004,10.64736310641724,-0.9032459425717884,0.3045168539325938,-9.891947565543074,0.07,0.16,0.2,10.801674130255869,40.47202770386797,-0.3391892151272119
2435.3900000000003,0.0,11.1,40.03244621560216,39.9398146326686,40.66663664731132,40.930884776571645,-6.5070861423220885,0.0608281901788111,0.0608281901788111,0.0608281901788111,-0.0857947754823291,-1.8107617258957545,10.629801702480547,-0.7896044066098605,-0.06551827741631,-9.83952929394096,0.07,0.16,0.2,10.783269587909198,40.39244556803843,-0.2704814582767889
2435.4000000000005,0.0,11.1,39.96545303206268,39.813392012118285,40.61585149204752,40.809864832113234,-6.537048689138535,0.0603403020027815,0.0603403020027815,0.0603403020027815,-0.0823800580501996,-1.8044201078075133,10.612240298543885,-0.7295142714071131,-0.2708262393590304,-9.894611917876812,0.07,0.16,0.2,10.764867047644538,40.30114034208543,-0.220617208449366
2435.4100000000003,0.0,11.1,39.92897128518974,39.81791392900855,40.4953713977969,40.87628301591181,-6.458905547226466,0.0601592105263154,0.0601592105263154,0.0601592105263154,-0.0812757894736823,-1.7998405263157895,10.596332105263164,-0.724823970037557,-0.3696878901371654,-9.919785268414437,0.07,0.16,0.2,10.748408522155927,40.27963490697675,-0.2049524186088784
2435.4200000000005,0.0,11.081234087164948,39.89753921664632,39.8441073194614,40.36335670991454,40.97372242839641,-6.368950524737788,0.0606855263157886,0.0606855263157886,0.0606855263157886,-0.085486315789468,-1.7993142105263165,10.58422684210528,-0.97950561797735,0.0298127340821176,-9.804928838951392,0.07,0.16,0.2,10.736419206771462,40.26968141860467,-0.3494032823433261
2435.4300000000003,0.0,11.046288253207564,39.79716760698925,39.85424312484172,40.415895310205,40.85293489997489,-6.36,0.0612118421052626,0.0612118421052626,0.0612118421052626,-0.0896968421052596,-1.7987878947368423,10.572121578947378,-1.2065031289111037,0.3956120150186973,-9.776012515644416,0.07,0.16,0.2,10.724431830814174,40.23006023550271,-0.46804681988501956
2435.4400000000005,0.0,11.01134241925018,39.681199007343714,39.86074603697138,40.51018753608501,40.682775365915546,-6.36,0.0617381578947366,0.0617381578947366,0.0617381578947366,-0.0939073684210513,-1.7982615789473686,10.560016315789476,-1.3016220275344206,0.6008685857321705,-10.156488110137683,0.07,0.16,0.2,10.712446400794823,40.18372698657892,-0.46375228769445676
2435.4500000000003,0.0,10.976396585292846,39.686303768553415,39.71236762264179,40.34316855849091,40.48910256100661,-6.387004493260076,0.0622644736842098,0.0622644736842098,0.0622644736842098,-0.098117894736837,-1.7977352631578951,10.547911052631594,-1.3342971285895266,0.5590636704131996,-10.557890137327837,0.07,0.16,0.2,10.70046292325228,40.05773562767318,-0.409630567843555
2435.4600000000005,0.0,10.941450751335465,39.714298737106894,39.5347072452832,40.12674591698136,40.29098432201278,-6.416959560658984,0.0627907894736837,0.0627907894736837,0.0627907894736837,-0.1023284210526287,-1.7972089473684214,10.535805789473692,-1.0746217228466235,-0.639438202246353,-11.057265917602647,0.07,0.16,0.2,10.688481404753604,39.91668405534606,-0.12222701485385964
2435.4700000000003,0.0,10.90650491737808,39.6329985067874,39.56745092006028,40.09228511312217,40.28491739064855,-6.33905405405411,0.0633171052631577,0.0633171052631577,0.0633171052631577,-0.1065389473684204,-1.7966826315789477,10.52370052631579,-0.8487112112112282,-1.524927427427586,-11.34669169169188,0.07,0.16,0.2,10.676501851894331,39.8944129826546,0.08951588042699518
2435.4800000000005,0.0,10.871559083420744,39.53293817496247,39.63630964303658,40.089057360482656,40.311815329311166,-6.248963963964119,0.0638434210526309,0.0638434210526309,0.0638434210526309,-0.1107494736842061,-1.7961563157894742,10.511595263157908,-0.7836461461461887,-0.919321821822218,-10.635980980981447,0.07,0.16,0.2,10.664524271298532,39.892530126948216,-0.059165049055911495
2435.49,0.0,10.836613249463362,39.50659598223101,39.57167532576514,40.0804017028628,40.35837777393875,-6.158975256186055,0.0643697368421049,0.0643697368421049,0.0643697368421049,-0.1149599999999977,-1.7956300000000005,10.499490000000009,-0.7107142857142568,-0.2560714285711829,-10.028084415584384,0.07,0.16,0.2,10.652548669618936,39.879262696199426,-0.19563851497939874
2435.5000000000005,0.0,10.801667415505978,39.49180822309971,39.48611757650544,40.07089528627838,40.40802239387956,-6.068997750562404,0.0648960526315788,0.0648960526315788,0.0648960526315788,-0.1191705263157894,-1.7951036842105264,10.487384736842106,-0.6008241758241037,0.6779945054951184,-9.90320929070921,0.07,0.16,0.2,10.64057505353716,39.86421086994078,-0.2747612475416217
2435.51,0.0,10.766721581548644,39.43774441906659,39.45448083416089,39.97046362959296,40.32427129592861,-5.979040479760242,0.065422368421052,0.065422368421052,0.065422368421052,-0.1233810526315751,-1.794577368421053,10.47527947368422,-0.5516504126030485,1.268647161790893,-9.786984246061548,0.07,0.16,0.2,10.62860342976383,39.79674004468726,-0.3372552760559798
2435.5200000000004,0.0,10.75,39.37611581926516,39.43322959285005,39.85251924031781,40.214827403177786,-5.889085457271436,0.065948684210526,0.065948684210526,0.065948684210526,-0.1275915789473668,-1.7940510526315792,10.46317421052632,-0.7917104276068185,0.223385846461978,-9.71196549137287,0.07,0.16,0.2,10.616633805038669,39.719173013902704,-0.3205353339911459
2435.53,0.0,10.75,39.357208346496826,39.40702318471341,39.77158213503195,40.28372911592341,-5.853030000000046,0.0664749999999992,0.0664749999999992,0.0664749999999992,-0.1318021052631525,-1.793524736842106,10.451068947368436,-1.0065258685327154,-0.6443489127717673,-9.691749562608964,0.07,0.16,0.2,10.60466618613076,39.7048856955414,-0.30550383681806004
2435.5400000000004,0.0,10.75,39.347394333757975,39.37976203821659,39.69852226242047,40.39059281019097,-5.823030000000025,0.0670013157894732,0.0670013157894732,0.0670013157894732,-0.1360126315789442,-1.792998421052632,10.438963684210536,-1.1015021244687917,-0.6693426643338926,-9.931689577605368,0.07,0.16,0.2,10.592700579838583,39.7040678611465,-0.2984876010275958
2435.5500000000006,0.0,10.75,39.276847201800486,39.25514324581151,39.708736554138525,40.172852198049625,-5.793043478260877,0.0675276315789471,0.0675276315789471,0.0675276315789471,-0.1402231578947358,-1.792472105263158,10.426858421052636,-1.173929017745575,-0.615413646588495,-10.117858035491151,0.07,0.16,0.1983010854176485,10.58073699299027,39.60339479995004,-0.3002432348181061
2435.5600000000004,0.0,10.75,39.19657713428365,39.11493819454879,39.73228244061013,39.90314477119308,-5.763058470764651,0.0680539473684203,0.0680539473684203,0.0680539473684203,-0.1444336842105215,-1.7919457894736848,10.41475315789475,-1.1389377655586497,-0.1855211197205515,-10.0478755311173,0.07,0.16,0.19,10.568775432443712,39.48673563515891,-0.34378532514283544
2435.5700000000006,0.0,10.75,39.175508750000006,39.0473276136364,39.65162227272733,39.77942647727278,-5.76,0.0685802631578943,0.0685802631578943,0.0685802631578943,-0.1486442105263132,-1.7914194736842108,10.40264789473685,-1.1065443196005105,0.1414906367042095,-10.045290886391836,0.07,0.16,0.1916980244590702,10.556815905086676,39.413471278409126,-0.36730199354580606
2435.5800000000004,0.0,10.75,39.16387831521739,38.99129006422925,39.55434954545456,39.67898181324112,-5.76,0.0691065789473683,0.0691065789473683,0.0691065789473683,-0.1528547368421049,-1.790893157894737,10.390542631578947,-1.0865692883895175,-0.0233033707864789,-10.364891385767717,0.07,0.16,0.2,10.544858417837046,39.347124934535586,-0.2950901999290353
2435.5900000000006,0.0,10.75,39.06741753356551,38.93762562904033,39.58860809547482,39.77786507707593,-5.786864999999963,0.0696328947368415,0.0696328947368415,0.0696328947368415,-0.1570652631578906,-1.7903668421052636,10.378437368421066,-1.0520975000001334,-0.1446550000001142,-10.567767500000464,0.07,0.16,0.2,10.532902977642944,39.34287908378914,-0.24019231509922026
2435.6000000000004,0.0,10.75,38.95461793137751,38.88441826951769,39.648200338140185,39.91514006464436,-5.816864999999985,0.07,0.07,0.07,-0.1622170190970918,-1.7886697885417449,10.366452769444654,-0.9470975000000588,-0.0546550000000503,-10.202767500000204,0.07,0.16,0.2,10.520883850459212,39.35059415091994,-0.2695283736055827
2435.6100000000006,0.0,10.75,38.87826170538804,38.774573786455775,39.616462797825015,39.84340593672765,-5.846844866350237,0.07,0.07,0.07,-0.1695339138069807,-1.7842796517158117,10.354745737908832,-0.8557406944791378,0.008073944541586,-9.876999750187345,0.07,0.16,0.2,10.508718043614975,39.27817605659912,-0.29467298725456065
2435.6200000000003,0.0,10.737918076846526,38.80950243697485,38.65292277310936,39.56568672268912,39.72810193277322,-5.876822383212562,0.07,0.07,0.07,-0.1768508085168592,-1.7798895148898846,10.343038706373026,-0.8307594304272006,-0.0618735948038384,-9.742100924306884,0.07,0.16,0.2,10.496558129940434,39.18905346638664,-0.2994257914654106
2435.630000000001,0.0,10.71303255026877,38.78204876907427,38.71233168362152,39.37711680569696,39.6784132400814,-5.960459999999976,0.07,0.07,0.07,-0.184167703226748,-1.7754993780639512,10.331331674837203,-0.8353499999999513,-0.1005650000000373,-9.635069999999992,0.07,0.16,0.2,10.484404129940422,39.13747762461854,-0.31314203689916176
2435.6400000000003,0.0,10.688147023691014,38.76463269582909,38.81573961851474,39.155061871820976,39.64466959816888,-6.05046000000004,0.07,0.07,0.07,-0.1914845979366369,-1.7711092412380178,10.31962464330138,-0.985350000000058,0.0144350000000443,-9.665070000000012,0.07,0.16,0.2,10.47225606420502,39.095025946083425,-0.3709329548550964
2435.6500000000005,0.0,10.663261497113297,38.7564327895922,38.78754657993502,39.06443002752072,39.62395623717791,-6.113639999999946,0.07,0.07,0.07,-0.1988014926465154,-1.766719104412091,10.307917611765577,-1.1159135216195837,0.1235166208447617,-9.719567608097917,0.07,0.16,0.2,10.46011395340988,39.058091408556464,-0.41787387066168497
2435.6600000000003,0.0,10.638375970535538,38.750007970978245,38.734006424818666,38.99911103827878,39.60575258443835,-6.173639999999946,0.07,0.07,0.07,-0.2061183873564042,-1.7623289675861575,10.296210580229754,-1.1509047738065583,0.2034966258435625,-9.894523869032794,0.07,0.16,0.2,10.447977818316557,39.02221950462851,-0.41146359246795866
2435.6700000000005,0.0,10.61349044395782,38.64831440000022,38.526805200000425,39.053373599999865,39.38443160000047,-6.260339490763721,0.07,0.07,0.07,-0.2134352820662827,-1.7579388307602304,10.284503548693948,-1.18,0.1917453183523155,-10.0357927590512,0.07,0.16,0.2,10.435847679773012,38.90323120000025,-0.3986329582703229
2435.6800000000003,0.0,10.588604917380064,38.52847440000013,38.29033520000025,39.13041359999991,39.12442160000028,-6.350204692960511,0.07,0.07,0.07,-0.2207521767761716,-1.753548693934297,10.272796517158126,-1.18,-0.272674157303261,-10.01082397003746,0.07,0.16,0.2,10.423723558713855,38.768411200000145,-0.3541196770858425
2435.6900000000005,0.0,10.563719390802309,38.46855862503151,38.24525708889449,39.03681242508194,39.10364336942833,-6.386750062546904,0.07,0.07,0.07,-0.2280690714860605,-1.7491585571083637,10.261089485622303,-1.1575787893946905,-0.6641520760380203,-10.03899449724864,0.07,0.16,0.2,10.411605476160846,38.71356787710907,-0.3016196072050754
2435.7000000000003,0.0,10.538833864224587,38.42005698816429,38.23663457567365,38.91070816922716,39.128433094938245,-6.416772579434534,0.07,0.07,0.07,-0.235385966195939,-1.7447684202824365,10.2493824540865,-1.0225112556279774,-0.6891645822911153,-10.33414207103516,0.07,0.16,0.2,10.399493453223243,38.67395820700084,-0.2089931411033405
2435.7100000000005,0.0,10.513948337646832,38.38894719392921,38.25573237436759,38.87324110286681,39.08393438785842,-6.42,0.07,0.07,0.07,-0.2427028609058278,-1.7403782834565034,10.237675422550677,-0.8848304446120491,-0.6042878673706058,-10.540567696558876,0.07,0.16,0.2,10.387387511098114,38.65046376475551,-0.14034282416102817
2435.7200000000003,0.0,10.5,38.3607987959528,38.2795502495784,38.85086673524453,39.02763759190559,-6.42,0.07,0.07,0.07,-0.2500197556157167,-1.73598814663057,10.225968391014854,-0.734114544084423,0.0287189148454233,-10.304446119065595,0.07,0.16,0.2,10.375287671070856,38.62971334317032,-0.19128611350652036
2435.7300000000005,0.0,10.5,38.33265039797642,38.30336812478918,38.82849236762228,38.97134079595284,-6.42,0.07,0.07,0.07,-0.2573366503255952,-1.7315980098046428,10.214261359479048,-0.617051186017444,0.5438302122347365,-10.043895131086462,0.07,0.16,0.2,10.363193954515516,38.60896292158518,-0.244968503628557
2435.74,0.0,10.5,38.23448232209745,38.14725367790273,38.863092494382,39.01264883895128,-6.345390000000092,0.07,0.07,0.07,-0.264653545035484,-1.7272078729787097,10.202554327943226,-0.6570012484394291,0.5088739076154996,-9.669363295880352,0.07,0.16,0.2,10.351106382895141,38.56436933333337,-0.3114307775441966
2435.7500000000005,0.0,10.5,38.12761590511864,37.96878676154812,38.90477039700374,39.06608204744068,-6.255390000000028,0.07,0.07,0.07,-0.2719704397453729,-1.722817736152776,10.190847296407403,-0.7170037546933338,0.3972465581978481,-9.362613266583226,0.07,0.16,0.1983027738598936,10.339024977762262,38.5168137777778,-0.36639651777787424
2435.76,0.0,10.5,38.1392731832958,38.04355273318318,38.78227013753453,39.08256260065015,-6.24,0.07,0.07,0.07,-0.2792873344552514,-1.7184275993268492,10.1791402648716,-0.8721977471837881,-0.0783479349180601,-9.377632040050043,0.07,0.16,0.19,10.326949760759256,38.51191466366592,-0.36678675903845304
2435.7700000000004,0.0,10.5,38.16602987246812,38.15057948987244,38.63885428357092,39.09433554388597,-6.24,0.07,0.07,0.07,-0.2866042291651403,-1.7140374625009158,10.167433233335776,-1.0088139825218112,-0.4620674157303699,-9.41291635455671,0.07,0.16,0.19,10.314880753618663,38.512449797449364,-0.3674247609549937
2435.78,0.0,10.5,38.04513474601613,38.12005712649409,38.582994651394486,38.860145433267306,-6.265001256597093,0.07,0.07,0.07,-0.2939211238750188,-1.709647325674989,10.15572620179997,-1.0587515605492572,-0.4171235955056686,-9.542754057428068,0.07,0.16,0.19,10.302817978163743,38.40208298929301,-0.3692187453088459
2435.7900000000004,0.0,10.5,37.90552319223125,38.072098959163405,38.53823369521918,38.59477690737086,-6.295159587836104,0.07,0.07,0.07,-0.3012380185849076,-1.7052571888490553,10.144019170264148,-1.100871088861075,-0.3773867334167741,-9.7240425531914,0.07,0.16,0.19,10.290761456308706,38.277658188496176,-0.36005934292324493
2435.8000000000006,0.0,10.5,38.003760631212586,37.91758308648129,38.38410308648129,38.53473643141157,-6.3,0.07,0.07,0.07,-0.3085549132947965,-1.700867052023122,10.132312138728327,-1.1058773466833551,-0.3623679599499346,-10.149574468085184,0.07,0.16,0.19,10.278711210059244,38.21004580889668,-0.2989028287743819
2435.8100000000004,0.0,10.5,38.13458568091422,37.7484677783304,38.2149877783304,38.50282788270385,-6.3,0.0696100000000003,0.0696100000000003,0.0696100000000003,-0.31,-1.6992170540744906,10.119038757042867,-1.0650486891387945,-0.355288389513083,-10.492067415730377,0.07,0.16,0.1917115839243417,10.265397408936161,38.15021728006972,-0.23409550286319766
2435.8200000000006,0.0,10.488658409192665,37.94110751875973,37.72884606803401,38.21858330165078,38.40480237618825,-6.3,0.0691221951219513,0.0691221951219513,0.0691221951219513,-0.31,-1.6982414205224523,10.105379887314331,-0.8103670411986397,-0.3852509363295718,-10.447123595505644,0.07,0.16,0.2,10.251771875598633,38.073334816158194,-0.15225450280823555
2435.8300000000004,0.0,10.463786499527426,37.69809601300664,37.73205767383692,38.24855828914456,38.29667831415714,-6.3,0.0686343902439023,0.0686343902439023,0.0686343902439023,-0.31,-1.697265786970414,10.091721017585796,-0.6060976220275269,-0.3167934918649448,-10.334215269086451,0.07,0.16,0.2,10.23814652407374,37.99384757253632,-0.10786264780714155
2435.8400000000006,0.0,10.438914589862224,37.71555322799088,37.66442027088048,38.15367354401824,38.427902708803344,-6.3,0.068146585365854,0.068146585365854,0.068146585365854,-0.31,-1.696290153418377,10.078062147857278,-0.641141426783436,0.2188760951182361,-9.898670838548725,0.07,0.16,0.2,10.224521355088354,37.99038743792323,-0.24124661932629127
2435.8500000000004,0.0,10.414042680196989,37.772448136443366,37.58605558565347,38.03988372711326,38.59536696764464,-6.3,0.067658780487805,0.067658780487805,0.067658780487805,-0.31,-1.6953145198663384,10.06440327812874,-0.6823395755305358,0.6265068664171173,-9.541762796504363,0.07,0.16,0.2,10.210896369373168,37.99843860421368,-0.35148267590108645
2435.8600000000006,0.0,10.389170770531752,37.659660050025074,37.63714669334664,38.10434434217104,38.575084392196125,-6.3,0.067170975609756,0.067170975609756,0.067170975609756,-0.31,-1.6943388863143,10.050744408400202,-0.7522521847690593,0.4367440699125534,-9.551750312109869,0.07,0.16,0.2,10.197271567662828,37.99405886943472,-0.35371698767728993
2435.8700000000003,0.0,10.364298860866551,37.52263153576803,37.70673148574279,38.19426930465223,38.52798084042026,-6.3,0.0666831707317077,0.0666831707317077,0.0666831707317077,-0.31,-1.693363252762263,10.037085538671686,-0.8300350438047316,0.1920200250313965,-9.540836045056343,0.07,0.16,0.2,10.1836469506959,37.98790329164583,-0.35604246174558246
2435.880000000001,0.0,10.339426951201316,37.53668798996234,37.55729750564626,38.03136308657475,38.52496254454203,-6.3,0.0661953658536587,0.0661953658536587,0.0661953658536587,-0.31,-1.6923876192102247,10.023426668943149,-0.9451789737171676,-0.3136120150188666,-9.430698372966187,0.07,0.16,0.2,10.170022519214832,37.91257778168134,-0.3588006947407034
2435.8900000000003,0.0,10.314555041536078,37.57213090087829,37.37686086825597,37.83266797992472,38.52818462735257,-6.3,0.0657075609756097,0.0657075609756097,0.0657075609756097,-0.31,-1.6914119856581864,10.009767799214613,-1.090239700374693,-0.6242322097374884,-9.342644194756565,0.07,0.16,0.2,10.156398273966117,37.82746109410289,-0.3885415323378254
2435.9000000000005,0.0,10.289683131870875,37.45071368681874,37.295877581764174,37.831068994053496,38.305574757185525,-6.350050251256212,0.0652197560975614,0.0652197560975614,0.0652197560975614,-0.31,-1.6904363521061494,9.996108929486091,-1.3748838951309323,-0.0249812734085637,-9.357625468164786,0.07,0.16,0.2,10.142774215700234,37.720808754955485,-0.5441757120858312
2435.9100000000003,0.0,10.26481122220564,37.30861259663033,37.22800840436076,37.85545947968285,38.05318625371657,-6.41035175879391,0.0647319512195123,0.0647319512195123,0.0647319512195123,-0.31,-1.689460718554111,9.982450059757555,-1.5559789684527408,0.3776414621933953,-9.443189784676932,0.07,0.16,0.2,10.129150345171652,37.61131668359763,-0.6339079977412947
2435.9200000000005,0.0,10.25,37.32390275602403,37.1073034939761,37.79086429216879,37.93834703313267,-6.42,0.0642441463414641,0.0642441463414641,0.0642441463414641,-0.31,-1.688485085002074,9.968791190029036,-1.2455132699052125,-0.1531547320975402,-9.863820731096164,0.07,0.16,0.2,10.115526663138947,37.5401043938254,-0.41079565971472537
2435.9300000000003,0.0,10.25,37.36365175200796,36.97838783132552,37.712440597389694,37.844883177711,-6.42,0.063756341463415,0.063756341463415,0.063756341463415,-0.31,-1.6875094514500355,9.955132320300502,-0.9855805243445868,-0.6235880149811412,-10.208232209737837,0.07,0.16,0.2,10.101903170364723,37.47484083960855,-0.2224649895892188
2435.9400000000005,0.0,10.25,37.21745653932599,36.99008434456926,37.668914786516886,37.88813521098621,-6.445193701574594,0.063268536585366,0.063268536585366,0.063268536585366,-0.31,-1.6865338178979974,9.941473450571964,-0.960611735330846,-0.8133508114855704,-10.198244694132338,0.07,0.16,0.2,10.088279867615729,37.44114772034958,-0.1958592498760498
2435.9500000000003,0.0,10.25,37.04433294382044,37.02214426966288,37.63044287640454,37.95118639700367,-6.475186203449101,0.0627807317073177,0.0627807317073177,0.0627807317073177,-0.31,-1.6855581843459604,9.927814580843446,-0.9050563204007712,-0.8599274092624289,-10.175148936170327,0.07,0.16,0.1982916470033126,10.074656755662863,37.41202662172289,-0.1758547222304273
2435.9600000000005,0.0,10.25,36.98002987240434,37.09996089066793,37.54433775331507,37.87071639729806,-6.45480240120063,0.0622929268292687,0.0622929268292687,0.0622929268292687,-0.31,-1.684582550793922,9.914155711114908,-0.7048060075094353,-0.2291389236547212,-10.090042553191507,0.07,0.16,0.19,10.06103383528113,37.373761228421344,-0.18707827803340302
2435.9700000000003,0.0,10.25,36.93184373279963,37.18455433575176,37.45117788341262,37.768990102577,-6.424787393696874,0.0618051219512197,0.0618051219512197,0.0618051219512197,-0.31,-1.6836069172418835,9.90049684138637,-0.5523714428357961,0.3456714927610823,-10.03413879181234,0.07,0.16,0.19,10.04741110724978,37.33414151363525,-0.20411901754073375
2435.9800000000005,0.0,10.25,36.95458305888219,37.11707622754504,37.51476863772444,37.880869351297214,-6.42,0.0613173170731714,0.0613173170731714,0.0613173170731714,-0.31,-1.6826312836898467,9.886837971657853,-0.622266600099817,0.6601997004491765,-10.114018971542649,0.07,0.16,0.19,10.033788572352284,37.36682431886222,-0.24820801800090167
2435.99,0.0,10.25,36.98768685129739,37.02737562874257,37.60126564371252,38.023963163672576,-6.42,0.0608295121951224,0.0608295121951224,0.0608295121951224,-0.31,-1.6816556501378082,9.873179101929315,-0.70613920881319,0.7910465698549294,-10.133820731096698,0.07,0.16,0.19,10.020166231376313,37.41007282185626,-0.2869832561421295
2436.0000000000005,0.0,10.25,36.96785414414415,36.8518603603604,37.55775671171172,37.90231599099102,-6.394785000000007,0.0603417073170734,0.0603417073170734,0.0603417073170734,-0.31,-1.6806800165857698,9.85952023220078,-0.8563645468202721,0.0499349023533247,-9.868422633950852,0.07,0.16,0.19,10.006544085113864,37.31994680180182,-0.30053339269999696
2436.01,0.0,10.25,36.94000629629633,36.66335185185209,37.4945635185186,37.74058425925946,-6.364785000000028,0.06,0.06,0.06,-0.3084848863664797,-1.679393954546592,9.846060704552848,-1.0173435626946623,-0.5939486933587842,-9.633025653320608,0.07,0.16,0.19,9.99301948248996,37.20962648148162,-0.3232646263211088
2436.0200000000004,0.0,10.237973673713611,36.79871972034972,36.6361491835206,37.49475244943819,37.62940360049947,-6.410429999999987,0.06,0.06,0.06,-0.30348451133835,-1.67739380453534,9.833059729479707,-1.2283241428913922,-0.7857492208103567,-9.537125389594822,0.07,0.16,0.19,9.979720259988822,37.139756238451994,-0.3886853677563948
2436.03,0.0,10.20805743917036,36.6405574232213,36.63294319101124,37.50437042696627,37.525743176030176,-6.470429999999945,0.06,0.06,0.06,-0.2984841363102274,-1.6753936545240908,9.820058754406592,-1.4033072713058596,-0.9123064894453136,-9.42710711493375,0.07,0.16,0.1915190935795145,9.96642316065528,37.075903554307246,-0.4509382862198779
2436.0400000000004,0.0,10.178141204627064,36.64289899999997,36.580509440000085,37.1991492000005,37.44147424000012,-6.454785000000024,0.06,0.06,0.06,-0.2934837612820977,-1.673393504512839,9.807057779333451,-1.2208730779255912,-0.3910659369302607,-9.176911649726526,0.07,0.16,0.1999118757868192,9.953128192998763,36.96600797000016,-0.4817380115705828
2436.0500000000006,0.0,10.148224970083769,36.66964899999999,36.52058944000004,36.84604920000025,37.36015424000006,-6.424785000000024,0.06,0.06,0.06,-0.288483386253968,-1.671393354501587,9.794056804260316,-1.04489617212916,0.0902076557416803,-9.06089316987718,0.07,0.16,0.2,9.939835365572934,36.849110470000085,-0.49024414949167383
2436.0600000000004,0.0,10.118308735540516,36.648103480000046,36.47645836000006,36.7344268000001,37.31041208000006,-6.470417395650985,0.06,0.06,0.06,-0.2834830112258454,-1.669393204490338,9.781055829187196,-0.8997873405055106,0.3804253189889788,-9.586287215411083,0.07,0.16,0.2,9.926544686975877,36.79235018000007,-0.3921792076188707
2436.0700000000006,0.0,10.088392500997225,36.61921348000002,36.43472836000003,36.65952680000005,37.26547208000003,-6.530402399400086,0.06,0.06,0.06,-0.2784826361977157,-1.6673930544790865,9.76805485411406,-0.7651489361702174,0.5667108886107799,-9.94749186483106,0.07,0.16,0.2,9.913256165850349,36.744735180000035,-0.31167140502686874
2436.0800000000004,0.0,10.058476266453928,36.60238760070053,36.41341922942208,36.76675159369521,37.16659429071809,-6.54,0.06,0.06,0.06,-0.2734822611695859,-1.6653929044678344,9.755053879040924,-0.6800425531914602,0.26132916145171,-9.531972465581834,0.07,0.16,0.2,9.899969810884153,36.737288178633975,-0.3142204418413335
2436.0900000000006,0.0,10.028560031910676,36.58739635726798,36.39521557668254,36.90167278458823,37.05951398048554,-6.54,0.06,0.06,0.06,-0.2684818861414633,-1.6633927544565854,9.742052903967805,-0.6082330920888518,-0.0553755927124851,-9.190883453955571,0.07,0.16,0.2,9.886685630810371,36.73594967475607,-0.3087932443247316
2436.1000000000004,0.0,9.99864379736738,36.50453869565227,36.36680279860073,36.91370059970016,37.1022639030484,-6.54,0.06,0.06,0.06,-0.2634815111133336,-1.6613926044453335,9.729051928894668,-0.5982505615173503,-0.4247292238580381,-9.195874719241326,0.07,0.16,0.2,9.873403634407603,36.72182649925039,-0.2662788103420359
2436.1100000000006,0.0,9.968727562824087,36.41149521739136,36.33685777111446,36.907283808095954,37.16750128435778,-6.54,0.06,0.06,0.06,-0.2584811360852039,-1.6593924544340817,9.71605095382153,-0.5917376064096108,-0.6535453179771229,-9.267766649974824,0.07,0.16,0.2,9.860123830500351,36.70578452023989,-0.2294184760856896
2436.1200000000003,0.0,9.95,36.37316798696418,36.34596600651791,36.842141825018885,37.23851445976427,-6.54,0.06,0.06,0.06,-0.2534807610570813,-1.6573923044228325,9.70304997874841,-0.6017526289434021,-0.2128843264903084,-9.65835252879268,0.07,0.16,0.2,9.846846227959267,36.69994756956631,-0.2194925131483304
2436.130000000001,0.0,9.95,36.34312536976687,36.36098731511657,36.768108232639776,37.310402150915,-6.54,0.06,0.06,0.06,-0.2484803860289516,-1.6553921544115806,9.690049003675274,-0.6911291531347685,0.159700224831331,-9.942962777916737,0.07,0.16,0.2,9.833570835701376,36.69565576710955,-0.24517708035274755
2436.1400000000003,0.0,9.95,36.29551800598204,36.097150887337904,36.69631034895312,37.11899768693912,-6.54,0.06,0.06,0.06,-0.2434800110008219,-1.6533920044003287,9.677048028602137,-1.1507844116910686,0.2146590057456712,-9.733120159880166,0.07,0.16,0.2,9.820297662690495,36.551994232303045,-0.4370104949903024
2436.1500000000005,0.0,9.95,36.24537842472586,35.79311300099722,36.62483477567303,36.88963577268211,-6.54,0.06,0.06,0.06,-0.2384796359726992,-1.6513918543890798,9.664047053529018,-1.5335043804755706,0.1478598247817398,-9.59241551939903,0.07,0.16,0.198298872180458,9.80702671793746,36.388240493519554,-0.5798834388938435
2436.1600000000003,0.0,9.95,36.142337699026754,35.804899700524054,36.59407583728476,36.80002319940108,-6.54,0.06,0.06,0.06,-0.2334792609445695,-1.649391704377828,9.65104607845588,-1.5535294117647045,-0.4929411764705346,-9.777647058823511,0.07,0.16,0.19,9.793758010500373,36.33533410905916,-0.4919427350506627
2436.1700000000005,0.0,9.95,36.031252098827245,35.864715023708406,36.56950882954833,36.73166283004754,-6.54,0.06,0.06,0.06,-0.2284788859164469,-1.647391554366579,9.638045103382762,-1.5141712431354706,-0.9597403894160634,-9.899870194708033,0.07,0.16,0.19,9.780491549485046,36.299284695532876,-0.4116889249779017
2436.1800000000003,0.0,9.95,36.03934273204899,35.78210049036793,36.530077338003565,36.57521222416838,-6.514778694673691,0.06,0.06,0.06,-0.2234785108883172,-1.645391404355327,9.625044128309623,-1.1996430354469294,-0.6202496255617651,-9.730124812780884,0.07,0.16,0.19,9.767227344045127,36.231683196147216,-0.36705466491118166
2436.1900000000005,0.0,9.95,36.06611280960717,35.67716178633989,36.488316017012814,36.4049545308984,-6.48477119279822,0.06,0.06,0.06,-0.2184781358601875,-1.6433912543440752,9.612043153236488,-0.902426139208822,-0.2159188783175045,-9.556795192789192,0.07,0.16,0.19,9.753965403382564,36.15913628596457,-0.33551861544580286
2436.2000000000003,0.0,9.95,35.93269724275751,35.79547428571402,36.40773876123891,36.48026359640341,-6.505229999999956,0.06,0.06,0.06,-0.2134777608320649,-1.641391104332826,9.59904217816337,-0.6871031547323103,0.4951477215816733,-9.36650976464716,0.07,0.16,0.19,9.740705736747834,36.15404347152846,-0.3659457341833388
2436.2100000000005,0.0,9.95,35.77449544455554,35.94833142857133,36.3211553446554,36.59357028971022,-6.535229999999977,0.0601433572262038,0.0601433572262038,0.0601433572262038,-0.2068099999999999,-1.638405,9.58507,-0.4727715355806371,1.012634207241153,-9.193158551810289,0.07,0.16,0.19,9.7262895404684,36.159388126873125,-0.3740138085439308
2436.2200000000003,0.0,9.941629769663196,35.77007173984813,35.92822190822054,36.347225995378,36.571134004622,-6.54,0.0606196270807036,0.0606196270807036,0.0606196270807036,-0.1963338095238044,-1.6331669047619024,9.568879523809516,-0.2630337078652154,0.6331086142322946,-9.098277153558074,0.07,0.16,0.19,9.709234596236344,36.15416341201717,-0.27847448008679193
2436.2300000000005,0.0,9.916755385304231,35.78985384615382,35.88088615384622,36.39102923076916,36.52733076923084,-6.54,0.0610958969352027,0.0610958969352027,0.0610958969352027,-0.1858576190476239,-1.627928809523812,9.552689047619054,-0.1494554084432246,0.2404346739950965,-9.113554833873897,0.07,0.16,0.19,9.69219084128747,36.14727500000001,-0.1971888805093006
2436.24,0.0,9.891881000945231,35.80963595245954,35.833550399471825,36.4348324661604,36.483527533839606,-6.54,0.0615721667897026,0.0615721667897026,0.0615721667897026,-0.1753814285714285,-1.6226907142857143,9.536498571428572,-0.4892005995500551,-0.214224331750809,-9.648153884586115,0.07,0.16,0.19,9.67515833475484,36.140386587982846,-0.18309943136430107
2436.2500000000005,0.0,9.867006616586233,35.80046321153369,35.69870708923702,36.26794496147172,36.52871217996515,-6.563013496932496,0.0620484366442024,0.0620484366442024,0.0620484366442024,-0.164905238095233,-1.6174526190476166,9.520308095238088,-0.8333750312733545,-0.5153390042533083,-10.08305479109333,0.07,0.16,0.19,9.658137136149554,36.073956860551895,-0.20155168748016494
2436.26,0.0,9.842132232227266,35.785568854089014,35.5465718667664,36.059423957246246,36.59148125776771,-6.592461349693203,0.0625247064987015,0.0625247064987015,0.0625247064987015,-0.1544290476190525,-1.6122145238095265,9.504117619047626,-1.198648986739782,-0.085016262196969,-10.043024768576462,0.07,0.16,0.19,9.641127305363332,35.99576148396734,-0.37502249920492414
2436.2700000000004,0.0,9.817257847868266,35.728783984886725,35.42827623677594,36.04215167758184,36.47116507808583,-6.6000000000000005,0.0630009763532013,0.0630009763532013,0.0630009763532013,-0.143952857142857,-1.6069764285714283,9.487927142857142,-1.4772215269086222,0.2156821026282528,-10.05205256570716,0.07,0.16,0.1917090395480159,9.62412890267109,35.91759424433259,-0.49847410789396096
2436.28,0.0,9.7923834635093,35.66302076070539,35.31723341561731,36.06586956171281,36.31160840302292,-6.6000000000000005,0.0634772462077005,0.0634772462077005,0.0634772462077005,-0.1334766666666765,-1.6017383333333384,9.471736666666684,-1.347058823529531,-0.0947058823526558,-10.292352941176247,0.07,0.16,0.2,9.6071419887338,35.839433035264605,-0.3861209022707923
2436.2900000000004,0.0,9.7675090791503,35.57996262646409,35.31450290555692,36.06791142287565,36.10072226763045,-6.576473526473558,0.0639535160622003,0.0639535160622003,0.0639535160622003,-0.123000476190481,-1.5965002380952409,9.455546190476198,-1.2187212787213415,-0.4448676323673526,-10.496206293706276,0.07,0.16,0.2,9.590166624600961,35.76577480563178,-0.27576064322128113
2436.3000000000006,0.0,9.7426346947913,35.49357339147776,35.3326339795664,36.06577835534512,35.87994977822095,-6.546503496503516,0.0644297859167001,0.0644297859167001,0.0644297859167001,-0.1125242857142856,-1.591262142857143,9.439355714285714,-1.0988411588411744,-0.9793331668330972,-10.531171328671324,0.07,0.16,0.2,9.57320287171353,35.69298387615255,-0.1746353056194997
2436.3100000000004,0.0,9.717760310432334,35.43956204584676,35.31373669213709,35.961847586887075,35.89903486812904,-6.494288494283725,0.0649060557711992,0.0649060557711992,0.0649060557711992,-0.102048095238105,-1.5860240476190526,9.423165238095253,-0.9411486486490416,-1.2250000000013015,-10.540675675675804,0.07,0.16,0.2,9.556250791906542,35.653545298249995,-0.0946953449912005
2436.3200000000006,0.0,9.7,35.39208854325862,35.28736252403257,35.83736151343373,35.96655273847662,-6.4359085380686665,0.065382325625699,0.065382325625699,0.065382325625699,-0.0915719047619096,-1.5807859523809549,9.406974761904769,-0.6058133133135998,-0.1138888888898381,-10.43056556556566,0.07,0.16,0.2,9.539310447411802,35.620841329800385,-0.11428440609874521
2436.3300000000004,0.0,9.7,35.338973649096026,35.286558635090394,35.6640264069265,35.96580836771073,-6.39755784061698,0.0658585954801988,0.0658585954801988,0.0658585954801988,-0.0810957142857142,-1.5755478571428572,9.390784285714286,-0.3362047440698982,0.8576154806490549,-10.163607990012894,0.07,0.16,0.2,9.5223819008608,35.56384176470591,-0.16516607800553015
2436.3400000000006,0.0,9.7,35.2844791240133,35.29200808759867,35.478745021645224,35.948370119684256,-6.366709511568152,0.066334865334698,0.066334865334698,0.066334865334698,-0.0706195238095336,-1.5703097619047668,9.374593809523825,-0.3711610486891103,1.1822097378274528,-9.169850187266722,0.07,0.16,0.2,9.505465215287408,35.50090058823537,-0.3610515379823439
2436.3500000000004,0.0,9.7,35.23803869098179,35.23809428928308,35.51376510117408,35.94737625281039,-6.336483846731789,0.0668111351891978,0.0668111351891978,0.0668111351891978,-0.0601433333333382,-1.565071666666669,9.35840333333334,-0.4070105157736652,1.2309213820729608,-8.382423635453202,0.07,0.16,0.1982830188679286,9.488560454130637,35.484318583562334,-0.4973237727803861
2436.3600000000006,0.0,9.7,35.19313237072196,35.17287320509618,35.590747364476634,35.94951464901324,-6.306431254695709,0.0672874050436976,0.0672874050436976,0.0672874050436976,-0.0496671428571427,-1.5598335714285714,9.342212857142856,-0.4470706059088871,-0.0209564346527226,-8.567701552328604,0.07,0.16,0.19,9.47166768123758,35.476566897327004,-0.35256223173440515
2436.3700000000003,0.0,9.7,35.1428898727228,35.22413830796097,35.75633232842502,35.92299117045175,-6.3,0.0677636748981967,0.0677636748981967,0.0677636748981967,-0.0391909523809622,-1.5545954761904812,9.326022380952397,-0.5253333333332368,-1.073111111111062,-8.78577777777764,0.07,0.16,0.19,9.454786960866196,35.51158791989013,-0.23643417610700493
2436.380000000001,0.0,9.7,35.09161959570757,35.297839331170366,35.93898269029177,35.89094724731724,-6.3,0.0682399447526965,0.0682399447526965,0.0682399447526965,-0.0287147619047667,-1.5493573809523835,9.309831904761912,-0.7800149812733916,-1.2029488139825135,-9.155315855181,0.07,0.16,0.19,9.437918357688082,35.55484721612174,-0.252534912692738
2436.3900000000003,0.0,9.7,35.123435732531895,35.188277786125816,35.84113267217641,35.892820130227896,-6.276521739130438,0.0687162146071963,0.0687162146071963,0.0687162146071963,-0.0182385714285713,-1.5441192857142858,9.293641428571428,-1.047094594594676,-1.140472972972732,-9.542567567567684,0.07,0.16,0.19,9.421061936791506,35.511416580265504,-0.29011583397875695
2436.4000000000005,0.0,9.7,35.17167014274974,35.04250267968968,35.68785443526194,35.901395136488844,-6.246536731634213,0.0691924844616955,0.0691924844616955,0.0691924844616955,-0.0077623809523907,-1.5388811904761954,9.277450952380969,-1.372419919919642,-0.174507007007832,-10.013038038037635,0.07,0.16,0.19,9.404217763684231,35.45085559854755,-0.4286107853806006
2436.4100000000003,0.0,9.7,35.03478648424157,34.95758335695097,35.54823799657967,35.7239109259714,-6.262938156929834,0.0696687543161953,0.0696687543161953,0.0696687543161953,0.0027138095238046,-1.5336430952380975,9.261260476190484,-1.61694805194812,0.5393181818184197,-10.415959040958992,0.07,0.16,0.19,9.387385904296341,35.3161296909359,-0.5239767759299919
2436.4200000000005,0.0,9.690528260435416,34.86224800390947,34.88438521377977,35.41125290007358,35.51059062301534,-6.292270838425776,0.07,0.07,0.07,0.0061535829890436,-1.5314424063791086,9.24823705886998,-1.4870779220781236,0.0847727272734324,-10.50586913086899,0.07,0.16,0.19,9.374179559177215,35.16711918519454,-0.4194916661896816
2436.4300000000003,0.0,9.655577191931307,34.858420613496875,34.730519509202715,35.28137914110449,35.331045521472646,-6.3,0.07,0.07,0.07,-0.0064783283770516,-1.5361793731413944,9.242447432827184,-1.3228911138927015,-0.3980675844799648,-10.556277847309277,0.07,0.16,0.19,9.36924349047336,35.05034119631918,-0.30651822090030045
2436.4400000000005,0.0,9.6206261234272,34.89890118609404,34.55546838445824,35.153373006135084,35.16037067484678,-6.3,0.07,0.07,0.07,-0.0191102397431469,-1.54091633990368,9.236657806784391,-0.9974843554442808,-1.0138372966208224,-10.421108886107625,0.07,0.16,0.19,9.364327835326796,34.94202831288354,-0.15366652683515974
2436.4500000000003,0.0,9.58567505492314,34.780307200000244,34.60458323999985,35.08497044000009,35.19231283999988,-6.2529810568296025,0.07,0.07,0.07,-0.0317421511092242,-1.5456533066659592,9.230868180741606,-0.7264453320020049,-1.357373939091722,-10.294892661008522,0.07,0.16,0.19,9.359432625901652,34.915543430000014,-0.04602547922147096
2436.4600000000005,0.0,9.550723986419031,34.63050720000014,34.69767323999991,35.028260440000054,35.26400283999993,-6.193160518444686,0.07,0.07,0.07,-0.0443740624753195,-1.5503902734282449,9.225078554698811,-0.7064752870693991,-0.4437443834250072,-10.210019970044948,0.07,0.16,0.19,9.354557894295453,34.905110930000006,-0.147166180950404
2436.4700000000003,0.0,9.515772917914925,34.60326045931103,34.72544452321517,35.10559848227652,35.27040091862207,-6.086423394151479,0.07,0.07,0.07,-0.0570059738414148,-1.5551272401905307,9.219288928656018,-0.6935052578868327,0.4098998497747298,-10.104947421131676,0.07,0.16,0.19,9.349703672538272,34.9261760958562,-0.24747715340842424
2436.4800000000005,0.0,9.480821849410862,34.60005526709936,34.740402086869665,35.20923303045413,35.26399053419871,-5.966453386653535,0.07,0.07,0.07,-0.0696378852074922,-1.5598642069528097,9.213499302613233,-0.7135353029544151,0.9807561342008302,-9.904646970455849,0.07,0.16,0.19,9.344869992591828,34.953420229655464,-0.34387654501771964
2436.49,0.0,9.445870780906754,34.5817027086457,34.59323475262392,35.12230884557737,35.258465677161425,-5.963402551913908,0.07,0.07,0.07,-0.0822697965735875,-1.564601173715095,9.20770967657044,-0.7033333333333901,1.2935555555558886,-9.697333333333424,0.07,0.16,0.19,9.340056886348597,34.88892799600211,-0.40435110589364326
2436.5000000000005,0.0,9.410919712402643,34.560313403298366,34.41356458770628,34.99718140929544,35.25311835082459,-5.993425068801602,0.07,0.07,0.07,-0.0949017079396828,-1.5693381404773812,9.201920050527646,-0.553520599250946,0.4146541822722167,-9.457632958801511,0.07,0.16,0.19,9.33526438563095,34.806044437781175,-0.29892560574130017
2436.51,0.0,9.375968643898586,34.46635811776313,34.50181547671823,35.027920689825,35.17326301552119,-6.022852962692004,0.07,0.07,0.07,-0.1075336193057602,-1.5740751072396602,9.19613042448486,-0.482715894868238,-0.3249361702126674,-9.310080100124829,0.07,0.16,0.1917184557438758,9.330492522190275,34.792339324956885,-0.22057314701579894
2436.5200000000004,0.0,9.35,34.357750086228165,34.644165809312604,35.090133057403285,35.0783627937916,-6.0521141185076734,0.07,0.07,0.07,-0.1201655306718555,-1.5788120740019458,9.190340798442069,-0.7830913642050281,-0.4100425531914246,-9.595436795994775,0.07,0.16,0.2,9.32574132770606,34.79260293668391,-0.2694099911761759
2436.53,0.0,9.35,34.32670099085367,34.479427179878385,35.10242,35.030822972561026,-6.082505776636678,0.07,0.07,0.07,-0.1327974420379328,-1.583549040764225,9.18455117239928,-1.0753333333329071,-0.5359999999994735,-9.837999999999925,0.07,0.16,0.2,9.32101083378504,34.73484278582327,-0.3177439123383246
2436.5400000000004,0.0,9.35,34.31473960873985,34.23911213922796,35.10242,34.99493882621956,-6.113314505776616,0.07,0.07,0.07,-0.1454293534040281,-1.5882860075265106,9.178761546356489,-1.3300149812732427,-0.8506067415728293,-9.882943820224687,0.07,0.16,0.2,9.316301071960297,34.66280264354685,-0.36375534639665924
2436.5500000000006,0.0,9.35,34.28237810357772,34.19934,34.8298765173884,34.963979614711064,-6.12,0.07,0.07,0.07,-0.1580612647701234,-1.5930229742887965,9.172971920313694,-1.5039774718397456,-1.0827634543178566,-9.956022528160254,0.07,0.16,0.2,9.311612073690364,34.5688935589193,-0.3869752526486793
2436.5600000000004,0.0,9.35,34.24597079809866,34.19934,34.50328157117912,34.93399712784595,-6.12,0.07,0.07,0.07,-0.1706931761362008,-1.5977599410510754,9.167182294270908,-1.2987209011265644,-0.9275694618274024,-10.161279098873436,0.07,0.16,0.2,9.306943870358358,34.47064737428093,-0.3031204314006447
2436.5700000000006,0.0,9.35,34.18024642073788,34.084292063808746,34.43990971086741,34.82651788634113,-6.12,0.07,0.07,0.07,-0.1833250875022961,-1.602496907813361,9.161392668228114,-1.0766666666667803,-0.7004444444446565,-10.337111111111096,0.07,0.16,0.1982742316784906,9.302296493271054,34.38274152043879,-0.22555734509167108
2436.5800000000004,0.0,9.35,34.108770847457635,33.94667491525425,34.42817491525424,34.7038359322034,-6.12,0.07,0.07,0.07,-0.1959569988683914,-1.607233874575647,9.15560304218532,-0.7770411985018921,-0.1411435705368653,-10.37706117353308,0.07,0.16,0.19,9.297669973658026,34.296864152542376,-0.17704934934461486
2436.5900000000006,0.0,9.35,34.01189039919672,34.017820396685764,34.4136935325132,34.60627741400967,-6.072979469203911,0.07,0.07,0.07,-0.2085889102344687,-1.611970841337926,9.149813416142536,-0.53,0.2989136420527047,-10.3212615769718,0.07,0.16,0.19,9.293064342670744,34.26242043560134,-0.14829142295134562
2436.6000000000004,0.0,9.35,33.909806542807075,34.13172448907842,34.398649595782096,34.5138646598043,-6.012889334001079,0.07,0.07,0.07,-0.221220821600564,-1.6167078081002115,9.144023790099745,-0.53,0.1787634543179888,-9.815629536921536,0.07,0.16,0.19,9.288479631381657,34.238511321867975,-0.21231943491857042
2436.6100000000006,0.0,9.35,33.93805912979707,34.07906373502819,34.52166501099961,34.530520562209695,-5.954008294706065,0.07,0.07,0.07,-0.2288762566450859,-1.6174314437601964,9.134060213695454,-0.5184444444444609,0.0364444444445062,-9.360000000000058,0.07,0.16,0.19,9.27898296170083,34.26732710950864,-0.2625943579263801
2436.6200000000003,0.0,9.34778986230294,33.991415277438186,33.99432161818641,34.67127146418942,34.568183725250485,-5.895457428641215,0.07,0.07,0.07,-0.2251918522027501,-1.6090099478920004,9.114585504500251,-0.4535255930087813,-0.2082496878899782,-9.135280898876552,0.07,0.16,0.19,9.25825541349773,34.30629802126612,-0.249357825177621
2436.630000000001,0.0,9.337811814009182,33.883507971348315,33.87779801995407,34.558976607828264,34.5612195292914,-5.857353846153865,0.07,0.07,0.07,-0.221507447760409,-1.600588452023792,9.09511079530502,-0.430758637956984,-0.3458462694040047,-8.969334001001533,0.07,0.16,0.19,9.237531559948208,34.220375532105514,-0.2525186179129125
2436.6400000000003,0.0,9.327833765715424,33.73350541314917,33.75297837298543,34.378316592478924,34.54260607316449,-5.826584615384609,0.07,0.07,0.07,-0.2178230433180679,-1.592166956155584,9.075636086109787,-0.6060215322985798,0.0197020530798949,-9.079499248873391,0.07,0.16,0.19,9.2168114259744,34.1018516129445,-0.33271413920431314
2436.6500000000005,0.0,9.31785571742168,33.68874207016673,33.79532674297082,34.26877418760895,34.42262309529747,-5.843451019393315,0.07,0.07,0.07,-0.2141386388757321,-1.5837454602873875,9.056161376914584,-0.8293135297053377,0.360993509735343,-9.199408387418831,0.07,0.16,0.19,9.196095036718571,34.043866524010994,-0.4250418367541717
2436.6600000000003,0.0,9.307877669127922,33.664248415028624,33.86987264991289,34.172929450111994,34.28311575516302,-5.873286921929378,0.07,0.07,0.07,-0.210454234433391,-1.5753239644191797,9.036686667719351,-1.2736470294558164,0.5906490264603097,-9.36416125811283,0.07,0.16,0.19,9.175382417545384,33.99754156755413,-0.573204732043281
2436.6700000000005,0.0,9.297899620834178,33.67518109300574,33.70561426422694,34.16632423665077,34.15252287290066,-5.902799705810201,0.07,0.07,0.07,-0.2067698299910552,-1.5669024685509834,9.017211958524149,-1.6136354531799415,0.6095092638969547,-9.579093640460176,0.07,0.16,0.19,9.154673594044553,33.924910616696025,-0.6568131343869432
2436.6800000000003,0.0,9.28792157254042,33.69342125344696,33.49209709200329,34.17812669340685,34.02376879919796,-5.9322186810492346,0.07,0.07,0.07,-0.2030854255487141,-1.5584809726827753,8.997737249328917,-1.4634101151728596,-0.3619479218821757,-10.029769654481422,0.07,0.16,0.19,9.13396859203302,33.84685345951377,-0.43714416103965376
2436.6900000000005,0.0,9.277943524246664,33.65192778664013,33.43183316051847,34.059006779661146,34.066557587238215,-5.985076608784434,0.07,0.07,0.07,-0.1994010211063731,-1.5500594768145672,8.978262540133686,-1.2909860209686117,-1.1216799800300052,-10.38841487768349,0.07,0.16,0.19,9.113267437557656,33.80233132851449,-0.2459641697281001
2436.7000000000003,0.0,9.267965475952918,33.598587806580355,33.401962771685,33.91392203389857,34.143367158524285,-6.046363636363569,0.07,0.07,0.07,-0.1957166166640373,-1.541637980946371,8.958787830938483,-1.0163979031456722,-0.9070019970047982,-10.323512231652613,0.07,0.16,0.19,9.09257015689768,33.76445994267205,-0.18589733663736618
2436.7100000000005,0.0,9.25798742765916,33.567610524501376,33.421289012558454,33.954528426495855,33.97841147993128,-6.0600000000000005,0.07,0.07,0.07,-0.1920322122216962,-1.5332164850781629,8.939313121743252,-0.740786179269189,-0.6183900851283394,-10.32360791186749,0.07,0.16,0.19,9.07187677656709,33.73045986087175,-0.12333791662985265
2436.7200000000003,0.0,9.25,33.54126233440039,33.45079898547156,34.0335729967988,33.76341024870727,-6.0600000000000005,0.07,0.07,0.07,-0.1883478077793551,-1.5247949892099546,8.919838412548021,-0.4603655483224363,0.0175638457687604,-10.629066099148774,0.07,0.16,0.19,9.051187323317437,33.697261141344505,-0.04906830908483689
2436.7300000000005,0.0,9.25,33.4972593914808,33.46830645030424,33.962364300202985,33.80080515212968,-6.0600000000000005,0.07,0.07,0.07,-0.1846634033370193,-1.5163734933417583,8.900363703352816,-0.252284644194729,0.534651685393265,-10.818494382022548,0.07,0.16,0.1916750572082233,9.030501824140327,33.68218382352943,-0.0042914890273309525
2436.74,0.0,9.25,33.44878745098045,33.48277568627449,33.85312156862758,33.90208980392145,-6.0600000000000005,0.07,0.07,0.07,-0.1809789988946782,-1.5079519974735505,8.880888994157585,-0.3771285892634324,0.5046891385767762,-10.473925093632928,0.07,0.16,0.2,9.00982030626997,33.67169362745099,-0.09524758169211965
2436.7500000000005,0.0,9.25,33.400315510480105,33.49724492224475,33.74387883705217,34.003374455713214,-6.0600000000000005,0.07,0.07,0.07,-0.1772945944523372,-1.4995305016053422,8.861414284962354,-0.5029143715573928,0.3724787180768492,-10.128307461191634,0.07,0.16,0.198282352941178,8.989142797186041,33.661203431372556,-0.1760465115971511
2436.76,0.0,9.25,33.39705063202597,33.45914431176627,33.73448313764675,34.10220762927784,-6.034420815611746,0.07,0.07,0.07,-0.1736101900100014,-1.491109005737146,8.84193957576715,-0.6331096644966788,-0.2384376564844162,-9.777781672508942,0.07,0.16,0.19,8.968469324616274,33.67322142767921,-0.209291452217929
2436.7700000000004,0.0,9.25,33.4023966225331,33.411030397202175,33.74410592055957,34.20057385460889,-6.004398298724072,0.07,0.07,0.07,-0.1699257855676603,-1.4826875098689378,8.822464866571918,-0.7498302546180687,-0.6202496255617083,-9.519490763854206,0.07,0.16,0.19,8.947799916539148,33.68952669872593,-0.2478757286868461
2436.78,0.0,9.25,33.31802647500023,33.20767149000053,33.79769730999986,34.02625466000051,-6.025408087323184,0.07,0.07,0.07,-0.1662413811253245,-1.4742660140007418,8.802990157376716,-0.8047478781826566,0.0487468796796347,-9.68424363454797,0.07,0.16,0.19,8.927134601186845,33.587412483750285,-0.31094936119638117
2436.7900000000004,0.0,9.25,33.21637647500015,32.974411490000364,33.8597573099999,33.79941466000035,-6.055177375341057,0.07,0.07,0.07,-0.1625569766829834,-1.4658445181325337,8.783515448181484,-0.9134392991235448,0.6334818523152042,-9.860530663328932,0.07,0.16,0.19,8.906473407047836,33.46248998375019,-0.3815739118484656
2436.8000000000006,0.0,9.25,33.07964563422576,33.06962452339244,33.58874719039301,33.7672693420065,-6.085310848225492,0.07,0.07,0.07,-0.1628560000000045,-1.4602720000000005,8.768911999999998,-1.2738898623276929,0.8237196495618379,-10.090818523153803,0.07,0.16,0.19,8.891160444759953,33.37632167250443,-0.4875504883495995
2436.8100000000004,0.0,9.25,32.93615801851404,33.22810338253672,33.25358581936489,33.772623357518135,-6.115514724389579,0.07,0.07,0.07,-0.172189333333329,-1.4611608888888885,8.765356444444446,-1.501346153846731,0.7508566433585697,-10.306748251748026,0.07,0.16,0.19,8.887975804866715,33.29761764448345,-0.5236797274425234
2436.8200000000006,0.0,9.242580773833293,32.988642618036415,33.1735267499376,33.29516139895072,33.60283598301286,-6.145544999999971,0.07,0.07,0.07,-0.1815226666666667,-1.4620497777777777,8.761800888888889,-1.116730769230922,-0.5328596403591301,-10.456598401598342,0.07,0.16,0.19,8.884801339802031,33.2650416874844,-0.2383546938107523
2436.8300000000004,0.0,9.2026924611089,33.07845525855607,33.07836811891083,33.40849639770171,33.39968834374221,-6.175544999999992,0.07,0.07,0.07,-0.1908560000000045,-1.462938666666667,8.758245333333331,-0.7796821821821169,-1.5634984984984135,-10.569399399399366,0.07,0.16,0.19,8.88163706047593,33.241252029727704,-0.0009264073661444661
2436.8400000000006,0.0,9.162804148384565,33.0857770527896,32.95794939704794,33.442063762822094,33.377654420815595,-6.154474144391742,0.07,0.07,0.07,-0.200189333333329,-1.463827555555555,8.754689777777779,-0.664567067067129,-1.413348348348429,-10.509339339339371,0.07,0.16,0.19,8.878482977778969,33.21586115836881,0.013028953817874903
2436.8500000000004,0.0,9.12291583566017,33.077210627970985,32.832665434075686,33.46026741556165,33.390504058043526,-6.124496627529374,0.07,0.07,0.07,-0.2095226666666667,-1.4647164444444445,8.751134222222221,-0.5432517482517792,-1.0840384615386995,-10.45019230769232,0.07,0.16,0.19,8.875339102582053,33.19016188391296,0.01057496212965267
2436.8600000000006,0.0,9.083027522935778,32.91507537347,32.794657471896095,33.305109752685595,33.42758692980262,-6.094525474525484,0.07,0.07,0.07,-0.2188560000000045,-1.4656053333333336,8.747578666666664,-0.3934015984015704,0.069807692307908,-10.395247252747245,0.07,0.16,0.19,8.872205445736299,33.110607381963575,-0.06739882443021379
2436.8700000000003,0.0,9.04313921021144,32.7236889133153,32.77327350986764,33.11693088683516,33.469285655758114,-6.064555444555485,0.07,0.07,0.07,-0.228189333333329,-1.4664942222222217,8.744023111111112,-0.3238863863861256,0.9493293293296714,-10.23251001001058,0.07,0.16,0.19,8.86908201807287,33.02079474144405,-0.16013853158357844
2436.880000000001,0.0,9.003250897487048,32.67212385885889,32.81023418918914,33.310165180179865,33.55145981981971,-6.034547273636835,0.07,0.07,0.07,-0.2375226666666667,-1.467383111111111,8.740467555555554,-0.6291916916915278,0.5489289289291439,-9.566844344344702,0.07,0.16,0.19,8.865968830402792,33.085995762011905,-0.3217719249065328
2436.8900000000003,0.0,8.963362584762654,32.647489224224245,32.858432387387346,33.57686187687665,33.64142978978971,-6.004532266133056,0.07,0.07,0.07,-0.2468560000000045,-1.4682720000000005,8.736911999999998,-0.9013986013985766,0.0702097902099632,-9.030699300699288,0.07,0.16,0.19,8.862865893516835,33.181053319569486,-0.4445448824401234
2436.9000000000005,0.0,8.923474272038318,32.60673329837709,32.70534000998778,33.47388961797776,33.56236592759066,-5.949123595505659,0.07,0.07,0.07,-0.256189333333329,-1.4691608888888883,8.733356444444446,-1.0212787212785734,-0.7689510489500134,-9.090639360639289,0.07,0.16,0.19,8.859773218185323,33.08708221348332,-0.38847275313333246
2436.9100000000003,0.0,8.883585959313926,32.562918067415744,32.514049123595576,33.30076602247197,33.45122485393262,-5.889198501872682,0.07,0.07,0.07,-0.2655226666666667,-1.4700497777777777,8.729800888888889,-1.1420901126407117,-1.2894643304137068,-9.19124906132645,0.07,0.16,0.19,8.856690815157968,32.957239516853974,-0.3596926053772689
2436.9200000000005,0.0,8.85,32.45529355355371,32.46331373373377,33.190144704704835,33.28781567567591,-5.88,0.07,0.07,0.07,-0.2748559999999912,-1.4709386666666655,8.726245333333337,-1.2672465581976189,-0.3232565707143846,-9.481612015018476,0.07,0.16,0.19,8.853618695163743,32.849141916917056,-0.45824926672718325
2436.9300000000003,0.0,8.85,32.33533359359371,32.43975017017019,33.091606166166265,33.11430216216234,-5.88,0.07,0.07,0.07,-0.284189333333329,-1.4718275555555551,8.722689777777779,-1.38340823970037,0.5558127340823674,-9.734302122347062,0.07,0.16,0.19,8.850556868910681,32.74524802302313,-0.5504256931372783
2436.9400000000005,0.0,8.85,32.270346993007024,32.39557440559444,32.887280559440704,32.96891482517491,-5.88,0.07,0.07,0.07,-0.2935226666666667,-1.4727164444444445,8.719134222222221,-1.458314606741592,1.0352134831461883,-9.814202247191032,0.07,0.16,0.19,8.847505347085747,32.63052919580427,-0.6133385838730113
2436.9500000000003,0.0,8.85,32.2158315084916,32.34747250749259,32.66280503496541,32.828884855145084,-5.88,0.07,0.07,0.07,-0.3028559999999912,-1.4736053333333323,8.71557866666667,-1.4554968710891685,1.2090988735930417,-9.861444305381816,0.07,0.16,0.19,8.844464140354665,32.513748476523666,-0.6233240182580811
2436.9600000000005,0.0,8.85,32.24466913728428,32.289454483620965,32.49101048262081,32.79364362090524,-5.930781913564755,0.07,0.07,0.07,-0.312189333333329,-1.4744942222222217,8.712023111111112,-1.0900400500627403,-0.0424655819769168,-9.75631289111394,0.07,0.16,0.19,8.84143325936174,32.454694431107825,-0.38636463505133867
2436.9700000000003,0.0,8.85,32.28962037509377,32.229519499874975,32.32940008002003,32.778659874968746,-5.99073694728949,0.07,0.07,0.07,-0.3215226666666667,-1.475383111111111,8.708467555555554,-0.7748077883175302,-1.068212680978533,-9.693235147279072,0.07,0.16,0.19,8.838412714729724,32.40679995748938,-0.18338861336911222
2436.9800000000005,0.0,8.85,32.28969345682104,32.1497712040051,32.448827499374026,32.756477006257846,-5.974660339660392,0.07,0.07,0.07,-0.3308559999999912,-1.4762719999999991,8.704912000000002,-0.6899350973540762,-1.0582276585122443,-9.823040439340824,0.07,0.16,0.19,8.835402517059652,32.411192291614505,-0.1362804118637682
2436.99,0.0,8.85,32.28112274342929,32.066206748435604,32.62238444555682,32.73290754443055,-5.94469030969035,0.07,0.07,0.07,-0.340189333333329,-1.4771608888888883,8.701356444444446,-0.6226426426426294,-0.9363663663669396,-9.971401401401192,0.07,0.16,0.19,8.832402676930649,32.42565537046307,-0.10390111152958655
2437.0000000000005,0.0,8.85,32.126782100000014,32.07001753,32.46190717000001,32.70846299,-5.94,0.07,0.07,0.07,-0.3495226666666667,-1.4780497777777777,8.697800888888889,-0.6376576576576598,-0.2907207207206297,-10.20663663663667,0.07,0.16,0.19,8.829413204899804,32.34179244750001,-0.14047984849757772
2437.01,0.0,8.85,31.944882100000136,32.09034752999999,32.23827717000017,32.68385299000002,-5.94,0.07,0.07,0.07,-0.3588559999999912,-1.4789386666666655,8.694245333333336,-0.6585659287776535,0.2511357074109495,-10.388007699711286,0.07,0.16,0.19,8.826434111502008,32.23933994750008,-0.17639700787779639
2437.0200000000004,0.0,8.849381541389155,31.93025783515391,32.03192058589877,32.385017398212355,32.780024846077374,-5.965331001748677,0.07,0.07,0.07,-0.368189333333329,-1.4798275555555551,8.690689777777779,-0.7066891241578467,0.3136958614052006,-10.320635226179014,0.07,0.16,0.19,8.82346540724976,32.2818051663356,-0.20925901682487658
2437.03,0.0,8.844373779358012,31.947258828202543,31.95860380337653,32.60178005958244,32.89903179741781,-5.995308518611001,0.07,0.07,0.07,-0.3569293764696568,-1.4756431254898856,8.671265439606508,-0.7520822488287153,0.3429307652267014,-10.226684018740556,0.07,0.16,0.19,8.803167926247164,32.35166862214483,-0.24176132304113518
2437.0400000000004,0.0,8.839366017326862,31.86108721047348,31.910274884189395,32.44946975830852,32.87684586102727,-5.949390000000041,0.07,0.07,0.07,-0.3407127219654727,-1.470237573988491,8.64802156815051,-0.7729047371160751,0.0722384174910235,-9.893524206142798,0.07,0.16,0.19,8.778722044014897,32.27441942849967,-0.27102630468043276
2437.0500000000006,0.0,8.834358255295712,31.75333293051368,31.86717317220547,32.21995314199413,32.825123806646566,-5.889389999999998,0.07,0.07,0.07,-0.3244960674612887,-1.4648320224870963,8.624777696694514,-0.8186042446941225,-0.147318352059926,-9.656649188514344,0.07,0.16,0.19,8.754302991632207,32.16639576283996,-0.2993911335090183
2437.0600000000004,0.0,8.829350493264567,31.76308185212841,31.811036604431248,32.23363945730636,32.72998201145148,-5.88,0.07,0.07,0.07,-0.3082794129571277,-1.4594264709857092,8.60153382523855,-0.9784044943818356,-0.1323370786517029,-9.861393258426729,0.07,0.16,0.19,8.729910994242147,32.13443498132938,-0.32362732849625486
2437.0700000000006,0.0,8.824342731233417,31.79504600448093,31.752435658451617,32.29330587503108,32.626631252178306,-5.88,0.07,0.07,0.07,-0.2920627584529437,-1.4540209194843146,8.578289953782551,-1.1188360450562784,-0.1217672090112556,-9.999073842303025,0.07,0.16,0.19,8.705546279260124,32.11685469753548,-0.35104971514052896
2437.0800000000004,0.0,8.819334969202266,31.76392382022473,31.615398202247228,32.26148584269664,32.43049775280904,-5.930554722638623,0.07,0.07,0.07,-0.2758461039487597,-1.44861536798292,8.555046082326555,-1.1688986232790768,-0.1317797246558153,-9.82385481852323,0.07,0.16,0.19,8.681209076398916,32.01782640449441,-0.3933379875046764
2437.0900000000006,0.0,8.814327207171123,31.72010858926348,31.462579225967744,32.21125862671667,32.21569625468194,-5.990524737631074,0.07,0.07,0.07,-0.2596294494445987,-1.443209816481533,8.531802210870591,-1.1518831168835524,-0.1891758241754556,-9.692517482517388,0.07,0.16,0.19,8.656899617693616,31.90241067415746,-0.401532003565686
2437.1000000000004,0.0,8.809319445139971,31.625254727592345,31.515978257594703,32.050206718553994,32.18899079588249,-6.0,0.07,0.07,0.07,-0.2434127949404146,-1.4378042649801384,8.508558339414593,-0.8272077922078696,-0.4639010989010334,-9.762447552447536,0.07,0.16,0.19,8.632618137526842,31.845107624905882,-0.25334957032441124
2437.1100000000006,0.0,8.804311683108821,31.519947170474527,31.61161471252824,31.866455777052497,32.200811031885515,-6.0,0.07,0.07,0.07,-0.2271961404362306,-1.4323987134787437,8.485314467958597,-0.5396246246245412,-0.6430480480478556,-9.776591591591414,0.07,0.16,0.19,8.608364872654514,31.799707172985194,-0.13600457864991722
2437.1200000000003,0.0,8.8,31.57530524271833,31.544867378640912,31.88681029126205,32.1080198058254,-6.025219780219733,0.07,0.07,0.07,-0.2109794859320697,-1.4269931619773566,8.462070596502633,-0.4245095095095531,-0.3777827827828832,-9.53134634634644,0.07,0.16,0.19,8.584140062231553,31.778750679611676,-0.16204497911857074
2437.130000000001,0.0,8.8,31.661608454070088,31.44684397809323,31.94647670898673,31.99507980084655,-6.055189810189775,0.07,0.07,0.07,-0.1947628314278856,-1.421587610475962,8.438826725046635,-0.3291061173533087,-0.1465917602996301,-9.313910112359556,0.07,0.16,0.19,8.559943947837851,31.76250223549915,-0.1869532236331823
2437.1400000000003,0.0,8.8,31.58396375812104,31.36626875562225,31.94152984507748,32.079735772113835,-6.0600000000000005,0.07,0.07,0.07,-0.1785461769237016,-1.4161820589745673,8.415582853590639,-0.3241123595505605,-0.071685393258408,-9.22402247191009,0.07,0.16,0.19,8.535776773504814,31.74287453273365,-0.20666873050366036
2437.1500000000005,0.0,8.8,31.47273937031504,31.289267256371947,31.923348935532264,32.20486320839559,-6.0600000000000005,0.07,0.07,0.07,-0.1623295224195406,-1.4107765074731802,8.392338982134675,-0.355353029544151,-0.029444166249283,-9.066036554832642,0.07,0.16,0.19,8.511638785741818,31.72255469265371,-0.24546173374823188
2437.1600000000003,0.0,8.8,31.4216667202008,31.32328955081549,31.93270516436636,32.15681122710173,-6.0600000000000005,0.07,0.07,0.07,-0.1461128679153566,-1.4053709559717855,8.369095110678678,-0.5556534802202604,-0.1396094141211432,-8.590322984476881,0.07,0.16,0.19,8.487530233562957,31.708618165621093,-0.3732650387729317
2437.1700000000005,0.0,8.8,31.38300172647436,31.38021301380164,31.947741550815525,32.07303707402778,-6.0600000000000005,0.07,0.07,0.07,-0.1298962134111956,-1.3999654044703986,8.345851239222714,-0.7513732833955238,-0.2766117353304926,-8.259161048688702,0.07,0.16,0.19,8.463451368514376,31.695998341279825,-0.4748632079801549
2437.1800000000003,0.0,8.8,31.316711315000106,31.38414967000001,31.96273076999997,32.10677791499992,-6.009642589352698,0.07,0.07,0.07,-0.1136795589070116,-1.394559852969004,8.322607367766716,-0.9261548064917086,-0.5362871410733956,-8.588749063670079,0.07,0.16,0.19,8.439402444701345,31.692592417500002,-0.45667689842270287
2437.1900000000005,0.0,8.8,31.245021315000056,31.377729670000004,31.977710769999987,32.163487914999955,-5.949657585603597,0.07,0.07,0.07,-0.0974629044028276,-1.389154301467609,8.29936349631072,-1.0815193992490253,-0.6383504380479099,-8.99646057571922,0.07,0.16,0.19,8.415383718816123,31.690987417500004,-0.4365359763113189
2437.2000000000003,0.0,8.8,31.163763854581784,31.262569402390625,31.828606862550046,32.097874920318844,-5.965119760479006,0.07,0.07,0.07,-0.0812462498986666,-1.3837487499662222,8.276119624854756,-1.146600750938617,-0.0075619524410985,-9.767424280349768,0.07,0.16,0.19,8.391395450165705,31.588203759960326,-0.40730665797458354
2437.2100000000005,0.0,8.8,31.08063636454188,31.126155059761025,31.64743156374511,32.00835300796817,-5.995059880239487,0.07,0.07,0.07,-0.0715717142710591,-1.3796856571457885,8.256699400030776,-1.2143420724094958,0.4911760299625367,-10.43316604244696,0.07,0.16,0.19,8.37148373977314,31.465643999004044,-0.381163664663568
2437.2200000000003,0.0,8.795491476423123,31.12577516499997,31.15151722499997,31.54189442000003,31.86889070000005,-6.0,0.07,0.07,0.07,-0.0766996564278743,-1.3786600687144253,8.245930721501464,-1.294242197253466,0.3863071161048258,-10.61793508114864,0.07,0.16,0.19,8.3607391949615,31.422019377500007,-0.36912835761236606
2437.2300000000005,0.0,8.750630545309614,31.19746516499988,31.210367224999896,31.45201442000016,31.719090700000265,-6.0,0.07,0.07,0.07,-0.0818275985846822,-1.3776344802830636,8.235162042972167,-1.296200250313137,0.1803754693371314,-10.747847309136503,0.07,0.16,0.19,8.349997987494634,31.39473437750005,-0.32871165014803744
2437.24,0.0,8.70576961419604,31.12084552308216,31.17629718033882,31.3494520358686,31.66866882098974,-6.032942336126152,0.07,0.07,0.07,-0.0869555407414974,-1.3766088918517003,8.224393364442856,-0.9357496871089888,-0.4954693366706461,-10.622690863579509,0.07,0.16,0.19,8.339260130268302,31.32881589006983,-0.15632944810663751
2437.2500000000005,0.0,8.660908683082466,31.01352569578217,31.122992630355387,31.244264390567963,31.638818272999018,-6.072370625924107,0.07,0.07,0.07,-0.0920834828983126,-1.3755833034203375,8.213624685913544,-0.6552384519350893,-1.004284644194732,-10.505657927590503,0.07,0.16,0.19,8.328525636240778,31.254900247426136,-0.026931382588186573
2437.26,0.0,8.616047751968955,30.90620586848236,31.06968808037203,31.13907674526747,31.608967725008338,-6.111798915722004,0.07,0.07,0.07,-0.0972114250551205,-1.374557714988976,8.202856007384247,-0.740132334581687,-0.749602996254939,-10.425757802746649,0.07,0.16,0.19,8.317794518433164,31.18098460478255,-0.09401512217866426
2437.2700000000004,0.0,8.571186820855381,30.930609187829987,30.912156328891243,31.102284324868005,31.58416475735481,-6.096204306459695,0.07,0.07,0.07,-0.1023393672119356,-1.373532126557613,8.192087328854935,-0.7665807259075514,-0.4549336670841824,-10.382152690863494,0.07,0.16,0.19,8.307066789929692,31.132303649736013,-0.140136939113368
2437.28,0.0,8.526325889741871,30.98441859190336,30.73135673120473,31.08076056323865,31.560488619562523,-6.066159238858321,0.07,0.07,0.07,-0.1074673093687436,-1.3725065381262511,8.181318650325638,-0.5212740926161883,0.0256670838539985,-10.50730913642031,0.07,0.16,0.19,8.296342463878187,31.089256126477313,-0.08879173714492496
2437.2900000000004,0.0,8.481464958628298,30.88799499379823,30.712762917390208,31.18534563135681,31.53443479037463,-6.036144036009032,0.07,0.07,0.07,-0.1125952515255587,-1.3714809496948883,8.170549971796326,-0.318206793206805,0.3240634365640686,-10.564273226773528,0.07,0.16,0.19,8.285621553490301,31.08013458322997,-0.043005200057082874
2437.3000000000006,0.0,8.436604027514722,30.76058244108173,30.72762771520713,31.315943497891222,31.50789050855869,-6.006136534133559,0.07,0.07,0.07,-0.1177231936823739,-1.3704553612635253,8.159781293267015,-0.308216783216784,-0.2104020979020555,-10.309527972027992,0.07,0.16,0.19,8.274904072041986,31.078011040684693,-0.022627490460249672
2437.3100000000004,0.0,8.391743096401212,30.712688851485204,30.778662297029587,31.270492034653632,31.440026648515,-6.0,0.07,0.07,0.07,-0.1228511358391818,-1.3694297728321638,8.149012614737718,-0.3470845845844421,-0.6073573573574864,-10.015603103103356,0.07,0.16,0.19,8.264190032873795,31.050467457920856,-0.03888540516529292
2437.3200000000006,0.0,8.35,30.68302548514856,30.837989029702875,31.18468015346548,31.36269001485161,-6.0,0.07,0.07,0.07,-0.127979077995997,-1.3684041844008006,8.138243936208406,-0.6123498498497916,-0.3671171171171699,-9.540127627627731,0.07,0.16,0.19,8.253479449391222,31.01709617079213,-0.2249055789598381
2437.3300000000004,0.0,8.35,30.59783912955473,30.71360219129567,31.07586812753045,31.368203932186216,-5.977513458087696,0.07,0.07,0.07,-0.1331070201528122,-1.3673785959694376,8.127475257679095,-0.8515131086142439,-0.1036679151060815,-9.164342072409497,0.07,0.16,0.19,8.242772335065137,30.938878345141767,-0.3894865992495582
2437.3400000000006,0.0,8.35,30.49820350202441,30.54140583502044,30.961070556680298,31.39527883097163,-5.946752114842395,0.07,0.07,0.07,-0.1382349623096201,-1.366353007538076,8.116706579149799,-0.9713632958800288,0.2658701622967554,-9.244242197253351,0.07,0.16,0.19,8.232068703432128,30.848989681174196,-0.4560685919586597
2437.3500000000004,0.0,8.35,30.401817564038264,30.54952055750874,30.962086976393746,31.21921211451554,-5.96356819325614,0.07,0.07,0.07,-0.1433629044664353,-1.365327419106713,8.105937900620486,-1.0877265898847603,0.5363194792189553,-9.309113670505765,0.07,0.16,0.19,8.221368568094809,30.783159303114072,-0.513450423614158
2437.3600000000006,0.0,8.35,30.306157091913704,30.597888211953745,30.988957895529857,30.99779574083397,-5.993764469048811,0.07,0.07,0.07,-0.1484908466232505,-1.36430183067535,8.095169222091174,-1.1878768152228152,0.3460340510766513,-9.30410615923886,0.07,0.16,0.19,8.210671942722303,30.722699735057816,-0.5280541052852981
2437.3700000000003,0.0,8.35,30.374958143354714,30.424038601294576,30.77528247884568,31.03069185166734,-6.023787159630244,0.07,0.07,0.07,-0.1536187887800584,-1.3632762422439884,8.084400543561879,-1.2753919121317707,0.0938442336500877,-9.341337993010244,0.07,0.16,0.19,8.199978841050552,30.651242768790578,-0.5255851733255767
2437.380000000001,0.0,8.35,30.47828318068679,30.20354084121478,30.511111249378096,31.116973583872475,-6.053764676492611,0.07,0.07,0.07,-0.1587467309368736,-1.3622506538126251,8.073631865032565,-1.305346979530701,-0.4403544682974961,-9.570993509735372,0.07,0.16,0.19,8.189289276882658,30.57747721378804,-0.4453410014914061
2437.3900000000003,0.0,8.35,30.42187601800903,30.2000568284142,30.524161380690327,30.968189434717413,-6.0600000000000005,0.07,0.07,0.07,-0.1638746730936888,-1.3612250653812623,8.062863186503254,-1.2768335419271872,-0.902152690863672,-9.830002503129204,0.07,0.16,0.19,8.178603264089364,30.528570915457745,-0.34854810167591216
2437.4000000000005,0.0,8.35,30.32980998499257,30.24501930965479,30.59909884942465,30.76692880440237,-6.0600000000000005,0.07,0.07,0.07,-0.1690026152504967,-1.3601994769499008,8.052094507973958,-0.976458072590824,-1.02730913642049,-10.22549687108875,0.07,0.16,0.19,8.167920816609369,30.485214237118594,-0.1748082915297839
2437.4100000000003,0.0,8.35,30.29835159484894,30.2358289351164,30.56845478454682,30.69916808320952,-6.0600000000000005,0.07,0.07,0.07,-0.1708053389322134,-1.36,8.041141271745653,-0.6905593008738863,-0.9946466916353828,-10.520419475655416,0.07,0.16,0.19,8.157127399763905,30.450450849430418,-0.03756101725124479
2437.4200000000005,0.0,8.348923713189523,30.280332773650343,30.21463032194158,30.514398320951027,30.66101057949484,-6.0600000000000005,0.07,0.07,0.07,-0.1718051389722045,-1.36,8.03014347130575,-0.4708339575532806,-0.2405892634214858,-10.35562546816496,0.07,0.16,0.19,8.14630721097183,30.41759299900945,-0.06712224258019174
2437.4300000000003,0.0,8.328992475957962,30.221459076457293,30.15770943224836,30.549322952308803,30.764745299015765,-6.037255413514252,0.07,0.07,0.07,-0.172804939012197,-1.36,8.019145670865834,-0.2802503755633818,0.3977265898847604,-10.201387080621002,0.07,0.16,0.19,8.135487621372997,30.423309190007558,-0.09283714386535999
2437.4400000000005,0.0,8.309061238726402,30.15233972243256,30.09183004794353,30.606562417360536,30.90406399697187,-6.005948343334223,0.07,0.07,0.07,-0.1738047390521895,-1.36,8.008147870425915,-0.2251677516274517,0.4978768152228151,-10.096229344016043,0.07,0.16,0.19,8.124668633361248,30.438699046177124,-0.10066772487888587
2437.4500000000003,0.0,8.28913000149487,30.036659745445665,30.104304467182384,30.58552568505122,30.89272329922642,-6.024095190877504,0.07,0.07,0.07,-0.1748045390921806,-1.36,7.997150069986014,-0.2078651685391453,0.4226966292145017,-9.966853932584549,0.07,0.16,0.19,8.113850249343066,30.404803299226423,-0.10661916602684447
2437.4600000000005,0.0,8.26919876426331,29.9106203144498,30.134212128774625,30.54707297728977,30.847861806838065,-6.053842340109061,0.07,0.07,0.07,-0.1758043391321731,-1.36,7.986152269546096,-0.3626716604243375,-0.4512109862664218,-9.727153558052638,0.07,0.16,0.19,8.1030324717376,30.359941806838066,-0.10401008112054433
2437.4700000000003,0.0,8.24926752703175,29.882876971214017,30.07867759699626,30.55215648060075,30.81248922152692,-6.012072525812144,0.07,0.07,0.07,-0.1768041391721656,-1.36,7.975154469106179,-0.5557571964954726,-1.1557822277847627,-9.510450563204047,0.07,0.16,0.19,8.092215302976847,30.331550067584484,-0.12838367349923377
2437.4800000000005,0.0,8.229336289800216,29.877520275344185,30.00368385481861,30.56715522903628,30.77927770713396,-5.951634349030553,0.07,0.07,0.07,-0.1778039392121567,-1.36,7.964156668666277,-0.9262202753439172,-1.0756821026283423,-9.40031289111397,0.07,0.16,0.19,8.081398745505687,30.30690926658326,-0.27778967188894427
2437.49,0.0,8.209405052568655,29.786498430000066,29.82648647000012,30.425658650000106,30.670919770000072,-5.915775000000022,0.07,0.07,0.07,-0.1788037392521492,-1.36,7.953158868226359,-1.2812359550562524,-0.8005617977525117,-9.313595505617982,0.07,0.16,0.19,8.070582801781923,30.17739083000009,-0.43874264112449785
2437.5000000000005,0.0,8.189473815337095,29.676288429999985,29.62639646999997,30.24910864999997,30.54572976999998,-5.885775000000001,0.07,0.07,0.07,-0.1798035392921417,-1.36,7.942161067786442,-1.5658801498128962,0.3629837702878036,-9.333570536828976,0.07,0.16,0.19,8.059767474276454,30.024380829999977,-0.652298477545631
2437.51,0.0,8.169542578105563,29.572046771344542,29.630100834151087,30.08725859666353,30.45762035328761,-5.926687545169767,0.07,0.07,0.07,-0.1808033393321328,-1.36,7.931163267346539,-1.7840010015022991,1.2640035052580474,-9.36955433149719,0.07,0.16,0.19,8.048952765473325,29.93675663886169,-0.8137933288418092
2437.5200000000004,0.0,8.15,29.469141962708587,29.679453140333635,29.928701187438744,30.37781662414136,-5.984504938568955,0.07,0.07,0.07,-0.1818031393721253,-1.36,7.920165466906622,-1.69386579869805,0.9485302954431752,-9.47971957936905,0.07,0.16,0.19,8.038138677869757,29.863778228655583,-0.7340478406160371
2437.53,0.0,8.15,29.533583132774663,29.59386604722028,29.753997699924085,30.26368604722028,-6.045069266290296,0.07,0.07,0.07,-0.1828029394121164,-1.36,7.90916766646672,-1.511862206690577,0.4367773340004343,-9.651103344982069,0.07,0.16,0.19,8.027325213976342,29.786283231784825,-0.5937765261674717
2437.5400000000004,0.0,8.15,29.64549986290928,29.46999704493536,29.5747136176696,30.13981704493536,-6.106639302206212,0.07,0.07,0.07,-0.1838027394521089,-1.36,7.898169866026802,-0.9127608587124032,-0.9661183225151224,-10.100429355965698,0.07,0.16,0.19,8.016512376317017,29.7075068926124,-0.1787079009707139
2437.5500000000006,0.0,8.15,29.63032245297218,29.53590588913966,29.68915715575613,30.089281334336608,-6.143525287931892,0.07,0.07,0.07,-0.1848025394921014,-1.36,7.887172065586885,-0.3729036295370598,-1.9982603254071167,-10.523316645807103,0.07,0.16,0.19,8.005700167429255,29.736166708051144,0.1739118687871994
2437.5600000000004,0.0,8.15,29.585235921745745,29.6464752395283,29.87272374717805,30.05600318033614,-6.173570355533266,0.07,0.07,0.07,-0.1858023395320925,-1.36,7.876174265146982,-0.1075719649566057,-1.3124030037557546,-10.823692115143466,0.07,0.16,0.19,7.994888589864102,29.790109522197064,0.23715595629905895
2437.5700000000006,0.0,8.15,29.586515593220327,29.64766881355935,29.869938644067847,30.078606779660976,-6.18,0.07,0.07,0.07,-0.186802139572085,-1.36,7.865176464707065,0.1001123595506188,-0.5576404494393113,-11.02685393258452,0.07,0.16,0.19,7.984077646186228,29.795682457627123,0.25916373151836686
2437.5800000000004,0.0,8.15,29.59825038883349,29.62419922233301,29.82513306081757,30.11381116650048,-6.18,0.07,0.07,0.07,-0.1878019396120775,-1.36,7.854178664267147,0.0451810237203503,0.5110237203495478,-10.787153558052438,0.07,0.16,0.19,7.973267338974113,29.790348459621136,0.09331719518075082
2437.5900000000006,0.0,8.15,29.54066274568652,29.491436324081228,29.799281665416384,30.094492498124573,-6.18,0.07,0.07,0.07,-0.1888017396520686,-1.36,7.843180863827245,-0.0693116395492326,1.2264956195248873,-10.5126908635797,0.07,0.16,0.19,7.96245767082008,29.73146830832718,-0.06106587723555859
2437.6000000000004,0.0,8.15,29.46681428357093,29.333036724181127,29.777876314078533,30.062384471117795,-6.18,0.07,0.07,0.07,-0.1898015396920611,-1.36,7.832183063387328,-0.4597997496870596,0.305344180225398,-10.077146433041356,0.07,0.16,0.19,7.951648644330356,29.660027948237097,-0.16232951824298036
2437.6100000000006,0.0,8.15,29.37571340577921,29.316727838972582,29.8629209533218,30.1137015756977,-6.134072992700757,0.069613139577482,0.069613139577482,0.069613139577482,-0.1845246053626759,-1.357262302681338,7.8186581111084,-0.8186613386613966,-0.5462037962039404,-9.67594405594399,0.07,0.16,0.19,7.9377342451524076,29.667265943442825,-0.25501269067585924
2437.6200000000003,0.0,8.149813812621034,29.280578804643227,29.33364065695232,29.972854270190048,30.18452400098782,-6.0756788321168695,0.0691246794480405,0.0691246794480405,0.0691246794480405,-0.1776931710054471,-1.3538465855027235,7.804507282796997,-1.0334465534463906,-1.0806693306689257,-9.431188811188996,0.07,0.16,0.19,7.9230555575062525,29.692899433193354,-0.3086070618246854
2437.630000000001,0.0,8.124988828757262,29.188443845567782,29.287700274320613,29.75968958597948,30.161228488697027,-6.0600000000000005,0.0686362193185983,0.0686362193185983,0.0686362193185983,-0.1708617366482085,-1.3504308683241044,7.790356454485575,-1.239406758448,-1.364946182728728,-9.277229036295273,0.07,0.16,0.19,7.9083823220123906,29.599265548641227,-0.3715124855433122
2437.6400000000003,0.0,8.10016384489349,29.09712558293125,29.22464718821444,29.45855674371379,30.11230799085603,-6.0600000000000005,0.0681477591891561,0.0681477591891561,0.0681477591891561,-0.16403030229097,-1.347015151145485,7.776205626174153,-1.4046132665832345,-0.493857321652037,-9.542560700876104,0.07,0.16,0.19,7.89371456907505,29.473159376428875,-0.47741614079191996
2437.6500000000005,0.0,8.075338861029753,29.0177307171316,29.0693853934266,29.469814243027752,29.8428792280882,-6.0600000000000005,0.0676592990597146,0.0676592990597146,0.0676592990597146,-0.1571988679337412,-1.3435994339668706,7.76205479786275,-1.520169787765404,0.2876029962543045,-9.794252184768848,0.07,0.16,0.19,7.8790523293134616,29.34995239541854,-0.5593907357900096
2437.6600000000003,0.0,8.050513877165981,28.94099764940245,28.893538779880625,29.55081025896408,29.524223849601864,-6.0600000000000005,0.0671708389302724,0.0671708389302724,0.0671708389302724,-0.1503674335765027,-1.3401837167882515,7.747903969551327,-1.4103071161049452,0.6621348314604146,-9.984014981273276,0.07,0.16,0.19,7.864395633563585,29.227392634462255,-0.5327234201216722
2437.6700000000005,0.0,8.025688893302243,28.945512158634497,28.91308825803202,29.383614849397965,29.49743609939752,-6.083528528528482,0.0666823788008309,0.0666823788008309,0.0666823788008309,-0.1435359992192739,-1.336767999609637,7.733753141239925,-1.2585131414273565,0.84791739674707,-10.069602002503784,0.07,0.16,0.19,7.849744512880061,29.1849128413655,-0.48811373108560235
2437.6800000000003,0.0,8.000863909438472,28.96914669678712,28.978620386546115,29.158012439759283,29.53933368975899,-6.1135585585585215,0.0661939186713887,0.0661939186713887,0.0661939186713887,-0.1367045648620354,-1.3333522824310178,7.719602312928502,-0.9130813516898022,0.1620600750942449,-9.674107634543397,0.07,0.16,0.19,7.835098998537874,29.161278303212875,-0.36064656503548237
2437.6900000000005,0.0,7.9760389255747,28.976080898876404,28.870892284644302,29.15615348314603,29.4255450187267,-6.191121730382221,0.0657054585419466,0.0657054585419466,0.0657054585419466,-0.1298731305047969,-1.3299365652523985,7.70545148461708,-0.5597104343483216,-0.4883125312033908,-9.32116325511726,0.07,0.16,0.19,7.820459122034333,29.107167921348356,-0.22776365551248579
2437.7000000000003,0.0,7.9512139417109635,28.97928689138576,28.724485293383538,29.20424337078643,29.277000699126365,-6.28166498993948,0.065216998412505,0.065216998412505,0.065216998412505,-0.1230416961475681,-1.3265208480737842,7.6913006563056765,-0.1702945581630621,-0.9775786320515374,-9.16140289565664,0.07,0.16,0.19,7.805824915090871,29.04625406367052,-0.07029237049934157
2437.7100000000005,0.0,7.926388957847192,28.93800484994005,28.84563803121222,29.269252701080333,29.28888264105636,-6.276816860465153,0.0647285382830629,0.0647285382830629,0.0647285382830629,-0.1162102617903296,-1.323105130895165,7.6771498279942545,0.1286680020030656,-1.2697846770158394,-9.054887330996422,0.07,0.16,0.19,7.791196409654855,29.085444555822242,0.0443698808657549
2437.7200000000003,0.0,7.90156397398342,28.88662429771914,29.027525186074243,29.338102641056352,29.337180360144007,-6.2477470930232775,0.0642400781536207,0.0642400781536207,0.0642400781536207,-0.109378827433091,-1.3196894137165456,7.662998999682832,0.0084877315974,-0.6488532799199002,-9.1950976464697,0.07,0.16,0.19,7.776573637901607,29.147358121248434,-0.039336488478142875
2437.7300000000005,0.0,7.9,28.899766252598685,28.93197191787978,29.233495025987835,29.402243035342902,-6.217436554729602,0.0637516180241792,0.0637516180241792,0.0637516180241792,-0.1025473930758622,-1.3162736965379311,7.648848171371429,-0.1539975031207416,-0.0570736579280531,-9.378504369537696,0.07,0.16,0.19,7.761956632236251,29.1168690579523,-0.12768110652090292
2437.74,0.0,7.9,28.93647103430349,28.735100816008536,29.065542843035534,29.473428066527987,-6.186675211484257,0.063263157894737,0.063263157894737,0.063263157894737,-0.0957159587186237,-1.312857979359312,7.634697343060006,-0.5085543071158592,0.4023520599247753,-9.758029962546551,0.07,0.16,0.19,7.74734542529558,29.052635689968888,-0.23708414455736956
2437.7500000000005,0.0,7.9,28.802001748670307,28.62722607047877,29.121960206116963,29.45657460438832,-6.18,0.0627746977652948,0.0627746977652948,0.0627746977652948,-0.0888845243613852,-1.3094422621806927,7.620546514748584,-0.8623779724654987,0.6400951188988101,-10.114555694618211,0.07,0.16,0.19,7.732740049950124,29.00194065741359,-0.32667037985999026
2437.76,0.0,7.9,28.626988450798112,28.540430857712884,29.231521376329635,29.41886848736707,-6.18,0.0622862376358533,0.0622862376358533,0.0622862376358533,-0.0820530900041564,-1.3060265450020785,7.606395686437181,-1.2128160200248383,-0.1458873591985658,-10.364868585732028,0.07,0.16,0.19,7.718140539306048,28.95445229305193,-0.32474306545885234
2437.7700000000004,0.0,7.9,28.45197515292568,28.45363564494688,29.341082546542463,29.381162370345773,-6.18,0.0617977775064111,0.0617977775064111,0.0617977775064111,-0.0752216556469179,-1.302610827823459,7.592244858125759,-1.4990984015983997,-0.7557392607391795,-10.57,0.07,0.16,0.19,7.703546926707087,28.9069639286902,-0.32642341287027304
2437.78,0.0,7.9,28.41017847351244,28.46212572432834,29.25885691187568,29.32546931458709,-6.15549063670418,0.0613093173769696,0.0613093173769696,0.0613093173769696,-0.0683902212896891,-1.2991951106448447,7.578094029814356,-1.4941033966033996,-0.5659290709291848,-10.57,0.07,0.16,0.19,7.688959245736676,28.864157606075885,-0.34448314452203627
2437.7900000000004,0.0,7.9,28.40158193823752,28.494362731609307,29.12883431584245,29.26529356766262,-6.125528089887691,0.0608208572475274,0.0608208572475274,0.0608208572475274,-0.0615587869324506,-1.2957793934662254,7.563943201502933,-1.4480105105105625,-0.3456756756757549,-10.590548048048024,0.07,0.16,0.19,7.674377530219811,28.822518138337976,-0.34879727828155704
2437.8000000000006,0.0,7.9,28.37061853549193,28.459987387297662,28.9185848567872,29.107192677459643,-6.12,0.0603323971180852,0.0603323971180852,0.0603323971180852,-0.0547273525752121,-1.292363676287606,7.549792373191511,-1.2127752752752523,0.0146846846847197,-10.705663163163177,0.07,0.16,0.19,7.6598018142252355,28.714095864259107,-0.28985085927626214
2437.8100000000004,0.0,7.9,28.33437445080953,28.409885270236707,28.68939432129557,28.925972254047657,-6.12,0.06,0.06,0.06,-0.0521033633325899,-1.2904507207141265,7.535943513572862,-0.9767232767235148,0.3226223776223082,-10.804507992007968,0.07,0.16,0.19,7.645810778643627,28.589906574097363,-0.22764137867244114
2437.8200000000006,0.0,7.9,28.298815214232064,28.363839363568083,28.649057233775988,28.81264149336018,-6.12,0.06,0.06,0.06,-0.0589324650618195,-1.2919140996561045,7.522773103095062,-0.7369630369631808,0.3925524475524056,-10.829483016983,0.07,0.16,0.19,7.633127159754318,28.531088326234077,-0.1506170560736316
2437.8300000000004,0.0,7.871924934043511,28.26342558757205,28.318798020546254,28.65549171135053,28.71612432974197,-6.12,0.06,0.06,0.06,-0.0657615667910491,-1.293377478598082,7.509602692617262,-0.5087312312312697,0.3624474474475552,-10.754406906907024,0.07,0.16,0.19,7.620451593362167,28.4884599123027,-0.08220380181357825
2437.8400000000006,0.0,7.842057842600462,28.28750654373281,28.343585422377213,28.647284111637195,28.58736784450556,-6.144423317488071,0.06,0.06,0.06,-0.072590668520269,-1.2948408575400576,7.496432282139481,-0.3335560560562879,-0.1280430430423938,-10.21887137137208,0.07,0.16,0.19,7.607784119716742,28.466435980563194,-0.05342075842360579
2437.8500000000004,0.0,7.81219075115737,28.32590175928229,28.38518023922248,28.635552240219297,28.45085152255185,-6.174445834375765,0.06,0.06,0.06,-0.0794197702494987,-1.2963042364820354,7.483261871661681,-0.2089335664334757,-0.5895054945052095,-9.727707292707542,0.07,0.16,0.19,7.595124779310294,28.449371440318977,-0.03791762926081753
2437.8600000000006,0.0,7.782323659714279,28.281259613841577,28.26138197592792,28.601452552658007,28.52387057673009,-6.204431676242819,0.06,0.06,0.06,-0.0862488719787283,-1.2977676154240132,7.470091461183881,-0.3138286713286963,-0.9191758241759028,-9.437997002996934,0.07,0.16,0.19,7.5824736128794585,28.4169911797894,-0.08270751787802422
2437.8700000000003,0.0,7.7524565682712305,28.215793214644066,28.096106148445664,28.561743425275907,28.64943727683024,-6.234409193105144,0.06,0.06,0.06,-0.0930779737079482,-1.299230994365989,7.4569210507061,-0.4276951951951611,-1.0693918918920404,-9.166944444444486,0.07,0.16,0.19,7.5698306614068045,28.380770016298968,-0.14634685623904864
2437.880000000001,0.0,7.722589476828139,28.16689699300704,28.109594270729207,28.506663681318745,28.69796867132864,-6.215595000000008,0.06,0.06,0.06,-0.0999070754371778,-1.3006943733079668,7.4437506402283,-0.5828503503503655,-0.3937162162161502,-8.981759259259242,0.07,0.16,0.19,7.557195966122397,28.370280904095907,-0.2967359030854465
2437.8900000000003,0.0,7.692722385385048,28.122001888111885,28.16624761738262,28.447872472527468,28.72789874125874,-6.185594999999986,0.06,0.06,0.06,-0.1067361771664074,-1.3021577522499446,7.4305802297505,-0.7054942586120718,0.1753195207189555,-8.881365451822381,0.07,0.16,0.19,7.544569568505531,28.366005179820178,-0.4122860119440888
2437.9000000000005,0.0,7.662855293941999,28.03838218500011,28.021766155000225,28.337449325000144,28.676177085000084,-6.18,0.06,0.06,0.06,-0.1135652788956273,-1.30362113119192,7.417409819272719,-0.6805317024463502,0.2601922116824096,-9.165938592111608,0.07,0.16,0.19,7.5319515102863015,28.268443687500145,-0.3696615519335587
2437.9100000000003,0.0,7.6329882024989075,27.94529218500011,27.828096155000228,28.214399325000144,28.604487085000084,-6.18,0.06,0.06,0.06,-0.120394380624857,-1.305084510133898,7.404239408794919,-0.7106761833206702,0.2393163035314323,-9.407112446781849,0.07,0.16,0.19,7.519341833447208,28.148068687500142,-0.34111498765144754
2437.9200000000005,0.0,7.603121111055858,27.857343240810373,27.74876192048022,28.290835318829465,28.480325121280583,-6.18,0.06,0.06,0.06,-0.1272234823540769,-1.3065478890758735,7.391068998317138,-0.9961758076630226,-0.2715777610811984,-9.447182569496563,0.07,0.16,0.19,7.506740580224924,28.094316400350163,-0.3778026162522242
2437.9300000000003,0.0,7.6,27.77065156789208,27.69738907726937,28.416056624155893,28.343330872718337,-6.18,0.06,0.06,0.06,-0.1340525840833065,-1.3080112680178515,7.377898587839338,-1.2173458177278995,-0.6692109862672635,-9.485423220973756,0.07,0.16,0.19,7.494147793111821,28.056857035508923,-0.4049412342707273
2437.9400000000005,0.0,7.6,27.73733916125813,27.72339764353466,28.334944043934208,28.33537781328006,-6.155658256307797,0.06,0.06,0.06,-0.1408816858125361,-1.3094746469598293,7.364728177361537,-1.1474332084894256,-0.5543545568040564,-9.515385767790248,0.07,0.16,0.19,7.481563514857769,28.032764665501762,-0.3888718983280558
2437.9500000000003,0.0,7.6,27.71703961058417,27.76827033449816,28.20353116325538,28.358882556165703,-6.125680739445472,0.06,0.06,0.06,-0.147710787541756,-1.3109380259018049,7.351557766883756,-1.0757021276596948,-0.4001276595749711,-9.613276595744066,0.07,0.16,0.19,7.468987788471769,28.011930916125856,-0.366005594342898
2437.9600000000005,0.0,7.6,27.671829762321803,27.710298363772928,28.071881265949617,28.3155280560421,-6.12,0.06,0.06,0.06,-0.1545398892709856,-1.3124014048437826,7.338387356405956,-0.9956020025031604,-0.0647083854819837,-10.023789737171304,0.07,0.16,0.19,7.456420657223586,27.94238436202161,-0.3118580060608753
2437.9700000000003,0.0,7.6,27.62043121341007,27.626775721791365,27.940172484363305,28.25556308231175,-6.12,0.06,0.06,0.06,-0.1613689910002153,-1.3138647837857604,7.325216945928156,-0.9146342072409004,0.2660399500625993,-10.4160399500626,0.07,0.16,0.19,7.443862164645572,27.860735625469122,-0.2596972226356139
2437.9800000000005,0.0,7.6,27.56736770614698,27.60341403298352,27.93389965517239,28.12614031484273,-6.12,0.06,0.06,0.06,-0.1681980927294352,-1.3153281627277362,7.312046535450375,-0.8297403245943026,0.5756529338325437,-10.725652933832544,0.07,0.16,0.19,7.431312354534318,27.807705427286407,-0.2165264567666674
2437.99,0.0,7.6,27.51389444277864,27.594858310844582,27.95849735632183,27.979623573213463,-6.12,0.06,0.06,0.06,-0.1750271944586647,-1.316791541669714,7.298876124972575,-0.76,0.6950638297873895,-10.918340425531987,0.07,0.16,0.19,7.4187712709523295,27.761718420789627,-0.17636199566150262
2438.0000000000005,0.0,7.6,27.524688012980523,27.46128664003997,27.81951815277088,27.971948012980523,-6.12,0.06,0.06,0.06,-0.1818562961878944,-1.3182549206116918,7.285705714494775,-0.76,-0.0608811013768653,-10.57290863579468,0.07,0.16,0.19,7.406238958229875,27.694360204692973,-0.15003327328744037
2438.01,0.0,7.6,27.551397948077845,27.296753439840465,27.64002738891688,27.998657948077845,-6.12,0.06,0.06,0.06,-0.1886853979171143,-1.3197182995536674,7.272535304016994,-0.748684779995238,-0.7182976677084256,-10.269110363068132,0.07,0.16,0.19,7.393715460966666,27.62170918122826,-0.12384925418716833
2438.0200000000004,0.0,7.6,27.470464526131607,27.356752343085688,27.65855495373839,27.856192703175925,-6.12,0.06,0.06,0.06,-0.192757451583001,-1.3184243133811424,7.26369725352457,-0.686169752344306,-0.929886992065426,-10.15369800432795,0.07,0.16,0.19,7.384896471590898,27.5854911315329,-0.09831999741394976
2438.03,0.0,7.578384159992072,27.36236750187561,27.47341150787681,27.72705207801941,27.67103641410377,-6.12,0.06,0.06,0.06,-0.1961722523049844,-1.316472998682866,7.255891994731464,-0.6215438687842157,-1.0465373600628745,-10.034673262171392,0.07,0.16,0.19,7.376960983226333,27.5584668754689,-0.08250066424674324
2438.0400000000004,0.0,7.553509775633072,27.316701960000035,27.44641913000008,27.63395375000016,27.66545240999996,-6.12,0.06,0.06,0.06,-0.1995870530269727,-1.314521683984587,7.248086735938348,-0.5382322311898561,-0.3227675084618744,-9.883670919031614,0.07,0.16,0.19,7.369027315805464,27.515631812500057,-0.15263567945407167
2438.0500000000006,0.0,7.528635391274071,27.286741960000032,27.383289130000072,27.50020375000016,27.705042409999955,-6.12,0.06,0.06,0.06,-0.203001853748961,-1.312570369286308,7.240281477145232,-0.4844583125311446,0.3043384922614683,-9.767229156265572,0.07,0.16,0.19,7.361095475216054,27.468819312500052,-0.21740823398022227
2438.0600000000004,0.0,7.503761006915107,27.29097659585101,27.28683780055008,27.51092751812037,27.698469822544403,-6.144212893553197,0.06,0.06,0.06,-0.2064166544709444,-1.310619054588032,7.232476218352128,-0.5643384922615109,0.4940539191210882,-9.807169246130757,0.07,0.16,0.19,7.353165467369907,27.446802934266465,-0.2579163945952018
2438.0700000000006,0.0,7.478886622556106,27.30381338665332,27.1820040089979,27.557995751062165,27.6802843689078,-6.174197901049466,0.06,0.06,0.06,-0.2098314551929326,-1.3086677398897528,7.2246709595590115,-0.6193039559339218,0.5688883324989077,-9.764236354531947,0.07,0.16,0.19,7.345237298202957,27.4310243789053,-0.29065384122874116
2438.0800000000004,0.0,7.454012238197106,27.21094639401506,27.159175471321696,27.605831895261804,27.73372171072313,-6.18,0.06,0.06,0.06,-0.2132462559149209,-1.3067164251914738,7.216865700765895,-0.559213820731089,0.1132048072107588,-9.338597896845217,0.07,0.16,0.19,7.337310973675447,27.427418867830422,-0.28750630531840127
2438.0900000000006,0.0,7.429137853838141,27.091405246882985,27.157040807980053,27.6538618204488,27.80523293266821,-6.18,0.06,0.06,0.06,-0.2166610566369043,-1.3047651104931977,7.209060441972791,-0.5606293706291373,-0.3440809190805316,-9.013506493506386,0.07,0.16,0.19,7.329386499772016,27.426885201995013,-0.28963033491030715
2438.1000000000004,0.0,7.404263469479141,27.05228623500001,27.06405409500011,27.555102240000124,27.724906960000112,-6.155841039740083,0.06,0.06,0.06,-0.2200758573588926,-1.3028137957949186,7.201255183179675,-0.8403496503495271,-0.8086163836161788,-9.143376623376566,0.07,0.16,0.19,7.3214638825017735,27.349087382500088,-0.3156074702832113
2438.1100000000006,0.0,7.379389085120141,27.034096235000003,26.947424095000024,27.41814224000003,27.605066960000027,-6.125848537865554,0.06,0.06,0.06,-0.2234906580808808,-1.3008624810966396,7.193449924386559,-1.0592465581977502,-1.0869461827284377,-9.295702127659563,0.07,0.16,0.19,7.313543127898496,27.251182382500023,-0.3371228928835222
2438.1200000000003,0.0,7.354514700761176,27.00500756977867,26.93478045235802,27.38986,27.58522305101058,-6.071736197851715,0.06,0.06,0.06,-0.2269054588028642,-1.2989111663983632,7.185644665593453,-0.9991714643304774,-0.5112265331670749,-9.55102127659547,0.07,0.16,0.19,7.305624242020701,27.22871776828682,-0.33817425857711836
2438.130000000001,0.0,7.35,26.973082641963448,26.949198161693925,27.38986,27.5914020692974,-6.0117811641269805,0.06,0.06,0.06,-0.2303202595248525,-1.2969598517000842,7.177839406800337,-0.9536254681647828,0.0651385767787012,-9.79806741573022,0.07,0.16,0.19,7.29770723095174,27.225885718238693,-0.3454239252956884
2438.1400000000003,0.0,7.35,26.87948866441034,26.84407308513412,27.34919888570686,27.490311299140885,-6.0,0.06,0.06,0.06,-0.2337350602468408,-1.2950085370018052,7.170034148007221,-0.9736004993757896,0.6444144818978961,-10.00780524344579,0.07,0.16,0.19,7.28979210079998,27.14076798359805,-0.38062570985980027
2438.1500000000005,0.0,7.35,26.76137359021101,26.691414923197254,27.292369934912845,27.34656748242661,-6.0,0.06,0.06,0.06,-0.2371498609688242,-1.293057222303529,7.162228889214116,-0.988207759699625,1.0250112640801252,-10.189857321652063,0.07,0.1617516525023518,0.19,7.281878857698892,27.02293148268693,-0.3975554379526569
2438.1600000000003,0.0,7.35,26.727812197802205,26.683914405594383,27.26457379620381,27.260163386613435,-6.024080919080894,0.06,0.06,0.06,-0.2405646616908125,-1.29110590760525,7.154423630421,-0.9781952440550652,0.4943479349184628,-10.24492615769714,0.07,0.17,0.19,7.273967507807139,26.98411594655346,-0.33067869474460804
2438.1700000000005,0.0,7.35,26.71605395604397,26.713844475524425,27.24426410589414,27.188545004995127,-6.054050949050893,0.06,0.06,0.06,-0.2439794624127959,-1.289154592906974,7.146618371627896,-0.9437153558053432,-0.0387940074902612,-10.251026217228612,0.07,0.1682452830188758,0.19,7.266058057308773,26.965676885614414,-0.26273845786845057
2438.1800000000003,0.0,7.35,26.689855778944768,26.606311227807097,26.976956124031343,27.161837889472384,-6.0600000000000005,0.06,0.06,0.06,-0.2473942631347842,-1.2872032782086948,7.13881311283478,-0.7988963795256474,-0.583113607989808,-10.036294631710442,0.07,0.16,0.19,7.25815051241327,26.858740255063896,-0.19000224541407673
2438.1900000000005,0.0,7.35,26.659888287071777,26.46289537384349,26.64517317829465,27.146854143535887,-6.0600000000000005,0.06,0.06,0.06,-0.2508090638567724,-1.2852519635104158,7.131007854041664,-0.6611814768460625,-0.9520375469336876,-9.86,0.07,0.16,0.19,7.250244879355731,26.72870274568645,-0.13207300263723207
2438.2000000000003,0.0,7.35,26.5798700000001,26.55123827586192,26.69970999999984,27.020710000000165,-6.084023964053876,0.06,0.06,0.06,-0.2542238645787559,-1.2833006488121397,7.123202595248558,-0.5560500625783354,-0.5164931163959611,-9.86,0.07,0.16,0.19,7.242341164396966,26.712882068965506,-0.14205729117468138
2438.2100000000005,0.0,7.35,26.48682652173918,26.69989394802592,26.85478246376804,26.86563753623196,-6.113979031452785,0.06,0.06,0.06,-0.2576386653007441,-1.2813493341138604,7.115397336455442,-0.4546301369863502,-0.1265479452055856,-9.857287671232886,0.07,0.16,0.19,7.234439373823599,26.726785117441274,-0.1489568743889824
2438.2200000000003,0.0,7.35,26.541293824999965,26.60269577500006,26.872544425000008,26.86907494999998,-6.12,0.06,0.06,0.06,-0.26,-1.278259698966641,7.106361188748432,-0.3699476961394461,0.0577608966376759,-9.842343711083432,0.07,0.16,0.19,7.2250894252564315,26.721402243750003,-0.14194554131115583
2438.2300000000005,0.0,7.337834191194859,26.63438382499984,26.44112577500029,26.854354425000032,26.91401494999992,-6.12,0.06,0.06,0.06,-0.26,-1.2726185286802287,7.094566014513206,-0.3061129234629792,0.1724491844416989,-9.844845671267237,0.07,0.16,0.19,7.212490891074042,26.710969743750024,-0.1320556266312766
2438.24,0.0,7.322842436659845,26.54690854572732,26.41946571714141,26.86753102448773,26.897065912044024,-6.096047964027004,0.06,0.06,0.06,-0.26,-1.2669773583938084,7.082770840277963,-0.3412446675031466,-0.0433601003764723,-9.93016562107907,0.07,0.16,0.19,7.199894054954861,26.68274279985012,-0.1085007211277774
2438.2500000000005,0.0,7.307850682124831,26.41215592203909,26.434438230884545,26.888920329835067,26.86391248875565,-6.066070447164637,0.06,0.06,0.06,-0.26,-1.261336188107388,7.07097566604272,-0.4044419475656818,-0.255348314606884,-9.961026217228309,0.07,0.16,0.19,7.187298925827252,26.649856742878587,-0.10300990961787035
2438.26,0.0,7.292858927589839,26.310121609463646,26.398615351549555,26.93571113962005,26.89312257247577,-5.996231884058083,0.06,0.06,0.06,-0.26,-1.2556950178209758,7.059180491807495,-0.5942047440698413,-0.4501048689137845,-9.746294631710445,0.07,0.16,0.19,7.174705512681055,26.634392668277258,-0.17898169278382595
2438.2700000000004,0.0,7.277867173054825,26.216706081306288,26.34941175274912,26.989193312229222,26.93876069310227,-5.916271864068053,0.06,0.06,0.06,-0.26,-1.2500538475345555,7.047385317572252,-0.791221526908625,-0.550856070087625,-9.532362953692123,0.07,0.1617514124293719,0.19,7.162113824568058,26.623517959846723,-0.2670434687914706
2438.28,0.0,7.262875418519832,26.12329055314906,26.30020815394874,27.042675484838323,26.984398813728703,-5.836311844078136,0.06,0.06,0.06,-0.26,-1.2444126772481432,7.035590143337027,-1.02150938673317,-0.2204430538176255,-9.322100125156672,0.07,0.17,0.19,7.1495238706026445,26.61264325141621,-0.4105571114075452
2438.2900000000004,0.0,7.247883663984819,26.098684018853884,26.21939626395442,26.85663740511057,26.88400774497653,-5.82,0.06,0.06,0.06,-0.26,-1.238771506961723,7.023794969101784,-1.2045617977528296,0.1560449438198217,-9.215258426966043,0.07,0.17,0.19,7.136935659962177,26.51468135822385,-0.527347589137728
2438.3000000000006,0.0,7.232891909449805,26.09231339121806,26.13020747705287,26.60712115604077,26.744915708261026,-5.82,0.06,0.06,0.06,-0.26,-1.2331303366753024,7.011999794866542,-1.174599250936341,0.7403146067413534,-9.57480898876391,0.07,0.17,0.19,7.124349201887662,26.393639433143186,-0.5236261635104458
2438.3100000000004,0.0,7.217900154914812,26.040130815149325,26.0494073689492,26.528517246049702,26.572187845498128,-5.796693489392877,0.06,0.06,0.06,-0.26,-1.22748916638889,7.000204620631316,-1.144623279098918,1.0631789737184325,-9.893299123904692,0.07,0.17,0.19,7.111764505684234,26.29756081891159,-0.49893238655749433
2438.3200000000006,0.0,7.202908400379799,25.974647995987027,25.97104268372218,26.499533047404093,26.38969474291468,-5.767432333577207,0.06,0.06,0.06,-0.26,-1.2218479961024695,6.988409446396074,-1.1145857321652388,0.1870838548194617,-10.023461827283969,0.07,0.17,0.19,7.0991815807216465,26.208729617506997,-0.3780469870427536
2438.3300000000004,0.0,7.2,25.964533605817447,25.926242201604843,26.38248880641937,26.400981990972863,-5.76,0.06,0.06,0.06,-0.26,-1.2162068258160494,6.976614272160831,-1.062808988764129,-0.6097602996252216,-10.123655430711633,0.07,0.17,0.19,7.086600436434931,26.168561651203632,-0.26263742234948545
2438.3400000000006,0.0,7.2,25.96989970411233,25.890825952858645,26.240823811434588,26.46644839017038,-5.76,0.06,0.06,0.06,-0.26,-1.2105656555296371,6.964819097925605,-0.9129962546817916,-1.0492109862667447,-10.088699126092418,0.07,0.17,0.19,7.074021082324899,26.141999464643984,-0.17192191165853726
2438.3500000000004,0.0,7.2,25.91963987500009,25.90689349999996,26.14499525000012,26.417163125000112,-5.6167741935485305,0.06,0.06,0.06,-0.26,-1.2049244852432168,6.953023923690362,-0.771176765147725,-1.23610916374565,-9.990981472208324,0.07,0.17,0.19,7.061443527958653,26.097172937500073,-0.11965023449098597
2438.3600000000006,0.0,7.2,25.85436987500005,25.93685349999998,26.06153525000006,26.336913125000056,-5.436729182295703,0.06,0.06,0.06,-0.26,-1.1992833149567963,6.94122874945512,-0.6660190285427676,-0.2646519779665197,-9.605403104656816,0.07,0.17,0.19,7.048867782970259,26.047417937500036,-0.24370474348455218
2438.3700000000003,0.0,7.2,25.86407581813635,25.82281492880364,25.95454868848382,26.25839447414452,-5.376137896577619,0.06,0.06,0.06,-0.26,-1.1936421446703842,6.929433575219894,-0.5472808988764999,0.5690811485641806,-9.34634956304603,0.0682436260623303,0.1682436260623303,0.19,7.036293857061264,25.974958477392086,-0.3297295457142971
2438.380000000001,0.0,7.2,25.894013364976235,25.66991960029995,25.841213689732825,26.180343012740533,-5.346160379715252,0.06,0.06,0.06,-0.26,-1.188000974383964,6.917638400984652,-0.3675056179775671,0.7838127340823504,-9.655962546816411,0.06,0.16,0.19,7.023721760001227,25.896372416937385,-0.24482962193990693
2438.3900000000003,0.0,7.2,25.855868215892087,25.7002449775112,25.92287556221881,26.21743838080956,-5.31617691154425,0.06,0.06,0.06,-0.26,-1.1823598040975436,6.905843226749409,-0.22,0.839584480600676,-9.874953692115122,0.06,0.16,0.19,7.011151501628408,25.924106784107913,-0.16795185199862905
2438.4000000000005,0.0,7.2,25.79918655672172,25.7804548725636,26.05762818590685,26.28588415792094,-5.2861919040480245,0.06,0.06,0.06,-0.26,-1.1767186338111313,6.894048052514184,-0.22,0.1687459324161317,-9.679709637046486,0.06,0.16,0.19,6.9985830918503025,25.98078844327828,-0.1277435930327131
2438.4100000000003,0.0,7.2,25.787,25.70895372539259,25.983620832295177,26.284692648891124,-5.28,0.06,0.06,0.06,-0.26,-1.171077463524711,6.882252878278941,-0.2554456928838168,-0.4427116104867529,-9.549992509363229,0.06,0.16,0.19,6.986016540644192,25.941066801644723,-0.09569659364474933
2438.4200000000005,0.0,7.2,25.787,25.59590114627484,25.85243717916797,26.264428507351152,-5.28,0.06,0.06,0.06,-0.2550214108054164,-1.169585117567118,6.866723762147777,-0.4502022471908555,-0.7872808988761291,-9.7147865168538,0.06,0.16,0.19,6.9702841041702595,25.87494170819849,-0.10033042027237221
2438.4300000000003,0.0,7.180949164415123,25.67967779775297,25.564204359550573,25.85998602247185,26.266595640449427,-5.1891149542219015,0.06,0.06,0.06,-0.2488674068565938,-1.169072283904716,6.850313084950916,-0.6540215215215455,-0.9999249249248868,-9.854491991991994,0.06,0.1616901408450649,0.19,6.953808622117771,25.842615955056203,-0.1255226193320691
2438.4400000000005,0.0,7.1559316521565295,25.541820119850208,25.55565504619226,25.90700724594256,26.27514495380774,-5.067039674466001,0.06,0.06,0.06,-0.2427134029077712,-1.1685594502423142,6.833902407754056,-0.8992667667668686,-0.6095345345343728,-9.879517017017028,0.06,0.17,0.19,6.937338329893417,25.819906841448194,-0.24468776870099346
2438.4500000000003,0.0,7.130914139897971,25.45097707121373,25.574560461384124,25.91754,26.251242627883688,-5.016615769712191,0.06,0.06,0.06,-0.2365593989589573,-1.168046616579913,6.81749173055722,-1.1054395604395402,-0.209313186813487,-9.90362637362636,0.06,0.17,0.19,6.920873264549473,25.798580040120385,-0.35189245259668095
2438.4600000000005,0.0,7.105896627639377,25.373705255767373,25.60139095285855,25.91754,26.2179728184554,-4.986578222778512,0.06,0.06,0.06,-0.2304053950101347,-1.1675337829175112,6.80108105336036,-1.135409590409582,0.2352422577421323,-9.923606393606388,0.06,0.17,0.19,6.90441346347977,25.77765225677033,-0.40515972057102134
2438.4700000000003,0.0,7.080879115380784,25.328552378109467,25.45154807960208,25.72271695522399,26.094991781094592,-4.933151712072024,0.06,0.06,0.06,-0.2242513910613121,-1.1670209492551094,6.784670376163499,-1.1815669586983863,0.5946082603254034,-9.947188986232796,0.0617514124293743,0.17,0.19,6.887958964423626,25.649452298507533,-0.4544595001218481
2438.4800000000005,0.0,7.055861603122226,25.29235337313437,25.252453552239068,25.473582626866,25.94700173134348,-4.873166708323009,0.06,0.06,0.06,-0.2180973871124982,-1.1665081155927082,6.768259698966662,-1.3017171464329316,0.5645707133917671,-9.987239048810975,0.07,0.17,0.19,6.8715098054696275,25.49134782089573,-0.4856237685222574
2438.49,0.0,7.030844090863632,25.237922570501684,25.20706,25.48522154729214,25.75823577239852,-4.836561561561595,0.06,0.06,0.06,-0.2119433831636756,-1.1659952819303063,6.751849021769802,-1.3345454545456406,0.4418181818184606,-10.032727272727236,0.068236680810941,0.17,0.19,6.855066025059454,25.422109972548085,-0.47699978214059924
2438.5000000000005,0.0,7.005826578605038,25.17810724731725,25.20706,25.57387640129765,25.5574271874222,-4.806531531531555,0.06,0.06,0.06,-0.205789379214853,-1.1654824482679045,6.735438344572941,-0.9749050949051394,-0.097642357642291,-10.102657342657334,0.06,0.17,0.19,6.838627661991963,25.37911770900927,-0.28954726602325037
2438.51,0.0,6.98080906634648,25.123000842950404,25.24171769192166,25.42688782237864,25.594283497240184,-4.777041564792223,0.06,0.06,0.06,-0.1996353752660391,-1.164969614605503,6.719027667376104,-0.6421621621623802,-0.5210810810811901,-10.144684684684773,0.0617619272555446,0.17,0.19,6.822194755427119,25.346472463622725,-0.12741456720175723
2438.5200000000004,0.0,6.955791554087887,25.06931293527348,25.28681553437028,25.20891491721031,25.70273307074758,-4.74770171149147,0.06,0.06,0.06,-0.1934813713172165,-1.1644567809431012,6.702616990179244,-0.4319519519519538,-0.4159759759759769,-10.0595995995996,0.07,0.17,0.19,6.805767344889967,25.316944114400414,-0.08062770272752556
2438.53,0.0,6.95,25.13354300774408,25.17422385710735,25.208071461403875,25.662405276043064,-4.7173657289003055,0.06,0.06,0.06,-0.1873273673684026,-1.1639439472807,6.686206312982407,-0.2663620474406806,-0.3209113607990277,-9.94092134831475,0.07,0.17,0.19,6.789345470274903,25.29456090057459,-0.05286511470885015
2438.5400000000004,0.0,6.95,25.231909233075125,25.015982538096534,25.27008495128649,25.57900782413196,-4.686675191815883,0.06,0.06,0.06,-0.18117336341958,-1.1634311136182982,6.669795635785548,-0.3013183520599175,-0.2709737827715464,-9.671258426966352,0.07,0.17,0.19,6.772929171849638,25.274246136647527,-0.11060724174863612
2438.5500000000006,0.0,6.95,25.172937758879485,25.000934857428703,25.158982261130635,25.517901690845445,-4.656519129782465,0.06,0.06,0.06,-0.1750193594707574,-1.1629182799558964,6.653384958588687,-0.323709637046304,-0.2371889862327954,-9.432027534418012,0.07,0.17,0.19,6.756518490259559,25.212689142071067,-0.15784462058292253
2438.5600000000004,0.0,6.95,25.068025302651503,25.02769823911952,24.99733143571813,25.46330439219619,-4.626511627907036,0.06,0.06,0.06,-0.1688653555219436,-1.1624054462934952,6.63697428139185,-0.2886658322903949,-0.2772390488109772,-9.331902377972558,0.07,0.17,0.19,6.740113466531939,25.139089842421335,-0.15706447349737596
2438.5700000000006,0.0,6.95,25.008042133599265,24.992381515453708,25.09737699900276,25.43531137587241,-4.596515871032286,0.06,0.06,0.06,-0.1627113515731209,-1.1618926126310931,6.62056360419499,-0.2954456928837917,-0.2827340823970833,-9.218189762796598,0.0682474226804162,0.1682474226804162,0.19,6.723714142080166,25.133278005982035,-0.17597900333447125
2438.5800000000004,0.0,6.95,24.9611029511466,24.939041535393866,25.27339893320025,25.415042183449668,-4.5665233691577365,0.06,0.06,0.06,-0.1565573476242983,-1.1613797789686915,6.604152926998129,-0.4902022471909689,-0.1329213483146392,-9.043408239700412,0.06,0.16,0.19,6.707320558708259,25.1471464007976,-0.28341136681324597
2438.5900000000006,0.0,6.95,24.94530816449349,24.878026950852647,25.18036044132422,25.402932246740235,-4.536519129782492,0.06,0.06,0.06,-0.1504033436754844,-1.1608669453062903,6.587742249801292,-0.6544942413620106,-0.0108988482724021,-8.991682523785018,0.06,0.16,0.19,6.690932758615237,25.101656950852647,-0.3591003020779777
2438.6000000000004,0.0,6.95,24.93886884653962,24.814706990972947,25.006498856569788,25.39327326980943,-4.506511627906999,0.06,0.06,0.06,-0.1442493397266618,-1.1603541116438885,6.571331572604432,-0.6795317976965244,-0.0159063595393048,-9.502448673009097,0.06,0.16,0.19,6.674550784399523,25.038336990972947,-0.2896890543359504
2438.6100000000006,0.0,6.95,24.884334728682184,24.80709565891473,25.083504031007724,25.398565116279062,-4.4539298847757065,0.06,0.06,0.06,-0.1409285232130809,-1.1596904922623064,6.555666891672289,-0.7328089887640014,-0.0619225967540015,-9.959188514357,0.06,0.16,0.19,6.658942204364506,25.043374883720922,-0.23367326475504485
2438.6200000000003,0.0,6.95,24.815837604401207,24.81565779944985,25.233341490372364,25.40819752438108,-4.395091934297724,0.06,0.06,0.06,-0.1439285982149531,-1.1586904672616822,6.541666541663552,-0.9125842696628064,-0.2916354556802524,-10.173920099875016,0.06,0.16,0.19,6.6450492987356835,25.068258604651124,-0.23766178775905716
2438.630000000001,0.0,6.928890108793315,24.705367548580128,24.69520014947703,25.095813587444223,25.32932469357263,-4.334491201224255,0.06,0.06,0.06,-0.1469286732168297,-1.1576904422610568,6.527666191654795,-1.0762202753442047,-0.4331414267834089,-10.305844806007444,0.06,0.1617031963470284,0.19,6.631158353167935,24.956426494768504,-0.2579343766978871
2438.6400000000003,0.0,6.898947000698679,24.582746721474955,24.537392476332982,24.87509609865492,25.224830423517787,-4.273282325937302,0.06,0.06,0.06,-0.1499287482187063,-1.156690417260431,6.513665841646038,-1.1663329161452416,-0.1728160200248576,-10.06053817271573,0.06,0.17,0.19,6.617269380004937,24.80501642999516,-0.352389932672988
2438.6500000000005,0.0,6.869003892604085,24.53622871460791,24.537946720120186,24.80998946128793,25.119873365071594,-4.213043478260962,0.06,0.06,0.06,-0.1529288232205786,-1.1556903922598072,6.4996654916373,-1.20992509363302,0.0864794007489687,-9.923795255929956,0.06,0.17,0.19,6.603382391692458,24.751009565271904,-0.41468601242679926
2438.6600000000003,0.0,6.839060784509449,24.5126356301679,24.58620530192929,24.79175844149338,25.014776898020656,-4.153073463268425,0.06,0.06,0.06,-0.1559288982224551,-1.1546903672591815,6.485665141628543,-1.0451310861423315,0.3411610486891236,-10.273358302122327,0.06,0.17,0.19,6.589497400779334,24.726344067902804,-0.33292526034036
2438.6700000000005,0.0,6.809117676414855,24.449338844133216,24.483760880660725,24.718090612959863,24.96112169126851,-4.14,0.06,0.06,0.06,-0.1589289732243274,-1.1536903422585576,6.471664791619806,-0.8793693693695677,0.4815315315319747,-10.56,0.06,0.17,0.19,6.5756144199186615,24.65307800725558,-0.24847547351409827
2438.6800000000003,0.0,6.77917456832022,24.37438262697028,24.337060855641823,24.628143152364327,24.922572779584712,-4.14,0.06,0.06,0.06,-0.161929048226204,-1.152690317257932,6.4576644416110485,-0.7091991991993436,0.1011511511514737,-10.56,0.06,0.17,0.19,6.561733461868698,24.565539853640285,-0.1517756395390079
2438.6900000000005,0.0,6.749231460225583,24.39466990276736,24.35439297930687,24.6938099975068,24.77338481176773,-4.163457406944781,0.06,0.06,0.06,-0.1649291232280806,-1.1516902922573065,6.443664091602291,-0.5545493133583363,-0.2690761548063614,-10.480928838951488,0.06,0.17,0.19,6.547854539494084,24.55406442283719,-0.07331009871434511
2438.7000000000003,0.0,6.71928835213099,24.44268785340304,24.419483979057453,24.80478481675369,24.59198366492185,-4.193434923807106,0.06,0.06,0.06,-0.1679291982299529,-1.1506902672566823,6.429663741593553,-0.4696554307116783,-0.5936704119847592,-10.046471910112707,0.06,0.17,0.19,6.533977665766866,24.564735078534007,-0.0767986886430245
2438.7100000000005,0.0,6.689345244036353,24.398801580653327,24.35246265769153,24.617070909997988,24.56567089503861,-4.176657534246606,0.06,0.06,0.06,-0.1709292732318294,-1.1496902422560569,6.415663391584796,-0.3937080620931353,-0.7719128693038941,-9.648652979469174,0.06,0.17,0.19,6.520102853767544,24.483501510845365,-0.09296514137102642
2438.7200000000003,0.0,6.659402135941717,24.327308187484505,24.24575610072314,24.33963386188016,24.58594514086261,-4.146769613947719,0.06,0.06,0.06,-0.173929348233706,-1.1486902172554314,6.401663041576039,-0.3586554832248161,-0.281176765147426,-9.418307461191649,0.06,0.17,0.19,6.506230116686306,24.374660822737603,-0.16708249341288542
2438.7300000000005,0.0,6.65,24.28738167547176,24.25751373584896,24.340608724528124,24.61869082264144,-4.14,0.06,0.06,0.06,-0.1769294232355783,-1.1476901922548073,6.387662691567302,-0.3500499375779865,0.1108863920100061,-9.26280898876398,0.06,0.17,0.19,6.4923594678240955,24.376048739622572,-0.22849365956007572
2438.74,0.0,6.65,24.257233247798787,24.305966566037664,24.4278238188678,24.6552996276729,-4.14,0.06,0.06,0.06,-0.1799294982374548,-1.1466901672541818,6.3736623415585445,-0.4599126092384455,0.0609488139825247,-9.44258426966291,0.06,0.17,0.19,6.478490920593696,24.411580815094286,-0.23298807519320702
2438.7500000000005,0.0,6.65,24.19243016229717,24.26125801248444,24.4291157652934,24.63530436454434,-4.093213213213223,0.06,0.06,0.06,-0.1829295732393314,-1.145690142253556,6.359661991549787,-0.5635168961201705,-0.0133416770964205,-9.565669586983692,0.06,0.168236680810941,0.19,6.464624488521007,24.379527076154837,-0.24142787933823348
2438.76,0.0,6.65,24.11762367041206,24.18965751310868,24.405605153558074,24.59896978277157,-4.033153153153229,0.06,0.06,0.06,-0.1859296482412037,-1.1446901172529322,6.345661641541049,-0.6386107634542613,-0.1985732165205111,-9.43050062578233,0.06,0.16,0.19,6.4507601852461605,24.327964029962594,-0.2678411200373876
2438.7700000000004,0.0,6.65,24.09130002333334,24.16240473333334,24.39421060333333,24.57694591666668,-3.9731634182908895,0.06,0.06,0.06,-0.1889297232430803,-1.1436900922523066,6.331661291532292,-0.7145817727839903,-0.3144569288390239,-9.369213483145968,0.06,0.16,0.19,6.436898024524637,24.306215319166675,-0.2905787873627218
2438.78,0.0,6.65,24.079173356666683,24.14813806666669,24.38636393666668,24.55911258333336,-3.9131934032984232,0.06,0.06,0.06,-0.1919297982449526,-1.1426900672516829,6.317660941523555,-0.7944818976278468,-0.1197003745321234,-9.638876404493985,0.06,0.16,0.19,6.423038020228613,24.293196985833355,-0.2968518999859262
2438.7900000000004,0.0,6.65,24.06704669000001,24.13387140000001,24.378517270000003,24.541279250000017,-3.853223388305872,0.06,0.06,0.06,-0.1949298732468291,-1.141690042251057,6.303660591514798,-0.8302777082813845,-0.0275506629968534,-9.926649987490228,0.06,0.16,0.19,6.409180186348012,24.28017865250001,-0.27490363869065876
2438.8000000000006,0.0,6.65,24.029720452623742,24.054894324794866,24.42449270828149,24.569349579706525,-3.676345913521684,0.06,0.06,0.06,-0.1979299482487057,-1.1406900172504315,6.2896602415060405,-0.6651538653990663,-0.4028321240930314,-10.29692769577179,0.06,0.16,0.19,6.395324536991875,24.269614266351656,-0.12439134065457806
2438.8100000000004,0.0,6.65,23.98501515543403,23.95696843571264,24.486228594876813,24.610861641382684,-3.466398400400279,0.06,0.06,0.06,-0.2,-1.1394232558139556,6.277260465116289,-0.5635607196400604,-0.6782533733134564,-10.55011244377829,0.06,0.1617577756832996,0.19,6.38296829874641,24.25976845685154,-0.02331842092247137
2438.8200000000006,0.0,6.65,23.896333969292847,23.91485496098669,24.358661228291187,24.577136214447588,-3.16299425143758,0.06,0.06,0.06,-0.2,-1.1375627906976755,6.268423255813959,-0.748468265867049,-0.503340829585224,-10.275249875062496,0.06,0.17,0.19,6.373945341529778,24.18674659325458,-0.14519939177875274
2438.8300000000004,0.0,6.629657728471211,23.79399316889013,23.8900777145734,24.17229324439992,24.520040820538703,-2.833076730817526,0.06,0.06,0.06,-0.2,-1.1357023255813956,6.259586046511629,-0.9108245877061744,-0.281521739130236,-10.093298350824698,0.06,0.17,0.19,6.364922406912285,24.09410123710054,-0.2503236986029508
2438.8400000000006,0.0,6.599808467240453,23.723241619473548,23.83170868355701,24.114130213611567,24.44041536512685,-2.6198700000002573,0.06,0.06,0.06,-0.2,-1.1338418604651184,6.250748837209311,-0.970794602698626,0.1532608695650381,-10.333178410794504,0.06,0.17,0.19,6.355899494990191,24.027373970442245,-0.2793699656805194
2438.8500000000004,0.0,6.569959206009653,23.66158240437166,23.76367092896184,24.09286841530057,24.35430508196732,-2.439870000000129,0.06,0.06,0.06,-0.2,-1.1319813953488382,6.2419116279069815,-1.0083266633316614,0.4803676838419096,-10.509347173586786,0.06,0.17,0.19,6.346876605860262,23.96810670765035,-0.29932658584352695
2438.8600000000006,0.0,6.540109944778853,23.58456880844652,23.67857710407247,24.05826733031677,24.19182689291116,-2.0498500749625777,0.06,0.06,0.06,-0.2,-1.1301209302325583,6.233074418604652,-0.943294147073522,0.315285142571248,-10.394289644822384,0.06,0.17,0.19,6.337853739619858,23.878310033936728,-0.27773415144704033
2438.8700000000003,0.0,6.510260683548094,23.50279907491217,23.588200030166085,24.019534298642608,24.00569315736586,-1.6000749625191906,0.06,0.06,0.06,-0.2,-1.1282604651162809,6.224237209302334,-0.860180225281766,0.1456620775971849,-10.283734668335509,0.06,0.17,0.19,6.328830896366888,23.779056640271683,-0.24891607404978433
2438.880000000001,0.0,6.480411422317294,23.518975643958186,23.54062199403285,23.983601994032853,23.96619254599701,-1.2669830169831884,0.06,0.06,0.06,-0.2,-1.126400000000001,6.215400000000004,-0.6949737171465314,-0.0445757196494486,-10.193622027534472,0.06,0.17,0.19,6.319808076199788,23.752348044505226,-0.18729237649073557
2438.8900000000003,0.0,6.450562161086494,23.56366982595724,23.50550513674788,23.94848513674788,23.96938498756837,-0.9672827172827708,0.06,0.06,0.06,-0.2,-1.124539534883721,6.206562790697674,-0.5435505617977604,-0.2237602996254572,-10.099895131086152,0.06,0.17,0.19,6.310785279217587,23.746761271755343,-0.13199373094643171
2438.9000000000005,0.0,6.420712899855737,23.530844274617948,23.515213319969902,23.81408676021065,23.9742339363568,-0.5511122219449736,0.06,0.06,0.06,-0.2,-1.1226790697674436,6.197725581395357,-0.4536629213483579,-0.3535980024968164,-9.990032459425771,0.06,0.17,0.19,6.301762505519889,23.708594572788826,-0.1049331591511054
2438.9100000000003,0.0,6.390863638624936,23.47400638937616,23.538806404409897,23.64893516913072,23.97959600100225,-0.1012246938267191,0.06,0.06,0.06,-0.2,-1.1208186046511637,6.188888372093027,-0.3836145181476932,-0.4401201501876874,-9.862951188986145,0.06,0.17,0.19,6.292739755206825,23.660335990979757,-0.09164494269523425
2438.9200000000005,0.0,6.361014377394178,23.46738095808381,23.422902275449395,23.52778790419182,23.93737365269472,0.3255813953481615,0.06,0.06,0.06,-0.2,-1.1189581395348862,6.1800511627907095,-0.403639549436784,-0.3299824780976876,-9.657694618272965,0.06,0.17,0.19,6.283717028379156,23.58886119760494,-0.1408855085145703
2438.9300000000003,0.0,6.3500000000000005,23.47592387225548,23.264858363273625,23.419933612774567,23.880776846307445,0.745686421604759,0.06,0.06,0.06,-0.2,-1.1170976744186063,6.17121395348838,-0.4446741573033419,-0.1879101123596114,-9.476292134831477,0.06,0.17,0.19,6.274694325138168,23.510373173652777,-0.1968921449834758
2438.9400000000005,0.0,6.3500000000000005,23.35683185185196,23.29138726726721,23.45421577577573,23.81504890890896,0.9096730721237078,0.06,0.06,0.06,-0.2,-1.1152372093023262,6.16237674418605,-0.5795056179775416,0.0967340823970322,-9.401385767790254,0.06,0.17,0.19,6.265671645585771,23.47937095095097,-0.2831057744614014
2438.9500000000003,0.0,6.3500000000000005,23.19831333333361,23.374930810810664,23.532403963963823,23.74650036036048,0.9995158472671568,0.06,0.06,0.06,-0.2,-1.113376744186049,6.153539534883732,-0.684578222778503,0.2938548185233526,-9.327349186483174,0.06,0.1682361241768716,0.19,6.256648989824459,23.46303711711714,-0.35009315371798494
2438.9600000000005,0.0,6.3500000000000005,23.21862210105045,23.293616308154213,23.4358957978991,23.73292009004502,1.1359159159157726,0.06,0.06,0.06,-0.2,-1.111516279069769,6.144702325581402,-0.6545406758448239,0.0936045056321593,-9.257261576971256,0.06,0.16,0.19,6.247626357957285,23.420263574287198,-0.3297901614710758
2438.9700000000003,0.0,6.3500000000000005,23.293559569784883,23.161940470235137,23.28602086043024,23.736131695847924,1.2860660660659704,0.06,0.06,0.06,-0.2,-1.109655813953489,6.135865116279072,-0.6455355805243264,-0.1504194756553367,-9.283161048689042,0.06,0.1617691579943202,0.19,6.238603750087929,23.369413149074546,-0.2974719821805206
2438.9800000000005,0.0,6.3500000000000005,23.2290534581774,23.129620669163547,23.374869478152128,23.71147037203499,1.3663936063935056,0.06,0.06,0.06,-0.2,-1.1077953488372116,6.127027906976754,-0.730429463170924,-0.5898701622965481,-9.737593008738475,0.06,0.17,0.19,6.229581166320679,23.36125349438202,-0.21151223013229098
2438.99,0.0,6.3500000000000005,23.12218704119859,23.12748334082397,23.53623776779013,23.67834178277156,1.426333666333589,0.06,0.06,0.06,-0.2,-1.1059348837209315,6.118190697674424,-0.7936730095143057,-0.8903455182777393,-10.0946344516776,0.06,0.17,0.19,6.220558606760384,23.36606248314606,-0.14747197592522668
2439.0000000000005,0.0,6.3500000000000005,23.04629038759691,23.021429677419373,23.53578368092024,23.65417560890223,1.5557710572355845,0.06,0.06,0.06,-0.2,-1.1040744186046516,6.109353488372094,-0.7586204306459865,-0.5598497746621588,-10.009506760140251,0.06,0.17,0.19,6.211536071512543,23.31441983870969,-0.18294988504816004
2439.01,0.0,6.3500000000000005,22.979933798449665,22.883365161290428,23.48548110527636,23.63277025756441,1.7057335666081226,0.06,0.06,0.06,-0.2,-1.1022139534883744,6.100516279069777,-0.7600024044239156,-0.2088170233235223,-9.94882423659527,0.06,0.17,0.19,6.2025135606832675,23.245387580645215,-0.22909924998920048
2439.0200000000004,0.0,6.3500000000000005,22.934908988764057,22.908146966292108,23.36165865168544,23.54353460674161,1.7862668665666608,0.06,0.06,0.06,-0.2,-1.1003534883720942,6.091679069767447,-0.923503245972507,0.2335970185138421,-9.996912719403678,0.06,0.17,0.19,6.193491074379249,23.1870623033708,-0.32273223169113846
2439.03,0.0,6.337265954805089,22.89643707865174,22.98295345817717,23.21525166042468,23.43346219725359,1.8462368815591124,0.06,0.06,0.06,-0.1986499249958357,-1.0959497749875071,6.08054947497085,-1.0635033836544154,0.5926444560128888,-10.085476314419092,0.06,0.17,0.19,6.181718985813275,23.132026098626795,-0.3936790026830835
2439.0400000000004,0.0,6.317400049664775,22.83681671656696,22.92336658183646,23.15279561876252,23.3438087724552,2.09091908091867,0.06,0.06,0.06,-0.1969831657314313,-1.090949497194294,6.068882160120019,-1.001035918792336,0.2334565330559316,-10.522748568453649,0.06,0.17,0.19,6.169303351792087,23.064196922405287,-0.26917534294165496
2439.0500000000006,0.0,6.297534144524461,22.77060913173661,22.821919476048027,23.11648823353298,23.26051535928154,2.3906193806190874,0.06,0.06,0.06,-0.1953164064670269,-1.0859492194010807,6.057214845269188,-0.938116883116896,-0.1249000999000291,-10.848921078921114,0.06,0.17,0.19,6.156889302846238,22.99238305014979,-0.16142016136453016
2439.0600000000004,0.0,6.277668239384175,22.70269090227458,22.774701019745127,23.103663039240203,23.201453176705936,2.552243060764987,0.06,0.06,0.06,-0.1936496472026248,-1.0809489416078746,6.045547530418374,-0.873181818181898,-0.4795454545450193,-10.67909090909112,0.06,0.17,0.19,6.144476848583009,22.945627034491462,-0.12843824022603817
2439.0700000000006,0.0,6.257802334243861,22.634228017995607,22.74474850787308,23.098314376405902,23.150106013496703,2.672273068266957,0.06,0.06,0.06,-0.1919828879382204,-1.0759486638146614,6.033880215567543,-0.7792240300377348,-0.7400976220276722,-10.498317897371908,0.06,0.17,0.19,6.132065998686175,22.906849228942825,-0.09715014214368285
2439.0800000000004,0.0,6.237936429103547,22.551898378378432,22.753737437437422,22.976862962963057,23.00859237237248,2.8382817182816416,0.06,0.06,0.06,-0.1903161286738161,-1.0709483860214484,6.022212900716712,-0.5539424280351423,-0.5748911138924376,-10.268030037547035,0.06,0.17,0.19,6.119656762916865,22.822772787787848,-0.07352635943714449
2439.0900000000006,0.0,6.218070523963261,22.465141621621708,22.77515885885884,22.8183444444446,22.83829207207224,3.0181018981016368,0.06,0.06,0.06,-0.188649369409414,-1.0659481082282425,6.0105455858658985,-0.37,-0.4290037453184327,-10.018604244694584,0.06,0.17,0.19,6.10724915111427,22.724234249249346,-0.06467252141119328
2439.1000000000004,0.0,6.198204618822947,22.47603479999997,22.70060640000008,22.82339959999996,22.917773599999883,3.152063015753848,0.06,0.06,0.06,-0.1869826101450096,-1.060947830435029,5.998878271015068,-0.37,-0.3690786516854126,-9.68402247191022,0.06,0.17,0.19,6.094843173196351,22.72945359999997,-0.12153890045221534
2439.1100000000006,0.0,6.178338713682633,22.51776479999997,22.59574640000008,22.88010959999996,23.07613359999988,3.272093023255818,0.06,0.06,0.06,-0.1853158508806052,-1.0559475526418158,5.987210956164237,-0.381779724655858,-0.3372165206508694,-9.390065081351626,0.06,0.17,0.19,6.082438839160729,22.76743859999997,-0.1732950159545845
2439.1200000000003,0.0,6.158472808542348,22.464461207886323,22.565709323683564,22.73055234339937,23.00049088594981,3.645374999999458,0.06,0.06,0.06,-0.1836490916162032,-1.0509472748486095,5.975543641313422,-0.4468610763454034,-0.432335419274051,-9.279927409261624,0.06,0.17,0.19,6.070036159085417,22.69030344022977,-0.201927894782097
2439.130000000001,0.0,6.15,22.381147007736512,22.55930053905665,22.515858058397946,22.85095257798861,4.095374999999458,0.06,0.06,0.06,-0.1819823323517988,-1.0459469970553965,5.963876326462592,-0.5348214731585413,-0.5246616729088595,-9.227570536828951,0.06,0.17,0.19,6.0576351431295645,22.57681454579493,-0.22978993014229687
2439.1400000000003,0.0,6.15,22.324324919759288,22.54637353059178,22.49280806419257,22.808044874623874,4.4288198757762345,0.06,0.06,0.06,-0.1803155730873944,-1.0409467192621833,5.952209011611761,-0.7245842696629705,-0.6045617977528297,-9.432314606741626,0.06,0.17,0.19,6.0452358015343615,22.54288784729188,-0.2542220271314101
2439.1500000000005,0.0,6.15,22.276030035105386,22.53134845536612,22.53144397191569,22.799459117352068,4.726956521738799,0.06,0.06,0.06,-0.1786488138229924,-1.0359464414689772,5.940541696760946,-0.8673141426784063,-0.6745306633291406,-9.58550187734675,0.06,0.17,0.19,6.032838144623807,22.534570394934818,-0.2716947647118687
2439.1600000000003,0.0,6.15,22.244244387450216,22.43676605577697,22.526805383466147,22.856741588645363,5.3888999999997145,0.06,0.06,0.06,-0.176982054558588,-1.030946163675764,5.928874381910116,-0.7972265331664887,-0.6995619524405398,-9.505401752190272,0.06,0.17,0.19,6.020442182805481,22.516139353834674,-0.2576773622056523
2439.1700000000005,0.0,6.15,22.21760096115541,22.317403505976248,22.50868785358568,22.9345403934262,6.1688999999991605,0.06,0.06,0.06,-0.175315295294186,-1.025945885882558,5.9172070670593016,-0.7445806290563814,-0.7575611582623275,-9.48397403894126,0.06,0.17,0.19,6.008047926571489,22.494558178535886,-0.23720970181214593
2439.1800000000003,0.0,6.15,22.15269987951812,22.254867153614487,22.47262826807232,22.88555319277114,6.97154999999927,0.06,0.06,0.06,-0.1736485360297815,-1.0209456080893446,5.905539752208471,-0.7695431852221564,-0.962254118821682,-9.7236145781327,0.06,0.17,0.19,5.995655386499185,22.44143712349402,-0.1880410301649835
2439.1900000000005,0.0,6.15,22.07535048192772,22.210820968875503,22.430730677710848,22.79531222891567,7.781549999999269,0.06,0.06,0.06,-0.1719817767653771,-1.0159453302961317,5.89387243735764,-0.7701151727590899,-1.153500250375621,-9.947115673510332,0.06,0.17,0.19,5.983264573252129,22.378053589357435,-0.13452229592850243
2439.2000000000003,0.0,6.15,21.99006152038021,22.27951966491609,22.265724986246827,22.805707081770382,8.29717929482298,0.06,0.06,0.06,-0.1703150175009751,-1.0109450525029255,5.882205122506826,-0.6599499248873864,-1.283695543314907,-10.097341011517202,0.06,0.17,0.19,5.970875497580907,22.335253313328376,-0.0612535545345747
2439.2100000000005,0.0,6.15,21.90229957989508,22.3833356189046,22.062374148537383,22.847447516879168,8.717284321079877,0.06,0.06,0.06,-0.1675677904681014,-1.0160805238297463,5.867028215829874,-0.5974906367041116,-1.3799200998751593,-10.218167290886392,0.06,0.17,0.19,5.956720463531286,22.29886421605406,-0.011987029703755384
2439.2200000000003,0.0,6.15,21.79979772329252,22.33277390542912,22.08689502626965,22.88430175131347,9.40928999999984,0.06,0.06,0.06,-0.1645687651513278,-1.0235780871216804,5.851033414140415,-0.7473033707865556,-1.3249887640449296,-10.208179775280897,0.06,0.17,0.19,5.9421702257918145,22.27594210157619,-0.06952055840905327
2439.2300000000005,0.0,6.138552894211603,21.6927174130599,22.234260020015107,22.18219650237669,22.91963825369024,10.189289999999286,0.06,0.06,0.06,-0.1615697398345584,-1.031075650413604,5.835038612450978,-0.8645618427641708,-1.2754682023034758,-10.204531797696523,0.06,0.17,0.19,5.927638432504118,22.257203047285486,-0.11459967461143436
2439.24,0.0,6.118592814371273,21.602219985221723,22.21347777832512,22.07891552709369,22.83850220197051,10.697309999999687,0.06,0.06,0.06,-0.1585707145177847,-1.038573213705538,5.819043810761519,-0.8345167751627545,-1.250430645968962,-10.22956935403104,0.06,0.17,0.19,5.913125219652572,22.183278873152762,-0.10332429446094292
2439.2500000000005,0.0,6.098632734530944,21.51683082266013,22.21664033990148,21.91446232512321,22.72148742364536,11.117309999999687,0.06,0.06,0.06,-0.155571689201011,-1.0460707769974722,5.803049009072059,-0.7998926342072353,-1.2538901373283529,-10.241730337078646,0.06,0.17,0.19,5.898630724385208,22.092355227832545,-0.08949666769822756
2439.26,0.0,6.078672654690643,21.422803278688644,22.148501836065687,21.820057442623035,22.634920327868947,11.877284999998585,0.06,0.06,0.06,-0.1525726638842417,-1.0535683402893958,5.787054207382623,-0.7449612983770839,-1.38372784019962,-10.196786516853978,0.06,0.17,0.19,5.884155085023662,22.006570721311576,-0.06435038204655306
2439.2700000000004,0.0,6.058712574850314,21.32565321563688,22.05459010844898,21.750972953341783,22.559359167717574,12.747284999999202,0.06,0.06,0.06,-0.149573638567468,-1.06106590358133,5.771059405693163,-0.7090863579474006,-1.5327058823527824,-10.129106382978838,0.06,0.17,0.19,5.869698441073161,21.922643861286303,-0.04705421072559977
2439.28,0.0,6.038752495010012,21.25411848956618,22.10166268963217,21.70079085790004,22.549681861543537,13.246946526736036,0.06,0.06,0.06,-0.1465746132506986,-1.068563466873253,5.755064604003726,-0.7591489361701278,-1.7679999999996,-9.958893617021566,0.06,0.17,0.19,5.85526093323281,21.90156347466048,-0.06515924370080103
2439.2900000000004,0.0,6.018792415169683,21.191031374627435,22.195230096058182,21.65684253063933,22.561732209340825,13.62675662168886,0.06,0.06,0.06,-0.143575587933925,-1.0760610301651876,5.739069802314266,-0.7733533083647163,-1.9701073657926933,-9.806217228464508,0.06,0.17,0.19,5.840842703405584,21.901209052666445,-0.07201933110718028
2439.3000000000006,0.0,5.998832335329354,21.127944259688693,22.288797502484183,21.61289420337864,22.57378255713812,14.006566716641682,0.06,0.06,0.06,-0.1405765626171513,-1.0835585934571217,5.723075000624808,-0.6285343320849176,-2.0250387016229623,-9.731310861423234,0.06,0.17,0.19,5.826443894708734,21.90085463067241,-0.029010529468647163
2439.3100000000004,0.0,5.978872255489053,21.119641990098987,22.150705643564784,21.482348683168627,22.52497151485162,14.62012996750724,0.06,0.06,0.06,-0.1375775373003819,-1.091056156749045,5.707080198935371,-0.51,-2.06636545682104,-9.63092866082618,0.06,0.17,0.19,5.8120646514839995,21.819416957921007,-9.876162672787028e-05
2439.3200000000006,0.0,5.958912175648724,21.131295455445528,21.928230396039947,21.32025957425768,22.4539913168318,15.309957510621407,0.06,0.06,0.06,-0.1345785119836082,-1.0985537200409792,5.691085397245911,-0.51,-2.0463404255319206,-9.415659574468146,0.06,0.17,0.19,5.797705119307919,21.70844418564374,-0.03475956768302066
2439.3300000000004,0.0,5.95,21.044477909091,21.931423606060545,21.223649949495,22.47600388888885,16.13570892723113,0.06,0.06,0.06,-0.1315794866668346,-1.1060512833329137,5.675090595556451,-0.5412331502746032,-2.0217324013978994,-9.251942086869702,0.06,0.17,0.19,5.783365445002345,21.66888883838385,-0.07258388926598007
2439.3400000000006,0.0,5.95,20.918023363636497,22.02545390909081,21.1533974242425,22.53544833333327,17.005926481619174,0.06,0.06,0.06,-0.1285804613500652,-1.1135488466248369,5.659095793867015,-0.7109785322015112,-1.9767998002996,-9.31684473290058,0.06,0.17,0.19,5.769045776644854,21.658080757575767,-0.12443771448886277
2439.3500000000004,0.0,5.95,20.84632863476073,22.032384554156184,21.13464,22.494422952141104,17.62715999999963,0.06,0.06,0.06,-0.1255814360332915,-1.121046409916771,5.643100992177556,-0.8436554832248659,-1.958127190786097,-9.360936404606951,0.06,0.17,0.19,5.754746263579202,21.626944035264508,-0.16426212449807012
2439.3600000000006,0.0,5.95,20.79458052392949,22.00758858438288,21.13464,22.41680078589423,18.167160000000017,0.06,0.06,0.06,-0.1225824107165179,-1.1285439732087053,5.627106190488096,-0.8086029043565468,-2.058277416124152,-9.310861291937924,0.06,0.17,0.19,5.740467056426002,21.588402473551653,-0.14965509218616516
2439.3700000000003,0.0,5.95,20.77513872031993,21.97733520119974,21.08583024243947,22.41484351912019,19.09169999999872,0.06,0.06,0.06,-0.1195833853997485,-1.136041536500629,5.611111388798659,-0.7891885143569944,-2.1886991260920703,-9.32053682896347,0.06,0.17,0.19,5.726208307093306,21.563286920769833,-0.12810935131319198
2439.380000000001,0.0,5.95,20.76658085978506,21.94524322419397,21.02057655586108,22.438377635591088,20.14169999999872,0.06,0.06,0.06,-0.1165843600829748,-1.1435390997925627,5.5951165871092,-0.8391260923845112,-2.453368289637909,-9.59519350811481,0.06,0.17,0.19,5.7119701687871975,21.542694568857797,-0.075791946386391
2439.3900000000003,0.0,5.95,20.68363767500005,21.858757150000045,20.87852747500008,22.466715099999988,20.78453999999965,0.06,0.06,0.06,-0.1135853347662012,-1.151036663084497,5.579121785419741,-0.8591013767208152,-2.714523153942611,-9.8527108886109,0.06,0.17,0.19,5.697752796022639,21.47190935000004,-0.01637187981865877
2439.4000000000005,0.0,5.95,20.5755676750002,21.753897150000192,20.71053747500031,22.496675099999944,21.29453999999929,0.06,0.06,0.06,-0.1105863094494317,-1.1585342263764205,5.563126983730303,-0.7439574468085427,-2.9598297872339745,-10.032936170212716,0.06,0.17,0.19,5.683556344634183,21.384169350000164,0.07507864709646524
2439.4100000000003,0.0,5.95,20.472315616096115,21.794588507872906,20.65692524868785,22.50424,22.030739999999447,0.06,0.06,0.06,-0.115888596105984,-1.1713846191382358,5.5494005270092295,-0.6711335830212354,-3.107625468164765,-10.169892634207237,0.06,0.17,0.19,5.67286685035277,21.357017343164216,0.13562947390241764
2439.4200000000005,0.0,5.95,20.37069102224466,21.88444604348893,20.641948992751843,22.50424,22.84073999999887,0.06,0.06,0.06,-0.1232081686429411,-1.185535792709686,5.536225296442707,-0.7859900124842792,-2.8229812734085256,-10.114961298377084,0.06,0.17,0.19,5.663079189062102,21.35033151462136,0.05914684804987573
2439.4300000000003,0.0,5.934188523366378,20.24024682670688,21.866406016504204,20.519835498874944,22.42349152288088,23.33405999999973,0.06,0.06,0.06,-0.1305277411799085,-1.1996869662811565,5.523050065876165,-0.8836354531797564,-2.5363770655985927,-10.096357035553234,0.06,0.17,0.19,5.65335018714188,21.262494966241725,-0.006262107687302489
2439.4400000000005,0.0,5.90432737769374,20.10004177544395,21.811822370592683,20.361435898974843,22.315394498624723,23.72406000000001,0.06,0.06,0.06,-0.1378473137168759,-1.2138381398526268,5.509874835309624,-0.9036654982473674,-2.240933900851332,-10.241574862293414,0.06,0.17,0.19,5.643680147956482,21.147173635909052,-0.02173277698062666
2439.4500000000003,0.0,5.8744662320211445,20.062243520599257,21.807625917602977,20.310256429463195,22.2170044444446,24.47532467532388,0.06,0.06,0.06,-0.145166886253833,-1.2279893134240771,5.496699604743101,-0.9457913130302904,-2.07461058412334,-10.33697204193724,0.06,0.17,0.19,5.634069375108131,21.099282578027506,-0.03873707989483312
2439.4600000000005,0.0,5.844605086348508,20.05903752808989,21.820449887640432,20.29529513108616,22.121893333333457,25.344455544455087,0.06,0.06,0.06,-0.1524864587908004,-1.2421404869955477,5.48352437417656,-1.0855816275585308,-2.4790039940086066,-10.212159261108454,0.06,0.17,0.19,5.6245181724069955,21.074168970037487,-0.06252012653728606
2439.4700000000003,0.0,5.81474394067587,19.989613645233973,21.75670914185644,20.2356376182137,22.01706742056548,25.56,0.06,0.06,0.06,-0.1598060313277678,-1.2562916605670178,5.470349143610019,-1.172740926157779,-2.870878598247627,-10.07274593241563,0.06,0.17,0.19,5.615026843840894,20.999756956467397,-0.07214001754900695
2439.4800000000005,0.0,5.784882795003274,19.89752457843392,21.66676168126104,20.160681401050866,21.90891630723053,25.56,0.06,0.06,0.06,-0.1671256038647248,-1.270442834138468,5.457173913043496,-1.0225531914894908,-3.2062978723401376,-9.867489361702305,0.06,0.17,0.19,5.605595693544388,20.90847099199409,-0.017889148870378856
2439.49,0.0,5.7550216493306365,19.809529333000285,21.62560240319761,20.09538692980267,21.93098569572817,26.485191297822908,0.06,0.06,0.06,-0.1744451764016923,-1.2845940077099385,5.443998682476954,-0.8834606741572941,-3.400978776529294,-9.684379525593,0.06,0.17,0.19,5.596225025767362,20.865376090432186,0.021352896766675743
2439.5000000000005,0.0,5.725160503658,19.722924286784902,21.60101084686485,20.03337343992005,21.997275978016493,27.7154988747181,0.06,0.06,0.06,-0.1817647489386597,-1.2987451812814088,5.430823451910412,-0.7935730337078276,-2.9715156054929546,-9.599485642946282,0.06,0.17,0.19,5.58691514484322,20.838646137896575,-0.005965924998350618
2439.51,0.0,5.695299357985404,19.64376108876909,21.601777126042165,19.984720078469884,21.90705930358034,28.62952499999906,0.06,0.06,0.06,-0.1890843214756167,-1.312896354852859,5.417648221343891,-0.72,-2.630906359539269,-9.499098647972067,0.06,0.17,0.19,5.5776663551564685,20.78432939921537,-0.031868866302219905
