t_s,ICU_Brakpresr_bar,ICU_Speed_kmh,ICU_Speedfl_kmh,ICU_Speedfr_kmh,ICU_Speedrl_kmh,ICU_Speedrr_kmh,ICU_SteeringAngle_deg,SBG_GPS1_VELOCITY_ACC_D,SBG_GPS1_VELOCITY_ACC_E,SBG_GPS1_VELOCITY_ACC_N,GPS1_VEL_D_ms,GPS1_VEL_E_ms,GPS1_VEL_N_ms,IMU_ACCEL_X_ms2,IMU_ACCEL_Y_ms2,IMU_ACCEL_Z_ms2,SBG_VELOCITY_ACC_D,SBG_VELOCITY_ACC_E,SBG_VELOCITY_ACC_N,GPS1_VEL_MAG_ms,WHEEL_SPEED_kmh,IMU_ACCEL_LONG_ms2
1984.7200000000005,0.0,18.95,68.5472081541584,68.14175194726135,69.06682229208923,69.59457971602428,-5.9827693076731085,0.07,0.07,0.07,0.3073796448367983,3.256261291315963,-18.41041623896529,-1.1527843039243169,-2.6881304673779884,-9.975771057234894,0.05,0.19,0.16,18.69869369596014,68.83759052738331,-0.09911705004525669
1984.73,0.0,18.95,68.43287246818075,68.27555763414017,68.94693550287002,69.36826021961575,-5.927271364317839,0.07,0.07,0.07,0.319184202422499,3.2711452987066294,-18.390913056867177,-1.307745563609053,0.0011972006990457,-9.560874781304792,0.05,0.19,0.16,18.68228982714844,68.75590645620167,-0.49359199408712134
1984.74,0.0,18.95,68.22992762166241,68.54365845769861,68.79739719490914,69.09054621911697,-5.837316341829098,0.07,0.07,0.07,0.3309887600081997,3.286029306097295,-18.37140987476906,-1.4197054418381154,2.409410883676231,-9.165262106840164,0.05,0.19,0.1612379421221674,18.665911254116264,68.66538237334679,-0.8414766187149785
1984.75,0.0,18.92404760719091,68.19139783505156,68.52331845360816,68.55069721649461,69.06596288659799,-5.82,0.07,0.07,0.07,0.3427933175939339,3.3009133134880035,-18.35190669267089,-1.050259610584121,1.6705192211682425,-8.985531702446329,0.05,0.19,0.17,18.649558043509987,68.58284409793808,-0.6677769357401956
1984.76,0.0,18.889188785419115,68.20295404516446,68.41511030436911,68.27439873834052,69.11849111438393,-5.82,0.07,0.07,0.07,0.3546704971271545,3.31077841618786,-18.329491381463903,-0.7385900980144069,0.8367253078672072,-8.780291530535546,0.05,0.19,0.17,18.629473937440835,68.5027385505645,-0.5074720132998917
1984.77,0.0,18.854329963647324,68.11961497459347,68.41439725609757,68.26629359756099,69.15094491361789,-6.223739557739198,0.07,0.07,0.07,0.3666615038720844,3.3127769173120143,-18.30251161628781,-1.1004900728822968,-1.103460668507869,-8.277652676552366,0.05,0.19,0.17,18.603517490696408,68.48781268546747,-0.5033262611364717
1984.78,0.0,18.81947114187543,68.00108855182899,68.45354359756107,68.35763506097582,69.17595507621958,-6.72496805896918,0.07,0.07,0.07,0.3786525106170483,3.314775418436174,-18.27553185111164,-1.465308364544868,-2.811003745317436,-7.885253433209503,0.05,0.19,0.17,18.57757191452805,68.49705557164636,-0.5076680782757128
1984.79,0.0,18.78461232010364,67.95995042448172,68.18216238400743,68.49685487660435,69.08057209279352,-6.957513980681364,0.07,0.07,0.07,0.3906435173619783,3.3167739195603296,-18.24855208593555,-1.8598152309614104,-2.1518277153556187,-8.614342072409695,0.05,0.19,0.17,18.55163725454536,68.42988494447175,-0.5983555026768903
1984.8,0.0,18.74975349833184,67.94305012833169,67.81352467423496,68.65107007897335,68.94748226061205,-7.110030503304362,0.07,0.07,0.07,0.4026345241069082,3.3187724206844846,-18.221572320759456,-2.210903659447431,-1.417020164302915,-9.227587752054244,0.05,0.19,0.17,18.52571355659387,68.33878178553802,-0.6998581150716698
1984.81,0.0,18.714894676559947,67.77735183569945,67.63780039553735,68.46199014198734,68.97054562373238,-6.898829414706896,0.07,0.07,0.07,0.4146255308518722,3.3207709218086454,-18.194592555583288,-2.10634802091098,0.1114836943013979,-8.62514812048707,0.05,0.19,0.17,18.499800866756672,68.21192199923912,-0.9148580451480879
1984.82,0.0,18.680035854788155,67.55814291075043,67.53145151115615,68.14945464503033,69.04976469066939,-6.598679339669329,0.07,0.07,0.07,0.4266165375968021,3.3227694229328004,-18.1676127904072,-2.022563140785321,1.4717104276064217,-8.11868217054312,0.05,0.19,0.17,18.473899231355993,68.07220343940158,-1.1048106127041923
1984.83,0.0,18.64517703301636,67.52264298574643,67.49976280570142,68.02079099774947,69.09546592648161,-6.515858964741184,0.07,0.07,0.07,0.438607544341732,3.3247679240569554,-18.140633025231104,-2.182603150787721,0.8565566391596982,-8.73883720930242,0.05,0.19,0.17,18.448008696954176,68.03466567891974,-1.00073586100374
1984.84,0.0,18.61031821124447,67.5440483370843,67.49120066516628,67.94908307076756,69.13078475618912,-6.485851462865691,0.07,0.07,0.07,0.450598551086696,3.326766425181116,-18.11365326005493,-2.3051149999992764,0.3050100000004366,-9.37122500000178,0.05,0.19,0.17,18.422129310355317,68.02877920730181,-0.8888212268412669
1984.85,0.0,18.6,67.58402675053411,67.4107888488012,67.93836920009495,68.97845694754308,-6.48,0.07,0.07,0.07,0.4625895578316259,3.328764926305271,-18.08667349487884,-1.990114999999724,0.4950100000001666,-10.14622500000068,0.05,0.19,0.17,18.396261118606894,67.97791043674333,-0.6855074566409917
1984.86,0.0,18.6,67.62974239259437,67.30818262995484,67.94649642535012,68.76816499406586,-6.48,0.07,0.07,0.07,0.4745805645765558,3.330763427429426,-18.05969372970275,-1.675528353734856,0.531853609793542,-10.845395953035316,0.05,0.19,0.17,18.37040416900075,67.9131466104913,-0.47788260587503684
1984.87,0.0,18.6,67.67811344782042,67.38530660502012,68.02214177014551,68.50952464993344,-6.386768433179336,0.07,0.07,0.07,0.4865715713215198,3.3327619285535866,-18.03271396452658,-1.3657606794899526,-1.2168348738470414,-10.660534599050456,0.05,0.19,0.17,18.344558509074737,67.89877161822987,-0.21999819560183617
1984.88,0.0,18.6,67.7278677410832,67.55605429326282,68.13295815059442,68.22569902245718,-6.213957373271624,0.07,0.07,0.07,0.4985625780664497,3.3347604296777416,-18.00573419935049,-1.0827288732394522,-2.7504728370216824,-10.439320925553034,0.05,0.19,0.1687808807733565,18.31872418661443,67.9106448018494,0.0010445380116011621
1984.89,0.0,18.6,67.76913651367182,67.61456540039059,68.09425141601574,68.16539492187499,-6.204098975256208,0.07,0.07,0.07,0.5105535848113797,3.336758930801897,-17.978754434174395,-1.1179401408450529,-1.724315895372745,-9.785397384306162,0.05,0.19,0.16,18.29290124965407,67.91083706298829,-0.21644752473253892
1984.9,0.0,18.6,67.8077986230468,67.63859860351558,68.00961274414078,68.17375429687499,-6.2340914771307165,0.07,0.07,0.07,0.5225445915563096,3.338757431926052,-17.951774668998304,-1.1535586481112765,-0.6467644135211215,-9.213576043737206,0.05,0.19,0.16,18.267089746478376,67.90744106689453,-0.426995302211497
1984.91,0.0,18.6,67.74007381725886,67.49040425380706,67.92490789847714,68.39809883248736,-6.456539325843175,0.07,0.07,0.07,0.5345355983012736,3.3407559330502123,-17.924794903822136,-1.193320079522901,0.9536332007967648,-9.47699552683922,0.05,0.19,0.16,18.24128972562383,67.8883712005076,-0.5668975854556204
1984.92,0.0,18.6,67.63035808121835,67.27423166497476,67.84017693401022,68.70769274111652,-6.726202247191191,0.07,0.07,0.07,0.5465266050462035,3.342754434174368,-17.897815138646042,-1.270943396226621,2.3449937106913965,-9.747685534591335,0.05,0.19,0.16,18.215501235880474,67.86311485532997,-0.6966778881953974
1984.93,0.0,18.6,67.48108699723146,67.21712583438207,67.88392247168379,68.51885233828375,-6.78,0.07,0.07,0.07,0.5585176117911335,3.3447529352985224,-17.87083537346995,-1.799245283018243,1.2481383647811723,-10.104918238993289,0.05,0.19,0.16,18.18972432629296,67.77524691039527,-0.7059739713890317
1984.94,0.0,18.6,67.31841898816984,67.21389401963252,67.97118146992214,68.16119817266481,-6.78,0.07,0.07,0.07,0.5705086185360975,3.346751436422683,-17.843855608293783,-2.285841238142798,0.1246380429353396,-10.416070893659482,0.05,0.19,0.16,18.16395904616223,67.66617316259733,-0.7054674305293108
1984.95,0.0,18.56302041633313,67.17281893398521,67.13114962836177,68.07882534474338,68.10418983863084,-6.708044999999989,0.07,0.07,0.07,0.5824996252810274,3.348749937546838,-17.81687584311769,-2.3507438841737205,-1.2682725911129231,-10.261303045431898,0.05,0.19,0.16,18.13820544504729,67.6217459364303,-0.6058454686856468
1984.96,0.0,18.51298038430756,67.0325939951101,67.02336478728613,68.19288891442535,68.14186221026893,-6.618044999999989,0.07,0.07,0.07,0.5871187875057851,3.345582140842204,-17.794813817510413,-2.4043365047571887,-2.4032048072120897,-10.1012669003507,0.05,0.19,0.16,18.1160985626493,67.59767747677263,-0.5300482068396842
1984.9700000000005,0.0,18.46294035228184,66.93412425401678,66.91225597551637,67.83014896709984,68.24864422341248,-6.69594000000022,0.07,0.07,0.07,0.5794252961994159,3.3337854541724377,-17.78096553315895,-2.3392388582873607,-0.8308462694023966,-9.885943915873575,0.05,0.19,0.16,18.10007166891098,67.48129335501137,-0.7042733714091616
1984.98,0.0,18.412900320256263,66.85225738332065,66.79982547309369,67.27782047947,68.38290589135413,-6.815940000000049,0.07,0.07,0.07,0.5717318048930685,3.321988767502705,-17.767117248807523,-2.260224719101096,0.752359550562014,-9.781235955056308,0.05,0.19,0.16,18.084052144389936,67.32820230680962,-0.8582127157987344
1984.99,0.0,18.362860288230685,66.74183375780287,66.72709687890143,67.14734104868913,68.1810091385771,-6.84,0.07,0.07,0.07,0.5640383135867212,3.310192080832973,-17.753268964456097,-2.04049937578049,2.445243445691226,-10.79496878901274,0.05,0.19,0.16,18.06804000868725,67.19932020599263,-0.8070398783748506
1985.0,0.0,18.31282025620497,66.62214337078626,66.66725168539313,67.15375303370787,67.87002786516787,-6.84,0.07,0.07,0.07,0.5563448222803519,3.2983953941632063,-17.739420680104633,-1.816904880477892,3.7058864541808574,-11.663351593625018,0.05,0.19,0.16,18.0520352814645,67.07829398876378,-0.7316188018324283
1985.01,0.0,18.26278022417939,66.59252,66.6476016925388,67.26742745618449,67.68742362043044,-6.674624999999817,0.07,0.07,0.07,0.5486513309740045,3.2865987074934737,-17.725572395753208,-1.552960657370657,0.4588745019937414,-11.015941235060104,0.05,0.19,0.16,18.03603798244408,67.04874319228843,-0.40332323162960726
1985.02,0.0,18.212740192153817,66.59252,66.64117204807211,67.41638088632958,67.54704304957428,-6.464625000000115,0.07,0.07,0.07,0.5409578396676572,3.274802020823741,-17.711724111401782,-1.286852409639051,-2.5256099397591307,-10.398448795181183,0.05,0.19,0.1612392703862474,18.020048131409094,67.049278995994,-0.09707176613192353
1985.03,0.0,18.162700160128097,66.78296659147911,66.57395670676678,67.32637587969897,67.46085369423548,-6.301874999999869,0.07,0.07,0.07,0.533264348361288,3.263005334153975,-17.697875827050318,-0.9956877510037284,-2.470389056224845,-10.127364457831058,0.05,0.19,0.17,18.004065748203722,67.03603821804508,-0.04606053184852792
1985.04,0.0,18.11266012810252,67.03504679197984,66.48706948872184,67.15903753383466,67.39220206516293,-6.151875000000083,0.07,0.07,0.07,0.5255708570549407,3.2512086474842423,-17.684027542698892,-0.7579930017498132,-2.184246438388292,-9.913679080230246,0.05,0.19,0.17,17.988090852733507,67.01833896992483,-0.02833094821595
1985.05,0.0,18.1,66.96374393186677,66.54634369056056,67.14052099361245,67.45276354861592,-6.098787878787902,0.07,0.07,0.07,0.5178773657485933,3.2394119608145098,-17.67017925834747,-1.0779130217445618,0.5100799800049818,-10.298582854286426,0.05,0.19,0.17,17.97212346496529,67.02584304116392,-0.35768143565096316
1985.06,0.0,18.1,66.7905998580551,66.65164768866823,67.16887207002605,67.55401739295023,-6.071851851851798,0.07,0.07,0.07,0.5101838744422241,3.227615274144744,-17.656330973996003,-1.3856639159793434,2.890810202548876,-10.625198799699373,0.05,0.19,0.17,17.95616360492753,67.0412842524249,-0.6591576198778185
1985.07,0.0,18.1,66.68463827979818,66.4932806955134,67.25239101672427,67.52433519511538,-6.078956276445737,0.07,0.07,0.07,0.5024903831358768,3.215818587475011,-17.64248268964458,-1.565708927231787,1.9805826456615216,-10.340127531883004,0.05,0.19,0.17,17.940211292710643,66.98866129678781,-0.6681138175609216
1985.08,0.0,18.1,66.61533113883726,66.1910561136182,67.36600928059467,67.42321494027075,-6.112806770098714,0.07,0.07,0.07,0.4947968918295294,3.2040219008052784,-17.628634405293155,-1.7453086728314318,1.0087228192985005,-10.08131217195698,0.05,0.19,0.1686815523657696,17.924266548466903,66.89890286833023,-0.6665382056703049
1985.09,0.0,18.1,66.62803002967368,66.03877436201755,67.30480185459913,67.41061278931754,-6.12,0.07,0.07,0.07,0.4871034005231602,3.1922252141355125,-17.61478612094169,-1.9202649337665567,-0.6058735316170856,-10.096308422894277,0.05,0.19,0.16,17.908329392410778,66.84555475890198,-0.5551308653649861
1985.1,0.0,18.1,66.66613091988137,65.93293855588507,67.18944082591474,67.42542980217608,-6.12,0.07,0.07,0.07,0.4794099092168128,3.18042852746578,-17.600937836590266,-2.099579894973568,-1.9338034508640307,-10.14263315828928,0.05,0.19,0.16,17.89239984481926,66.80348502596432,-0.4702546690696033
1985.11,0.0,18.1,66.52718298916719,65.92921562626947,67.01726906905886,67.45020975964795,-6.387794632438338,0.07,0.07,0.07,0.4717164179104655,3.168631840796047,-17.58708955223884,-2.324636159039442,-0.2533833458388346,-10.517726931732405,0.05,0.19,0.16,17.87647792603178,66.73096936103587,-0.6638030070386349
1985.12,0.0,18.1,66.32651271157727,65.96109104942455,66.82529208869305,67.4784629756263,-6.727851308551847,0.07,0.07,0.07,0.4640229266040963,3.156835154126281,-17.573241267887376,-2.5172966207758503,1.3667334167717815,-10.895043804756275,0.05,0.19,0.16,17.860563656450534,66.6478397063303,-0.8398651940046832
1985.13,0.0,18.1,66.12584243398791,65.99296647257954,66.63331510832778,67.5067161916046,-7.067907984664389,0.07,0.07,0.07,0.4563294352977489,3.1450384674565486,-17.55939298353595,-2.3721151439298382,2.3579724655824856,-11.295544430538378,0.05,0.19,0.16,17.84465705654082,66.56471005162496,-0.8335718062209898
1985.14,0.0,18.1,66.04640962540319,65.89020502108673,66.74469836765049,67.36555850161271,-7.092720000000024,0.07,0.07,0.07,0.4486359439914016,3.133241780786816,-17.545544699184525,-2.21752247752246,3.0096003996002025,-11.632577422577402,0.05,0.19,0.16,17.82875814683096,66.51171787893828,-0.7984090635216337
1985.15,0.0,18.077629806973004,65.99969168940717,65.75111298437132,66.93794073927037,67.17868675762864,-7.0327200000001096,0.07,0.07,0.07,0.4409424526850542,3.121445094117083,-17.5316964148331,-1.967772227772644,0.2273826173872546,-11.327882117882629,0.05,0.19,0.16,17.81286694791266,66.46685804266937,-0.471345065564724
1985.16,0.0,18.047703127338053,66.05679619240516,65.73111094683546,66.81804674430357,66.95623331645544,-6.925439999999913,0.0696102655260527,0.0696102655260527,0.0696102655260527,0.4259518833103787,3.119219549072799,-17.524927068973195,-1.7104904904906604,-2.228958958959425,-11.04383383383387,0.05,0.19,0.16,17.805449569585235,66.39054679999991,-0.1725129448798729
1985.17,0.0,18.017776447703184,66.14456328101272,65.74628056708862,66.60567206075933,66.72327129113904,-6.805439999999913,0.0691658704588383,0.0691658704588383,0.0691658704588383,0.4099426335216251,3.118330146306757,-17.51914595099392,-1.375155155155695,-1.308038038039521,-10.973763763763875,0.05,0.19,0.16,17.79922781236228,66.30494679999993,-0.16626573411749465
1985.18,0.0,17.98784976806832,66.05302621272376,65.746816888668,66.26671138171002,66.8183942345923,-6.827279999999977,0.0687214753916239,0.0687214753916239,0.0687214753916239,0.3939333837328715,3.117440743540715,-17.51336483301465,-1.0691011235955314,-0.3028089887688502,-10.921685393258093,0.05,0.19,0.16,17.793020206659158,66.22123717942353,-0.17589558892293305
1985.19,0.0,17.957923088433365,65.91581945328029,65.74362603379721,65.89550859840946,66.9970821073559,-6.887280000000062,0.0682770803244083,0.0682770803244083,0.0682770803244083,0.3779241339440724,3.116551340774671,-17.50758371503536,-1.0591136079900068,1.5548689138587324,-11.05152309612991,0.05,0.19,0.16,17.786826767292503,66.13800904821072,-0.34606021780858043
1985.2,0.0,17.9279964087985,65.77118928464233,65.59083299649826,66.06865142571282,66.7581778389195,-6.876354088522124,0.0678326852571939,0.0678326852571939,0.0678326852571939,0.3619148841553188,3.115661938008629,-17.501802597056088,-1.0776039058590312,3.056334501750925,-11.103838257385496,0.05,0.19,0.16,17.780647509065805,66.04721288644322,-0.5004801641118592
1985.21,0.0,17.898069729163634,65.62452595297648,65.39706611305651,66.39088254127066,66.40490120060028,-6.846346586646674,0.0673882901899795,0.0673882901899795,0.0673882901899795,0.3459056343665652,3.114772535242587,-17.496021479076816,-1.393077115673455,0.8430145217830614,-10.34770405608426,0.05,0.19,0.16,17.77448244676917,65.95434395197599,-0.4907055634915212
1985.2200000000005,0.0,17.86814304952868,65.51884642183603,65.22955134491279,66.32961754838674,66.23330267990048,-6.769034999999893,0.0669438951227639,0.0669438951227639,0.0669438951227639,0.3298963845777661,3.1138831324765426,-17.490240361097527,-1.6858736894659074,-1.2282850723924663,-9.62385421867134,0.05,0.19,0.16,17.768331595179227,65.82782949875902,-0.4831976248894644
1985.23,0.0,17.838216369893814,65.4243253300247,65.06918409925538,66.16394012903206,66.11116868486337,-6.679035000000021,0.0664995000555495,0.0664995000555495,0.0664995000555495,0.3138871347890125,3.112993729710501,-17.484459243118256,-1.750776335496738,-1.872319021467631,-9.224453320020071,0.05,0.19,0.16,17.762194969059042,65.69215456079388,-0.4984690134212081
1985.24,0.0,17.808289690258945,65.42827966966968,65.1546777777778,65.99882744744743,66.2268884684685,-6.730964999999952,0.0660551049883352,0.0660551049883352,0.0660551049883352,0.2978778850002589,3.112104326944459,-17.478678125138984,-1.8463579474334548,-2.2387859824831966,-8.896357947433454,0.05,0.19,0.16,17.756072583157874,65.70216834084084,-0.542114146191098
1985.25,0.0,17.8,65.46148287287293,65.3131962962966,65.83388250250219,66.41325483483519,-6.820965000000208,0.0656107099211195,0.0656107099211195,0.0656107099211195,0.2818686352114598,3.1112149241784146,-17.472897007159695,-2.261877346683568,0.2893742177735103,-9.311877346683566,0.05,0.19,0.16,17.74996445221107,65.75545412662673,-0.8816568974528602
1985.26,0.0,17.8,65.29284556999988,65.2036086399999,65.88494077000006,66.45721422000001,-6.887274544092024,0.0651663148539051,0.0651663148539051,0.0651663148539051,0.2658593854227062,3.110325521412373,-17.467115889180423,-2.6278651685393086,2.590449438202248,-9.728651685393311,0.05,0.1889862258953077,0.16,17.74387059094001,65.70965229999997,-1.1807629260260017
1985.27,0.0,17.8,65.0649355700002,65.01528864000016,65.99943076999989,66.45935422,-6.947229577816674,0.0647219197866908,0.0647219197866908,0.0647219197866908,0.2498501356339526,3.10943611864633,-17.46133477120115,-2.4930337078653007,2.5954431960049886,-10.158114856429044,0.05,0.18,0.16,17.73779101405181,65.63475230000006,-1.0710087585362065
1985.28,0.0,17.8,64.9627966933066,64.79241014984981,65.92378710289691,66.18799265734216,-6.889329009727921,0.0642775247194751,0.0642775247194751,0.0642775247194751,0.2338408858451535,3.108546715880286,-17.455553653221862,-2.35159739609398,2.316950425635967,-10.50180270405566,0.05,0.18,0.16,17.73172573623927,65.46674665084888,-0.9425397136993098
1985.29,0.0,17.8,64.89759189810182,64.55938317682292,65.79230858141844,65.83631433566396,-6.799531055125903,0.0638331296522608,0.0638331296522608,0.0638331296522608,0.2178316360563999,3.1076573131142444,-17.44977253524259,-2.141281922884364,-0.9179018527786024,-9.950976464697144,0.05,0.18,0.16,17.72567477218078,65.27139949800178,-0.6189012336768454
1985.3,0.0,17.8,64.99650627549735,64.57083758750944,65.7663549735583,65.63279278267439,-6.733014761070802,0.0633887345850464,0.0633887345850464,0.0633887345850464,0.2018223862676463,3.1067679103482027,-17.44399141726332,-1.9070768846735016,-3.684692960561249,-9.46219920119806,0.05,0.18,0.16,17.71963813654005,65.24162290480987,-0.3265204592270776
1985.31,0.0,17.8,65.14416681440467,64.65490709141288,65.77174404432134,65.47327628808839,-6.672969727295328,0.0629443395178308,0.0629443395178308,0.0629443395178308,0.1858131364788472,3.105878507582158,-17.43821029928403,-1.4327883175231038,-1.74759860209436,-9.596997004493437,0.05,0.18,0.16,17.713615843966036,65.26102355955682,-0.3482709910616235
1985.32,0.0,17.8,65.03148268552988,64.77056893521967,65.30478177215183,65.63932448250189,-6.612924693520092,0.0624999444506164,0.0624999444506164,0.0624999444506164,0.1698038866900936,3.1049891048161165,-17.43242918130476,-0.9938657986979932,0.182556334503183,-9.763377566349906,0.05,0.18,0.16,17.707607909092847,65.18653946885081,-0.37639686170192566
1985.33,0.0,17.8,64.84770507321943,64.89485784065506,64.70883240506417,65.894276083395,-6.552879659744874,0.062055549383402,0.062055549383402,0.062055549383402,0.15379463690134,3.1040997020500747,-17.426648063325487,-0.9237606409614544,2.0403430145214574,-10.259121181772572,0.05,0.18,0.16,17.701614346539497,65.08641785058342,-0.47100840845932873
1985.34,0.0,17.8,64.80974485000002,64.64283019999964,64.62763299000007,65.65319588999961,-6.469322669332601,0.0616111543161864,0.0616111543161864,0.0616111543161864,0.1377853871125409,3.1032102992840302,-17.420866945346198,-0.8760985576926081,3.5181081730729686,-10.650391826921965,0.05,0.18,0.16,17.695635170909803,64.93335098249983,-0.5494515616233017
1985.35,0.0,17.789814351481173,64.81509485000001,64.27903019999962,64.69932299000007,65.2647858899996,-6.379345163709078,0.061166759248972,0.061166759248972,0.061166759248972,0.1217761373237873,3.1023208965179885,-17.415085827366926,-1.0539831730769902,1.1767620192298862,-9.991737980768985,0.05,0.18,0.16,17.689670396792305,64.76455848249982,-0.4654068255809669
1985.36,0.0,17.7748023418735,64.7630827123771,64.31883122762797,64.94283030501647,65.12010721451976,-6.218664666166672,0.0607223641817576,0.0607223641817576,0.0607223641817576,0.1057668875350337,3.1014314937519463,-17.40930470938765,-1.229562386038069,-1.1518155769721254,-9.33835894764276,0.05,0.18,0.16,17.68372003876001,64.78621286488531,-0.38111732789021735
1985.37,0.0,17.759790332265787,64.6940330526845,64.4785085656671,65.23737025964269,65.04782085202908,-6.03861965491346,0.060277969114542,0.060277969114542,0.060277969114542,0.0897576377462346,3.100542090985902,-17.403523591408366,-1.187884865850432,-2.277108622038336,-9.18206824693912,0.05,0.18,0.16,17.677784111370308,64.86443318250585,-0.2737619586631138
1985.38,0.0,17.744778322658114,64.66097393503594,64.50073977684104,65.23728023307707,65.27732895611223,-6.0470476665835005,0.0597918924175483,0.0597918924175483,0.0597918924175483,0.0813017389855002,3.095877826545916,-17.390020001111168,-1.201792311532987,-3.032406390412901,-9.07407388916644,0.05,0.18,0.16,17.663631142228578,64.91908072526657,-0.21623746744551017
1985.39,0.0,17.72976631305044,64.63762655095465,64.48588235060751,65.15768687825451,65.5882736622857,-6.106942850012424,0.0592361979383735,0.0592361979383735,0.0592361979383735,0.0846352575143042,3.0853216845380365,-17.36446302572367,-1.7709385921118468,-0.0918172740887914,-9.448512231652533,0.05,0.18,0.16,17.63663656130668,64.9673673605256,-0.6564741642505353
1985.4,0.0,17.714754303442767,64.54233578394626,64.30671744936286,64.98020097524429,65.63637506376601,-6.12,0.0586805034591986,0.0586805034591986,0.0586805034591986,0.0879687760431083,3.074765542530157,-17.33890605033617,-2.2882377972465693,2.6389011264076974,-9.858725907383793,0.05,0.18,0.16,17.60964464915387,64.86640731807985,-1.05206228070821
1985.41,0.0,17.69974229383505,64.4256766191548,64.07875045761442,64.77363933483373,65.60640757189297,-6.12,0.0581248089800222,0.0581248089800222,0.0581248089800222,0.0913022945719218,3.064209400522248,-17.3133490749486,-2.268212765957436,3.1945957446811537,-10.63970212766,0.05,0.18,0.16,17.582655418060906,64.72111849587398,-0.9849287462907959
1985.42,0.0,17.684730284227378,64.35415108203327,64.06155804730746,64.95161549572194,65.53724205837953,-6.213829627779124,0.0575691145008474,0.0575691145008474,0.0575691145008474,0.0946358131007259,3.053653258514368,-17.287792099561102,-2.238701622971428,3.33348064919311,-11.285373283396565,0.05,0.18,0.16,17.555668880393135,64.72614167086054,-0.8917450849551598
1985.43,0.0,17.669718274619708,64.29599305485667,64.10679206844482,65.24348263210823,65.45646702063425,-6.333739695228424,0.0570134200216726,0.0570134200216726,0.0570134200216726,0.0979693316295299,3.0430971165064884,-17.262235124173607,-2.1138576779029017,-0.7164569288298717,-10.571265917604595,0.05,0.18,0.16,17.52868504859058,64.775683694011,-0.5367648442538393
1985.44,0.0,17.654706265011992,64.23508834575257,63.91137746646782,65.20379873323391,65.283103114754,-6.36,0.0564577255424962,0.0564577255424962,0.0564577255424962,0.1013028501583435,3.032540974498579,-17.236678148786034,-1.9942728410513424,-4.2527234042561,-9.927048811013732,0.05,0.18,0.16,17.501703935168738,64.65834191505208,-0.2263870059106758
1985.45,0.0,17.650000000000002,64.17342913065077,63.64985734724295,65.07303867362148,65.08430530054648,-6.36,0.0559020310633214,0.0559020310633214,0.0559020310633214,0.1046363686871475,3.0219848324907,-17.21112117339854,-1.929191489361751,-2.465489361703468,-10.007148936170152,0.05,0.18,0.16,17.474725552719374,64.49515761301542,-0.3782522465658774
1985.46,0.0,17.650000000000002,63.97690339500032,63.69411362999982,64.61472290500075,65.20480650499971,-6.36,0.0553463365841465,0.0553463365841465,0.0553463365841465,0.1079698872159516,3.01142869048282,-17.18556419801104,-1.8501198202698323,-0.5847204193739834,-10.136929605590934,0.05,0.18,0.16,17.4477499139106,64.37263660875016,-0.5276267752243192
1985.4700000000005,0.0,17.650000000000002,63.74043339499998,63.82893363000001,64.05939290499997,65.41987650500002,-6.36,0.0547906421049701,0.0547906421049701,0.0547906421049701,0.1113034057447651,3.0008725484749106,-17.16000722262347,-1.6304493260107007,2.2360484273625945,-10.765986020969358,0.05,0.18,0.16,17.420777031487727,64.26215910874998,-0.6519703363573546
1985.48,0.0,17.650000000000002,63.668238890000005,63.72600819000005,64.05219822499996,65.13221396000012,-6.36,0.0542349476257953,0.0542349476257953,0.0542349476257953,0.1146369242735692,2.990316406467031,-17.13445024723597,-1.427371056584854,4.558497746617717,-11.263760640960772,0.05,0.18,0.16,17.393806918274034,64.14466481625003,-0.7499368279684524
1985.49,0.0,17.650000000000002,63.64469889,63.55266819000004,64.20734822499996,64.69565396000012,-6.36,0.0536792531466205,0.0536792531466205,0.0536792531466205,0.1179704428023732,2.979760264459152,-17.108893271848473,-1.3973259889834806,1.6841862794196325,-10.392453680520934,0.05,0.18,0.16,17.366839587170908,64.02509231625004,-0.572828166000256
1985.5,0.0,17.650000000000002,63.59313790209783,63.61944376123893,64.33681355644372,64.46642518980998,-6.102756554306543,0.0531235586674441,0.0531235586674441,0.0531235586674441,0.1213039613311868,2.969204122451242,-17.083336296460903,-1.3492057942054152,-1.140202297706131,-9.606780719280843,0.05,0.18,0.16,17.339875051158664,64.00395510239761,-0.38188095022124685
1985.51,0.0,17.650000000000002,63.5332777622378,63.7573358691308,64.45867169830164,64.29860301198809,-5.773168539325635,0.0525678641882693,0.0525678641882693,0.0525678641882693,0.1246374798599908,2.9586479804433625,-17.057779321073404,-1.119435564435585,-3.462879620379418,-9.681705794205788,0.05,0.18,0.16,17.31291332329735,64.01197208541458,-0.051860091457111734
1985.52,0.0,17.650000000000002,63.659417065733294,63.63930502374436,64.34188397900553,64.27638318420391,-5.583270817704442,0.0520121697090944,0.0520121697090944,0.0520121697090944,0.1279709983887949,2.948091838435483,-17.032222345685906,-0.9529762202745192,-5.285369211520049,-9.7127834793499,0.05,0.18,0.16,17.28595441672692,63.97924731317177,0.19825258162377962
1985.53,0.0,17.650000000000002,63.841271602099575,63.44461369657575,64.15361104723809,64.29777783554113,-5.433233308326766,0.051456475229918,0.051456475229918,0.051456475229918,0.1313045169176084,2.9375356964275734,-17.006665370298336,-1.4385832290366989,-1.95620775969686,-9.2922578222775,0.05,0.18,0.16,17.258998344668033,63.93431854536364,-0.3746439119837994
1985.54,0.0,17.650000000000002,63.73835322491869,63.452340645484114,63.98824975731799,64.50775844883663,-4.793225081188151,0.0509007807507432,0.0509007807507432,0.0509007807507432,0.1346380354464125,2.926979554419694,-16.981108394910837,-1.8650037453182788,1.2708589263430543,-8.969985018726884,0.05,0.18,0.16,17.232045120422914,63.921675519139356,-0.9021787760034847
1985.55,0.0,17.61775161241951,63.54989187890927,63.52087204403299,63.829770898173706,64.77438842131585,-4.013809642767706,0.0503450862715684,0.0503450862715684,0.0503450862715684,0.1379715539752165,2.9164234124118145,-16.955551419523342,-1.7002097378278245,3.478099875154593,-9.629161048688704,0.05,0.18,0.16,17.205094757375505,63.918730810607954,-0.9765958236095
1985.56,0.0,17.567754112294413,63.35804877769446,63.52100202638781,63.92885608663212,64.75759013193907,-3.630314842578256,0.05,0.05,0.05,0.1412363483249578,2.913709044974873,-16.932994026158575,-1.567717717717933,5.078063063058067,-10.20652402402374,0.05,0.18,0.16,17.182430991998153,63.891374255663365,-1.0110950451811345
1985.57,0.0,17.517756612169457,63.16519839183449,63.500758063231245,64.10465892457077,64.65637031615621,-3.360449775112416,0.05,0.05,0.05,0.1443943261664769,2.923182978499431,-16.915098818389964,-1.767917917917912,0.4234084084085507,-9.941258758758767,0.05,0.18,0.16,17.166432840957828,63.85674642394818,-0.6344632110463017
1985.58,0.0,17.467759112044497,63.09881407035176,63.30583057286432,63.99818186934673,64.39628209045225,-3.3000000000000003,0.05,0.05,0.05,0.147552304007996,2.9326569120239885,-16.897203610621357,-1.9603971028969809,-3.840287212786857,-9.673781218781528,0.05,0.18,0.16,17.1504442538628,63.69977715075376,-0.29622665047458213
1985.59,0.0,17.4177616119194,63.07192964824116,63.05634313567799,63.80353865326602,64.08657354773818,-3.3000000000000003,0.05,0.05,0.05,0.1507102818495241,2.9421308455485726,-16.879308402852697,-2.075282217782385,-4.174952547453037,-9.384070929070509,0.05,0.18,0.16,17.13446525748607,63.50459624623083,-0.3438519827879748
1985.6,0.0,17.36776411179444,63.04691908571427,62.96498180869563,63.522738116770086,64.19491823105598,-3.2767166416791578,0.05,0.05,0.05,0.1538682596910432,2.9516047790731297,-16.86141319508409,-2.159629722291488,-4.142561921437256,-9.1895246434834,0.05,0.18,0.16,17.118495878684655,63.43238931055899,-0.4049880040033428
1985.61,0.0,17.317766611669484,63.02246194285716,62.92032093913048,63.21649215403755,64.4267294111799,-3.246731634182953,0.05,0.05,0.05,0.1570262375325623,2.961078712597687,-16.843517987315483,-1.92945709281982,-0.3297022767109281,-9.975113835375833,0.05,0.18,0.16,17.10253614439955,63.39650111180127,-0.6052764877508442
1985.62,0.0,17.267769111544386,62.9144425103356,62.83002027120878,63.18907065321652,64.35453935505195,-3.333060000000033,0.05,0.05,0.05,0.1601842153740904,2.970552646122272,-16.825622779546823,-1.704760956175258,3.0875597609560352,-10.688655378486052,0.05,0.18,0.16,17.0865860816561,63.322018197453204,-0.7771720030654747
1985.63,0.0,17.217771611419426,62.77996260294364,62.72526750124031,63.24994050603603,64.18608557631887,-3.45305999999992,0.05,0.05,0.05,0.1633421932156095,2.9800265796468284,-16.807727571778216,-1.5354382470118866,2.504890438246786,-10.673715139442224,0.05,0.18,0.16,17.070645717564396,63.23531404663471,-0.6619830597755496
1985.64,0.0,17.16777411129447,62.64548269555169,62.62051473127185,63.31081035885556,64.0176317975858,-3.573059999999806,0.05,0.05,0.05,0.1665001710571286,2.989500513171386,-16.789832364009605,-1.3680622489959269,1.663323293171218,-10.601957831325022,0.05,0.18,0.16,17.05471507931922,63.14860989581622,-0.529125342588259
1985.65,0.0,17.150000000000002,62.7438069281043,62.67080315592888,63.46511880485499,63.7908024276381,-3.6830336828014416,0.05,0.05,0.05,0.1696581488986477,2.998974446695943,-16.771937156241,-1.222479919678887,-2.076636546180321,-9.894126506024932,0.05,0.18,0.16,17.03879419420049,63.16763282913156,-0.19846354689281342
1985.66,0.0,17.150000000000002,62.92563699346432,62.776704183006686,63.65294326797413,63.54303398692775,-3.790104840508564,0.05,0.05,0.05,0.1728161267401758,3.0084483802205275,-16.754041948472338,-1.1030402198351443,-5.283947039719901,-9.2387584311766,0.05,0.18,0.16,17.022883089573394,63.224579607843225,0.07597194153564987
1985.67,0.0,17.150000000000002,62.85318388978923,62.78330265802267,63.5080689789302,63.54545134521885,-3.9127148936169593,0.05,0.05,0.05,0.1759741045816949,3.017922313745085,-16.73614674070373,-1.247931551336381,-3.105580814390965,-9.113852110916913,0.05,0.18,0.16,17.006981792888823,63.17250171799024,-0.21810301018868125
1985.68,0.0,17.150000000000002,62.606927811993934,62.722027671529005,63.13579453268567,63.71887111831413,-4.048885106382938,0.05,0.05,0.05,0.179132082423214,3.027396247269642,-16.71825153293512,-1.4021305326327265,-0.8876294073563727,-9.049572393097309,0.05,0.1786986666666788,0.16,16.991090331683342,63.04590528363069,-0.5102447178015254
1985.69,0.0,17.150000000000002,62.47490829856745,62.663922090977614,62.9530065644634,63.73227097260617,-4.126301575393908,0.05,0.05,0.05,0.1822900602647421,3.036870180794226,-16.700356325166464,-1.6521930482621867,1.7380270067529584,-9.6097124281073,0.05,0.17,0.16,16.975208733579567,62.956026981653665,-0.7824751032947297
1985.7,0.0,17.150000000000002,62.38240264388039,62.606912792158845,62.835761025383285,63.69032073385274,-4.186316579144723,0.05,0.05,0.05,0.1854480381062611,3.046344114318784,-16.682461117397853,-1.8653625716421829,3.854106653376897,-10.105362571642184,0.05,0.17,0.16,16.959337026286534,62.878849298818814,-0.9990882635716769
1985.71,0.0,17.150000000000002,62.34840492933301,62.505698378378455,62.95239591867083,63.62400464666506,-4.4546963259178165,0.05,0.05,0.05,0.1886060159477803,3.0558180478433408,-16.664565909629246,-1.7008970844755276,0.7541814104175195,-9.940897084475528,0.05,0.17,0.16,16.943475237599696,62.85762596826184,-0.646406006192861
1985.7200000000005,0.0,17.150000000000002,62.3335475030994,62.39002270270251,63.14554245970773,63.54971751549702,-4.784613846538339,0.05,0.05,0.05,0.1917639937893083,3.065291981367925,-16.646670701860586,-1.574386272545658,-2.216064629261452,-9.754040581161489,0.05,0.17,0.16,16.927623395401262,62.85470754525167,-0.3233428180311151
1985.73,0.0,17.150000000000002,62.30989068870522,62.284552617079854,63.223199063360894,63.36744567493105,-4.952510617037103,0.05,0.05,0.05,0.1949219716308274,3.0747659148924824,-16.62877549409198,-1.8699774549097343,-3.744120741482524,-9.318168837675476,0.05,0.17,0.16,16.911781527660622,62.796272011019255,-0.3296795814682636
1985.74,0.0,17.150000000000002,62.28309379413977,62.18272441773115,63.25964283996991,63.14663926371176,-5.072420684486403,0.05,0.05,0.05,0.1980799494723465,3.0842398484170395,-16.610880286323372,-2.133078269567581,-4.81597649413238,-8.951147786945885,0.05,0.17,0.16,16.895949662434276,62.718025078888154,-0.3621230384486017
1985.75,0.0,17.141190791280696,62.1267304689788,62.1563,62.86422339521198,63.19075268685895,-5.307951987997052,0.05,0.05,0.05,0.2013385692333938,3.088852654942805,-16.59407205053783,-2.053058264566153,-1.0700400100030674,-9.311237809452308,0.05,0.17,0.16,16.880307318347285,62.584501637762436,-0.6702712879431203
1985.76,0.0,17.126209143798874,61.92496202735699,62.1563,62.317462281387066,63.32770432340018,-5.578019504876101,0.05,0.05,0.05,0.2047532866655232,3.085925754286694,-16.578949730481256,-1.9417391304351088,2.390434782608351,-9.679130434782277,0.05,0.17,0.16,16.86494695619274,62.43160715803606,-0.9370444936457095
1985.77,0.0,17.111227496317053,61.81462280316571,62.01611279040089,62.200650502935886,63.23631270870572,-5.755488383712019,0.05,0.05,0.05,0.2081680040976527,3.0829988536305835,-16.563827410424683,-1.5019590204901512,2.8552023988001816,-10.128905547225983,0.05,0.17,0.16,16.849587363842282,62.31692470130206,-0.7696175271462529
1985.78,0.0,17.09624584883519,61.74469173346941,61.81396829206,62.27385959152421,63.04400226704087,-5.90537596802407,0.05,0.05,0.05,0.2115827215297918,3.080071952974464,-16.548705090368067,-1.103006242197313,2.9140973782699167,-10.467850187264492,0.05,0.17,0.16,16.834228543402986,62.21913047102362,-0.5904700062065238
1985.79,0.0,17.081264201353367,61.80753051732796,61.7588199899548,62.44810098442991,62.83661900552489,-6.032187812187827,0.05,0.05,0.05,0.2149974389619212,3.077145052318353,-16.533582770311494,-1.1379625468165002,-1.340584269665448,-9.628898876403996,0.05,0.17,0.16,16.818870496989643,62.212767624309386,-0.28675752296809315
1985.8,0.0,17.06628255387155,61.91823870416859,61.75667031642392,62.65876899045673,62.62380132596718,-6.152067932067908,0.05,0.05,0.05,0.2184121563940507,3.074218151662242,-16.51846045025492,-1.1825281320329373,-5.12223555889039,-8.8199099774946,0.05,0.17,0.16,16.803513226724533,62.239369834254106,-0.030924969721370765
1985.81,0.0,17.051300906389685,61.951323277060574,61.79564730883816,62.57988824230381,62.52504941410127,-6.18,0.05,0.05,0.05,0.2218268738261898,3.071291251006123,-16.5033381301983,-1.3325656414106133,-3.711882970740235,-8.339789947486038,0.05,0.17,0.16,16.788156734737598,62.21297706057595,-0.3006248217166359
1985.82,0.0,17.036319258907863,61.95769864945383,61.84877541211517,62.40137781529303,62.46554593843101,-6.18,0.05,0.05,0.05,0.2252415912583193,3.068364350350012,-16.488215810141728,-1.48050000000013,-2.128099999996385,-7.981480000001009,0.05,0.17,0.16,16.772801023166615,62.16834945382326,-0.5692177430986151
1985.83,0.0,17.02133761142604,61.85682776119415,61.84135800995027,62.19462835820913,62.62279870646747,-6.272063015753847,0.05,0.05,0.05,0.2286563086904487,3.065437449693901,-16.473093490085155,-1.6054999999999524,1.3468999999986768,-8.95147999999963,0.05,0.17,0.16,16.75744609415694,62.12890320895526,-0.8257398497061551
1985.84,0.0,17.006355963944177,61.71629044776093,61.81154706467656,61.9774343283578,62.86022159204024,-6.392093023255988,0.05,0.05,0.05,0.2320710261225879,3.062510549037782,-16.45797117002854,-1.7048913315011798,4.357089682735724,-9.848813389957645,0.05,0.17,0.16,16.7420919498617,62.09137335820888,-1.0363266611865998
1985.85,0.0,16.991374316462355,61.55024694239268,61.73340502215644,62.14117775480101,62.82959394386983,-6.443007744191873,0.05,0.05,0.05,0.2354857435547173,3.059583648381671,-16.442848849971966,-1.525026230327231,2.298633524856088,-9.953734698975785,0.05,0.17,0.16,16.726738592441937,62.06360591580499,-0.7460000162799705
1985.86,0.0,16.976392668980534,61.374284362382944,61.63646755292952,62.45306352535718,62.69472442146717,-6.472985261054198,0.05,0.05,0.05,0.2389004609868467,3.05665674772556,-16.427726529915393,-1.3814553638407543,0.1673893473391604,-9.997599399850465,0.05,0.17,0.16,16.711386024066403,62.039634965534205,-0.4695331528181205
1985.87,0.0,16.96141102149867,61.393189085350535,61.507897447133466,62.51249414012728,62.528812662420016,-6.388079999999861,0.05,0.05,0.05,0.2423151784189859,3.053729847069441,-16.412604209858777,-1.6415203800953933,-2.7733458364632906,-9.362440610151635,0.05,0.17,0.16,16.696034246911722,61.98559833375783,-0.34720385875845117
1985.88,0.0,16.946429374016848,61.50005277961785,61.36504903949043,62.45797184713376,62.34888909554138,-6.268080000000031,0.05,0.05,0.05,0.2457298958511153,3.05080294641333,-16.397481889802204,-1.872950287284472,-5.20542842867606,-8.80031976018005,0.05,0.17,0.16,16.68068326316253,61.917990690445855,-0.25709641147766304
1985.89,0.0,16.931447726535026,61.42173378944722,61.332260070689216,62.14240161575389,62.29339992931079,-6.262968515742108,0.05,0.05,0.05,0.2491446132832448,3.047876045757219,-16.38235956974563,-1.7880139895078848,-2.017819135648857,-9.045136147889036,0.05,0.17,0.16,16.665333075011283,61.79744885130028,-0.5229821388425253
1985.9,0.0,16.916466079053205,61.27370046452933,61.34090435243624,61.72855662711485,62.28475564756376,-6.292953523238355,0.05,0.05,0.05,0.2525593307153742,3.044949145101108,-16.367237249689058,-1.7003168316833108,1.0629133663343833,-9.324871287127904,0.05,0.17,0.16,16.649983684658444,61.656979272911045,-0.7715427217124702
1985.91,0.0,16.90148443157134,61.20527001237927,61.26562977469662,61.52462593711304,62.22248104976472,-6.368832791802169,0.05,0.05,0.05,0.2559740481475134,3.042022244444989,-16.35211492963244,-1.5815049504950616,2.939150990098818,-9.998138613861318,0.05,0.17,0.16,16.634635094312447,61.55450169348842,-0.8248499890143909
1985.92,0.0,16.88650278408952,61.16394295122556,61.16178228769499,61.39216740777422,62.14194626392673,-6.458810297425693,0.05,0.05,0.05,0.2593887655796428,3.039095343788878,-16.336992609575866,-1.4525177664979725,4.439951776657342,-10.60752284264025,0.05,0.17,0.16,16.619287306189896,61.46495972765537,-0.8453688841580606
1985.93,0.0,16.871521136607697,61.11071523595512,61.21567675905106,61.6051594307112,62.08964100374537,-6.548719101123552,0.05,0.05,0.05,0.2628034830117722,3.036168443132767,-16.321870289519293,-1.168253807107372,0.2115253807221595,-10.24204060913805,0.05,0.17,0.16,16.603940322515346,61.50529810736569,-0.36553188871141795
1985.94,0.0,16.856539489125833,61.05300737078648,61.32895516104875,61.94820062921367,62.04796310112357,-6.638606741573145,0.05,0.05,0.05,0.2662182004439114,3.0332415424766475,-16.306747969462677,-0.9268894986279546,-3.670626091294269,-9.869830381641622,0.05,0.17,0.16,16.588594145521462,61.59453156554312,0.0628734279266743
1985.95,0.0,16.83312200479238,61.16087874092009,61.198906489104125,62.01361847941889,61.87289560290557,-6.66,0.05,0.05,0.05,0.2696329178760409,3.0303146418205364,-16.291625649406104,-1.111474183087919,-4.114627089049318,-9.430818159142248,0.05,0.17,0.16,16.573248777449194,61.56157482808717,-0.019384427012658863
1985.96,0.0,16.803169928115086,61.33187147699751,60.97609777239719,61.97320201452786,61.64697792736087,-6.66,0.05,0.05,0.05,0.2704353658536574,3.0317414634146296,-16.277374390243935,-1.3022406015035597,-4.14801503759733,-9.050060150375758,0.05,0.17,0.16,16.55951414227667,61.48203729782085,-0.13759915284987073
1985.9700000000005,0.0,16.77321785143771,61.18549995882603,60.97560483787976,61.68941654143008,61.79929777663467,-6.614307116104766,0.05,0.05,0.05,0.2709231707317071,3.0336926829268287,-16.263228048780494,-1.557879699248487,0.1276741854697878,-9.280636591479029,0.05,0.17,0.16,16.545974653235866,61.412454778692634,-0.6331543744363513
1985.98,0.0,16.743265774760417,60.87490809058132,61.09014935666504,61.27969960885196,62.14733689140533,-6.554382022471874,0.05,0.05,0.05,0.2714109756097554,3.0356439024390216,-16.249081707317092,-1.772541822721453,4.006784019975004,-9.515727840199965,0.05,0.17,0.16,16.532436425136,61.34802348687591,-1.0730276896513526
1985.99,0.0,16.713313698083123,60.74609564000002,60.9725204800001,61.1595094,62.06614180000012,-6.54,0.05,0.05,0.05,0.2718987804878037,3.037595121951215,-16.234935365853694,-1.5827790262172938,3.971827715355817,-9.795378277153462,0.05,0.17,0.16,16.51889946107729,61.236066830000055,-0.9633447985239507
1986.0,0.0,16.683361621405748,60.68938563999994,60.76280047999981,61.15415939999999,61.81469179999976,-6.54,0.05,0.05,0.05,0.2723865853658533,3.0395463414634136,-16.220789024390253,-1.4176170212767092,3.4941802252749574,-10.026252816019673,0.05,0.17,0.16,16.50536376416982,61.105259329999875,-0.8232723794042073
1986.01,0.0,16.653409544728454,60.711576425893526,60.55158615346164,61.34029248687828,61.61460400899775,-6.494388597149296,0.05,0.05,0.05,0.2728743902439017,3.041497560975607,-16.20664268292685,-1.5027234042552848,-1.4870463078828533,-9.760921151439408,0.05,0.17,0.16,16.491829337533723,61.0545147688078,-0.3740416894888288
1986.02,0.0,16.62345746805116,60.76506305423639,60.33977910522386,61.60237696575835,61.434888937765706,-6.434373593398396,0.05,0.05,0.05,0.27336219512195,3.0434487804878003,-16.19249634146345,-1.597917602995875,-5.864821473161628,-9.51218976279667,0.05,0.17,0.16,16.478296184298962,61.035527015746084,0.011564511214871454
1986.03,0.0,16.593505391373785,60.84209149763283,60.35583049090472,61.61741781709432,61.38833862945428,-6.397190702324379,0.05,0.05,0.05,0.2738499999999997,3.045399999999999,-16.17835000000001,-1.7926741573036056,-4.286794007488735,-9.42729588014971,0.05,0.17,0.16,16.464764307605506,61.05091960877154,-0.23077533379484985
1986.04,0.0,16.56355331469649,60.9284807326191,60.46248386743098,61.53422818340383,61.394737832045855,-6.367198200449872,0.05,0.05,0.05,0.274337804878048,3.0473512195121923,-16.164203658536607,-1.956558197746984,-2.4552590738364195,-9.389429286608848,0.05,0.17,0.16,16.451233710603468,61.07998265387494,-0.4819911607997319
1986.05,0.0,16.55,60.70421759568207,60.53521114818449,61.17500184494606,61.4650926005888,-6.314456928838982,0.05,0.05,0.05,0.2748256097560963,3.049302439024385,-16.15005731707321,-1.8063704630789088,1.955254067582708,-9.829979974968534,0.05,0.17,0.16,16.437704396452922,60.969880797350356,-0.8235039890009637
1986.06,0.0,16.55,60.352451157997685,60.59401389597651,60.7024797644745,61.56169711481855,-6.254531835205919,0.05,0.05,0.05,0.275313414634146,3.0512536585365844,-16.135910975609765,-1.6539241138291128,5.740449326009026,-10.24515726410398,0.05,0.17,0.16,16.424176368324048,60.80266048331681,-1.1030754810997667
1986.07,0.0,16.55,60.19565123595505,60.56202404494381,60.79343258426971,61.526009887640434,-6.217280679830031,0.05,0.05,0.05,0.2758012195121943,3.0532048780487773,-16.121764634146366,-1.4791862206689366,3.3540289565643326,-10.40991013479786,0.05,0.17,0.16,16.4106496293973,60.769279438202254,-0.771312916879073
1986.08,0.0,16.55,60.13444592441269,60.48551740551586,61.16066445352389,61.425458304392265,-6.187288177955524,0.05,0.05,0.05,0.2762890243902426,3.0551560975609706,-16.107618292682965,-1.3066265965439867,0.8309541697980521,-10.532807412972774,0.05,0.17,0.16,16.397124182863205,60.80152152196117,-0.432406404181352
1986.09,0.0,16.55,60.25135387080654,60.30998472709026,61.26606,61.181136184275886,-6.225420000000069,0.05,0.05,0.05,0.2767768292682923,3.0571073170731693,-16.093471951219524,-1.156363636363481,-3.0909090909131445,-10.227272727272412,0.05,0.17,0.16,16.383600031922523,60.75213369554317,-0.020374755947871137
1986.1,0.0,16.55,60.4399567751629,60.094591637456006,61.26606,60.878942894341264,-6.285419999999983,0.05,0.05,0.05,0.2772646341463406,3.059058536585362,-16.079325609756122,-1.0343124532068286,-6.373908160719888,-9.910294484652026,0.05,0.17,0.16,16.370077179786392,60.669887826740045,0.31401954984955627
1986.11,0.0,16.55,60.5065245332002,60.06784376435348,61.100825931103294,60.8466680778832,-6.254580000000036,0.05,0.05,0.05,0.2777524390243889,3.061009756097556,-16.06517926829272,-1.1890416770651004,-3.389131519840968,-9.481045670077464,0.05,0.17,0.16,16.35655562967615,60.630465576635046,-0.11327142283939565
1986.12,0.0,16.55,60.52468728906644,60.11592164752883,60.870052091861616,60.92145589615596,-6.194579999999866,0.05,0.05,0.05,0.2782402439024386,3.0629609756097547,-16.05103292682928,-1.3424787180774898,-0.3615973960848992,-9.14838257386254,0.05,0.17,0.16,16.343035384823494,60.60802923115321,-0.5299573822119495
1986.13,0.0,16.55,60.39448894550335,60.08801545469875,60.776531840728815,60.94549435464823,-6.210259826782199,0.05,0.05,0.05,0.2787280487804869,3.064912195121948,-16.03688658536588,-1.482689033550567,3.1036004006068687,-9.804366549825868,0.05,0.17,0.16,16.329516448470617,60.55113264889478,-0.8380909018977034
1986.14,0.0,16.55,60.204571618019216,60.029523806310095,60.73825952758562,60.94910495022777,-6.25023317788142,0.05,0.05,0.05,0.2792158536585352,3.066863414634141,-16.02274024390248,-1.6026491885142962,5.939428214729013,-10.389892634207158,0.05,0.17,0.16,16.315998823870018,60.48036497553567,-1.0846428430771438
1986.15,0.0,16.533630671371128,60.01465429053508,59.97103215792144,60.69998721444243,60.95271554580732,-6.290206528980641,0.05,0.05,0.05,0.2797036585365835,3.0688146341463343,-16.008593902439078,-1.5227490636704395,2.5636479400760708,-10.280029962546854,0.05,0.17,0.16,16.30248251428472,60.409597302176564,-0.723411379004901
1986.16,0.0,16.503814043631667,59.97671080310234,59.89137207905921,60.667928126094544,60.71846789091791,-6.254733949537794,0.05,0.05,0.05,0.280535215108745,3.0667887093475303,-15.995004658985048,-1.459857321652212,-0.7689787234081152,-10.165662077596782,0.05,0.17,0.16,16.28877119477252,60.313619724793504,-0.3730607475192449
1986.17,0.0,16.473997415892295,59.98956044033025,59.80463702777079,60.63794563922941,60.40472258193631,-6.194778915813144,0.05,0.05,0.05,0.281898820481349,3.0586070771119065,-15.98227767550741,-1.5699949937421334,-3.662595744679688,-10.005461827284169,0.05,0.17,0.16,16.27475787513198,60.209216422316686,-0.13340283190993213
1986.18,0.0,16.44418078815292,60.00557546972338,59.67971527535523,60.599242292549256,60.425118923498495,-6.18,0.05,0.05,0.05,0.283262425853953,3.050425444876282,-15.969550692029772,-1.665864135864226,-5.922827172835184,-9.861378621378591,0.05,0.17,0.16,16.260746671108247,60.177412990281596,0.04762413487498134
1986.19,0.0,16.414364160413463,60.02264000996761,59.54213241963617,60.55764747570395,60.55630257662597,-6.18,0.05,0.05,0.05,0.2846260312265609,3.042243812640635,-15.9568237085521,-1.6209090909090678,-1.9318181818161195,-9.876363636363644,0.05,0.17,0.16,16.246737588174817,60.169680620483426,-0.3500108715348806
1986.2,0.0,16.384547532674087,59.87076170480273,59.64799507669087,60.42443302992214,60.72202163439768,-6.18,0.05,0.05,0.05,0.2859896365991649,3.034062180405011,-15.94409672507446,-1.589909909909924,1.888288288288556,-9.93549549549556,0.05,0.17,0.16,16.232730631823355,60.16630286145336,-0.7278803442930434
1986.21,0.0,16.354730904934712,59.660905028916446,59.83740417902926,60.25977625345752,60.899592667839926,-6.18,0.05,0.05,0.05,0.2873532419717689,3.0258805481693867,-15.931369741596823,-1.7000200200199127,3.980380380378339,-10.441001001000508,0.05,0.17,0.16,16.218725807563562,60.16441953231079,-0.9058983101404531
1986.2200000000005,0.0,16.324914277195255,59.53313970112064,59.70148707845542,60.29374260523053,60.747086814445424,-6.270209790209899,0.05,0.05,0.05,0.2887168473443768,3.01769891593374,-15.91864275811915,-1.767832167831876,5.501338661335225,-10.877482517482314,0.05,0.17,0.16,16.204723120923337,60.068864049813,-1.0207692143843
1986.23,0.0,16.29509764945588,59.43186946450798,59.46057051556637,60.39181483437121,60.488048209215165,-6.39008991008981,0.05,0.05,0.05,0.2900804527169808,3.0095172836981154,-15.905915774641512,-1.4181818181816377,1.3854545454524183,-10.632727272727148,0.05,0.17,0.16,16.190722577448973,59.94307575591519,-0.512406075846105
1986.24,0.0,16.265281021716504,59.48402859355485,59.39117675743192,60.2820304771421,60.29725371971018,-6.352438109527538,0.05,0.05,0.05,0.2914440580895848,3.001335651462491,-15.893188791163874,-1.1162162162162397,-2.4672072072073594,-10.366756756756695,0.05,0.17,0.16,16.176724182704994,59.86362238695976,-0.05063792395433875
1986.25,0.0,16.25,59.587740809393175,59.37941557831624,60.10240519610254,60.1293896177863,-6.262415603900933,0.05,0.05,0.05,0.2928076634621927,2.993154019226844,-15.8804618076862,-1.2963963963967329,-3.658398398400622,-9.88627627627538,0.05,0.17,0.16,16.162727942274348,59.79973780039956,-0.05999685926406188
1986.26,0.0,16.25,59.59882758293837,59.39876987777503,59.98359040159632,60.17623951110012,-6.307556221889073,0.05,0.05,0.05,0.2941712688347968,2.98497238699122,-15.867734824208563,-1.4613782771535695,-4.412429463168323,-9.469295880149971,0.05,0.17,0.16,16.148733861758608,59.78935684335245,-0.10009938701828955
1986.27,0.0,16.25,59.57854322274883,59.428662619106994,59.88537139436274,60.29581047642797,-6.397511244377815,0.05,0.05,0.05,0.2955348742074007,2.976790754755596,-15.855007840730927,-1.4763595505617926,-0.8518801498139617,-9.679033707865097,0.05,0.17,0.16,16.134741946777776,59.79709692816163,-0.4436278054175731
1986.28,0.0,16.25,59.43324727272714,59.41407570247932,59.904648595041365,60.34251735537192,-6.375011247188068,0.05,0.05,0.05,0.2968984795800086,2.968609122519948,-15.842280857253254,-1.5056860290438114,2.4572258387591925,-9.88254882323505,0.05,0.1686928799149621,0.16,16.120752202970507,59.77362223140493,-0.7667693734371831
1986.29,0.0,16.25,59.24459713498639,59.38406318056602,59.96467363886797,60.36395487102427,-6.3150262434390525,0.05,0.05,0.05,0.2982620849526126,2.9604274902843244,-15.829553873775616,-1.6809489233851582,3.208352528793536,-10.022759138708128,0.05,0.16,0.16,16.10676463599428,59.739322206361166,-0.8825117540676326
1986.3,0.0,16.25,59.05615814953772,59.171246161540864,60.075730352587925,60.18177139284865,-6.412453113278279,0.05,0.05,0.05,0.2996256903252167,2.9522458580487,-15.816826890297978,-1.8196703296704528,3.539313186815305,-10.126898101898242,0.05,0.16,0.16,16.092779251525254,59.62122651412879,-0.9477513814696055
1986.31,0.0,16.25,58.86779105776435,58.89618739684908,60.204162460615215,59.93025851462854,-6.562490622655742,0.05,0.05,0.05,0.3009892956978245,2.9440642258130527,-15.804099906820303,-1.59989010988999,-0.2518956043976739,-9.877147852147717,0.05,0.16,0.16,16.07879605525844,59.4745998574643,-0.5175180515183545
1986.32,0.0,16.25,58.9543177255872,58.83909790358467,60.106391619283016,59.83964445488256,-6.488031848718676,0.05,0.05,0.05,0.3023529010704285,2.935882593577429,-15.791372923342667,-1.4049824824824273,-3.642022022022666,-9.656341341341273,0.05,0.16,0.16,16.06481505290791,59.434862925834366,-0.13296312459242599
1986.33,0.0,16.25,59.13419411619287,58.85602744622992,59.93180571075397,59.803669176761424,-6.3387409803435775,0.05,0.05,0.05,0.3037165064430326,2.927700961341805,-15.77864593986503,-1.4600375375375,-3.001381381381821,-9.726411411411364,0.05,0.16,0.16,16.05083625020662,59.43142411248454,-0.20746352972109375
1986.34,0.0,16.25,59.19941928607345,58.876279286073455,59.65538345902391,59.90279500251417,-6.3,0.05,0.05,0.05,0.3050801118156405,2.919519329106157,-15.765918956387356,-1.5117788461538908,-2.165180288455139,-9.817572115385309,0.05,0.16,0.16,16.036859652906614,59.40846925842125,-0.2979943716380168
1986.35,0.0,16.235365488316354,59.22093763700354,58.89779763700355,59.34013961789806,60.05342345902481,-6.3,0.05,0.05,0.05,0.3064437171882445,2.9113376968705333,-15.753191972909718,-1.5310096153846349,0.5896274038489397,-10.11564903846184,0.05,0.16,0.16,16.022885266779223,59.3780745877325,-0.5457967960923111
1986.36,0.0,16.20540742959859,59.1180548148148,58.872588888888885,59.27403703703704,59.96018444444442,-6.3,0.05,0.05,0.05,0.3078073225608485,2.903156064634909,-15.74046498943208,-1.5483072916667078,3.302513020833515,-10.412669270833268,0.05,0.16,0.16,16.00891309761489,59.306216296296284,-0.7887507582858231
1986.37,0.0,16.175449370880738,58.97031986898436,58.83053295540431,59.29776089695142,59.77902042328009,-6.3,0.05,0.05,0.05,0.3091709279334564,2.8949744323992617,-15.727738005954407,-1.4128906249998647,2.703554687499402,-10.626210937500211,0.05,0.16,0.16,15.994943151223369,59.21940853615504,-0.6486762018683089
1986.38,0.0,16.145491312162974,58.79142120059272,58.79306056324107,59.414771798419096,59.61876063735165,-6.34471232876717,0.05,0.05,0.05,0.3083047274103334,2.889576181852584,-15.714278455009875,-1.2812212787213193,1.8744605394618588,-10.7580869130872,0.05,0.16,0.16,15.980714930104375,59.15450354990113,-0.49828888631433926
1986.39,0.0,16.11553325344521,58.60216230731227,58.75711194664032,59.562795513833976,59.46545036067195,-6.404488169364815,0.05,0.05,0.05,0.3039800524366911,2.888495013109173,-15.699682676973833,-1.1863161838162546,-1.2124525474502468,-10.088756243756745,0.05,0.16,0.16,15.966084162082707,59.09688003211463,-0.2467250419307654
1986.4,0.0,16.085575194727447,58.6659685986939,58.68012527373192,59.54861917629342,59.45631649422394,-6.353371657085925,0.05,0.05,0.05,0.2996553774630487,2.887413844365762,-15.68508689893779,-1.1240125156442395,-3.904015018774994,-9.449644555695018,0.05,0.16,0.16,15.951454575715266,59.0877573857358,-0.04264609318824589
1986.41,0.0,16.055617136009595,58.82504443997991,58.58768931190357,59.47338060271221,59.50145963837267,-6.263394151462147,0.05,0.05,0.05,0.2953307024893942,2.8863326756223486,-15.670491120901708,-1.389344180225259,-2.6224130162704475,-9.114225281602032,0.05,0.16,0.16,15.936826174256199,59.09689349824209,-0.31577722827060395
1986.42,0.0,16.02565907729183,58.8108090236025,58.54368757763976,59.243878032298205,59.64870276273288,-6.24,0.05,0.05,0.05,0.2910060275157519,2.885251506878938,-15.655895342865664,-1.6392860708934895,-1.1972041937142517,-8.883359960058566,0.05,0.16,0.16,15.922198960971455,59.061769349068335,-0.5828498794333513
1986.43,0.0,15.995701018574067,58.73424753291926,58.51710372670808,58.958899150310586,59.8326630111801,-6.24,0.05,0.05,0.05,0.2866813525421096,2.884170338135528,-15.64129956482962,-1.739136295556447,1.6285571642474568,-9.672176734895933,0.05,0.16,0.16,15.907572939138623,59.01072835527951,-0.7908360261392062
1986.44,0.0,15.965742959856216,58.5096822488751,58.45329469265354,58.80418410794585,59.67871580209849,-6.306514886164647,0.05,0.05,0.05,0.282356677568455,2.8830891693921137,-15.626703786793536,-1.821889862327892,4.0373466833538325,-10.38549436795994,0.05,0.16,0.16,15.892948112047085,58.86146921289324,-0.9611484690400707
1986.45,0.0,15.95,58.22841288355821,58.37522372813592,58.69937651174412,59.39530750624686,-6.396582436827601,0.05,0.05,0.05,0.2780320025948127,2.882008000648703,-15.612108008757492,-1.731777221526919,2.230087609512095,-10.33543178973718,0.05,0.16,0.16,15.878324482998194,58.674580157421275,-0.7505379067960773
1986.46,0.0,15.95,58.12839243188702,58.200727023209176,58.85967210898046,59.2315483955602,-6.4645001252818,0.05,0.05,0.05,0.2737073276211704,2.8809268319052928,-15.59751223072145,-1.641685393258472,0.3391760299639034,-10.296004993757771,0.05,0.16,0.16,15.863702055305081,58.605084989909216,-0.529626237651866
1986.4700000000005,0.0,15.95,58.09816034308779,57.98910240161453,59.12204345105955,59.11385919273461,-6.524635429716865,0.05,0.05,0.05,0.2693826526475157,2.879845663161879,-15.582916452685367,-1.5517977528088778,-2.372434456932187,-10.36092384519359,0.05,0.16,0.16,15.849080832292831,58.58079134712412,-0.20765235756627493
1986.48,0.0,15.95,58.13420178217818,57.97171009900987,59.19026,59.06130910891091,-6.495463609172544,0.05,0.05,0.05,0.2650579776738735,2.8787644944184683,-15.568320674649325,-1.4672959439158697,-4.632238357535976,-10.385748622934347,0.05,0.16,0.16,15.83446081729866,58.58937024752474,0.05946458177884337
1986.49,0.0,15.95,58.19352851485143,58.02256158415837,59.19026,59.03164574257429,-6.435643070787756,0.05,0.05,0.05,0.2607333027002312,2.877683325675058,-15.55372489661328,-1.4372508763144958,-2.323775663497096,-10.00517776665028,0.05,0.16,0.16,15.819842013671725,58.60949896039602,-0.22808310190780054
1986.5,0.0,15.95,58.23187968253971,58.093478458049965,58.921619637187824,59.15377809523828,-6.375689999999964,0.05,0.05,0.05,0.2564086277265766,2.876602156931644,-15.539129118577195,-1.41,0.0002945581655739,-9.682750873689743,0.05,0.16,0.16,15.805224424773288,58.600188968253946,-0.5093926292793436
1986.51,0.0,15.95,58.26207368606702,58.17219853867472,58.54850802217186,59.3349421164021,-6.315689999999964,0.05,0.05,0.05,0.2520839527529342,2.8755209881882338,-15.524533340541154,-1.41,2.47658012980693,-9.927383924113991,0.05,0.16,0.16,15.79060805397691,58.57943059082892,-0.7298633633333077
1986.52,0.0,15.95,58.18034175960357,58.11188350433714,58.32733509789357,59.18235923667928,-6.344376564847265,0.05,0.05,0.05,0.2477592777792919,2.874439819444824,-15.509937562505112,-1.4041412118177172,4.506915373059237,-10.1189033550325,0.05,0.16,0.16,15.775992904668241,58.450479899628384,-0.9100332088915495
1986.53,0.0,15.95,58.05835910780653,58.001568758364165,58.160802260222816,58.909754527880665,-6.404466700050183,0.05,0.05,0.05,0.2434346028056374,2.8733586507014093,-15.495341784469026,-1.3390435653478892,2.028197295938861,-9.77338507761572,0.05,0.16,0.16,15.761378980245208,58.28262116356854,-0.68271629299353
1986.54,0.0,15.95,57.89452805044125,57.79297547036555,58.22467095081976,58.73754988146271,-6.442222777222786,0.05,0.05,0.05,0.239109927831995,2.872277481957999,-15.480746006432984,-1.2790711610486785,-0.4605692883923052,-9.469288389513215,0.05,0.16,0.16,15.746766284118197,58.162431088272314,-0.4498069673056758
1986.55,0.0,15.938849531031735,57.714260711223226,57.5457825321564,58.37903160655736,58.60477812862549,-6.472192807192764,0.05,0.05,0.05,0.2347852528583527,2.8711963132145883,-15.46615022839694,-1.2690836454431964,-3.047335830212164,-9.569163545568038,0.05,0.16,0.16,15.732154819709839,58.060963244640625,-0.16235661280174965
1986.56,0.0,15.913904410297308,57.70591941514631,57.48512072981755,58.54968006998284,58.51222445388638,-6.346956521738986,0.05,0.05,0.05,0.2304605778846981,2.8701151444711748,-15.451554450360858,-1.274939969985272,-5.152811405698227,-9.637363681840498,0.05,0.16,0.16,15.717544590455221,58.06323616720827,0.06493303058713695
1986.57,0.0,15.888959289562948,57.75940604348919,57.4915391252187,58.72618594351432,58.43413397650578,-6.167046476761503,0.05,0.05,0.05,0.2309164102564082,2.8667925641025715,-15.436253846153878,-1.440022511255699,-2.4214457228602546,-9.387238619309548,0.05,0.16,0.16,15.701902903693549,58.102816272182,-0.31237585374489907
1986.58,0.0,15.864014168828588,57.71854225943512,57.65756696825801,58.427794741314514,58.59978206448396,-6.009141856392256,0.05,0.05,0.05,0.2319420512820483,2.863202820512831,-15.420869230769275,-1.5977716712464969,0.2876642518091437,-9.232687984011353,0.05,0.16,0.16,15.686138318242389,58.100921508372906,-0.67044371084075
1986.59,0.0,15.839069048094156,57.64366097975488,57.88114107473185,57.95818214446277,58.8533086828299,-5.859029271953572,0.05,0.05,0.05,0.2329676923076913,2.8596130769230803,-15.40548461538463,-1.682707969023325,2.775798151389174,-10.027092180865218,0.05,0.16,0.16,15.670373866957393,58.08407322044485,-0.8374681445029251
1986.6,0.0,15.814123927359796,57.59314463268361,57.8375965867065,57.89241416791612,58.67710810594669,-5.842177822177859,0.05,0.05,0.05,0.2339933333333315,2.85602333333334,-15.390100000000029,-1.7446770155232607,4.770045067600975,-10.714847270906304,0.05,0.16,0.16,15.654609550243972,58.00006587331323,-0.9615636905303369
1986.61,0.0,15.789178806625436,57.5514354872564,57.69749663668173,57.97262406296847,58.34557387306366,-5.872147852147837,0.05,0.05,0.05,0.2350189743589716,2.8524335897436,-15.374715384615426,-1.5744216324488096,1.7705458187304997,-10.324261392088443,0.05,0.16,0.16,15.638845368509037,57.891782514992556,-0.6516004838122588
1986.62,0.0,15.764233685891003,57.42465451829702,57.42179532486885,58.01588265870056,58.1681263181477,-5.946370222333355,0.05,0.05,0.05,0.2360446153846147,2.848843846153849,-15.35933076923078,-1.416749063670374,-1.150164794009814,-9.939348314606386,0.05,0.16,0.16,15.623081322161134,57.75761470500353,-0.3531970488832056
1986.63,0.0,15.739288565156649,57.26696470002477,57.09682644261863,58.04571586756288,58.04666253920828,-6.03630277292033,0.05,0.05,0.05,0.2370702564102548,2.8452541025641085,-15.34394615384618,-1.381792759051187,-3.3024744069912013,-9.609760299625478,0.05,0.16,0.16,15.607317411610596,57.61404238735364,-0.16753246356039056
1986.64,0.0,15.714343444422289,57.23219977176393,57.08232860123895,58.00485071405285,58.09369315943914,-6.045262631315664,0.05,0.05,0.05,0.2380958974358949,2.841664358974368,-15.328561538461576,-1.3522534860557485,-4.98597609562101,-9.304591633466204,0.05,0.16,0.16,15.591553637269268,57.603268061623716,-0.028739783882690897
1986.65,0.0,15.7,57.24406152592107,57.18559563743053,57.9371689403327,58.20463544832063,-6.0252526263131685,0.05,0.05,0.05,0.239121538461535,2.8380746153846275,-15.313176923076975,-1.3771538844620914,-1.9580876494097104,-9.24483067729098,0.05,0.16,0.16,15.575789999550715,57.64286538800123,-0.36099680790408656
1986.66,0.0,15.7,57.25592328007825,57.28886267362239,57.86948716661235,58.31557773720243,-6.005242621310616,0.05,0.05,0.05,0.2401471794871781,2.834484871794877,-15.29779230769233,-1.4061813186812615,0.9782417582402906,-9.231620879120491,0.05,0.16,0.16,15.56002649887012,57.68246271437886,-0.6780741417254862
1986.67,0.0,15.7,57.16957331464984,57.30624216560513,57.70140229808943,58.27531104203835,-5.9557642357642,0.05,0.05,0.05,0.2411728205128182,2.830895128205136,-15.282407692307729,-1.4811063936063125,2.8963236763215985,-9.736116383615837,0.05,0.16,0.16,15.544263135644485,57.61313220509568,-0.8263349208853561
1986.68,0.0,15.7,57.03217713630595,57.27898101910832,57.48113223439525,58.15645244331229,-5.895824175824245,0.05,0.05,0.05,0.2421984615384583,2.827305384615396,-15.267023076923126,-1.5487845998993677,4.405576245600923,-10.210938600905694,0.05,0.16,0.1588713195201741,15.528499910292368,57.48718570828045,-0.93414121302833
1986.69,0.0,15.7,57.00674077134988,57.125309526671465,57.53482931630371,58.07254866516397,-5.990427606901839,0.05,0.05,0.05,0.2432241025641014,2.823715641025645,-15.25163846153848,-1.5336864620030102,1.2450327126301306,-10.34682184197291,0.05,0.16,0.15,15.512736823234023,57.43485706987225,-0.5798617807885874
1986.7,0.0,15.7,57.03032203856751,56.91629374906068,57.70847319308805,58.003948615076325,-6.140465116279089,0.05,0.05,0.05,0.2442497435897415,2.8201258974359047,-15.236253846153875,-1.5064594257178792,-1.7582072409485434,-10.470466916354557,0.05,0.16,0.15,15.496973874891545,57.41475939894814,-0.23971833013279595
1986.71,0.0,15.7,57.06513498247372,56.89907226840261,57.7734739108663,57.84472508763142,-6.135865168539377,0.05,0.05,0.05,0.2452753846153816,2.8165361538461644,-15.220869230769276,-1.3616404494383891,-3.2363595505598908,-10.475460674157295,0.05,0.16,0.15,15.481211065688617,57.395601562343515,-0.036625866695726
1986.7200000000005,0.0,15.7,57.10478445668511,56.96444032048085,57.79169123685532,57.64647771657446,-6.075940074906314,0.05,0.05,0.05,0.2463010256410247,2.812946410256414,-15.20548461538463,-1.2336436436436615,-4.289874874873456,-10.42534534534508,0.05,0.16,0.15,15.465448396050629,57.376848432648934,0.10832194991423294
1986.73,0.0,15.7,57.06658620621111,56.98839884720498,57.61199431552772,57.72325836521756,-6.037963472604447,0.05,0.05,0.05,0.2473266666666648,2.809356666666673,-15.190100000000028,-1.2736836836836574,-1.1016866866887862,-9.82474474474514,0.05,0.16,0.15,15.449685866404849,57.34755943354034,-0.32753774958650655
1986.74,0.0,15.7,56.99534148571431,56.99477897142857,57.34828251428581,57.91678879999993,-6.007940955716794,0.05,0.05,0.05,0.2483523076923049,2.805766923076933,-15.174715384615428,-1.3230069930067567,1.9038111888091207,-9.29393606393581,0.05,0.16,0.1513418530351424,15.433923477180159,57.31379794285716,-0.7369559377075435
1986.75,0.0,15.687890430096823,56.82638677073139,56.91614567804861,57.27431747804879,57.87611209756076,-6.0,0.05,0.05,0.05,0.249377948717948,2.8021771794871824,-15.15933076923078,-1.4628671328672498,3.127587412588434,-9.44378621378634,0.05,0.16,0.16,15.418161228807168,57.22324050609739,-0.8884983105401794
1986.76,0.0,15.65795329807409,56.61343067317059,56.799228604877975,57.28580040487806,57.72996575609746,-6.0,0.05,0.05,0.05,0.2507678423337692,2.7990401970827885,-15.14328137957952,-1.5836220275343909,3.950713391738442,-9.581366708385488,0.05,0.16,0.16,15.401833705009082,57.10710635975602,-0.9938205705229772
1986.77,0.0,15.628016166051358,56.53028980605121,56.70399505042674,57.317544173778096,57.59234408068278,-6.15420644838764,0.05,0.05,0.05,0.2527191570320454,2.7966010537099435,-15.126207375969605,-1.513534418022623,0.7717396745975273,-9.596385481852296,0.05,0.16,0.16,15.384634997515535,57.036043277734706,-0.6374496153427611
1986.78,0.0,15.59807903402854,56.5203285958107,56.62098496508916,57.36070941815363,57.45952794414266,-6.364153961509791,0.05,0.05,0.05,0.254670471730327,2.7941619103370914,-15.109133372359638,-1.453269230769227,-2.2090109890108733,-9.617005494505486,0.05,0.16,0.16,15.367436646822451,56.990387730799036,-0.3041414924390749
1986.79,0.0,15.568141902005808,56.567611448412656,56.45793644841281,57.29396099206355,57.3455375396826,-6.397985503624094,0.05,0.05,0.05,0.2566217864286031,2.7917227669642464,-15.092059368749725,-1.4882342657342509,-3.267952047951596,-9.691930569430538,0.05,0.16,0.16,15.350238654129214,56.9162616071429,-0.19443184504027528
1986.8,0.0,15.538204769983077,56.63873248015861,56.26155748015906,57.18144115079384,57.239386746031926,-6.3679930017495865,0.05,0.05,0.05,0.2585731011268792,2.7892836235914014,-15.074985365139808,-1.5300700350174172,-3.930645322664052,-9.758626813406716,0.05,0.16,0.16,15.333041020640392,56.83027946428586,-0.12947814953897252
1986.81,0.0,15.50826763796026,56.58864189876597,56.22150336942838,57.04021207756219,57.36637372953937,-6.294034474144287,0.05,0.05,0.05,0.2605244158251608,2.786844480218549,-15.057911361529843,-1.640125062531348,-0.6590095047499296,-9.743619309654816,0.05,0.16,0.16,15.315843747565957,56.80418276882398,-0.5089045884565185
1986.82,0.0,15.478330505937526,56.48409392596312,56.25168216570137,56.88608465373944,57.59810377234979,-6.204101923557313,0.05,0.05,0.05,0.262475730523437,2.784405336845704,-15.040837357919926,-1.7316791604198272,2.405689655171987,-9.7910194902546,0.05,0.16,0.16,15.298646836121433,56.80499112943843,-0.8511553309234203
1986.83,0.0,15.448393373914794,56.41289701980199,56.20462363861387,56.82785202475248,57.51208524257427,-6.267839999999869,0.05,0.05,0.05,0.264427045221713,2.781966193472859,-15.023763354310011,-1.6417241379310858,3.440172413792512,-10.450689655172038,0.05,0.16,0.16,15.281450287527651,56.73936448143565,-0.8286823487617725
1986.84,0.0,15.418456241891976,56.35568909900984,56.12516819306922,56.80984212376235,57.29278821287106,-6.38784000000004,0.05,0.05,0.05,0.2663783599199947,2.7795270501000067,-15.006689350700048,-1.524912848604807,4.070139442224269,-11.031317231075288,0.05,0.16,0.16,15.264254103010915,56.64587190717812,-0.767089685455277
1986.85,0.0,15.4,56.33621714424478,56.11148284604177,56.90375990286545,57.04645445847501,-6.460404783808619,0.05,0.05,0.05,0.2683296746182708,2.7770879067271617,-14.989615347090131,-1.141446713147126,0.6836852589616313,-10.827133964143275,0.05,0.16,0.16,15.247058283803174,56.59947858790675,-0.31707920445346327
1986.86,0.0,15.4,56.33413846527441,56.128112277804746,57.04926743079151,56.78765892666368,-6.5156025758969,0.05,0.05,0.05,0.2702809893165469,2.7746487633543166,-14.972541343480216,-0.797541394882047,-2.470275965880313,-10.606482689413124,0.05,0.16,0.16,15.22986283114178,56.574794275133584,0.09297826554325771
1986.87,0.0,15.4,56.3159895094731,56.08987154425114,57.030109120165946,56.70255193355829,-6.466759639048249,0.05,0.05,0.05,0.2722323040148285,2.7722096199814645,-14.95546733987025,-0.887857501254579,-3.0723833416971926,-10.205077772201872,0.05,0.16,0.16,15.212667746269643,56.53463052686212,0.06450957282889533
1986.88,0.0,15.4,56.28821894108484,56.0187788891772,56.912361910199735,56.72143592006231,-6.335504511894904,0.05,0.05,0.05,0.2741836187131046,2.769770476608619,-14.938393336260336,-0.9849549323988824,-3.374376564842597,-9.799667000499984,0.05,0.1586673773987209,0.1586673773987209,15.195473030435432,56.48519891513102,0.001950377359728811
1986.89,0.0,15.4,56.18249633136099,56.024671331360935,56.77365550295863,56.89824402366857,-6.3,0.05,0.05,0.05,0.2761349334113807,2.767331333235774,-14.92131933265042,-1.1502028042064378,-0.6603054581851717,-9.353998497746272,0.05,0.15,0.15,15.178278684893284,56.469766797337286,-0.40320895352255276
1986.9,0.0,15.4,56.04320639053281,56.06371472386581,56.6259237475348,57.143056646942334,-6.3,0.05,0.05,0.05,0.2780862481096569,2.764892189862929,-14.904245329040505,-1.33456043956035,1.908351648351368,-8.982692307692224,0.05,0.15,0.15,15.161084710903056,56.46897537721894,-0.7884111529897864
1986.91,0.0,15.4,55.90997812325639,56.0903986304844,56.402516246512775,57.14639500887648,-6.256270932266857,0.05,0.05,0.05,0.2800375628079385,2.762453046490077,-14.887171325430538,-1.704190809191128,3.067192807193807,-9.33234265734296,0.05,0.15,0.15,15.143891109730252,56.38732200228252,-0.9801252280965244
1986.92,0.0,15.4,55.77972197311696,56.11102252092314,56.14200394623391,57.031335409586646,-6.196285928517842,0.05,0.05,0.05,0.2819888775062146,2.760013903117232,-14.870097321820625,-2.0244294294295684,3.8264489489515694,-9.67472972972951,0.05,0.15,0.15,15.12669788264625,56.26602096246516,-1.1148014924921774
1986.93,0.0,15.4,55.74058,55.972730132533314,56.23965325831436,56.870986436609314,-6.311129999999861,0.05,0.05,0.05,0.2839401922044907,2.7575747597443865,-14.853023318210706,-1.854259259259586,0.6182407407469044,-9.944999999999482,0.05,0.15,0.15,15.109505030928029,56.20598745686425,-0.6831515161121816
1986.94,0.0,15.4,55.74058,55.76616849212276,56.49116613653447,56.691181485371104,-6.491130000000116,0.05,0.05,0.05,0.2858915069027724,2.7551356163715344,-14.835949314600745,-1.7032684144818913,-2.3633058676652747,-10.202139825218453,0.05,0.15,0.15,15.092312555858376,56.17227402850709,-0.2834985756144407
1986.95,0.0,15.386445318333468,55.70765692307691,55.58201880341874,56.54393965811965,56.549445128205086,-6.518155922038976,0.05,0.05,0.05,0.2878428216010484,2.7526964729986894,-14.818875310990826,-1.7382247191010785,-3.1473258426956177,-10.33197752808972,0.05,0.15,0.15,15.07512045872603,56.0957651282051,-0.19406288675860311
1986.96,0.0,15.351600378316569,55.660623956044,55.40747423687438,56.51153916971919,56.42402388278399,-6.48817091454273,0.05,0.05,0.05,0.2897941362993245,2.7502573296258443,-14.801801307380911,-1.7604569288391891,-3.595520599257528,-10.376382022473743,0.05,0.15,0.15,15.057928740825458,56.000915311355385,-0.14820386715636089
1986.9700000000005,0.0,15.31675543829957,55.53908285059793,55.42003152965144,56.37731306184758,56.45009757190137,-6.414655688622639,0.05,0.05,0.05,0.2913417499999975,2.7450802500000093,-14.791502250000017,-1.6555880149811806,-0.689153558049858,-9.56739325842625,0.05,0.15,0.15,15.046889525944847,55.946631253499575,-0.5376326756059703
1986.98,0.0,15.28191049828267,55.37786116569095,55.53223310766103,56.18885798421983,56.5568524713668,-6.3248353293413855,0.05,0.05,0.05,0.2928417499999962,2.7395802500000137,-14.782002250000025,-1.551581977471743,2.0499399249071666,-8.85126658322928,0.05,0.15,0.15,15.03657696271791,55.91395118223465,-0.8959039207212928
1986.99,0.0,15.247065558265769,55.2421340441359,55.55336740887677,56.02565049838832,56.49232172576248,-6.343464330412923,0.05,0.05,0.05,0.2943417499999949,2.7340802500000185,-14.772502250000032,-1.4564630788486292,3.0662102628278056,-9.0915669586982,0.05,0.15,0.15,15.026265490982423,55.82836841929087,-0.9332698666526406
1987.0,0.0,15.21222061824877,55.11796841061218,55.53320375898831,55.87389250185932,56.35011493181224,-6.4035394242804085,0.05,0.05,0.05,0.2958417499999979,2.728580250000008,-14.763002250000014,-1.3745488627843276,3.695688577854004,-9.287710572356795,0.05,0.15,0.151351782863233,15.01595511298694,55.71879490081801,-0.9415327904817101
1987.01,0.0,15.17737567823187,55.11940290338653,55.45000625996003,55.86626290338653,56.19748492031854,-6.42,0.05,0.05,0.05,0.2973417499999966,2.723080250000012,-14.753502250000022,-1.424536365908507,0.4614971257195921,-9.042771807048316,0.05,0.15,0.16,15.005645830986046,55.65828924676291,-0.6590853067184475
1987.02,0.0,15.142530738214967,55.182281389442224,55.335972395418345,55.92914138944222,56.039755836653406,-6.42,0.05,0.05,0.05,0.2988417499999953,2.717580250000017,-14.74400225000003,-1.452378931602806,-2.5486769845223973,-8.849820269595252,0.05,0.15,0.16,14.995337647240197,55.62178775273905,-0.3846275765190418
1987.03,0.0,15.10768579819797,55.22482388554221,55.146487208835055,55.90824502510032,55.89686768072272,-6.42,0.05,0.05,0.05,0.3003417499999983,2.712080250000006,-14.734502250000013,-1.2576709935094847,-3.307538691963034,-9.17932601098395,0.05,0.15,0.16,14.985030564015831,55.544105950050074,-0.19046466252260885
1987.04,0.0,15.07284085818107,55.25705280120481,54.91873620481935,55.84486149096387,55.7615062349398,-6.42,0.05,0.05,0.05,0.3018417499999971,2.7065802500000107,-14.72500225000002,-1.0926938469235694,-3.738681840918244,-9.447171085542491,0.05,0.15,0.16,14.974724583585465,55.44553918298196,-0.049694942208320304
1987.05,0.0,15.05,55.22787100568328,54.88155851247832,55.74663249320495,55.76249027921911,-6.354942471235592,0.05,0.05,0.05,0.3033417499999958,2.7010802500000155,-14.715502250000029,-1.2377663831915204,-0.752188594298703,-9.071983491746067,0.05,0.15,0.16,14.964419708227549,55.40463807264641,-0.4657399559961193
1987.06,0.0,15.05,55.16864688905352,54.93760990857435,55.631356980479175,55.83017498393883,-6.264897448724195,0.05,0.05,0.05,0.3048417499999988,2.6955802500000043,-14.706002250000008,-1.3660224719100642,2.081370786518204,-8.765797752809423,0.05,0.15,0.16,14.954115940226572,55.39194719051147,-0.849792409314665
1987.07,0.0,15.05,55.128856696180094,54.949622357703,55.4792249886161,55.87925773842654,-6.24,0.05,0.05,0.05,0.3063417499999975,2.690080250000009,-14.696502250000016,-1.321078651685395,3.3397977528089458,-9.170292134831447,0.05,0.15,0.16,14.943813281873162,55.35924044523143,-0.9043395646842449
1987.08,0.0,15.05,55.09962320263093,54.93771241588667,55.30707219327101,55.91823572982543,-6.24,0.05,0.05,0.05,0.3078417499999962,2.684580250000014,-14.687002250000024,-1.2907580685512776,4.2627895921970165,-9.504283212409758,0.05,0.15,0.1588028169014136,14.93351173546393,55.31566088540351,-0.9395876030198804
1987.09,0.0,15.05,55.07772550075488,54.89113085556105,55.3958843734276,55.7618098339201,-6.369877408056366,0.05,0.05,0.05,0.3093417499999992,2.679080250000003,-14.677502250000003,-1.415851888916848,1.620808106076169,-9.088971728796066,0.05,0.15,0.15,14.923211303301589,55.28163764091591,-0.7697264207822432
1987.1,0.0,15.05,55.05941649219928,54.82758782586809,55.61236147458495,55.50979171615482,-6.550012509382276,0.05,0.05,0.05,0.3108417499999979,2.673580250000008,-14.668002250000011,-1.4955150910448616,-0.9388525816924336,-8.757143926166519,0.05,0.15,0.15,14.912911987695045,55.25228937720179,-0.5805344495121745
1987.11,0.0,15.05,55.00270204669647,54.69402113263785,55.65009722801789,55.3546007550919,-6.6000000000000005,0.05,0.05,0.05,0.3123417499999966,2.6680802500000125,-14.65850225000002,-1.1014018458471186,-2.640024943875096,-9.295931653778624,0.05,0.15,0.15,14.902613790959249,55.17535529061103,-0.18974996404386515
1987.12,0.0,15.05,54.92828575260789,54.52817910581185,55.60544745156473,55.24403940387457,-6.6000000000000005,0.05,0.05,0.05,0.3138417499999996,2.6625802500000013,-14.649002250000002,-0.7736570713395046,-3.995979974966707,-9.738475594492613,0.05,0.15,0.15,14.89231671541531,55.07648792846476,0.12828432396178593
1987.13,0.0,15.05,54.88930639696584,54.46352647787609,55.57479303666243,55.28692813653616,-6.513693693693457,0.05,0.05,0.05,0.3153417499999983,2.657080250000006,-14.63950225000001,-1.1791639549438833,-1.5379073842290536,-9.117699624530353,0.05,0.15,0.15,14.882020763390587,55.05363851201014,-0.3574395937389584
1987.14,0.0,15.05,54.86766290771177,54.44837603539823,55.55098519848294,55.40488515297088,-6.39357357357347,0.05,0.05,0.05,0.3168417499999971,2.651580250000011,-14.630002250000018,-1.5285606820461248,0.8819433299900787,-8.691928284854654,0.05,0.15,0.15,14.871725937218544,55.06797732364095,-0.7908344289359106
1987.15,0.0,15.041128671537278,54.90824314486442,54.557524422883695,55.49649685513558,55.43551437269991,-6.38832432432431,0.05,0.05,0.05,0.3183417499999958,2.646080250000016,-14.620502250000026,-1.277808425276289,2.892976429284166,-10.35190822467097,0.05,0.15,0.15,14.861432239238889,55.0994446988959,-0.6645222939622707
1987.16,0.0,15.01627901197756,54.976259203747134,54.72147892271676,55.42848079625287,55.42763882903981,-6.42763636363641,0.05,0.05,0.05,0.3198417499999988,2.6405802500000046,-14.611002250000007,-1.0697020530794463,4.523437656486451,-11.802268402604412,0.05,0.15,0.15,14.85113967179753,55.13846443793914,-0.5446818125218242
1987.17,0.0,14.991429352417912,55.04427526262965,54.88543342254936,55.36046473737035,55.41976328537972,-6.4669484029484,0.05,0.05,0.05,0.313901136363648,2.636340681818189,-14.602681363636377,-1.2850250375559582,2.375215322988231,-11.171321982975565,0.05,0.15,0.15,14.84207293884224,55.17748417698227,-0.48909813146734904
1987.18,0.0,14.966579692858264,54.97125241535,54.75216568848781,55.46073273137682,55.286511933784965,-6.5597413578710375,0.05,0.05,0.05,0.3070829545454723,2.632249772727284,-14.594499545454566,-1.4568764044950118,0.2459550561847881,-10.579707865169093,0.05,0.15,0.15,14.833153939377448,55.1176656922499,-0.41493507108365524
1987.19,0.0,14.941730033298544,54.83921328818649,54.49452836719316,55.63141745673453,55.10079836468506,-6.679114648097575,0.05,0.05,0.05,0.3002647727272773,2.6281588636363664,-14.586317727272732,-1.2121822721596582,-1.7016104868925164,-10.364976279650312,0.05,0.15,0.15,14.82423835437093,55.01648936919981,-0.1627442013540675
1987.2,0.0,14.916880373738897,54.718262041937066,54.31605742885669,55.578797923115296,55.16580570144786,-6.680341794420703,0.05,0.05,0.05,0.2934465909091017,2.624067954545461,-14.57813590909092,-1.0250037546936346,-3.2779399249046626,-10.148352941176304,0.05,0.15,0.15,14.815326189987,54.944730773839225,0.03124301636791086
1987.21,0.0,14.89203071417925,54.60180672491266,54.16968698452326,55.43563267099355,55.33247569645527,-6.620025131942722,0.05,0.05,0.05,0.286628409090926,2.619977045454556,-14.56995409090911,-1.4054793491860906,-1.1903304130184238,-9.913058823529656,0.05,0.15,0.15,14.806417452402384,54.88490051922119,-0.3492145052765452
1987.2200000000005,0.0,14.86718105461953,54.44903275056485,54.15215653353436,55.214897412709874,55.45570788746567,-6.5401791044775,0.05,0.05,0.05,0.2798102272727309,2.6158861363636388,-14.561772272727277,-1.733011235955032,0.8302471910114209,-9.683483146067394,0.05,0.15,0.15,14.797512147806295,54.817948646068686,-0.7040568431180886
1987.23,0.0,14.84233139505988,54.28131609645795,54.18763505651851,54.96224732479242,55.56106834966104,-6.450626865671671,0.05,0.05,0.05,0.2729920454545553,2.6117952272727334,-14.553590454545466,-1.5532359550563548,2.208524344567947,-9.508701622971456,0.05,0.15,0.15,14.78861028240054,54.74806670685748,-0.8134542186892144
1987.24,0.0,14.817481735500234,54.19126466086955,54.17626233043477,54.77189584099374,55.43731887204963,-6.43984418195523,0.05,0.05,0.05,0.2661738636363797,2.607704318181828,-14.545408636363655,-1.4411239048799862,3.330578222781297,-9.3873066332908,0.05,0.15,0.15,14.779711862399404,54.64418542608692,-0.9108517700982653
1987.25,0.0,14.8,54.131716834782495,54.14648841739125,54.60601261117981,55.22358471055861,-6.470002513194307,0.05,0.05,0.05,0.2593556818181846,2.603613409090911,-14.53722681818182,-1.9968185231542328,1.9238197747176635,-9.792813516896333,0.05,0.15,0.15,14.77081689402973,54.52695064347804,-0.8898162743396234
1987.26,0.0,14.8,54.13773453950682,54.083012682435765,54.67797199295436,55.186474011072,-6.519890601690752,0.05,0.05,0.05,0.252537500000009,2.5995225000000057,-14.52904500000001,-2.440067415730252,0.4749213483143583,-10.192089887640496,0.05,0.15,0.15,14.761925383531034,54.521298306492234,-0.8275803347013244
1987.27,0.0,14.8,54.17112155510821,54.00546864620029,54.84921507297435,55.2230920281832,-6.579562406762836,0.05,0.05,0.05,0.2457193181818333,2.5954315909091004,-14.5208631818182,-1.80586017478214,-1.3777627965025672,-10.531665418226886,0.05,0.15,0.15,14.753037337155359,54.56222432561651,-0.3705613058251452
1987.28,0.0,14.8,54.072996223776,53.876116223776,54.74304657842125,55.04676944555405,-6.6000000000000005,0.05,0.05,0.05,0.2389011363636383,2.591340681818183,-14.512681363636366,-1.2341451814768836,-2.942553191488296,-10.816050062578006,0.05,0.15,0.15,14.744152761167394,54.43473211788183,0.027182842048151606
1987.29,0.0,14.8,53.92334587412591,53.72646587412591,54.52819143356648,54.787019195804255,-6.6000000000000005,0.05,0.05,0.05,0.2320829545454626,2.5872497727272776,-14.504499545454555,-1.27920150187737,-1.6659574468078442,-10.555724655819638,0.05,0.15,0.15,14.735271661844559,54.24125559440563,-0.16009031389767542
1987.3,0.0,14.8,53.898482813745005,53.77796287350589,54.413827958167374,54.77675884960154,-6.540512691631055,0.05,0.05,0.05,0.225264772727287,2.5831588636363723,-14.496317727272745,-1.303011235955032,-0.3556853932582079,-10.285550561797704,0.05,0.15,0.15,14.726394045476885,54.21675812375496,-0.34522071879210314
1987.31,0.0,14.8,53.92299476593632,53.9090485308768,54.33922636454165,54.86521502490061,-6.450037697913825,0.05,0.05,0.05,0.218446590909092,2.579067954545456,-14.48813590909091,-1.1232359550558435,1.2772734082427528,-9.921006242196572,0.05,0.15,0.15,14.71751991836711,54.25912117156385,-0.5098192604379345
1987.32,0.0,14.8,53.965708220614005,53.93666521088093,54.21380242076344,54.80851199900157,-6.359879999999877,0.05,0.05,0.05,0.2116284090909163,2.57497704545455,-14.4799540909091,-0.9807259073843888,2.684926157696547,-9.561444305381508,0.05,0.15,0.15,14.708649286830772,54.23117196281498,-0.6627500340614906
1987.33,0.0,14.8,54.015910366858016,53.92171138008485,54.067468505116,54.69208574494631,-6.269880000000005,0.05,0.05,0.05,0.2048102272727406,2.5708861363636446,-14.47177227272729,-1.206007509386501,1.868906132666674,-9.25105632040082,0.05,0.15,0.15,14.699782157196095,54.17429399925129,-0.7005250102536147
1987.34,0.0,14.8,53.9373513962262,53.76244475471663,54.2049644528306,54.54539403773559,-6.260045011252871,0.05,0.05,0.05,0.1979920454545456,2.566795227272728,-14.463590454545454,-1.4031818181817994,0.9427272727267608,-8.91227272727257,0.05,0.15,0.15,14.690918535804073,54.112538660377254,-0.7217036398050188
1987.35,0.0,14.79575280898876,53.80491366037735,53.54279192452829,54.46122608805032,54.38603806289307,-6.29005251312832,0.05,0.05,0.05,0.19117386363637,2.5627043181818223,-14.455408636363645,-1.3310317460317125,-1.0389947089956328,-8.301402116401832,0.05,0.15,0.15,14.682058429008585,54.04874243396226,-0.5838559002216401
1987.36,0.0,14.780771535580536,53.71409304347828,53.354852173913095,54.45045773913047,54.24107269565221,-6.3,0.05,0.05,0.05,0.1843556818181943,2.558613409090917,-14.447226818181832,-1.26153305570022,-2.9759604372716706,-7.717267048413003,0.05,0.15,0.15,14.673201843176248,53.94011891304351,-0.44750634406501405
1987.37,0.0,14.76579026217227,53.63965826086937,53.1793987577635,54.33455214906801,54.10177331676981,-6.3,0.05,0.05,0.05,0.1775374999999993,2.5545225,-14.439044999999998,-1.3604398750652464,-2.0701821967709004,-8.831270171787514,0.05,0.15,0.15,14.664348784686535,53.813845621117665,-0.4063155997517216
1987.38,0.0,14.750808988764046,53.62223289934904,53.23567410115204,54.28298388582869,54.13018445668523,-6.101829419035442,0.05,0.05,0.05,0.1707193181818236,2.5504315909090947,-14.430863181818188,-1.4509438202247205,-1.0706741573031162,-9.84283146067416,0.05,0.15,0.15,14.65549925993186,53.81776883575375,-0.3875527772143196
1987.39,0.0,14.735827715355825,53.62866254381573,53.38891396094158,54.25833691537303,54.228772338507866,-5.805166872682345,0.05,0.05,0.05,0.1802234413394851,2.545910623464206,-14.408019601120106,-1.4609313358302023,0.8269538077384788,-9.872794007490608,0.05,0.15,0.15,14.632333040829044,53.87617143965955,-0.5836945384642792
1987.4,0.0,14.7208464419476,53.566777434869806,53.46554128256509,54.0651658517036,54.35775831663316,-5.660829329962164,0.05,0.05,0.05,0.19165266586659,2.541338933653364,-14.38344676838683,-1.4741462193289003,2.542628943415288,-9.948372558837171,0.05,0.15,0.15,14.607486959058145,53.86381072144291,-0.7550965334752486
1987.41,0.0,14.705865168539336,53.47671731462927,53.51057134268537,53.80249050100203,54.49928136272544,-5.6001466498103705,0.05,0.05,0.05,0.2030818903937273,2.536767243842509,-14.358873935653486,-1.519213820731089,2.4625087631447307,-10.474161241862706,0.05,0.15,0.15,14.582650342226108,53.822265130260526,-0.6823277921214969
1987.42,0.0,14.690883895131112,53.404446759720926,53.40884624127639,53.74734815553336,54.4359800997011,-5.600039999999984,0.05,0.05,0.05,0.2145111149208322,2.5321955540316674,-14.334301102920213,-1.5467199201199695,2.146689965055158,-10.909211183225622,0.05,0.15,0.15,14.557823238776528,53.749155314057944,-0.5928850313061104
1987.43,0.0,14.675902621722887,53.33937198404801,53.24775950149589,53.77615174476564,54.28982855433733,-5.630039999999984,0.05,0.05,0.05,0.2259403394479371,2.5276238642208253,-14.309728270186936,-1.4069296055918286,-0.4144682975497118,-10.479855217174904,0.05,0.15,0.15,14.533005697465189,53.66327794616172,-0.344600295615503
1987.44,0.0,14.660921348314623,53.35572699650175,53.11357011494252,53.82539229385308,54.07999561219388,-5.64,0.05,0.05,0.05,0.2373695639750745,2.5230521744099703,-14.28515543745359,-1.2413019529290672,-2.7275613420129146,-10.072033049574207,0.05,0.15,0.15,14.508197767362645,53.59367125437281,-0.11017469855302056
1987.45,0.0,14.65,53.40599186406797,52.99058160919541,53.88314341829085,53.84364378810596,-5.64,0.05,0.05,0.05,0.2487987885021794,2.5184804845991287,-14.260582604720314,-0.8206710065098353,-2.592358537806733,-9.87674011016528,0.05,0.15,0.15,14.483399497856794,53.530840169915045,-0.012532774043930047
1987.46,0.0,14.65,53.35145448275874,53.034221139430144,53.84513997001509,53.75280875562223,-5.498873239436862,0.05,0.05,0.05,0.2602280130292844,2.5139087947882865,-14.23600977198704,-0.4769945082372274,-2.27981028457528,-9.672016974538508,0.05,0.15,0.15,14.458610938654846,53.49590608695655,0.03939815155073019
1987.4700000000005,0.0,14.65,53.25306367816091,53.14758445777112,53.76706900549725,53.72286372813593,-5.287605633802658,0.05,0.05,0.05,0.2716572375564218,2.509337104977432,-14.211436939253693,-0.86641038442387,-0.2778132800772841,-9.377458811781946,0.05,0.15,0.15,14.433832139785943,53.4726452173913,-0.3441283335720359
1987.48,0.0,14.65,53.166705028742896,53.16683125718572,53.58204527868056,53.89097655586079,-5.118608349900578,0.05,0.05,0.05,0.2830864620835266,2.504765415166589,-14.186864106520416,-1.2342814221333205,1.566720080120406,-9.180025037556923,0.05,0.15,0.15,14.409063151603817,53.45163953011749,-0.6893473224674386
1987.49,0.0,14.65,53.08540535366173,53.14650633841543,53.35205277680621,54.142363709072285,-4.96950298210741,0.05,0.05,0.05,0.2945156866106315,2.500193725355748,-14.162291273787142,-1.3895142714070845,1.857155733600352,-9.94116675012506,0.05,0.15,0.15,14.384304024788804,53.431582044488906,-0.6564879790465681
1987.5,0.0,14.65,53.04472718038528,53.172119019264464,53.42246903677768,54.03987215411546,-4.819799999999795,0.05,0.05,0.05,0.3059449111377689,2.495622035544893,-14.137718441053796,-1.5546506986032158,1.9716217564844896,-10.637584830339453,0.05,0.15,0.15,14.359554810350525,53.41979684763572,-0.6184516776611304
1987.51,0.0,14.65,53.0211695121341,53.21709274956217,53.61949680760571,53.7882334250688,-4.669800000000008,0.05,0.05,0.05,0.3173741356648738,2.4910503457340507,-14.11314560832052,-1.8141317365268343,0.4097455089827071,-10.717425149700563,0.05,0.15,0.15,14.3348155596306,53.41149812359269,-0.5310980398784193
1987.52,0.0,14.65,52.98709730337082,53.07666471910132,53.71755063670407,53.62961827715366,-4.599970014992523,0.05,0.05,0.05,0.3288033601919787,2.4864786559232086,-14.088572775587243,-2.008077115674548,-1.0665047571343047,-10.79820230345498,0.05,0.15,0.15,14.31008632430473,53.352732734082466,-0.4304981561440666
1987.53,0.0,14.65,52.9486253932584,52.85865722846423,53.77418983770292,53.50992789013723,-4.56998500749619,0.05,0.05,0.05,0.3402325847191161,2.4819069661123536,-14.0639999428539,-1.5473860791181862,-1.6874361542320098,-10.888337506259486,0.05,0.15,0.15,14.285367156385453,53.272850087390694,-0.19758137603129694
1987.54,0.0,14.65,52.889180798204,52.6760519580942,53.71829120977795,53.558318603142986,-4.539974981235905,0.05,0.05,0.05,0.351661809246221,2.477335276301512,-14.039427110120624,-1.1445590806897017,-2.103469897574617,-10.947926555083356,0.05,0.15,0.15,14.260658108224884,53.21046064230479,-0.010025297119985122
1987.55,0.0,14.637860882572964,52.820854532302285,52.50843908705404,53.614734213020654,53.677889568471,-4.509952464348296,0.05,0.05,0.05,0.3630910337733259,2.47276358649067,-14.014854277387348,-1.299442917811713,-0.5446390207337275,-10.713102672995143,0.05,0.15,0.15,14.235959232516903,53.15547935021199,-0.25966916807247187
1987.56,0.0,14.592984293193672,52.72887590749094,52.516397254902174,53.39646337858152,53.80637182503805,-4.47995001249686,0.05,0.05,0.05,0.3665272323715294,2.4696141369301703,-13.996720163906444,-1.422866082602831,0.9223279098886512,-10.462027534417086,0.05,0.15,0.15,14.217647890706132,53.11202709150317,-0.4916550208282745
1987.57,0.0,14.548107703814512,52.626663740573,52.60031882352954,53.12855990950187,53.93870968325812,-4.449957510622353,0.05,0.05,0.05,0.3577465304031966,2.4686385033781333,-13.98842727871413,-1.2376345431788722,1.4880350438050658,-10.051514392991011,0.05,0.15,0.15,14.209090624394307,53.07356303921563,-0.5504013977599359
1987.58,0.0,14.503231114435351,52.59238635458167,52.578647938247,53.03322102589641,53.78529567729077,-4.460045011252785,0.05,0.05,0.05,0.3489658284348637,2.4676628698260963,-13.980134393521816,-1.109375780274189,1.8813982521861776,-9.657702871411,0.05,0.15,0.15,14.200538540825315,52.99738774900396,-0.6078318094052536
1987.59,0.0,14.458354525056064,52.58599193227091,52.51363797808753,53.008709073705134,53.51459846613496,-4.49005251312832,0.05,0.05,0.05,0.3401851264665059,2.4666872362740566,-13.971841508329478,-1.5238576779028734,0.6329588014973699,-9.422996254681506,0.05,0.15,0.15,14.191991649368488,52.90573436254963,-0.6527259201648619
1987.6,0.0,14.4134779356769,52.52107411999996,52.38919019999993,53.043383920000025,53.45016154000001,-4.62036009002262,0.05,0.05,0.05,0.3314044244981731,2.46571160272202,-13.963548623137164,-1.8689737171465763,-0.626420525656488,-9.26186483103856,0.05,0.15,0.15,14.183449959410114,52.85095244499998,-0.6620532694189013
1987.61,0.0,14.36860134629774,52.431194120000086,52.23939020000015,53.103303919999945,53.47370153999997,-4.80040510127532,0.05,0.05,0.05,0.3226237225298403,2.4647359691699826,-13.95525573794485,-1.5335544430540655,-1.9931289111379125,-9.822565707133505,0.05,0.15,0.15,14.17491348035331,52.81189744500004,-0.32244185038817513
1987.62,0.0,14.32372475691845,52.32935048475748,52.16311280359814,52.99826999500226,53.40127231384293,-4.880064983754125,0.05,0.05,0.05,0.3138430205614824,2.4637603356179425,-13.946962852752511,-1.2366416978777728,-3.088626716601694,-10.316242197253183,0.05,0.15,0.15,14.166382221618118,52.7230013993002,-0.034106523937633595
1987.63,0.0,14.278848167539287,52.22240395802086,52.118195262368765,52.82287769115422,53.287908995502114,-4.9100574856286325,0.05,0.05,0.05,0.3050623185931496,2.462784702065905,-13.938669967560196,-1.3065543071161474,-1.6004868913848649,-10.171423220973695,0.05,0.15,0.15,14.15785619264159,52.61284647676149,-0.2342434478560384
1987.64,0.0,14.233971578160126,52.202304,52.20358800000002,52.74479399999999,53.34602700000002,-4.879889999999993,0.05,0.05,0.05,0.2962816166248168,2.461809068513869,-13.930377082367883,-1.367685185185198,-0.1462962962968568,-10.042314814814803,0.05,0.15,0.15,14.149335402877666,52.62417825000001,-0.4255235126394747
1987.65,0.0,14.2,52.219423999999975,52.34482799999982,52.70841400000005,53.47763699999983,-4.819890000000079,0.05,0.05,0.05,0.2875009146564839,2.460833434961832,-13.922084197175568,-1.3426601601602004,0.9748248248230268,-10.0673398398398,0.05,0.15,0.15,14.140819861797265,52.68757574999992,-0.5299106080713188
1987.66,0.0,14.2,52.19292429632071,52.340240752351065,52.68909676621018,53.36783902326337,-4.826198563030717,0.05,0.05,0.05,0.2787202126881261,2.459857801409792,-13.91379131198323,-1.3327447552447835,1.925804195804054,-10.073006993006956,0.05,0.15,0.15,14.132309578888284,52.64752520953633,-0.6246094489381513
1987.67,0.0,14.2,52.14773043392181,52.27315611285269,52.67709214651048,53.15458048506854,-4.865388634879148,0.05,0.05,0.05,0.2699395107197933,2.458882167857755,-13.905498426790915,-1.4676098901098755,1.2464835164835908,-9.893186813186832,0.05,0.15,0.15,14.123804563655684,52.56313979458838,-0.6264753320389507
1987.68,0.0,14.2,52.1025365715229,52.20607147335432,52.665087526810765,52.94132194687371,-4.904578706727579,0.05,0.05,0.05,0.2611588087514604,2.457906534305718,-13.897205541598602,-1.5719399249062418,0.4665331664590595,-9.70823529411778,0.05,0.1486645299145332,0.15,14.115304825621376,52.47875437964042,-0.6083996573606552
1987.69,0.0,14.2,52.07542483879029,52.07933685078717,52.689051252186985,52.87084,-4.974503245132385,0.05,0.05,0.05,0.2523781067831026,2.456930900753678,-13.888912656406264,-1.3766958698371896,-1.3006758448069755,-9.47294117647046,0.05,0.14,0.15,14.106810374324304,52.42866323544111,-0.3946811320372798
1987.7,0.0,14.2,52.057239385153714,51.92315589602598,52.73077082229442,52.87084,-5.064368447329048,0.05,0.05,0.05,0.2435974048147697,2.455955267201641,-13.880619771213947,-1.1829170829172724,-2.83356643356717,-9.299385614385178,0.05,0.14,0.15,14.09832121932053,52.395501525868525,-0.19647652424544915
1987.71,0.0,14.2,51.941615806855225,51.78979413059801,52.64500494871161,52.807083312484416,-4.991015801354475,0.05,0.05,0.05,0.2348167028464369,2.454979633649604,-13.872326886021636,-1.0030969030971495,-2.1342657342666933,-9.71397102897046,0.05,0.14,0.15,14.089837370183119,52.295874549662315,-0.1460623939869378
1987.7200000000005,0.0,14.2,51.777782932198846,51.66772257693247,52.49616331748784,52.71178183637711,-4.81042889390495,0.05,0.05,0.05,0.2260360008780791,2.4540040000975645,-13.864034000829298,-0.8562953692116932,-1.375224030036177,-10.06858322903606,0.05,0.14,0.15,14.081358836502202,52.16336266574906,-0.1220249278133964
1987.73,0.0,14.2,51.75388713929108,51.68552519720423,52.369036709935045,52.85588831253131,-4.6851548451547815,0.05,0.05,0.05,0.2172552989097463,2.4530283665455275,-13.855741115636985,-1.0315143929911137,-0.0335469336680431,-9.83829536921168,0.05,0.14,0.15,14.072885627885086,52.166084339740415,-0.3552308414772258
1987.74,0.0,14.2,51.79875983025455,51.77206538691949,52.252581392910805,53.11764567648488,-4.59524475524472,0.05,0.05,0.05,0.2084745969414134,2.4520527329934905,-13.847448230444668,-1.2105068664164944,1.194784019974682,-9.633338327091058,0.05,0.14,0.15,14.064417753956112,52.23526307164243,-0.5740842789367945
1987.75,0.0,14.195210175891887,51.77564434911239,51.71631633136087,52.095526863905214,53.03985884615369,-4.542252493310557,0.05,0.05,0.05,0.1996938949730556,2.451077099441451,-13.83915534525233,-1.4252384519352743,1.349590511860314,-9.668294631710394,0.05,0.14,0.15,14.055955224356754,52.15683659763304,-0.6570024836521242
1987.76,0.0,14.175335387061535,51.718662100591686,51.58968911242599,51.91824875739638,52.79293576923066,-4.513062515203069,0.05,0.05,0.05,0.1909131930047228,2.450101465889414,-13.830862460060017,-1.6339674593243083,1.348463078847007,-9.6757897371712,0.05,0.14,0.15,14.047498048745696,52.00488393491118,-0.7258462688869002
1987.77,0.0,14.155460598231183,51.646045038051774,51.47182938609847,51.89322263825467,52.61087940131917,-4.550431034482794,0.05,0.05,0.05,0.1917913282519002,2.452239160314876,-13.817012870173723,-1.7841551939923832,-0.1734392991228168,-9.415464330413204,0.05,0.14,0.15,14.034247591784917,51.90549411593102,-0.6574266297295362
1987.78,0.0,14.135585809400776,51.56461429223732,51.358912085235765,51.95402426179613,52.46538980213069,-4.641708924949471,0.05,0.05,0.05,0.1937905785330487,2.454738223166311,-13.802518305635395,-1.8746941323343675,-1.607228464419746,-9.21576779026234,0.05,0.14,0.15,14.020442436314271,51.83573511034997,-0.568962589598127
1987.79,0.0,14.115711020570425,51.41601984999998,51.29572938,51.94842937999999,52.33132459999999,-4.732946541677316,0.05,0.05,0.05,0.1957898288141914,2.4572372860177394,-13.788023741097112,-1.400287141073969,-2.2064794007486705,-9.59029962546792,0.05,0.14,0.15,14.006639405007915,51.74787580249999,-0.2906539350089897
1987.8,0.0,14.095836231740073,51.23411985000024,51.25720938000005,51.90990938000005,52.202924600000166,-4.824155054471774,0.05,0.05,0.05,0.1977890790953342,2.459736348869168,-13.773529176558828,-0.9862953692112184,-2.619171464332789,-9.922550688360586,0.05,0.14,0.15,13.992838504151862,51.65104080250013,-0.058431686743958364
1987.81,0.0,14.075961442909664,51.2195531468532,51.31232513986022,51.88284839160838,52.23824926573436,-4.86,0.05,0.05,0.05,0.1997883293764827,2.462235411720604,-13.759034612020502,-1.1615143929913865,-1.212413016269156,-9.842450563203938,0.05,0.14,0.15,13.979039740055972,51.663243986014045,-0.2756757883374643
1987.82,0.0,14.056086654079312,51.28796473526477,51.41387359140864,51.86146977022976,52.354762752247815,-4.86,0.05,0.05,0.05,0.2017875796576254,2.464734474572032,-13.744540047482216,-1.3209538077403291,0.1377353308368218,-9.788599250936418,0.05,0.14,0.15,13.965243119054191,51.729517712287745,-0.47776180237597465
1987.83,0.0,14.03621186524896,51.24082085085088,51.40990494994996,51.68301147147155,52.42931344344343,-4.969690309690283,0.05,0.05,0.05,0.2037868299387682,2.46723353742346,-13.73004548294393,-1.3309413233458112,0.951717852683611,-9.98335580524332,0.05,0.14,0.15,13.95144864750441,51.690762678928955,-0.5362824740810115
1987.84,0.0,14.016337076418552,51.13585588588573,51.3531381831831,51.42595441441404,52.48286699699708,-5.149510489510661,0.05,0.05,0.05,0.2057860802199166,2.469732600274896,-13.715550918405604,-1.3558297872342389,1.6196971214008804,-10.118097622027015,0.05,0.14,0.15,13.937656331788702,51.59945387011999,-0.5937077784098594
1987.85,0.0,14.0,51.08119069444443,51.27116399305552,51.43582881944449,52.32392510416658,-5.3801170446233,0.05,0.05,0.05,0.2077853305010594,2.4722316631263244,-13.70105635386732,-1.5260425531916324,0.863752190237162,-9.66753441802215,0.05,0.14,0.15,13.923866178313546,51.52802715277775,-0.6404503062832615
1987.86,0.0,14.0,51.05146847222225,51.17668978670642,51.57807088293639,52.0596096279764,-5.643467446964135,0.05,0.05,0.05,0.2097845807822022,2.4747307259777527,-13.686561789329035,-1.6533067132516874,0.0126902919882549,-9.270486648365408,0.05,0.14,0.15,13.910078193509696,51.46645969246036,-0.6547802842409441
1987.87,0.0,14.0,51.090406381048496,51.11781919858865,51.674654964717845,51.8579663508062,-5.811448346577976,0.05,0.05,0.05,0.2117838310633507,2.4772297888291885,-13.672067224790707,-1.37379585724925,-1.739243823312736,-9.38029448465208,0.05,0.14,0.15,13.896292383832417,51.435211723790296,-0.3621243836786369
1987.88,0.0,14.0,51.16591041330653,51.07790992439512,51.74692310987911,51.689700221774,-5.903732376313812,0.05,0.05,0.05,0.2137830813444934,2.479728851680617,-13.657572660252423,-1.115851703406778,-3.2129258517023995,-9.492444889779666,0.05,0.14,0.15,13.882508755761723,51.42011091733869,-0.10529014856850533
1987.89,0.0,14.0,51.06933984999998,51.016755235,51.69505872999999,51.695435370000006,-5.958269375470257,0.05,0.05,0.05,0.2157823316256362,2.482227914532045,-13.643078095714138,-1.070761523046092,-1.9403807615230388,-9.627715430861723,0.05,0.14,0.15,13.868727315802225,51.36914729625,-0.20200017682232468
1987.9,0.0,14.0,50.88743985000024,50.945065235000094,51.58163873000015,51.78745536999988,-5.9883671933784255,0.05,0.05,0.05,0.217781581906779,2.484726977383474,-13.628583531175853,-1.038627059410804,-0.6788067898163043,-9.730349475786502,0.05,0.14,0.15,13.854948070483436,51.3003997962501,-0.3068593365383379
1987.91,0.0,14.0,50.814979985,50.95134239000001,51.41385630999998,51.932407200000014,-5.944853932584277,0.05,0.05,0.05,0.2197808321879274,2.4872260402349093,-13.614088966637526,-1.128492261607594,0.4794558162756557,-9.525656515227148,0.05,0.14,0.15,13.841171026359781,51.27814647125,-0.4884561508578184
1987.92,0.0,14.0,50.796789985000025,50.99628238999994,51.21911631000025,52.10360719999977,-5.854966292134938,0.05,0.05,0.05,0.2217800824690702,2.4897251030863377,-13.599594402099244,-1.237476214320966,1.509974962444042,-9.330220330495928,0.05,0.14,0.15,13.827396190010878,51.278948971249996,-0.6617892820590734
1987.93,0.0,14.0,50.78432073518381,50.98113009752448,51.21680622655643,51.94643331332904,-5.82,0.05,0.05,0.05,0.223779332750213,2.4922241659377664,-13.585099837560955,-1.5329193790678073,1.2946519779675305,-9.22506259389112,0.05,0.14,0.15,13.813623568041407,51.23217259314844,-0.7545292886591439
1987.94,0.0,14.0,50.77468832708177,50.93617885971493,51.30991950487621,51.6264233108277,-5.82,0.05,0.05,0.05,0.2257785830313614,2.494723228789202,-13.57060527302263,-1.791850187265975,0.9604943820234528,-9.125205992509398,0.05,0.14,0.15,13.79985316708137,51.16180250062515,-0.8218486044779476
1987.95,0.0,13.995743671676102,50.69700026509577,50.83344653902802,51.40540014727537,51.57742904270984,-5.855720524017461,0.05,0.05,0.05,0.2277778333125042,2.49722229164063,-13.556110708484344,-1.7069563046192568,-0.4926891385762522,-9.075268414481917,0.05,0.14,0.15,13.786084993786282,51.12831899852725,-0.6497897487684615
1987.96,0.0,13.97077986918973,50.58564042218956,50.70212596956315,51.50205208640151,51.66252477172308,-5.913944687045052,0.05,0.05,0.05,0.2297770835936469,2.499721354492059,-13.54161614394606,-1.6023829787234758,-1.840425531914815,-9.04872340425527,0.05,0.14,0.15,13.772319054837096,51.11308581246932,-0.4785467236168677
1987.9700000000005,0.0,13.945816066703284,50.515729946523976,50.5608105423985,51.43567600203688,51.57398692131363,-5.991302553520818,0.05,0.05,0.05,0.2384443388440011,2.5008888777730527,-13.520889127879366,-1.307013767208756,-2.1658322903632348,-9.248973717146606,0.05,0.14,0.15,13.752299578256073,51.02155085306825,-0.3152133284191386
1987.98,0.0,13.920852264216911,50.469954545454485,50.41367532467514,51.274372207792005,51.38434597402573,-6.0841578540108046,0.05,0.05,0.05,0.2479483780606594,2.501889302953753,-13.499379986494295,-1.0390411985018808,-2.3324794007501413,-9.433355805243416,0.05,0.14,0.15,13.73150350479437,50.88558701298684,-0.17999014673495878
1987.99,0.0,13.89588846173054,50.469082324418885,50.37348139465133,51.22876627843039,51.38798580854783,-6.1016305160808,0.05,0.05,0.05,0.2574524172773176,2.502889728134454,-13.47787084510923,-1.0290536828963988,-1.004139825221025,-9.468312109862604,0.05,0.14,0.15,13.710716292586916,50.86482895151211,-0.30947147563447575
1988.0,0.0,13.870924659244098,50.49047697575607,50.38631818545364,51.24053333666584,51.487470937265705,-6.071712789827916,0.05,0.05,0.05,0.2669564564940029,2.503890153315158,-13.4563617037241,-1.0345106382978555,0.2964255319147814,-9.533702127659534,0.05,0.14,0.15,13.689937981999226,50.90119985878531,-0.4366455017816412
1988.01,0.0,13.845960856757724,50.46756758310427,50.42988197450631,51.066509242689605,51.53050413896524,-6.0600000000000005,0.05,0.05,0.05,0.2764604957106611,2.50489057849586,-13.43485256233903,-1.1897046307884205,1.327714643303695,-9.894152690863429,0.05,0.14,0.15,13.669168613625098,50.873615734816354,-0.5414497958926927
1988.02,0.0,13.820997054271352,50.42263881529626,50.48871726568347,50.8001458335421,51.54548039490125,-6.0600000000000005,0.05,0.05,0.05,0.2859645349273194,2.50589100367656,-13.413343420953964,-1.3290411985018808,2.154531835206884,-10.238217228464269,0.05,0.14,0.15,13.648408228287733,50.81424557735576,-0.6221469599351912
1988.03,0.0,13.796033251784907,50.427703300825215,50.54471458364593,50.77587632408105,51.44615707426852,-6.133504871346644,0.05,0.05,0.05,0.2954685741440046,2.5068914288572635,-13.391834279568831,-1.3190536828963704,1.0559051186007329,-10.427980024968964,0.05,0.14,0.15,13.62765686704136,50.79861282070517,-0.4758353158298925
1988.04,0.0,13.771069449298537,50.45767079269816,50.59929822955738,50.87220040510124,51.28989800950242,-6.253414938795944,0.05,0.05,0.05,0.3049726133606628,2.5078918540379647,-13.370325138183764,-1.2678828828829654,-0.0630755755753349,-10.663175675675552,0.05,0.14,0.15,13.606914571172949,50.8047668592148,-0.30670128544495756
1988.05,0.0,13.75,50.56678553004385,50.58389925744997,50.93700239374691,51.193325676599954,-6.38918327661638,0.05,0.05,0.05,0.314476652577321,2.5088922792186654,-13.348815996798695,-0.817432432433012,-1.3793918918901982,-11.338851351350485,0.05,0.14,0.15,13.586181382203318,50.820253214460166,0.08370005149491008
1988.06,0.0,13.75,50.7152369223256,50.53371850512937,50.98613771372749,51.12641800683916,-6.5350267379682,0.05,0.05,0.05,0.3239806917940063,2.5098927043993693,-13.327306855413564,-0.4252647352648195,-2.480796703296212,-11.89466533466503,0.05,0.14,0.15,13.565457341888841,50.84037778700541,0.41404190578081246
1988.07,0.0,13.75,50.62195176470571,50.3535957647057,50.98776588235292,51.11057670588236,-6.634237200926211,0.05,0.05,0.05,0.3334847310106645,2.51089312958007,-13.305797714028497,-0.5851048951049285,-1.5467307692305745,-11.315244755244636,0.05,0.14,0.15,13.54474249222316,50.76847252941167,0.17554813638849442
1988.08,0.0,13.75,50.3811333503838,50.09416865473164,50.9604001534527,51.12590151406648,-6.695981476717204,0.05,0.05,0.05,0.3429887702273227,2.511893554760771,-13.284288572643428,-0.7641787681521669,-0.5937180771158644,-10.701041562343676,0.05,0.14,0.15,13.524036875438322,50.640400918158655,-0.07663879947868996
1988.09,0.0,13.75,50.2086108640118,50.03536090157783,50.88986724267453,51.16100250939151,-6.628166332665218,0.05,0.05,0.05,0.352492809444008,2.5128939799414747,-13.262779431258297,-1.1297270906365862,0.5429869804726716,-9.749614421630804,0.05,0.14,0.15,13.503340534006538,50.573710379413924,-0.4615835472130384
1988.1,0.0,13.75,50.0703388880539,50.07716405709999,50.79768592536927,51.206021292261525,-6.477865731462932,0.05,0.05,0.05,0.3619968486606663,2.5138944051221754,-13.24127028987323,-1.4662646691635954,1.4895230961291968,-8.911685393258601,0.05,0.14,0.15,13.4826535106419,50.53780254069618,-0.7998348076544538
1988.11,0.0,13.75,50.03108245316014,50.12891889083192,50.68489976517603,51.03907965525836,-6.309465801298167,0.05,0.05,0.05,0.3715008878773245,2.514894830302876,-13.21976114848816,-1.531183520599229,0.6555655430714433,-9.136404494381946,0.05,0.14,0.15,13.46197584830157,50.47099519110661,-0.7009092207616439
1988.12,0.0,13.75,50.040705236072974,50.1855863902075,50.56194198351204,50.767503337496166,-6.129735396904333,0.05,0.05,0.05,0.3810049270940098,2.51589525548358,-13.19825200710303,-1.6295294117653247,-0.1696470588246195,-9.240705882351389,0.05,0.14,0.15,13.441307590187565,50.388934236822166,-0.6323422779385782
1988.13,0.0,13.75,49.95162675506615,49.95046975231384,50.58478138603963,50.60151857393033,-6.133403298350895,0.05,0.05,0.05,0.390508966310668,2.516895680664281,-13.176742865717962,-2.0500550688365324,-0.9105732165215088,-8.184385481851091,0.05,0.14,0.15,13.420648779748495,50.27209911683749,-0.8563809896579104
1988.14,0.0,13.75,49.813493154866265,49.57033465098856,50.68008286214653,50.48801344508391,-6.2533433283357125,0.05,0.05,0.05,0.4000130055273262,2.5178961058449816,-13.155233724332891,-2.4357827715356266,-1.4469962546805888,-7.315777777778461,0.05,0.14,0.15,13.399999460680801,50.13798102827131,-1.0615906547889833
1988.15,0.0,13.743565643435788,49.63736982225506,49.46632874604328,50.57134200146132,50.54748050645212,-6.371219038367892,0.05,0.05,0.05,0.4095170447439844,2.518896531025683,-13.133724582947824,-2.4957078651685194,-0.0687191011240622,-8.204666666666366,0.05,0.14,0.15,13.379359676930621,50.05563026905294,-1.090509712745746
1988.16,0.0,13.698570142985744,49.44249278305328,49.49863456537619,50.36187523739951,50.692335631848096,-6.487780475959189,0.05,0.05,0.05,0.4190210839606697,2.519896956206386,-13.112215441562697,-2.499647058822813,1.1705882352939836,-9.132823529413512,0.05,0.14,0.15,13.358729472695261,49.99883455441927,-1.0802342528806717
1988.17,0.0,13.65357464253583,49.387895647279535,49.531275647279536,50.25895594746719,50.72412690431521,-6.54,0.05,0.05,0.05,0.4208542857142835,2.5170100000000075,-13.10060285714288,-1.9639774718400127,1.0704630788486005,-10.439456821025765,0.05,0.14,0.15,13.346844304571935,49.97556353658537,-0.6921903552917605
1988.18,0.0,13.608579142085915,49.42074572403202,49.56412572403202,50.22245586218664,50.68543681391784,-6.54,0.05,0.05,0.05,0.4218066666666637,2.5136766666666768,-13.090126666666698,-1.4597602996259031,0.8908489388283826,-11.578556803995898,0.05,0.14,0.15,13.335962934785307,49.973191031042134,-0.3317975088769134
1988.19,0.0,13.563583641635873,49.453595800784605,49.596975800784605,50.18595577690599,50.64674672352036,-6.54,0.05,0.05,0.05,0.4227590476190466,2.5103433333333367,-13.079650476190489,-1.2500224719101831,-0.0329962546813353,-11.149093632958948,0.05,0.14,0.15,13.325081817492341,49.970818525498885,-0.2302930016983522
1988.2,0.0,13.518588141185957,49.5335046526737,49.586842628685645,49.98191111944018,50.38125105447264,-6.519545113721553,0.05,0.05,0.05,0.4237114285714268,2.5070100000000064,-13.069174285714304,-1.0595294117647127,-0.8168235294125402,-10.72564705882403,0.05,0.14,0.15,13.314200953312147,49.87087736381804,-0.14890029528384705
1988.21,0.0,13.473592640736042,49.63510385307348,49.5568976011994,49.70064175412288,50.01121607196394,-6.489552611847046,0.05,0.05,0.05,0.424663809523807,2.503676666666676,-13.058698095238125,-1.0545231539424365,-0.2511163954953206,-10.36019023779786,0.05,0.14,0.15,13.30332034286577,49.72596482008993,-0.26135111538274725
1988.2200000000005,0.0,13.428597140285998,49.53199499125189,49.51232421394644,49.78783009247727,49.97379668082996,-6.48,0.05,0.05,0.05,0.4256161904761898,2.500343333333336,-13.048221904761911,-1.0071111111107696,0.1077203495618334,-10.048794007490786,0.05,0.14,0.15,13.29243998677626,49.701486494626394,-0.3298686456498122
1988.23,0.0,13.383601639836083,49.33409446638355,49.46097705073735,50.04563564108953,50.09039753061726,-6.48,0.05,0.05,0.05,0.42656857142857,2.497010000000005,-13.037745714285728,-0.5626666666668172,-1.4703071161043348,-10.243550561797688,0.05,0.14,0.15,13.281559885668797,49.73277617220692,0.012947786393838714
1988.24,0.0,13.338606139386169,49.409282920287765,49.42219678668989,50.10267905636955,49.88200238390913,-6.48,0.05,0.05,0.05,0.4275209523809502,2.493676666666674,-13.027269523809547,-0.1440000000002333,-2.8162352941188686,-10.339058823530593,0.05,0.14,0.15,13.270680040170495,49.70404028681409,0.307952903676651
1988.25,0.0,13.3,49.61121984603951,49.389249183014606,50.06654297491925,49.522767221256025,-6.48,0.05,0.05,0.05,0.4284733333333331,2.490343333333334,-13.016793333333336,0.0262127659576439,-1.9251214017511584,-9.477982478096624,0.05,0.14,0.15,13.259800450910518,49.64744480630735,0.14213832761854836
1988.26,0.0,13.3,49.63426173499997,49.36689815999999,50.01090173499997,49.60963675500013,-6.316840789802569,0.05,0.05,0.05,0.4294257142857133,2.487010000000004,-13.006317142857151,0.1168714107360764,-0.8583295880128974,-8.677832709113433,0.05,0.14,0.15,13.248921118520165,49.655424596250015,-0.059439175038510594
1988.27,0.0,13.3,49.56899173500007,49.349778160000014,49.94563173500006,49.916726754999694,-6.076900774806508,0.05,0.05,0.05,0.4303780952380934,2.483676666666673,-12.995840952380972,-0.5373108614229996,1.8532808988754867,-8.448119850187345,0.05,0.14,0.15,13.238042043632722,49.69528209624996,-0.5958540267345205
1988.28,0.0,13.3,49.39254973856195,49.33979803921568,49.86355254901955,50.17957320261453,-5.877659414853482,0.05,0.05,0.05,0.4313304761904764,2.480343333333333,-12.98536476190476,-1.1662443665503692,4.145252879316504,-8.290836254382336,0.05,0.14,0.15,13.22716322688352,49.693868382352925,-1.0691929622695222
1988.29,0.0,13.3,49.16122746606345,49.33334253393665,49.77317547511316,50.42057873303156,-5.697614403600782,0.05,0.05,0.05,0.4322828571428565,2.477010000000002,-12.974888571428576,-1.5518227341013318,2.392623935903038,-8.831647471207063,0.05,0.14,0.15,13.216284668910074,49.672081052036205,-0.9345874292684511
1988.3,0.0,13.3,49.12350062111797,49.18004500372687,49.825344591304265,50.33766165465856,-5.680759240759197,0.05,0.05,0.05,0.4332352380952367,2.4736766666666714,-12.964412380952396,-1.932446330504099,0.6647179231159752,-9.285132301547836,0.05,0.14,0.15,13.205406370351893,49.61663796770192,-0.8141046229638764
1988.31,0.0,13.3,49.176668322981484,48.95780400993738,49.94444024347853,50.10266041242183,-5.740699300699323,0.05,0.05,0.05,0.4341876190476196,2.470343333333332,-12.953936190476185,-2.2669445831259587,-0.83303544683265,-8.925671492760165,0.05,0.14,0.15,13.194528331850568,49.5453932472048,-0.82509421054586
1988.32,0.0,13.3,49.042076119999685,48.821835879999874,49.94967151999993,49.96317063999987,-5.841339665083643,0.05,0.05,0.05,0.4351399999999998,2.467010000000001,-12.943460000000002,-2.547411764705561,-2.128352941175593,-8.624000000000342,0.05,0.14,0.15,13.183650554049892,49.44418853999984,-0.830243359544657
1988.33,0.0,13.3,48.81416612000001,48.728745880000005,49.89831152,49.87115064,-5.961309672581674,0.05,0.05,0.05,0.4360923809523799,2.4636766666666703,-12.93298380952382,-2.307111389236641,-1.4725331664583337,-8.879319148936068,0.05,0.14,0.15,13.172773037595682,49.328093540000005,-0.7791006217748877
1988.34,0.0,13.3,48.732783349162695,48.72785241689586,49.67760431392097,49.87990197450648,-6.142203898051179,0.05,0.05,0.05,0.4370447619047628,2.46034333333333,-12.92250761904761,-2.055610402118641,-0.8572285095109923,-9.300536961234554,0.05,0.14,0.15,13.161895783135865,49.2545355136215,-0.6948767105929786
1988.35,0.0,13.29760872814226,48.72422548862783,48.77278118470387,49.3727305323666,49.93873726568364,-6.352098950524908,0.05,0.05,0.05,0.437997142857143,2.4570099999999995,-12.912031428571428,-1.6992415121596087,-0.6212545148083897,-11.275013243440004,0.05,0.14,0.15,13.151018791320592,49.202118617845485,-0.3009238856553946
1988.36,0.0,13.277681462661285,48.897123285821536,48.78129036759189,49.32922669167294,49.97473128282071,-6.399705000000006,0.05,0.05,0.05,0.4389495238095232,2.4536766666666687,-12.901555238095243,-1.3446971666231693,-0.3633818559908106,-13.195755133870083,0.05,0.14,0.15,13.140142062802054,49.24559290697677,0.08200702891596251
1988.37,0.0,13.257754197180256,49.16040910727748,48.77165795948984,49.41591836459136,49.99934743685928,-6.369704999999963,0.05,0.05,0.05,0.4399019047619061,2.4503433333333287,-12.891079047619034,-1.0795554977899242,0.9675253444270476,-12.483511827396462,0.05,0.14,0.15,13.129265598234605,49.33683321705449,-0.07513566443948916
1988.38,0.0,13.23782693169928,49.10197249812432,48.80277705926486,49.33102474118513,49.85166335583874,-6.319460674157303,0.05,0.05,0.05,0.4280399999999946,2.44862,-12.88494,-0.8607267732269253,2.2051873126875705,-11.757092907092298,0.05,0.14,0.15,13.122524031206801,49.271859413603266,-0.24028049845144311
1988.39,0.0,13.217899666218306,48.88363791447886,48.85414990247556,49.160852198049696,49.61834502625682,-6.25953558052441,0.05,0.05,0.05,0.4147066666666749,2.44708153846154,-12.879298974358978,-1.0755119880117667,2.5698226773223016,-10.897952047952934,0.05,0.14,0.15,13.116269734424543,49.12924626031523,-0.48034692918340727
1988.4,0.0,13.197972400737331,48.71755635500025,48.866888230000015,49.19242128499976,49.49879759500011,-6.26022505626401,0.05,0.05,0.05,0.4013733333333552,2.44554307692308,-12.87365794871796,-1.250603254068125,2.596275344188688,-10.092087609512667,0.05,0.14,0.15,13.110028622180298,49.06891586625004,-0.6638551026605707
1988.41,0.0,13.1780451352563,48.57738635499985,48.86046823,49.32403128500014,49.435667594999934,-6.290232558139545,0.05,0.05,0.05,0.3880399999999975,2.444004615384616,-12.868016923076922,-1.045346683354214,-0.6177421777218188,-9.796718397997529,0.05,0.14,0.15,13.103800713312737,49.04938836624998,-0.3054214566046437
1988.42,0.0,13.158117869775328,48.614588597850606,48.73247954511362,49.34978209447637,49.28673419645079,-6.34046999999995,0.05,0.05,0.05,0.3747066666666778,2.4424661538461554,-12.862375897435903,-0.8333583021224827,-3.5340474406990547,-9.531937578027454,0.05,0.14,0.15,13.097586026656536,48.99589610847284,0.028944867889816275
1988.43,0.0,13.138190604294351,48.73974730817292,48.54420661334671,49.32303878030493,49.095252066983306,-6.400469999999864,0.05,0.05,0.05,0.3613733333333581,2.4409276923076955,-12.856734871794885,-0.5587016229717257,-3.6788664169785448,-9.55191260923842,0.05,0.14,0.15,13.091384581042055,48.92556119220197,0.1392617968257185
1988.44,0.0,13.118263338813325,48.66365870324158,48.45032898753109,49.27423325685775,49.04593955112223,-6.379600698777126,0.05,0.05,0.05,0.3480400000000004,2.439389230769231,-12.851093846153848,-0.3473461730865905,-3.532976488243772,-9.544472236118027,0.05,0.14,0.15,13.085196395295188,48.85854012468816,0.1939429463414568
1988.45,0.0,13.1,48.48754897755593,48.40336639401492,49.21446268329171,49.06728618453867,-6.319705515348118,0.05,0.05,0.05,0.3347066666666807,2.4378507692307707,-12.845452820512827,-0.7425437718854913,-0.6015107553810402,-9.2743371685846,0.05,0.14,0.15,13.079021488237228,48.79316605985031,-0.2844785312870528
1988.46,0.0,13.1,48.450224747120686,48.41737997996996,49.08277531296943,49.22510085127694,-6.199274455842008,0.05,0.05,0.05,0.321373333333361,2.4363123076923108,-12.839811794871808,-1.148656343655164,2.0194705294712696,-9.09439810189654,0.05,0.14,0.15,13.072859878684541,48.79387022283426,-0.7206300316604131
1988.4700000000005,0.0,13.1,48.48344457686537,48.46238749123695,48.9145329494238,49.45228162243411,-6.049161871403537,0.05,0.05,0.05,0.3080400000000033,2.4347738461538464,-12.834170769230772,-1.6581468531469596,1.699790209790143,-9.768723776223917,0.05,0.14,0.15,13.066711585448436,48.82816165999006,-0.7564339463972901
1988.48,0.0,13.1,48.36111327659564,48.37324726408002,48.89044803504383,49.29341458823511,-5.919340329835157,0.05,0.05,0.05,0.2947066666666836,2.4332353846153865,-12.828529743589751,-2.1429476584021483,1.379090909090984,-10.34066115702489,0.05,0.14,0.15,13.060576627334992,48.729555790988655,-0.7993359189857252
1988.49,0.0,13.1,48.16077285106408,48.21683174468104,48.93865829787228,48.94094400000043,-5.799400299850168,0.05,0.05,0.05,0.2813733333333639,2.4316969230769265,-12.822888717948732,-2.3883771600296098,1.048512396694811,-9.91992486852067,0.05,0.14,0.15,13.054455023144774,48.564301723404455,-0.9110548909595695
1988.5,0.0,13.1,48.028635016229686,48.161407990012485,48.92677832209736,48.83553043196006,-5.76,0.05,0.05,0.05,0.2680400000000063,2.430158461538462,-12.817247692307696,-2.5479975031213264,0.687028714107597,-9.536609238451948,0.05,0.14,0.15,13.04834679167265,48.4880879400749,-0.9850806311352475
1988.51,0.0,13.1,47.93031791260932,48.15606466916355,48.88510041947569,48.85262905867664,-5.76,0.05,0.05,0.05,0.2547066666666865,2.428620000000002,-12.811606666666677,-1.9087965043695665,0.0378401997503405,-9.50165293383271,0.05,0.14,0.15,13.04225195170767,48.4560280149813,-0.7082095845664694
1988.52,0.0,13.1,47.96313952929377,48.07006451677539,48.72772820230384,48.8569126189284,-5.8806004503374325,0.05,0.05,0.05,0.2413733333333668,2.4270815384615423,-12.805965641025656,-1.3106032540675692,-0.6436720901127149,-9.52204005006262,0.05,0.14,0.15,13.036170522032725,48.40446121682535,-0.4333730074388251
1988.53,0.0,13.1,48.061727411116685,47.94361484226338,48.51233511266898,48.85476940410616,-6.0607355516638535,0.05,0.05,0.05,0.2280400000000092,2.425543076923078,-12.80032461538462,-1.1053466833539505,-1.6349111389248254,-10.072728410513792,0.05,0.14,0.15,13.030102521424416,48.3431116925388,-0.17803073802412345
1988.54,0.0,13.1,48.012039550000026,47.90820246999999,48.52479210999998,48.79607777000002,-6.1401149138146325,0.05,0.05,0.05,0.2147066666666894,2.424004615384618,-12.7946835897436,-0.9093433208489932,-2.435058676654666,-10.561280898876449,0.05,0.14,0.15,13.024047968652882,48.310277975000005,0.04493017386724439
1988.55,0.0,13.099440000000024,47.88898955000002,47.91783246999999,48.649982109999975,48.70940777000002,-6.170092430676958,0.05,0.05,0.05,0.2013733333333697,2.422466153846158,-12.78904256410258,-0.7994806491886903,-1.4562821473174223,-10.47139325842711,0.05,0.14,0.15,13.018006882481492,48.291552975,-0.033555984788234974
1988.56,0.0,13.089440000000003,47.84611250999999,47.94106324000005,48.52534743999959,48.73440725000014,-6.099659999999835,0.05,0.05,0.05,0.1880400000000121,2.4209276923076937,-12.783401538461543,-0.7340625782228539,-0.4247609511886648,-10.36445306633286,0.05,0.14,0.15,13.011979281666692,48.261732609999946,-0.13503280921070052
1988.57,0.0,13.07944000000001,47.84290251,47.97102324000001,48.27710743999994,48.814657250000025,-5.979659999999836,0.05,0.05,0.05,0.1824420124560975,2.418575492733943,-12.772673962631709,-1.094513141426746,1.1121602002501532,-10.09411514392994,0.05,0.14,0.15,13.000922761775499,48.22642261,-0.45680643629692314
1988.58,0.0,13.06944000000002,47.78394461308042,47.90088711932108,48.22281555666498,48.72542922616085,-5.899860104921265,0.05,0.05,0.05,0.1885931773329412,2.414987313222451,-12.754220468001176,-1.4146716604244964,2.349353308365312,-9.778309612984136,0.05,0.14,0.15,12.982213634659617,48.158269128806836,-0.7407633955015352
1988.59,0.0,13.05944,47.6974044233648,47.78122661008465,48.26448305541695,48.55234884672959,-5.839905071196445,0.05,0.05,0.05,0.1947443422098023,2.4113991337109484,-12.735766973370596,-1.359740324594189,0.7962946317084347,-9.039233458176362,0.05,0.14,0.15,12.96350768661329,48.073865733899,-0.6726744671054918
1988.6,0.0,13.049440000000008,47.60930814610946,47.6114658143605,48.33473923442593,48.41680611958953,-5.900160000000165,0.05,0.05,0.05,0.200895507086646,2.4078109541994563,-12.717313478740063,-1.3081071607411088,-0.7003830746120608,-8.37993740610918,0.05,0.14,0.15,12.944804931418403,47.993079828621354,-0.5994820158104067
1988.61,0.0,13.039440000000017,47.52043148861638,47.41657964973712,48.41933267950971,48.30008858143597,-6.020159999999994,0.05,0.05,0.05,0.2070466719634897,2.4042227746879643,-12.698859984109532,-1.2880771156735262,-1.6568177265891242,-8.485095142713988,0.05,0.14,0.15,12.926105382934097,47.914108099824794,-0.47738755408945294
1988.62,0.0,13.029439999999996,47.50648372393252,47.38582448858004,48.34816357497486,48.30880043197632,-6.100080000000083,0.05,0.05,0.05,0.2131978368403508,2.400634595176462,-12.680406489478948,-1.281195706440471,-2.4270269595595653,-8.598010484273802,0.05,0.14,0.15,12.907409055097435,47.887318054865936,-0.37789903371829686
1988.63,0.0,13.019440000000005,47.52986008937437,47.43682746772591,48.199404885799424,48.37999209036742,-6.160079999999997,0.05,0.05,0.05,0.2193490017171945,2.39704641566497,-12.661952994848416,-1.3960234648028729,-1.4734573140283171,-8.782733399900275,0.05,0.14,0.15,12.888715961924111,47.886521133316776,-0.487660380713939
1988.64,0.0,13.009440000000012,47.46326111363072,47.3995328949358,48.15772589065255,48.453989453262736,-6.18,0.05,0.05,0.05,0.2255001665940381,2.393458236153477,-12.643499500217889,-1.486276915373038,-0.5002153229843032,-9.031392088132328,0.05,0.14,0.15,12.870026117508653,47.86862733812045,-0.5815388394187835
1988.65,0.0,13.0,47.34895524313433,47.31542102796677,48.17282289241622,48.529474462081104,-6.18,0.05,0.05,0.05,0.2316513314708818,2.389870056641985,-12.625046005587356,-1.3410590886330649,0.6615272909354802,-9.892684026038374,0.05,0.14,0.15,12.851339536025163,47.841668406399606,-0.5232272944487384
1988.66,0.0,13.0,47.276871467729805,47.42314710690287,48.02655564913996,48.42888204834261,-6.140405338606019,0.05,0.05,0.05,0.237802496347743,2.3862818771304832,-12.606592510956771,-1.226067415730516,1.639400749062884,-10.704082397004123,0.05,0.14,0.15,12.832656231727785,47.788864068028815,-0.46349773023093427
1988.67,0.0,13.0,47.22567784699727,47.625788522302464,47.800450490904616,48.241172105656666,-6.081087493821094,0.05,0.05,0.05,0.2439536612245866,2.382693697618991,-12.58813901632624,-1.3908614232209702,0.9153058676654338,-11.053645443196,0.05,0.14,0.15,12.813976218951442,47.72327224146525,-0.3906423981062588
1988.68,0.0,13.0,47.27312234255233,47.641268303898826,47.72272272242586,48.11026310229939,-6.0600000000000005,0.05,0.05,0.05,0.2501048261014303,2.379105518107499,-12.569685521695709,-1.5105131414271522,0.1387234042568358,-11.348598247810031,0.05,0.14,0.15,12.795299512112075,47.6868441177941,-0.3054341848328068
1988.69,0.0,13.0,47.37081644451852,47.561401592802376,47.72058343552149,48.00829042652447,-6.0600000000000005,0.05,0.05,0.05,0.2562559909782915,2.3755173385959965,-12.551232027065126,-1.2001251564455824,-1.1378723404254274,-11.12331664580728,0.05,0.14,0.15,12.77662612570736,47.66527297484171,-0.10254852482428556
1988.7,0.0,13.0,47.46851054648442,47.48153488170616,47.71844414861713,47.90631775074984,-6.0600000000000005,0.05,0.05,0.05,0.2624071558551352,2.3719291590845044,-12.532778532434596,-0.8893334997509076,-2.257386420370013,-10.897608587119713,0.05,0.14,0.15,12.757956074317422,47.64370183188939,0.0840742347546124
1988.71,0.0,13.0,47.49591614403602,47.43042861215309,47.69010870217561,47.838524846211634,-6.115487382483835,0.05,0.05,0.05,0.2685583207319788,2.3683409795730124,-12.514325037804063,-0.5748052920625901,-1.922888167749104,-10.667953070394908,0.05,0.14,0.15,12.739289372605088,47.61374457614409,0.12016091600028656
1988.7200000000005,0.0,13.0,47.48735400350087,47.3940395148787,47.648368267066736,47.78822227056761,-6.204552201880382,0.05,0.05,0.05,0.2747094856088399,2.36475280006151,-12.49587154317348,-0.3131930879038867,-1.497407963936599,-10.398467317806016,0.05,0.14,0.15,12.720626035316618,47.57949601400348,0.12298887183480448
1988.73,0.0,13.0,47.33220496375909,47.32437880029993,47.65408856285928,47.81654242939265,-6.203825738607874,0.05,0.05,0.05,0.2808606504856836,2.361164620550018,-12.47741804854295,-0.5586225895316977,-0.2001377410467408,-9.747327823691414,0.05,0.14,0.15,12.701966077282433,47.53180368907774,-0.19286863116475944
1988.74,0.0,13.0,47.10221246188474,47.23773046238448,47.68404107473129,47.88500531367152,-6.143735603405126,0.05,0.05,0.05,0.2870118153625273,2.3575764410385256,-12.458964553912418,-0.8078881677483052,0.9895706440338984,-9.119880179730508,0.05,0.14,0.15,12.683309513417374,47.477247328168005,-0.49524420147403936
1988.75,0.0,12.999700897308038,46.9910270198675,47.15006728476813,47.55807033112564,47.929707549668905,-5.960322580644847,0.05,0.05,0.05,0.2931629802393884,2.353988261527024,-12.440511059281835,-1.0924613080381402,1.1892710933600985,-8.7104942586118,0.05,0.14,0.15,12.664656358721444,47.40721804635754,-0.6735309627364238
1988.76,0.0,12.959820538384845,46.94063702722591,47.06188479764535,47.35231119450581,47.96225108658327,-5.696392961876941,0.05,0.05,0.05,0.2993141451162321,2.350400082015532,-12.422057564651304,-1.3928035043800011,1.3029411764713317,-8.350463078848444,0.05,0.14,0.15,12.646006628280563,47.32927102649008,-0.8406982548308811
1988.77,0.0,12.919940179461651,46.86461837067216,46.96279359470475,47.26116342158861,47.913425397148735,-5.613700075357862,0.05,0.05,0.05,0.2943627223699999,2.350433636740769,-12.41436272237,-1.8433667083848664,0.597058823530376,-8.460600750938523,0.05,0.14,0.15,12.638338082818224,47.25050019602856,-0.9019379722239131
1988.78,0.0,12.880059820538348,46.773090875763536,46.857101130346,47.23937116089608,47.81536022403236,-5.673986435568998,0.05,0.05,0.05,0.2880180092242307,2.350921691598136,-12.40801800922423,-2.235880149812577,-0.1159550561806211,-8.625730337079384,0.05,0.14,0.15,12.632050430982966,47.171230847759496,-0.9346194705407691
1988.79,0.0,12.840179461615156,46.72849591408589,46.82669540459542,47.2713878321679,47.75867395604392,-5.734638233054101,0.05,0.05,0.05,0.2816732960784796,2.3514097464555017,-12.40167329607848,-2.091061173533087,-0.8949812734082232,-9.299887640449423,0.05,0.14,0.15,12.625766043457153,47.14631327672329,-0.7029543768978969
1988.8,0.0,12.800299102691962,46.70818622377624,46.83524685314685,47.33124797202794,47.72339923076925,-5.795567402894154,0.05,0.05,0.05,0.2753285829327284,2.351897801312868,-12.395328582932729,-1.9433541927411109,-1.5909637046308889,-9.968498122652669,0.05,0.14,0.15,12.619484925117552,47.14952006993007,-0.47979407718987377
1988.81,0.0,12.760418743768655,46.723012690000026,46.71867169999987,47.27163913999991,47.69934916999999,-5.9279549436799694,0.05,0.05,0.05,0.2689838697869592,2.3523858561702338,-12.38898386978696,-1.7681351689609428,-1.495844806007369,-10.5842678347944,0.05,0.14,0.15,12.613207080848106,47.10316817499995,-0.33765313023018667
1988.82,0.0,12.720538384845463,46.75618268999997,46.53677170000012,47.14965914000008,47.681159170000015,-6.108180225281659,0.05,0.05,0.05,0.2626391566412081,2.3528739110276,-12.382639156641208,-1.5973376623375295,-1.2984740259728542,-11.170194805195123,0.05,0.14,0.15,12.606932515539995,47.03094317500005,-0.2121458978732347
1988.83,0.0,12.680658025922272,46.631950734632944,46.55096761619175,47.07198542728643,47.72972581709135,-6.198149358813159,0.05,0.05,0.05,0.256294443495457,2.353361965884965,-12.376294443495455,-1.4674675324676252,-0.1546178821186981,-11.479885114884894,0.05,0.14,0.15,12.600661234091529,46.99615739880062,-0.2406071519614179
1988.84,0.0,12.640777666998968,46.42554393803069,46.667539330335,47.0174426986506,47.813144107946144,-6.228322856424501,0.05,0.05,0.05,0.2499497303496878,2.353850020742332,-12.369949730349688,-1.319887387387245,0.8670945945945335,-11.743748748748672,0.05,0.14,0.15,12.594393241408213,46.98091751874061,-0.25735543817665785
1988.85,0.0,12.600897308075776,46.40841430258305,46.61854019188188,46.86399424354238,47.64706367527666,-6.168391336091348,0.05,0.05,0.05,0.2436050172039367,2.354338075599697,-12.363605017203938,-1.0045720720722775,0.7319594594595475,-11.57357857857869,0.05,0.14,0.15,12.58812854240279,46.88450310332099,-0.16316781401399566
1988.86,0.0,12.6,46.49053976383753,46.48271731365331,46.65868059040617,47.35014854612584,-6.051574592358178,0.05,0.05,0.05,0.2372603040581855,2.3548261304570626,-12.357260304058189,-0.7258441558440551,0.5462012987023976,-11.281688311690694,0.05,0.14,0.15,12.58186714199516,46.74552155350571,-0.0944239480668746
1988.87,0.0,12.6,46.47230371940445,46.41811252586423,46.58474686853395,47.14072081251568,-5.983173487321038,0.05,0.05,0.05,0.2309155909124164,2.355314185314429,-12.350915590912416,-0.7857842157842664,-0.1081443556449084,-9.863106893105694,0.05,0.14,0.15,12.575609045112415,46.653970981579576,-0.2611979466325942
1988.88,0.0,12.6,46.39346445622004,46.39651272773151,46.590146818067126,46.98412227605351,-5.953045443133264,0.05,0.05,0.05,0.2245708777666652,2.355802240171795,-12.344570877766666,-0.8337847309136077,-0.7210362953693277,-8.568525657071277,0.05,0.14,0.15,12.569354256688934,46.59106156951805,-0.40950689940187734
1988.89,0.0,12.6,46.332832291091634,46.38878,46.63896774905891,46.91426948557091,-5.92256278831368,0.05,0.05,0.05,0.2182261646209141,2.35629029502916,-12.338226164620917,-0.7687033792240161,-0.941311639549484,-8.448375469336645,0.05,0.14,0.15,12.563102781666236,46.56871238143036,-0.38292963308906397
1988.9,0.0,12.6,46.28235299372657,46.38878,46.71200162609774,46.89278893350067,-5.891809328549524,0.05,0.05,0.05,0.211881451475163,2.356778349886526,-12.331881451475164,-0.7241922596753801,-1.138042446941327,-8.330701622971302,0.05,0.14,0.15,12.556854624993086,46.56898088833124,-0.3653337368872063
1988.91,0.0,12.6,46.2819605974608,46.31404141896935,46.70991904406272,46.94961822255417,-5.935013644256988,0.05,0.05,0.05,0.2055367383293938,2.3572664047438927,-12.325536738329394,-0.8690112359552818,-1.118067415730306,-8.235820224718953,0.05,0.14,0.15,12.55060979162546,46.563884820761764,-0.430403104359907
1988.92,0.0,12.6,46.308597391087865,46.19897047050041,46.66730017425942,47.04870709484687,-6.024321508310544,0.05,0.05,0.05,0.1991920251836427,2.3577544596012583,-12.319192025183645,-1.0191239048811798,-1.0086833541923668,-8.202590738423245,0.05,0.14,0.15,12.544368286526616,46.55589378267364,-0.4972169574961805
1988.93,0.0,12.6,46.16026683086224,46.13973326463938,46.68509551143499,47.16081337019341,-6.041862572363501,0.05,0.05,0.05,0.1928473120378915,2.3582425144586234,-12.312847312037892,-1.219374217771946,-0.0524881101389578,-8.753279098872852,0.05,0.14,0.15,12.538130114666984,46.5364772442825,-0.5805531905576771
1988.94,0.0,12.6,45.91394363407855,46.11176643880368,46.73672657451629,47.28021020356891,-6.011658696199349,0.05,0.05,0.05,0.1865025988921224,2.3587305693159903,-12.306502598892124,-1.4215330836454043,0.7992334581772979,-9.330749063670266,0.05,0.14,0.15,12.53189528102425,46.51066171274186,-0.6496137095848911
1988.95,0.0,12.59995022399205,45.86045944197534,46.12542895802471,46.66590365925918,47.17998925432086,-6.0,0.05,0.05,0.05,0.1801578857463712,2.359218624173356,-12.300157885746373,-1.6412584269660102,0.689370786516995,-10.154719101122538,0.05,0.14,0.15,12.525663790583383,46.45794532839503,-0.5872793912736387
1988.96,0.0,12.589995022399226,45.91012857777776,46.1613598222222,46.52957773333341,46.962290488889,-6.0,0.05,0.05,0.05,0.1738131726006201,2.359706679030721,-12.29381317260062,-1.830438047559681,0.4986833541949544,-10.910040050062335,0.05,0.14,0.15,12.519435648336557,46.3908391555556,-0.5166720240921507
1988.9700000000005,0.0,12.580039820806372,45.93273048338369,46.11807323262826,46.565745392749456,46.77701759315181,-6.034479568234474,0.05,0.05,0.05,0.169386295470278,2.360409136353148,-12.28590863646852,-1.730312891113871,-0.4575118898625326,-11.015171464330436,0.05,0.14,0.15,12.511745443051673,46.348391675478304,-0.36770892179687675
1988.98,0.0,12.57008461921355,45.93919574018127,46.02755963746216,46.704748413897406,46.61107600201395,-6.096160370084863,0.05,0.05,0.05,0.1678481888794926,2.361434540747005,-12.275654592529952,-1.6013383270912058,-1.3219575530586731,-11.119298377028697,0.05,0.14,0.15,12.5018495343627,46.3206449483887,-0.2187500937728108
1988.99,0.0,12.560129417620724,45.966253894736816,45.9318111578948,46.74716242105264,46.5610387368421,-6.156745695033681,0.05,0.05,0.05,0.1663100822887072,2.362459945140862,-12.265400548591382,-1.2068314606746635,-1.3419325842696377,-11.214179775280778,0.05,0.14,0.15,12.491954476912394,46.30156655263159,-0.06983060648596479
1989.0,0.0,12.550174216027877,46.00487043609023,45.83312444110274,46.73536292230576,46.57605628070176,-6.216640878462775,0.05,0.05,0.05,0.1647719756979174,2.363485349534721,-12.255146504652783,-0.8437847309136077,-1.3112340425529223,-11.26748936170195,0.05,0.14,0.15,12.482060272725171,46.28735352005012,0.05696330263235175
1989.01,0.0,12.540219014435053,46.03991784039896,45.88839409975047,46.6808857306734,46.57724622443891,-6.24,0.05,0.05,0.05,0.163233869107132,2.3645107539285783,-12.244892460714214,-0.7787033792240161,-0.8005957446807418,-10.927063829787162,0.05,0.14,0.15,12.472166923831775,46.29661097381543,-0.025798656874763654
1989.02,0.0,12.530263812842229,46.07300512219445,46.02821454862816,46.60297051870339,46.57084223441397,-6.24,0.05,0.05,0.05,0.1616957625163466,2.3655361583224352,-12.234638416775644,-0.7092307692307954,-0.293986013986126,-10.552937062937229,0.05,0.14,0.15,12.462274432269137,46.318758105985,-0.11176733919094708
1989.03,0.0,12.520308611249376,45.926971230188535,45.97641249811311,46.56323603018866,46.62302197735854,-6.131061946902559,0.05,0.05,0.05,0.1601576559255569,2.366561562716296,-12.224384372837047,-0.5993406593405641,0.175544455544862,-9.868621378620787,0.05,0.14,0.15,12.452382800080487,46.272410433962214,-0.22725096001543793
1989.04,0.0,12.51035340965655,45.680400161006176,45.81705652327037,46.54493162767295,46.708083612578655,-5.954070796460281,0.05,0.05,0.05,0.1586195493347715,2.367586967110152,-12.214130328898475,-0.5456456456452601,0.6115315315314341,-9.2336636636638,0.05,0.14,0.15,12.442492029315453,46.187617981132036,-0.350648271068129
1989.05,0.0,12.500398208063729,45.52203266650282,45.6772760186778,46.35450108134675,46.64487367903661,-5.845463994060929,0.05,0.05,0.05,0.157081442743986,2.368612371504009,-12.203876284959907,-1.0211211211202107,0.7316516516514217,-9.06349349349382,0.05,0.14,0.15,12.432602122029934,46.04967086139099,-0.5485661651067304
1989.06,0.0,12.5,45.41053598427106,45.54789779306924,46.07260380928908,46.50287318751502,-5.786072754268612,0.05,0.05,0.05,0.1555433361531963,2.369637775897869,-12.193622241021307,-1.4764269662921246,0.7744219725343573,-8.88650936329589,0.05,0.14,0.15,12.422713080286181,45.88347769353611,-0.7326988017435041
1989.07,0.0,12.5,45.37135255825736,45.50256306990882,46.064295724417626,46.41182185916913,-5.777261538461576,0.05,0.05,0.05,0.1540052295624109,2.370663180291726,-12.18336819708274,-1.7460898876405235,0.1052584269661084,-8.64680898876398,0.05,0.14,0.15,12.412824906152933,45.83750830293823,-0.7899508039208806
1989.08,0.0,12.5,45.37677302431611,45.50906762917933,46.22474151975678,46.35219673252281,-5.8080307692307445,0.05,0.05,0.05,0.1524671229716255,2.371688584685583,-12.173114153144171,-1.9756534802202603,-0.5435177766652102,-8.506036554832619,0.05,0.1386240000000146,0.1486240000000146,12.402937601705254,45.86569472644376,-0.8208849902973225
1989.09,0.0,12.5,45.38491274774776,45.48998053553549,46.25485809309304,46.33859335835837,-5.9309228441757,0.05,0.05,0.05,0.1509290163808357,2.372713989079443,-12.162860109205573,-1.8254281422129648,-0.9992013019540064,-9.302230846271286,0.05,0.13,0.14,12.393051169024647,45.86708618368367,-0.6025577694292519
1989.1,0.0,12.5,45.394552387387385,45.45677733233233,46.21308632132132,46.350375140140144,-6.1124659606658405,0.05,0.05,0.05,0.1493909097900503,2.3737393934733,-12.152606065267005,-1.6875405742821123,-1.3844219725339677,-10.0878801498137,0.05,0.13,0.14,12.383165610199166,45.85369779529529,-0.3972966628293623
1989.11,0.0,12.5,45.3689425617978,45.4429673258427,46.06497796254702,46.36006713108613,-6.255247129306013,0.05,0.05,0.05,0.1478528031992649,2.3747647978671567,-12.142352021328431,-1.6625717852684072,-1.1247465667914338,-10.777018726591963,0.05,0.13,0.14,12.37328092732326,45.80923874531842,-0.311620348229525
1989.12,0.0,12.5,45.32405866666663,45.43976133333333,45.85872577777762,46.36861644444445,-6.375067398901733,0.05,0.05,0.05,0.1463146966084752,2.375790202261016,-12.132097977389837,-1.6087609511883452,-0.7991664580707262,-11.402403003754744,0.05,0.1313996806812215,0.1413996806812215,12.363397122497911,45.74779055555551,-0.23275980515484973
1989.13,0.0,12.5,45.23841325325329,45.43862,45.79288746746746,46.36959069069069,-6.43885369532429,0.05,0.05,0.05,0.1447765900176898,2.3768156066548736,-12.121843933451265,-1.2833541927408498,0.1470162703381446,-11.427434292866089,0.05,0.14,0.15,12.353514197830695,45.70987785285286,-0.21808111060974195
1989.14,0.0,12.5,45.130235075075234,45.43862,45.80466924924923,46.366377477477485,-6.469019607843154,0.05,0.05,0.05,0.1432384834269044,2.3778410110487305,-12.111589889512697,-0.99,0.9881977034449978,-11.396397903146031,0.05,0.14,0.15,12.343632155435687,45.684975450450494,-0.2117330902110921
1989.15,0.0,12.5,45.11299928255522,45.321095616707936,45.59824717444775,46.2742095528258,-6.461763440860218,0.05,0.05,0.05,0.141700376836119,2.378866415442588,-12.101335845574129,-0.99,0.8683774338494483,-10.852214178732911,0.05,0.14,0.15,12.333750997433565,45.576637906634176,-0.28162976771238385
1989.16,0.0,12.48113848768055,45.145598791154825,45.13916932678111,45.2722520884517,46.13329554791138,-6.433089605734722,0.05,0.05,0.05,0.1401622702453292,2.379891819836447,-12.091081801635529,-0.988565348022026,0.6935277916872064,-10.266747621431692,0.05,0.14,0.15,12.323870725951592,45.42257893857475,-0.35157019451037974
1989.17,0.0,12.46114748363239,45.148968931841296,45.0537683214649,45.201306408952206,45.98403916581889,-6.42,0.05,0.05,0.05,0.1462418589504907,2.3775032564198035,-12.072522794938626,-0.9735428142213391,-0.0025162744112845,-9.290282924387046,0.05,0.14,0.15,12.30527183974043,45.347020707019325,-0.42192497982847915
1989.18,0.0,12.441156479584228,45.1337298677518,45.02982122075284,45.29274079348918,45.8294715157683,-6.42,0.05,0.05,0.05,0.1532199013769826,2.3747120394492067,-12.052984276144448,-0.948686641698043,-0.6486916354554073,-8.372124843945622,0.05,0.14,0.15,12.28564868329989,45.32144084944053,-0.485338920300317
1989.19,0.0,12.421165475536007,45.08830463845385,44.98774389203599,45.384533122292574,45.73964405198267,-6.509212242849995,0.05,0.05,0.05,0.1601979438034944,2.371920822478602,-12.033445757350217,-0.8338302122346726,-0.8384544319601062,-7.987605493133469,0.05,0.14,0.15,12.266029861548372,45.30005642619127,-0.4852282757061815
1989.2,0.0,12.401174471487847,45.02626531822733,44.93568791069649,45.476522459180174,45.685448783738806,-6.649703963873535,0.05,0.05,0.05,0.1671759862299863,2.3691296055080056,-12.01390723855604,-0.7448986232789848,-0.9883729662079253,-7.684695869836955,0.05,0.14,0.15,12.24641539531857,45.28098111796071,-0.48561615003956465
1989.21,0.0,12.381183467439689,44.9642259980008,44.88363192935699,45.56851179606778,45.63125351549495,-6.790195684897074,0.05,0.05,0.05,0.1741540286564782,2.3663383885374087,-11.99436871976186,-0.9000926157695495,-0.7630913642054926,-8.150277847308649,0.05,0.14,0.15,12.226805305572052,45.26190580973012,-0.4906984109404543
1989.2200000000005,0.0,12.36119246339147,44.842422834331344,44.80939592814372,45.60126,45.64840834331337,-6.898095000000121,0.05,0.05,0.05,0.1811320710829899,2.363547171566804,-11.974830200967627,-1.0557403245944814,-0.4945792759041868,-8.62607490636784,0.05,0.14,0.15,12.20719961340039,45.22537177644711,-0.4988823651598189
1989.23,0.0,12.341201459343308,44.68758251497016,44.72289892215575,45.60126,45.70500514970056,-6.988094999999993,0.05,0.05,0.05,0.1881101135094818,2.360755954596207,-11.955291682173453,-1.2155405742821948,0.1695905118603713,-9.19536329588032,0.05,0.14,0.15,12.187598340026296,45.17918664670662,-0.5354538983288601
1989.24,0.0,12.321210455295146,44.641444007012254,44.64579796644135,45.4976739243678,45.71783399449037,-6.98127000000009,0.05,0.05,0.05,0.1950881559359737,2.3579647376256103,-11.935753163379273,-1.3777822277845695,0.7743254067584088,-9.786415519398556,0.05,0.14,0.15,12.168001506804256,45.125687473077946,-0.5633713380336545
1989.25,0.0,12.30121945124693,44.65645026796897,44.57398228900564,45.33582068119181,45.70604336088152,-6.921270000000005,0.05,0.05,0.05,0.2020661983624855,2.355173520655005,-11.91621464458504,-1.5630137672090547,0.8193817271589593,-10.582410513141614,0.05,0.14,0.15,12.148409135221703,45.06807414976199,-0.5097960642826393
1989.26,0.0,12.3,44.72304988006003,44.65573934032994,45.23407514242874,45.59654526236872,-6.91935532233881,0.05,0.05,0.05,0.2090442407889774,2.3523823036844087,-11.896676125790863,-1.7053996003999403,0.7871828171838237,-11.318696303696044,0.05,0.14,0.15,12.128821246900166,45.052352406296855,-0.4428353871668075
1989.27,0.0,12.3,44.81823228885549,44.822575922038816,45.16562936531741,45.432917076461926,-6.949340329835057,0.05,0.05,0.05,0.2160222832154693,2.3495910867138123,-11.877137606996683,-1.45564935064977,0.0479220779233194,-11.508506493506175,0.05,0.14,0.15,12.109237863595938,45.059838663168414,-0.2533676934651813
1989.28,0.0,12.3,44.919598880559846,44.91107952023993,45.19475625187416,45.370297211394295,-6.998650674662724,0.05,0.05,0.05,0.223000325641981,2.3467998697432075,-11.857599088202452,-1.198123123122869,-0.6113063063062371,-11.675170170170132,0.05,0.1385911749069534,0.1485911749069534,12.08965900720127,45.09893296601706,-0.07311368974114218
1989.29,0.0,12.3,45.024406476761726,44.95599706146931,45.27817454272872,45.36388041979009,-7.058620689655133,0.05,0.05,0.05,0.2299783680684729,2.3440086527726107,-11.838060569408276,-0.8677927927929034,-0.5212162162162464,-11.625120120120137,0.05,0.13,0.14,12.070084699745536,45.15561462518746,0.020875351338291326
1989.3,0.0,12.3,44.94552406187631,44.88236042415174,45.22724587824355,45.36706027944111,-7.118571428571343,0.05,0.05,0.05,0.2369564104949648,2.341217435802014,-11.818522050614098,-0.5650799200799882,-0.4237637362639607,-11.528831168831877,0.05,0.13,0.14,12.05051496339595,45.10554766092818,0.09782660483676348
1989.31,0.0,12.3,44.763987135728456,44.74247020459075,45.10123789421152,45.37560319361278,-7.178511488511555,0.05,0.05,0.05,0.2439344529214766,2.338426218831409,-11.798983531819866,-0.5151298701298122,-0.2589285714283798,-11.009350649350043,0.05,0.13,0.14,12.03094982045876,44.99582460703588,0.018843183162757793
1989.32,0.0,12.3,44.66538881321988,44.64189007010523,45.09040063595389,45.35410660991491,-7.122962221666167,0.05,0.05,0.05,0.2509124953479685,2.3356350018608123,-11.779445013025688,-0.4893241551941342,-0.0993717146432261,-10.472848560700385,0.05,0.13,0.14,12.011389293380464,44.937946532298476,-0.07027554604657707
1989.33,0.0,12.3,44.613951657486325,44.563662729093785,45.145052613920775,45.31552874311474,-7.002872154115561,0.05,0.05,0.05,0.2578905377744604,2.3328437848902155,-11.75990649423151,-0.6895744680849005,0.0107659574466952,-9.776978723404971,0.05,0.13,0.14,11.991833404748538,44.9095489359039,-0.25428806135209625
1989.34,0.0,12.3,44.56121037481256,44.51088026986504,45.10168068965511,45.31535985007497,-6.921468164793877,0.05,0.05,0.05,0.2648685802009721,2.330052567919611,-11.74036797543728,-0.902396535129982,0.1466843118383618,-9.1071222329162,0.05,0.1314323607427089,0.1414323607427089,11.972282177292671,44.87228279610192,-0.44126636421127796
1989.35,0.0,12.3,44.50773711144425,44.47237952023986,45.00328988505743,45.3367491554223,-6.861543071160985,0.05,0.05,0.05,0.271846622627464,2.3272613509490143,-11.7208294566431,-1.2296342637148303,0.5172329162653228,-8.674013474495077,0.05,0.14,0.15,11.952735633885975,44.830038918040955,-0.6552363295484347
1989.36,0.0,12.258860601833414,44.35300939265187,44.32304939265187,44.84331489627596,45.24321409147716,-6.84,0.05,0.05,0.05,0.278824665053956,2.324470133978417,-11.701290937848922,-1.5557908428714982,0.8809833506762922,-8.244973985432285,0.05,0.14,0.15,11.933193797545794,44.69064694326421,-0.8675204874822033
1989.37,0.0,12.214022020725327,44.14120234441349,44.11124234441349,44.64862356910735,45.0848936715818,-6.84,0.05,0.05,0.05,0.2858027074804677,2.3216789170078127,-11.68175241905469,-1.8315452653487607,0.9278095733611104,-8.005639958376547,0.05,0.14,0.15,11.913656691434912,44.49649048237903,-1.0012139097942172
1989.38,0.0,12.169183439617369,44.03191275318824,44.03478,44.60911554388603,44.9853381395348,-6.859210789210823,0.05,0.05,0.05,0.2857105512698942,2.3177531459032776,-11.668161664829954,-2.06862921348313,0.9116629213482318,-7.900741573033865,0.05,0.14,0.15,11.899563302956071,44.41528660915227,-1.0950275685782094
1989.39,0.0,12.124344858509406,43.980539909977466,44.03478,44.65727758439613,44.91898155038756,-6.889180819180801,0.05,0.05,0.05,0.2749465644942311,2.312114867116026,-11.663548527640383,-1.953772784020086,0.3223995006247893,-9.019343320847858,0.05,0.14,0.15,11.893688873881318,44.39789476119029,-0.8258950966722556
1989.4,0.0,12.079506277401448,43.968173769672745,43.92948216337751,44.737545201099145,44.87386368223833,-6.938330417395547,0.05,0.05,0.05,0.264182577718568,2.3064765883287737,-11.658935390450814,-1.8427570678010017,-0.2466975231415915,-10.098083562670585,0.05,0.14,0.15,11.887825752659115,44.377266204096934,-0.5661819733158028
1989.41,0.0,12.03466769629336,43.97779655258557,43.76482565575791,44.835911426430336,44.84071854109412,-6.998315421144733,0.05,0.05,0.05,0.2534185909428743,2.300838309541505,-11.654322253261231,-1.7677007755816594,-0.6269827370529256,-10.8036127095324,0.05,0.14,0.15,11.881973956028906,44.354813043966985,-0.39465933093986083
1989.42,0.0,11.9898291151854,44.04954600000004,43.800792400000056,44.789600799999945,44.8423732,-7.058329164582245,0.05,0.05,0.05,0.2426546041672112,2.2952000307542533,-11.649709116071662,-1.676007994004536,-0.8715838121410562,-11.439020734449164,0.05,0.14,0.15,11.876133500730827,44.37057810000001,-0.24227079189755993
1989.43,0.0,11.94499053407744,44.156545999999885,43.95059239999985,44.66120080000013,44.863773199999976,-7.118359179589674,0.05,0.05,0.05,0.2318906173915481,2.289561751967001,-11.645095978882091,-1.43119160629555,0.1326630027468245,-11.42902822882839,0.05,0.14,0.15,11.870304403505425,44.40802809999996,-0.265994101901362
1989.44,0.0,11.900151952969352,44.06359246376787,43.9113423188404,44.60312057971012,44.932246376811705,-7.159161048689156,0.05,0.05,0.05,0.2211266306158544,2.2839234731797333,-11.64048284169251,-1.188743429286422,1.0385506883604378,-11.433526908635914,0.05,0.14,0.15,11.864486681093567,44.37757543478253,-0.27809188802266693
1989.45,0.0,11.855313371861392,43.857185667166206,43.76482557721125,44.58493967016489,45.02742878560729,-7.189123595505644,0.05,0.05,0.05,0.2103626438401913,2.278285194392481,-11.63586970450294,-0.9684680851062656,1.023531914893609,-11.573702127659647,0.05,0.14,0.15,11.858680350236309,44.30859492503741,-0.18134344794917162
1989.46,0.0,11.85,43.81497632000001,43.71164,44.51767849,44.77843855999997,-7.0859955257270215,0.05,0.05,0.05,0.1995986570645282,2.272646915605229,-11.63125656731337,-0.7586320519221097,0.9205391912131238,-11.565067398901563,0.05,0.14,0.15,11.85288542767466,44.205683342499995,-0.10147357861834927
1989.4700000000005,0.0,11.85,43.86633632000007,43.71164,44.42244848999986,44.33331855999933,-6.907024608500761,0.05,0.05,0.05,0.1888346702888345,2.2670086368179607,-11.626643430123789,-0.6438042935595447,0.0168946580120689,-10.202111832250248,0.05,0.14,0.15,11.847101930149456,44.08343584249982,-0.1752157521069925
1989.48,0.0,11.85,43.904059750062494,43.69664876780804,44.32859649087724,44.09201390152456,-6.802243460764528,0.05,0.05,0.05,0.1780706835131714,2.261370358030709,-11.622030292934216,-0.5332699048573417,-0.785097646469828,-8.888277416124865,0.05,0.14,0.15,11.841329874401243,44.00532972756808,-0.25353596367970715
1989.49,0.0,11.85,43.934012261934505,43.67311465133717,44.23552975756064,43.96685519120224,-6.741881287726355,0.05,0.05,0.05,0.1673066967375083,2.2557320792434568,-11.617417155744649,-0.4631647471208031,-0.6298647971960639,-8.037000500752608,0.05,0.14,0.15,11.835569277170038,43.952377965508646,-0.37496603387975475
1989.5,0.0,11.85,43.86331617169934,43.586375497878535,44.23569326179194,43.97778881457462,-6.681788211788125,0.05,0.05,0.05,0.1565427099618146,2.250093800456189,-11.612804018555064,-0.4301573033708293,-0.4642921348314242,-7.292741573033741,0.05,0.1385623342174908,0.1485623342174908,11.829820155195183,43.91579343648611,-0.49373346307163013
1989.51,0.0,11.85,43.73514047916144,43.46354045919638,44.2890998003494,44.06644366858,-6.6218481518481696,0.05,0.05,0.05,0.1457787231861516,2.2444555216689364,-11.608190881365491,-0.7347765293380326,-0.2046167290888901,-7.522454431959827,0.05,0.13,0.14,11.824082525215262,43.888556101821806,-0.588268169549352
1989.52,0.0,11.85,43.695567211225246,43.36347417188685,44.23267021297935,44.18858653470291,-6.61907453726861,0.05,0.05,0.05,0.1350147364104885,2.2388172428816846,-11.603577744175924,-1.040926389583717,0.0696244366541374,-7.754644466699525,0.05,0.13,0.14,11.818356403967819,43.87007453269858,-0.6844566014245234
1989.53,0.0,11.85,43.70736375344526,43.2766087246304,44.11255996492105,44.33014504134305,-6.649089544772452,0.05,0.05,0.05,0.1242507496347948,2.2331789640944164,-11.59896460698634,-1.3614071106659476,0.4802403605407451,-8.010027541311928,0.05,0.13,0.14,11.812641808189241,43.85666937108494,-0.7961283586536898
1989.54,0.0,11.85,43.56308530469542,43.23149112887114,44.04857669330672,44.45914456543451,-6.66,0.05,0.05,0.05,0.1134867628591317,2.227540685307164,-11.59435146979677,-1.658444832750784,0.8703669495754197,-8.317493759360135,0.05,0.13,0.14,11.806938754614656,43.82557442307695,-0.8899147467930841
1989.55,0.0,11.85,43.33005833166852,43.210112507492525,44.01650876123879,44.581002707292605,-6.66,0.05,0.05,0.05,0.1027227760834686,2.221902406519912,-11.5897383326072,-1.7433175237142982,1.075059910134483,-9.096325511731203,0.05,0.13,0.14,11.801247259977648,43.78442057692311,-0.8218340508597581
1989.56,0.0,11.841244102309414,43.2863721979116,43.21990290402789,43.84589759820942,44.41983527598154,-6.698022471910167,0.05,0.05,0.05,0.0919587893077749,2.216264127732644,-11.585125195417618,-1.8175844806007293,1.2102403003750335,-9.83333416770993,0.05,0.13,0.14,11.795567341010164,43.69300199403261,-0.7492930211520205
1989.57,0.0,11.831311149739271,43.35128517652917,43.247570730979646,43.59582300845316,44.096334530084086,-6.757947565543059,0.05,0.05,0.05,0.0811948025321118,2.210625848945392,-11.580512058228049,-1.7925531914893484,0.6945957446805766,-10.178765957446991,0.05,0.13,0.14,11.789899014442362,43.57275336151151,-0.6349912498386261
1989.58,0.0,11.821378197169128,43.327391647855485,43.25796,43.51666866315527,43.9614521244043,-6.817872659175952,0.05,0.05,0.05,0.0921726308028262,2.208127287568796,-11.56127287568796,-1.727977528089828,0.1805617977527388,-10.552786516854022,0.05,0.1314331210191097,0.1414331210191097,11.770613935479032,43.51586810885376,-0.5032505888869653
1989.59,0.0,11.811445244598955,43.25010045146709,43.25796,43.54028541760728,43.939982347629744,-6.877797752809014,0.05,0.05,0.05,0.1058651288938022,2.2060207494009534,-11.540207494009534,-1.3035081148556331,-0.3188139825227843,-11.186993757803936,0.05,0.14,0.15,11.749643568087377,43.497082054176026,-0.21279841718666712
1989.6,0.0,11.801512292028814,43.31169233067745,43.26535728087651,43.618937928286975,43.922645278884445,-6.9,0.05,0.05,0.05,0.1195576269847392,2.203914211233117,-11.51914211233117,-0.9001877816723478,-0.7627516274411028,-11.780778668002172,0.05,0.14,0.15,11.728689904704913,43.52965820468134,0.05866935698570197
1989.61,0.0,11.79157933945867,43.4545010956175,43.277080388446215,43.72977458167329,43.90772496015936,-6.9,0.05,0.05,0.05,0.1332501250756763,2.2018076730652805,-11.498076730652803,-0.6948798197296274,-0.6876389584376685,-11.996101652478684,0.05,0.14,0.15,11.707753035018346,43.592270256474094,0.1523920206340722
1989.62,0.0,11.781646386888498,43.50834,43.29617275637823,43.76022196098047,43.88342558279136,-6.9,0.05,0.05,0.05,0.1469426231666523,2.1997011348974382,-11.47701134897438,-0.4955905118599257,-0.5837278401991233,-12.164162297128142,0.05,0.14,0.15,11.686833049284948,43.61204007503751,0.2339463159655846
1989.63,0.0,11.771713434318356,43.50834,43.319724532266136,43.74202286143071,43.853450595297645,-6.9,0.05,0.05,0.05,0.1606351212575893,2.197594596729602,-11.455945967296016,-0.3507715355804355,-0.2191835205990274,-11.90448689138561,0.05,0.14,0.15,11.665930038336525,43.605884497248624,0.2053738206501342
1989.64,0.0,11.761780481748213,43.49896905263159,43.27235431578954,43.85834102255625,43.91714757894728,-6.824535464535487,0.05,0.05,0.05,0.1743276193485264,2.1954880585617653,-11.434880585617652,-0.2224280350437943,0.1546758448058155,-11.654460575719716,0.05,0.14,0.15,11.645044093582923,43.63670299248116,0.1717602033898271
1989.65,0.0,11.75184752917807,43.48395150877195,43.1822490526317,44.05571445614009,44.0372879298244,-6.704655344655405,0.05,0.05,0.05,0.1880201174394634,2.193381520393929,-11.413815203939286,-0.2474593241551757,0.6152515644552332,-11.494260325406875,0.05,0.14,0.15,11.624175307016113,43.68980073684204,0.09121737874575434
1989.66,0.0,11.75,43.42735727680792,43.10182538653361,43.98459940149608,43.95833130174548,-6.6223123123122205,0.05,0.05,0.05,0.2017126155304394,2.191274982226086,-11.392749822260862,-0.3231660424478605,1.0155905118599258,-11.253605493131916,0.05,0.14,0.15,11.603323771213962,43.618028341645775,-0.012255503439581594
1989.67,0.0,11.75,43.34624006982544,43.027112169576064,43.755123092269336,43.761942274314215,-6.562252252252227,0.05,0.05,0.05,0.2154051136213765,2.1891684440582497,-11.371684440582497,-0.8574981273411516,0.8707715355804355,-10.284816479400154,0.05,0.14,0.15,11.582489579344362,43.47260440149626,-0.32325116768779727
1989.68,0.0,11.75,43.2059660451129,42.98429422556393,43.71033990977439,43.611124360902345,-6.521119720069997,0.05,0.05,0.05,0.2290976117123135,2.1870619058904133,-11.350619058904131,-1.3477697121401309,0.6962953692117644,-9.33327409261621,0.05,0.138585106382983,0.148585106382983,11.561672825168813,43.37793113533839,-0.613756503312056
1989.69,0.0,11.75,43.03004624561377,42.96069522807014,43.77684617543869,43.48776596491209,-6.4911272181954045,0.05,0.05,0.05,0.2427901098032894,2.1849553677225706,-11.329553677225707,-1.427869837296665,0.2457321652062596,-8.542285356695434,0.05,0.13,0.14,11.540873603046544,43.313838403508676,-0.7135116662818071
1989.7,0.0,11.75,42.92218316455692,42.84432694203855,43.74367798134572,43.49849685542976,-6.5177085761865605,0.05,0.05,0.05,0.2564826078942265,2.182848829554734,-11.308488295547344,-1.5238561438558935,-0.1381318681320974,-7.857832167831876,0.05,0.13,0.14,11.52009200793865,43.25217123584273,-0.8094143996884521
1989.71,0.0,11.75,42.85446164556966,42.67324099933388,43.65171928714196,43.58831697534971,-6.577658617818489,0.05,0.05,0.05,0.2701751059851636,2.1807422913868977,-11.287422913868978,-1.7636163836160572,0.0816483516480524,-8.137552447552068,0.05,0.13,0.14,11.499328135411735,43.1919347268488,-0.8704516776040341
1989.7200000000005,0.0,11.75,42.7867401265822,42.50215505662873,43.55976059293794,43.67813709526992,-6.6376086594505885,0.05,0.05,0.05,0.2838676040761396,2.1786357532190554,-11.266357532190554,-1.982439939939967,0.2409609609605261,-8.504677177178456,0.05,0.13,0.14,11.4785820816421,43.131698217854705,-0.904942691901205
1989.73,0.0,11.75,42.76886532899675,42.47190967725796,43.4710771228421,43.67941310983236,-6.735198799699999,0.05,0.05,0.05,0.2975601021670766,2.176529215051219,-11.24529215051219,-2.0074649649649645,-0.1594394394394323,-9.680853353353331,0.05,0.13,0.14,11.457853943419956,43.097816309732295,-0.6937105993731016
1989.74,0.0,11.75,42.78064416312234,42.52544983237428,43.38434207155368,43.6280145609207,-6.855228807201628,0.05,0.05,0.05,0.3112526002580136,2.1744226768833825,-11.224226768833825,-2.022047952048036,-0.4608566433572636,-10.813059440558677,0.05,0.13,0.14,11.437143818153109,43.079612656992744,-0.4959188701639596
1989.75,0.0,11.75,42.66896849376521,42.5265570972568,43.34272854862839,43.59617445885283,-6.9,0.05,0.05,0.05,0.3249450983489896,2.17231613871554,-11.2031613871554,-1.942127872127754,0.1335489510498311,-11.547325174826264,0.05,0.13,0.14,11.416451803871233,43.03360714962581,-0.4197658059682883
1989.76,0.0,11.71751258912106,42.484320114712986,42.49667181047378,43.32778590523689,43.575895157107205,-6.9,0.05,0.05,0.05,0.3386375964399267,2.1702096005477034,-11.182096005477035,-1.8402252816016893,0.6851314142679938,-12.261739674593786,0.05,0.13,0.14,11.395777999230132,42.97116824688271,-0.33478193510978715
1989.77,0.0,11.677626265144426,42.42547432,42.43538412499999,43.12134935499998,43.38746370499999,-6.881846698709865,0.05,0.05,0.05,0.3278429460736877,2.16639790994776,-11.18,-1.5348435544432713,0.8403254067583377,-12.792403003754316,0.05,0.13,0.14,11.392680145668809,42.84241787624999,-0.16805649488419583
1989.78,0.0,11.637739941167675,42.44259432000002,42.35513412499988,42.79927935499952,43.09749370499957,-6.851490007589149,0.05,0.05,0.05,0.314342608565224,2.162397809945252,-11.18,-1.245521717423789,0.915596605092026,-13.134702945580925,0.05,0.13,0.1414148936170471,11.391539648529324,42.67362537624975,-0.026920278932160424
1989.79,0.0,11.59785361719104,42.43034124124123,42.3449543843844,42.765503478478514,42.98230968468468,-6.783994993742168,0.05,0.05,0.05,0.3008422710567986,2.158397709942755,-11.18,-1.1007388916624998,0.2715626560159476,-11.781732401397845,0.05,0.13,0.15,11.390416443060401,42.630777197197204,-0.11608708144541463
1989.8,0.0,11.557967293214404,42.40035125125127,42.377086516516485,42.90581378878867,42.97267004504505,-6.693882352941195,0.05,0.05,0.05,0.2873419335483733,2.154397609940258,-11.18,-0.9330846269405926,-0.3318577866799123,-10.51579869804729,0.05,0.13,0.15,11.389310534377909,42.66398040040037,-0.18862430635097555
1989.81,0.0,11.518080969237657,42.36501368684339,42.33488079539763,42.85724740870423,42.94696254627311,-6.622541270635214,0.05,0.05,0.05,0.2738415960399095,2.150397509937751,-11.18,-0.5525137706554439,-0.5571957936908556,-10.060115172758492,0.05,0.13,0.15,11.388221927520913,42.62602610930459,-0.10635216445410371
1989.82,0.0,11.478194645261018,42.32647441720862,42.2481674387194,42.69559658329172,42.91163488244124,-6.562511255627785,0.05,0.05,0.05,0.2603412585314842,2.1463974099352545,-11.18,-0.2139950062422155,-0.7400249687889223,-9.60605493133563,0.05,0.13,0.15,11.387150627451563,42.54546833041525,-0.04237650184217379
1989.83,0.0,11.438308321284383,42.27458698626721,42.15619288888896,42.56425108114865,42.889066746566805,-6.390112415688376,0.05,0.05,0.05,0.2468409210230588,2.142397309932758,-11.18,-0.2539450686641438,-0.5402746566792808,-9.166604244694415,0.05,0.13,0.15,11.386096639054959,42.47102442571791,-0.14306915279158053
1989.84,0.0,11.398421997307636,42.21474179275891,42.06108177777755,42.45097267915079,42.87410544818973,-6.150292280789096,0.05,0.05,0.05,0.2333405835145951,2.1383972099302504,-11.18,-0.323679599499776,-0.3380350438044939,-8.736320400500224,0.05,0.13,0.15,11.385059967139059,42.40022542446925,-0.2526355649506024
1989.85,0.0,11.358535673330998,42.088341665835216,42.05129458354119,42.410378044887786,42.922427211970174,-6.041507661888272,0.05,0.05,0.05,0.2198402460061698,2.134397109927754,-11.18,-0.6691113892368392,-0.1127534418020612,-8.390888610763161,0.05,0.13,0.15,11.38404061643457,42.36811037655859,-0.4443411513791993
1989.86,0.0,11.35,41.921837925187205,42.0929205187032,42.413580039900246,43.00888107730664,-6.011848739495809,0.05,0.05,0.05,0.2063399084977444,2.1303970099252574,-11.18,-0.9994756554308007,0.1054806491885852,-8.10946317103634,0.05,0.13,0.15,11.383038591594834,42.359304890274316,-0.6205673064256819
1989.87,0.0,11.35,41.893573837675376,41.94220201402794,42.4015268537074,42.92103436873739,-5.981784630940293,0.05,0.05,0.05,0.1928395709892807,2.1263969099227498,-11.18,-1.1942322097382547,0.2602871410739974,-8.404094881398898,0.05,0.13,0.15,11.382053897195723,42.28958426853703,-0.6574785790341228
1989.88,0.0,11.35,41.95039748496992,41.673093797595286,42.38008396793588,42.7259041082165,-5.951450960566201,0.05,0.05,0.05,0.1793392334808554,2.1223968099202533,-11.18,-1.425156445557526,0.3868210262827151,-8.646082603253817,0.05,0.13,0.1485843533794591,11.38108653773554,42.182369839679396,-0.7115628539353946
1989.89,0.0,11.35,41.79685150698632,41.555008013972085,42.35736385229544,42.682277574850254,-5.977266151159875,0.05,0.05,0.05,0.16583889597243,2.1183967099177567,-11.18,-1.9908635794739404,0.2516520650814479,-8.400775969962627,0.05,0.13,0.14,11.380136517634915,42.097875237026024,-0.9246074833922009
1989.9,0.0,11.35,41.51600320359328,41.52831140718568,42.33387083832339,42.73033146706579,-6.037131454227887,0.05,0.05,0.05,0.1523385584640046,2.1143966099152607,-11.18,-2.474032459426337,0.1115230961302782,-8.226941323344699,0.05,0.13,0.14,11.379203841236698,42.02712922904204,-1.0986019058813201
1989.91,0.0,11.35,41.46272932398601,41.54533632448675,42.381965948923416,42.58745202804197,-6.0600000000000005,0.05,0.05,0.05,0.1388382209555409,2.1103965099127526,-11.18,-2.214357053683065,-0.0732459425716653,-8.69635455680369,0.05,0.13,0.14,11.37828851280587,41.994370906359535,-0.9211444656518704
1989.92,0.0,11.35,41.54952952428638,41.58927222834249,42.47412418627937,42.32705142714087,-6.0600000000000005,0.05,0.05,0.05,0.1253378834471156,2.106396409910257,-11.18,-1.9438798498128875,-0.2707509386728121,-9.188335419272915,0.05,0.13,0.14,11.377390536529447,41.98499434151228,-0.7353198831264027
1989.93,0.0,11.35,41.643432222499285,41.59658335744576,42.39009578448509,42.30631336991757,-6.078592814371208,0.05,0.05,0.05,0.1118375459386902,2.10239630990776,-11.18,-1.5734167709644424,-0.5861451814762177,-9.889211514391596,0.05,0.13,0.14,11.376509916516373,41.984106183586924,-0.4720455988291055
1989.94,0.0,11.35,41.741651229733286,41.58163698677971,42.19899575954067,42.4312223247695,-6.108532934131753,0.05,0.05,0.05,0.0983372084302265,2.098396209905252,-11.18,-1.2080399500622756,-0.8460299625467067,-10.523495630461936,0.05,0.13,0.14,11.37564665679743,41.98837657520579,-0.22632939521522616
1989.95,0.0,11.35,41.75546359550557,41.55942249687887,42.11336189762794,42.42026888888877,-6.028479604450026,0.05,0.05,0.05,0.0848368709218012,2.094396109902756,-11.18,-0.8884394506868492,-0.6063295880151369,-10.558451935081123,0.05,0.13,0.14,11.374800761325167,41.962129219725284,-0.13863591775858491
1989.96,0.0,11.35,41.71699168539325,41.532705892634205,42.09305727840199,42.32515777777777,-5.880148331273477,0.05,0.05,0.05,0.0713365334133758,2.0903960099002594,-11.18,-0.5917000500752608,-0.3367826740119666,-10.6246644967445,0.05,0.13,0.14,11.373972233973774,41.91697815855181,-0.05699292047703332
1989.9700000000005,0.0,11.35,41.652739729526544,41.57251947407976,41.98767786626572,42.31820416228407,-5.639529471287523,0.05,0.05,0.05,0.0745036489053228,2.0881985404378707,-11.16423722883137,-0.5065723585377934,0.2090360540812071,-10.980197796695098,0.05,0.13,0.14,11.3580947715544,41.882785308039026,-0.03135564994537207
1989.98,0.0,11.35,41.57234904583021,41.65398203355873,41.82904025043828,42.36643857250187,-5.3359625600807865,0.05,0.05,0.05,0.0795021493551832,2.0861991402579267,-11.146742477256858,-0.4395355805242682,0.6713932584271954,-11.265872659176305,0.05,0.13,0.14,11.34056503437317,41.85545247558227,-0.013687313614071245
1989.99,0.0,11.35,41.50992177955517,41.55207245188727,41.70897333666594,42.318015411147336,-5.108815592203963,0.05,0.05,0.05,0.0845006498050434,2.0841997400779824,-11.129247725682347,-0.534416978776348,0.3867490636709562,-10.926297128589914,0.05,0.13,0.14,11.323037748588686,41.77224574481393,-0.06734292069783654
1990.0,0.0,11.35,41.45857461634587,41.33705620594832,41.6126974056485,42.20997242189443,-4.928905547226225,0.05,0.05,0.05,0.089499150254918,2.0822003398980327,-11.111752974107787,-0.6263763763763649,0.0637837837839029,-10.515035035035226,0.05,0.13,0.1414300903774722,11.305512925602319,41.65457516245928,-0.12688144359121234
1990.01,0.0,11.35,41.38753599202393,41.302388315054834,41.64646319042871,42.10606819541376,-4.674946263434199,0.05,0.05,0.05,0.0944976507047783,2.0802009397180887,-11.094258222533275,-0.6914414414413581,-0.6118918918910269,-9.443963963965336,0.05,0.13,0.15,11.287990576884795,41.61061392323031,-0.2405668038327562
1990.02,0.0,11.35,41.30432562313068,41.3791978863409,41.76061074775662,42.00472223330019,-4.375021244689123,0.05,0.05,0.05,0.0994961511546386,2.0782015395381443,-11.076763470958763,-0.7564918851434249,-1.174057428215762,-8.441548064919715,0.05,0.13,0.15,11.270470713976401,41.612214122632096,-0.3556602701587399
1990.03,0.0,11.35,41.3107239148937,41.39260851063826,41.84686221276605,41.93589531914887,-4.241514242878517,0.05,0.05,0.05,0.1044946516045131,2.076202139358194,-11.059268719384203,-0.821410736579335,-0.7146317103616285,-8.057028714107016,0.05,0.13,0.15,11.25295334848765,41.621522489361716,-0.4834266912453686
1990.04,0.0,11.35,41.37393292615776,41.36582503128909,41.91542791989995,41.88768505632035,-4.21152923538227,0.05,0.05,0.05,0.1094931520543734,2.0742027391782503,-11.041773967809691,-0.9019704556837737,-0.2560590886324529,-7.743688032048452,0.05,0.13,0.15,11.235438492099947,41.63571773341678,-0.6055848333892824
1990.05,0.0,11.35,41.3269874278607,41.25474645771145,41.8941002039801,41.9515347164179,-4.163344913151327,0.05,0.05,0.05,0.1144916525042337,2.0722033389983063,-11.024279216235184,-1.1273084626940764,0.1946169253881526,-8.08920630946425,0.05,0.13,0.15,11.217926156565834,41.60684220149254,-0.6758304448111052
1990.06,0.0,11.35,41.21093767661677,41.09078625870627,41.81637881094518,42.08568397014941,-4.103791563275284,0.05,0.05,0.05,0.1194901529541082,2.0702039388183566,-11.00678446466062,-1.3405393258429104,0.5774157303366207,-8.456209737828855,0.05,0.13,0.15,11.200416353709644,41.550946679104406,-0.7317005862334115
1990.07,0.0,11.35,41.104583924623135,41.04089150251256,41.84934640201004,42.11728784422111,-4.116283987915463,0.05,0.05,0.05,0.1244886534039685,2.068204538638412,-10.98928971308611,-1.4454082397004722,0.352696629213274,-9.01551061173585,0.05,0.13,0.15,11.182909095428213,41.52802741834171,-0.658906695173554
1990.08,0.0,11.35,41.004573874372,41.06562517085423,41.95473333668326,42.081800407035225,-4.176706948640415,0.05,0.05,0.05,0.1294871538538288,2.0662051384584683,-10.971794961511598,-1.5414718397997462,0.1357722152691209,-9.585742177721992,0.05,0.13,0.1485935002663916,11.165404393691105,41.52668319723618,-0.5823120898432964
1990.09,0.0,11.35,40.98448581745237,40.97030053660972,41.72430817953833,41.94083775827469,-4.2920599250938,0.05,0.05,0.05,0.1344856543037033,2.0642057382785186,-10.954300209937038,-1.5564906132665963,-0.0094092615770972,-10.256580725907966,0.05,0.13,0.14,11.147902260541313,41.404983072968776,-0.4707354001055441
1990.1,0.0,11.35,41.01453596790372,40.79965861083247,41.28321489969903,41.73370636409224,-4.441872659176243,0.05,0.05,0.05,0.1394841547535636,2.0622063380985742,-10.936805458362528,-1.5750187265917202,-0.14250936329586,-10.835910112359745,0.05,0.13,0.14,11.13040270809595,41.20777896063187,-0.37544235319836705
1990.11,0.0,11.35,40.96153830500009,40.74950656999997,41.21408237999986,41.64580491000001,-4.628648648648832,0.05,0.05,0.05,0.1444826552034239,2.0602069379186303,-10.919310706788016,-1.6249563046191304,-0.1674781523095652,-10.596209737828174,0.05,0.13,0.14,11.112905748546511,41.14273304124998,-0.42589196028053916
1990.12,0.0,11.35,40.85774830499994,40.77304657000001,41.37244238000009,41.63082491,-4.838858858859407,0.05,0.05,0.05,0.1494811556532984,2.0582075377386806,-10.901815955213456,-1.6371206810215393,-0.1693890836254426,-10.341722583875825,0.05,0.13,0.14,11.095411394159589,41.15851554125001,-0.468292031855706
1990.13,0.0,11.35,40.7999811764706,40.76753949579833,41.317015966386656,41.63236025210084,-4.92,0.05,0.05,0.05,0.1544796561031587,2.056208137558736,-10.884321203638944,-1.3016174261390554,0.0409263895844726,-9.951136705057408,0.05,0.13,0.14,11.077919657277572,41.1292242226891,-0.4366035215179437
1990.14,0.0,11.35,40.770361799308,40.74426712802771,41.1308370242217,41.64399643598615,-4.92,0.05,0.05,0.05,0.159478156553019,2.0542087373787923,-10.866826452064434,-0.989915127308967,0.1800798801793867,-9.592436345481724,0.05,0.13,0.14,11.060430550318925,41.07236559688589,-0.400682649326852
1990.15,0.0,11.35,40.70039283732682,40.776177982345374,41.09201823455221,41.58224824716291,-4.938207920792044,0.05,0.05,0.05,0.1644766570028794,2.052209337198848,-10.84933170048992,-0.8900649026461509,-0.3141787319015535,-9.517548676984614,0.05,0.13,0.14,11.042944085778958,41.037709325346825,-0.32708956618421914
1990.16,0.0,11.323472692844293,40.60324277427491,40.845262471626725,41.15246716267339,41.47106539722573,-4.967910891089148,0.05,0.05,0.05,0.1694751574527538,2.050209937018898,-10.83183694891536,-0.801962453066331,-0.7688310387984892,-9.425959949937448,0.05,0.13,0.14,11.025460276230316,41.01800945145018,-0.2640875406227059
1990.17,0.0,11.288591289615308,40.58100168294514,40.80528043576263,41.184968850488346,41.40584707738544,-4.997937988404355,0.05,0.05,0.05,0.1776701502130351,2.0461649248934823,-10.815085819030209,-0.821987484355436,-0.8589436795994623,-9.180653316645907,0.05,0.13,0.14,11.008380392007236,40.99427451164539,-0.29856647361615785
1990.18,0.0,11.253709886386323,40.60565482594539,40.69702098171807,41.19997511144502,41.369403300776376,-5.028187547264927,0.05,0.05,0.05,0.1862401504510838,2.041879924774458,-10.798421929678447,-0.844516853932548,-0.8551835205999302,-8.96501872659172,0.05,0.13,0.14,10.991354565848441,40.968013554971215,-0.33915712081901367
1990.19,0.0,11.21882848315724,40.56880373439832,40.571137114328366,41.1852150823764,41.36871607588619,-5.021737827715311,0.05,0.05,0.05,0.1948101506891569,2.037594924655421,-10.78175804032664,-0.8894606741573452,-0.011238451934296,-9.014956304619274,0.05,0.13,0.14,10.974335994124711,40.923468001747324,-0.43444913052364886
1990.2,0.0,11.183947079928258,40.49401591612588,40.43438224663017,41.15209476285574,41.39008402396404,-4.991775280898865,0.05,0.05,0.05,0.2033801509272056,2.033309924536397,-10.765094150974878,-0.9589534301451704,0.76717576364544,-9.023194792188344,0.05,0.13,0.14,10.957324710638218,40.86764423739396,-0.537481704711961
1990.21,0.0,11.149065676699276,40.386668856666944,40.37565320666669,41.05023149666698,41.34912565333351,-5.04068988501907,0.05,0.05,0.05,0.2119501511652544,2.0290249244173726,-10.748430261623117,-1.254396594892012,0.9424386579867868,-8.647631447171172,0.05,0.13,0.14,10.940320749386714,40.790419803333535,-0.7117590662933971
1990.2200000000005,0.0,11.11418427347019,40.25898219000004,40.36566654000001,40.90542483000005,41.26923232000002,-5.140673221129855,0.05,0.05,0.05,0.2205201514033274,2.024739924298336,-10.731766372271307,-1.514451935081106,1.0102222222215334,-8.35388014981307,0.05,0.13,0.1414300903774722,10.923324144564962,40.699826470000026,-0.8505950831515252
1990.23,0.0,11.079302870241207,40.13129552333349,40.35567987333335,40.76061816333351,41.18933898666676,-5.240656557240356,0.05,0.05,0.05,0.2290901516413762,2.020454924179312,-10.715102482919546,-1.4595205992509546,0.1213333333336285,-8.78833707865154,0.05,0.13,0.15,10.906334930566185,40.60923313666678,-0.673968041530069
1990.24,0.0,11.044421467012222,40.2311519239425,40.40324818613945,40.74514383787828,41.11775708281223,-5.407428714356858,0.05,0.05,0.05,0.2376601518794249,2.0161699240602875,-10.698438593567785,-1.366605757197095,-0.7051489361698653,-9.311662077595177,0.05,0.13,0.15,10.889353141983102,40.624325257693116,-0.4776254832463276
1990.25,0.0,11.00954006378314,40.47315342506892,40.48677082812113,40.81046282712037,41.051367290467816,-5.617533766883751,0.05,0.05,0.05,0.246230152117498,2.011884923941251,-10.681774704215975,-0.9260550688355303,-0.9604680851066812,-10.648332916146742,0.05,0.13,0.15,10.872378813609384,40.70543859269456,-0.10084091205475162
1990.26,0.0,11.0,40.54737775780276,40.54051907116104,40.8816356054931,41.06682067915104,-5.754661334666428,0.05,0.05,0.05,0.2548001523555467,2.007599923822226,-10.665110814864216,-0.5340349563046503,-1.1178751560543778,-11.86160049937587,0.05,0.13,0.15,10.855411980441142,40.75908827840199,0.23078920008482873
1990.27,0.0,11.0,40.51745516104873,40.57578498876399,40.956442097378165,41.13307785767781,-5.844638840289951,0.05,0.05,0.05,0.2633701525935955,2.003314923703202,-10.648446925512454,-0.5739850187265785,-0.4037677902624094,-11.976456928838912,0.05,0.13,0.15,10.83845267767797,40.79569002621717,0.16049991928990467
1990.28,0.0,11.0,40.50460955655206,40.50158028898851,40.9210682710513,41.17500054309916,-5.898210000000058,0.05,0.05,0.05,0.2719401528316685,1.999029923584165,-10.631783036160645,-0.6119724655820044,0.2429586983730065,-12.004553191488334,0.05,0.13,0.1485927505330297,10.821500940724455,40.775564664922754,0.08474606626509018
1990.29,0.0,11.0,40.5024770204285,40.35870036870964,40.8165740009966,41.20165724464372,-5.928210000000016,0.05,0.05,0.05,0.2805101530697172,1.994744923465141,-10.615119146808883,-0.631997496871081,0.2729962453066214,-11.238595744681154,0.05,0.13,0.14,10.804556805191673,40.719852158694614,-0.04102110518574187
1990.3,0.0,11.0,40.47446801691972,40.31749989549635,40.76132705648176,41.18882972878833,-5.9036526946108046,0.05,0.05,0.05,0.289080153307766,1.9904599233461169,-10.598455257457122,-0.6621048689136271,0.277807740325017,-10.537390761548306,0.05,0.13,0.14,10.787620306898273,40.68553117442154,-0.15775147935883088
1990.31,0.0,11.0,40.4297404727544,40.34199355063449,40.73789834287136,41.150491833789495,-5.843772455089715,0.05,0.05,0.05,0.2976501535458391,1.9861749232270804,-10.581791368105312,-0.7819550561799228,0.0580823970034749,-10.412546816479248,0.05,0.13,0.14,10.770691481872,40.66503105001244,-0.1940454104343385
1990.32,0.0,11.0,40.3285943173804,40.22934790931997,40.5988962619648,41.10091115365241,-5.783810952738116,0.05,0.05,0.05,0.3062201537838878,1.981889923108056,-10.565127478753553,-0.9097246558200432,-0.1833942428040952,-10.233922403002856,0.05,0.13,0.14,10.75377036635124,40.564437410579394,-0.238876120530659
1990.33,0.0,11.0,40.18952126952152,40.02451163727976,40.38220104785911,41.043772614609615,-5.723795948987216,0.05,0.05,0.05,0.3147901540219365,1.977604922989032,-10.54846358940179,-1.1099749687108096,-0.623944931163781,-9.563083854818789,0.05,0.13,0.14,10.736856996786113,40.4100016423175,-0.36183785892367826
1990.34,0.0,11.0,40.02419529999982,39.93015406999997,40.358683720000094,40.90621983999981,-5.591288466349409,0.05,0.05,0.05,0.3233601542600096,1.9733199228699951,-10.531799700049982,-1.261268081002652,-0.9790935390546232,-8.844098360654767,0.05,0.13,0.14,10.719951409840046,40.304813232499924,-0.484525715206314
1990.35,0.0,11.0,39.84229530000008,39.90554407000001,40.45712371999996,40.71789984000008,-5.411153365023756,0.05,0.05,0.05,0.3319301544980584,1.9690349227509707,-10.51513581069822,-0.976793635486853,-0.5740790742524687,-7.696557377048662,0.05,0.13,0.14,10.703053642391323,40.23071573250004,-0.6047757495326955
1990.36,0.0,10.975859076709554,39.77320561831301,39.87447729783533,40.467802015426784,40.59932335904465,-5.34,0.05,0.05,0.05,0.3405001547361071,1.9647499226319465,-10.49847192134646,-0.7121899325376393,-0.1683705241307579,-6.611665801764442,0.05,0.13,0.14,10.686163731534231,40.17870207265494,-0.7222896685741655
1990.37,0.0,10.941148906629651,39.775335501368495,39.83933422741974,40.42307447126149,40.52477745210247,-5.34,0.05,0.05,0.05,0.3490701549741802,1.9604649225129096,-10.48180803199465,-1.1636689154133089,0.2623508043598234,-7.784473274521929,0.05,0.13,0.14,10.66928171458064,40.14063041303805,-0.7412020997559825
1990.38,0.0,10.906438736549845,39.79424730951785,39.77119807144644,40.421471526355226,40.58684706969768,-5.231325842696645,0.05,0.05,0.05,0.3317029682649598,1.96228712896688,-10.480457425793375,-1.578493629777707,0.5850487134645938,-8.928933300025403,0.05,0.13,0.14,10.667735724582437,40.1434409942543,-0.7408627010166622
1990.39,0.0,10.87172856647004,39.8241848563577,39.68138543092692,40.4482014788908,40.73867320009973,-5.051550561797968,0.05,0.05,0.05,0.3111790964365583,1.9648526129454305,-10.480970522589086,-1.663429927554294,-0.0644641518857769,-9.818266300274372,0.05,0.13,0.14,10.668093612077037,40.17311124156879,-0.5672568329886841
1990.4,0.0,10.837018396390237,39.79152060180556,39.64951646940821,40.50729586760266,40.83528038114331,-5.01599402092667,0.05,0.05,0.05,0.2906552246081568,1.9674180969239805,-10.481483619384797,-1.744438047559388,-0.6110438047564832,-10.70087108885996,0.05,0.13,0.14,10.668491612741128,40.19590332998994,-0.40405341302103914
1990.41,0.0,10.80230822631033,39.717468445335975,39.65595578736209,40.58778734202612,40.89538068204617,-5.0757847533633305,0.05,0.05,0.05,0.2701313527796969,1.969983580902538,-10.481996716180507,-1.7894943679600026,-0.215549436795533,-11.521897371715603,0.05,0.13,0.14,10.668929722085487,40.214148064192585,-0.3360561547438724
1990.42,0.0,10.767598056230526,39.64501532254047,39.6707944607721,40.4184198505604,40.870330286425904,-5.1000000000000005,0.05,0.05,0.05,0.2496074809512954,1.972549064881088,-10.482509812976218,-1.8239475655430248,0.1480699126093003,-12.258991260923835,0.05,0.13,0.14,10.669407935169263,40.15113998007472,-0.273885892668673
1990.43,0.0,10.73288788615072,39.57359315566629,39.69104850809463,40.08795907845595,40.79038009962644,-5.1000000000000005,0.05,0.05,0.05,0.2290836091228939,1.9751145488596384,-10.483022909771927,-1.7640224719101325,0.2279700374531569,-12.249003745318356,0.05,0.13,0.14,10.669926246600248,40.03574521046083,-0.26358166609192485
1990.44,0.0,10.698177716070814,39.50328478119518,39.63101425856444,39.864677214303306,40.64339747436825,-5.1000000000000005,0.05,0.05,0.05,0.2085597372944341,1.977680032838196,-10.48353600656764,-1.6666057571959048,0.2743579474339437,-12.173429286607352,0.05,0.13,0.1414308510638456,10.670484650535204,39.91059343210779,-0.24712813035677544
1990.45,0.0,10.66346754599101,39.43371738934726,39.51756589647399,39.712699219804776,40.45181957989475,-5.1000000000000005,0.05,0.05,0.05,0.1880358654660326,1.980245516816746,-10.484049103363349,-1.226055068836219,0.0140325406759475,-11.497584480601018,0.05,0.13,0.15,10.671083140680155,39.778950521380196,-0.17439436917821377
1990.46,0.0,10.65,39.44792741967871,39.52847177710842,39.71339699799196,40.32308213855422,-5.118014999999954,0.05,0.05,0.05,0.167511993637631,1.982811000795296,-10.48456220015906,-0.8007465667921094,-0.2366441947562136,-10.79517852684339,0.05,0.13,0.15,10.671721710290775,39.753219583333326,-0.11180226673111146
1990.4700000000005,0.0,10.65,39.517756736947874,39.62193563253023,39.81545523092382,40.23606406626495,-5.1480149999999965,0.05,0.05,0.05,0.1469881218091712,1.985376484773853,-10.48507529695477,-0.511108614232306,-0.4014382022471363,-9.856352059925406,0.05,0.13,0.15,10.672400352172755,39.79780291666672,-0.1394809682422863
1990.48,0.0,10.65,39.5010024906786,39.57490031319912,39.8877552274422,40.13465792692022,-5.123988005997049,0.05,0.05,0.05,0.1264642499807697,1.987941968752404,-10.48558839375048,-0.2524661992989128,-0.5504932398597826,-8.98484476715109,0.05,0.13,0.1485965848452479,10.673119058682197,39.774578989560034,-0.16901718587140394
1990.49,0.0,10.65,39.428658468804464,39.43765944817317,39.94094936117319,40.02401412875977,-5.064017991004555,0.05,0.05,0.05,0.1059403781523682,1.990507452730954,-10.486101490546192,-0.2775037556333908,-0.5555007511266782,-8.729461692539413,0.05,0.13,0.14,10.673877821726066,39.70782035172765,-0.2155539190377954
1990.5,0.0,10.65,39.38039853293411,39.33265218562868,39.88579413173642,40.02414342315375,-5.04,0.05,0.05,0.05,0.0854165063239084,1.993072936709512,-10.486614587341904,-0.3329463171035089,-0.5569588014981377,-8.48986267166046,0.05,0.13,0.14,10.674676632762628,39.65574706836324,-0.27028160143787794
1990.51,0.0,10.65,39.34836260479042,39.24935877245508,39.75765041916165,40.0988939221557,-5.04,0.05,0.05,0.05,0.0648926344955069,1.9956384206880613,-10.487127684137612,-0.6575405742821373,-0.5269962546816489,-8.389987515605497,0.05,0.13,0.14,10.675515482801925,39.61356642964071,-0.3975173418317498
1990.52,0.0,10.65,39.36342239195976,39.22060588944723,39.78214834170844,40.10119760804024,-5.022038980509766,0.05,0.05,0.05,0.0443687626671054,1.998203904666612,-10.487640780933322,-0.9632985074626992,-0.4610895522387693,-8.337432835820932,0.05,0.13,0.14,10.676394362406308,39.61684355778891,-0.5150036603494499
1990.53,0.0,10.65,39.410738974874405,39.229208904522615,39.91119356783929,40.05388102512559,-4.992053973013476,0.05,0.05,0.05,0.0238448908386455,2.0007693886451694,-10.488153877729037,-1.097626865671823,-0.0680547263676278,-8.715542288557726,0.05,0.13,0.14,10.677313261690944,39.651255618090474,-0.5437603918934313
1990.54,0.0,10.65,39.31109732934736,39.17856660687597,39.77574709516704,39.98814502740412,-5.015871032241908,0.05,0.05,0.05,0.003321019010244,2.00333487262372,-10.488666974524744,-1.2450452261305962,0.2864221105527719,-9.09577889447228,0.05,0.13,0.14,10.678272170324355,39.56338901469863,-0.5725816842654453
1990.55,0.0,10.65,39.11490400597937,39.08900008968624,39.466529357250096,39.91030745889399,-5.075856035990923,0.05,0.05,0.05,-0.0172028528181574,2.00590035660227,-10.489180071320456,-1.526452261306122,0.2462211055276968,-9.49778894472303,0.05,0.13,0.14,10.679271077529046,39.395185227952425,-0.6020638183724228
1990.56,0.0,10.65,39.01084805499996,39.02669154499996,39.343036510000005,39.88592080500001,-5.1000000000000005,0.05,0.05,0.05,-0.0377267246466172,2.008465840580828,-10.489693168116164,-1.7661226533166152,0.1574643304128999,-9.828775969962384,0.05,0.13,0.14,10.680309972082062,39.31662422874999,-0.623229486882552
1990.57,0.0,10.65,38.96911805499997,38.982821544999965,39.34517651,39.89769080500001,-5.1000000000000005,0.05,0.05,0.05,-0.0442299115724764,2.0087635524798166,-10.483405613225688,-1.6259474342928792,-0.3731989987483857,-9.51338172715898,0.05,0.13,0.14,10.674215687640048,39.29870172874999,-0.5687069179904279
1990.58,0.0,10.65,38.914622955,38.91469785499999,39.41241852,39.814999065,-5.171537884470989,0.05,0.05,0.05,-0.0298764577726691,2.005687812379858,-10.467001666025908,-1.4842871410737335,-0.8266841448190883,-9.22442446941326,0.05,0.13,0.14,10.657476252849325,39.26418459875,-0.5177099623114769
1990.59,0.0,10.65,38.85149295499991,38.83016785499988,39.52369852000016,39.668409064999786,-5.291567891973129,0.05,0.05,0.05,-0.015523003972821,2.0026120722798906,-10.45059771882608,-1.329480649188321,-0.5969712858923477,-9.169493133582954,0.05,0.13,0.14,10.640756023724366,39.21844209874993,-0.49792249896792484
1990.6,0.0,10.65,38.85276653030681,38.75721384884011,39.56668953354951,39.60034448989773,-5.411526355233612,0.05,0.05,0.05,-0.0011695501730137,1.999536332179932,-10.4341937716263,-1.166210262828483,-0.382565707133901,-9.16361451814778,0.05,0.13,0.14,10.624055090943394,39.19425360064854,-0.46627741433391195
1990.61,0.0,10.65,38.897605642304754,38.69209037665262,39.56348673983537,39.58539811923175,-5.531436422682911,0.05,0.05,0.05,0.0131839036267936,1.996460592079973,-10.417789824426524,-0.9259098873592216,-0.3074718397997567,-9.604165206508094,0.05,0.13,0.14,10.60737354565059,39.18464521950612,-0.32671599856124695
1990.62,0.0,10.65,38.90004021031547,38.71690571857789,39.45369903855778,39.60784762143216,-5.58,0.05,0.05,0.05,0.0275373574266417,1.9933848519800053,-10.401385877226696,-0.7120279720280177,-0.2100874125867375,-10.023828671329207,0.05,0.13,0.14,10.59071147945823,39.16962314722082,-0.20150532029104612
1990.63,0.0,10.65,38.87325002503758,38.80370591887826,39.27045417125701,39.65606995493237,-5.58,0.05,0.05,0.05,0.041890811226449,1.9903091118800469,-10.384981930026916,-0.732007992008003,0.0846178821180451,-10.258593906094037,0.05,0.13,0.14,10.574068984448868,39.1508700175263,-0.2033304808978048
1990.64,0.0,10.65,38.84967654259309,38.87639419935039,39.21087197601795,39.65778715963032,-5.597836622533053,0.05,0.05,0.05,0.0562442650262563,1.987233371780088,-10.368577982827135,-0.7440240240240914,0.3131481481485636,-10.506851851851437,0.05,0.13,0.1414354066985646,10.557446153177029,39.14868246939794,-0.19355808888532278
1990.65,0.0,10.65,38.82829258056463,38.93947688733434,39.23546353235068,39.62784961279048,-5.627814139395377,0.05,0.05,0.05,0.0705977188260637,1.9841576316801293,-10.352174035627357,-0.6839639639640976,-0.0572222222213979,-10.877222222221398,0.05,0.13,0.15,10.540843078671418,39.15777065326003,-0.07882493170957844
1990.66,0.0,10.65,38.81833117882118,38.90802304695307,39.15473928571433,39.553507762237786,-5.675592203898041,0.05,0.05,0.05,0.0849511726259118,1.9810818915801616,-10.33577008842753,-0.6467265917602193,-0.3970961298376688,-11.178574282147467,0.05,0.13,0.15,10.524259854436822,39.10865031843159,0.014627646465161015
1990.67,0.0,10.65,38.81619331668332,38.81181925074931,39.001882142857234,39.44875251748258,-5.735562218890535,0.05,0.05,0.05,0.0993046264257191,1.9780061514802032,-10.31936614122775,-0.8115205992506735,-0.4670087390760433,-10.868961298377522,0.05,0.13,0.15,10.507696574456306,39.019661806943105,-0.08030007322027341
1990.68,0.0,10.65,38.77289415207614,38.67183776388219,38.96983463731858,39.37809824912463,-5.742225000000037,0.05,0.05,0.05,0.1136580802255264,1.9749304113802444,-10.30296219402797,-0.971894868585417,-0.4730037546948769,-10.51714392991432,0.05,0.13,0.148568387440144,10.49115333319291,38.94816620060038,-0.18677709529451392
1990.69,0.0,10.65,38.70116828914456,38.50162265632815,39.02122033016509,39.330994697348665,-5.712224999999995,0.05,0.05,0.05,0.1280115340253745,1.971854671280277,-10.286558246828143,-1.0920450563203892,0.1027158948685316,-9.781224030037617,0.05,0.13,0.14,10.474630225591806,38.888751493246616,-0.3983644350725549
1990.7,0.0,10.65,38.60116481933722,38.42657270869674,39.09840099177667,39.2903146772988,-5.717664596273282,0.05,0.05,0.05,0.1423649878251819,1.968778931180318,-10.270154299628365,-1.1893558052434967,0.5875605493135141,-9.112903870162333,0.05,0.13,0.14,10.45812734708241,38.85411329927736,-0.5826018759933461
1990.71,0.0,10.65,38.48171303762782,38.416973904809375,39.19332249688504,39.25405252927988,-5.74747826086956,0.05,0.05,0.05,0.1567184416249892,1.9657031910803595,-10.253750352428584,-1.084486891385935,0.2679600499380876,-9.042991260923957,0.05,0.13,0.14,10.441644793580089,38.836515492150525,-0.5247320841771937
1990.7200000000005,0.0,10.65,38.42388857142856,38.39918714285712,39.17904285714277,39.24155142857144,-5.748398066344352,0.05,0.05,0.05,0.1710718954248373,1.962627450980392,-10.237346405228758,-0.9845481852315272,-0.0705531914894736,-8.971574468085088,0.05,0.13,0.14,10.425182661488297,38.810917499999974,-0.4667789788742042
1990.73,0.0,10.65,38.40960285714287,38.37561571428572,39.08761428571433,39.24583714285714,-5.728394732455398,0.05,0.05,0.05,0.1854253492246447,1.9595517108804328,-10.220942458028976,-0.9294793491864882,-0.5811914893616542,-8.886468085106392,0.05,0.13,0.14,10.408741047700673,38.779667500000016,-0.40806763668762425
1990.74,0.0,10.65,38.39531714285717,38.35204428571433,38.9961857142859,39.25012285714285,-5.708391398566444,0.05,0.05,0.05,0.199778803024452,1.9564759707804744,-10.204538510829195,-0.9109265734264054,-0.973583916084277,-8.804930069930098,0.05,0.13,0.14,10.392320049602755,38.74841750000006,-0.37337471119593757
1990.75,0.0,10.65,38.35294501620543,38.3001988980304,38.95303388182498,39.24306603839441,-5.734830000000039,0.05,0.05,0.05,0.2141322568243001,1.9534002306805072,-10.18813456362937,-1.2156218781220467,-0.3192382617378999,-8.754980019979993,0.05,0.13,0.14,10.37591976507407,38.712310958613806,-0.5512980162510627
1990.76,0.0,10.63194264661954,38.2910552131638,38.22870550486163,38.94343029169783,39.22812712041885,-5.794829999999953,0.05,0.05,0.05,0.2284857106241075,1.9503244905805484,-10.171730616429592,-1.4805380380381448,0.28045795795784,-8.777727727726965,0.05,0.13,0.14,10.359540292490243,38.67282953253553,-0.6991780732463415
1990.77,0.0,10.602071094294567,38.20714730865441,38.20588300650324,38.85246382691358,39.08363414207123,-5.8026370887338565,0.05,0.05,0.05,0.2232902435365436,1.951789268390255,-10.16284292643898,-1.3854429429431545,0.3855630630628291,-9.458408408406894,0.05,0.13,0.14,10.350976583324531,38.58728207103562,-0.5751591867467301
1990.78,0.0,10.572199541969514,38.10758752876431,38.21765889444723,38.70365942471224,38.84704584792379,-5.772726819541377,0.05,0.05,0.05,0.215789118367754,1.9537895684352653,-10.154841726258937,-1.299493006993009,0.4333566433568305,-10.117657342657152,0.05,0.13,0.14,10.343339359544478,38.4689879239619,-0.4514954159685141
1990.79,0.0,10.542327989644544,38.07698624436655,38.189286414621954,38.52276903355039,38.73517662493742,-5.777291196388254,0.05,0.05,0.05,0.2082879931989858,1.9557898684802704,-10.146840526078918,-1.2944980019980057,-0.0261838161834827,-10.587187812187471,0.05,0.13,0.14,10.335708517534655,38.38105457936908,-0.3309752065304724
1990.8,0.0,10.512456437319573,38.09520357035551,38.13249122183282,38.319163625438414,38.71160126189287,-5.807389014296466,0.05,0.05,0.05,0.2007868680302176,1.9577901685252752,-10.138839325898898,-1.2725657071341,-0.492801001251011,-10.95421026282912,0.05,0.13,0.14,10.328084071440434,38.3146149198799,-0.2195446814417989
1990.81,0.0,10.482584884994518,38.07488214859433,38.10026886546183,38.3004990612451,38.712015582329336,-5.80257435641082,0.05,0.05,0.05,0.193285742861428,1.9597904685702856,-10.130838125718856,-1.0973466833539325,-1.023464330413805,-10.393509386732584,0.05,0.13,0.14,10.32046603543712,38.29691641440765,-0.19037808355604363
1990.82,0.0,10.452713332669548,38.02761307228911,38.08522870481927,38.411151671686845,38.729204337349415,-5.772581854536312,0.05,0.05,0.05,0.1857846176926599,1.961790768615291,-10.122836925538838,-0.9435655430711992,-1.3762247190997985,-9.866059925093378,0.05,0.13,0.14,10.312854423730027,38.313299446536156,-0.18187751995184914
1990.83,0.0,10.422841780344578,38.03659516483516,38.07916,38.51828650349648,38.73103906093906,-5.76,0.05,0.05,0.05,0.1782834925238916,1.9637910686602955,-10.114835725358818,-0.9785218476903864,-0.1627415730337258,-9.631353308364549,0.05,0.13,0.14,10.305249250554375,38.34127018231768,-0.3553191012939606
1990.84,0.0,10.392970228019523,38.083628131868174,38.07916,38.62304174825185,38.7224876123876,-5.76,0.05,0.05,0.05,0.1707823673551021,1.965791368705306,-10.106834525178776,-0.9945581977469268,0.9080826032537024,-9.449389236546171,0.05,0.13,0.14,10.297650530175385,38.37707937312691,-0.4995908058553006
1990.85,0.0,10.363098675694554,38.06948414285714,38.077279857142855,38.599088285714295,38.727794,-5.672849999999969,0.05,0.05,0.05,0.1632812421863339,1.967791668750311,-10.098833324998756,-0.8393642052565828,0.6878072590738595,-9.744758448060052,0.05,0.13,0.14,10.29005827688835,38.36841157142857,-0.379867796436325
1990.86,0.0,10.35,38.01361222167491,38.0741172955665,38.48734444334981,38.74255262068965,-5.522849999999969,0.05,0.05,0.05,0.1557801170175657,1.969791968795316,-10.090832124818736,-0.7336179775275609,0.4120674157315636,-9.991662921348604,0.05,0.13,0.1411398678414101,10.282472505018545,38.32940664532022,-0.2783175094943259
1990.87,0.0,10.35,37.94486489549221,38.02528276504647,38.45875806094188,38.77635917401165,-5.46,0.05,0.05,0.05,0.1482789918487762,1.9717922688403264,-10.082830924638694,-1.063205992509874,-0.3519775280910712,-9.81188764044916,0.05,0.13,0.15,10.27489322892129,38.30131622387305,-0.3367584459310865
1990.88,0.0,10.35,37.866184462352045,37.94121326114328,38.49432592797784,38.82486081087888,-5.46,0.05,0.05,0.05,0.1407778666800079,1.9737925688853315,-10.074829724458676,-1.3390788485603524,-1.0071239048805538,-9.6400375469335,0.05,0.13,0.1485859124866489,10.267320462982052,38.28164611558801,-0.3872850536252088
1990.89,0.0,10.35,37.81633269000001,37.85935525000004,38.35193938000011,38.68606079000012,-5.46,0.05,0.05,0.05,0.1332767415112397,1.975792868930336,-10.066828524278655,-1.128816020025048,-0.6767108886107893,-9.53991239048812,0.05,0.13,0.14,10.259754221616333,38.17842202750007,-0.3661849976766091
1990.9,0.0,10.35,37.78744269000001,37.77910525000004,38.08015938000011,38.41107079000012,-5.46,0.05,0.05,0.05,0.1257756163424715,1.977793168975341,-10.058827324098637,-0.9481498127339426,-0.322951310862402,-9.444906367041288,0.05,0.13,0.14,10.252194519269775,38.01444452750007,-0.35667700870881425
1990.91,0.0,10.35,37.74082748758678,37.68687377358471,37.936209275074376,38.332828629592974,-5.477430000000006,0.05,0.05,0.05,0.118274491173682,1.979793469020352,-10.050826123918592,-1.0280499375780263,0.2363495630461839,-9.394968789013731,0.05,0.13,0.14,10.244641370418119,37.92418479145971,-0.4492246682603892
1990.92,0.0,10.35,37.68132401191652,37.58593037735837,37.88520629592844,38.39764491559094,-5.507430000000007,0.05,0.05,0.05,0.1107733660049138,1.981793769065356,-10.042824923738577,-1.0925281602003287,0.7056295369215118,-9.337546933667214,0.05,0.13,0.14,10.237094789567355,37.88752640019857,-0.5283653089993519
1990.93,0.0,10.35,37.607283256869145,37.54689663221578,37.9123959011848,38.37280662465336,-5.554859999999963,0.05,0.05,0.05,0.1032722408361455,1.983794069110361,-10.034823723558556,-1.0174342928661846,0.3601977471844484,-9.212390488110309,0.05,0.13,0.14,10.229554791253546,37.85984560373077,-0.48616906088750067
1990.94,0.0,10.35,37.5220500831861,37.55552783967735,37.99978687673324,38.278942243508745,-5.614860000000048,0.05,0.05,0.05,0.095771115667356,1.985794369155372,-10.026822523378511,-0.9581518481519304,-0.0411988011997202,-9.043446553445984,0.05,0.13,0.14,10.222021390042968,37.83907676077636,-0.450089920606896
1990.95,0.0,10.35,37.49509087000001,37.46892027499985,38.08364758000008,38.21414959499996,-5.657429999999981,0.05,0.05,0.05,0.0882699904985878,1.9877946692003765,-10.018821323198493,-1.038071928071871,-0.9353046953040608,-8.489000999001393,0.05,0.13,0.14,10.21449460053217,37.81545207999997,-0.4678653178998873
1990.96,0.0,10.341495000000032,37.51007086999999,37.31377027500008,38.16496757999996,38.17027959500002,-5.687429999999939,0.05,0.05,0.05,0.0807688653298196,1.989794969245381,-10.010820123018474,-1.10299299299315,-1.6714314314329686,-8.041551551550397,0.05,0.13,0.14,10.206974437347853,37.78977208000001,-0.4808383513901991
1990.9700000000005,0.0,10.326495000000008,37.45419717852672,37.36131850686664,38.04985722846413,38.16559142072412,-5.682569999999994,0.05,0.05,0.05,0.0910489869197149,1.986777378815083,-9.993426519620428,-1.0329229229228585,-0.9857457457451156,-8.55706706706754,0.05,0.13,0.14,10.189413519631211,37.757741083645406,-0.4505901106552175
1990.98,0.0,10.311495000000024,37.34733076154807,37.554746721598015,37.79337782771535,38.189102032459424,-5.652569999999994,0.05,0.05,0.05,0.1033598358553297,1.9831867145421955,-9.974960246217004,-0.9832467532468868,-0.2793106893097754,-9.10049950050031,0.05,0.13,0.14,10.170719970287958,37.721139335830216,-0.4251232306021066
1990.99,0.0,10.29649500000004,37.35747816999988,37.620691750000034,37.69902965999997,38.21262965999997,-5.64,0.05,0.05,0.05,0.1156706847909444,1.979596050269308,-9.956493972813584,-1.113116883116791,0.6098001997995686,-9.889710289709727,0.05,0.13,0.14,10.152041787750633,37.72245730999997,-0.441751074982193
1991.0,0.0,10.281495000000016,37.452708170000015,37.59394174999999,37.722569660000005,38.23616966,-5.64,0.05,0.05,0.05,0.1279815337265942,1.97600538599641,-9.938027699410108,-1.2124780976219334,1.315882352940671,-10.657571964956505,0.05,0.13,0.14,10.133379056993004,37.75134731,-0.43233237681927333
1991.01,0.0,10.266495000000033,37.427096968484285,37.53061344672339,37.74983551775887,38.18037696848428,-5.64,0.05,0.05,0.05,0.1402923826622089,1.9724147217235224,-9.919561426006686,-1.0372590738422636,0.37470588235273,-11.233291614518276,0.05,0.13,0.14,10.114731863545593,37.72198072536271,-0.1884947957703119
1991.02,0.0,10.251495000000048,37.31362023011508,37.44068848424214,37.77981050525262,38.066900230115074,-5.64,0.05,0.05,0.05,0.1526032315978236,1.9688240574506348,-9.901095152603263,-0.88,-0.5682771535578892,-11.737715355805264,0.05,0.13,0.14,10.096100293499184,37.650254862431225,0.038709507231589724
1991.03,0.0,10.236495000000025,37.24562256206546,37.3308145382321,37.814586295928585,37.96747197616663,-5.657397602397641,0.05,0.05,0.05,0.1649140805334734,1.9652333931777368,-9.882628879199787,-0.88,-1.5270786516868935,-11.617865168539138,0.05,0.13,0.14,10.077484433508827,37.589623843098195,0.12027120489474075
1991.04,0.0,10.22149500000004,37.21055801390264,37.20649477656387,37.85283853028804,37.87821676266124,-5.687367632367661,0.05,0.05,0.05,0.1772249294690882,1.9616427289048493,-9.864162605796368,-0.8604755944930393,-2.287371714642899,-11.488973717146347,0.05,0.13,0.14,10.058884370797886,37.53702702085395,0.18637966250935273
1991.05,0.0,10.206495000000055,37.23251516477989,37.25797120503149,37.84384398490565,37.80230483522011,-5.613224999999999,0.05,0.05,0.05,0.1895357784047029,1.9580520646319617,-9.845696332392944,-0.6652315394245422,-1.2610888610777218,-11.278710888611045,0.05,0.13,0.14,10.040300193161599,37.53415879748428,0.11340895969008263
1991.06,0.0,10.2,37.298195667924624,37.4442454188682,37.79862134339616,37.73662433207537,-5.463224999999786,0.05,0.05,0.05,0.2018466273403527,1.954461400359064,-9.827230058989471,-0.5053558052434419,-0.1802996254682035,-11.01373283395757,0.05,0.13,0.141140495867771,10.021731988971188,37.56942169056609,0.014612577485732081
1991.07,0.0,10.2,37.34125875776397,37.48831158260869,37.70266621118011,37.76368837763976,-5.365316012990241,0.05,0.05,0.05,0.2141574762759674,1.950870736086176,-9.808763785586049,-0.6551685393258857,1.3777528089892117,-10.2696629213481,0.05,0.13,0.15,10.003179847177929,37.57398123229813,-0.3103159729909723
1991.08,0.0,10.2,37.36784260869562,37.42876375652181,37.5697469565219,37.85832688695641,-5.305360979265591,0.05,0.05,0.05,0.2264683252115822,1.9472800718132883,-9.790297512182626,-0.7849937421777025,2.6197997496864764,-9.57847309136412,0.05,0.13,0.1485767590618505,9.984643857316826,37.55617005217393,-0.5876701174930051
1991.09,0.0,10.2,37.293360455113664,37.276313768441945,37.54053125781449,37.95210211552895,-5.349222694326577,0.05,0.05,0.05,0.2387791741472319,1.9436894075403903,-9.771831238779152,-0.7349311639548686,1.0177972465557932,-9.363204005005937,0.05,0.13,0.14,9.96612410951074,37.51557689922476,-0.4368546082252696
1991.1,0.0,10.2,37.141382460615134,37.05262784696171,37.59083383345837,38.04521539384847,-5.469192701824608,0.05,0.05,0.05,0.2510900230828467,1.940098743267503,-9.75336496537573,-0.7376029962546026,-0.4722097378276286,-9.136729088639257,0.05,0.13,0.14,9.947620694474564,37.457514883720926,-0.3170899302964183
1991.11,0.0,10.2,37.05489073000003,36.94535536500002,37.66537548499991,38.034662980000085,-5.5718461154134085,0.05,0.05,0.05,0.2634008720184614,1.936508078994616,-9.734898691972308,-1.2020224719095194,-0.9815730337072144,-8.812134831461089,0.05,0.13,0.14,9.929133703518936,37.425071140000014,-0.46920936091664744
1991.12,0.0,10.2,37.01851073000009,36.92716536500004,37.758465484999775,37.94478298000021,-5.661778666000383,0.05,0.05,0.05,0.2757117209540762,1.932917414721728,-9.716432418568886,-1.6109887359201334,-1.3398748435570358,-8.561051314141615,0.05,0.13,0.14,9.910663228554505,37.41223114000003,-0.607289415585991
1991.13,0.0,10.2,36.91787830000069,36.94655697499978,37.66485974500109,37.782164380001,-5.751737065733299,0.05,0.05,0.05,0.288022569889691,1.92932675044884,-9.697966145165465,-1.520876095119417,-0.3386232791046291,-8.971564455567101,0.05,0.13,0.14,9.892209362095954,37.32786485000064,-0.6190150866941726
1991.14,0.0,10.2,36.76807830000026,36.99470697499992,37.428389745000416,37.56388438000038,-5.841714571357206,0.05,0.05,0.05,0.3003334188253757,1.925736086175932,-9.679499871761935,-1.4343695380775607,0.5932709113598684,-9.377365792758006,0.05,0.13,0.14,9.873772197265989,37.18876485000025,-0.6254527982808351
1991.15,0.0,10.2,36.7237338246314,36.903525365976215,37.18051182613131,37.43897496377736,-5.91435833540988,0.05,0.05,0.05,0.3126442677609904,1.9221454219030445,-9.661033598358514,-1.3794382022473313,0.9178651685384966,-9.74191011235862,0.05,0.13,0.14,9.855351827799893,37.061686495129074,-0.5855886203964794
1991.16,0.0,10.1792246819594,36.76008656007978,36.705723717212976,36.92390428178981,37.38551505870621,-5.974163967106846,0.05,0.05,0.05,0.3160643569856979,1.9189266428142813,-9.649105535678569,-1.329499374217784,1.1414142678363743,-10.073003754693298,0.05,0.13,0.14,9.843140442812043,36.94380740444719,-0.5419563626212661
1991.17,0.0,10.13915656616258,36.76924495871909,36.65053519139331,36.84918522892141,37.41126530397761,-6.0,0.05,0.05,0.05,0.3062863619191488,1.9162599168870404,-9.646883264072532,-1.3244931163955076,0.4555569461845241,-10.103041301626956,0.05,0.13,0.14,9.840133135034723,36.920057670752854,-0.4644113858274776
1991.18,0.0,10.09908845036576,36.757466124593485,36.70514614961202,36.9145042181634,37.49800035526616,-6.0,0.05,0.05,0.05,0.2965083668525997,1.9135931909598,-9.6446609924665,-1.3133441558443462,-0.2357742257720586,-10.15867132867051,0.05,0.13,0.14,9.837135852050952,36.96877921190877,-0.3803612463164555
1991.19,0.0,10.059020334568942,36.71841532000028,36.63729059500074,37.07678025499891,37.54408616999993,-5.982769307673133,0.05,0.05,0.05,0.2867303717860506,1.91092646503256,-9.642438720860468,-1.248409090909302,-0.9750349650325628,-10.4383916083907,0.05,0.13,0.14,9.834148603026888,36.99414308499996,-0.2393512674015208
1991.2000000000005,0.0,10.018952218771894,36.65849532000011,36.47572059500028,37.31325025499958,37.55906616999997,-5.952776805798498,0.05,0.05,0.05,0.276952376719446,1.908259739105304,-9.64021644925442,-1.2005657071341098,-1.5705682102615637,-10.709622027534776,0.05,0.13,0.14,9.83117139710911,37.00163308499999,-0.12031116299439407
1991.21,0.0,9.978884102975076,36.57008603500033,36.4614462599997,37.33089830000045,37.519492220000245,-5.922779999999976,0.05,0.05,0.05,0.2671743816528969,1.9055930131780627,-9.637994177648386,-1.3056971214016126,-0.8797046307894029,-10.904866082602997,0.05,0.13,0.14,9.828204243424576,36.970480703750184,-0.1979069005783618
1991.2200000000005,0.0,9.938815987178256,36.459876035000335,36.5598862599997,37.18109830000045,37.43817222000025,-5.892779999999975,0.05,0.05,0.05,0.2573963865863478,1.902926287250822,-9.635771906042352,-1.3907438841741049,-0.1370993509783888,-11.07022965551711,0.05,0.13,0.14,9.825247151080372,36.90975820375018,-0.27866017734307436
1991.23,0.0,9.898747871381437,36.40280407401239,36.58679734289057,37.10726824470751,37.395240756792845,-5.868525737131425,0.05,0.05,0.05,0.2476183915197987,1.900259561323581,-9.633549634436315,-1.300878681977315,1.0561108337456508,-10.975371942087166,0.05,0.13,0.14,9.822300129163668,36.87302760460083,-0.3869116351296805
1991.24,0.0,9.858679755584616,36.38639467244547,36.55897270545101,37.09157229538262,37.38168516419408,-5.848535732133937,0.05,0.05,0.05,0.2378403964532497,1.8975928353963407,-9.631327362830284,-1.1800499375790368,2.0116479400778964,-10.87501872659214,0.05,0.13,0.1414239999999769,9.819363186741588,36.854656209368294,-0.46088249648200563
1991.25,0.0,9.818611639787797,36.369985270878544,36.53114806801145,37.07587634605774,37.36812957159532,-5.828545727136448,0.05,0.05,0.05,0.2280624013867006,1.8949261094691,-9.62910509122425,-0.7805493133603206,0.8281273408299499,-10.72520599251012,0.05,0.13,0.15,9.816436332861063,36.836284814135766,-0.2263279899180057
1991.26,0.0,9.8,36.29493072000051,36.489978880000216,36.86401878000154,37.24516883000088,-5.82,0.05,0.05,0.05,0.2182844063201515,1.8922593835418595,-9.626882819618215,-0.4463579474323023,-0.3532415519313727,-10.563153942430064,0.05,0.13,0.15,9.813519576548728,36.72352430250079,-0.015781644512341708
1991.27,0.0,9.8,36.17509071999982,36.43861887999992,36.50235877999948,37.0386588299997,-5.82,0.05,0.05,0.05,0.2085064112535469,1.889592657614604,-9.62466054801217,-0.716695869836758,-1.514693366706072,-10.287809762203302,0.05,0.13,0.15,9.810612926810778,36.53868180249973,-0.027464688308839233
1991.28,0.0,9.8,36.16743307865168,36.34548588764044,36.323946426966295,36.84077806741573,-5.82,0.05,0.05,0.05,0.1987284161869978,1.886925931687363,-9.622438276406136,-0.9444767150729764,-2.45584376565094,-9.989424136205503,0.05,0.13,0.1485805763073668,9.80771639263291,36.41941086516854,-0.051251028291766046
1991.29,0.0,9.8,36.245445563046,36.22045217977559,36.28547451685403,36.649487181024206,-5.82,0.05,0.05,0.05,0.1889504211204487,1.8842592057601224,-9.620216004800104,-0.7892438657992124,-1.4142814221366509,-9.483665498249048,0.05,0.13,0.14,9.804829982980094,36.35021486017496,-0.18396703395590666
1991.3,0.0,9.8,36.230592440120105,36.15756066866273,36.29524361277426,36.63369465069813,-5.802908545727178,0.05,0.05,0.05,0.1791724260538996,1.8815924798328816,-9.617993733194067,-0.6669653107055572,-0.3931170451745706,-8.947229847769856,0.05,0.13,0.14,9.801953706796521,36.329272843063805,-0.33027130447466435
1991.31,0.0,9.8,36.14409543413213,36.142610568862345,36.34222964071834,36.753295449101245,-5.772923538230972,0.05,0.05,0.05,0.1693944309873506,1.8789257539056408,-9.615771461588034,-0.8316770651350968,0.4504067881161013,-8.143636136765133,0.05,0.13,0.14,9.799087573005473,36.34555777320352,-0.5949122116452674
1991.32,0.0,9.8,36.04446134164656,36.07741253865401,36.44304407979962,36.8525226733162,-5.76,0.05,0.05,0.05,0.1596164359208015,1.8762590279784004,-9.613549189982,-0.9879739544196862,1.152188830457275,-7.436446280990602,0.05,0.13,0.14,9.796231590509183,36.3543601583541,-0.8273987866245194
1991.33,0.0,9.8,35.93452617955142,35.97281403491299,36.58606652369039,36.93577454364068,-5.76,0.05,0.05,0.05,0.1498384408541968,1.873592302051145,-9.611326918375951,-1.068114199849517,0.571172051091002,-7.6017355371896285,0.05,0.13,0.14,9.793385768188706,36.35729532044887,-0.7688805762720252
1991.34,0.0,9.8,35.86535445867887,35.97469496608857,36.574987274554665,36.92978003014349,-5.777059264816293,0.05,0.05,0.05,0.1400604457876477,1.870925576123904,-9.60910464676992,-1.1573693085996606,-0.0160033726787096,-7.811040713078807,0.05,0.13,0.14,9.790550114903864,36.3362041823664,-0.7061216092595929
1991.35,0.0,9.8,35.828800828937624,36.06177861341331,36.440598929917726,36.85237234363261,-5.807066766691744,0.05,0.05,0.05,0.1302824507210987,1.8682588501966635,-9.606882375163886,-1.3260033726808458,-0.6568128161872143,-8.403668995421258,0.05,0.13,0.14,9.78772463949301,36.29588767897532,-0.6064310041458568
1991.36,0.0,9.797619524405514,35.858857289321904,36.05249330832752,36.32469338834762,36.81325768942241,-5.837052947052955,0.05,0.05,0.05,0.1205044556545496,1.865592124269423,-9.604660103557851,-1.487570797609878,-1.2705689789559969,-9.003005975577038,0.05,0.13,0.14,9.784909350772987,36.262325418854864,-0.5061650953657227
1991.37,0.0,9.79261326658324,35.94019762440563,35.96901243811002,36.22301796949297,36.80362528132039,-5.8670229770228906,0.05,0.05,0.05,0.1107264605880005,1.862925398342182,-9.602437831951818,-1.3992361652379697,-0.9276227591591756,-9.839586905687463,0.05,0.13,0.14,9.78210425753898,36.23396332833225,-0.38555435692750833
1991.38,0.0,9.787607008760968,35.91932331168894,35.946038571428424,36.16856383116895,36.72508889610473,-5.88,0.05,0.05,0.05,0.1009484655214514,1.8602586724149413,-9.600215560345784,-1.3107415730341054,-0.5778227215998128,-10.645550561795368,0.05,0.13,0.14,9.7793093685644,36.189753652597766,-0.2702361622655648
1991.39,0.0,9.782600750938665,35.81991272227782,35.96955505494503,36.15039200299702,36.5936103746255,-5.88,0.05,0.05,0.05,0.1043932104438326,1.864881344937592,-9.583403427212188,-1.2208539325843832,-0.1683345817733012,-11.1848764044937,0.05,0.13,0.14,9.763723757961678,36.13336753871134,-0.2010093439870073
1991.4,0.0,9.777594493116393,35.758431650000034,35.914098995000124,36.179239644999925,36.58324970999991,-5.88,0.05,0.05,0.05,0.1092583382885758,1.8702870425428624,-9.565024055354268,-1.107799749688252,0.1879249061330944,-11.629246558199194,0.05,0.13,0.14,9.746773629539938,36.108755,-0.13283829989266283
1991.41,0.0,9.772588235294116,35.726331650000034,35.79746899500013,36.24450964499992,36.66670970999991,-5.88,0.05,0.05,0.05,0.1141234661333191,1.8756927401481325,-9.54664468349635,-0.7873992490625699,0.0677747183984636,-11.223739674594814,0.05,0.13,0.14,9.729834126741103,36.108755,-0.07411669737426732
1991.42,0.0,9.767581977471844,35.72196229885054,35.78211597701137,36.23623873563231,36.64588885057491,-5.863020000000052,0.05,0.05,0.05,0.1189885939780623,1.8810984377534024,-9.528265311638432,-0.5097727840195833,-0.1598451935033108,-10.857428214731687,0.05,0.13,0.14,9.71290530515908,36.09655146551729,-0.01265258561868371
1991.43,0.0,9.76257571964957,35.73907374312838,35.84521442778588,36.17100135432307,36.54428965017527,-5.833020000000052,0.05,0.05,0.05,0.1238537218228055,1.886504135358673,-9.509885939780512,-0.6046541822717977,-1.3233907615436242,-10.832459425717948,0.05,0.13,0.14,9.695987220740847,36.07489479385315,0.0726953201744572
1991.44,0.0,9.757569461827297,35.824182469381896,35.83912342414429,36.083490992252514,36.47155894526396,-5.8030284857572,0.05,0.05,0.05,0.1287188496675487,1.891909832963943,-9.491506567922594,-0.6915097646469159,-2.31212568853489,-10.834156234350656,0.05,0.1314529004789339,0.1414529004789339,9.679079929788942,36.054588957760664,0.14659654322179164
1991.4500000000005,0.0,9.752563204004996,35.96217797050709,35.77921840040002,35.97865720070004,36.42128151462145,-5.773043478260825,0.05,0.05,0.05,0.1335839775123196,1.897315530569244,-9.47312719606457,-0.7065322984476882,-1.7362618928386206,-11.074516775163012,0.05,0.14,0.15,9.66218348896384,36.03533377155715,0.1180471082564701
1991.46,0.0,9.75,35.918718057428734,35.702530501872914,36.01141719350772,36.39926,-5.675313514863813,0.05,0.05,0.05,0.1384491053570628,1.9027212281745145,-9.45474782420665,-0.7148314606741573,-1.077865168539326,-11.215573033707866,0.05,0.14,0.15,9.645297955286841,36.00798143820234,0.06814486552327217
1991.4700000000005,0.0,9.75,35.7338391560554,35.61276271161071,36.15141219974996,36.39926,-5.525425930552189,0.05,0.05,0.05,0.143314233201806,1.9081269257797848,-9.436368452348733,-0.6648938826468178,0.2954182272125107,-10.496471910114176,0.05,0.14,0.15,9.628423386142014,35.97431851685402,-0.16671189087168914
1991.48,0.0,9.75,35.60383528793215,35.654161186779746,36.19809089133708,36.42923821732583,-5.476896551724126,0.05,0.05,0.05,0.1481793610465492,1.9135326233850547,-9.417989080490814,-0.6387037037028213,1.5092742742752523,-9.81057057057243,0.05,0.14,0.15,9.61155983927912,35.9713313958437,-0.3879412475565264
1991.49,0.0,9.75,35.517035087631776,35.798828187280364,36.17130070605919,36.48281858788162,-5.5068815592204166,0.05,0.05,0.05,0.1530444888912925,1.918938320990325,-9.399609708632894,-0.8238888888880653,1.3040690690699817,-9.420180180181916,0.05,0.14,0.15,9.594707372816064,35.992495642213235,-0.48787325433989226
1991.5,0.0,9.75,35.44202153846185,35.72651143920711,36.14822950372218,36.3861836972715,-5.570612346913288,0.05,0.05,0.05,0.1579096167360357,1.924344018595596,-9.381230336774976,-1.0203546453534094,0.9605094905159844,-9.097782217781086,0.05,0.1385470995210573,0.1485470995210572,9.577866045241471,35.92573654466566,-0.5669170277903808
1991.51,0.0,9.75,35.37617538461576,35.48542955335127,36.128050843672575,36.17271471464143,-5.660589852536683,0.05,0.05,0.05,0.1627747445807789,1.9297497162008648,-9.362850964917056,-1.3150599400586105,-0.5879420579350718,-9.36751248751127,0.05,0.13,0.14,9.561035915417268,35.79059262407026,-0.4640506526929583
1991.52,0.0,9.75,35.35279999999998,35.31272363636381,35.97534545454587,35.9769018181821,-5.733527218493832,0.05,0.05,0.05,0.1676398724255497,1.9351554138061664,-9.344471593059032,-1.568876095118836,-1.9415719649559795,-9.578145181476666,0.05,0.13,0.14,9.544217042581197,35.65444272727294,-0.37665490627783804
1991.53,0.0,9.75,35.36452602739722,35.19652936488209,35.713108841844,35.79568139477024,-5.7931841909025,0.05,0.05,0.05,0.172505000270293,1.9405611114114367,-9.326092221201115,-1.4587384230290714,-1.5610963704640646,-9.26275093867416,0.05,0.13,0.14,9.527409486349823,35.51746140722339,-0.4269630725937927
1991.54,0.0,9.75,35.336332027061154,35.10949202706115,35.649232092207015,35.739537840140095,-5.8365232616308935,0.05,0.05,0.05,0.1773701281150362,1.9459668090167068,-9.307712849343195,-1.3496629213488531,-1.0721797752885978,-8.990337078651148,0.05,0.13,0.14,9.510613306720582,35.45864849661736,-0.48239943313226485
1991.55,0.0,9.75,35.27413207717391,35.04729207717391,35.75432855925788,35.78994124780735,-5.866538269134607,0.05,0.05,0.05,0.1822352559597794,1.9513725066219767,-9.289333477485275,-1.2497877652938905,0.3560349562973666,-9.09021223470611,0.05,0.13,0.14,9.493828564074851,35.466423490353264,-0.582255369716684
1991.56,0.0,9.736001596965874,35.167099989920004,35.05478612399164,35.78046940020179,35.85225000504,-5.896586466165426,0.05,0.05,0.05,0.1871003838045226,1.956778204227248,-9.27095410562736,-1.1544380475597151,1.6344380475597151,-9.15421276595868,0.05,0.13,0.14,9.4770553191805,35.46365137978835,-0.6734822962330436
1991.57,0.0,9.706058488871282,35.02256369959746,35.12058249495936,35.740560126008255,35.924518150201266,-5.926661654135332,0.05,0.05,0.05,0.1882989473684315,1.958724210526324,-9.25787368421054,-1.0993692115146765,1.5793692115146762,-8.898893617022589,0.05,0.13,0.14,9.464686058146889,35.45205611769158,-0.6879024895652923
1991.58,0.0,9.676115380776515,35.05889617647063,35.15129382352941,35.66980323529409,35.916217941176455,-5.9566533665836605,0.05,0.05,0.05,0.1840884210526219,1.9555663157894665,-9.252610526315776,-1.0608539325842696,1.3268764044943822,-8.718584269662921,0.05,0.1314529004789944,0.14,9.458801706025215,35.44905279411765,-0.6760009511869616
1991.59,0.0,9.646172272681923,35.237051709870265,35.154494222333,35.5748580707877,35.84474236789636,-5.986578553616012,0.05,0.05,0.05,0.1798778947368362,1.9524084210526271,-9.247347368421044,-1.165722846441683,-0.6356704119800602,-9.187997503119911,0.05,0.14,0.14,9.452919551749913,35.45278659272183,-0.4361048961076708
1991.6,0.0,9.616229164587333,35.199060989011265,35.056342657342896,35.48099316183828,35.847870614385535,-6.0165947843530505,0.05,0.05,0.05,0.1756673684210505,1.949250526315788,-9.242084210526311,-1.287304130161398,-2.301907384234978,-9.651967459322147,0.05,0.14,0.14,9.447039599426377,35.39606685564449,-0.23345633645852706
1991.61,0.0,9.586286056492735,34.98741263736298,34.87676223776253,35.387996158841304,35.91093754745245,-6.046685055165431,0.05,0.05,0.05,0.1714568421052648,1.9460926315789489,-9.236821052631582,-1.557642052564317,-1.3306933667133796,-10.06748685857108,0.05,0.14,0.14,9.44116185316874,35.29077714535482,-0.3623473648635594
1991.62,0.0,9.556342948398145,34.887962309040844,34.83785479589261,35.4109310393185,35.91606375657412,-6.043320867614131,0.05,0.05,0.05,0.1672463157894791,1.9429347368421093,-9.231557894736849,-1.7653707865186576,-0.3142471910188271,-10.515460674153372,0.05,0.14,0.14,9.435286317099822,35.26320297520652,-0.4700047893942448
1991.63,0.0,9.526399840303547,34.8793873027799,34.91288610067586,35.52776549962385,35.874260601052015,-6.013403141361288,0.05,0.05,0.05,0.1630357894736935,1.93977684210527,-9.226294736842116,-1.4307890137345332,1.0939925093561444,-11.2445493133546,0.05,0.14,0.14,9.42941299535118,35.29857487603291,-0.3937402247996648
1991.64,0.0,9.496456732208786,34.85536282858571,34.891494712643684,35.44525527236384,35.740937821089474,-6.0,0.05,0.05,0.05,0.1588252631578838,1.936618947368413,-9.221031578947354,-1.1057296620773915,2.217917396744729,-11.882302878598098,0.05,0.14,0.14145367412142,9.423541892063081,35.233262658670675,-0.3049319160784717
1991.65,0.0,9.466513624114192,34.81900100949531,34.79310390804614,35.203556121939435,35.5345310244881,-6.0,0.05,0.05,0.05,0.1546147368420981,1.9334610526315736,-9.215768421052625,-0.8654292866081301,0.8111589486850945,-11.707083854818428,0.05,0.14,0.15,9.417673011384645,35.08754801599225,-0.10447186508716266
1991.66,0.0,9.45,34.81109459567053,34.693170957949945,34.99197651157042,35.37175489425256,-6.016480879780069,0.05,0.05,0.05,0.1504042105263124,1.9303031578947345,-9.210505263157891,-0.6427640449438202,-0.5306292134831461,-11.510719101123597,0.05,0.14,0.15,9.411806357473662,34.96699923986087,0.08010994776203895
1991.67,0.0,9.45,34.82600377705895,34.59200151281428,34.804546802687504,35.243961910923296,-6.04647338165462,0.05,0.05,0.05,0.1461936842105267,1.9271452631578951,-9.205242105263158,-0.572851435705545,-1.3096554307096426,-11.131193508115816,0.05,0.14,0.15,9.40594193449676,34.86662850087101,0.12715706984448297
1991.68,0.0,9.45,34.77882469228852,34.56889235870378,34.810849434815125,35.143067636272406,-6.076494742113196,0.05,0.05,0.05,0.141983157894741,1.923987368421056,-9.199978947368429,-0.5069662077598447,-1.91291864831503,-10.701008760955444,0.05,0.138569140416476,0.148569140416476,9.400079746629379,34.82540853051995,0.14690855535204306
1991.69,0.0,9.45,34.67991487063573,34.61082152223051,34.97856608892202,35.06458484300443,-6.10653980971457,0.05,0.05,0.05,0.1377726315789553,1.9208294736842169,-9.194715789473694,-0.476928660826187,-0.951717146437984,-9.81990738423482,0.05,0.13,0.14,9.394219798055772,34.833471831198175,-0.076298150052449
1991.7000000000005,0.0,9.45,34.627586099999974,34.68114495000016,35.12149275000021,35.10923590000024,-6.10344827586194,0.05,0.05,0.05,0.1335621052631457,1.9176715789473595,-9.189452631578932,-0.4618876404494382,-0.0693258426966292,-8.971595505617977,0.05,0.13,0.14,9.388362092969027,34.884864925000144,-0.29138369631200167
1991.71,0.0,9.45,34.612606100000015,34.774234949999894,35.244542749999866,35.25261589999984,-6.073463268365735,0.05,0.05,0.05,0.12935157894736,1.91451368421052,-9.1841894736842,-0.5767440699123191,0.1304244694127288,-8.40730087390904,0.05,0.13,0.14,9.382506635571177,34.9709999249999,-0.43612509595621973
1991.7200000000005,0.0,9.45,34.61244632470116,34.722797001992554,35.23305378486093,35.265552370518215,-6.0600000000000005,0.05,0.05,0.05,0.1251410526315743,1.9113557894736808,-9.178926315789468,-0.703264897344892,0.2700450676033377,-7.927310966448352,0.05,0.1314033208355506,0.14,9.376653430073052,34.95846237051821,-0.5657725623058847
1991.73,0.0,9.45,34.62416943227087,34.55547628486129,35.11369123506029,35.173898984064145,-6.0600000000000005,0.05,0.05,0.05,0.1209305263157886,1.9081978947368416,-9.173663157894737,-0.9336104156220904,-0.1255483224814161,-8.197716574860715,0.05,0.14,0.14,9.370802480694403,34.86680898406415,-0.5610690778385178
1991.74,0.0,9.45,34.61079742643411,34.454769901912144,35.08024867497901,35.13004467830426,-6.071033677892637,0.05,0.05,0.05,0.1167200000000029,1.9050400000000025,-9.168400000000004,-1.149867665417596,-0.4317003745349246,-8.469083645441335,0.05,0.14,0.14,9.364953791663902,34.81896517040738,-0.5607894036365276
1991.75,0.0,9.45,34.57664281296782,34.40923041729042,35.117961060681374,35.12577535162097,-6.0910403467822505,0.05,0.05,0.05,0.1125094736842172,1.9018821052631631,-9.163136842105272,-1.2447490636698104,0.0327191011206511,-8.74873408239523,0.05,0.14,0.14,9.35910736721916,34.80740241064015,-0.5986225563389782
1991.76,0.0,9.445828141354784,34.54248819950153,34.3636909326687,35.15567344638373,35.12150602493769,-6.111047015671863,0.05,0.05,0.05,0.1091919797995,1.8985859646491248,-9.155353883847123,-1.316280350438871,0.4251013767223953,-9.015752190236851,0.05,0.14,0.14,9.350778378942033,34.79583965087291,-0.6230353507251867
1991.77,0.0,9.435859542441309,34.49475438004051,34.31478782258081,34.98275204133178,35.02526890121024,-6.153092088844716,0.05,0.05,0.05,0.1071919297982404,1.8950858771469208,-9.143853596339882,-1.1811113892366432,0.1797947434294632,-9.1709461827283,0.05,0.14,0.14,9.338784673761001,34.70439078629083,-0.5286482244414517
1991.78,0.0,9.425890943527891,34.435429783266336,34.26301362903244,34.6300403477835,34.850530997984485,-6.212987272273638,0.05,0.05,0.05,0.1051918797969922,1.8915857896447368,-9.132353308832704,-1.0662306540189,-0.0503844233648329,-9.322980529206042,0.05,0.14,0.14,9.326791468050992,34.544753689516696,-0.443125470160679
1991.79,0.0,9.415922344614474,34.34555606090899,34.21863418871705,34.51005667498731,34.77642096854716,-6.24,0.05,0.05,0.05,0.103191829795744,1.888085702142552,-9.120853021325528,-1.1261407888165895,-0.1502346480276492,-9.447793310034562,0.05,0.14,0.14,9.314798763741209,34.462666973290126,-0.43397269005546785
1991.8,0.0,9.405953745701057,34.231237538692206,34.180171882176815,34.57629731402881,34.78283135297053,-6.24,0.05,0.05,0.05,0.1011917797944958,1.884585614640368,-9.109352733818351,-1.1774712068103377,-0.2147120681033783,-9.59135703555181,0.05,0.14,0.14,9.302806562770789,34.44263452196709,-0.42277912200544027
1991.81,0.0,9.39598514678764,34.21298834990043,34.14826877236588,34.653539577534545,34.86091908548669,-6.24,0.05,0.05,0.05,0.0991917297932476,1.881085527138184,-9.097852446311174,-1.15243365047586,0.0356634952414026,-9.90182273409934,0.05,0.14,0.14,9.290814867088804,34.46892894632189,-0.3934205206634615
1991.82,0.0,9.386016547874222,34.27255097415479,34.12167831510947,34.73969265904532,34.99706222663952,-6.24,0.05,0.05,0.05,0.0971916797919994,1.8775854396359992,-9.086352158803995,-1.1206516853938564,0.2278002496899497,-10.216873907613122,0.05,0.14,0.1414854111405178,9.278823678654312,34.532746043737276,-0.3550471713987807
1991.83,0.0,9.376047948960748,34.288851387559816,34.16655073784935,34.77112418030723,34.986217622765125,-6.206994753934383,0.05,0.05,0.05,0.0951916297907398,1.8740853521337948,-9.074851871296756,-1.0307640449438793,-0.0818127340821939,-10.571430711610256,0.05,0.14,0.15,9.266832999436371,34.55318598212038,-0.23900830156305047
1991.84,0.0,9.366079350047332,34.268372918660326,34.27217652480464,34.756034782170765,34.85041303953689,-6.147039720209734,0.05,0.05,0.05,0.0931915797894916,1.8705852646316103,-9.063351583789578,-0.9383128911139392,-0.4164030037544672,-10.92658573216506,0.05,0.14,0.15,9.254842831414352,34.536749316293154,-0.11942079117764984
1991.85,0.0,9.356110751133915,34.24740374844029,34.22432998752237,34.6811465535317,34.853410945844416,-6.136470000000042,0.05,0.05,0.05,0.0911915297882434,1.867085177129426,-9.0518512962824,-0.8231689612015848,-0.9720976220271342,-11.287036295368951,0.05,0.14,0.15,9.242853176577615,34.501572808834695,0.03158005452287302
1991.86,0.0,9.35,34.22604113301731,34.053429064138506,34.55831151484955,34.967700938357375,-6.166470000000041,0.05,0.05,0.05,0.0891914797869952,1.863585089627242,-9.040351008775223,-0.7292972436055459,-1.4064688353621029,-11.57436056617874,0.05,0.14,0.15,9.230864036925837,34.45137066259068,0.15175478979224236
1991.87,0.0,9.35,34.18533229161509,34.04079736252746,34.56899930828509,34.98607034585745,-6.147068232941754,0.05,0.05,0.05,0.087191429785747,1.8600850021250568,-9.028850721268045,-0.8186938167366553,-0.7955922522995218,-11.231673702509488,0.05,0.14,0.15,9.218875414469009,34.445299827071274,0.006350727498051045
1991.88,0.0,9.35,34.12889039064466,34.15687598905154,34.68827275939241,34.92643362030379,-6.0870832291928245,0.05,0.05,0.05,0.0851913797844988,1.856584914622873,-9.017350433760868,-0.90729103726028,-0.1803046324314577,-10.901316717020531,0.05,0.14,0.1486383207750942,9.20688731122751,34.475118189848104,-0.1373775850617697
1991.89,0.0,9.35,34.12102263565897,34.099823845961154,34.72491736434103,34.80630639659886,-6.07645500000008,0.05,0.05,0.05,0.0831913297832393,1.8530848271206688,-9.005850146253627,-0.9878549848941222,0.4793126888206251,-10.694871601208812,0.05,0.14,0.14,9.194899729232093,34.438017560640006,-0.2642650757048012
1991.9,0.0,9.35,34.15420093023259,33.89647300825185,34.69173906976741,34.6350635858963,-6.10645500000008,0.05,0.05,0.05,0.0811912797819911,1.8495847396184848,-8.994349858746448,-1.0589565651522963,1.0334797803303657,-10.474523215178069,0.05,0.14,0.14,9.182912670524232,34.344369148537034,-0.37911392082878026
1991.91,0.0,9.35,34.02881654708536,33.81500900847034,34.46658249626333,34.521434524165464,-6.152885335998129,0.05,0.05,0.05,0.0791912297807429,1.8460846521163,-8.98284957123927,-1.048971542686015,0.6840039940105089,-10.135032451324497,0.05,0.14,0.14,9.170926137155783,34.207960643996124,-0.39079906201087944
1991.92,0.0,9.35,33.76971340807257,33.836334369705966,34.0795271898368,34.45639217239682,-6.2128403697227785,0.05,0.05,0.05,0.0771911797794947,1.842584564614116,-8.971349283732094,-1.039491737606439,0.3664421632450729,-9.78019028543102,0.05,0.14,0.14,9.158940131189324,34.03549178500304,-0.40829565445490346
1991.93,0.0,9.35,33.62682201210309,33.791339773071634,33.99682671709437,34.3597218305604,-6.24,0.05,0.05,0.05,0.0751911297782465,1.839084477111932,-8.959848996224917,-1.034484226339529,0.3313895843767038,-9.289454181273854,0.05,0.14,0.14,9.146954654698144,33.943677583207375,-0.477236473097801
1991.94,0.0,9.35,33.584734266263524,33.68881834089832,34.1781277760956,34.235616938982176,-6.24,0.05,0.05,0.05,0.0731910797769983,1.835584389609747,-8.94834870871774,-1.017478781827554,0.2749575636551078,-8.785307039442362,0.05,0.14,0.14,9.134969709766331,33.9218243305599,-0.5419546452217898
1991.9500000000005,0.0,9.35,33.55121242236027,33.646465018633535,34.222834807453474,34.23295527950302,-6.24,0.05,0.05,0.05,0.0711910297757387,1.8320843021075428,-8.936848421210497,-0.8976585122314934,0.0353170244629867,-8.166235646529383,0.05,0.14,0.14,9.122985298488755,33.91336688198757,-0.5704873632045584
1991.96,0.0,9.3408870443522,33.52462857142855,33.652845142857146,34.156906857142815,34.3286571428572,-6.24,0.05,0.05,0.05,0.0709866094295029,1.8305919656577017,-8.926645527939689,-0.8027065598397007,-0.2064296444665773,-7.550533299950201,0.05,0.14,0.14,9.112689308043727,33.91575942857143,-0.6066424828464841
1991.9700000000005,0.0,9.315885794289716,33.420136526946195,33.62175784431141,34.07525844311382,34.29021952095816,-6.256348651348612,0.05,0.05,0.05,0.0734256933095954,1.8320554159857567,-8.918352642747376,-0.9278943415120912,-0.4668202303451495,-6.964654481723414,0.05,0.14,0.14,9.104879584051611,33.85184308383239,-0.7102727541231504
1991.98,0.0,9.290884544227229,33.24927824351366,33.55875385229566,33.98021852295447,34.13751493014033,-6.286318681318632,0.05,0.05,0.05,0.0758647771896879,1.833518866313813,-8.91005975755506,-1.0593083645438528,-0.6885193508117633,-6.529757802744397,0.05,0.14,0.14,9.097071604684054,33.73144138722603,-0.7971677676952428
1991.99,0.0,9.265883294164745,33.21217271216281,33.49254666330932,33.918211040040454,34.15909334172671,-6.283695000000053,0.05,0.05,0.05,0.0783038610697803,1.834982316641868,-8.901766872362746,-1.244077403245009,-0.5786566791516163,-7.388684144814636,0.05,0.14,0.14,9.089265374437122,33.695505939309825,-0.7406520322261072
1992.0,0.0,9.240882044102255,33.2908531453032,33.4235665575424,33.8847988013096,34.33154360614401,-6.253695000000054,0.05,0.05,0.05,0.0807429449498728,1.836445766969924,-8.893473987170433,-1.4171489361696974,-0.4886808510632039,-8.298893617011263,0.05,0.14,0.14,9.081460897821346,33.7326905275748,-0.6703790181846347
1992.01,0.0,9.215880794039771,33.35723724292077,33.41713970193722,33.94644526080417,34.38096891207175,-6.22370721958538,0.05,0.05,0.05,0.0831820288299652,1.8379092172979792,-8.885181101978118,-1.4872365456815653,-0.5737872340419008,-9.660595744670411,0.05,0.14,0.14,9.073658179361741,33.77544777943348,-0.47898800258486823
1992.02,0.0,9.190879543977143,33.413581008444986,33.461789478390365,34.085710039741386,34.32994059612529,-6.193729702722885,0.05,0.05,0.05,0.0856211127100715,1.8393726676260431,-8.876888216785757,-1.5379975031213549,-0.6322571785272201,-10.946274656677735,0.05,0.14,0.1414907161803525,9.065857223597847,33.82275528067551,-0.2953817195179719
1992.03,0.0,9.16587829391466,33.426990412396975,33.392167943014805,34.00119985503717,34.1763942364417,-6.196268134067073,0.05,0.05,0.05,0.088060196590164,1.8408361179540984,-8.868595331593442,-1.4231410736581478,-0.4624694132337837,-11.580481897626749,0.05,0.14,0.15,9.058058035083944,33.74918811172267,-0.1784857520916624
1992.04,0.0,9.140877043852171,33.403456295926084,33.22421993001795,33.7241391202207,33.93463467633158,-6.226283141570788,0.05,0.05,0.05,0.0904992804702565,1.842299568282154,-8.860302446401128,-1.304174174174468,-0.2951951951954702,-12.14438438438449,0.05,0.14,0.15,9.050260618388846,33.57161250562408,-0.07058786578524462
1992.05,0.0,9.115875793789687,33.37647952023998,33.19929586206864,33.558530314842805,33.760100989505624,-6.256281859070423,0.05,0.05,0.05,0.0929383643503489,1.8437630186102087,-8.852009561208813,-1.149019019019705,-0.1500500500506917,-12.089329329329573,0.05,0.14,0.15,9.042464978096127,33.47360167166426,-0.041908379927915684
1992.06,0.0,9.1,33.34653449275377,33.29768666666619,33.489015072464106,33.64352927536288,-6.286266866566628,0.05,0.05,0.05,0.0953774482304414,1.845226468938265,-8.843716676016498,-0.98090909091097,0.0381818181780599,-11.994805194808116,0.05,0.14,0.15,9.03467111880414,33.44419137681174,-0.019331936437670616
1992.07,0.0,9.1,33.290752096048514,33.30030448224162,33.52905966983408,33.64854211105484,-6.234976255936417,0.05,0.05,0.05,0.0978165321105338,1.8466899192663204,-8.835423790824185,-0.7011888111907792,0.5976223776184415,-11.56023976024282,0.05,0.14,0.15,9.026879045126062,33.442164589794764,-0.04933555026761638
1992.08,0.0,9.1,33.2126030215109,33.220014337168735,33.66394711355653,33.758807243621604,-6.115006248437534,0.05,0.05,0.05,0.1002556159906401,1.848153369594384,-8.827130905631822,-0.4428510638299042,1.0520000000007854,-11.071957446810115,0.05,0.14,0.148614393125685,9.01908876168991,33.46384292896444,-0.08372445392667313
1992.09,0.0,9.1,33.172973321669595,33.23224238940246,33.72008108972759,33.8081366608348,-6.043767174618954,0.05,0.05,0.05,0.1026946998707326,1.84961681992244,-8.81883802043951,-0.3727634543180362,0.5814117647068152,-10.11075594493307,0.05,0.14,0.14,9.011300273138776,33.48335836540861,-0.15672110529593475
1992.1,0.0,9.1,33.16655492626845,33.32423939015233,33.708314031492144,33.80492746313422,-6.013789657756629,0.05,0.05,0.05,0.1051337837508251,1.8510802702504952,-8.810545135247194,-0.3220054945052307,0.0780494505512508,-9.20458791208891,0.05,0.14,0.14,9.00351358413061,33.50100895276179,-0.22447237634780623
1992.11,0.0,9.1,33.11594534366429,33.25037596101026,33.61275589102764,33.80229217695577,-5.983816183816148,0.05,0.05,0.05,0.1075728676309175,1.8525437205785509,-8.80225225005488,-0.4368906093903091,-0.7061663336642839,-8.770022477523614,0.05,0.14,0.14,8.995728699338455,33.44534234316449,-0.2472740007553087
1992.12,0.0,9.1,33.02715754061525,33.03322024993851,33.44480787803126,33.80015271182206,-5.953846153846128,0.05,0.05,0.05,0.11001195151101,1.8540071709066064,-8.793959364862566,-0.5579554554549023,-1.3643418418432485,-8.326133633635294,0.05,0.14,0.14,8.987945623450468,33.32633459510177,-0.28666801854633306
1992.13,0.0,9.1,32.961932229426665,32.94504597506222,33.40234956608444,33.77169969077334,-5.95614807403702,0.05,0.05,0.05,0.1124510353911024,1.8554706212346617,-8.785666479670251,-0.7331306306296349,-0.9188963963989284,-7.800608108111096,0.05,0.14,0.14,8.980164361169953,33.27025686533667,-0.4713466515781378
1992.14,0.0,9.1,32.91710429925182,32.96852727182047,33.468524129675885,33.720467770573514,-5.986163081540905,0.05,0.05,0.05,0.1148901192712087,1.8569340715627247,-8.77737359447789,-0.90774282147278,-0.4083245942595613,-7.338349563046014,0.05,0.14,0.14,8.972384917215399,33.26865586783042,-0.6530335597309032
1992.15,0.0,9.1,32.87388252441771,32.92205422990227,33.44719672426742,33.70156249436515,-6.016161919040571,0.05,0.05,0.05,0.1173292031513012,1.858397521890781,-8.769080709285575,-1.0775305867662164,0.6603395755285377,-7.418249687889984,0.05,0.14,0.14,8.964607296320699,33.23617399323814,-0.8090832465411399
1992.16,0.0,9.094531015882538,32.83207936889561,32.813794775857865,33.348584152266575,33.7112093764087,-6.046146926536776,0.05,0.05,0.05,0.1197682870313937,1.8598609722188364,-8.760787824093262,-1.233063829787184,1.5071489361720594,-7.601829787232213,0.05,0.14,0.14,8.956831503234946,33.17641691835719,-0.9215859285103346
1992.17,0.0,9.07954749775249,32.852554214463616,32.78907199501232,33.218247660848355,33.62271032917758,-6.076123876123893,0.05,0.05,0.05,0.1217233581680991,1.8591383209159504,-8.754829925495702,-1.2631013767208417,0.4007659574490017,-8.698200250310718,0.05,0.14,0.14,8.950880341987428,33.12064604987547,-0.6507041953035029
1992.18,0.0,9.064563979622443,32.92726743142106,32.837101920199245,33.06028257356691,33.44873526683382,-6.106093906093913,0.05,0.05,0.05,0.1236276213372672,1.8581861893313665,-8.749117135988199,-1.2733008739080192,-0.660449438200544,-9.753058676652415,0.05,0.14,0.14,8.945121036756387,33.06834679800526,-0.38413951806273344
1992.19,0.0,9.049580461492395,32.90055615326887,32.86424046581513,33.04271582268911,33.31466464312602,-6.200420105026219,0.05,0.05,0.05,0.1255318845064354,1.8572340577467823,-8.743404346480693,-1.1135006242205328,-1.3346067415696274,-10.452184769035169,0.05,0.14,0.14,8.939362178888368,33.030544271224784,-0.1545693252018907
1992.2000000000005,0.0,9.034596943362263,32.78372169296252,32.87281547207615,33.149903400951814,33.21605207112433,-6.350457614404322,0.05,0.05,0.05,0.1274361476756143,1.856281926162193,-8.737691556973157,-0.9786808510636876,-1.7469787234074137,-11.094297872340192,0.05,0.14,0.1413902308104952,8.93360376924849,33.005623159278706,0.030762274126821254
1992.21,0.0,9.019613425232215,32.765614272159844,32.84378331585514,33.21419995006244,33.26113568039961,-6.43609500000009,0.05,0.05,0.05,0.1293404108447825,1.8553297945776088,-8.731978767465652,-1.0637872340423846,0.1453867334130203,-11.234473091363927,0.05,0.14,0.15,8.927845808704127,33.02118330461926,-0.17337923432749222
1992.2200000000005,0.0,9.004629907102169,32.83400877902609,32.78180079400761,33.24091655430706,33.43212194756522,-6.466095000000005,0.05,0.05,0.05,0.1312446740139506,1.8543776629930249,-8.726265977958148,-1.118082397004213,1.8102546816485747,-11.329210986267825,0.05,0.14,0.15,8.922088298124738,33.072212018726496,-0.35039413284035115
1992.23,0.0,8.98964638897212,32.851925576394194,32.76973330832697,33.13479461865543,33.51694221555386,-6.431751186610194,0.05,0.05,0.05,0.1331489371831188,1.853425531408441,-8.720553188450644,-0.9083445692887916,1.5256104868919316,-11.034579275905685,0.05,0.14,0.15,8.916331238381982,33.068348929732615,-0.29495085716029656
1992.24,0.0,8.974662870842074,32.82516888722191,32.8018413353337,32.911108697175194,33.52550435608899,-6.341818636023219,0.05,0.05,0.05,0.1350532003522869,1.8524733998238565,-8.714840398943139,-0.7450087565669767,1.1337277958493304,-10.678131098325393,0.05,0.14,0.15,8.910574630349704,33.01590581895495,-0.2532944653376899
1992.25,0.0,8.959679352712026,32.78496445074203,32.71650656776215,32.820974882480286,33.47648196032718,-6.289301783036217,0.05,0.05,0.05,0.1369574635214551,1.8515212682392723,-8.709127609435635,-0.9901926444824491,-0.2022742056492645,-9.777455591697125,0.05,0.14,0.15,8.904818474903946,32.94973196532791,-0.33301671767399926
1992.26,0.0,8.950000000000001,32.73288243707311,32.52744172362154,32.848799519919844,33.37659864644157,-6.269305115814079,0.05,0.05,0.05,0.1388617266906232,1.8505691366546884,-8.703414819928131,-1.21,-1.4258620689641217,-8.989655172412732,0.05,0.14,0.15,8.899062772922944,32.87143058176402,-0.3988238979935692
1992.27,0.0,8.950000000000001,32.68080042340389,32.33837687947986,32.876624157359565,33.2767153325554,-6.249308448591828,0.05,0.05,0.05,0.1407659898598022,1.849617005070099,-8.697702030420594,-1.21,-1.675737131433913,-9.179560219889774,0.05,0.14,0.15,8.893307525287103,32.79312919819968,-0.34410101006417293
1992.28,0.0,8.950000000000001,32.581955478391265,32.30378648513611,32.895911066699966,33.22025926055459,-6.24,0.05,0.05,0.05,0.1426702530289703,1.848664873485515,-8.69198924091309,-1.1966616616620347,-1.733783783788432,-9.36179929929897,0.05,0.14,0.1485273790537284,8.88755273287914,32.750478072695486,-0.3060060168892453
1992.29,0.0,8.950000000000001,32.44189052710487,32.40536030477128,32.90767224581562,33.202082892830404,-6.24,0.05,0.05,0.05,0.1445745161981385,1.847712741900931,-8.686276451405584,-1.066531531531863,-0.1121621621662933,-9.476914414414122,0.05,0.14,0.14,8.881798396583891,32.739251492630544,-0.41350649241994186
1992.3,0.0,8.950000000000001,32.423684493876266,32.4406269182705,32.93247658085468,33.16065642089496,-6.208005997001507,0.05,0.05,0.05,0.1464787793673066,1.8467606103163468,-8.68056366189808,-0.9280769230774047,1.3227747252751036,-9.615494505493723,0.05,0.14,0.14,8.87604451728845,32.7393611034741,-0.4952481297062091
1992.31,0.0,8.950000000000001,32.51354202949216,32.41709280179967,32.96884748812778,33.09861193201732,-6.148035982009098,0.05,0.05,0.05,0.1483830425364748,1.8458084787317623,-8.674850872390575,-0.7182867132872617,1.1579395604399914,-9.955154845153958,0.05,0.14,0.14,8.87029109588214,32.74952356285923,-0.3562525454762606
1992.32,0.0,8.950000000000001,32.544516957606106,32.422974563590834,32.79154767082511,33.01573054862903,-6.1519420144962496,0.05,0.05,0.05,0.1502873057056429,1.8448563471471784,-8.669138082883071,-0.5212787787790475,0.8827727727766925,-10.25230480480504,0.05,0.14,0.14,8.864538133256524,32.69369243516277,-0.21651028169940173
1992.33,0.0,8.950000000000001,32.523170324189515,32.45499451371572,32.424385576059706,32.91433403990021,-6.211927018245691,0.05,0.05,0.05,0.1521915688748219,1.843904215562589,-8.663425293375534,-0.4361936936936937,-0.3584684684684684,-10.17722972972973,0.05,0.14,0.14,8.858785630305377,32.57922111346629,-0.07023001896196483
1992.34,0.0,8.950000000000001,32.484903016032085,32.41061199398803,32.372390050100094,32.79526520040086,-6.287868032992051,0.05,0.05,0.05,0.15409583204399,1.8429520839780047,-8.65771250386803,-0.3872608695646332,-1.4139637681171429,-10.099398550724864,0.05,0.14,0.14,8.853033587924822,32.51579256513027,0.0441779586591705
1992.35,0.0,8.950000000000001,32.43129580160335,32.296964699399105,32.606117505009394,32.66017502004044,-6.377845538615446,0.05,0.05,0.05,0.1560000952131582,1.841999952393421,-8.651999714360526,-0.6481304347820818,-0.8777318840590541,-9.997949275362524,0.05,0.14,0.14,8.847282007013144,32.498638256513075,-0.11453972229953133
1992.36,0.0,8.944982578397235,32.37606374312869,32.26259722138914,32.78244985007439,32.6931313193395,-6.42,0.05,0.05,0.05,0.1579043583823263,1.841047820808837,-8.64628692485302,-0.90536269430022,-0.3312202072554854,-9.901608808290066,0.05,0.14,0.14,8.841530888470922,32.52856053348293,-0.2723316943300242
1992.37,0.0,8.930049776008003,32.31938208395837,32.29895904047954,32.90757728635606,32.87600988005885,-6.42,0.05,0.05,0.05,0.1598086215514945,1.8400956892242528,-8.640574135345517,-1.0608031088074976,0.5029766839335708,-9.94824093264225,0.05,0.14,0.14,8.835780233201016,32.600482072713206,-0.40421723244067387
1992.38,0.0,8.915116973618773,32.25164271868837,32.25947307654144,32.869636853877914,32.95119882703791,-6.388230000000124,0.05,0.05,0.05,0.1613843075897049,1.8386156924102952,-8.628925539282362,-1.2250612040949975,1.1680289782726114,-9.981646265301668,0.05,0.14,0.1415005302226409,8.82410950303729,32.582987869036415,-0.5234773769122375
1992.39,0.0,8.900184171229457,32.17399858349899,32.152047629224626,32.68563088966199,32.929926461232604,-6.328229999999953,0.05,0.05,0.05,0.1629232821196839,1.837076717880316,-8.61661374304253,-1.464881338994959,0.3836172870373204,-9.901706220335011,0.05,0.14,0.15,8.811777758206567,32.48540089090455,-0.5345457510033704
1992.4,0.0,8.885251368840224,32.1147492156863,32.104991719457004,32.636968391151285,32.92572099044745,-6.284115000000017,0.05,0.05,0.05,0.1644622566496541,1.835537743350346,-8.604301946802767,-1.6573229922450776,-0.3529847385526142,-9.820207655742191,0.05,0.14,0.15,8.7994464958246,32.44560757918551,-0.5349107830917277
1992.41,0.0,8.870318566450994,32.07278843137268,32.114674977375536,32.715510372046005,32.937556083458986,-6.2541150000000165,0.05,0.05,0.05,0.1660012311796243,1.833998768820376,-8.591990150563005,-1.4371578684019863,-0.6732249186880197,-9.725136352264494,0.05,0.14,0.15,8.787115717922434,32.4601324660633,-0.44206321540469506
1992.42,0.0,8.855385764061761,32.03378028478659,32.076477107170014,32.709917107170014,32.88968138396252,-6.271754122938448,0.05,0.05,0.05,0.1675402057095946,1.8324597942904053,-8.579678354323244,-1.2238146390211002,-0.8722857856627366,-9.61128403697292,0.05,0.14,0.15,8.774785426542511,32.42746397077228,-0.36694953231808974
1992.43,0.0,8.840452961672531,31.997427549338205,31.99521805146188,32.62865805146188,32.78810756432735,-6.331724137930856,0.05,0.05,0.05,0.1690791802395648,1.8309208197604352,-8.567366558083481,-1.0689308018990888,-0.0329153135176422,-9.33649013240161,0.05,0.14,0.15,8.762455623738695,32.35235280414733,-0.4438042096148983
1992.44,0.0,8.825520159283299,31.989702593055085,31.95493601299028,32.50866729453015,32.617490277293605,-6.328313764676746,0.05,0.05,0.05,0.170618154769535,1.829381845230465,-8.55505476184372,-0.9098999249445578,0.630322742060335,-9.120407805853104,0.05,0.14,0.15,8.750126311576347,32.26769904446728,-0.4920660104523435
1992.4500000000005,0.0,8.810587356893983,32.00787896077938,31.951728418685992,32.35363356982295,32.38440509118208,-6.268358730951755,0.05,0.05,0.05,0.172157129299514,1.827842870700486,-8.542742965603889,-0.7147535651739909,-0.2403302476852714,-9.41562922191627,0.05,0.14,0.15,8.737797492132326,32.1744115101176,-0.29131994541287975
1992.46,0.0,8.8,31.99029846997272,31.97197488661838,32.254635130824944,32.21862361824099,-6.24,0.05,0.05,0.05,0.1736961038294842,1.826303896170516,-8.530431169364126,-0.5441779110443807,-0.9954547726142632,-9.663810594703024,0.05,0.14,0.15,8.72546916749536,32.10888302641426,-0.11795725358064739
1992.4700000000005,0.0,8.8,31.94017138300538,32.01356970346362,32.20664111138813,32.114103309245266,-6.24,0.05,0.05,0.05,0.1752350783594545,1.8247649216405453,-8.518119373124364,-0.5841579210393201,-0.7605722138939947,-9.508888055972635,0.05,0.14,0.15,8.713141339765704,32.068621376775596,-0.17925303741010537
1992.48,0.0,8.8,31.85554145290613,31.937766342685887,32.22392379759497,32.152307775550625,-6.224212893553209,0.05,0.05,0.05,0.1767740528894247,1.823225947110576,-8.505807576884603,-0.6396748374177096,-0.4531790895496922,-9.353431715858772,0.05,0.14,0.1485167464115347,8.700814011055503,32.042384842184404,-0.2533871176729227
1992.49,0.0,8.8,31.738677725451154,31.75228538076192,32.302190330661155,32.32385086172308,-6.194227886057004,0.05,0.05,0.05,0.1783130274193949,1.821686972580605,-8.49349578064484,-0.8297698849417721,0.4822886443187202,-9.193351675838509,0.05,0.14,0.14,8.688487183488796,32.02925107464933,-0.4387244129423029
1992.5,0.0,8.8,31.69830525868524,31.63891745063748,32.29899486128491,32.39988936265937,-6.18,0.05,0.05,0.05,0.1798520019493652,1.8201479980506348,-8.481183984405078,-1.008878060969309,1.2719540229896218,-9.072456271863548,0.05,0.14,0.14,8.676160859201616,32.00902673331675,-0.599280892088407
1992.51,0.0,8.8,31.728257770557203,31.59184921769582,32.220904383904426,32.38812230442396,-6.18,0.05,0.05,0.05,0.1813909764793354,1.818609023520665,-8.468872188165317,-1.093835582208555,0.8121839080478193,-9.287348825586346,0.05,0.14,0.14,8.663835040342061,31.98228341914535,-0.547481190957667
1992.52,0.0,8.8,31.73483264419476,31.632691325842647,32.20237214981272,32.36801776779027,-6.18,0.05,0.05,0.05,0.1829299510093144,1.8170700489906857,-8.456560391925485,-1.166375687843917,0.3632391195597334,-9.555592796398296,0.05,0.14,0.14,8.651509729070309,31.9844784719101,-0.48456300257474916
1992.53,0.0,8.8,31.71987134581773,31.75451904119849,32.23870673158552,32.34023249937578,-6.18,0.05,0.05,0.05,0.1844689255392846,1.815531074460716,-8.444248595685723,-1.1313581790895844,0.0080615307657846,-10.285957978988668,0.05,0.14,0.14,8.639184927558988,32.01333240449438,-0.32533830384154333
1992.54,0.0,8.8,31.721528159999977,31.78053866000009,32.25788278,32.33349111999998,-6.148567858035444,0.05,0.05,0.05,0.1860079000692549,1.813992099930745,-8.43193679944596,-1.0921664167917862,-0.3105222388805476,-10.961411794102451,0.05,0.14,0.14,8.626860637992845,32.02336018000001,-0.1768271782524932
1992.55,0.0,8.8,31.73864815999993,31.717408660000267,32.261092779999984,32.346331119999945,-6.088582854286513,0.05,0.05,0.05,0.1875468745992251,1.812453125400775,-8.4196250032062,-1.017203898051275,-0.315519740129915,-11.166309345326514,0.05,0.14,0.14,8.614536862569105,32.015870180000036,-0.12012471056606197
1992.56,0.0,8.793383931692313,31.731369071804007,31.670339719790007,32.17888392294304,32.33366101576201,-6.091386460154706,0.05,0.05,0.05,0.1890858491291953,1.8109141508708049,-8.407313206966437,-0.942233616808821,-0.3086093046529373,-11.339127063532349,0.05,0.14,0.1411436464087785,8.602213603497493,31.978563432574767,-0.06951278485839957
1992.57,0.0,8.768417636191254,31.701386584938827,31.63821562672017,32.017192654491545,32.29725371028287,-6.151341493879356,0.05,0.05,0.05,0.1918270456761334,1.8069549238731109,-8.395533888347229,-0.867196098049536,-0.1985542771393194,-11.23407453726935,0.05,0.14,0.15,8.58992857844283,31.913512144108353,-0.07165613339504293
1992.58,0.0,8.743451340690052,31.65751178794689,31.623892008002,31.957848132033064,32.22527160790181,-6.16433999999996,0.05,0.05,0.05,0.1963271581789675,1.7994547363683877,-8.384533613340302,-0.8020889555221963,-0.1172338830581194,-11.115977011494744,0.05,0.14,0.15,8.577702816868316,31.86613088397094,-0.07612057912751649
1992.59,0.0,8.718485045188993,31.60078760690167,31.626032543135786,31.99316696174047,32.120385386346484,-6.134339999999961,0.05,0.05,0.05,0.2008272706817759,1.7919545488637068,-8.373533338333436,-0.8220789605197227,-0.2821514242877126,-10.886091954023188,0.05,0.14,0.15,8.565482663926435,31.835093124531102,-0.10047538408395248
1992.6,0.0,8.693518749687934,31.581339875156047,31.650399625468136,31.974554856429503,32.056147365792775,-6.12,0.05,0.05,0.05,0.2053273831845844,1.784454361359026,-8.362533063326572,-0.8379289644822385,-0.43,-10.628741870935402,0.05,0.14,0.15,8.55326814365648,31.815610430711615,-0.12937130763645388
1992.61,0.0,8.668552454186875,31.596301173533035,31.69528352059911,31.90616034956326,32.02943076154815,-6.12,0.05,0.05,0.05,0.2098274956873928,1.7769541738543453,-8.351532788319707,-0.8179189594797626,-0.43,-10.133494247124124,0.05,0.14,0.15,8.541059280224202,31.806793951310887,-0.19760165458374904
1992.62,0.0,8.643586158685816,31.492304686486182,31.64002990757005,31.77743736697567,32.01985986010489,-6.104381713714784,0.05,0.05,0.05,0.2143276081902013,1.7694539863496646,-8.34053251331284,-0.7968657835541862,-0.3641814546379113,-9.639330167459343,0.05,0.14,0.15,8.528856097922503,31.7324079552842,-0.27216175344021004
1992.63,0.0,8.618619863184756,31.27739586810017,31.49141137147226,31.592466095429504,32.02627504871342,-6.07440419685246,0.05,0.05,0.05,0.2188277206930097,1.7619537988449838,-8.329532238305976,-0.7668732816797212,0.265661084725855,-9.154451387155492,0.05,0.14,0.15,8.516658621172187,31.596887095928842,-0.4009638889932644
1992.64,0.0,8.593653567683555,31.20262773613185,31.371469565217524,31.57964632683637,31.96922899550241,-6.044422788605663,0.05,0.05,0.05,0.2233278331958438,1.7544536113402605,-8.318531963299048,-0.7290772693174413,0.79463115778981,-8.700755188797396,0.05,0.14,0.15,8.504466874522631,31.530743155922035,-0.5119372368564798
1992.65,0.0,8.568687272182496,31.25930939530218,31.2784260869568,31.728301999000056,31.852657281359665,-6.014437781109459,0.05,0.05,0.05,0.2278279456986522,1.7469534238355795,-8.307531688292183,-0.6240510127533665,0.4545461365347107,-8.515708927232122,0.05,0.14,0.15,8.492280882652839,31.529673690654676,-0.46930872153701036
1992.66,0.0,8.55,31.284043371685865,31.227235417708904,31.78827083541781,31.80218458229109,-5.984441110277616,0.05,0.05,0.05,0.2323280582014606,1.739453236330899,-8.296531413285319,-0.5425337331331421,0.0779310344844327,-8.32179910045043,0.05,0.14,0.15,8.480100670371773,31.525433551775915,-0.43211785393251123
1992.67,0.0,8.55,31.278690695347706,31.21545952976495,31.7647190595299,31.81396047023505,-5.954433608402166,0.05,0.05,0.05,0.2368281707042691,1.7319530488262185,-8.285531138278452,-0.6624737631179602,-0.6117241379282711,-8.05193403298459,0.05,0.14,0.15,8.467926262619402,31.5182074387194,-0.4415242449775193
1992.68,0.0,8.55,31.28492950524728,31.212519220389773,31.668336011994928,31.769994032984048,-5.924445554445634,0.05,0.05,0.05,0.2413282832070776,1.7244528613215375,-8.274530863271588,-0.7819084542264746,-1.180812906455866,-7.867988994494137,0.05,0.14,0.1485394456290438,8.455757684467416,31.483944692654006,-0.4502948455413106
1992.69,0.0,8.55,31.302040949525164,31.21786654672661,31.503638360820307,31.67374215892096,-5.894475524475613,0.05,0.05,0.05,0.245828395709886,1.7169526738168568,-8.263530588264723,-0.8969659829907115,-0.7055752876470612,-8.428269134563465,0.05,0.14,0.14,8.44359496111999,31.42432200399826,-0.4535583333858344
1992.7000000000005,0.0,8.55,31.296577512487467,31.17752103896089,31.493122937063173,31.76908887112936,-5.88,0.05,0.05,0.05,0.25032850821272,1.7094524863121334,-8.252530313257795,-1.033431642088775,-0.1180654836324964,-9.03499625093506,0.05,0.14,0.14,8.431438117914496,31.43407758991022,-0.4686563411526868
1992.71,0.0,8.55,31.2698542357642,31.09414441558429,31.627808251748448,32.04487308691349,-5.88,0.05,0.05,0.05,0.2548286207155285,1.7019522988074527,-8.24153003825093,-1.353351662083978,1.4315471132192683,-10.039745063732491,0.05,0.14,0.14,8.41928718032258,31.50916999750261,-0.5851688234715314
1992.7200000000005,0.0,8.55,31.21237829000001,31.026094500000006,31.67199251000001,32.12044663000002,-5.910967741935429,0.05,0.05,0.05,0.259328733218337,1.694452111302772,-8.230529763244066,-1.6472818204550392,2.712333083271921,-10.968607151787651,0.05,0.14,0.14,8.40714217395052,31.50772798250001,-0.6764844221655485
1992.73,0.0,8.55,31.12570829000026,30.97259450000016,31.63026251000013,32.00595663000034,-5.970982745686329,0.05,0.05,0.05,0.2638288457211454,1.6869519237980912,-8.2195294882372,-1.717299324831089,1.6770742685688989,-11.243675918979278,0.05,0.14,0.14,8.395003124540306,31.433630482500224,-0.550719177320264
1992.74,0.0,8.55,31.09118473999993,30.9114097600003,31.490277620001024,31.839869090000946,-6.030989999999889,0.05,0.05,0.05,0.2683289582239538,1.6794517362934105,-8.208529213230335,-1.7685050000002815,0.567125000004479,-11.440362500001216,0.05,0.14,0.1415021231422029,8.382870057970381,31.33318530250055,-0.422732217810195
1992.75,0.0,8.55,31.106164739999933,30.8429297600003,31.257017620001022,31.624799090000945,-6.090989999999889,0.05,0.05,0.05,0.2728290707267623,1.6719515487887295,-8.197528938223469,-1.6585050000005943,-1.1828749999905472,-10.965362500002566,0.05,0.14,0.15,8.37074300025642,31.20772780250055,-0.2757065455502409
1992.76,0.0,8.543796927054961,31.05529492835777,30.782875281573062,31.089278927024843,31.50689054981685,-6.212939020326127,0.05,0.05,0.05,0.2773291832295708,1.6644513612840488,-8.186528663216604,-1.5134625969512057,-2.6093420065154413,-10.501828871656608,0.05,0.14,0.15,8.35862197755217,31.108584921693133,-0.14881977353523157
1992.77,0.0,8.518934911242598,30.94191272242589,30.73081930023327,30.98374077307567,31.48121910696436,-6.392879040320295,0.05,0.05,0.05,0.2769511737793254,1.6604065101627568,-8.174512112802786,-1.0681285964478755,-1.2633324993761637,-10.136554916187585,0.05,0.14,0.15,8.346034987585906,31.034422975674797,-0.19451085004564572
1992.78,0.0,8.494072895430374,30.828530516494656,30.67876331889377,30.87820261912709,31.455547664112,-6.572819060313441,0.05,0.05,0.05,0.2694509862746446,1.6614065351633809,-8.16101177529436,-0.6382238321260448,0.088288783411791,-9.850779415438245,0.05,0.14,0.15,8.332765969687447,30.96026102965688,-0.23393571334446256
1992.79,0.0,8.469210879618151,30.771556890777315,30.655003109222683,30.87873179205168,31.38003414646376,-6.644546590057452,0.05,0.05,0.05,0.2619507987699639,1.662406560164005,-8.147511437785935,-0.3384486635027968,1.4872395703202816,-10.23549088183808,0.05,0.14,0.15,8.319504577864308,30.92133148462886,-0.22051157087953033
1992.8,0.0,8.444348863805928,30.76834769307675,30.658212306923254,30.980356385903,31.257014901275323,-6.614569073195127,0.05,0.05,0.05,0.2544506112652831,1.663406585164629,-8.13401110027751,-0.0747024999998848,2.5644400000043,-10.571640000000205,0.05,0.14,0.15,8.30625084864285,30.915982821794582,-0.19307926821510707
1992.81,0.0,8.419486847993705,30.799079069767025,30.700838139534355,31.056277209301985,31.229219069767023,-6.615419999999964,0.05,0.05,0.05,0.2469504237606024,1.664406610165253,-8.120510762769085,-0.1197024999997569,0.8844400000090744,-10.491640000000432,0.05,0.14,0.15,8.293004818761766,30.9463533720926,-0.04560574584783124
1992.82,0.0,8.394624832181481,30.8622248562136,30.781108207051183,31.10765005251276,31.292364856213595,-6.645419999999963,0.05,0.05,0.05,0.2394502362559216,1.6654066351658772,-8.10701042526066,-0.175674999998808,-0.7678674999887554,-10.413207500000516,0.05,0.14,0.15,8.279766525173434,31.010836992997785,0.09554065112868906
1992.83,0.0,8.369762816369118,30.906725735698164,30.82794401199097,31.11848683487391,31.318800564576588,-6.6754161459636085,0.05,0.05,0.05,0.2319500487511982,1.666406660166507,-8.093510087752156,-0.3256749999996606,-2.182867499996799,-10.348207500000148,0.05,0.14,0.15,8.266536005045214,31.04298928678491,0.18246751903486635
1992.84,0.0,8.344900800556895,30.93345568823373,30.84291278541089,31.09068768423691,31.310246979765203,-6.705408647838073,0.05,0.05,0.05,0.2244498612465175,1.667406685167131,-8.08000975024373,-0.4955655655648069,-3.1979029029082806,-10.30098348348325,0.05,0.14,0.15,8.253313295761126,31.044325784411683,0.22381516435820692
1992.85,0.0,8.320038784744671,30.8990531701228,30.76017877092256,31.12292935298488,31.32243476892317,-6.673819635273586,0.05,0.05,0.05,0.2169496737418367,1.668406710167755,-8.066509412735305,-0.8359059059052558,-0.7854904904950994,-10.406088588588387,0.05,0.14,0.15,8.240098434922775,31.026149015738355,-0.12542277714595745
1992.86,0.0,8.3,30.806032935299008,30.58376108418777,31.212741993504405,31.35451071196585,-6.583887084686611,0.05,0.05,0.05,0.209449486237156,1.6694067351683792,-8.05300907522688,-1.1676623376618285,1.4083016983009928,-10.532450049949452,0.05,0.14,0.15,8.22689146035105,30.989261681239256,-0.4458282399337099
1992.87,0.0,8.3,30.6890313021752,30.55213388152904,31.24322765308688,31.31417713071791,-6.509280000000112,0.05,0.05,0.05,0.2019492987324752,1.6704067601690034,-8.039508737718455,-1.4274025974012678,1.7679420579402167,-10.837145354643797,0.05,0.14,0.15,8.213692410087452,30.949642491877256,-0.5243386817491229
1992.88,0.0,8.3,30.54889633591668,30.6601768707818,31.2164843389154,31.20399467633144,-6.449280000000112,0.05,0.05,0.05,0.1944491112277945,1.6714067851696277,-8.02600840021003,-1.6495395395403318,1.90171171172597,-11.057697697701656,0.05,0.14,0.1485287846482605,8.200501322395498,30.90738805548633,-0.5794684126121429
1992.89,0.0,8.3,30.51644704471652,30.590406684986068,31.12613641269036,31.071005350986635,-6.435356160959841,0.05,0.05,0.05,0.1869489237230711,1.6724068101702572,-8.012508062701528,-1.5494394394396307,0.0999099099133522,-10.557197197198152,0.05,0.14,0.14,8.187318235762065,30.825998873344897,-0.43423999362125476
1992.9,0.0,8.3,30.588083317511856,30.34876791406449,30.974310282288307,30.91597162628032,-6.465348662834306,0.05,0.05,0.05,0.1794487362183903,1.6734068351708813,-7.999007725193103,-1.4318056943061337,-1.4435039960050322,-10.094040959041209,0.05,0.14,0.14,8.174143188899125,30.70678328503624,-0.30433991266469784
1992.91,0.0,8.3,30.51157980582545,30.289601553397947,30.8945982524272,30.807668543689378,-6.495322016974535,0.05,0.05,0.05,0.1719485487137096,1.6744068601715054,-7.985507387684677,-1.167070429570953,-0.8191283716296064,-9.944190809191106,0.05,0.14,0.14,8.160976220744717,30.625862038834992,-0.30303955032946994
1992.92,0.0,8.3,30.291027154593326,30.407868917102128,30.885009006721447,30.7448057107295,-6.525277084373465,0.05,0.05,0.05,0.1644483612090289,1.6754068851721295,-7.972007050176252,-0.8970495495503462,-0.1580105105129762,-9.751944444445847,0.05,0.14,0.1414666666666569,8.147817370464704,30.582177697286603,-0.31020095077861504
1992.93,0.0,8.3,30.1729580664502,30.438931251561463,30.75228113914625,30.704219080689526,-6.54,0.05,0.05,0.05,0.1569481737043481,1.6764069101727537,-7.958506712667827,-0.5817342342358274,0.817965465460534,-9.196388888891695,0.05,0.14,0.15,8.13466667745415,30.51709738446186,-0.3898743949941638
1992.94,0.0,8.3,30.15798929303028,30.38226375218605,30.495673594804742,30.68604271296533,-6.54,0.05,0.05,0.05,0.1494479861996673,1.6774069351733776,-7.945006375159402,-0.2914885114890984,1.6006293706355332,-8.665954045956395,0.05,0.14,0.15,8.121524181338772,30.4304923382466,-0.45406367736868447
1992.9500000000005,0.0,8.3,30.172890509666114,30.337738207381346,30.494774340949235,30.68597901581724,-6.54,0.05,0.05,0.05,0.141947798694944,1.6784069601740077,-7.931506037650899,-0.2115684315685896,0.761468531470191,-8.34627372627436,0.05,0.14,0.15,8.108389921976345,30.42284551845348,-0.38834593057831407
1992.96,0.0,8.294582043343569,30.218022319859337,30.30550120010048,30.75267039919622,30.7042466532764,-6.54,0.05,0.05,0.05,0.1344476111902632,1.6794069851746316,-7.918005700142474,-0.1603978978974628,-0.0846671671651478,-8.066276276276144,0.05,0.14,0.15,8.095263939458478,30.49511014310811,-0.3255520259294135
1992.9700000000005,0.0,8.269614501148453,30.25276792707286,30.30739137362628,30.89100689310684,30.737595509490383,-6.555247129306056,0.05,0.05,0.05,0.1262278048780365,1.6782131707317014,-7.910397073170733,-0.3555930930927202,-0.9905730730713423,-8.126336336336221,0.05,0.14,0.15,8.087441793321902,30.54719042582409,-0.2878136297725225
1992.98,0.0,8.24464695895334,30.277353341658262,30.34266609890099,30.91238551448545,30.785697407592263,-6.585202196704986,0.05,0.05,0.05,0.1169595121951174,1.673822926829266,-7.91137268292683,-0.5938361638351691,-1.7122252747266429,-8.252879620378485,0.05,0.14,0.15,8.087346934936887,30.579525590659244,-0.27362944824173974
1992.99,0.0,8.219679416758224,30.28956,30.30630550000033,30.80824731500072,30.85591206999971,-6.584808606454813,0.05,0.05,0.05,0.1076912195121983,1.669432682926831,-7.9123482926829265,-1.193236763235578,-0.8880494505510805,-8.937195304693951,0.05,0.14,0.15,8.087265198217919,30.565006221250187,-0.4570573866056763
1993.0,0.0,8.19471187456311,30.28956,30.19930550000034,30.580337315000715,30.94793206999971,-6.554786089567203,0.05,0.05,0.05,0.0984229268292791,1.6650424390243954,-7.913323902439023,-1.738368368368166,-0.0694544544564017,-9.668726226223356,0.05,0.14,0.15,8.087196583562855,30.504283721250193,-0.6145349214566469
1993.01,0.0,8.169744332367994,30.23089545954101,30.079980564436188,30.561904395603506,30.908045119880924,-6.524786410192426,0.05,0.05,0.05,0.08915463414636,1.66065219512196,-7.91429951219512,-1.818448448448044,0.7013163163124218,-10.804862362356625,0.05,0.14,0.15,8.087141091305694,30.445206384865408,-0.5496336395954384
1993.02,0.0,8.144776790172738,30.114381973027232,29.948502042957333,30.750036263735847,30.738085079920456,-6.494808893329932,0.05,0.05,0.05,0.0798863414633882,1.6562619512194996,-7.915275121951223,-1.8884040959041208,1.3485064935071402,-11.833299200798994,0.05,0.14,0.15,8.08709872171657,30.387751339910217,-0.4847810797199206
1993.03,0.0,8.119809247977622,30.039648593593714,29.936674214213827,30.72081444945034,30.62489146646667,-6.495157264103873,0.05,0.05,0.05,0.0706180487804691,1.6518717073170643,-7.916250731707319,-1.8734190809191107,0.9588961038968744,-11.95817432567408,0.05,0.14,0.15,8.087069475001734,30.330507180931136,-0.42033728129588965
1993.04,0.0,8.094841705782509,30.0064453903905,30.043781321320967,30.475539174174987,30.56812469969989,-6.525112331502718,0.05,0.05,0.05,0.06134975609755,1.6474814634146289,-7.917226341463416,-1.812927927929066,0.5488063063077857,-12.05640140140173,0.05,0.14,0.15,8.087053351303565,30.273472646396588,-0.34251498017596527
1993.05,0.0,8.069874163587393,29.932895828129315,29.955914594055475,30.256320234824585,30.45595876592616,-6.54,0.05,0.05,0.05,0.0520814634146308,1.6430912195121936,-7.918201951219513,-1.3624774774797537,-0.0367792792763204,-11.92627127127193,0.05,0.14,0.15,8.087050350700556,30.150272355733883,-0.15004723250616303
1993.06,0.0,8.05,29.819560829378485,29.675784691482672,30.06279537846704,30.289163862104186,-6.54,0.05,0.05,0.05,0.0428131707317117,1.638700975609758,-7.919177560975609,-0.9216983017009428,-0.5456368631378536,-11.757335164838796,0.05,0.14,0.15,8.087060473207313,29.961826190358096,0.02532141039630964
1993.07,0.0,8.05,29.719633403298857,29.58406156921484,30.01420156921484,30.19375195402313,-6.524857571214454,0.05,0.05,0.05,0.0335448780487926,1.6343107317073229,-7.920153170731706,-0.5620579420606975,-0.4107717282727616,-11.26282967033346,0.05,0.14,0.15,8.087083718774558,29.877912123937918,0.05723418371396877
1993.08,0.0,8.05,29.63300671664183,29.67924397801083,30.10938397801083,30.169154252873607,-6.494872563718079,0.05,0.05,0.05,0.0242765853658208,1.6299204878048623,-7.921128780487809,-0.2368610763455007,-0.2198973717161829,-10.763499374219013,0.05,0.14,0.1485197018104201,8.08712008728913,29.897697231384274,0.07102593101374764
1993.09,0.0,8.05,29.607523540621795,29.70577036108333,30.05203180541668,30.139136459378207,-6.48,0.05,0.05,0.05,0.0150082926829017,1.625530243902427,-7.922104390243906,-0.206823529411843,0.4509411764688386,-10.222823529413176,0.05,0.14,0.14,8.087169578573985,29.876115541625,-0.07046824321360337
1993.1,0.0,8.05,29.642939789368064,29.6639147943832,29.84275397191597,30.10372021063193,-6.48,0.05,0.05,0.05,0.0057399999999826,1.6211399999999918,-7.923080000000002,-0.1970986267161481,0.9821398252202872,-9.65397253433438,0.05,0.14,0.1414893617021122,8.087232192388198,29.81333219157479,-0.2085275291608454
1993.11,0.0,8.05,29.657697683686184,29.61301405728528,29.85848191780785,30.12679474470722,-6.449812453113411,0.05,0.05,0.05,-0.0035282926829365,1.6167497560975563,-7.924055609756099,-0.3568988764040882,0.347932584271275,-8.849977528091932,0.05,0.14,0.15,8.087307928426979,29.81399710087163,-0.31791994376013977
1993.12,0.0,8.05,29.65236767123289,29.553317917808428,30.09300246575261,30.20674493150657,-6.389797449362511,0.05,0.05,0.05,-0.0127965853658556,1.612359512195121,-7.925031219512196,-0.5245882352935076,-0.2791163954929014,-8.12058322903653,0.05,0.14,0.15,8.087396786321671,29.876358246575123,-0.41941604937122945
1993.13,0.0,8.05,29.6272524700002,29.52183660500001,30.186863540000207,30.242484280000035,-6.390209999999811,0.05,0.05,0.05,-0.0220648780487747,1.6079692682926856,-7.926006829268292,-0.7598823529398232,-0.8448235294085112,-8.030470588235813,0.05,0.14,0.15,8.08749876563976,29.894609223750116,-0.4532456985315235
1993.14,0.0,8.05,29.58231246999994,29.518626604999994,30.13978353999994,30.23392427999999,-6.450210000000152,0.05,0.05,0.05,-0.0313331707317465,1.6035790243902253,-7.926982439024395,-0.9881672908859074,-1.246339575533352,-7.983662921347417,0.05,0.14,0.15,8.087613865884892,29.868661723749966,-0.4952409966484249
1993.15,0.0,8.05,29.543259865067448,29.4828313343328,30.017393388305752,30.20987467766115,-6.464910089910019,0.05,0.05,0.05,-0.0406014634146656,1.59918878048779,-7.927958048780492,-1.1579550561793437,-0.2775505618002154,-8.298269662920548,0.05,0.14,0.15,8.087742086496874,29.813339816341788,-0.6053851220389537
1993.16,0.0,8.05,29.510106441779147,29.414385557221465,29.819542313843296,30.17030446276866,-6.434940059939998,0.05,0.05,0.05,-0.0498697560975847,1.5947985365853548,-7.928933658536589,-1.31836836836819,0.6302727727719137,-8.623933933932998,0.05,0.14,0.15,8.087883426851702,29.72858469390314,-0.7043682569314832
1993.17,0.0,8.05,29.430916375940125,29.357601263158,29.79518245614002,30.076132275689552,-6.42,0.05,0.05,0.05,-0.0591380487805039,1.5904082926829193,-7.929909268292685,-1.3984484484482955,1.015658158157422,-9.044354354353551,0.05,0.14,0.15,8.088037886261562,29.664958092731922,-0.7077086454967446
1993.18,0.0,8.05,29.30541261654171,29.31254863157908,29.94535789473641,29.92702951879741,-6.42,0.05,0.05,0.05,-0.0497467336246359,1.589211287201895,-7.918563664427479,-1.4646803196804177,1.240839160841356,-9.454577922077284,0.05,0.14,0.15,8.076615489205077,29.622587165413655,-0.6912830765824969
1993.19,0.0,8.05,29.28499642073748,29.30844254237275,29.85501998504605,29.84709153040881,-6.405018764073136,0.05,0.05,0.05,-0.0384421400465264,1.588341703080502,-7.90595469466728,-1.4147302697305255,0.1219580419637698,-9.779253246751583,0.05,0.14,0.15,8.06402051076308,29.573887619641276,-0.5090276202669067
1993.2000000000005,0.0,8.05,29.3682067896312,29.3447137288136,29.527512507477205,29.8353567347956,-6.374996247185271,0.05,0.05,0.05,-0.0271375464683527,1.587472118959104,-7.893345724907009,-1.3422728410519231,-0.8773842302879172,-10.079416770963498,0.05,0.14,0.15,8.051441542221404,29.5189474401794,-0.33535340803904845
1993.21,0.0,8.05,29.368436274411604,29.30323003505256,29.41785184276416,29.77721378067099,-6.36,0.05,0.05,0.05,-0.0158329528902432,1.586602534837711,-7.880736755146811,-1.0769411764712804,-0.8523529411765359,-10.16952941176447,0.05,0.14,0.15,8.038878658735468,29.46668298322483,-0.235215120038808
1993.2200000000005,0.0,8.05,29.284850896344583,29.18321000500761,29.528227406109075,29.672196254381657,-6.36,0.05,0.05,0.05,-0.0045283593121338,1.585732950716318,-7.868127785386611,-0.8127490636711389,-0.7236679151089538,-10.24786267166048,0.05,0.14,0.15,8.026331935834598,29.417121140460733,-0.1480204834989282
1993.23,0.0,8.05,29.220573740610995,29.133450450675976,29.58657803705557,29.63743920380565,-6.345033741564566,0.05,0.05,0.05,0.0067762342659756,1.584863366594925,-7.855518815626413,-0.5580674157309844,0.2700898876379232,-10.22788764044949,0.05,0.14,0.15,8.01380144942374,29.394510358037046,-0.16885090073896702
1993.24,0.0,8.05,29.17556622934414,29.153810991487177,29.593007681522263,29.672802248372463,-6.315041239690101,0.05,0.05,0.05,0.0180808278440851,1.583993782473532,-7.842909845866213,-0.3231989987485849,1.1375043804760885,-10.22203254067558,0.05,0.14,0.15,8.001287275784787,29.398796787681512,-0.1810604644267157
1993.25,0.0,8.05,29.1698462767545,29.158020353409693,29.50019666003047,29.68606934793432,-6.314943792155812,0.05,0.05,0.05,0.0293854214221945,1.583124198352139,-7.830300876106015,-0.2581176470589932,0.9222352941182084,-10.337176470587934,0.05,0.14,0.15,7.988789491577988,29.378533159532246,-0.11939467542295104
1993.26,0.0,8.05,29.20286768043793,29.14630308113493,29.30952468392295,29.67754769537086,-6.344921309018137,0.05,0.05,0.05,0.040690015000304,1.582254614230746,-7.817691906345815,-0.2213893053467153,0.6177061469297446,-10.39187406296989,0.05,0.14,0.15,7.97630817384334,29.33406078521667,-0.06711666773735188
1993.27,0.0,8.05,29.215341142857127,29.1326454285714,29.249351857143,29.67429471428572,-6.350058343057143,0.05,0.05,0.05,0.0519946085784777,1.581385030109348,-7.805082936585545,-0.4212893553225483,-0.4317691154433791,-9.942098950524269,0.05,0.14,0.15,7.9638434000019105,29.317908285714314,-0.0931871527376486
1993.28,0.0,8.05,29.20680958139534,29.117004232558124,29.322581093023324,29.676427604651163,-6.33005500916817,0.05,0.05,0.05,0.0632992021565872,1.580515445987955,-7.792473966825345,-0.6334067033515189,-1.3175037518761843,-9.506063031515918,0.05,0.14,0.15,7.951395247857504,29.330705627906987,-0.13830752158262216
1993.29,0.0,8.05,29.19827801993356,29.101363036544853,29.395810328903647,29.678560495016608,-6.310051675279197,0.05,0.05,0.05,0.0746037957346967,1.579645861866562,-7.779864997065147,-0.9485642821405158,-0.8222561280649038,-9.185902951476304,0.05,0.14,0.15,7.938963795597613,29.343502970099667,-0.3440938919119185
1993.3,0.0,8.05,29.16617544239986,29.078663629947098,29.4481963700529,29.696910007562348,-6.270172370721949,0.05,0.05,0.05,0.0859083893128062,1.5787762777451688,-7.767256027304947,-1.2374862568713505,-0.2628935532267337,-8.937431284356752,0.05,0.14,0.15,7.926549121795073,29.347486362490553,-0.5368875073781397
1993.31,0.0,8.05,29.108993692967093,29.04845440383168,29.47840559616833,29.732513738341243,-6.2102173369973,0.05,0.05,0.05,0.0972129828909156,1.5779066936237758,-7.754647057544749,-1.3074512743624942,0.831559220384731,-9.287256371812472,0.05,0.14,0.15,7.914151305409361,29.342091857827086,-0.6212462621613941
1993.32,0.0,8.05,29.041949608381444,29.00770640558763,29.430900613619848,29.68288681466753,-6.239371571072035,0.05,0.05,0.05,0.1085175764690251,1.5770371095023827,-7.742038087784549,-1.359394697349293,1.73576288144505,-9.69809904951904,0.05,0.14,0.15,7.9017704257879435,29.290860860564113,-0.6705358972143466
1993.33,0.0,8.05,28.96508255924179,28.9564617061612,29.30599165876791,29.54836947867313,-6.359072319202127,0.05,0.05,0.05,0.1198221700471988,1.5761675253809848,-7.729429118024279,-1.2593446723363442,1.0354127063544094,-10.623561780888815,0.05,0.14,0.15,7.889406562667563,29.193976350711004,-0.42405389980466035
1993.34,0.0,8.05,28.939664696173967,28.870081785446708,29.219187546886857,29.43015815453893,-6.434741055791857,0.05,0.05,0.05,0.1311267636253083,1.5752979412595918,-7.716820148264079,-1.150352742208801,0.2853950229558153,-11.418978014013897,0.05,0.14,0.15,7.877059796175855,29.114773045761616,-0.18908548640951375
1993.35,0.0,8.05,28.966421385346244,28.74807128282113,29.17102550637676,29.328482735684275,-6.464763572679551,0.05,0.05,0.05,0.1424313572034178,1.5744283571381987,-7.704211178503881,-0.9667335105103944,-0.8791374728156561,-11.129052911332202,0.05,0.14,0.15,7.864730206832263,29.0535002275571,-0.050207077911971376
1993.36,0.0,8.044794315632062,28.95180042839372,28.74709756911541,29.1409721643836,29.28210822914069,-6.48,0.05,0.05,0.05,0.1537359507815272,1.5735587730168057,-7.6916022087436815,-0.7833937823840722,-1.965220207257321,-10.840479274612338,0.05,0.14,0.15,7.852417875549641,29.030494597758356,0.08062450569791432
1993.37,0.0,8.014876589379288,28.89530229638868,28.868621853050765,29.12924613698633,29.29170225155664,-6.48,0.05,0.05,0.05,0.1650405443596367,1.5726891888954126,-7.678993238983483,-0.6072279792753054,-1.0377590673611663,-10.586593264249704,0.05,0.14,0.15,7.8401228836355035,29.046218134495604,0.0049209171701467685
1993.38,0.0,7.984958863126512,28.82964920682751,28.92645305220886,29.01756043674757,29.2966,-6.465191106670069,0.05,0.05,0.05,0.1763451379377462,1.5718196047740196,-7.6663842692232835,-0.4338830584714122,-0.0783783108498662,-10.374505247375728,0.05,0.14,0.15,7.827845312793326,29.017565673945985,-0.06872344549786695
1993.39,0.0,7.955041136873568,28.75444840361435,28.917858674698785,28.801626701806924,29.2966,-6.4352135898075735,0.05,0.05,0.05,0.1876497315159199,1.5709500206526217,-7.653775299463013,-0.2839580209895374,1.1460094952521114,-10.509437781109416,0.05,0.14,0.15,7.815585245123785,28.942633445030015,-0.12527144463215784
1993.4,0.0,7.9251234106207935,28.72091540844367,28.901837626779912,28.78833476392709,29.31308970771921,-6.42,0.05,0.05,0.05,0.1989543250940293,1.5700804365312286,-7.641166329702814,-0.1547948974486451,2.1147998999520445,-10.587378689345378,0.05,0.14,0.15,7.803342763126305,28.93104437671747,-0.1708387930783064
1993.41,0.0,7.895205684368019,28.72946899325505,28.878315268548608,28.979721224081786,29.346234848863325,-6.42,0.05,0.05,0.05,0.1927400000000015,1.568962857142857,-7.633258571428573,-0.199817408704216,0.93921210605658,-10.187178589295858,0.05,0.14,0.15,7.795218378787194,28.98343508368719,-0.12428209091661224
1993.42,0.0,7.865287958115244,28.71475967147845,28.80887067197642,29.06244309606777,29.340749616724857,-6.390510000000077,0.05,0.05,0.05,0.1847400000000067,1.567820000000001,-7.625830000000007,-0.3017816091929199,-0.254515242373004,-9.767681159422796,0.05,0.14,0.15,7.787520247736125,28.98170576406187,-0.09788174632637432
1993.43,0.0,7.83537023186247,28.67641223494297,28.692763155799547,29.03474772523659,29.2960109407668,-6.330510000000077,0.05,0.05,0.05,0.1767400000000119,1.5666771428571449,-7.61840142857144,-0.8764942528701731,-1.59884307845284,-9.187971014496172,0.05,0.14,0.15,7.779829986857708,28.924983514186472,-0.23882604483663045
1993.44,0.0,7.805452505609695,28.61454225943572,28.54880451887144,29.06169582104417,29.271497120719843,-6.285258685328738,0.05,0.05,0.05,0.1687400000000171,1.5655342857142882,-7.610972857142873,-1.406515757877832,-2.678529264640462,-8.68172086042943,0.05,0.14,0.15,7.772147619513702,28.874134930017792,-0.3811632420527916
1993.4500000000005,0.0,7.775534779356751,28.52789392151965,28.3755078430393,29.146204693826512,29.268287923019244,-6.255266183454103,0.05,0.05,0.05,0.1607399999999768,1.564391428571425,-7.603544285714265,-1.5615932966483437,-1.537958979489604,-8.791775887943986,0.05,0.14,0.15,7.764473169134258,28.829473595351175,-0.5351864016531371
1993.46,0.0,7.75,28.43536483450361,28.28652,29.11337028084268,29.28387000501501,-6.196095380029837,0.05,0.05,0.05,0.152739999999982,1.5632485714285689,-7.596115714285698,-1.6940904547725386,-0.3620539730114878,-8.91632433783142,0.05,0.14,0.15,7.756806659218185,28.779781280090326,-0.6831074417569998
1993.4700000000005,0.0,7.75,28.33662862587792,28.28652,28.956680210632346,29.319286253761184,-6.106676602086527,0.05,0.05,0.05,0.1447399999999872,1.5621057142857124,-7.588687142857132,-1.6391179410294971,1.1072113943025337,-9.161201899050424,0.05,0.14,0.15,7.749148113332795,28.72477877256786,-0.7803666990725606
1993.48,0.0,7.75,28.28652,28.270417264662523,28.830929566289186,29.20376312962158,-6.074343585896426,0.05,0.05,0.05,0.1367399999999924,1.5609628571428562,-7.581258571428565,-1.5606978489249466,2.320372686344818,-9.40290895447686,0.05,0.14,0.15,7.74149755511417,28.64790749014332,-0.8436009851359524
1993.49,0.0,7.75,28.28652,28.237721355347603,28.7370606653528,28.93270349433336,-6.104351087771875,0.05,0.05,0.05,0.1287399999999976,1.5598199999999998,-7.573829999999998,-1.2855602801409018,1.3849049524790658,-9.618016508253476,0.05,0.14,0.15,7.733855008267221,28.548501378758438,-0.6213769443042015
1993.5,0.0,7.75,28.2809843378996,28.282078767122705,28.67562867579919,28.72991041095944,-6.134354999999923,0.05,0.05,0.05,0.1207400000000028,1.558677142857143,-7.566401428571432,-1.0072206948276312,0.4274806298475396,-9.80677580604862,0.05,0.14,0.15,7.726220496565777,28.492150547945236,-0.39978198650965263
1993.51,0.0,7.75,28.269041161846825,28.41562519025822,28.651742323693654,28.606135677321653,-6.164354999999922,0.05,0.05,0.05,0.112740000000008,1.5575342857142869,-7.558972857142865,-0.7022969257705697,-0.7122344413821329,-9.776783304174154,0.05,0.14,0.15,7.718594043852681,28.48563608828009,-0.18340988090791654
1993.52,0.0,7.75,28.26561421644589,28.38909505123704,28.517392356910577,28.57545744063989,-6.223065000000279,0.05,0.05,0.05,0.1047399999999677,1.556391428571424,-7.551544285714256,-0.4503350837703811,-1.6920055013763933,-9.793345836457918,0.05,0.14,0.15,7.710975674039844,28.43688976630835,0.005590581006099205
1993.53,0.0,7.75,28.27096287928017,28.197612921769828,28.269214401400003,28.640711127218104,-6.31306500000028,0.05,0.05,0.05,0.0967399999999729,1.5552485714285675,-7.544115714285689,-0.6403825956482307,-1.336916729183569,-10.198447111776492,0.05,0.14,0.15,7.703365411108503,28.344625332417024,-0.033847067501408715
1993.54,0.0,7.75,28.21709029585837,28.11331928994074,28.26462615384533,28.61000189349156,-6.345644999999948,0.05,0.05,0.05,0.0887399999999781,1.554105714285711,-7.536687142857122,-0.7922713643185535,-0.9034207896098816,-10.549255372314276,0.05,0.14,0.15,7.6957632791090544,28.301259408284,-0.0768399501642488
1993.55,0.0,7.75,28.10207057199268,28.139699960552136,28.51154923076801,28.48020899408348,-6.315645000000033,0.05,0.05,0.05,0.0807399999999833,1.5529628571428549,-7.529258571428556,-0.6273538230894287,0.1810369815028483,-10.449305347326929,0.05,0.14,0.15,7.688169302161319,28.30838218934908,-0.14934954430403224
1993.56,0.0,7.748711739152162,28.05750534412936,28.12871449392741,28.6147544129558,28.49204663967518,-6.285645000000077,0.05,0.05,0.05,0.0727399999999885,1.5518199999999984,-7.521829999999989,-0.5039744872420141,1.1281565782906096,-10.392498749372509,0.05,0.14,0.15,7.680583504454582,28.32325522267194,-0.21499829767473905
1993.57,0.0,7.738725220951744,28.094327206477573,28.074564696356507,28.551940647773552,28.667491983804908,-6.255645000000078,0.05,0.05,0.05,0.0647399999999937,1.550677142857142,-7.514401428571422,-0.7290870435205091,0.9230540270146472,-10.697651325661134,0.05,0.14,0.15,7.673005910247679,28.347081133603133,-0.2230868517248706
1993.58,0.0,7.728738702751269,28.075532908641925,28.005067199999942,28.520811427160496,28.701107219753013,-6.211282820705009,0.05,0.05,0.05,0.0611013811184239,1.5502202762236847,-7.5038322657368255,-0.9627793051741022,0.657245688576857,-10.954953761559429,0.05,0.14,0.15,7.66253319444051,28.325629688888842,-0.23498580702793523
1993.59,0.0,7.718752184550851,27.99838722962977,27.919467200000163,28.5229250074074,28.585917096296512,-6.151267816954109,0.05,0.05,0.05,0.0638041568691172,1.5507608313738237,-7.488696721532944,-1.2677030742311637,-0.112561859534413,-10.814988752811924,0.05,0.14,0.15,7.6478434027937094,28.256674133333462,-0.2785199541276745
1993.6,0.0,7.708765666350433,27.95147069252081,27.86252138504164,28.52406,28.55649681692242,-6.12,0.05,0.05,0.05,0.0665069326198105,1.5513013865239622,-7.473561177329061,-1.526086521630792,-0.8117729432354839,-10.669129782446188,0.05,0.14,0.15,7.633156348143133,28.223637223621218,-0.31465780386953845
1993.61,0.0,7.698779148150015,27.939614736842163,27.83880947368433,28.52406,28.62655473684175,-6.12,0.05,0.05,0.05,0.0692097083705038,1.5518419416741007,-7.458425633125178,-1.3960540135038422,-0.9218004501121336,-10.474081020255763,0.05,0.14,0.15,7.618472046318099,28.232259736842064,-0.2890676765947479
1993.62,0.0,7.688792629949597,27.88901393106948,27.824888756243773,28.38573764735436,28.61007688311754,-6.12,0.05,0.05,0.05,0.0719124841211971,1.5523824968242397,-7.443290088921296,-1.2697875000003942,-0.928087500003548,-10.277425000000871,0.05,0.14,0.15,7.603790513267231,28.17742930444629,-0.27577279434212465
1993.63,0.0,7.678806111749179,27.796016928072504,27.821681963036983,28.096057327674124,28.498908051948742,-6.12,0.05,0.05,0.05,0.0746152598718904,1.5529230519743782,-7.428154544717413,-1.1747875000003942,-0.0730875000035479,-10.067425000000872,0.05,0.14,0.15,7.589111765059539,28.053166067683087,-0.3645570393709791
1993.64,0.0,7.668819593548704,27.71486392244597,27.775988769575,27.99824875466064,28.341954138702576,-6.12,0.05,0.05,0.05,0.077318035622599,1.5534636071245198,-7.413019000513445,-1.04806451612846,0.6765591397847629,-9.847741935483432,0.05,0.14,0.15,7.574435817885462,27.957763896346048,-0.4331984773204228
1993.65,0.0,7.658833075348286,27.64677543127021,27.683430976882946,28.11208420084511,28.134497017151432,-6.12,0.05,0.05,0.05,0.0800208113732923,1.5540041622746583,-7.397883456309563,-0.657966991747611,0.5515278819703882,-9.547666916728932,0.05,0.14,0.15,7.559762688058305,27.894196906537424,-0.3346077727713435
1993.66,0.0,7.65,27.621199830042464,27.621411102224474,28.068865258685577,28.025781779555103,-6.12,0.05,0.05,0.05,0.0827235871239856,1.5545447174247973,-7.382747912105681,-0.3153986503374174,0.3590202449387397,-9.249767558110465,0.05,0.14,0.15,7.545092392014878,27.834314492626905,-0.2446326051951488
1993.67,0.0,7.65,27.64473394651329,27.59466778805308,27.84422141964584,28.031130442389383,-6.12,0.05,0.05,0.05,0.0854263628746789,1.5550852725749358,-7.367612367901798,-0.3653861534615258,-0.3907923019228869,-8.969837540615456,0.05,0.14,0.15,7.530424946316974,27.778688399150397,-0.22581539113554303
1993.68,0.0,7.65,27.67273429499985,27.58032,27.77775800499948,27.99531629000037,-6.1056299999999855,0.05,0.05,0.05,0.0881291386253722,1.5556258277250743,-7.352476823697915,-0.4105376344085811,-1.0298924731194607,-8.716774193548515,0.05,0.14,0.15,7.515760367652441,27.756532147499925,-0.21282045497567745
1993.69,0.0,7.65,27.70590429499985,27.58032,27.89438800499948,27.911856290000376,-6.075630000000071,0.05,0.05,0.05,0.0908319143760655,1.5561663828752132,-7.337341279494034,-0.4155388847211561,-0.7498224556152615,-8.686766691673064,0.05,0.14,0.15,7.501098672836353,27.773117147499928,-0.24816396556691
1993.7000000000005,0.0,7.65,27.6765970007498,27.61354000999751,27.95398507373157,27.88096298925269,-6.0600000000000005,0.05,0.05,0.05,0.0935346901267741,1.5567069380253549,-7.322205735290065,-0.436195951012252,-0.4028242939264876,-8.662159460134967,0.05,0.1384946808510591,0.15,7.4864398788120985,27.781271268432896,-0.29490716998560523
1993.71,0.0,7.65,27.574972406898485,27.68521209197685,27.94756667833043,27.910915501124656,-6.0600000000000005,0.05,0.05,0.05,0.0962374658774674,1.5572474931754936,-7.307070191086183,-0.5861584603845773,0.4969507623074642,-8.682154461384611,0.05,0.13,0.15,7.471784002652924,27.779666669582603,-0.43580340119936645
1993.7200000000005,0.0,7.65,27.485738630684857,27.6751740829588,27.91094411794122,27.953243608195752,-6.074367041198524,0.05,0.05,0.05,0.0989402416281607,1.557788048325632,-7.2919346468823,-0.7302150537630401,1.2559139784963531,-8.733333333332027,0.05,0.13,0.15,7.457131061562625,27.756275109945157,-0.5553548582237516
1993.73,0.0,7.65,27.41087606196912,27.570366486756768,27.839289945027588,28.00992526736624,-6.104329588015013,0.05,0.05,0.05,0.101643017378854,1.5583286034757708,-7.276799102678418,-0.825238809701965,0.8458114528652042,-9.043410852711675,0.05,0.13,0.15,7.442481072877112,27.70761444027993,-0.4976950504589096
1993.74,0.0,7.65,27.394328319999897,27.47542148000017,27.863026839999726,28.028061500000057,-6.134309999999996,0.05,0.05,0.05,0.1043457931295473,1.5588691586259096,-7.261663558474535,-0.9202574356405824,0.3914621344707638,-9.350772306921748,0.05,0.1315007982969311,0.15,7.4278340540655545,27.690209534999966,-0.43584362334044424
1993.75,0.0,7.65,27.44568831999975,27.391961480000408,27.99784683999934,28.00131150000013,-6.16430999999991,0.05,0.05,0.05,0.1070485688802405,1.559409713776048,-7.246528014270653,-1.0152336915766582,-0.4283329167669439,-9.635701074729974,0.05,0.14,0.15,7.413190022731629,27.709202034999905,-0.33937252526233197
1993.76,0.0,7.647282229965229,27.46096150000017,27.36930529999969,27.97101766000138,27.962203000000343,-6.165686421605544,0.05,0.05,0.05,0.1097513446309338,1.5599502689261868,-7.231392470066771,-1.1059124999997552,-1.0992625000025171,-9.91848749999882,0.05,0.14,0.15,7.398548996614781,27.690871865000396,-0.2572620507310008
1993.77,0.0,7.617416625186596,27.43421150000002,27.417455299999965,27.75594766000016,27.90870300000004,-6.135678919729925,0.05,0.05,0.05,0.1082703938282699,1.5561083861136076,-7.224378779941878,-1.1609124999999114,-0.5342625000009114,-10.183487499999572,0.05,0.14,0.15,7.390862232756563,27.629079365000045,-0.29437814844226856
1993.78,0.0,7.587551020408134,27.38752850191645,27.393604732544727,27.62079920013337,27.88618059656722,-6.110450000000001,0.05,0.05,0.05,0.1063655412162426,1.551822467736546,-7.218188008952789,-1.207850000000083,0.0538499999967633,-10.414625000000209,0.05,0.14,0.15,7.383881413749817,27.572028257790443,-0.33631472593768375
1993.79,0.0,7.557685415629671,27.317633484419467,27.285909348442235,27.57871954674233,27.899731671388064,-6.0904500000000015,0.05,0.05,0.05,0.1044606886042152,1.5475365493594844,-7.2119972379637,-1.187850000000083,0.8338499999967633,-10.364625000000208,0.05,0.14,0.15,7.37690216604932,27.520498512748027,-0.41827249606311234
1993.8,0.0,7.527819810851208,27.247738466922485,27.178213964339747,27.536639893351293,27.913282746208907,-6.070450000000002,0.05,0.05,0.05,0.1025558359921878,1.5432506309824228,-7.205806466974611,-1.1640860215056084,1.471397849464665,-10.32537634408581,0.05,0.1385860215054006,0.15,7.36992449411911,27.468968767705608,-0.4825264622014812
1993.81,0.0,7.497954206072746,27.18244692000031,27.11725717000004,27.566323329999417,27.82280661000109,-6.074317841079436,0.05,0.05,0.05,0.1006509833801605,1.5389647126053612,-7.199615695985522,-1.1090722680672835,0.926261565393991,-10.37538884721156,0.05,0.13,0.15,7.362948402439134,27.422208507500216,-0.39979768360371715
1993.82,0.0,7.4680886012942835,27.122526920000308,27.110837170000032,27.67974332999941,27.61094661000109,-6.1043028485756405,0.05,0.05,0.05,0.0987461307681331,1.5346787942282996,-7.1934249249964335,-1.042180000000893,0.3428000000048703,-10.408120000000595,0.05,0.1315323435842327,0.15,7.355973895505316,27.38101350750021,-0.31170999953542633
1993.83,0.0,7.438222996515651,27.057175064999964,27.131082640000027,27.608480259999848,27.50624229500001,-6.12,0.05,0.05,0.05,0.0968412781560949,1.5303928758512135,-7.187234154007309,-0.877179999999955,-0.5572000000002455,-10.29811999999997,0.05,0.14,0.15,7.349000977829586,27.32574506499996,-0.17936172583695426
1993.84,0.0,7.408357391737188,26.985485064999963,27.182442640000023,27.321720259999847,27.52657229500001,-6.12,0.05,0.05,0.05,0.0949364255440675,1.526106957474152,-7.18104338301822,-0.7181170292572918,-1.32975243810947,-10.182175543885938,0.05,0.14,0.15,7.342029653940105,27.25405506499996,-0.06315930994250271
1993.85,0.0,7.378491786958726,26.952157488462465,27.19666639300464,27.21959511294624,27.45068132620855,-6.134227113556853,0.05,0.05,0.05,0.0930315729320402,1.5218210390970903,-7.174852612029131,-0.6080895223806421,-1.0496824206052708,-10.017134283570964,0.05,0.14,0.15,7.33505992838109,27.204775080155475,-0.08030971960799908
1993.86,0.0,7.35,26.963592999757065,27.1675578188002,27.33291063395636,27.26251518581559,-6.164242121060567,0.05,0.05,0.05,0.0911267203200128,1.517535120720029,-7.168661841040042,-0.4948137965510343,-0.7376280929774623,-9.878135466133376,0.05,0.14,0.15,7.328091805713043,27.1816441595823,-0.09575393012313202
1993.87,0.0,7.35,26.980194981967923,27.12885276661544,27.328580587327107,27.22215941267289,-6.165760679490378,0.05,0.05,0.05,0.0892218677079854,1.5132492023429671,-7.1624710700509535,-0.3548487878035307,-0.1627718070502152,-9.953116720819535,0.05,0.14,0.15,7.321125290512776,27.164946937145842,-0.09717900199711563
1993.88,0.0,7.35,27.004450520350183,27.07593159196323,27.149971622875896,27.400768377124106,-6.135783162628054,0.05,0.05,0.05,0.087317015095958,1.5089632839659055,-7.156280299061864,-0.2429502872838754,0.3845340994236678,-9.967659255561005,0.05,0.1384992017030779,0.15,7.314160387373482,27.157780528078355,-0.11431128619791028
1993.89,0.0,7.35,26.973514736315963,27.0227491777056,27.13542571357153,27.498342649337665,-6.134212106053139,0.05,0.05,0.05,0.0854121624839198,1.5046773655888197,-7.150089528072741,-0.3628603547338562,0.7042942792902833,-9.483022732950664,0.05,0.13,0.15,7.307197100904761,27.15750806923269,-0.26117350925420146
1993.9,0.0,7.35,26.878308537865514,26.969262549362647,27.31193158710326,27.50155184703824,-6.164227113556853,0.05,0.05,0.05,0.0835073098718925,1.500391447211758,-7.143898757083651,-0.4934475856888646,0.92765073805461,-9.037743307480822,0.05,0.13,0.15,7.300235435732848,27.165263630342416,-0.39564067591836194
1993.91,0.0,7.35,26.842351782945745,26.91131821955487,27.41389499874969,27.517109997499382,-6.165775668248772,0.05,0.05,0.05,0.0816024572598651,1.4961055288346965,-7.137707986094562,-0.7136127095313297,0.3422116587462369,-8.922656992744987,0.05,0.13,0.15,7.293275396500443,27.171168749687418,-0.4261173929504903
1993.92,0.0,7.35,26.875530077519368,26.8481724331083,27.42887874468617,27.54707748937233,-6.135798151386447,0.05,0.05,0.05,0.0796976046478377,1.4918196104576351,-7.1315172151054735,-0.9369730269716668,-0.234485514482767,-8.8183816183817,0.05,0.13,0.15,7.286316987866937,27.17491468617154,-0.45694002117232213
1993.93,0.0,7.35,26.87508942000008,26.74103768000032,27.40777394000013,27.53798866000011,-6.12,0.05,0.05,0.05,0.0777927520358104,1.4875336920805735,-7.125326444116384,-1.1867232767218372,-0.7389810189781112,-8.80339660339669,0.05,0.13,0.15,7.279360214508443,27.14047242500016,-0.49061961959075706
1993.94,0.0,7.35,26.8354994200002,26.58267768000077,27.34464394000031,27.483418660000265,-6.12,0.05,0.05,0.05,0.075887899423783,1.483247773703512,-7.119135673127295,-1.41530663329131,-1.048312891122021,-8.824493116393516,0.05,0.13,0.15,7.27240508111787,27.061559925000388,-0.532024251594365
1993.9500000000005,0.0,7.35,26.78701130000004,26.50440075999999,27.244438440000103,27.44713924000001,-6.12,0.05,0.05,0.05,0.0739830468117448,1.478961855326426,-7.112944902138171,-1.4653692115143575,0.2883579474333437,-9.149899874843324,0.05,0.13,0.15,7.265451592404943,26.995747435000034,-0.6385815253493847
1993.96,0.0,7.3493608947473215,26.728161300000043,26.519380759999983,27.101058440000106,27.43215924000001,-6.12,0.05,0.05,0.05,0.0720781941997174,1.4746759369493645,-7.106754131149082,-1.4931825000001533,1.508209999999743,-9.516492499999302,0.05,0.13,0.15,7.2584997530964435,26.945189935000037,-0.7192867939926012
1993.9700000000005,0.0,7.339374875174734,26.68364716000002,26.509643760000028,26.97844072000008,27.369228260000085,-6.148259999999958,0.05,0.05,0.05,0.0701733415876901,1.470390018572303,-7.100563360159994,-1.3381825000001533,1.7682099999997427,-10.221492499999302,0.05,0.13,0.15,7.25154956793603,26.885239975000054,-0.5875767395310386
1993.98,0.0,7.329388855602145,26.65582716000002,26.471123760000022,26.88000072000008,27.250458260000087,-6.2082599999999575,0.05,0.05,0.05,0.073181659082959,1.467272863643178,-7.091818590929535,-1.1755936015998765,1.819935016247978,-10.832644338915468,0.05,0.13,0.15,7.2423846996872205,26.814352475000053,-0.445863847028967
1993.99,0.0,7.319402836029557,26.61069771943001,26.476606571642776,26.84484069017245,27.121290802701004,-6.268252936765784,0.05,0.05,0.05,0.076681834091706,1.4642727136356806,-7.082818140907042,-0.9506498375413884,0.1603499125275775,-10.67268432891832,0.05,0.13,0.15,7.232999896359709,26.76335894598656,-0.2219617368936717
1994.0,0.0,7.309416816456968,26.54541139784984,26.53333075268784,26.883370322580426,26.98001548387179,-6.328237940514885,0.05,0.05,0.05,0.0801820091004531,1.461272563628183,-7.07381769088455,-0.7283945986507586,-1.3540285071250553,-10.502453113279715,0.05,0.13,0.15,7.22361705682597,26.735531989247477,-0.015616035201904771
1994.01,0.0,7.29943079688438,26.51032,26.49899137500108,26.79075362500188,26.92931862499958,-6.36,0.05,0.05,0.05,0.0836821841092001,1.4582724136206855,-7.064817240862057,-0.5283445861477591,-1.6691072768172794,-10.247389347338393,0.05,0.13,0.15,7.214236188748338,26.682345906250635,0.04572673748516931
1994.02,0.0,7.289444777311735,26.51032,26.35882137500028,26.545723625000488,26.98388862499989,-6.36,0.05,0.05,0.05,0.087182359117967,1.4552722636131712,-7.055816790839514,-0.3440384615385178,-1.7754895104911568,-10.011328671328751,0.05,0.13,0.15,7.204857299827387,26.599688406250166,0.08295728001338581
1994.03,0.0,7.279458757739147,26.49101504876229,26.363669797448967,26.45955988497101,26.977085091273,-6.388125937031701,0.05,0.05,0.05,0.090682534126714,1.4522721136056735,-7.0468163408170215,-0.2890934065934803,-0.16709790210006,-9.931408591408696,0.05,0.13,0.15,7.195480397802368,26.572832455613817,-0.07793248333111322
1994.04,0.0,7.2694727381665585,26.449274613653536,26.53705314328532,26.558024501125,26.89895555888995,-6.44809595202411,0.05,0.05,0.05,0.094182709135461,1.449271963598176,-7.037815890794529,-0.2517267267265181,1.2790615615614005,-9.849339339339528,0.05,0.13,0.15,7.186105490451125,26.61082695423845,-0.22818117703819746
1994.05,0.0,7.25948671859397,26.41844854431966,26.594040219725585,26.56834793008768,26.90944790012449,-6.451934032983482,0.05,0.05,0.05,0.097682884144208,1.4462718135906787,-7.0288154407720365,-0.36183683683635,1.3641466466462704,-9.749239239239682,0.05,0.13,0.15,7.176732585590535,26.622571148564354,-0.2891547935509895
1994.06,0.0,7.25,26.40028125343326,26.51602773533105,26.4764428114859,27.02272630212203,-6.391964017991073,0.05,0.05,0.05,0.101183059152955,1.4432716635831813,-7.019814990749545,-0.4914649999980647,1.3022050000084753,-9.6713924999993,0.05,0.13,0.15,7.167361691076692,26.603869525593062,-0.3380267904893547
1994.07,0.0,7.25,26.38209931465739,26.45076986993513,26.50228616808352,27.07841720360184,-6.373999500374647,0.05,0.05,0.05,0.104683234161702,1.4402715135756838,-7.010814540727052,-0.7814649999980647,0.0322050000084752,-9.7763924999993,0.05,0.13,0.15,7.157992814805141,26.60339313906947,-0.287464742714853
1994.08,0.0,7.25,26.36390021510753,26.400454712356115,26.666078064032217,27.06664131565781,-6.403977017237142,0.05,0.05,0.05,0.1081834091704689,1.437271363568169,-7.001814090704508,-1.04976744186037,-1.1347286821702045,-9.85209302325599,0.05,0.13,0.15,7.148625964711054,26.624268576788417,-0.244767579803932
1994.09,0.0,7.25,26.329452882455705,26.30977043673572,26.68822572498129,27.072623558772147,-6.433978978979038,0.05,0.05,0.05,0.111683584179216,1.434271213560672,-6.992813640682016,-1.1397899474867197,-1.4548087021750034,-9.687051762941016,0.05,0.13,0.15,7.1392611487696955,26.60001815073622,-0.26669295013025646
1994.1,0.0,7.25,26.276046343898248,26.17198156725748,26.545096201647308,27.09932682805088,-6.464009009009078,0.05,0.05,0.05,0.115183759187963,1.4312710635531745,-6.983813190659524,-1.226539999999865,-1.6081100000027235,-9.52310500000035,0.05,0.13,0.15,7.129898374996327,26.523112735213477,-0.3046959836237607
1994.11,0.0,7.25,26.194173034431856,26.08807419866244,26.48402932870933,27.059416328957507,-6.437967032966946,0.05,0.05,0.05,0.11868393419671,1.428270913545677,-6.974812740637032,-1.286539999999865,-0.3981100000027238,-9.36810500000035,0.05,0.13,0.15,7.1205376514466705,26.456423222690283,-0.4741228508997317
1994.12,0.0,7.25,26.0786119742389,26.067930527619623,26.52007589794383,26.94067468912621,-6.34805694305714,0.05,0.05,0.05,0.122184109205457,1.4252707635381796,-6.965812290614539,-1.32256000000041,0.7034349999994495,-9.22237000000018,0.05,0.13,0.15,7.111178986217097,26.40182327223214,-0.6228170637810309
1994.13,0.0,7.25,26.02567950151039,26.052377779456258,26.49244841389801,26.850440996979216,-6.3,0.05,0.05,0.05,0.125684284214204,1.4222706135306822,-6.956811840592047,-1.1625600000008645,0.9184349999988384,-9.152370000000378,0.05,0.13,0.15,7.101822387444865,26.35523667296097,-0.6020360925698433
1994.14,0.0,7.25,26.05261807150045,26.04267989425984,26.383616591138143,26.79656385699908,-6.3,0.05,0.05,0.05,0.1291844592229709,1.4192704635231677,-6.947811390569504,-0.998745000000439,1.0048150000021725,-9.105804999999672,0.05,0.13,0.15,7.092467863308324,26.318869603474383,-0.5630529733655799
1994.15,0.0,7.25,26.04982300827285,26.0130508448234,26.32414,26.676128959639524,-6.313951048951099,0.05,0.05,0.05,0.1326846342317179,1.4162703135156702,-6.938810940547011,-0.8037450000004389,0.0398150000021721,-9.250804999999676,0.05,0.13,0.15,7.0831154220273636,26.265785703183944,-0.37527981872930977
1994.16,0.0,7.24969032515857,26.01119678616209,25.95940331411402,26.32414,26.47548719478643,-6.343921078921119,0.05,0.05,0.05,0.1361848092404649,1.4132701635081728,-6.929810490524519,-0.6310899999999775,-0.8308999999997749,-9.395259999999686,0.05,0.13,0.15,7.0737650718633525,26.192556823765635,-0.2048971322343153
1994.17,0.0,7.2297113031317135,25.98882771421436,25.93038,26.342298191356285,26.2967610442176,-6.346094999999965,0.05,0.05,0.05,0.139684984249212,1.4102700135006754,-6.920810040502026,-0.6410899999999775,-0.9308999999997748,-9.535259999999685,0.05,0.13,0.15,7.0644168211196,26.139566737447062,-0.1766695568790897
1994.18,0.0,7.209732281104857,25.985620119910084,25.93038,26.38185852110893,26.14386571571412,-6.316094999999965,0.05,0.05,0.05,0.139090250181201,1.4122743745469972,-6.913631751268407,-0.6467300000000769,-0.9360700000019718,-9.674714999999654,0.05,0.13,0.15,7.057773657382634,26.110431089183287,-0.15692105485878668
1994.19,0.0,7.189753259078,25.985348207948,25.935763429142643,26.31571692576973,26.151459490126253,-6.3,0.05,0.05,0.05,0.1380905251055975,1.414773687236006,-6.906633675739183,-0.6167300000001621,-0.1660700000041602,-9.80971499999927,0.05,0.13,0.15,7.051400024823002,26.09707201324666,-0.20648314312831245
1994.2000000000005,0.0,7.169774237051031,25.98855740564859,25.94753048737816,26.12423479630089,26.34936001499629,-6.3,0.05,0.05,0.05,0.1370908000299884,1.4172729999250289,-6.899635600209919,-0.5889100000000225,0.5112800000001801,-9.950709999999573,0.05,0.13,0.15,7.045028606006753,26.102420676080985,-0.2462359597860771
1994.21,0.0,7.149795215024174,25.97513751937984,25.9637022455614,26.08873571892977,26.402039424856188,-6.327699225581085,0.05,0.05,0.05,0.1360910749543849,1.4197723126140376,-6.892637524680694,-0.5789100000000226,0.4312800000001801,-10.140709999999572,0.05,0.13,0.15,7.038659406945619,26.107403727181797,-0.20580473051206793
1994.2200000000005,0.0,7.129816192997318,25.94195922480621,25.985107596899216,26.238573178294512,26.28216945736439,-6.387654259305735,0.05,0.05,0.05,0.1350913498787814,1.4222716253030463,-6.88563944915147,-0.5754513628405942,0.3196599149796032,-10.288194548637623,0.05,0.13,0.15,7.032292433670915,26.111952364341082,-0.17071647921461558
1994.23,0.0,7.109837170970461,25.894203124065893,25.940620971599635,26.243272630792543,26.25275068759328,-6.42,0.05,0.05,0.05,0.1340916248031779,1.424770937992055,-6.878641373622246,-0.6254638659663441,-0.0504326081509459,-10.088144536134624,0.05,0.13,0.15,7.0259276922337355,26.082711853512837,-0.17930339651553417
1994.24,0.0,7.0898581489436046,25.82916077229725,25.81800014449481,26.07586854509292,26.33058825610329,-6.42,0.05,0.05,0.05,0.1330918997275745,1.4272702506810635,-6.871643298093021,-0.6908049999993325,-0.3701450000003162,-9.919307499999702,0.05,0.13,0.15,7.019565188704997,26.013404429497065,-0.1935529501586637
1994.25,0.0,7.069879126916748,25.77167406015067,25.761251348370784,26.06361511278088,26.38544107769407,-6.42,0.05,0.05,0.05,0.132092174651971,1.4297695633700724,-6.864645222563797,-0.8808049999993326,-0.2801450000003161,-10.0043074999997,0.05,0.13,0.15,7.0132049291755125,25.9954953997491,-0.2538534413627114
1994.26,0.0,7.050000000000001,25.72340338345897,25.784850345864506,26.24060759398377,26.41225812030057,-6.42,0.05,0.05,0.05,0.1310924495763675,1.4322688760590812,-6.857647147034573,-1.05,-0.1945250000001912,-10.061932500000632,0.05,0.13,0.15,7.006846919756053,26.040279860901954,-0.310854650026392
1994.27,0.0,7.050000000000001,25.67956097072808,25.71331910933217,26.238942086565128,26.42686,-6.3924393294970265,0.05,0.05,0.05,0.1300927245007583,1.434768188748104,-6.850649071505309,-1.05,-0.1445250000000491,-9.896932500000162,0.05,0.13,0.15,7.000491166577392,26.014670541656347,-0.3410247070710496
1994.28,0.0,7.050000000000001,25.64101205904428,25.52807017262947,26.02371066299725,26.42686,-6.332394295721638,0.05,0.05,0.05,0.1290929994251548,1.4372675014371128,-6.843650995976084,-1.0532849999998946,-0.0764575000007552,-9.734670000000492,0.05,0.13,0.15,6.994137675790513,25.90491322366775,-0.3737623666700781
1994.29,0.0,7.050000000000001,25.59535807084652,25.42943173124896,25.8977319208382,26.38327133543992,-6.309205397301387,0.05,0.05,0.05,0.1280932743495514,1.4397668141261215,-6.83665292044686,-1.0832849999998946,0.1385424999992447,-9.594670000000493,0.05,0.13,0.15,6.9877864535664695,25.826448264593402,-0.42738084887095584
1994.3,0.0,7.050000000000001,25.54126194578427,25.4337024779644,25.87780176949947,26.287891325461743,-6.329195402298838,0.05,0.05,0.05,0.1270935492739479,1.4422661268151302,-6.829654844917635,-1.1105474999999825,0.3185025000003689,-9.46945250000002,0.05,0.13,0.15,6.981437506096598,25.78516437967747,-0.4741992746720189
1994.31,0.0,7.050000000000001,25.48716582072202,25.43797322467984,25.857871618160747,26.192511315483564,-6.3491854072962886,0.05,0.05,0.05,0.1260938241983444,1.444765439504139,-6.822656769388411,-1.1155474999999826,0.2135025000003688,-9.464452500000018,0.05,0.13,0.15,6.9750908395925615,25.74388049476154,-0.4657167851831
1994.32,0.0,7.050000000000001,25.475270837290456,25.48080081979456,25.871015726068187,26.099619180205444,-6.346250624064027,0.05,0.05,0.05,0.1250940991227409,1.4472647521931477,-6.815658693859187,-1.08879250000109,0.0581325000021606,-9.474782499999485,0.05,0.13,0.15,6.9687464602864075,25.731676640839666,-0.4390126633039977
1994.33,0.0,7.050000000000001,25.514850942264463,25.57065835541121,25.92450235441144,26.00976164458878,-6.316295556664927,0.05,0.05,0.05,0.1240943740471317,1.4497640648821706,-6.808660618329923,-0.8037925000002799,-0.5068674999994451,-9.609782499999868,0.05,0.13,0.15,6.96240437443062,25.754943324168973,-0.2641225720719146
1994.34,0.0,7.050000000000001,25.505338140929503,25.59024191904045,25.88413739130428,25.931945697151395,-6.3,0.05,0.05,0.05,0.1230946489715282,1.4522633775711793,-6.801662542800698,-0.5473576254827105,-0.994145752896263,-9.731585424710374,0.05,0.13,0.15,6.956064588298324,25.727915787106408,-0.1089042305078491
1994.35,0.0,7.050000000000001,25.435822898550803,25.523935072463846,25.72906492753641,25.868847246376884,-6.3,0.05,0.05,0.05,0.1220949238959248,1.454762690260188,-6.794664467271474,-0.5232263513514385,-0.8493581081086308,-9.746064189189138,0.05,0.13,0.15,6.949727108183152,25.63941753623199,-0.11366482117314916
1994.36,0.0,7.050000000000001,25.427306659999864,25.47154581000008,25.65851332999993,25.7898804400002,-6.327436281858983,0.05,0.05,0.05,0.1210951988203213,1.4572620029491967,-6.78766639174225,-0.4984435797666912,-0.6872373540878586,-9.761361867704146,0.05,0.13,0.15,6.9433919403994535,25.58681156000002,-0.11988505245140942
1994.37,0.0,7.03548145185481,25.493646659999865,25.43623581000007,25.691683329999933,25.6914404400002,-6.387406296851392,0.05,0.05,0.05,0.1200954737447178,1.4597613156382054,-6.780668316213025,-0.4569390402077001,-0.0802334630376151,-9.797678339818262,0.05,0.13,0.15,6.937059091282337,25.57825156000002,-0.163569392799483
1994.38,0.0,7.020482951704839,25.512432973513352,25.41389886056973,25.64273341329376,25.66409063468249,-6.378925268683155,0.05,0.05,0.05,0.1185713533577256,1.457618922262876,-6.773332982336053,-0.4189000000000477,0.4638499999998329,-9.823400000000287,0.05,0.13,0.15,6.9294120802545205,25.558288970514834,-0.20347822600711207
1994.39,0.0,7.005484451554781,25.47286275862064,25.407482068965507,25.493008275861865,25.723980689655253,-6.288947763058992,0.05,0.05,0.05,0.1169918656382355,1.454986442730393,-6.7659620396451,-0.4088999999999909,0.4988500000000319,-9.763399999999946,0.05,0.13,0.15,6.921626612803759,25.524333448275815,-0.21283977416789307
1994.4,0.0,6.99048595140481,25.41361121560781,25.4053787993997,25.49716756378188,25.801163181590788,-6.2810194902550815,0.05,0.05,0.05,0.1154123779187544,1.452353963197924,-6.758591096954188,-0.4253000000001373,0.4991999999998329,-9.69844999999994,0.05,0.13,0.15,6.913841599807013,25.529330190095045,-0.2282130566204018
1994.41,0.0,6.975487451254838,25.33010946473248,25.4085904052026,25.69093444722336,25.899652426212977,-6.370974512743695,0.05,0.05,0.05,0.1138328901992732,1.4497214836654555,-6.751220154263276,-0.6552999999994835,0.2192000000006286,-9.593450000000235,0.05,0.13,0.15,6.90605704280112,25.582321685842853,-0.2922267347059647
1994.42,0.0,6.960488951104866,25.29509491542282,25.36494621890575,25.71643323383134,25.93814468656726,-6.39271364317846,0.05,0.05,0.05,0.1122534024797921,1.447089004132987,-6.743849211572364,-0.8759499999993077,-0.0657499999984481,-9.526399999998857,0.05,0.13,0.15,6.898272943329808,25.57865476368179,-0.34684247798551227
1994.43,0.0,6.945490450954894,25.319582477611835,25.263801940298944,25.535438208956005,25.903010358209105,-6.332743628186051,0.05,0.05,0.05,0.1106739147603109,1.4444565246005183,-6.736478268881451,-1.0209499999993077,-0.3907499999984481,-9.766399999998857,0.05,0.13,0.15,6.89048930294369,25.505458246268972,-0.32542038510359983
1994.44,0.0,6.930491950804923,25.31869621893062,25.17262335425597,25.49994288224882,25.871034893296645,-6.327239999999804,0.05,0.05,0.05,0.1090944270408298,1.4418240450680495,-6.729107326190539,-1.1510999999999525,-0.6701000000004298,-9.96295000000074,0.05,0.13,0.15,6.882706123200303,25.465574337183014,-0.31033388589282684
1994.4500000000005,0.0,6.915493450654866,25.2853846447401,25.09417996987185,25.650382249560845,25.843096153652983,-6.387240000000144,0.05,0.05,0.05,0.1075149393213397,1.4391915655355665,-6.721736383499586,-1.1611000000000091,-0.5800999999999181,-9.80794999999986,0.05,0.13,0.15,6.8749234056641,25.468260754456445,-0.34650809911488323
1994.46,0.0,6.900494950504894,25.23548144820808,25.01558042709859,25.639004344624222,25.85821829651455,-6.42,0.05,0.05,0.05,0.1059354516018585,1.4365590860030977,-6.714365440808674,-1.1688997249312243,-0.4416854213548934,-9.671100275068776,0.05,0.1312272977435045,0.15,6.867141151906665,25.437071129111363,-0.3842309023459083
1994.4700000000005,0.0,6.9,25.165093622975,24.93678808541977,25.427840868925006,25.9265049926362,-6.42,0.05,0.05,0.05,0.1043559638823774,1.433926606470629,-6.706994498117762,-1.1588972243060744,0.0884471117780553,-9.681102775693926,0.05,0.14,0.15,6.859359363506488,25.364056892488993,-0.43448320656013495
1994.48,0.0,6.9,25.09495910341328,24.927931176770063,25.30694011207334,25.888892562404862,-6.406439999999986,0.05,0.05,0.05,0.1027764761628963,1.4312941269381605,-6.69962355542685,-1.131772056985852,0.5671807048237554,-9.69055236190952,0.05,0.1384517497349412,0.15,6.851578042049177,25.30468073866539,-0.4737244103262629
1994.49,0.0,6.9,25.025188344371088,25.019505298012948,25.315661456953613,25.69920331125889,-6.376440000000071,0.05,0.05,0.05,0.1011969884434151,1.428661647405692,-6.692252612735937,-0.9668132966762942,0.6321644588850963,-9.695551112221931,0.05,0.13,0.15,6.843797189127462,25.264889602649134,-0.42432874668407394
1994.5,0.0,6.9,24.98090127340829,25.02562486891423,25.293699275905343,25.58387900124853,-6.346450162378346,0.05,0.05,0.05,0.099617500723934,1.426029167873223,-6.6848816700450255,-0.8035000000007163,0.6152000000032469,-9.713199999999429,0.05,0.13,0.15,6.836016806341223,25.2210261048691,-0.36504993480877135
1994.51,0.0,6.9,24.96807730337083,24.92623910112394,25.23385408239721,25.56036838951319,-6.316472645516021,0.05,0.05,0.05,0.0980380130044528,1.4233966883407547,-6.677510727354114,-0.6535000000007163,-0.064799999996753,-9.833199999999428,0.05,0.13,0.15,6.828236895297537,25.172134719101294,-0.2258074690434682
1994.52,0.0,6.9,24.97191418854716,24.891083300825244,25.21778568642164,25.49397786446601,-6.286481620405113,0.05,0.05,0.05,0.0964585252849627,1.4207642088082713,-6.67013978466316,-0.5211002750687757,-0.6909052263067363,-9.922945736433975,0.05,0.13,0.15,6.820457457610673,25.143690260065014,-0.10265833627359866
1994.53,0.0,6.9,24.99653034258558,24.93603453863454,25.256315318829607,25.37410789697456,-6.256474118529663,0.05,0.05,0.05,0.0948790375654816,1.4181317292758029,-6.662768841972248,-0.5311027756939256,-0.8809527381845859,-9.767906976744154,0.05,0.13,0.15,6.812678494902306,25.140747024256072,-0.10971889774549207
1994.54,0.0,6.9,25.01255985521715,24.93335367948104,25.216755706440907,25.30383223165256,-6.24,0.05,0.05,0.05,0.0932995498460004,1.415499249743334,-6.655397899281336,-0.5339225000000367,-1.0157450000002066,-9.645469999999907,0.05,0.13,0.15,6.804900008801292,25.116625368197916,-0.11517907332478616
1994.55,0.0,6.9,25.017901842236625,24.87138663005512,25.080000838742325,25.295285052421395,-6.24,0.05,0.05,0.05,0.0917200621265193,1.4128667702108657,-6.648026956590424,-0.478922500000193,-0.7057450000010876,-9.78546999999951,0.05,0.13,0.15,6.797122000943894,25.066143590863867,-0.10775650454686102
1994.56,0.0,6.9,24.994265595985127,24.850147202007435,25.04225583437865,25.30382720200744,-6.24,0.05,0.05,0.05,0.0901405744070381,1.410234290678397,-6.640656013899512,-0.4482324999990039,-0.3813800000026561,-9.8807175000016,0.05,0.13,0.15,6.789344472973763,25.047623958594663,-0.11676422071877776
1994.57,0.0,6.885662536224709,24.934120050188447,24.88021997490577,25.12925207026314,25.333899974905776,-6.24,0.05,0.05,0.05,0.09,1.4081780455488682,-6.629979250518776,-0.613232499999004,0.0586199999973438,-9.6157175000016,0.05,0.13,0.15,6.778472561740981,25.069373017565784,-0.258032013486004
1994.58,0.0,6.870673028879772,24.887551255627795,24.86303813906949,25.1515677338669,25.32731643821908,-6.24,0.05,0.05,0.05,0.09,1.4061780955476084,-6.618979525511847,-0.7815474999999313,0.4527624999999912,-9.374475000000018,0.05,0.13,0.15,6.767298338003353,25.057368391695817,-0.3920491915462909
1994.59,0.0,6.855683521534922,24.85757626813409,24.788100670335226,25.09482936468238,25.27593074537272,-6.24,0.05,0.05,0.05,0.09,1.40417814554636,-6.607979800504981,-0.9765474999999314,0.4777624999999912,-9.324475000000016,0.05,0.13,0.15,6.756124133577762,25.004109262131102,-0.46770056161880974
1994.6,0.0,6.840694014190071,24.806565012431744,24.723923341621163,25.07183881650917,25.2669172153157,-6.24,0.05,0.05,0.05,0.09,1.4021781955451116,-6.596980075498115,-1.1406075000000568,0.4662975000002032,-9.339117499999643,0.05,0.13,0.15,6.744949948560127,24.967311096469444,-0.5193869981376928
1994.61,0.0,6.825704506845219,24.729946414719187,24.67284427647946,25.08992931874685,25.309483102933783,-6.24,0.05,0.05,0.05,0.09,1.4001782455438632,-6.585980350491249,-1.0556075000002982,0.1612975000010701,-9.874117499998125,0.05,0.13,0.15,6.733775783047065,24.95055077821982,-0.37816114147978963
1994.62,0.0,6.810714999500369,24.68704,24.60872579331182,25.08774840834809,25.31201147598709,-6.24,0.05,0.05,0.05,0.09,1.398178295542615,-6.574980625484383,-0.981657914478528,-0.1564216053987849,-10.336736684171775,0.05,0.1315490716179825,0.15,6.722601637135838,24.92388141941175,-0.2502776674207938
1994.63,0.0,6.795725492155517,24.68704,24.528011687201943,25.059767518230004,25.263583012321167,-6.24,0.05,0.05,0.05,0.09,1.3961783455413666,-6.5639809004775165,-0.996661665416253,-0.576526631655084,-10.216706676669975,0.05,0.14,0.15,6.711427510924353,24.88460055443828,-0.22979735465099552
1994.64,0.0,6.7807359848105815,24.65323110222462,24.49195073231688,25.07581397650571,25.238468952761803,-6.253391652087077,0.05,0.05,0.05,0.09,1.3941783955401068,-6.552981175470587,-0.9977900000001776,-0.9144800000005168,-10.114994999999928,0.05,0.14,0.15,6.7002534045111055,24.864866190952256,-0.2104275597942903
1994.65,0.0,6.76574647746573,24.57834982254449,24.51013618595348,25.145346593351544,25.24167815046238,-6.283384153961542,0.05,0.05,0.05,0.09,1.3921784455388584,-6.541981450463721,-0.8877900000001776,-0.5944800000005166,-10.159994999999928,0.05,0.14,0.15,6.689079317995445,24.868877688077973,-0.19995191290940867
1994.66,0.0,6.750756970120879,24.54923825957232,24.51052139234215,25.11105051218324,25.20312584783704,-6.3,0.05,0.05,0.05,0.09,1.39017849553761,-6.530981725456855,-0.7883350000000242,-0.2772550000004762,-10.201664999999975,0.05,0.14,0.15,6.677905251477189,24.843484002983686,-0.193232888166017
1994.67,0.0,6.75,24.57584193933361,24.489238448533108,24.950364286424964,25.113737483839053,-6.3,0.05,0.05,0.05,0.09,1.3881785455363616,-6.519982000449989,-0.7733350000000242,0.0177449999995237,-10.216664999999976,0.05,0.14,0.15,6.66673120505689,24.782295539532683,-0.21660068399775173
1994.68,0.0,6.75,24.572291168048327,24.485361798543035,24.88687063049471,25.01590225571489,-6.286646661665523,0.05,0.05,0.05,0.09,1.3861785955351131,-6.508982275443123,-0.7533400000001158,0.2467000000005789,-10.223895000000107,0.05,0.1384779137839561,0.15,6.6555571788357755,24.74010646320024,-0.23259936254603514
1994.69,0.0,6.75,24.5303620045216,24.50363861341366,24.94707660889206,24.907316473248244,-6.2566391597900735,0.05,0.05,0.05,0.09,1.384178645533865,-6.497982550436257,-0.6933400000002863,-0.0532999999985684,-10.168895000000264,0.05,0.13,0.15,6.644383172915756,24.722098425018892,-0.18957871438174634
1994.7000000000005,0.0,6.75,24.523628722819343,24.48148339915011,24.95329269182696,24.82061269182696,-6.24,0.05,0.05,0.05,0.09,1.3821786955326052,-6.486982825429328,-0.6366700000000485,-0.3444199999996448,-10.101685000000268,0.05,0.13,0.15,6.63320918739936,24.694754376405847,-0.15044756535133513
1994.71,0.0,6.75,24.55999963009245,24.409811317170764,24.893387668083022,24.760707668083025,-6.24,0.05,0.05,0.05,0.09,1.3801787455313568,-6.475983100422462,-0.6066700000000484,-0.5644199999996449,-9.936685000000269,0.05,0.13,0.15,6.622035222390004,24.655976570857316,-0.14246744992739474
1994.7200000000005,0.0,6.75,24.539964409136203,24.38367853028793,24.8203044091362,24.73199381330684,-6.24,0.05,0.05,0.05,0.09,1.3781787955301084,-6.464983375415596,-0.5922069482627297,-0.726708322919828,-9.772244438890576,0.05,0.13,0.15,6.610861277991608,24.618985290466796,-0.14562135332869788
1994.73,0.0,6.75,24.450709195630687,24.413430268123104,24.73104919563069,24.741556871896712,-6.24,0.05,0.05,0.05,0.09,1.37617884552886,-6.45398365040873,-0.7021794551357683,-0.4267833041751773,-9.612284428893428,0.05,0.13,0.15,6.599687354308863,24.5841863828203,-0.23794771380930843
1994.74,0.0,6.75,24.40402890510947,24.372600583941875,24.67265357664237,24.7061906569345,-6.24,0.05,0.05,0.05,0.09,1.3741788955276115,-6.442983925401864,-0.7922630657668692,-0.1157889472392524,-9.459499874969325,0.05,0.1315257841573161,0.15,6.58851345144717,24.538868430657054,-0.32366009675575647
1994.75,0.0,6.75,24.41264707777494,24.240096179210312,24.65433995972825,24.61246802919754,-6.24,0.05,0.05,0.05,0.09,1.372178945526363,-6.431984200394997,-0.7222455613908194,0.2843110777667467,-9.364476119030398,0.05,0.14,0.15,6.57733956951264,24.47988781147776,-0.3561314569239378
1994.76,0.0,6.75,24.39199097402635,24.233658766232782,24.62841928571452,24.610639220778488,-6.253276723276601,0.05,0.05,0.05,0.09,1.370178995525115,-6.42098447538813,-0.658890000000073,0.5811700000038683,-9.26723500000084,0.05,0.14,0.15,6.566165708612112,24.466177061688036,-0.3804402168864646
1994.77,0.0,6.731934324782908,24.33533762737269,24.382240184815004,24.5931445604396,24.72180805194792,-6.283246753246792,0.05,0.05,0.05,0.0909101132018925,1.3709101132018926,-6.415904490591483,-0.6488900000000162,0.0511700000008555,-9.152235000000186,0.05,0.14,0.15,6.56136339639511,24.508132606143803,-0.33937463825990033
1994.78,0.0,6.711972252719846,24.265541306183383,24.3852298534892,24.593551174571576,24.776696275142807,-6.286793112053889,0.05,0.05,0.05,0.0919096883824399,1.37190968838244,-6.41140640227902,-0.6549887471865693,-0.4521980495118894,-9.05277569392344,0.05,0.14,0.15,6.5571880893474885,24.505254652346743,-0.30413271602753716
1994.79,0.0,6.692010180656784,24.179452406257884,24.207737924013163,24.63818986342184,24.76181671219272,-6.256845520339428,0.05,0.05,0.05,0.0929092635629872,1.3729092635629874,-6.406908313966557,-0.790022505626094,-0.7422705676412389,-9.077781945486311,0.05,0.14,0.15,6.55301351446849,24.4467992264714,-0.3155325103205993
1994.8,0.0,6.672048108593721,24.12971276184124,24.09319142761848,24.618374409606627,24.751525523682464,-6.24,0.05,0.05,0.05,0.0939088387435346,1.3739088387435348,-6.402410225654094,-0.9005225000002445,-0.9464800000013808,-9.107804999999798,0.05,0.14,0.15,6.548839673158282,24.3982010306872,-0.32686250195315353
1994.81,0.0,6.652086036530659,24.127571334222825,24.061070013342352,24.51415826551074,24.747242668445647,-6.24,0.05,0.05,0.05,0.0949084139240819,1.374908413924082,-6.397912137341631,-0.8155225000002445,-0.4664800000013805,-9.1778049999998,0.05,0.14,0.15,6.544666566820358,24.362510570380394,-0.3376362634165383
1994.82,0.0,6.6321239644675964,24.125429906604417,24.028948599066226,24.40994212141485,24.742959813208827,-6.24,0.05,0.05,0.05,0.0959079891046293,1.3759079891046295,-6.393414049029168,-0.7522619345160275,0.0129492626828459,-9.271769557609709,0.05,0.14,0.15,6.540494196861547,24.32682011007358,-0.3520244450312644
1994.83,0.0,6.61216189240442,24.11121990024939,24.03680019950121,24.38356024937652,24.739147132169578,-6.226996996996903,0.05,0.05,0.05,0.0969075642851823,1.3769075642851825,-6.388915960716679,-0.8622344413896912,0.4878305423645756,-9.556698325418743,0.05,0.14,0.15,6.536322564691997,24.317681870324176,-0.3952145307230046
1994.84,0.0,6.592199820341358,24.08133461346633,24.09657077306733,24.458273466334173,24.735945137157103,-6.196966966966948,0.05,0.05,0.05,0.0979071394657297,1.3779071394657298,-6.384417872404216,-0.9633308327081264,0.8766916729187351,-9.843863465865953,0.05,0.14,0.15,6.53215167172528,24.343030997506233,-0.4261407045850942
1994.85,0.0,6.572237748278296,24.056590093642203,24.087555229177024,24.42738912764924,24.712804376540213,-6.193069604406573,0.05,0.05,0.05,0.098906714646277,1.3789067146462772,-6.379919784091753,-0.9933383345835765,0.5766166541642357,-10.148939734933029,0.05,0.14,0.15,6.527981519378258,24.321084706752167,-0.3588450981181858
1994.86,0.0,6.552275676215233,24.03866007885665,23.98735808772835,24.25652663381045,24.66323315919192,-6.223114672007948,0.05,0.05,0.05,0.0999062898268244,1.3799062898268246,-6.37542169577929,-1.022787499999928,0.2369675000018839,-10.431707499999698,0.05,0.14,0.15,6.52381210907119,24.236444489896844,-0.2906230675658178
1994.87,0.0,6.550000000000001,24.03923135107713,23.94778744233175,24.21247696324372,24.57393788086277,-6.226866566716706,0.05,0.05,0.05,0.1009058650073717,1.3809058650073718,-6.370923607466827,-1.0477874999999282,-0.418032499998116,-10.536707499999698,0.05,0.14,0.15,6.51964344222771,24.193358409378842,-0.21501872490622786
1994.88,0.0,6.550000000000001,24.067439209125283,23.99877857034186,24.357855923953387,24.425304167301388,-6.196881559220416,0.05,0.05,0.05,0.1019054401879191,1.3819054401879192,-6.366425519154364,-1.047142500000655,-0.9933100000001917,-10.634459999999873,0.05,0.14,0.15,6.515475520274847,24.21234446768048,-0.1401889471438633
1994.89,0.0,6.550000000000001,24.038605012506466,23.998561640820544,24.346442781391133,24.345405967983968,-6.18,0.05,0.05,0.05,0.1029050153684721,1.3829050153684723,-6.361927430841876,-0.842142500000072,-0.9333100000000212,-10.674459999999987,0.05,0.14,0.15,6.511308344643,24.182253850675526,-0.07153137486276331
1994.9,0.0,6.550000000000001,23.93369255627848,23.930047383692067,24.125912516258847,24.357181855927927,-6.18,0.05,0.05,0.05,0.1039045905490194,1.3839045905490197,-6.357429342529413,-0.6616724999999569,-0.8197900000015532,-10.686585000000605,0.05,0.14,0.15,6.507141916766052,24.086708578039328,-0.02089522909211905
1994.91,0.0,6.550000000000001,23.86464640160049,23.87303248312096,24.044688952237617,24.34827088272084,-6.18,0.05,0.05,0.05,0.1049041657295668,1.3849041657295669,-6.35293125421695,-0.6766724999999569,-0.2797900000015531,-10.476585000000606,0.05,0.14,0.15,6.502976238081227,24.032659679919977,-0.11386480040360691
1994.92,0.0,6.550000000000001,23.84324105026267,23.831292048012205,24.14850490622605,24.311881785446538,-6.18,0.05,0.05,0.05,0.1059037409101141,1.3859037409101145,-6.348433165904487,-0.6860975000001007,0.2078049999997986,-10.269372500000532,0.05,0.14,0.15,6.498811310029202,24.03372994748687,-0.19909105804284022
1994.93,0.0,6.550000000000001,23.83749916269733,23.83841170719437,24.119097197293744,24.278221674605337,-6.18,0.05,0.05,0.05,0.1069033160906615,1.3869033160906616,-6.343935077592024,-0.6510975000001007,0.2778049999997987,-10.084372500000532,0.05,0.14,0.15,6.4946471340540874,24.018307435447696,-0.22261386996011664
1994.94,0.0,6.550000000000001,23.85252047129596,23.910299398344943,23.91309067936972,24.248179057408084,-6.18,0.05,0.05,0.05,0.1079028912712088,1.387902891271209,-6.33943698927956,-0.6144236059016227,0.2970617654424951,-9.90494373593438,0.05,0.14,0.15,6.4904837116034395,23.981022401604676,-0.23945494613284485
1994.9500000000005,0.0,6.550000000000001,23.84429969138883,23.92397394723756,23.87566256844164,24.2442091289198,-6.18,0.05,0.05,0.05,0.1089024664517619,1.388902466451762,-6.334938900967072,-0.5644111027755886,-0.088034508627968,-9.76990997749409,0.05,0.14,0.15,6.486321044128248,23.97203633399696,-0.20305187693134327
1994.96,0.0,6.550000000000001,23.80595225485324,23.86219196615244,24.056747685415253,24.274034912891924,-6.18,0.05,0.05,0.05,0.1099020416323092,1.3899020416323091,-6.330440812654609,-0.5222400000000246,-0.43,-9.616959999999638,0.05,0.14,0.15,6.482159133083031,23.999731704828214,-0.17647841631256062
1994.9700000000005,0.0,6.541149698228967,23.74838209895076,23.79574336831604,24.08169003998052,24.27243879560232,-6.18,0.05,0.05,0.05,0.1113537445595109,1.3868412626944744,-6.321877532642934,-0.5422399999999677,-0.43,-9.321960000000477,0.05,0.14,0.15,6.4731649045945785,23.97456357571241,-0.22783970945390913
1994.98,0.0,6.5312555654497135,23.66496380809632,23.723019730135245,23.89667254872644,24.22859071964037,-6.18,0.05,0.05,0.05,0.1128545700135094,1.3833393366351447,-6.312872579918944,-0.5717599999995655,-0.3986400000011587,-9.079039999999296,0.05,0.14,0.15,6.4636463458753335,23.878311701649594,-0.2777772167892105
1994.99,0.0,6.52136143267046,23.639827037036763,23.669846481481617,23.86010833333249,24.19929833333338,-6.18,0.05,0.05,0.05,0.1143553954675079,1.3798374105758149,-6.303867627194952,-0.6767599999995655,-0.1186400000011586,-9.249039999999296,0.05,0.14,0.15,6.454128562191306,23.842270046296065,-0.3164261366618095
1995.0,0.0,6.511467299891207,23.693380590590333,23.643069704704832,24.023982207206423,24.18965869369374,-6.18,0.05,0.05,0.05,0.1158562209215064,1.3763354845164852,-6.294862674470962,-0.7755999999997931,0.0924800000013863,-9.394400000000209,0.05,0.14,0.15,6.444611556976351,23.887522799048835,-0.3495729985119225
1995.01,0.0,6.501573167111952,23.68334952024038,23.62133925037489,24.05653568215968,24.204713838080703,-6.192963240810056,0.05,0.05,0.05,0.1173570463755048,1.3728335584571554,-6.285857721746971,-0.825599999999793,-0.2425199999986136,-9.344400000000208,0.05,0.14,0.15,6.435095333684353,23.891484572713914,-0.33909640032479826
1995.02,0.0,6.491679034332643,23.58816711144439,23.606366736631703,23.913227336332,24.252839775112385,-6.2229707426856775,0.05,0.05,0.05,0.1188578718295118,1.3693316323978058,-6.276852769022929,-0.8817600000001289,-0.5114399999996869,-9.322400000000249,0.05,0.14,0.15,6.42557989578932,23.840150239880117,-0.33332220816396657
1995.03,0.0,6.4817849015533895,23.53084255436142,23.595498795301182,23.873014166458205,24.2370971107225,-6.2270476665835,0.05,0.05,0.05,0.1203586972835103,1.365829706338476,-6.267847816298938,-0.9867599999998306,-0.2564400000004116,-9.522399999999678,0.05,0.14,0.15,6.4160652467857435,23.809113156710826,-0.3648313780686952
1995.04,0.0,6.471890768774135,23.52442415896027,23.59015013246689,23.97142956260923,24.1354725168709,-6.197100074869039,0.05,0.05,0.05,0.1218595227375088,1.3623277802791462,-6.258842863574947,-1.0772000000001036,0.0052799999986964,-9.726319999999028,0.05,0.14,0.15,6.406551390188419,23.805369092726824,-0.39155653524686057
1995.05,0.0,6.461996635994882,23.50332439382813,23.57680925789864,23.985943923585744,24.07937277002204,-6.18,0.05,0.05,0.05,0.1233603481915072,1.3588258542198164,-6.249837910850957,-1.0522000000001035,0.3202799999986965,-9.961319999999027,0.05,0.14,0.15,6.3970383295328155,23.786362586333638,-0.3803513058056981
1995.06,0.0,6.452102503215628,23.462442689199246,23.552699534655964,23.88740853294177,24.084614014205226,-6.18,0.05,0.05,0.05,0.1248611736455057,1.3553239281604867,-6.2408329581269655,-1.0216000000003105,0.5372800000023173,-10.166640000000124,0.05,0.14,0.15,6.387526068375164,23.746791192750553,-0.36156682077548563
1995.07,0.0,6.45,23.44441679081624,23.510992081632995,23.84775056122422,24.029486239796665,-5.729849924964566,0.05,0.05,0.05,0.1263619990995042,1.3518220021011569,-6.231828005402975,-0.9466000000003104,-0.0227199999976827,-10.136640000000124,0.05,0.14,0.15,6.378014610292612,23.70816141836753,-0.28268966642958987
1995.08,0.0,6.45,23.462978015306096,23.441114530612342,23.902342397959103,23.87772093367369,-4.6793246623286056,0.05,0.05,0.05,0.1278628245535112,1.3483200760418073,-6.222823052678933,-0.8553599999997299,-0.5396000000002149,-10.14024000000033,0.05,0.14,0.15,6.368503958883322,23.67103896938781,-0.19775759559655745
1995.09,0.0,6.45,23.455958890832004,23.40362324756431,23.832092090932548,23.792649372970253,-4.517980504874564,0.05,0.05,0.05,0.1293636500075096,1.3448181499824776,-6.213818099954942,-0.6353600000003552,-0.7145999999997175,-10.410239999999565,0.05,0.14,0.15,6.358994117766835,23.621080900574782,-0.0648186869059732
1995.1,0.0,6.45,23.41426016487652,23.410038436172844,23.59259171621381,23.79799536347737,-5.537725568606376,0.05,0.05,0.05,0.1308644754615081,1.3413162239231478,-6.204813147230952,-0.4450399999998138,-0.7955200000027519,-10.611920000001408,0.05,0.14,0.15,6.349485090583907,23.553721420185138,0.03803085630287327
1995.11,0.0,6.45,23.39882546639911,23.347460100301564,23.493895556669617,23.808797522567627,-6.12,0.05,0.05,0.05,0.1323653009155066,1.337814297863818,-6.19580819450696,-0.4900399999998138,-0.1305200000027518,-10.271920000001408,0.05,0.14,0.15,6.339976880996879,23.51224466148448,-0.09768528396055538
1995.12,0.0,6.45,23.419216639919693,23.19077003009078,23.5872656670007,23.82704225677025,-6.12,0.05,0.05,0.05,0.1338661263695051,1.3343123718044885,-6.18680324178297,-0.5255200000001655,0.4711999999995861,-9.949840000000746,0.05,0.14,0.15,6.330469492689777,23.50607364844536,-0.22091234776572577
1995.13,0.0,6.45,23.42080407766997,23.153865048543324,23.64058,23.815976893204034,-6.132813203300717,0.05,0.05,0.05,0.1353669518235035,1.3308104457451584,-6.177798289058979,-0.4855200000001655,0.5711999999995863,-9.769840000000745,0.05,0.14,0.15,6.320962929368472,23.507806504854333,-0.24511887679058572
1995.14,0.0,6.45,23.397363699278017,23.27639429922853,23.64058,23.76589972118486,-6.162820705176337,0.05,0.05,0.05,0.1368677772775105,1.3273085196858088,-6.168793336334937,-0.4600825206302903,0.6039859964983869,-9.616161540385177,0.05,0.14,0.15,6.31145719476079,23.520059429922853,-0.26324316526922337
1995.15,0.0,6.45,23.360741159638497,23.331137289156587,23.62025161144573,23.732814322289148,-6.18,0.05,0.05,0.05,0.138368602731509,1.3238065936264791,-6.159788383610946,-0.5501050262566402,0.103860965240888,-9.671175293823502,0.05,0.14,0.15,6.301952292616882,23.511236095632487,-0.23314397513090585
1995.16,0.0,6.45,23.30595200301208,23.292462590361467,23.571908237951835,23.723145647590368,-6.18,0.05,0.05,0.05,0.1398694281855075,1.3203046675671493,-6.150783430886955,-0.6311249999999996,-0.3726249999999897,-9.703687500000006,0.05,0.14,0.15,6.292448226709064,23.473367119728938,-0.2058849866442294
1995.17,0.0,6.434470682409514,23.249548233830968,23.244812019900625,23.526487656716505,23.722638353233805,-6.18,0.05,0.05,0.05,0.1346047547615638,1.3204150188644952,-6.146264830219544,-0.6411249999999712,-0.6626249999991656,-9.558687500000415,0.05,0.14,0.15,6.287939696374403,23.435871565920475,-0.2010320334093254
1995.18,0.0,6.414458675205198,23.190991019900714,23.18519012935345,23.484965268656868,23.734349796019856,-6.18,0.05,0.05,0.05,0.1286953952452273,1.3208695849811365,-6.142173735169774,-0.673062499998893,-0.88625000000162,-9.429437500000027,0.05,0.14,0.15,6.283912567683845,23.39887405348272,-0.20806445548871222
1995.19,0.0,6.394446668000883,23.13542970728074,23.110188201151384,23.46709383537645,23.736230557918503,-6.167276819204853,0.05,0.05,0.05,0.122786035728891,1.3213241510977778,-6.138082640120002,-0.878062499998893,-0.58625000000162,-9.424437500000026,0.05,0.14,0.15,6.279891115281125,23.362235575431768,-0.30885928283035924
1995.2000000000005,0.0,6.374434660796455,23.08403115836886,23.01381592194161,23.48208507880908,23.724451723792864,-6.137269317329232,0.05,0.05,0.05,0.116876676212521,1.3217787172144215,-6.133991545070208,-1.0701250000000255,-0.266562499999865,-9.463312500000107,0.05,0.14,0.15,6.27587535007797,23.326095970728105,-0.40071663737565666
1995.21,0.0,6.35442265359214,23.064136549648893,22.94800345035111,23.44660627883676,23.72663504513536,-6.12,0.05,0.05,0.05,0.1109673166961846,1.3222332833310628,-6.129900450020436,-1.1601250000000256,0.208437500000135,-9.848312500000109,0.05,0.14,0.15,6.271865282998666,23.296345330993034,-0.42206726207819173
1995.2200000000005,0.0,6.334410646387824,23.087747382146407,22.924392617853595,23.341430752256915,23.74809943831492,-6.12,0.05,0.05,0.05,0.1050579571798482,1.322687849447704,-6.125809354970665,-1.2265000000000044,0.6524999999999929,-10.1916875,0.05,0.14,0.15,6.267860924979869,23.27541754764296,-0.43856662290948306
1995.23,0.0,6.314398639183509,23.057096510872466,22.900814466383444,23.28743988502872,23.69798826793328,-6.12,0.05,0.05,0.05,0.0991485976635118,1.3231424155643454,-6.121718259920893,-1.106500000000345,0.8524999999994245,-10.206687499999957,0.05,0.14,0.15,6.263862286970634,23.235834782554477,-0.41679490208996106
1995.24,0.0,6.294386631979195,22.95333245188744,22.877280349912613,23.3024161409647,23.55143490627401,-6.12,0.05,0.05,0.05,0.0932392381471754,1.3235969816809865,-6.117627164871122,-1.010687499999487,0.9225625000051572,-10.132250000004213,0.05,0.14,0.15,6.259869379932329,23.17111596225969,-0.40316979737278236
1995.25,0.0,6.27437462477488,22.876294960746048,22.858845245338628,23.301190490677257,23.422113616291053,-6.12,0.05,0.05,0.05,0.087329878630839,1.3240515477976278,-6.11353606982135,-1.105687499999487,-0.0324374999948429,-9.352250000004211,0.05,0.14,0.15,6.2558822148385795,23.11461107826325,-0.45381244191090037
1995.26,0.0,6.254362617570564,22.83534304710524,22.847294705593782,23.27808941118757,23.31605866045204,-6.12,0.05,0.05,0.05,0.0814205191145026,1.324506113914269,-6.109444974771579,-1.174250000000756,-0.887312499999649,-8.707812499997704,0.05,0.14,0.15,6.251900802675204,23.069196456084658,-0.4854723692034002
1995.27,0.0,6.25,22.80647154822336,22.83643154822336,23.194485050761536,23.215741116751328,-6.132671832042031,0.05,0.05,0.05,0.0755111595981326,1.3249606800309128,-6.105353879721784,-1.03424999999996,-0.9523125000000184,-9.13281250000012,0.05,0.14,0.15,6.247925154440127,23.013282315989898,-0.36737974932725354
1995.28,0.0,6.25,22.79669489847717,22.826654898477173,23.015246472081497,23.124492385786944,-6.162664333916497,0.05,0.05,0.05,0.0696018000817962,1.325415246147554,-6.101262784672013,-0.8621875000000151,-0.9621875000000152,-9.598874999999971,0.05,0.14,0.15,6.2439552811434105,22.940772163705695,-0.23803766419415312
1995.29,0.0,6.25,22.80476245962724,22.82096,22.92948591304336,23.105080223602272,-6.167365269461149,0.05,0.05,0.05,0.0636924405654598,1.3258698122641954,-6.097171689622242,-0.437187500001223,-0.537187500001223,-10.388874999997729,0.05,0.14,0.15,6.239991193807058,22.91507214906822,-0.019949797584482037
1995.3,0.0,6.25,22.83772643478248,22.82096,22.97414678260852,23.185895130434467,-6.137425149700689,0.05,0.05,0.05,0.0577830810491235,1.3263243783808367,-6.093080594572471,-0.0684396099020651,-0.1453713428364203,-11.055116279071465,0.05,0.14,0.15,6.236032903465027,22.954682086956367,0.16396860076262407
1995.31,0.0,6.25,22.863696859476505,22.799288888148283,23.01690109684928,23.23398,-6.128365577051302,0.05,0.05,0.05,0.0518737215327871,1.326778944497478,-6.088989499522699,-0.14345836459069,-0.0153388347094706,-10.745038759691814,0.05,0.14,0.15,6.23208042116316,22.978466711118518,0.07832786057936557
1995.32,0.0,6.25,22.879392808801384,22.74577996999528,23.056854422403525,23.23398,-6.148378919279458,0.05,0.05,0.05,0.0459643620164507,1.327233510614119,-6.084898404472928,-0.2235599999992005,0.0887000000006662,-10.460395000000569,0.05,0.14,0.15,6.2281337579591085,22.979001800300047,-0.002467784090416092
1995.33,0.0,6.25,22.895088758126352,22.69227105184197,23.096807747958,23.23398,-6.168392261507728,0.05,0.05,0.05,0.0400550025000807,1.327688076730763,-6.080807309423133,-0.3435599999998827,-0.0112999999999022,-10.375395000000085,0.05,0.14,0.15,6.224192924922244,22.97953688948158,-0.04523157282469724
1995.34,0.0,6.25,22.875210962069865,22.70667131374021,23.06344979150974,23.24749462949006,-6.18,0.05,0.05,0.05,0.0341456429837443,1.3281426428474044,-6.076716214373362,-0.4740309328175544,-0.0972692121798233,-10.285799903335082,0.05,0.14,0.15,6.220257933133688,22.97320667420247,-0.09366609533874344
1995.35,0.0,6.25,22.803178809344463,22.82063262999234,22.922610806330223,23.28082293896002,-6.18,0.05,0.05,0.05,0.0282362834674079,1.3285972089640457,-6.072625119323591,-0.6866940550986371,-0.0731029482842458,-10.16013533107808,0.05,0.14,0.15,6.216328793686107,22.956811296156765,-0.18661336885204916
1995.36,0.0,6.25,22.71268690309709,22.843826573426742,22.89833243756221,23.30032,-6.16742757242762,0.05,0.05,0.05,0.0223269239510715,1.329051775080687,-6.068534024273819,-0.8936457793886584,-0.0438477472816389,-10.026556188504324,0.05,0.14,0.15,6.212405517683728,22.93879147852151,-0.27936958869809775
1995.37,0.0,6.246094529846292,22.596173416583643,22.73907132867153,23.03836240759214,23.30032,-6.1374575424576,0.05,0.05,0.05,0.0164175644347351,1.3295063411973282,-6.064442929224048,-0.9765044018639046,0.095976178145339,-9.721015018126852,0.05,0.14,0.15,6.208488116242265,22.918481788211828,-0.3679747334097962
1995.38,0.0,6.241103513675402,22.533952851085008,22.6603842005489,23.063681586430985,23.288856133699262,-6.12,0.05,0.05,0.05,0.0105082049183987,1.329960907313969,-6.060351834174276,-1.057344999999567,0.2154800000002665,-9.460734999999367,0.05,0.14,0.15,6.20457660048883,22.886718692941038,-0.4469394663788264
1995.39,0.0,6.236112497504484,22.548899221751054,22.618747882264923,22.92596145672244,23.26109858817661,-6.12,0.05,0.05,0.05,0.0162676076459723,1.3273884968141785,-6.049031686619549,-1.1223449999999364,0.1754800000000391,-9.555734999999908,0.05,0.14,0.15,6.1929806395838565,22.838676787228756,-0.4502312328318139
1995.4,0.0,6.231121481333594,22.53240748938312,22.52074307269593,22.865464836372592,23.232887279540417,-6.12,0.05,0.05,0.05,0.0231249464270731,1.3245312723220528,-6.037031343752623,-1.1783050000000146,0.1106200000002542,-9.66542499999978,0.05,0.14,0.15,6.180668677413305,22.787875669498018,-0.445678991232742
1995.41,0.0,6.226130465162704,22.47039399950059,22.34111779165688,22.916786345240894,23.204018930802,-6.12,0.05,0.05,0.05,0.029982285208174,1.3216740478299276,-6.025031000885696,-1.163305000000015,-0.1493799999997457,-9.89042499999978,0.05,0.14,0.15,6.168364433767443,22.73307926680009,-0.37955475722457344
1995.42,0.0,6.221139448991815,22.42013329670344,22.254177472527275,22.846287252748283,23.15035538461576,-6.12,0.05,0.05,0.05,0.0368396239892749,1.318816823337802,-6.01303065801877,-1.1386971742936784,-0.3969542385594825,-10.065133783446091,0.05,0.14,0.15,6.156067954927733,22.66773835164869,-0.3191071058586231
1995.43,0.0,6.216148432820925,22.386996433566583,22.302279370629154,22.59829524475636,23.060565174825577,-6.12,0.05,0.05,0.05,0.0436969627703757,1.315959598845677,-6.001030315151843,-1.0386721680421789,-0.5469917479367322,-9.845078769692792,0.05,0.14,0.15,6.143779287516835,22.58703405594442,-0.30321811647229124
1995.44,0.0,6.211157416650036,22.36858330827066,22.307874887218325,22.45074,22.961089774436648,-6.132506873281627,0.05,0.05,0.05,0.0505543015514766,1.3131023743535517,-5.989029972284916,-0.926165000000538,-0.6493550000006918,-9.63411000000036,0.05,0.14,0.15,6.13149847850143,22.522071992481408,-0.28671961349103436
1995.4500000000005,0.0,6.206166400479118,22.37180135338346,22.251022756892223,22.45074,22.847385513784445,-6.162499375156262,0.05,0.05,0.05,0.0574116403326164,1.3102451498614098,-5.977029629417922,-0.7161649999999412,-0.3793549999999244,-9.494109999999962,0.05,0.14,0.15,6.119225575195016,22.480237406015032,-0.2654604602725418
1995.46,0.0,6.201175384308229,22.36974774774775,22.270176696696684,22.51309775775774,22.7543907907908,-6.18,0.05,0.05,0.05,0.0642689791137173,1.3073879253692846,-5.965029286550995,-0.5237575000001232,-0.0894925000009966,-9.402347499999363,0.05,0.14,0.15,6.106960625261046,22.476853248248247,-0.24487439293211355
1995.4700000000005,0.0,6.2,22.360108108108108,22.398705225225253,22.665189849849884,22.691197597597583,-6.18,0.05,0.05,0.05,0.0711263178948181,1.3045307008771592,-5.953028943684068,-0.4687575000001232,0.3555074999990033,-9.687347499999362,0.05,0.14,0.15,6.09470367671543,22.528800195195206,-0.22954551176622617
1995.48,0.0,6.2,22.34079102122349,22.41880350561806,22.73612783520602,22.61221248439457,-6.167547452547403,0.05,0.05,0.05,0.077983656675919,1.3016734763850335,-5.941028600817142,-0.4148925000001007,0.704032500000907,-9.90197750000075,0.05,0.14,0.15,6.082454777929724,22.526983711610534,-0.2152156651563334
1995.49,0.0,6.2,22.30766243196016,22.284151820225144,22.691243940075047,22.51068938826499,-6.137577422577468,0.05,0.05,0.05,0.0848409954570198,1.2988162518929085,-5.929028257950216,-0.3698925000001007,0.299032500000907,-9.56697750000075,0.05,0.14,0.15,6.070213977634022,22.448436895131334,-0.20868885056326167
1995.5,0.0,6.2,22.268830374812843,22.23047881559187,22.61131058470833,22.48884130434733,-6.12,0.05,0.05,0.05,0.0916983342381207,1.295959027400783,-5.917027915083289,-0.3226206551639622,-0.1196024005987668,-9.241617904476778,0.05,0.138439490445934,0.15,6.057981324919922,22.399865269865096,-0.19852233347402354
1995.51,0.0,6.2,22.2217739030488,22.293577266366384,22.48083582208985,22.581884782608057,-6.12,0.05,0.05,0.05,0.0985556730192215,1.2931018029086576,-5.905027572216363,-0.2576044011006722,-0.6447336834176478,-8.991555388848738,0.05,0.13,0.15,6.045756869243533,22.39451794352827,-0.15992765547797347
1995.52,0.0,6.2,22.204853732833904,22.36495084644178,22.4145737328339,22.589336124844177,-6.12,0.05,0.05,0.05,0.1054130118003614,1.2902445784165162,-5.893027229349368,-0.2467399999985643,-1.0313400000024162,-8.80647999999888,0.05,0.13,0.15,6.033540660428429,22.39342860923844,-0.1440875038640174
1995.53,0.0,6.2,22.231570337078608,22.44830665168525,22.441290337078605,22.472851730337275,-6.12,0.05,0.05,0.05,0.1122703505814622,1.2873873539243907,-5.8810268864824415,-0.6567399999985644,-0.3413400000024161,-9.12647999999888,0.05,0.13,0.15,6.021332748668976,22.398504764044937,-0.3050939344908853
1995.54,0.0,6.2,22.24744,22.37164894341571,22.46673159739605,22.46195972959412,-6.12,0.05,0.05,0.05,0.1191276893625631,1.2845301294322653,-5.869026543615515,-1.0274081479627863,0.2540439890032293,-9.48123219194987,0.05,0.13,0.15,6.009133184532992,22.386945067601474,-0.4377940873105666
1995.55,0.0,6.2,22.24744,22.060882794192167,22.490306960440595,22.60555512268362,-6.12,0.05,0.05,0.05,0.1259850281436639,1.28167290494014,-5.857026200748589,-1.092391902024312,0.114078980255328,-10.106075981003,0.05,0.13,0.15,5.996942018965124,22.351046219329092,-0.3504998354106278
1995.56,0.0,6.2,22.19854767082345,21.930914254363525,22.45185536159656,22.678196917705865,-6.132359999999977,0.05,0.05,0.05,0.1283830700214574,1.2795957675053644,-5.847776721279504,-1.1568099999998465,-0.0230524999997053,-10.657162500000064,0.05,0.1312835984640087,0.15,5.987515354704675,22.314878551122348,-0.2744725904965397
1995.57,0.0,6.1811188811189925,22.07900652369155,22.06219604987446,22.32377556109809,22.648311630922887,-6.162359999999892,0.05,0.05,0.05,0.124482153306033,1.2786205383265083,-5.842412960795796,-1.2168099999996758,-0.1380524999993785,-10.632162500000137,0.05,0.14,0.15,5.981985915396055,22.278322441396746,-0.28644712261486505
1995.58,0.0,6.156143856143848,21.99563797696553,22.10407393089657,22.276446269403927,22.611018177266025,-6.18,0.05,0.05,0.05,0.1205812365905864,1.2776453091476467,-5.837049200312057,-1.2518354588650862,-0.2377294323581357,-10.612270567641865,0.05,0.14,0.15,5.97645887942587,22.246794088633017,-0.29085501129351454
1995.59,0.0,6.131168831168845,21.965632969454283,22.014058908362856,22.34824396594868,22.562795843765816,-6.18,0.05,0.05,0.05,0.116680319875162,1.2766700799687904,-5.831685439828348,-1.0917954488626864,-0.2177244311078358,-10.632275568892164,0.05,0.14,0.15,5.970934253468182,22.222682921882907,-0.23616308138634473
1995.6,0.0,6.106193806193842,21.924782087912323,21.933706593406868,22.326431868132527,22.522018461538583,-6.18,0.05,0.05,0.05,0.1127794031597376,1.2756948507899344,-5.82632167934464,-0.9277700000006828,-0.1880300000003676,-10.648860000000036,0.05,0.1384118581260253,0.15,5.965412044218771,22.176734752747574,-0.18165796901454354
1995.61,0.0,6.081218781218839,21.868128741259,21.867432867133164,22.16823006993078,22.49208839160853,-6.18,0.05,0.05,0.05,0.1088784864443132,1.2747196216110783,-5.820957918860931,-0.7327700000006829,-0.0830300000003676,-10.638860000000037,0.05,0.13,0.15,5.959892258395321,22.098970017482866,-0.1286047894176792
1995.62,0.0,6.056243756243836,21.84047479041909,21.817187874251623,22.13335044910108,22.46952266467072,-6.167741935483942,0.05,0.05,0.05,0.1049775697288888,1.2737443924322225,-5.815594158377222,-0.5582900000000526,0.00316000000021,-10.585540000001366,0.05,0.1315613382899374,0.15,5.954374902737481,22.065133944610626,-0.08704268841114357
1995.63,0.0,6.031268731268833,21.85542489021948,21.790491267465217,22.279647854290605,22.45777615768469,-6.137734433608492,0.05,0.05,0.05,0.1010766530134644,1.2727691632533662,-5.810230397893514,-0.5432900000000526,-0.0568399999997899,-10.195540000001364,0.05,0.14,0.15,5.948859984006928,22.095835042414997,-0.13478844382025798
1995.64,0.0,6.006293706293689,21.88972047047046,21.805853463463453,22.301137077077097,22.44215001001001,-6.107739195603241,0.05,0.05,0.05,0.0971757362980179,1.2717939340745046,-5.804866637409775,-0.5208799999998514,-0.0940399999997397,-9.831759999999704,0.05,0.14,0.15,5.943347508987409,22.109715255255256,-0.17844850271717
1995.65,0.0,5.981318681318686,21.95291366366368,21.884041651651668,22.1361921321321,22.420728588588585,-6.077761678740916,0.05,0.05,0.05,0.0932748195825935,1.2708187048956483,-5.799502876926066,-0.4408800000000786,0.0459599999998623,-9.671760000000155,0.05,0.14,0.15,5.937837484484948,22.09846900900901,-0.19035481503510326
1995.66,0.0,5.956343656343683,21.928161408943293,21.88590776917312,22.08253223082688,22.373038166375217,-6.072225000000012,0.05,0.05,0.05,0.0893739028671691,1.2698434757167922,-5.7941391164423575,-0.404769999998932,0.1437800000008053,-9.49808000000098,0.05,0.14,0.15,5.93232991732773,22.067409893829627,-0.21468453829215325
1995.67,0.0,5.95,21.773127684236968,21.77471116662513,22.193728833374863,22.286433120159963,-6.102225000000012,0.05,0.05,0.05,0.0854729861517447,1.2688682465379362,-5.7887753559586494,-0.709769999998932,-0.0862199999991946,-9.21808000000098,0.05,0.14,0.15,5.926824814366301,22.00700020109923,-0.3355681395530608
1995.68,0.0,5.95,21.70054658994234,21.72535709782327,22.19880037528181,22.203645223918112,-6.12,0.05,0.05,0.05,0.0815720694363203,1.26789301735908,-5.7834115954749405,-0.9668900000004028,-0.3093799999994047,-8.99051999999937,0.05,0.138416313559353,0.15,5.9213221824736095,21.957087321741383,-0.4331477419541633
1995.69,0.0,5.95,21.750874335751604,21.76818922191626,22.045675531649376,22.12654740055073,-6.12,0.05,0.05,0.05,0.0776711527208959,1.266917788180224,-5.7780478349912325,-0.8518900000004026,-0.4793799999994047,-9.17051999999937,0.05,0.13,0.15,5.915822028545088,21.922821622466994,-0.34961030057892517
1995.7000000000005,0.0,5.95,21.75075792155883,21.788589357981515,21.980544096927307,22.039585750686985,-6.12,0.05,0.05,0.05,0.0737702360054493,1.2659425590013624,-5.772684074507493,-0.7522805701425713,-0.5923705926475723,-9.328859714928717,0.05,0.13,0.15,5.910324359498695,21.88986928178866,-0.2804473995974301
1995.71,0.0,5.95,21.675914054459227,21.77575898076444,22.045765181114103,21.938011931051808,-6.12,0.05,0.05,0.05,0.0698693192900249,1.264967329822506,-5.7673203140237845,-0.7722855713928145,-0.2622880720185614,-9.318857214303591,0.05,0.13,0.15,5.904829182275109,21.858862536847393,-0.32300241781818534
1995.7200000000005,0.0,5.95,21.643151947986944,21.713076809202544,22.04913386846728,21.9021433208301,-6.12,0.05,0.05,0.05,0.0659684025746005,1.26399210064365,-5.761956553540076,-0.79,0.0626324999986424,-9.35350999999819,0.05,0.13,0.15,5.899336503837633,21.826876486621714,-0.3574933881274228
1995.73,0.0,5.95,21.67311943985989,21.57608256064049,21.96030166041532,21.96421883970978,-6.12,0.05,0.05,0.05,0.0620674858591761,1.263016871464794,-5.756592793056368,-0.79,0.3476324999986423,-9.73350999999819,0.05,0.13,0.15,5.893846331172378,21.79343062515637,-0.3296200403057989
1995.74,0.0,5.95,21.69104,21.54448637999965,21.902018320000035,21.984564540000115,-6.12,0.05,0.05,0.05,0.0581665691437517,1.262041642285938,-5.751229032572659,-0.7705350000008099,0.5221400000032391,-10.056832500000548,0.05,0.13,0.15,5.888358671288323,21.780527309999954,-0.29229804573112755
1995.75,0.0,5.95,21.69104,21.66967637999965,21.889178320000035,21.94283454000012,-6.12,0.05,0.05,0.05,0.0542656524283273,1.261066413107082,-5.745865272088951,-0.6005350000008098,-0.1578599999967608,-9.941832500000547,0.05,0.13,0.15,5.882873531217381,21.79818230999995,-0.181903765565043
1995.76,0.0,5.95,21.67167885971513,21.654618259565822,21.86988331582908,21.91917074268565,-6.132158920539704,0.05,0.05,0.05,0.0503647357129029,1.2600911839282258,-5.740501511605242,-0.4631674999994522,-0.7422525000007384,-9.837710000000095,0.05,0.13,0.15,5.877390918014483,21.778837794448922,-0.09076355175818185
1995.77,0.0,5.943037658575546,21.62351681920489,21.43093233808496,21.840986091522936,21.92238154538634,-6.162143928036079,0.05,0.05,0.05,0.0495466593318652,1.2572799559911916,-5.734559911982384,-0.578167500000106,-0.5872524999998573,-9.817709999999982,0.05,0.13,0.15,5.870978210085911,21.704454198549783,-0.1485270563961337
1995.78,0.0,5.933048646488853,21.527722244389658,21.35484653366529,21.75970945137217,21.91098236907743,-6.18,0.05,0.05,0.05,0.0490465593118616,1.25427935587117,-5.72855871174234,-0.6891600000000477,-0.3543924999995028,-9.778244999999888,0.05,0.13,0.15,5.864469897733638,21.638315149626138,-0.21598673564526405
1995.79,0.0,5.92305963440216,21.36121850374117,21.49786897755565,21.60067703241945,21.8778950872819,-6.18,0.05,0.05,0.05,0.048546459291858,1.2512787557511484,-5.722557511502297,-0.7691599999998202,0.4806074999981239,-9.588245000000429,0.05,0.13,0.15,5.8579620821370355,21.584414900249545,-0.3584329879809559
1995.8,0.0,5.913070622315468,21.28345914435807,21.539772999750205,21.60148124092984,21.86264208656488,-6.18,0.05,0.05,0.05,0.0480463592718544,1.2482781556311269,-5.716556311262254,-0.8314125000003573,1.1564525000026438,-9.48755499999719,0.05,0.13,0.15,5.851454764953536,21.57183886790075,-0.46485371089020094
1995.81,0.0,5.903081610228775,21.34021170878128,21.428409477108435,21.84455354515755,21.87442092069045,-6.18,0.05,0.05,0.05,0.0475462592518508,1.245277555511105,-5.71055511102221,-0.7564125000003573,0.6014525000026438,-10.07755499999719,0.05,0.13,0.15,5.844947947847821,21.62189891293443,-0.29266651844034003
1995.82,0.0,5.893092598142082,21.35128497585383,21.34982029641984,21.95793595337272,21.871262211490592,-6.171939404028658,0.05,0.05,0.05,0.0470461592318472,1.2422769553910835,-5.704553910782167,-0.6962974999997381,0.0327125000032153,-10.588550000000476,0.05,0.13,0.15,5.838441632491869,21.63257585928424,-0.13600577675322645
1995.83,0.0,5.883103586055333,21.2935530857619,21.32059798168195,21.875970924229858,21.84560359367196,-6.151962710171394,0.05,0.05,0.05,0.0465460592118407,1.2392763552710446,-5.6985527105420895,-0.7512975000000507,-0.6422875000006216,-10.488549999999908,0.05,0.13,0.15,5.831935820564955,21.583931396336418,-0.09942077437645987
1995.84,0.0,5.873114573968641,21.235821195670297,21.291375666944223,21.79400589508746,21.819944975853463,-6.131986016314245,0.05,0.05,0.05,0.0460459591918371,1.236275755151023,-5.692551510302047,-0.8206151537885413,-1.2010602650660889,-10.38969242310573,0.05,0.13,0.15,5.825430513753833,21.535286933388857,-0.07955675986607147
1995.85,0.0,5.863125561881947,21.2150803616813,21.249271725317747,21.741222267839696,21.791603787878817,-6.12,0.05,0.05,0.05,0.0455458591718335,1.2332751550310015,-5.686550310062003,-1.000660165040729,-0.8609752438119562,-10.299669917479635,0.05,0.13,0.15,5.818925713752558,21.49929453567939,-0.18900658601384285
1995.86,0.0,5.853136549795255,21.250642434017507,21.187561070381385,21.732854721407644,21.759179545454625,-6.12,0.05,0.05,0.05,0.0450457591518299,1.23027455491098,-5.68054910982196,-1.1427500000009037,-0.5019250000030429,-10.22402499999979,0.05,0.13,0.15,5.812421422262672,21.48255944281529,-0.28550650320670523
1995.87,0.0,5.8500000000000005,21.26491564705892,21.17433672634244,21.668335202046627,21.68363921227676,-6.108042010502622,0.05,0.05,0.05,0.0445456591318263,1.227273954790958,-5.674547909581917,-0.9927500000009036,0.0030749999969571,-10.25902499999979,0.05,0.13,0.15,5.805917640993216,21.447806696931185,-0.2823484253928491
1995.88,0.0,5.8500000000000005,21.239739176470675,21.25096076726316,21.499762312021044,21.528201872123297,-6.078034508627172,0.05,0.05,0.05,0.0440455591118227,1.2242733546709366,-5.668546709341873,-0.8387250000011147,0.4287250000011147,-10.24342500000244,0.05,0.13,0.15,5.7994143716607525,21.379666031969542,-0.2772453071271194
1995.89,0.0,5.8500000000000005,21.19489704999992,21.25453831499988,21.40039911000001,21.43762548000001,-6.048027006751552,0.05,0.05,0.05,0.0435454590918163,1.221272754550898,-5.662545509101796,-0.6537250000000631,0.2437250000000631,-9.83842500000014,0.05,0.13,0.15,5.792911615989387,21.321864988749955,-0.2571738340785775
1995.9,0.0,5.8500000000000005,21.119997050000126,21.146468315000185,21.40681910999999,21.446185479999983,-6.018019504876102,0.05,0.05,0.05,0.0430453590718127,1.218272154430876,-5.656544308861752,-0.4871250000000167,0.0512500000001669,-9.4972499999999,0.05,0.13,0.15,5.786409375710947,21.27986748875007,-0.2328449777695157
1995.91,0.0,5.8500000000000005,21.107993565563305,21.096302637471886,21.371951037571844,21.42314064692732,-6.0,0.05,0.05,0.05,0.0425452590518091,1.2152715543108543,-5.65054310862171,-0.4621250000000877,-0.1987499999991224,-9.647249999999474,0.05,0.13,0.15,5.779907652564805,21.24984697188359,-0.1757527807154595
1995.92,0.0,5.8500000000000005,21.19212394625508,21.134640532470662,21.27397641701941,21.351789564568485,-6.0,0.05,0.05,0.05,0.0420451590318054,1.212270954190833,-5.644541908381666,-0.457824999999066,-0.3987250000011146,-9.737450000002228,0.05,0.13,0.15,5.773406448298068,21.238132615078406,-0.13986388386683862
1995.93,0.0,5.8500000000000005,21.205359534883964,21.160658739684905,21.241499259814777,21.34061673918459,-5.988038970771959,0.05,0.05,0.05,0.0415450590118018,1.2092703540708112,-5.638540708141623,-0.612824999999066,-0.2137250000011147,-9.36745000000223,0.05,0.13,0.15,5.7669057646655775,21.237033568392057,-0.2671482103479643
1995.94,0.0,5.8500000000000005,21.105824651163097,21.16708034508625,21.31320718679648,21.425167876968985,-5.958061453909634,0.05,0.05,0.05,0.0410449589917982,1.2062697539507896,-5.63253950790158,-0.7356214053521003,-0.0402225556394281,-9.040575143785915,0.05,0.13,0.15,5.760405603429962,21.252820015003703,-0.37589587621014053
1995.9500000000005,0.0,5.8500000000000005,21.05425989013736,21.144585523096044,21.33530894881391,21.47786607740325,-5.916173826173661,0.05,0.05,0.05,0.0405448589717918,1.203269153830751,-5.626538307661502,-0.6105901475370148,0.0447986996748298,-9.04557639409852,0.05,0.13,0.15,5.75390596636163,21.25300510986264,-0.34199184947436995
1995.96,0.0,5.8500000000000005,21.07883916604241,21.0761910162298,21.278669747815304,21.480003405742817,-5.856233766233619,0.05,0.05,0.05,0.0400447589517882,1.2002685537107294,-5.620537107421459,-0.5155924999997836,0.0859275000004728,-9.077142499999624,0.05,0.13,0.15,5.747406855238972,21.228425833957584,-0.3095893156590024
1995.9700000000005,0.0,5.840041960137883,21.06516076152324,21.03611851703405,21.27712797595168,21.475556152304648,-5.808129064532213,0.05,0.05,0.05,0.04,1.1986338401520409,-5.612713814144217,-0.6505924999997836,-0.2090724999995271,-9.312142499999624,0.05,0.13,0.15,5.739414555705395,21.213490851703405,-0.2886852276267239
1995.98,0.0,5.825056196613247,20.990110661322788,21.041479238476946,21.363971663326485,21.46054613226456,-5.778114057028499,0.05,0.05,0.05,0.04,1.1971333900170018,-5.60471141342401,-0.785014999999749,-0.4653800000000773,-9.52115499999998,0.05,0.13,0.15,5.7312754585047605,21.214026923847698,-0.275543503256341
1995.99,0.0,5.81007043308861,20.918382034577977,21.01230449511423,21.402972728639536,21.4434541718868,-5.712420000000031,0.05,0.05,0.05,0.04,1.1956329398819627,-5.596709012703802,-0.9150149999993796,-0.4253800000001909,-9.531154999999952,0.05,0.13,0.15,5.723136369143299,21.194278357554637,-0.3218460270163003
1996.0,0.0,5.795084669563973,20.851892432974555,20.92865628664541,21.366510689050564,21.423078326234137,-5.592420000000032,0.05,0.05,0.05,0.04,1.194132489746924,-5.588706611983594,-1.0224925000004736,-0.348997500002587,-9.553282499999163,0.05,0.13,0.15,5.714997287654502,21.142534433726166,-0.3625328760470252
1996.01,0.0,5.780098906039337,20.81275678304237,20.852285411471776,21.33053538653391,21.40357822942656,-5.424982526210927,0.05,0.05,0.05,0.04,1.1926320396118848,-5.580704211263386,-0.9574925000004736,0.0060024999974129,-9.668282499999162,0.05,0.13,0.15,5.706858214072056,21.099788952618653,-0.3602148393776487
1996.02,0.0,5.765113142514616,20.81595877805486,20.78717817955117,21.29531344139653,21.38543359102245,-5.1853419870188056,0.05,0.05,0.05,0.04,1.1911315894768375,-5.572701810543133,-0.8901849537616897,0.3425168707820061,-9.817920519869396,0.05,0.13,0.15,5.698719148429788,21.07097099750625,-0.34995760950327087
1996.03,0.0,5.750127378989979,20.80751796788762,20.72607985449073,21.243366066231843,21.353515935775235,-4.993096597963552,0.05,0.05,0.05,0.04,1.1896311393417984,-5.564699409822926,-0.8052061984504638,0.537468132966583,-10.232816795800677,0.05,0.13,0.15,5.690580090761862,21.032619956096358,-0.27890196932654854
1996.04,0.0,5.735141615465342,20.7806740140492,20.67131818866035,21.16498172102364,21.299828028098386,-4.873901167121736,0.05,0.05,0.05,0.04,1.1881306892067596,-5.5566970091027175,-0.7207976994249155,0.6950462615654877,-10.601725431357828,0.05,0.13,0.15,5.6824410411024955,20.979200487957893,-0.21111134521265065
1996.05,0.0,5.720155851940706,20.751628636363687,20.660029105571763,21.05067480938442,21.242975146627657,-4.685225270576236,0.05,0.05,0.05,0.04,1.1866302390717205,-5.54869460838251,-0.6407776944239432,0.5650137534389076,-10.616729182295511,0.05,0.13,0.15,5.674301999486152,20.926326924486883,-0.16844714906056946
1996.06,0.0,5.70517008841607,20.719204393939496,20.715464100684088,20.881231994135423,21.18126449169129,-4.383186508936018,0.05,0.05,0.05,0.04,1.1851297889366816,-5.540692207662302,-0.5838599999991256,0.3858975000040444,-10.59766000000204,0.05,0.13,0.15,5.666162965947491,20.874291245112573,-0.13359380985462294
1996.07,0.0,5.7,20.68132922919878,20.727215242470955,20.807006436957177,21.12735482388991,-4.152791802049945,0.05,0.05,0.05,0.04,1.1836293388016426,-5.532689806942095,-0.7038599999991255,-0.1691024999959555,-10.31766000000204,0.05,0.13,0.15,5.658023940521369,20.835726433129203,-0.15855608077290734
1996.08,0.0,5.7,20.633263889739627,20.65730202143946,20.9107838744258,21.088028637059697,-4.032821794551062,0.05,0.05,0.05,0.04,1.1821288886665953,-5.524687406221841,-0.8076894223556225,-0.6680870217553215,-10.069422355588904,0.05,0.13,0.15,5.649884923242803,20.822344605666146,-0.179105773866873
1996.09,0.0,5.7,20.60724995755305,20.626274851435685,20.96123641448192,21.07317738327089,-3.866289120714722,0.05,0.05,0.05,0.04,1.1806284385315562,-5.516685005501634,-0.7876844211053226,-0.7381045261313713,-10.064421105276333,0.05,0.13,0.15,5.641745914147147,20.816984651685384,-0.16586390777630977
1996.1,0.0,5.7,20.61579927091133,20.65619744818967,20.92810782521858,21.096687995006167,-3.6278390461992274,0.05,0.05,0.05,0.04,1.1791279883965171,-5.508682604781426,-0.767100724818865,-0.7721669582611048,-10.017090727319204,0.05,0.13,0.15,5.633606913269818,20.824198134831434,-0.16257247604051384
1996.11,0.0,5.7,20.625594989999943,20.65507777000024,20.910284539999967,21.097435030000167,-3.4686623570362567,0.05,0.05,0.05,0.04,1.1776275382614785,-5.500680204061218,-0.7421069732567398,-0.5322269432647024,-9.64718320419975,0.05,0.13,0.15,5.62546792064649,20.82209808250008,-0.2351102164586764
1996.12,0.0,5.7,20.637364989999945,20.60478777000024,20.91670453999997,21.062125030000164,-3.4388264545002145,0.05,0.05,0.05,0.04,1.1761270881264394,-5.49267780334101,-0.7194223555889072,-0.2824531132789711,-9.332130532632949,0.05,0.13,0.15,5.617328936313041,20.805245582500078,-0.3011443068101387
1996.13,0.0,5.7,20.636720149850248,20.546243686314032,20.885891188811623,21.00697221778264,-3.386597938144351,0.05,0.05,0.05,0.04,1.1746266379914003,-5.484675402620803,-0.7144211052763465,0.0426281570374789,-9.437156789196724,0.05,0.13,0.15,5.609189960305556,20.768956810689637,-0.3173733886413693
1996.14,0.0,5.7,20.616410459540447,20.474625304695262,20.79610097902093,20.920388801198754,-3.2960774453103285,0.05,0.05,0.05,0.04,1.173126187856353,-5.47667300190055,-0.706520000000086,0.3213000000002148,-9.535799999999856,0.05,0.13,0.15,5.6010509926602845,20.70188138611385,-0.32876882261727836
1996.15,0.0,5.7,20.57618762120069,20.43844440592816,20.71190587289625,20.810433494096944,-3.25141500000001,0.05,0.05,0.05,0.04,1.171625737721314,-5.468670601180341,-0.6765200000000859,0.2463000000002148,-9.585799999999857,0.05,0.13,0.15,5.592912033413826,20.63424284853051,-0.30332852638356844
1996.16,0.0,5.7,20.504155468475293,20.45887143431297,20.63664839989956,20.663143868374856,-3.28141500000001,0.05,0.05,0.05,0.04,1.170125287586275,-5.460668200460134,-0.6615999999997135,0.1568000000005729,-9.616080000000345,0.05,0.13,0.15,5.584773082602854,20.565704792765672,-0.2844290269792564
1996.17,0.0,5.690186217884872,20.46054,20.45351117000009,20.572084825000097,20.616171499999783,-3.3000000000000003,0.05,0.05,0.05,0.043054854530735,1.16825436883958,-5.453453883148425,-0.7615999999997135,-0.043199999999427,-9.496080000000344,0.05,0.13,0.15,5.577349840779047,20.525576873749994,-0.3153749103107144
1996.18,0.0,5.675248954391564,20.46054,20.40857117000022,20.523934825000232,20.72317149999948,-3.3000000000000003,0.05,0.05,0.05,0.0463880291414647,1.1663496976334486,-5.446311366125433,-0.8355000000003993,-0.2402999999994409,-9.405079999999586,0.05,0.13,0.15,5.5699938027976605,20.529054373749986,-0.33346863069046345
1996.19,0.0,5.660311690898256,20.447558288690686,20.3859664136904,20.482217053571635,20.7787471726192,-3.3000000000000003,0.05,0.05,0.05,0.0497212037521943,1.1644450264273174,-5.43916884910244,-0.7105000000007546,-0.4152999999989436,-9.535079999999216,0.05,0.13,0.15,5.562639857722253,20.52362223214298,-0.25362000581480015
1996.2000000000005,0.0,5.645374427404863,20.414651542658746,20.39764300099206,20.45037181547621,20.755393998015883,-3.3000000000000003,0.05,0.05,0.05,0.0530543783629428,1.1625403552211755,-5.432026332079408,-0.596520000000086,-0.5421600000006876,-9.642460000000186,0.05,0.13,0.15,5.555288013864387,20.504515089285725,-0.1859011664110765
1996.21,0.0,5.630437163911555,20.36566487166592,20.3832948314042,20.47582856064405,20.73965706592854,-3.3000000000000003,0.05,0.05,0.05,0.0563875529736725,1.1606356840150442,-5.4248838150564165,-0.566520000000086,-0.3021600000006876,-9.577460000000189,0.05,0.13,0.15,5.547938279577422,20.49111133241068,-0.21061965767932037
1996.2200000000005,0.0,5.615499900418246,20.29027483643709,20.32621380473094,20.595375616506896,20.736426064418733,-3.3000000000000003,0.05,0.05,0.05,0.0597207275844021,1.158731012808913,-5.417741298033424,-0.54928232057991,-0.0627331832965145,-9.526961740434931,0.05,0.13,0.15,5.5405906632565145,20.487072580523417,-0.2373697126538073
1996.23,0.0,5.600562636924939,20.236019804951344,20.27052951237836,20.64968357089296,20.766304741184893,-3.31141500000001,0.05,0.05,0.05,0.0630539021951317,1.156826341602782,-5.410598781010433,-0.6293023255811098,0.1723255813945098,-9.586976744185831,0.05,0.13,0.15,5.533245173339031,20.48063440735189,-0.27960168414870906
1996.24,0.0,5.585625373431631,20.21461445361352,20.217016134033805,20.60259179794975,20.847645076268613,-3.34141500000001,0.05,0.05,0.05,0.0663870768058613,1.1549216703966507,-5.40345626398744,-0.7052411897023771,0.3491352161971126,-9.678435391150764,0.05,0.13,0.15,5.525901818304749,20.47046686546642,-0.3096475337702539
1996.25,0.0,5.570688109938322,20.208526158329185,20.191406158329183,20.588627158814745,20.89139610490537,-3.382829999999955,0.05,0.05,0.05,0.0697202514165909,1.1530169991905197,-5.396313746964448,-0.7502299425140747,0.0842014496393378,-10.00835291176988,0.05,0.13,0.15,5.518560606676108,20.46998889509462,-0.2472776007691141
1996.26,0.0,5.555750846445014,20.22619492957737,20.209074929577373,20.62604338028149,20.87684535211275,-3.4428299999997845,0.05,0.05,0.05,0.0730534260273205,1.1511123279843882,-5.389171229941456,-0.7946399999996581,-0.1691399999985893,-10.2878200000009,0.05,0.13,0.1512617079889276,5.511221547018471,20.484539647887246,-0.1935538414549322
1996.27,0.0,5.550000000000001,20.222579927964976,20.204359922819616,20.62349987136603,20.84147321327496,-3.50283000000002,0.05,0.05,0.05,0.0763866006380691,1.1492076567782463,-5.382028712918424,-0.8346399999998855,-0.3341399999995272,-10.182820000000302,0.05,0.13,0.16,5.503884647940319,20.472978233856395,-0.2057198885193426
1996.28,0.0,5.550000000000001,20.17633346539745,20.154810141497272,20.540916902495457,20.764395775662425,-3.56283000000002,0.05,0.05,0.05,0.0797197752487987,1.147302985572115,-5.374886195895432,-0.8688400000000286,-0.4365000000010743,-10.080720000000229,0.05,0.13,0.1583879492600847,5.496549918093684,20.40911407126315,-0.2220128337898172
1996.29,0.0,5.550000000000001,20.13313014218012,20.13370824644548,20.468045213270187,20.633758293839023,-3.5771928071927945,0.05,0.05,0.05,0.0830529498595283,1.1453983143659838,-5.36774367887244,-0.8588400000000286,-0.0615000000010743,-10.000720000000229,0.05,0.13,0.15,5.489217366174147,20.342160473933703,-0.26975558952860246
1996.3,0.0,5.550000000000001,20.09469661761052,20.157195400349128,20.410394926415773,20.41917111499204,-3.517252747252754,0.05,0.05,0.05,0.0863861244702579,1.1434936431598526,-5.360601161849448,-0.8447786946738006,0.2688397099275113,-9.935801450362444,0.05,0.13,0.15,5.481887000921273,20.270364514841866,-0.30920813347920695
1996.31,0.0,5.550000000000001,20.07228270591144,20.13414368538271,20.38064596092002,20.305133020034354,-3.502715678919697,0.05,0.05,0.05,0.0897192990809876,1.141588971953721,-5.353458644826455,-0.7997674418606258,0.2588372093023613,-9.985813953488194,0.05,0.13,0.15,5.474558831118818,20.22305134306213,-0.2854835462146689
1996.32,0.0,5.550000000000001,20.07545856542169,20.036750660401385,20.395466638634574,20.35171229285152,-3.562730682670597,0.05,0.05,0.05,0.0930524736917172,1.1396843007475903,-5.346316127803464,-0.7518450000003121,0.2034000000017831,-10.022427500000289,0.05,0.13,0.15,5.4672328655949975,20.214847039327292,-0.2580846380748508
1996.33,0.0,5.550000000000001,20.063633427372043,19.96248096389596,20.379558159529964,20.350009269521603,-3.577259999999796,0.05,0.05,0.05,0.0963856483024657,1.1377796295414482,-5.339173610780431,-0.681845000000113,-0.1965999999993536,-9.957427500000104,0.05,0.13,0.15,5.459909113222702,20.18892045507989,-0.2028208158279348
1996.34,0.0,5.550000000000001,20.02554106801016,19.928700947103348,20.309841954660104,20.26376241813621,-3.5172599999999097,0.05,0.05,0.05,0.0997188229131953,1.135874958335317,-5.332031093757439,-0.6267585206669184,-0.5764708726120971,-9.867897026832138,0.05,0.13,0.15,5.4525875829199295,20.131961596977455,-0.15837075625896313
1996.35,0.0,5.550000000000001,19.98744870864828,19.894920930310736,20.240125749790245,20.177515566750817,-3.457260000000024,0.05,0.05,0.05,0.1030519975239249,1.133970287129186,-5.324888576734447,-0.6847715736038952,-0.8036886632819229,-9.592335025381498,0.05,0.13,0.15,5.445268283649808,20.07500273887502,-0.19592893124852648
1996.36,0.0,5.550000000000001,19.96736415999998,19.8915268399999,20.168408600000163,20.16834011999975,-3.3972600000000943,0.05,0.05,0.05,0.1063851721346546,1.1320656159230549,-5.317746059711455,-0.7325427239775034,-0.9844536509594328,-9.334225789746082,0.05,0.13,0.15,5.4379512244210195,20.04890992999995,-0.23223672661861142
1996.37,0.0,5.540947047352375,19.97592415999998,19.936466839999905,20.093508600000163,20.28176011999976,-3.3372600000000943,0.05,0.05,0.05,0.1097183467453842,1.1301609447169234,-5.310603542688463,-0.5771828068364167,-0.2439047125869196,-9.42226307612603,0.05,0.13,0.15,5.430636414288038,20.071914929999952,-0.24374532620141037
1996.38,0.0,5.525946297314893,19.96508429178127,19.926916057956777,19.99097866600087,20.29733492880376,-3.2658900000001414,0.05,0.05,0.05,0.1119275713232897,1.13,-5.304217286030132,-0.4581304673822791,0.4228667833035529,-9.494151462134749,0.05,0.13,0.15,5.424403082242616,20.04507848613567,-0.2622190329098835
1996.39,0.0,5.510945547277324,19.923385565825537,19.83068822882817,19.8444985261051,20.15726997751656,-3.17588999999963,0.05,0.05,0.05,0.1140330561111723,1.13,-5.297900831666484,-0.6130917270678962,0.5328392901772165,-9.444163959010355,0.05,0.13,0.15,5.418270642931976,19.938960574568842,-0.3332584626297958
1996.4,0.0,5.495944797239842,19.893211342465744,19.80916877210469,19.84246376089684,20.10548974844341,-3.1086299999999087,0.05,0.05,0.05,0.1161385408990429,1.13,-5.291584377302872,-0.737185000000454,0.5560225000026205,-9.407572499999732,0.05,0.13,0.15,5.412139445986031,19.91258340597767,-0.3828798079869172
1996.41,0.0,5.480944047202359,19.881485315068502,19.907241001245232,20.071654296388303,20.195033957658687,-3.078629999999994,0.05,0.05,0.05,0.1182440256869134,1.13,-5.28526792293926,-0.627185000000454,-0.0789774999973794,-9.472572499999732,0.05,0.13,0.15,5.406009495631813,20.01385364259018,-0.2700730199970242
1996.42,0.0,5.465943297164876,19.87057383163648,19.91464815992085,20.2000153265459,20.26404261733293,-3.025890000000141,0.05,0.05,0.05,0.120349510474784,1.13,-5.278951468575649,-0.5375724999997318,-0.6405824999999794,-9.55679499999905,0.05,0.13,0.15,5.399880796114718,20.06231998385904,-0.16883552841080907
1996.43,0.0,5.450942547127393,19.86100839831142,19.772229485970023,20.16175359324568,20.299115872858128,-2.9358900000001413,0.05,0.05,0.05,0.1224549952626546,1.13,-5.272635014212036,-0.6025724999997317,-0.6455824999999794,-9.786794999999051,0.05,0.13,0.15,5.393753351698568,20.02352683759631,-0.15533600569205602
1996.44,0.0,5.43594179708991,19.822645633591872,19.69480082479369,20.15450930267419,20.3237730867283,-2.743696303696911,0.05,0.05,0.05,0.1245604800505252,1.13,-5.266318559848425,-0.6704876219050983,-0.6097974493637901,-9.956789197300523,0.05,0.13,0.1515862068965238,5.387627166665712,19.99893221194701,-0.1561376126308718
1996.4500000000005,0.0,5.420941047052342,19.733857830542327,19.731171732067,20.20157753561612,20.33019148212947,-2.3840559440546216,0.05,0.05,0.05,0.1266659648384078,1.13,-5.260002105484777,-0.7605101275319597,-0.2647111777941542,-9.671717929482128,0.05,0.13,0.16,5.381502245317076,19.99919964508873,-0.26539456766446085
1996.46,0.0,5.405940297014858,19.678063647087733,19.739448881789205,20.193377645613342,20.325879882034936,-1.9110555277618992,0.05,0.05,0.05,0.1287714496262784,1.13,-5.253685651121165,-0.8347350000000017,0.0832899999999863,-9.45158999999999,0.05,0.13,0.16,5.375378591972408,19.984192514131305,-0.35982103188912623
1996.4700000000005,0.0,5.4,19.68016735807323,19.69842651757203,20.088192096338545,20.30273906119448,-1.2507253626801913,0.05,0.05,0.05,0.130876934414149,1.13,-5.247369196757553,-0.7897350000001295,0.4532899999989347,-9.721589999999225,0.05,0.13,0.16,5.369256210970161,19.942381258294574,-0.34232165522752117
1996.48,0.0,5.4,19.66261894656514,19.649772412214023,19.957457038168748,20.24391155725249,-0.5338965258684362,0.05,0.05,0.05,0.1329824192020195,1.13,-5.241052742393942,-0.7622849999994342,0.7384650000019131,-9.985154999998842,0.05,0.13,0.1584137931034761,5.3631351066677295,19.8784399885501,-0.3228693674045196
1996.49,0.0,5.4,19.604898844783893,19.585517959287728,19.774495206107435,20.11213547582738,0.2759010247421206,0.05,0.05,0.05,0.1350879039898901,1.13,-5.23473628803033,-0.8672849999994342,0.383465000001913,-10.200154999998842,0.05,0.13,0.15,5.357015283441512,19.769261871501605,-0.28867844235413787
1996.5,0.0,5.4,19.55532481500012,19.54889839499996,19.69615660999965,20.01970321000008,0.8818740629677085,0.05,0.05,0.05,0.1371933887777607,1.13,-5.228419833666719,-0.951225000000404,0.0021400000031254,-10.38239500000035,0.05,0.13,0.15,5.350896745687011,19.705020757499952,-0.24963563850535814
1996.51,0.0,5.4,19.520014815000216,19.56066839499993,19.80101660999936,19.99616321000014,1.151739130434316,0.05,0.05,0.05,0.1392988735656313,1.13,-5.222103379303106,-0.8762250000004042,-0.5778599999968745,-10.317395000000351,0.05,0.13,0.15,5.34477949781893,19.71946575749991,-0.17397566389410948
1996.52,0.0,5.4,19.53130156447113,19.55520498107503,19.835961317184168,19.96901013373715,1.4328935532246316,0.05,0.05,0.05,0.1414043583535139,1.13,-5.215786924939459,-0.7965450000000043,-1.0379350000000165,-10.274624999999997,0.05,0.13,0.15,5.338663544271243,19.722869499116868,-0.10585003203654379
1996.53,0.0,5.4,19.624180696441805,19.51956531415605,19.74848213474668,19.93553044663144,1.7327436281866766,0.05,0.05,0.05,0.1435098431413844,1.13,-5.209470470575847,-0.6815450000003311,-0.5929350000012812,-10.39962499999964,0.05,0.13,0.15,5.332548889497423,19.70693964799399,-0.09458614934063007
1996.54,0.0,5.4,19.64229560069392,19.50199493188008,19.724794535545943,19.89783026009427,1.976325000000237,0.05,0.05,0.05,0.145615327929255,1.13,-5.203154016212236,-0.5776600000001078,-0.169580000001401,-10.466710000001994,0.05,0.13,0.15,5.326435537970347,19.691728832053553,-0.09356895451775674
1996.55,0.0,5.4,19.539456859054024,19.51365705722068,19.804309026504622,19.85330214515741,2.126325000000237,0.05,0.05,0.05,0.1477208127171256,1.13,-5.196837561848623,-0.5576600000001077,0.0904199999985989,-10.096710000001991,0.05,0.13,0.15,5.320323494182525,19.677681271984184,-0.16988360065528527
1996.56,0.0,5.4,19.46388743000009,19.50474431000015,19.847530045000067,19.850241424999773,2.332593703148722,0.05,0.05,0.05,0.1498262975049962,1.13,-5.190521107485012,-0.5364891222807341,0.2790397599418974,-9.757126781696025,0.05,0.13,0.15,5.314212762646175,19.66660080250002,-0.23377943200864026
1996.57,0.0,5.394326524496846,19.43606743000017,19.45980431000028,19.82720004500013,19.919791424999573,2.632443778110767,0.05,0.05,0.05,0.1504585321972049,1.125414678027951,-5.180370823858698,-0.5064816204052841,-0.0710477619383517,-9.647099274819375,0.05,0.13,0.15,5.303342138700665,19.660715802500036,-0.203950362037239
1996.58,0.0,5.384338011286991,19.4024132550001,19.451814084999874,19.768364490000284,19.913886095000308,2.8986056971521617,0.05,0.05,0.05,0.1509582948099662,1.1204170519003371,-5.169875808990708,-0.497624999999855,-0.4363999999995361,-9.597587499999609,0.05,0.13,0.15,5.292044846498214,19.634119481250142,-0.17047852620553705
1996.59,0.0,5.374349498077193,19.358543255000097,19.50852408499988,19.64210449000028,19.775856095000307,3.1085007496255934,0.05,0.05,0.05,0.1514580574227248,1.1154194257727517,-5.159380794122779,-0.647624999999855,-0.9163999999995364,-10.002587499999608,0.05,0.13,0.15,5.280749020481136,19.57125698125014,-0.1096471935944666
1996.6,0.0,5.364360984867395,19.33256521130281,19.534893943485937,19.580414028507,19.69461371842956,3.4080750000004247,0.05,0.05,0.05,0.1519578200354834,1.1104217996451662,-5.148885779254849,-0.78,-1.2794875000006698,-10.330037500000332,0.05,0.13,0.15,5.269454670078296,19.535621725431326,-0.06679033605639452
1996.61,0.0,5.354372471657597,19.33791654913727,19.50813725431366,19.631786871717768,19.71280826706671,3.858075000000425,0.05,0.05,0.05,0.1524575826482419,1.1054241735175807,-5.13839076438692,-0.78,-0.7644875000021335,-10.075037500001056,0.05,0.13,0.15,5.258161804798401,19.54766223555885,-0.1589332593869946
1996.62,0.0,5.3443839584478,19.33703572000004,19.428024240000607,19.61110124000051,19.75359099999972,4.25202199450141,0.05,0.05,0.05,0.1529573452610004,1.1004265473899952,-5.127895749518991,-0.7758875000002328,-0.2688750000023277,-9.818275000001796,0.05,0.13,0.1515959703074766,5.246870434230761,19.532438050000216,-0.24794587576966381
1996.63,0.0,5.334395445238002,19.32526572000004,19.254684240000607,19.464511240000512,19.83384099999972,4.55194701324606,0.05,0.05,0.05,0.153457107873759,1.09542892126241,-5.117400734651061,-0.7408875000002327,0.0811249999976722,-9.548275000001796,0.05,0.13,0.16,5.235580568046139,19.46957555000022,-0.3134478889036013
1996.64,0.0,5.324406932028147,19.28862002994745,19.208591934115603,19.40510556526096,19.86971681557268,5.040552101468787,0.05,0.05,0.05,0.1539568704865204,1.090431295134796,-5.106905719783072,-0.7082375000000145,0.3001125000007392,-9.324099999999884,0.05,0.13,0.16,5.224292215997532,19.443008586224174,-0.3591808297101515
1996.65,0.0,5.314418418818349,19.20851022211127,19.38483351135521,19.498032942350928,19.82805971549785,5.846321810495622,0.05,0.05,0.05,0.1544566330992789,1.0854336690072106,-5.096410704915143,-0.6932375000000145,-0.4648874999992609,-9.444099999999883,0.05,0.13,0.16,5.213005387921298,19.479859097828815,-0.2564354187766639
1996.66,0.0,5.304429905608551,19.13762225830631,19.462849867599367,19.522769867599365,19.805659905071188,6.599190202449726,0.05,0.05,0.05,0.1549563957120374,1.0804360428796251,-5.085915690047213,-0.6770625000000325,-1.179949999999558,-9.558812499999902,0.05,0.13,0.16,5.201720093737634,19.482225474644057,-0.1592883053255577
1996.67,0.0,5.300000000000001,19.08309315513374,19.366622038471306,19.426542038471304,19.81742108418684,7.259025243689832,0.05,0.05,0.05,0.155456158324796,1.0754384167520397,-5.075420675179283,-0.6520625000001036,-1.5199499999985917,-9.63381249999969,0.05,0.13,0.16,5.190436343451731,19.423419579065797,-0.10418797934889928
1996.68,0.0,5.300000000000001,19.02245466067882,19.32334143712562,19.32652367265496,19.8188261876248,7.832154115587051,0.05,0.05,0.05,0.1559559209375546,1.0704407906244542,-5.064925660311354,-0.6346999999997339,-1.7659500000030597,-9.6841375000009,0.05,0.13,0.1583782356049269,5.17915414715459,19.372786489521047,-0.06516121886331855
1996.69,0.0,5.300000000000001,18.95090775449124,19.374598922155528,19.219737245509315,19.80174035928149,8.252469352013575,0.05,0.05,0.05,0.1564556835503131,1.0654431644968687,-5.054430645443425,-0.674699999999734,-1.3059500000030595,-9.549137500000898,0.05,0.13,0.15,5.167873515023944,19.336746070359393,-0.1468571949461277
1996.7000000000005,0.0,5.300000000000001,18.903614723618084,19.388572060301417,19.18483653266348,19.80866266331667,8.825416354091223,0.05,0.05,0.05,0.1569554461630745,1.0604455383692548,-5.043935630575436,-0.7246874999998791,-0.8559375000003624,-9.484049999999556,0.05,0.13,0.15,5.156594457325099,19.321421494974913,-0.22028817145088347
1996.71,0.0,5.300000000000001,18.900388592964823,19.334803216080378,19.280545075376928,19.859205376884447,9.665626406603822,0.05,0.05,0.05,0.157455208775833,1.0554479122416691,-5.033440615707506,-0.8496874999998791,-0.4809375000003624,-9.944049999999557,0.05,0.13,0.15,5.145316984412126,19.343735565326647,-0.23164372558828428
1996.7200000000005,0.0,5.300000000000001,18.855097057356744,19.279622892768145,19.302362394015084,19.87844399002498,10.374589058207228,0.05,0.05,0.05,0.1579549713885916,1.050450286114084,-5.022945600839576,-0.9453088272069318,-0.2281570392591228,-10.331195298824872,0.05,0.13,0.15,5.134041106728421,19.32888158354124,-0.23145024153197868
1996.73,0.0,5.300000000000001,18.73662324189566,19.221986982543832,19.19562922693303,19.8432220448879,10.854229328004424,0.05,0.05,0.05,0.1584547340013501,1.0454526599864986,-5.012450585971648,-0.820277569392557,-0.8933233308315964,-10.171155288822472,0.05,0.13,0.15,5.122766834807906,19.249365374065107,-0.14451610891361974
1996.74,0.0,5.300000000000001,18.65425814185823,19.207804095903786,19.11000331668356,19.788355524475964,11.475611708781235,0.05,0.05,0.05,0.1589544966141087,1.0404550338589131,-5.001955571103718,-0.7300599999995642,-1.5366399999987694,-10.003450000000576,0.05,0.13,0.15,5.1114941792759305,19.190105269730385,-0.0727051556914619
1996.75,0.0,5.300000000000001,18.63608631368641,19.2708710289707,19.06190141858167,19.698565314685784,12.346264698521894,0.05,0.05,0.05,0.1594542592268672,1.0354574077313277,-4.991460556235788,-0.900059999999081,-2.0166399999974054,-9.778450000001216,0.05,0.13,0.15,5.10022315085026,19.16685601898114,-0.11393356033146478
1996.76,0.0,5.300000000000001,18.6094619624533,19.29755258072612,18.99573437296675,19.66009697121372,13.075026296016071,0.05,0.05,0.05,0.1599540218396258,1.0304597816037422,-4.980965541367859,-1.0234500000017803,-2.3845400000037187,-9.591799999999209,0.05,0.13,0.15,5.0889537603420525,19.14071147183997,-0.14536213567205147
1996.77,0.0,5.286493894841727,18.567679734668346,19.25898437046309,18.89717116896122,19.713663929912386,13.555867768595055,0.05,0.05,0.05,0.156366001300699,1.0386307469108398,-4.974094752113636,-0.7984500000005014,-1.9145400000010475,-9.691799999999777,0.05,0.13,0.15,5.083780360892448,19.10937480100126,-0.10354113946373791
1996.78,0.0,5.261574881634672,18.528996233116583,19.259019389694792,18.77470709354691,19.720905042521323,14.003110334498013,0.05,0.05,0.05,0.1523638000900365,1.0481359747861634,-4.9675911751463095,-0.5994100000000111,-1.478760000000401,-9.75994000000038,0.05,0.13,0.1516279069767218,5.079248549993425,19.0709069397199,-0.07170135260682153
1996.79,0.0,5.236655868427618,18.49580963981997,19.32753364682327,18.609844662331508,19.64596757378705,14.3925262106841,0.05,0.05,0.05,0.1483615988793739,1.057641202661487,-4.961087598178983,-0.5944100000000111,-1.2987600000004011,-9.58994000000038,0.05,0.13,0.16,5.074741986977721,19.01978888069045,-0.11446687632542529
1996.8,0.0,5.211736855220563,18.45185541645908,19.364720713217025,18.55396757107182,19.60467928678297,14.946103474131563,0.05,0.05,0.05,0.1443593976687113,1.0671464305368106,-4.954584021211656,-0.6006199999997692,-1.2019499999986545,-9.464189999999476,0.05,0.13,0.16,5.070260739168016,18.993805746882725,-0.14564980610892908
1996.81,0.0,5.186817842013507,18.38888284788067,19.34657607481308,18.69058602493685,19.622823925186925,15.785893526616588,0.05,0.05,0.05,0.1403571964580487,1.0766516584121342,-4.948080444244329,-0.6906199999995135,-1.726949999997162,-9.669189999998892,0.05,0.13,0.16,5.065804873746355,19.01221721820438,-0.09025775410449324
1996.82,0.0,5.161898828806453,18.34111235500015,19.31697161500037,18.73196249000096,19.6100868800005,16.58207999999748,0.05,0.05,0.05,0.1363549952473861,1.086156886287458,-4.941576867277003,-0.7723599999998417,-2.172890000001148,-9.873009999998455,0.05,0.13,0.16,5.061374457750165,19.000033335000495,-0.04049135665146757
1996.83,0.0,5.136979815599257,18.32078235500004,19.26668161500008,18.60142249000021,19.54160688000011,17.302080000001574,0.05,0.05,0.05,0.1323527940367008,1.0956621141628355,-4.93507329030964,-0.7923599999999554,-2.027890000000323,-10.068009999999566,0.05,0.13,0.16,5.056969558068222,18.93262333500011,-0.03277434322145758
1996.84,0.0,5.112060802392202,18.27744580304048,19.250455571711743,18.49977171844028,19.51518828155972,17.978363606066644,0.05,0.05,0.05,0.1283505928260382,1.1051673420381591,-4.928569713342313,-0.814719999999911,-1.872860000000513,-10.21463000000048,0.05,0.13,0.16,5.052590241436724,18.885715343688055,-0.03421458354151964
1996.85,0.0,5.0871417891851465,18.19258129543976,19.29571664243213,18.45026742233986,19.56469257766014,18.578263622729647,0.05,0.05,0.05,0.1243483916153756,1.1146725699134827,-4.922066136374986,-0.8547199999999109,-1.6428600000005125,-9.99963000000048,0.05,0.13,0.16,5.0482365744351005,18.875814484467973,-0.10410141545223896
1996.86,0.0,5.062222775978092,18.10771678783904,19.340977713152512,18.40076312623944,19.61419687376056,19.17816363939265,0.05,0.05,0.05,0.120346190404713,1.1241777977888066,-4.915562559407659,-0.8852800000001025,-1.4571099999996282,-9.830649999999553,0.05,0.13,0.16,5.043908623482051,18.865913625247888,-0.15925222923549878
1996.87,0.0,5.050000000000001,18.07095423797442,19.32329307341835,18.3654713316456,19.632299321519184,19.701764999999124,0.05,0.05,0.05,0.1163439891940504,1.1336830256641302,-4.909058982440333,-0.8452800000002163,-1.602109999999216,-10.005649999999054,0.05,0.13,0.16,5.0396064548314365,18.84800449113939,-0.1042575515891201
1996.88,0.0,5.050000000000001,18.13163271898706,19.17809813670953,18.358970065822813,19.5867904607597,20.091764999999125,0.05,0.05,0.05,0.1123417879833879,1.1431882535394535,-4.902555405473006,-0.8206199999992879,-1.8007999999952524,-10.166489999999564,0.05,0.13,0.1584308510638654,5.035330134568187,18.813872845569776,-0.05097442254002115
1996.89,0.0,5.050000000000001,18.150199209999947,19.09745309000004,18.30609071999988,19.571153860000035,20.59050187266092,0.05,0.05,0.05,0.1083395867727025,1.1526934814148313,-4.896051828505642,-0.9106199999997996,-2.400799999998663,-10.221489999999877,0.05,0.13,0.15,5.0310797286041655,18.781224219999974,-0.010484394023874827
1996.9,0.0,5.050000000000001,18.092419209999942,19.13383309000003,18.16913071999988,19.60967386000004,21.2796404494382,0.05,0.05,0.05,0.1043373855620399,1.1621987092901551,-4.889548251538315,-0.9634433608407282,-2.899902475619492,-10.2505251312832,0.05,0.13,0.15,5.02685530267413,18.751264219999975,0.028069104494917646
1996.91,0.0,5.050000000000001,18.014697259036105,19.16988311746989,18.143493674698856,19.64290207831326,21.82835417708823,0.05,0.05,0.05,0.1003351843513774,1.1717039371654787,-4.883044674570989,-0.7383870967748538,-2.644838709678168,-10.085483870968226,0.05,0.13,0.15,5.022656922331447,18.742744032379527,0.052147861848456024
1996.92,0.0,5.050000000000001,17.900821757028254,19.20533492469875,18.3196784136544,19.66653661646584,22.128504252126223,0.05,0.05,0.05,0.0963329831407148,1.1812091650408023,-4.876541097603663,-0.5417774999999477,-2.2973525000036124,-9.932297500000226,0.05,0.13,0.15,5.018484652944026,18.773092927961812,0.05885734854316771
1996.93,0.0,5.050000000000001,17.85659172636794,19.194230134328617,18.36486727860748,19.701317507462534,22.406836581709378,0.05,0.05,0.05,0.0923307819300522,1.190714392916126,-4.870037520636336,-0.5567774999999477,-1.2623525000036124,-9.867297500000229,0.05,0.13,0.15,5.014338559690115,18.779251661691642,-0.06364001781079046
1996.94,0.0,5.050000000000001,17.934313119402642,19.10160326865713,18.180678223881404,19.75561601492513,22.646716641679017,0.05,0.05,0.05,0.0883285807193896,1.2002196207914495,-4.863533943669009,-0.5936999999992346,-0.4139899999979334,-9.81059249999998,0.05,0.13,0.15,5.010218707554122,18.74305265671658,-0.17283679311035632
1996.9500000000005,0.0,5.050000000000001,17.937079183063567,19.057546938978813,18.04388890161895,19.77150157409716,23.05985503624329,0.05,0.05,0.05,0.0843263795087043,1.2097248486668273,-4.857030366701645,-0.7936999999998031,-0.953989999999468,-9.815592499999996,0.05,0.13,0.15,5.006125161322371,18.702504149439623,-0.1830928847404529
1996.96,0.0,5.050000000000001,17.802762869240656,19.102319043586448,17.993786784558022,19.7171354470736,23.77967508123045,0.05,0.05,0.05,0.0803241782980417,1.2192300765421509,-4.850526789734318,-0.9747399999998604,-1.58108749999555,-9.841329999999372,0.05,0.13,0.1513395297976797,5.00205798557899,18.654001036114682,-0.17478673489748242
1996.9700000000005,0.0,5.047471029989552,17.7004379739219,19.11080529588785,17.94950864593792,19.629964573721644,24.499430284857645,0.05,0.05,0.05,0.0823565311041708,1.233667880404191,-4.837746038258312,-1.0147399999998603,-2.85608749999555,-10.021329999999372,0.05,0.13,0.16,4.993246015172943,18.59767912236733,-0.028399438565027822
1996.98,0.0,5.042497637638633,17.65858240722176,19.05070499498509,17.916238836509606,19.48078704112371,25.2190704647686,0.05,0.05,0.05,0.0849207651674536,1.2485404379712308,-4.824412021129242,-1.0470367591898866,-3.9361440360103215,-10.16044261065325,0.05,0.1316331923889706,0.16,4.984076254555337,18.52657831996004,0.09411598678256089
1996.99,0.0,5.037524245287714,17.5945400500127,19.030973443360736,17.88413144286077,19.36415308827217,25.80942000000041,0.05,0.05,0.05,0.0874849992307363,1.263412995538271,-4.811078004000172,-1.0220305076270118,-3.5660515128797727,-9.995401350338277,0.05,0.14,0.16,4.974971113781432,18.468449506126593,0.03905289505114405
1997.0,0.0,5.032550852936795,17.489653828457374,19.085557089272186,17.85416395098782,19.30742890722695,26.16941999999939,0.05,0.05,0.05,0.090049233294019,1.2782855531053103,-4.797743986871102,-0.9976205948513874,-3.117460634846454,-9.836913271682633,0.05,0.14,0.16,4.965930948296845,18.434200943986085,-0.02338125344567361
