t_s,ICU_Brakpresr_bar,ICU_Speed_kmh,ICU_Speedfl_kmh,ICU_Speedfr_kmh,ICU_Speedrl_kmh,ICU_Speedrr_kmh,ICU_SteeringAngle_deg,SBG_GPS1_VELOCITY_ACC_D,SBG_GPS1_VELOCITY_ACC_E,SBG_GPS1_VELOCITY_ACC_N,GPS1_VEL_D_ms,GPS1_VEL_E_ms,GPS1_VEL_N_ms,IMU_ACCEL_X_ms2,IMU_ACCEL_Y_ms2,IMU_ACCEL_Z_ms2,SBG_VELOCITY_ACC_D,SBG_VELOCITY_ACC_E,SBG_VELOCITY_ACC_N,GPS1_VEL_MAG_ms,WHEEL_SPEED_kmh,IMU_ACCEL_LONG_ms2
2084.12,0.0,19.04386117893272,68.67284229442697,68.994329022745,69.01730848287833,69.75199171707133,-1.9887771942968853,0.07,0.07,0.07,0.2751837760054638,3.4473700641447897,-18.49479720006829,-0.1118748435542922,0.2003954943726531,-8.761719649562819,0.05,0.2,0.17,18.815355695319507,69.10911787928042,-0.23365142404385159
2084.13,0.0,19.00898151377753,68.60555892874852,68.91779580468243,69.13936684105695,69.67895019431919,-2.563549112717297,0.07,0.07,0.07,0.2742081900441465,3.421517036169882,-18.48260237555183,-0.1519249061325025,-1.0461627033741407,-8.531431789738111,0.05,0.2,0.17,18.79863185269189,69.08541794220177,-0.15233082796355885
2084.1400000000003,0.0,18.974101848622155,68.7153845391129,69.06920586945662,69.05513166417553,69.76851671150956,-3.703264183956686,0.07,0.07,0.07,0.2732326040828237,3.3956640081948275,-18.470407551035297,-0.1262471910111224,-2.114107365793169,-8.38343820224722,0.05,0.2,0.17,18.781936673672003,69.15205969606366,-0.05505612823192174
2084.15,0.0,18.93922218346697,68.80328971414251,69.20286334503506,69.01715717151411,69.84822574222665,-4.73574212893657,0.07,0.07,0.07,0.2722570181215064,3.36981098021992,-18.45821272651883,0.0535280898872998,-2.7632958801485827,-8.428382022471826,0.05,0.2,0.17,18.765270234764774,69.21788399322958,0.07962267403836515
2084.1600000000003,0.0,18.9043425183118,68.75928770812453,69.22969383650943,69.25755837512449,69.86861691574717,-5.125547226387228,0.07,0.07,0.07,0.2712814321601892,3.3439579522450127,-18.446017902002364,0.0686733416785099,-2.8281301627083555,-8.744996245303016,0.05,0.2,0.17,18.74863261261496,69.2787892088764,0.13936641817960507
2084.17,0.0,18.86946285315661,68.72086758241761,69.23253923076994,69.44765626373679,69.87931307692332,-5.48980509745117,0.07,0.07,0.07,0.2703058461988719,3.318104924270105,-18.433823077485897,-0.306795994992211,-1.5064780976274177,-9.70619774718006,0.05,0.2,0.17,18.73202388400694,69.32009403846192,0.021313152557901775
2084.1800000000003,0.0,18.83458318800143,68.71445399600402,69.09785391608467,69.34931460539516,69.83441797202822,-5.699700149924602,0.07,0.07,0.07,0.272941512533031,3.3224197195839085,-18.424116974933938,-0.5192334581779923,-0.2320998751609464,-10.469588014980015,0.05,0.2,0.17,18.72327578626114,69.24901012237802,-0.06701157048069199
2084.19,0.0,18.79970352284625,68.73170947499908,68.9952836449995,69.23606681500118,69.80456476999966,-5.88,0.07,0.07,0.07,0.2772263086481457,3.340511080958837,-18.415547382703707,-0.3494456928845559,0.931445692879367,-10.769213483144902,0.05,0.2,0.17,18.71812635155615,69.19190617624986,-0.0856382722778588
2084.2000000000003,0.0,18.76482385769087,68.88685947499995,69.07981364499997,69.03597681500005,69.86234476999998,-5.88,0.07,0.07,0.07,0.2815111047632848,3.358602442333869,-18.40697779047343,-0.1958598247808523,1.4739098873581973,-10.951797246558096,0.05,0.2,0.17,18.712997895760534,69.21624867624999,-0.06283652629551342
2084.21,0.0,18.729944192535687,69.01802596,69.11606310500017,68.89717801999986,69.93611377999989,-5.92099099099156,0.07,0.07,0.07,0.2857959008783994,3.3766938037087977,-18.3984081982432,-0.0807158948688256,0.542745932417459,-10.856678347935118,0.05,0.2,0.17,18.707890436127396,69.24184521624997,0.05826172225921525
2084.2200000000003,0.0,18.7,69.00946596000003,68.87103310500086,69.11545801999924,70.10303377999941,-6.221291291291102,0.07,0.07,0.07,0.2900806969935142,3.3947851650837264,-18.38983860601297,-0.0970536828950149,-0.8072933832611072,-10.625755305869976,0.05,0.2,0.17,18.70280398985793,69.27474771624989,0.15820958281820238
2084.23,0.0,18.7,68.96095403798263,68.68759497251274,69.30646029984989,70.23891958021015,-6.496628314156768,0.07,0.07,0.07,0.2943654931086288,3.412876526458655,-18.38126901378274,-0.4216479400736431,-3.1393782771444823,-10.07644194756768,0.05,0.2,0.17,18.697738574101287,69.29848222263885,0.208570747774116
2084.24,0.0,18.7,68.67968467266493,68.86298727636104,69.33854425787092,70.19400203898071,-6.6166883441719655,0.07,0.07,0.07,0.2986502892237436,3.430967887833584,-18.37269942155251,-0.9186683354158628,-3.963604505642407,-9.597969962454236,0.05,0.2,0.17,18.692694205954226,69.26880456146941,0.05495623041021808
2084.25,0.0,18.7,68.30535040780926,68.86453663748188,69.3215564723554,70.12991269452154,-6.73254245754245,0.07,0.07,0.07,0.3029350853388582,3.4490592492085126,-18.364129829322284,-1.8248010012478693,-1.210162703390453,-9.287581977473106,0.05,0.2,0.17,18.68767090246092,69.15533905304201,-0.5826275703078589
2084.26,0.0,18.7,67.38445973980477,67.84513208406295,69.01637758819112,69.95323018263696,-6.822452547452767,0.07,0.07,0.07,0.3072198814539973,3.4671506105835443,-18.355560237092003,-2.5539970059884003,1.0019910179652007,-9.117744510978236,0.05,0.2,0.17,18.682668680612615,68.54979989867395,-1.083236724624027
2084.27,0.0,18.7,66.70990379104344,67.05993752238705,68.73602704477636,69.79594668656725,-6.945386346586525,0.07,0.07,0.07,0.311504677569112,3.485241971958473,-18.346990644861776,-2.86836826347323,1.9451047904196912,-9.277425149700688,0.05,0.2,0.17,18.677687557347507,68.07545376119353,-1.2627113400414427
2084.28,0.0,18.7,67.4647595124353,67.63379821890355,68.5997484378114,69.75123026865687,-7.275468867216474,0.07,0.07,0.07,0.3157894736842268,3.503333333333402,-18.338421052631546,-2.818056112224945,1.792690380763014,-9.49789078156293,0.05,0.2,0.17,18.672727549550295,68.36238410945178,-1.1966019544517015
2084.29,0.0,18.7,68.10976130771174,68.106943578738,68.50130974294916,69.67956853506482,-7.56,0.07,0.07,0.07,0.3200742697993415,3.5214246947083305,-18.32985146040132,-1.8962124248522327,-0.9778507013951918,-9.863622244487974,0.05,0.2,0.17,18.66778867405204,68.59939579111594,-0.5435884308621269
2084.3,0.0,18.7,68.06276355378118,67.94565583229448,68.6412348739697,69.4381709807851,-7.56,0.07,0.07,0.07,0.3243590659144562,3.53951605608326,-18.321281868171088,-1.3052459425710086,-2.9364244694130024,-10.034891385768988,0.05,0.2,0.166445623342231,18.662870947629862,68.52195631020761,-0.1155509742100107
2084.31,0.0,18.7,68.01557480010094,67.79713606235903,68.7557274578832,69.1824505607267,-7.543624093976909,0.07,0.07,0.07,0.3286438620295709,3.557607417458188,-18.312712275940857,-1.4900149812726893,-2.991355805243232,-9.750247191012344,0.05,0.2,0.16,18.657974387006703,68.43772222026746,-0.21496576814783291
2084.32,0.0,18.7,67.96714633643487,67.73148858938949,68.70514661805419,68.83376562233103,-7.423654086478708,0.07,0.07,0.07,0.3329286581446856,3.575698778833117,-18.30414268371063,-1.5027065598413232,-2.024839759652858,-9.385195292941606,0.05,0.2,0.1634464751957738,18.65309900885105,68.3093867915524,-0.3749761566675472
2084.33,0.0,18.7,67.91497370508071,67.68858716232941,68.56208106567689,68.57039975216799,-7.315921019744968,0.07,0.07,0.07,0.3372134542598246,3.5937901402081485,-18.29557309148035,-1.1071131697543208,1.3652453680547465,-8.829361542313032,0.05,0.2,0.17,18.648244829776637,68.18401042131376,-0.6787605782045423
2084.34,0.0,18.7,67.84072339529142,67.77980897149911,67.873674622059,68.81012218091628,-7.285928517870503,0.07,0.07,0.07,0.3414982503749393,3.611881501583077,-18.28700349925012,-0.8141267164538808,3.550963623223488,-8.395266200915481,0.05,0.2,0.17,18.64341186634231,68.07608229244146,-0.8733442669839813
2084.3500000000004,0.0,18.7,67.7885700377355,67.8506138867927,67.33481735848878,69.0177698867925,-7.264057898677282,0.07,0.07,0.07,0.3457830464900541,3.629972862958006,-18.27843390701989,-0.7611274391713676,2.919790411949923,-8.245904601301127,0.05,0.2,0.17,18.638600135051608,67.99794279245236,-0.8125185624565335
2084.36,0.0,18.7,67.88762915723218,67.78170319496891,67.81934566037482,69.00592586163528,-7.294005490391743,0.07,0.07,0.07,0.3500678426051687,3.648064224332935,-18.26986431478966,-0.892262925432919,1.5360950896453935,-8.221951156143248,0.05,0.2,0.17,18.633809652352596,68.1236509685528,-0.7162998629699777
2084.37,0.0,18.7,67.95571286251017,67.67081846231142,68.25914964187223,68.94081708490108,-7.312072072072278,0.07,0.07,0.07,0.3543526387202835,3.666155585707864,-18.26129472255944,-1.6612938425530634,-2.454551831626707,-8.632447388930352,0.05,0.2,0.17,18.62904043463759,68.20662451289873,-0.49746971665897016
2084.38,0.0,18.7,67.83351902329139,67.3020931930898,68.42421851239585,68.54851054846182,-7.252012012012198,0.07,0.07,0.07,0.3586374348353982,3.684246947082793,-18.252725130329203,-2.1536354556812456,-4.722042446950958,-8.97085143570444,0.05,0.2,0.17,18.624292498242863,68.02708531930972,-0.375812227117833
2084.3900000000003,0.0,18.7,67.70747596617734,66.99269521014679,68.51947158418257,68.24243764735172,-7.2,0.07,0.07,0.07,0.3698543959098341,3.684693786817781,-18.228017116816524,-1.998828963795174,-2.959245942570849,-9.14063920099884,0.05,0.2,0.17,18.600386248348272,67.8655201019646,-0.4814316860550859
2084.4,0.0,18.7,67.5584583088783,67.0374005073365,68.19801920915178,68.45106236757037,-7.2,0.07,0.07,0.07,0.3843036567745501,3.676913415582935,-18.19578415027216,-1.9004080100125087,-0.5409211514400447,-9.148485607008832,0.05,0.2,0.17,18.567550791894973,67.81123509823423,-0.6986587180715154
2084.4100000000003,0.0,18.7,67.4208236372771,67.08659821150462,67.90173232856071,68.65338837980401,-7.21201499999986,0.07,0.07,0.07,0.3987529176392661,3.669133044348088,-18.16355118372779,-1.9354518147683435,3.429041301613748,-8.773016270339179,0.05,0.2,0.17,18.534727750640204,67.76563563928661,-1.180061251349903
2084.42,0.0,18.698671112880763,67.35739233860845,67.1650810047726,67.76949419743796,68.81465439336834,-7.30201499999986,0.07,0.07,0.07,0.413202178503982,3.6613526731132406,-18.131318217183424,-1.945043695381047,5.400863920114642,-8.738831460669982,0.05,0.2,0.17,18.501917190658958,67.77665548354685,-1.3934931537212254
2084.4300000000003,0.0,18.68871690224968,67.2987360299626,67.23070486891389,67.67406958801473,68.89598554307192,-7.388001998001902,0.07,0.07,0.07,0.427651439368698,3.6535723018783934,-18.09908525063906,-1.8951061173535653,2.6992409488279048,-9.502876404490443,0.05,0.2,0.17,18.469119178470518,67.77487400749078,-0.9801690395470622
2084.44,0.0,18.678762691618587,67.26881343320862,67.21894956304624,67.80017196004938,68.4963051435723,-7.447942057941943,0.07,0.07,0.07,0.4421007002334139,3.645791930643546,-18.066852284094693,-1.8064730913651112,0.0253466833673045,-10.179764705879988,0.05,0.2,0.17,18.43633378104199,67.69606002496914,-0.5699237296844532
2084.4500000000003,0.0,18.668808480987444,67.27066885017405,67.21092780487803,67.8931105923346,68.13378975609768,-7.523646353646973,0.07,0.07,0.07,0.4565499610982121,3.638011559408655,-18.034619317550145,-1.626247809762141,-2.582913642053464,-10.650352941176632,0.05,0.2,0.17,18.40356106579166,67.62712425087108,-0.16696595999151864
2084.46,0.0,18.65885427035636,67.46773206570415,67.2258406968641,67.78232910900955,67.99957372822313,-7.703466533467097,0.07,0.07,0.07,0.4709992219629281,3.630231188173808,-18.002386351005775,-1.4611136079900944,-3.6277852684161314,-10.79155056179815,0.05,0.2,0.17,18.37080110059326,67.61886889995023,0.018507565214335053
2084.4700000000003,0.0,18.648900059725268,67.62284532374113,67.21580808633111,67.68646336690647,67.90257052278163,-7.875540000000298,0.07,0.07,0.07,0.485448482827644,3.622450816938961,-17.970153384461412,-1.3312759051190115,-1.0160499375862757,-10.162337078653673,0.05,0.2,0.17,18.338053953778502,67.60692182494009,-0.30469240961822575
2084.48,0.0,18.63894584909418,67.49967985611532,67.04029729496433,67.68954250359712,68.05242184172636,-7.995539999999957,0.07,0.07,0.07,0.4998977436923599,3.614670445704114,-17.937920417917045,-1.177551939925963,1.3641902377880355,-9.70810513141447,0.05,0.2,0.17,18.305319694141392,67.57048537410078,-0.5693177317760928
2084.49,0.0,18.62899163846309,67.3739616853644,66.87357910253061,67.69191499086881,68.19419861727113,-8.088345000000254,0.07,0.07,0.07,0.5143470045570759,3.606890074469267,-17.90568745137268,-0.9672891113903594,3.196480600741155,-9.66805506883626,0.05,0.2,0.17,18.27259839094174,67.53341359900874,-0.6952966538286306
2084.5,0.0,18.619037427832005,67.19530267153768,66.88921176624045,67.67963218366822,68.16851638403354,-7.9983450000002545,0.07,0.07,0.07,0.5287962654217919,3.59910970323442,-17.87345448482831,-0.9890062421941692,3.748636704133198,-9.6714082396998,0.05,0.2,0.1664369034995477,18.239890113908842,67.48316575136997,-0.7594974274374252
2084.51,0.0,18.609083217200865,67.04449120999989,66.89007202000029,67.69956286499934,68.1230196450005,-7.916115971007171,0.07,0.07,0.07,0.5432455262865901,3.5913293319995288,-17.841221518283763,-1.553300873907915,1.306689138575483,-9.776277153558109,0.05,0.2,0.16,18.207194933244995,67.439286435,-0.6792054030958828
2084.52,0.0,18.59475576865444,67.0808712099999,66.79163202000028,67.93603286499933,67.94432964500051,-7.886123469132706,0.07,0.07,0.07,0.5576947871513059,3.583548960764681,-17.808988551739397,-1.951487230846272,-0.5973910866302412,-9.894616925388153,0.05,0.2,0.16,18.174512919630015,67.438216435,-0.5970216809290235
2084.53,0.0,18.534821696134244,67.11295548725636,66.68114926037039,68.11390385807162,67.7941813343327,-7.867736131933949,0.07,0.07,0.07,0.5721440480160219,3.5757685895298343,-17.77675558519503,-1.9564947421131675,-1.228337506259089,-10.04484226339502,0.05,0.2,0.16,18.1418441442239,67.42554748500777,-0.5103603036392201
2084.54,0.0,18.47488762361405,67.11616388305845,66.48971497751212,67.89787187406397,67.83589047975993,-7.927706146926528,0.07,0.07,0.07,0.5865933088807379,3.567988218294988,-17.744522618650663,-2.01992509363258,-0.9928464419518424,-10.037640449438912,0.05,0.2,0.16,18.1091886786714,67.33491030359862,-0.5572385959862081
2084.55,0.0,18.414953551093863,67.09093204097061,66.3213686884837,67.70382953784689,67.8914748738437,-8.003034241439762,0.07,0.07,0.07,0.6010425697454539,3.5602078470601404,-17.712289652106296,-2.2196754057419383,1.2643320848839037,-9.663108614233868,0.05,0.2,0.16,18.076546595105675,67.25190128528624,-0.9157094508207304
2084.56,0.0,18.35501947857368,66.87281562828034,66.30960750936805,67.65892321758713,68.04116260804291,-8.182989252686552,0.07,0.07,0.07,0.6154918306101698,3.5524274758252936,-17.68005668556193,-2.2810638297889025,2.809787234043404,-9.677021276589889,0.05,0.2,0.16,18.04391796615218,67.22062724081961,-1.0949214105309433
2084.57,0.0,18.295085406053484,66.69221844455534,66.29702175614666,67.60144678374424,68.11074745610016,-8.336177866600158,0.0696474720541493,0.0696474720541493,0.0696474720541493,0.6080053327864385,3.5372997641268173,-17.661180391754737,-2.01573216520826,2.674618272841944,-10.608185231533277,0.05,0.2,0.16,18.022193344210088,67.1753586101366,-0.8508413573720426
2084.58,0.0,18.235151333532954,66.76952903161043,66.27876786753642,67.45756319116946,67.62970380331282,-8.306200349737662,0.069134704132908,0.069134704132908,0.069134704132908,0.5905712234642344,3.518840118962131,-17.648361193723705,-1.8030337078652623,2.0137078651705087,-11.22404494382035,0.05,0.2,0.16,18.005434262381296,67.0338909734073,-0.6174857836797358
2084.59,0.0,18.175217261012765,66.83648,66.25447541223423,67.31141486702175,67.19290952127704,-8.274961679440178,0.0686219362116696,0.0686219362116696,0.0686219362116696,0.5731371141421294,3.500380473797549,-17.635541995692744,-1.713146067415796,0.1260674157317169,-11.104194756554394,0.05,0.2,0.16,17.988704541872735,66.89881995013326,-0.409153995414241
2084.6000000000004,0.0,18.11528318849257,66.83648,66.19115759308534,67.1506302925538,67.04208505319207,-8.234975008330592,0.0681091682904312,0.0681091682904312,0.0681091682904312,0.5557030048200244,3.481920828632968,-17.622722797661783,-1.5785106382982212,-0.8857446808525968,-10.881489361702805,0.05,0.2,0.163549415515387,17.97200426467962,66.8050882347078,-0.29243279691076157
2084.61,0.0,18.055349115972383,66.83648,66.12783977393646,66.98984571808586,66.89126058510708,-8.194988337221004,0.0675964003691929,0.0675964003691929,0.0675964003691929,0.5382688954979195,3.463461183468385,-17.609903599630826,-1.3382102628296435,0.1705757196446922,-10.415907384232431,0.05,0.2,0.17,17.955333512957743,66.71135651928235,-0.3920357641483702
2084.62,0.0,18.0,66.81733556000081,66.05672606000067,66.8541735199998,66.78653881999884,-8.167501875468693,0.0670836324479545,0.0670836324479545,0.0670836324479545,0.5208347861758145,3.445001538303804,-17.597084401599865,-1.0960537342881715,1.21170076410426,-10.109226029085075,0.05,0.2,0.17,17.938692369022768,66.62869349000003,-0.4653875263160936
2084.63,0.0,18.0,66.66539556000082,65.93153606000067,66.8926935199998,67.00160881999884,-8.227516879219591,0.0665708645267161,0.0665708645267161,0.0665708645267161,0.5034006768537095,3.426541893139222,-17.584265203568904,-0.8495661819098057,2.217369977807993,-10.17331279270345,0.05,0.2,0.17,17.922080915349618,66.62280849000004,-0.47748647665209804
2084.6400000000003,0.0,18.0,66.540548418686,65.84354031476396,66.95236075943048,67.16290564576563,-8.234842578710147,0.0660580966054748,0.0660580966054748,0.0660580966054748,0.4859665675315053,3.4080822479745354,-17.571446005537872,-0.7457418209477261,2.528600050727197,-10.312267309154503,0.05,0.2,0.17,17.905499234571774,66.62483878466152,-0.4539538536724289
2084.65,0.0,18.0,66.60363110666995,66.01354281289021,67.15871599300509,66.9512044216839,-7.875022488755693,0.0655453286842364,0.0655453286842364,0.0655453286842364,0.4685324582094003,3.3896226028099536,-17.558626807506915,-1.0247172203900536,0.976482373829884,-10.652110068475157,0.05,0.2,0.17,17.88894740948098,66.68177358356229,-0.33481312328596724
2084.6600000000003,0.0,18.0,66.65104524981369,66.14939956748715,67.30123342281938,66.76586,-7.5563454011742195,0.065032560762998,0.065032560762998,0.065032560762998,0.4510983488872954,3.371162957645372,-17.545807609475954,-1.3710845175758526,-0.1638519072547593,-10.765841436051527,0.05,0.2,0.17,17.872425523026063,66.71688456003005,-0.3153420451048167
2084.67,0.0,18.0,66.58827617201122,66.04513906537456,66.99483521252932,66.76586,-7.526991193737858,0.0645197928417597,0.0645197928417597,0.0645197928417597,0.4336642395651904,3.35270331248079,-17.532988411444993,-1.874699576163937,-0.3433582647713042,-10.351979556221716,0.05,0.2,0.17,17.855933658312626,66.59852761247878,-0.5284334887373185
2084.6800000000003,0.0,18.0,66.51498879959924,65.93395569060883,66.7444363535899,66.78796509291683,-7.497533197140066,0.0640070249205213,0.0640070249205213,0.0640070249205213,0.4162301302430854,3.3342436673162084,-17.520169213414036,-2.207846038114709,0.1015722166405053,-10.05409227683059,0.05,0.1965250134481219,0.1665250134481219,17.83947189860231,66.4953364841787,-0.7316579864045585
2084.69,0.0,18.0,66.35913746860977,65.76843082873037,66.93360762430814,66.98358538422772,-7.466889683350453,0.0634942569992829,0.0634942569992829,0.0634942569992829,0.3987960209209804,3.315784022151626,-17.507350015383075,-2.132620361083758,2.042394684039038,-10.034032096289002,0.05,0.19,0.16,17.823040327312064,66.511190326469,-0.911245369033984
2084.7000000000003,0.0,18.0,66.20114194097069,65.62283878939469,67.07240349174612,67.13953675837934,-7.425299999999626,0.0629814890780416,0.0629814890780416,0.0629814890780416,0.3813619115987763,3.29732437698694,-17.494530817352043,-2.087501248127756,3.198966550176153,-10.216532700947193,0.05,0.19,0.16,17.806639028013425,66.5089802451227,-0.9887386305818613
2084.71,0.0,18.0,66.02771522761422,65.62069771885943,66.84866162081093,67.0100019909958,-7.305299999999967,0.0624687211568032,0.0624687211568032,0.0624687211568032,0.3639278022766713,3.278864731822358,-17.481711619321082,-2.1124638042935304,2.5299700449333864,-10.870551672490496,0.05,0.19,0.16,17.79026808443212,66.3767691395701,-0.8285785220852163
2084.7200000000003,0.0,17.997701547130713,65.86418707938124,65.6065986020972,66.63548773839287,66.87852784822815,-7.1926591760300935,0.0619559532355648,0.0619559532355648,0.0619559532355648,0.3464936929545663,3.260405086657776,-17.468892421290125,-2.097234042553352,1.60574468085328,-11.413404255318742,0.05,0.19,0.16,17.773927580446838,66.24620031702486,-0.645205186562984
2084.73,0.0,17.968044090751917,65.77123650524236,65.50723764353494,66.4976644732904,66.7332258012984,-7.132734082397116,0.0614431853143264,0.0614431853143264,0.0614431853143264,0.3290595836324613,3.2419454414931943,-17.456073223259164,-1.987096370463587,0.0788360450633596,-11.693754693365417,0.05,0.19,0.16,17.757617600088828,66.12734110584152,-0.4070174241986824
2084.74,0.0,17.93838663437312,65.69406471235611,65.4144045022512,66.39475038519232,66.59996450225121,-7.083601800900398,0.0609304173930881,0.0609304173930881,0.0609304173930881,0.3116254743103563,3.2234857963286125,-17.443254025228207,-1.8785393258434024,-0.6993632958866673,-11.69374531835646,0.05,0.19,0.16,17.741338227541107,66.02579602551272,-0.2896432519030499
2084.75,0.0,17.908729177994324,65.73260398199088,65.36944202101064,66.54783692846377,66.55500202101064,-7.113616808404112,0.0604176494718497,0.0604176494718497,0.0604176494718497,0.2941913649882513,3.205026151164031,-17.430434827197246,-1.7736704119856914,0.2694257178464692,-11.039563046196456,0.05,0.19,0.16,17.725089547137685,66.05122123811898,-0.45416745644346646
2084.76,0.0,17.87907172161536,65.76867222111557,65.3364966633467,66.64100570717083,66.5179301294821,-7.140000000000001,0.06,0.06,0.06,0.2780024408103251,3.1885472296802364,-17.418638027825224,-1.5514357053684986,1.186217228464087,-10.694394506866256,0.05,0.19,0.16,17.710253231882287,66.06602618027881,-0.5271053051490249
2084.77,0.0,17.849414265236565,65.78678975099602,65.39084925298806,66.29890411354576,66.53817913346613,-7.140000000000001,0.06,0.06,0.06,0.2672628752745752,3.1807366365633274,-17.41131559677812,-1.052059925093686,1.980224719101039,-11.07891385767786,0.05,0.19,0.16,17.70148089302941,66.003680562749,-0.38377621276187573
2084.78,0.0,17.81975680885777,65.7876519540805,65.4400255902171,66.01996185175918,66.52982766658374,-7.11832625530803,0.06,0.06,0.06,0.2565233097388252,3.1729260434464184,-17.40399316573102,-0.8015718562871117,2.036556886229099,-11.17040918163728,0.05,0.19,0.16,17.692717202239795,65.94436676566013,-0.29166822267020753
2084.79,0.0,17.790099352478972,65.65306747691572,65.44857063638631,66.23679239830246,66.29697515847323,-6.938461154134082,0.06,0.06,0.06,0.2457837442030753,3.1651154503295094,-17.396670734683916,-1.1458832335314253,0.3299700598877182,-10.561626746509654,0.05,0.19,0.16,17.683962172370673,65.90885141751943,-0.32196998552191136
2084.8,0.0,17.760441896100176,65.53192079133069,65.42157380544467,66.39102184979964,66.09658848286267,-6.765723569107643,0.06,0.06,0.06,0.2350441786673253,3.1573048572126003,-17.389348303636815,-1.435320271287527,-0.8595327807088589,-10.00281085154791,0.05,0.19,0.16,17.67521581629204,65.86027623235941,-0.3800502650778074
2084.81,0.0,17.73078443972138,65.52005587197586,65.10553549899315,66.03615289818684,66.16022759576589,-6.645753561609783,0.06,0.06,0.06,0.2243046131315754,3.149494264095692,-17.38202587258971,-1.5910600351658524,-0.7891986937960667,-9.565734740018414,0.05,0.19,0.16,17.6664781468866,65.70549296623044,-0.5058108482210769
2084.82,0.0,17.701126983342583,65.49409334821483,64.84328124007887,65.72462102678575,66.23186630952324,-6.53289000000021,0.06,0.06,0.06,0.2135650475958254,3.1416836709787823,-17.37470344154261,-1.7463573028104262,-0.2853993530848516,-9.282430952972788,0.05,0.19,0.16,17.657749177049773,65.57346548115068,-0.6532244294027849
2084.83,0.0,17.7,65.36989691964301,64.95580108134907,65.71506745535716,66.3592472619046,-6.472889999999868,0.06,0.06,0.06,0.2028254820600144,3.133873077861829,-17.367381010495464,-1.90062453346579,1.2274147797935535,-9.357076387160866,0.05,0.19,0.16,17.64902891968956,65.60000317956346,-0.8510415784008283
2084.84,0.0,17.7,65.23540431392227,65.02683320669924,65.70433442139472,66.44620732816878,-6.42,0.06,0.06,0.06,0.1920859165242645,3.12606248474492,-17.360058579448364,-2.0187278180454347,2.103624093977723,-9.519097725567931,0.05,0.19,0.16,17.640317387726768,65.60319481754625,-0.9572943293215098
2084.8500000000004,0.0,17.7,65.01717887028303,64.76046979755137,65.68400950262439,66.20444776805867,-6.42,0.06,0.06,0.06,0.1813463509885146,3.118251891628011,-17.35273614840126,-2.0487203199199,1.4287928018022589,-9.894003998998745,0.05,0.19,0.16,17.631614594094618,65.41652648462937,-0.8404571893953972
2084.86,0.0,17.7,64.81581555220141,64.51234255597508,65.66097073207557,65.97918146415117,-6.412932368355521,0.06,0.06,0.06,0.1706067854527646,3.110441298511102,-17.34541371735416,-2.080195537728545,0.5436349962479794,-10.05950112810434,0.05,0.19,0.1631036446468573,17.62292055173897,65.24207757610081,-0.7339391549433426
2084.87,0.0,17.7,64.75228850817635,64.41328343647838,65.61574809056621,65.88873618113244,-6.353037184926597,0.06,0.06,0.06,0.1598672199170147,3.1026307053941924,-17.338091286307055,-2.115292053145899,-0.8552118325294013,-9.713549761847569,0.05,0.19,0.17,17.614235273618196,65.16751405408836,-0.6526238927255162
2084.88,0.0,17.7,64.69972121166776,64.34142887060514,65.5477566342571,65.80020460733026,-6.313750312733991,0.06,0.06,0.06,0.1491276543812647,3.094820112277284,-17.330768855259954,-2.10149111833977,-1.3986289717404472,-9.478886664998514,0.05,0.19,0.1665301724138517,17.605558772703173,65.09727783096507,-0.6269963725681394
2084.8900000000003,0.0,17.7,64.72639785090995,64.4662755422586,65.31513634006517,65.72551001745212,-6.433840380285452,0.06,0.06,0.06,0.1383880888454537,3.08700951916033,-17.32344642421281,-1.9713935451590228,0.0924893670235111,-9.50890918188638,0.05,0.19,0.16,17.596891061977182,65.05832993767146,-0.7338153740738005
2084.9,0.0,17.7,64.7489877841619,64.57837637771667,65.10044603047737,65.66816188858334,-6.550429570429821,0.06,0.06,0.06,0.1276485233097038,3.079198926043421,-17.316123993165707,-1.7209567824136145,1.359985011240982,-9.650397202098103,0.05,0.19,0.16,17.588232154436078,65.02399302023483,-0.7600999639444005
2084.9100000000003,0.0,17.7,64.74043419935052,64.59334515113659,65.0223945690735,65.74300575568294,-6.640339660339881,0.06,0.06,0.06,0.1169089577739538,3.071388332926512,-17.308801562118607,-1.1863577317021556,2.099430427178328,-10.055093679739487,0.05,0.19,0.16,17.579582063087972,65.02479491881088,-0.5962150607953615
2084.92,0.0,17.7,64.73151199799956,64.58883088272142,64.97656367091673,65.75964901725641,-6.699485128717473,0.06,0.06,0.06,0.1061693922382039,3.063577739809603,-17.301479131071503,-0.8396074018502029,1.8161590397669929,-10.356284071017612,0.05,0.19,0.16,17.57094080095337,65.01413889222354,-0.4047321271264249
2084.9300000000003,0.0,17.680995069475653,64.71973905476376,64.43364208552224,65.17991450862604,65.32619065266553,-6.519530117470683,0.06,0.06,0.06,0.0954298267024539,3.055767146692694,-17.294156700024402,-0.9396324081017028,-0.8995198799612254,-10.411297824455938,0.05,0.19,0.16,17.56230838106511,64.91487157539439,-0.14761063438238164
2084.94,0.0,17.661073758653416,64.71165561438549,64.31105124875047,65.31833064935284,64.93495852147892,-6.356594148537204,0.06,0.06,0.06,0.084690261166704,3.047956553575785,-17.286834268977298,-1.0351899050471245,-2.564027986010432,-10.279597701151806,0.05,0.19,0.16,17.553684816468305,64.81899900849193,-0.02655044668071689
2084.9500000000003,0.0,17.641152447831068,64.7319653046953,64.43932297702288,64.9570319480522,64.86868479520484,-6.326586646661583,0.06,0.06,0.06,0.073950695630893,3.0401459604588315,-17.279511837930155,-1.1201474262868536,-1.7344427786107244,-9.704885057471284,0.05,0.19,0.16,17.545070120220288,64.74925125624381,-0.228320370612572
2084.96,0.0,17.62123113700883,64.73208532000015,64.54463630000008,64.64973918999989,64.85693398999959,-6.306836581709265,0.06,0.06,0.06,0.063211130095143,3.0323353673419224,-17.27218940688305,-1.2167995018677822,-0.511160647575301,-9.282336239103463,0.05,0.19,0.16,17.536464305390744,64.69584869999991,-0.4519273263048188
2084.9700000000003,0.0,17.601309826186597,64.57372532000015,64.46973630000008,64.76636918999989,65.27316398999959,-6.366806596701674,0.06,0.06,0.06,0.0625164747814177,3.0274835252185825,-17.25669863329822,-1.341332503112876,1.6507322540395266,-9.22256039850582,0.05,0.19,0.16,17.52036565045278,64.77074869999993,-0.7275958348772316
2084.98,0.0,17.58138851536436,64.41403531000023,64.37258886000035,64.87429366999996,65.62204712000023,-6.416611694152958,0.06,0.06,0.06,0.0661063104182255,3.0238936895817745,-17.237723787789378,-1.4704616156540828,2.752147516314745,-9.385198193674276,0.05,0.19,0.16,17.501069238029125,64.82074124000019,-0.8608757150125257
2084.99,0.0,17.561467204542126,64.24390531000071,64.10080886000112,64.91388366999983,65.44228712000074,-6.386626686656754,0.06,0.06,0.06,0.0696961460550333,3.020303853944967,-17.218748942280538,-1.610953336677622,1.2318263923814456,-10.097691921722229,0.05,0.19,0.16,17.481773595954643,64.67522124000061,-0.6421392637253208
2085.0,0.0,17.54154589371989,64.09710888555699,63.86445313343302,64.93582739630261,65.27135929035548,-6.35664167916054,0.06,0.06,0.06,0.0732859816918412,3.016714018308159,-17.199774096771694,-1.7777991506356776,-0.2497426929721387,-10.619160629527476,0.05,0.19,0.16,17.462478726782976,64.54218717641203,-0.46519208112124977
2085.01,0.0,17.52162458289754,64.13347070464769,63.906162278860585,64.81925568215887,65.16976008995498,-6.32665667166408,0.06,0.06,0.06,0.0768758173286694,3.013124182671331,-17.180799251262748,-2.0076267799148075,-1.63870097426775,-10.68411191606288,0.05,0.19,0.16,17.443184633078882,64.50716218890554,-0.3881141677452089
2085.02,0.0,17.501703272075307,64.14490783999977,63.93984447999996,64.7250875200001,65.08049872000001,-6.313316670832751,0.06,0.06,0.06,0.0804656529654772,3.009534347034523,-17.161824405753904,-2.2008174999998125,-2.0403375000035253,-10.603795000000767,0.05,0.19,0.16,17.42389131741868,64.47258463999995,-0.42338285136130416
2085.03,0.0,17.5,63.9587278400003,63.909884480000045,64.80854751999986,65.08905871999998,-6.433286678330611,0.06,0.06,0.06,0.0840554886022851,3.0059445113977152,-17.142849560245065,-2.3058174999998124,-0.0653375000035252,-10.173795000000768,0.05,0.19,0.16,17.404598782389687,64.44155464000005,-0.7290872105321459
2085.04,0.0,17.5,63.78405948538632,63.88771075693213,64.86721222583121,65.10875476892285,-6.5433141714571175,0.06,0.06,0.06,0.0876453242390929,3.002354675760907,-17.12387471473622,-2.201099175619544,1.5514264301758105,-9.908126405195835,0.05,0.19,0.16,17.385307030590713,64.41193430926812,-0.9022436398702792
2085.05,0.0,17.5,63.700662033475325,63.92727108668478,64.72928567074766,65.21674377716656,-6.573306673331583,0.06,0.06,0.06,0.0912351598759007,2.998764840124099,-17.10489986922738,-1.591556332752273,2.3058606045443177,-10.03802897826591,0.05,0.19,0.16,17.36601606463201,64.39349064201858,-0.7563366537821279
2085.06,0.0,17.5,63.62021354500034,63.93597536000145,64.59075651000087,65.2523819150033,-6.590183440754006,0.06,0.06,0.06,0.0948249955127085,2.995175004487292,-17.085925023718538,-1.1891999999995486,2.057440000012096,-10.280379999997676,0.05,0.19,0.16,17.346725887135324,64.3498318325015,-0.5587087083283951
2085.07,0.0,17.5,63.56350354500034,63.69629536000145,64.44737651000086,64.7056119150033,-6.500941993059272,0.06,0.06,0.06,0.0984148311495164,2.9915851688504835,-17.066950178209698,-1.2891999999992645,-0.6225599999802873,-10.795379999996213,0.05,0.19,0.16,17.327436500733985,64.1031968325015,-0.23567514906821016
2085.08,0.0,17.5,63.51105151136648,63.47022204346745,64.28392349737712,64.23107463902069,-6.41720440881752,0.06,0.06,0.06,0.1020046667863446,2.9879953332136555,-17.047975332700748,-1.3993806193801102,-2.5214585414585224,-10.939760239763087,0.05,0.1867863151991193,0.16,17.30814790807283,63.87406792280794,-0.05337129923020237
2085.09,0.0,17.5,63.49287514364229,63.35367945041236,63.95888727454455,64.33799444916298,-6.387144288577106,0.06,0.06,0.06,0.1055945024231524,2.9844054975768475,-17.029000487191908,-1.5342457542452022,-2.526453546453526,-10.185514485517574,0.05,0.18,0.16,17.288860111808734,63.78585907944054,-0.21228879964737452
2085.1000000000004,0.0,17.5,63.47476079644566,63.25974309034041,63.67680327793303,64.44354693105127,-6.358060000000008,0.06,0.06,0.06,0.1091843380599603,2.98081566194004,-17.010025641683065,-1.519329651018399,-1.8033617876076449,-9.584471503892471,0.05,0.18,0.16,17.269573114609983,63.71371352394259,-0.37343041196518834
2085.11,0.0,17.5,63.45715342438711,63.35059713016253,63.74582417640254,64.53792244528512,-6.338060000000008,0.06,0.06,0.06,0.1127741736967681,2.977225826303232,-16.991050796174225,-1.1377077579727095,0.7022872206791839,-9.358511172483842,0.05,0.18,0.16,17.250286919156814,63.77287429405933,-0.5400172637639955
2085.12,0.0,17.5,63.43954605232856,63.44145116998466,63.81484507487207,64.63229795951895,-6.318060000000008,0.06,0.06,0.06,0.1163640093335759,2.9736359906664243,-16.97207595066538,-0.9237972465574807,2.182047559453016,-9.327021276594053,0.05,0.18,0.16,17.231001528141338,63.83203506417606,-0.6268183857444323
2085.13,0.0,17.46627558662019,63.414417632167705,63.51331813849721,63.891282293371766,64.68864023827578,-6.285453636590942,0.06,0.06,0.06,0.1199538449703837,2.970046155029616,-16.95310110515654,-1.104022528158914,1.250883604512278,-9.752553191486326,0.05,0.18,0.16,17.211716944267625,63.87691457557812,-0.5261163604270521
2085.1400000000003,0.0,17.431328007987965,63.29012872673125,63.33485201787051,64.06549922065022,64.24353723504609,-6.135491127217764,0.06,0.06,0.06,0.123543680607212,2.966456319392788,-16.93412625964759,-1.360771535578975,-0.0087640449366066,-9.950794007491814,0.05,0.18,0.16,17.192433170251658,63.73350430007452,-0.4513535101083919
2085.15,0.0,17.39638042935594,63.17636199496226,63.163844342569234,64.21178778841289,63.84044550125965,-6.0,0.06,0.06,0.06,0.1271335162440198,2.96286648375598,-16.91515141413875,-1.7952284644180618,-2.0312359550495973,-9.621205992510436,0.05,0.18,0.16,17.17315020882183,63.598109906801014,-0.43682814591927704
2085.1600000000003,0.0,17.36143285072391,63.239969047858864,63.11856474559199,63.887284010075966,64.14554373803489,-6.0,0.06,0.06,0.06,0.1310554761904909,2.960671666666676,-16.89692952380948,-2.056663329161906,-2.9060500625839247,-9.315281602003289,0.05,0.18,0.16,17.154852945689356,63.59784038539043,-0.47995496450121145
2085.17,0.0,17.326485272091887,63.28866769845278,63.0750587319022,63.57770338492297,64.41433975037508,-5.994209999999964,0.06,0.06,0.06,0.1362935714285805,2.9640050000000056,-16.8816914285714,-1.911481852315894,-1.0837722152753586,-9.064968710889472,0.05,0.18,0.16,17.14046111010841,63.588942391413255,-0.6585692410880974
2085.1800000000003,0.0,17.291537693459862,63.14229725411956,63.054759181228256,63.46338486270651,64.2081390514239,-5.934210000000134,0.06,0.06,0.06,0.14153166666667,2.9673383333333354,-16.86645333333332,-1.7874531835209304,0.7145892634130189,-9.130499375776743,0.05,0.18,0.16,17.126072989528268,63.46714508736956,-0.7940008031487071
2085.19,0.0,17.256590114827837,62.99515709235855,63.01961073438052,63.35930337067438,64.02001731640486,-5.88868717179251,0.06,0.06,0.06,0.1467697619047596,2.9706716666666653,-16.851215238095243,-1.7125468164799214,2.457410736567168,-9.929500624214176,0.05,0.18,0.16,17.111688593320036,63.348522128454576,-0.8291509118724667
2085.2000000000003,0.0,17.221642536195613,62.83746727408542,62.78094506348063,63.395529410007406,64.07968373412984,-5.978709677419372,0.06,0.06,0.06,0.1520078571428789,2.9740050000000138,-16.83597714285708,-1.676438047559277,2.8371764705970697,-10.515404255318884,0.05,0.18,0.16,17.097307930883865,63.273406370425825,-0.7678444368924277
2085.21,0.0,17.18669495756359,62.69005466499369,62.57021949811738,63.43209228105385,64.1138168030122,-6.057090000000012,0.06,0.06,0.06,0.1572459523809685,2.977338333333344,-16.820739047619,-1.731506883604316,0.0136470588332473,-10.60051063829758,0.05,0.18,0.16,17.082931011649347,63.201545811794276,-0.4798569117636601
2085.2200000000003,0.0,17.151747378931564,62.70509105144286,62.80113543287249,63.47397935759082,63.74435130740401,-6.027090000000012,0.06,0.06,0.06,0.1624840476190581,2.980671666666673,-16.80550095238092,-1.6663105341998654,-2.44087868197164,-10.448112830756246,0.05,0.18,0.16,17.068557845075144,63.18113928732755,-0.22579586736367208
2085.23,0.0,17.150000000000002,62.72349637227893,63.00517273455162,63.500648321241705,63.400213950462806,-6.0,0.06,0.06,0.06,0.1677221428571477,2.984005000000004,-16.790262857142842,-1.3218272591121718,-4.038482276581233,-9.744168746881394,0.05,0.18,0.16,17.054188440649416,63.157382844633766,-0.050520902797003914
2085.24,0.0,17.150000000000002,62.788815361520925,62.83491504128151,63.315399384539,63.40878037528143,-6.0,0.06,0.06,0.06,0.1729602380952372,2.9873383333333328,-16.775024761904763,-1.1008913370053643,-4.085588382581271,-9.258953430145157,0.05,0.18,0.16,17.039822807889838,63.08697754065572,-0.04485982286145665
2085.25,0.0,17.150000000000002,62.83397217023453,62.68077096565439,63.14626943255338,63.43675286211971,-6.0,0.06,0.06,0.06,0.1781983333333268,2.9906716666666626,-16.759786666666685,-1.170996494741903,-0.4801802704164251,-9.28899849774653,0.05,0.18,0.16,17.025460956343707,63.0244413576405,-0.43875896779858226
2085.26,0.0,17.150000000000002,62.60495275759077,62.74574856645099,63.19633414136388,63.7286194624192,-6.0,0.06,0.06,0.06,0.1834364285714461,2.994005000000011,-16.74454857142852,-1.2094834040428677,2.2112702770161583,-9.39563513850808,0.05,0.18,0.16,17.011102895587957,63.068913731956215,-0.7154121897890877
2085.27,0.0,17.150000000000002,62.386696506746745,62.78751551224468,63.23953837581225,63.98053021989099,-6.002907092907081,0.06,0.06,0.06,0.1886745238095357,2.997338333333341,-16.72931047619044,-1.1745445470426623,2.780274519590931,-9.680137259795464,0.05,0.18,0.16,16.996748635229604,63.09857015367367,-0.7197899960283048
2085.28,0.0,17.150000000000002,62.33857056971534,62.46239807096583,63.17430099450301,63.60087004997655,-6.032877122877101,0.06,0.06,0.06,0.1939126190476253,3.000671666666671,-16.714072380952363,-1.2468812625246697,2.1769063126291925,-9.842737975952051,0.05,0.18,0.16,16.982398184905353,62.89403492129018,-0.6567339037318825
2085.29,0.0,17.150000000000002,62.29451629703952,62.16578504264837,63.10496532865103,63.23695007024647,-6.054298574643727,0.06,0.06,0.06,0.1991507142857148,3.0040050000000007,-16.698834285714284,-1.5725325651291602,-1.194837174337304,-9.717487474950325,0.05,0.18,0.16,16.968051554282017,62.70055418464636,-0.4344431434643615
2085.3,0.0,17.150000000000002,62.315991460110254,62.32792252383246,62.96967180130536,63.12635298043216,-5.994283570892827,0.06,0.06,0.06,0.2043888095238044,3.00733833333333,-16.683596190476205,-1.807526210683837,-3.4988217673499094,-9.512591113332146,0.05,0.18,0.16,16.953708753056567,62.68498469142006,-0.30479069708313994
2085.31,0.0,17.150000000000002,62.326687355290304,62.47398428143764,62.84834599301349,63.0272666516962,-5.945729999999863,0.06,0.06,0.06,0.209626904761894,3.01067166666666,-16.668358095238126,-1.832488766849541,-3.3290763854231216,-9.123175237147162,0.05,0.18,0.16,16.93936979095621,62.66907107035941,-0.3897580259957577
2085.32,0.0,17.150000000000002,62.18359354291515,62.39069086826404,62.926300084829805,63.09240637225504,-6.005729999999863,0.06,0.06,0.06,0.2148649999999835,3.01400499999999,-16.653120000000047,-1.8470105157737424,-2.323617926914543,-8.954631947919026,0.05,0.18,0.16,16.92503467773852,62.648247717066,-0.5246930499140171
2085.33,0.0,17.121385812630887,62.04559733232867,62.29936230595366,62.9966829992465,63.16259831198165,-6.065730000000188,0.06,0.06,0.06,0.2201030952381029,3.0173383333333383,-16.637881904761883,-1.8369954932398656,0.6458362543798897,-9.30515773660471,0.05,0.18,0.16,16.910703423191453,62.626060237377615,-0.7770563420009375
2085.34,0.0,17.09145465429509,61.98539135393132,62.085416061291646,62.95152851544849,63.30988793770374,-6.125730000000017,0.06,0.06,0.06,0.2253411904761924,3.020671666666668,-16.622643809523804,-1.7486705202312882,2.5253901734105826,-9.677803468207976,0.05,0.18,0.16,16.896376037133763,62.58305596709379,-0.8864422180987829
2085.3500000000004,0.0,17.061523495959293,61.92840092108544,61.88476878765256,62.89520678615944,63.42750528254999,-6.168540000000274,0.06,0.06,0.06,0.230579285714282,3.024004999999998,-16.607405714285726,-1.4789210019277843,1.8799181117557693,-10.101695568399196,0.05,0.18,0.16,16.882052529414654,62.533970444361856,-0.6645852249859953
2085.36,0.0,17.031592337623497,61.91348431665427,61.85813199402549,62.69276715459373,63.15687545929897,-6.0485400000002745,0.06,0.06,0.06,0.2358173809523716,3.0273383333333275,-16.592167619047647,-1.260623700623959,0.6767775467969043,-10.296387733891413,0.05,0.18,0.16,16.86773290991418,62.40531473114312,-0.4367053114066064
2085.37,0.0,17.001661179287698,61.905127347858354,61.83202113198104,62.49159131981046,62.895321908340144,-5.948594999999795,0.06,0.06,0.06,0.2412726650701158,3.0283031132398457,-16.576818337324713,-1.2190436590438858,-2.441725571708573,-9.703872141375372,0.05,0.18,0.16,16.852885166440583,62.2810154269975,-0.18813913662299392
2085.38,0.0,16.971730020951902,61.99516491359826,61.81379924367654,62.309372436765415,62.76991244177385,-6.038594999999795,0.06,0.06,0.06,0.2475886207531559,3.019881838995792,-16.561028448117113,-1.2532359550549874,-3.927415730350136,-9.222247191012514,0.05,0.18,0.16,16.835933288830986,62.222062258953514,-0.11802259044075716
2085.3900000000003,0.0,16.941798862615936,62.06784524320309,61.79367969568479,62.14862183586904,62.65672584185572,-6.131457135716453,0.06,0.06,0.06,0.2539045764362319,3.0114605647516908,-16.54523855890942,-1.4629737827710056,-1.630287141079461,-8.997528089888208,0.05,0.18,0.16,16.81898573749954,62.16671815415315,-0.461329147348281
2085.4,0.0,16.911867704280137,61.89489438263936,61.74670538787736,62.29167995510077,62.71651132451972,-6.251427143214314,0.06,0.06,0.06,0.260220532119272,3.0030392905076377,-16.52944866970182,-1.571071607411713,0.5474561842677226,-8.871442163244385,0.05,0.18,0.16,16.802042525537672,62.162447762534306,-0.7431618621607943
2085.4100000000003,0.0,16.881936545944342,61.72593701649196,61.69064947526272,62.41817889055495,62.77058106446783,-6.371397150712206,0.06,0.06,0.06,0.2665364878023121,2.9946180162635843,-16.51365878049422,-1.440876314472427,2.445302954421162,-8.976599899849194,0.05,0.18,0.16,16.78510366608602,62.15133661169436,-0.8808702849729129
2085.42,0.0,16.852005387608543,61.61792102448812,61.49600679660236,62.291981989005926,62.73742764117952,-6.491367158210408,0.06,0.06,0.06,0.2728524434853522,2.986196742019531,-16.497868891286622,-1.374129837702385,2.9661747815393067,-9.169141073655526,0.05,0.18,0.16,16.768169172335032,62.03583436281898,-0.883478726214704
2085.4300000000003,0.0,16.85,61.52077724499964,61.31294579500001,62.17147795000016,62.69974176500053,-6.591495000000003,0.06,0.06,0.06,0.2791683991683923,2.9777754677754773,-16.482079002079022,-1.4540299625463549,0.3045018726745554,-9.563647940072627,0.05,0.18,0.16,16.751239057525087,61.92623568875009,-0.5738362166655829
2085.44,0.0,16.85,61.592467244999646,61.309735795000016,62.13937795000016,62.59167176500053,-6.501495000000259,0.06,0.06,0.06,0.2854843548514323,2.969354193531424,-16.466289112871422,-1.5040025031290245,-1.9708285356618327,-9.772528160201524,0.05,0.18,0.16,16.734313334946716,61.908313188750085,-0.322409214195482
2085.4500000000003,0.0,16.85,61.65910791499999,61.307108410000005,62.10650112999997,62.47932925499989,-6.431340000000029,0.06,0.06,0.06,0.2918003105345084,2.9609329192873224,-16.45049922366373,-1.483977471839805,-3.3425431789733304,-9.547246558197813,0.05,0.18,0.16,16.71739201794073,61.88801167749997,-0.2071423543288464
2085.46,0.0,16.85,61.64733791500002,61.31352840999999,62.0615611300001,62.3006392550004,-6.551340000000029,0.06,0.06,0.06,0.2981162662175485,2.952511645043269,-16.43470933445613,-1.5363570536826188,-3.194551810241827,-9.310069912609574,0.05,0.18,0.16,16.700475119898808,61.83076667750013,-0.27601512211938856
2085.4700000000003,0.0,16.85,61.623391290646346,61.32480615807862,62.0212830215106,62.14577824412103,-6.662832875343497,0.06,0.06,0.06,0.3044322219005885,2.9440903707992154,-16.41891944524853,-1.756082397002913,0.4658726591621587,-9.045400749064672,0.05,0.18,0.16,16.683562654263156,61.77881467858915,-0.7704821286667435
2085.48,0.0,16.85,61.41035477238688,61.4115195147571,62.05339907953967,62.36095583291576,-6.692810392205821,0.06,0.06,0.06,0.3107481775836286,2.935669096555162,-16.40312955604093,-1.7855519399272552,3.1334568210243305,-9.035426783476035,0.05,0.18,0.16,16.666654634527113,61.80905729989985,-1.0592731181418082
2085.49,0.0,16.85,61.20545982412075,61.47253021105588,62.07084194974912,62.54405133165885,-6.725575818136293,0.06,0.06,0.06,0.3170641332666687,2.9272478223111085,-16.38733966683333,-1.370032540678324,3.478888610761394,-9.621158948682362,0.05,0.18,0.16,16.649751074235265,61.82322082914615,-0.8670088489759474
2085.5,0.0,16.85,61.12480655778919,61.14131413065428,61.86436958794033,62.23756891959893,-6.785530851860942,0.06,0.06,0.06,0.3233800889497088,2.918826548067055,-16.37154977762573,-1.1463570536815582,2.543670412008741,-9.969675405744038,0.05,0.18,0.16,16.632851986983688,61.59201479899568,-0.6419028162437337
2085.51,0.0,16.85,61.05968176557882,60.83718526706238,61.66925473293762,61.948989352126524,-6.837253626813347,0.06,0.06,0.06,0.3296960446327848,2.9104052738229536,-16.35575988841804,-1.3660823970037248,-1.351460674156939,-9.769925093632978,0.05,0.18,0.16,16.61595738642006,61.378777779426336,-0.34089098559594416
2085.52,0.0,16.85,61.196209955489714,60.88481137982199,61.62162862017801,61.89289637487632,-6.807238619309633,0.06,0.06,0.06,0.3360120003158249,2.9019839995789,-16.33996999921044,-1.4960160160160667,-3.9390940940943913,-9.719939939939753,0.05,0.18,0.16,16.59906728624429,61.39888658259151,-0.123018422923057
2085.53,0.0,16.818560059686664,61.32608713527181,60.93216913780025,61.5859486068268,61.836901618204806,-6.782772920309753,0.06,0.06,0.06,0.342327955998865,2.8935627253348466,-16.32418011000284,-1.415935935936189,-3.4686236236251093,-10.020240240239293,0.05,0.18,0.16,16.582181700208146,61.42027662452591,-0.09960014143609991
2085.54,0.0,16.783742850037356,61.32825148419722,60.97437394184564,61.779657835650525,61.78279289506968,-6.8127504371720775,0.06,0.06,0.06,0.3486439116819051,2.885141451090793,-16.30839022079524,-1.364517982017907,-2.0812862138038364,-10.010124875128536,0.05,0.18,0.16,16.565300642115886,61.46626903919076,-0.2281242059691167
2085.55,0.0,16.748925640388048,61.318149906081,61.0133115076619,61.95363152743494,61.74849829955391,-6.845462731365538,0.06,0.06,0.06,0.3549598673649452,2.87672017684674,-16.29260033158764,-1.3795029970029171,1.4302022976835589,-9.280854145858038,0.05,0.18,0.16,16.548424125824383,61.50839781018294,-0.7086606376577973
2085.56,0.0,16.71410843073874,61.14995415719311,61.01013800296591,61.873236075136326,61.969585793375096,-6.905492746372966,0.06,0.06,0.06,0.3602071847996118,2.8710359239980594,-16.277099412805434,-1.3720075093870732,3.749058823532072,-9.03838798497616,0.05,0.18,0.16,16.53228846189237,61.500728507167615,-0.9839611269228388
2085.57,0.0,16.679291221089432,60.98811769633525,61.00262338568976,61.79165595113484,62.168441605585656,-6.94897102897161,0.06,0.06,0.06,0.3612328521244141,2.8761642606220708,-16.262740070258204,-1.3119324155197578,3.278470588238102,-9.934508135163616,0.05,0.18,0.16,16.519065488710776,61.487709659686374,-0.7792356473345615
2085.58,0.0,16.644474011439925,60.94970333582648,60.910855746696605,61.68708352530544,61.93582131139373,-6.829090909090847,0.06,0.06,0.06,0.3622585194492221,2.881292597246111,-16.24838072771089,-1.3061947565541558,1.7872434456977475,-10.338307116105796,0.05,0.18,0.16,16.505846071574325,61.370865979805565,-0.5611352259442433
2085.59,0.0,16.609656801790617,60.91163823529417,60.81094808823581,61.57719397058865,61.70737205882378,-6.722700000000007,0.06,0.06,0.06,0.3632841867740244,2.8864209338701223,-16.234021385163658,-1.4260449438197704,-2.062943820210128,-9.604224719103906,0.05,0.18,0.16,16.492630219034037,61.25178808823561,-0.31212185959801936
2085.6000000000004,0.0,16.57483959214131,60.88125283975669,60.53205356490958,61.35038869675527,61.57063777890509,-6.752700000000007,0.06,0.06,0.06,0.3643098540988266,2.891549270494133,-16.219662042616427,-1.596963704629147,-4.271204005015484,-9.122986232790366,0.05,0.18,0.16,16.479417939665854,61.08358322008166,-0.21272681543028082
2085.61,0.0,16.540022382492,60.843022081433816,60.28132366449463,61.1421424983712,61.44537457328981,-6.78,0.06,0.06,0.06,0.3653355214236288,2.8966776071181446,-16.205302700069197,-1.8873266583211712,-2.6391639549534167,-9.233123904880443,0.05,0.18,0.16,16.466209242070974,60.927965704397366,-0.4632737902568865
2085.62,0.0,16.505205172842693,60.70291133224813,60.3963399511396,61.17490471335492,61.4690748990227,-6.78,0.06,0.06,0.06,0.3663611887484311,2.901805943742156,-16.190943357521967,-2.023906988312782,-0.5476597861432679,-9.422658542648668,0.05,0.18,0.16,16.45300413487589,60.93580772394134,-0.6979384449254661
2085.63,0.0,16.5,60.56280058306244,60.51135623778456,61.20766692833863,61.4927752247556,-6.78,0.06,0.06,0.06,0.3673868560732333,2.906934280366167,-16.176584014974733,-1.80505595623142,2.6057846306654566,-9.795700074605536,0.05,0.18,0.16,16.439802626732455,60.94364974348531,-0.8958949556515717
2085.6400000000003,0.0,16.5,60.42282033576632,60.62583291970756,61.24016287591213,61.51646186861316,-6.774781304673716,0.06,0.06,0.06,0.3684125233980414,2.912062616990207,-16.16222467242742,-1.5974774774778973,4.193681181186344,-10.086261261261052,0.05,0.18,0.16,16.426604726317915,60.95131949999979,-0.9473281225873248
2085.65,0.0,16.5,60.369710846715314,60.38111272506075,61.09541348418488,61.53104094403893,-6.714796300924786,0.06,0.06,0.06,0.3694381907228437,2.9171909536142184,-16.14786532988019,-1.4172972972976594,1.9764639639684205,-10.17635135135117,0.05,0.18,0.16,16.413410442335252,60.84431949999997,-0.6426316528925224
2085.6600000000003,0.0,16.5,60.316601357664304,60.13639253041395,60.950664092457615,61.5456200194647,-6.649625187406561,0.06,0.06,0.06,0.3704638580476459,2.92231929023823,-16.133505987332956,-1.27086509528601,-0.327429789362224,-10.24735957873615,0.05,0.18,0.16,16.400219783512853,60.73731950000014,-0.3431433022308241
2085.67,0.0,16.5,60.43718379550711,60.1965175058093,61.05379222308265,61.48782599535256,-6.529685157421402,0.06,0.06,0.06,0.3714895253724481,2.9274476268622407,-16.119146644785726,-1.2056695085258526,-2.839967402195984,-10.272434804413134,0.05,0.18,0.16,16.38703275860489,60.7938298799379,-0.05619170147345097
2085.6800000000003,0.0,16.5,60.5652943679602,60.27372137672074,61.16874222778498,61.42410663329224,-6.422564358910273,0.06,0.06,0.06,0.3725151926972503,2.932575963486252,-16.104787302238496,-1.1944942413613702,-3.776637456200338,-10.137025538310446,0.05,0.1764445628998417,0.16,16.373849376391306,60.85796615143954,0.02446687363668012
2085.69,0.0,16.5,60.4667311639555,60.33585904881066,61.0669650062584,61.17876996245447,-6.452556860784738,0.06,0.06,0.06,0.3735408600220526,2.9377043001102634,-16.090427959691265,-1.3096670004999695,-1.0275137706746436,-9.626259389087092,0.05,0.17,0.16,16.360669645677916,60.762081295369754,-0.37737293011703593
2085.7000000000003,0.0,16.5,60.36924264705886,60.39638078431393,60.964663553922016,60.93907009803857,-6.48,0.06,0.06,0.06,0.3745665273468607,2.942832636734304,-16.07606861714395,-1.319283760259122,1.3308480477463267,-9.379835861725194,0.05,0.17,0.16,16.347493575296426,60.667339270833345,-0.6631268559255049
2085.71,0.0,16.5,60.35665441176475,60.32924352941202,60.8209478676476,61.144677941175686,-6.48,0.06,0.06,0.06,0.3755921946716629,2.9479609733583145,-16.06170927459672,-1.0855110668994843,2.788196965924491,-9.742929619496543,0.05,0.17,0.16,16.334321174104794,60.662880937500006,-0.6812116912553947
2085.7200000000003,0.0,16.5,60.34406617647064,60.26210627451011,60.67723218137319,61.3502857843128,-6.485068732816949,0.06,0.06,0.06,0.3766178619964651,2.953089309982326,-16.04734993204949,-1.0227393817530128,3.1243076149867424,-9.9897260618247,0.05,0.17,0.16,16.321152450986894,60.65842260416669,-0.6577318891416671
2085.73,0.0,16.478787499999985,60.20125558109894,60.05294237547981,60.90186097062483,61.16775938697398,-6.54505373656588,0.06,0.06,0.06,0.3776435293212674,2.958217646606337,-16.03299058950226,-1.3745865795417416,0.7417994471030638,-9.954541342045824,0.05,0.17,0.16,16.307987414852864,60.58095457854439,-0.5334720756902523
2085.74,0.0,16.453787500000015,60.05722658524663,59.84291295554471,61.13010256961489,60.97598388861778,-6.592449438202396,0.06,0.06,0.06,0.3786691966460696,2.963345983230348,-16.018631246955024,-1.6018771842238044,-1.3035996005961397,-9.979837743384538,0.05,0.17,0.16,16.29482607463915,60.501556499756,-0.3932844008398933
2085.75,0.0,16.428787500000045,60.07499893502679,59.83977665852469,60.91160721055293,60.89757646311708,-6.50256179775293,0.06,0.06,0.06,0.3796948639708719,2.9684743198543595,-16.004271904407794,-1.5419670494261148,-2.571697453813905,-10.144590614078185,0.05,0.17,0.16,16.28166843930859,60.43098981680537,-0.21637050011893674
2085.76,0.0,16.40378749999993,60.09277128480706,59.83664036150464,60.693111851489725,60.81916903761593,-6.422446223111692,0.06,0.06,0.06,0.3740286007149707,2.962272306807609,-15.992974824370554,-1.5805628891655097,-2.59917061021298,-10.225686176836913,0.05,0.17,0.16,16.269302331285825,60.36042313385434,-0.21420209390810735
2085.77,0.0,16.37878749999996,59.97727684842422,59.95260315157578,60.66228560280141,60.7793539869935,-6.452461230615405,0.06,0.06,0.06,0.3655283882096658,2.951272031800744,-15.982974574364311,-1.849554171854912,0.275051058523784,-10.111115815691424,0.05,0.17,0.16,16.257278180957982,60.342879897448725,-0.6207456039085536
2085.78,0.0,16.353787499999985,59.85737689844938,60.072503101550616,60.63766329164585,60.74081471735873,-6.482475000000057,0.06,0.06,0.06,0.3570281757043609,2.940271756793879,-15.972974324358072,-1.9275518879734823,2.4312103025740384,-10.12638409602273,0.05,0.17,0.16,16.245263183114293,60.32708950225114,-0.8688333639278369
2085.79,0.0,16.328787500000015,59.83581980769236,59.89152153846214,60.48158538461589,60.73962,-6.512474999999971,0.06,0.06,0.06,0.3485279631990561,2.929271481787014,-15.96297407435183,-1.5424556139052084,2.8463140785177625,-10.456466616652678,0.05,0.17,0.16,16.23325735807731,60.2371366826926,-0.7327201959037593
2085.8,0.0,16.303787500000045,59.81740887651831,59.70091425101311,60.32130198380648,60.73962,-6.537526854858966,0.06,0.06,0.06,0.3400277506937513,2.918271206780149,-15.95297382434559,-1.2876381909544534,2.2904271356938235,-10.635615577890436,0.05,0.17,0.16,16.221260726214208,60.14481127783448,-0.5622321746118779
2085.81,0.0,16.27878750000007,59.751746016178245,59.59107291203284,60.59950517694517,60.73962,-6.507549337996641,0.06,0.06,0.06,0.3315275381884464,2.907270931773284,-15.94297357433935,-1.3479396984920662,-0.6140954773678526,-10.449685929649462,0.05,0.17,0.16,16.20927330793685,60.17048602628907,-0.30859814071298153
2085.82,0.0,16.2537875000001,59.68651713860656,59.48321713860656,60.870212531615785,60.73387335978325,-6.47758749069264,0.06,0.06,0.06,0.3230273256831416,2.8962706567664185,-15.932973324333108,-1.40359211183193,-2.4149750374491616,-10.261100848728304,0.05,0.17,0.16,16.197295123701817,60.19345504215304,-0.1685655316304674
2085.83,0.0,16.25,59.67165971237292,59.46835971237292,60.44571463922638,60.35076401190181,-6.44780342516749,0.06,0.06,0.06,0.3145271131777884,2.885270381759491,-15.92297307432681,-1.44852471293058,-1.6710908637048414,-10.066392910634152,0.05,0.17,0.16,16.185326194010397,59.98412451896851,-0.2904733979609552
2085.84,0.0,16.25,59.656802286139374,59.453502286139376,60.021216746839386,59.96765466402255,-6.42,0.06,0.06,0.06,0.3060269006724835,2.874270106752626,-15.912972824320567,-1.5069549999999348,-0.4985875000015795,-9.888070000000102,0.05,0.17,0.16,16.173366539408914,59.77479399578517,-0.4590037458000051
2085.8500000000004,0.0,16.25,59.6128840939106,59.44720915627295,60.067611327952925,60.24195198336931,-6.42,0.06,0.06,0.06,0.2975266881671787,2.863269831745761,-15.902972574314328,-1.596954999999679,1.676412499992239,-9.7480700000005,0.05,0.17,0.16,16.161416180488356,59.84241414037645,-0.7365793300237435
2085.86,0.0,16.25,59.56892224504783,59.44092889214969,60.11471330887733,60.517236894105245,-6.420464876032942,0.06,0.06,0.06,0.2890264756618739,2.852269556738896,-15.892972324308086,-1.582091045524306,2.861395697855637,-9.763866933464476,0.05,0.17,0.16,16.149475137884693,59.91045033504503,-0.8524158909122225
2085.87,0.0,16.25,59.479023474251015,59.251287009993256,60.00912664104589,60.58848435049932,-6.451456611570186,0.06,0.06,0.06,0.280526263156569,2.84126928173203,-15.882972074301849,-1.3219609804921182,1.730830415215744,-10.14405702851152,0.05,0.17,0.16,16.137543432278875,59.83198036894737,-0.5899613471284098
2085.88,0.0,16.25,59.38690914199758,59.05311209232361,59.89692440040023,60.648757511292,-6.475263552335779,0.06,0.06,0.06,0.2720260506512642,2.8302690067251657,-15.872971824295606,-1.227123219192913,0.2039590102667725,-10.295838540367908,0.05,0.17,0.16,16.125621084396847,59.74642578650335,-0.37637291439516485
2085.8900000000003,0.0,16.25,59.294565940792864,58.97794902157558,60.0826845609632,60.2557620270952,-6.4153085186107885,0.06,0.06,0.06,0.263525838145911,2.8192687317182377,-15.862971574289308,-1.5170507373152136,-2.2454286428354244,-9.915933516621443,0.05,0.17,0.16,16.11370811500957,59.65274038760671,-0.2765343807667985
2085.9,0.0,16.25,59.20320919433592,58.90427428710928,60.2639302880863,59.86521944824236,-6.35767732267723,0.06,0.06,0.06,0.2550256256406061,2.8082684567113727,-15.852971324283066,-1.702004498875389,-3.271672081983635,-9.66199700074974,0.05,0.17,0.16,16.101804544933298,59.559158304443464,-0.27036338988481917
2085.9100000000003,0.0,16.25,59.2147033349609,58.98577819335912,59.974486928711855,59.730424526367614,-6.327707292707294,0.06,0.06,0.06,0.2465254131353013,2.797268181704508,-15.842971074276823,-1.642019495126459,-0.977245688587058,-9.701987003249029,0.05,0.17,0.16,16.089910395029243,59.47634824584987,-0.4827499987442685
2085.92,0.0,16.25,59.22619747558588,59.06728209960896,59.6850435693374,59.59562960449287,-6.3,0.06,0.06,0.06,0.2380252006299964,2.7862679066976423,-15.832970824270586,-1.544495366893021,1.1415426997156723,-9.770503380915905,0.05,0.17,0.16,16.078025686203883,59.393538187256276,-0.6599496085198148
2085.9300000000003,0.0,16.229398275088506,59.10050298850637,58.98843094252914,59.66549086590042,59.855327724136615,-6.3,0.06,0.06,0.06,0.2295249881246916,2.7752676316907774,-15.822970574264344,-1.359171049337063,2.8495316804340947,-9.90574004507836,0.05,0.17,0.16,16.066150439408922,59.40243813026814,-0.7548504107530317
2085.94,0.0,16.204471808165955,58.97003774883242,58.90306663553746,59.65626248709814,60.12957694765314,-6.302278860569591,0.06,0.06,0.06,0.2210247756193867,2.7642673566839124,-15.812970324258105,-1.213355805243654,3.292524344578637,-10.13769288389341,0.05,0.17,0.16,16.05428467564137,59.41473595478029,-0.7168433339600464
2085.9500000000003,0.0,16.179545341243262,59.01947495699186,58.7947255197838,59.52688426148939,60.0938138608995,-6.332263868066051,0.06,0.06,0.06,0.2125245631140336,2.7532670816769844,-15.802970074251803,-1.1584244694132682,0.8256079900140421,-10.59212484394478,0.05,0.17,0.16,16.042428415943483,59.358724649791135,-0.37310427141398644
2085.96,0.0,16.15461887432071,59.06891216515101,58.68638440403075,59.397506035881385,60.05805077414607,-6.36,0.06,0.06,0.06,0.2110288306746733,2.7472564515342044,-15.789368749695043,-1.15902597402565,-1.332287712284124,-10.74489010989148,0.05,0.17,0.16,16.027979183032357,59.3027133448023,-0.1258011490100454
2085.9700000000003,0.0,16.12969240739816,58.95283254531575,58.70320758233333,59.4613581720702,59.705256982385855,-6.36,0.06,0.06,0.06,0.2124923166983803,2.743353822137653,-15.774246060783405,-1.2888961038957387,-2.7708491508451054,-10.195439560441104,0.05,0.17,0.16,16.012432106467585,59.20566382052628,-0.10298035648568987
2085.98,0.0,16.104765940475605,58.83293879120876,58.72344604395618,59.52943824175874,59.34860824175727,-6.357823367525681,0.06,0.06,0.06,0.2139558027220874,2.7394511927411003,-15.759123371871764,-1.420317658828954,-2.955727863941389,-9.709952476239264,0.05,0.17,0.16,15.996885302233181,59.10860782967024,-0.20136290217944755
2085.99,0.0,16.079839473553054,58.83828344655341,58.69672276723291,59.43109658341711,59.54208476523373,-6.327800850638072,0.06,0.06,0.06,0.2154192887457945,2.735548563344548,-15.744000682960124,-1.5553851925956668,-0.1943471735997022,-9.37478489244779,0.05,0.17,0.16,15.981338771123932,59.12704689060929,-0.5845834437232542
2086.0,0.0,16.054913006630503,58.84164871539159,58.66940407084113,59.33425493639273,59.73382,-6.3,0.06,0.06,0.06,0.2168827747695016,2.731645933947996,-15.728877994048483,-1.621497620837038,2.0970298021465785,-9.228507387927094,0.05,0.17,0.16,15.965792513937696,59.144781930656364,-0.8671884396344939
2086.01,0.0,16.02998653970781,58.627061536542776,58.57652305313045,59.40258120229484,59.73382,-6.3,0.06,0.06,0.06,0.2183462607932169,2.727743304551421,-15.713755305136758,-1.5263310793891138,3.289115952915312,-9.524024542949595,0.05,0.17,0.16,15.950246531475338,59.08499644799202,-0.9144639206295393
2086.02,0.0,16.00506007278526,58.41394975280899,58.48408885393258,59.469744,59.73257447191011,-6.3,0.06,0.06,0.06,0.219809746816924,2.723840675154869,-15.69863261622512,-1.496314606741222,3.2166741573121045,-9.900981273406586,0.05,0.17,0.16,15.934700824541107,59.02508926966292,-0.839802917296731
2086.03,0.0,16.0,58.5272281548062,58.49050083895129,59.27952177777826,59.45579045193578,-6.3,0.06,0.06,0.06,0.2212732328406311,2.719938045758317,-15.683509927313478,-1.6161647940071768,0.2354007490714731,-10.465275905117124,0.05,0.17,0.16,15.919155393942097,58.938260305867885,-0.4846477569423248
2086.04,0.0,16.0,58.64010968312497,58.49657198231476,59.08953281257713,59.179389683124974,-6.304243902438963,0.06,0.06,0.06,0.2227367188643382,2.716035416361765,-15.66838723840184,-1.7030057514378336,-2.185141285318444,-10.744278569643408,0.05,0.17,0.16,15.903610240488652,58.85140104028546,-0.21989002870101704
2086.05,0.0,16.0,58.55495124539474,58.332563139278754,59.01593910095842,59.09423124539474,-6.36278048780485,0.06,0.06,0.06,0.2242002048880453,2.7121327869652125,-15.6532645494902,-1.7130082520629837,-3.300420105022666,-10.359182295575131,0.05,0.17,0.16,15.88806536499426,58.74942118275666,-0.16555826972371582
2086.06,0.0,16.0,58.46979280766451,58.16855429624276,58.9423453893397,59.00907280766451,-6.419308224442736,0.06,0.06,0.06,0.2256636909117523,2.7082301575686603,-15.63814186057856,-1.69141214696367,-3.086948262948539,-10.001227193202975,0.05,0.17,0.16,15.872520768275585,58.647441325227874,-0.23467588702264705
2086.07,0.0,16.0,58.42595214939054,58.14204058943105,58.951440675812925,59.11762287601545,-6.388562644119955,0.06,0.06,0.06,0.2271271769354594,2.704327528172108,-15.62301917166692,-1.596435891027864,0.2122269432426176,-9.706300924770735,0.05,0.17,0.16,15.856976451152478,58.65926407266249,-0.5904749462437989
2086.08,0.0,16.0,58.38354361280496,58.12029262195127,58.96340205792681,59.23288710365832,-6.357871596302694,0.06,0.06,0.06,0.2285906629591748,2.700424898775534,-15.607896482755194,-1.4713144717080853,2.697561342011434,-9.62489484226228,0.05,0.1664426666666657,0.16,15.84143241444791,58.67503134908534,-0.8192106876525778
2086.09,0.0,16.0,58.26638089994991,58.12348291101056,58.92474506787337,59.343713278028986,-6.3278940794403695,0.06,0.06,0.06,0.2300541489828819,2.6965222693789817,-15.592773793843554,-1.2760215322991562,3.2884476715051174,-10.040518277414616,0.05,0.16,0.16,15.825888658988326,58.664580539215706,-0.7521700869222824
2086.1000000000004,0.0,16.0,58.15079023791628,58.12653744052093,58.88580976208373,59.4517183721515,-6.3020844788803,0.06,0.06,0.06,0.2315176350065889,2.6926196399824294,-15.577651104931912,-1.153640449438014,2.736074906380353,-10.260282147316818,0.05,0.1635557928456462,0.16,15.810345185603145,58.653713953168115,-0.6203756135364871
2086.11,0.0,16.0,58.21081528174288,58.11153117956428,58.82578471825712,59.2662838617586,-6.332076980754764,0.06,0.06,0.06,0.232981121030296,2.688717010585877,-15.562528416020276,-1.1985842696627471,-0.439955056167455,-10.030569288390405,0.05,0.17,0.16,15.794801995125134,58.60360376033072,-0.33997793650828595
2086.12,0.0,16.0,58.268111847091326,58.09469655615765,58.76469537212512,59.08178241542675,-6.357240000000145,0.06,0.06,0.06,0.2344446070540031,2.684814381189325,-15.547405727108634,-1.2767017017010158,-2.84228728728461,-9.784129129130392,0.05,0.17,0.16,15.779259088390306,58.55232154770021,-0.15370399969832346
2086.13,0.0,15.976295297993504,58.11825393098864,57.939047029770805,58.62280092016315,58.96812206360008,-6.317240000000145,0.06,0.06,0.06,0.2359080930777102,2.6809117517927725,-15.532283038196995,-1.431856856855779,-3.4478928928886856,-9.498843843845826,0.05,0.17,0.16,15.763716466237973,58.41205598613067,-0.18600977854847306
2086.1400000000003,0.0,15.946346211440495,57.9683960148851,57.78339750338307,58.48090646820038,58.85446171177275,-6.277239999999917,0.06,0.06,0.06,0.2373715791014256,2.6770091223961985,-15.51716034928527,-1.5626966292132638,-2.9197677902713592,-9.303026217228435,0.05,0.17,0.16,15.74817412951065,58.27179042456033,-0.3144994948757917
2086.15,0.0,15.916397124887665,57.82366370592659,57.63521687921985,58.35002825206292,58.75087930982734,-6.2379310344827,0.06,0.06,0.06,0.2388350651251327,2.673106492999646,-15.50203766037363,-1.6376029962544856,0.2163121098544635,-9.313013732833932,0.05,0.17,0.16,15.73263207905443,58.13994703675917,-0.6642440112769166
2086.1600000000003,0.0,15.886448038334828,57.76372872218069,57.61060072518136,58.40140109527369,58.81402509627392,-6.207946026986496,0.06,0.06,0.06,0.2401019974500648,2.6702039949001297,-15.48683807904799,-1.6463620430649866,2.5454281422121112,-9.43285678517676,0.05,0.17,0.16,15.717181427667333,58.14743890972741,-0.8912385313738277
2086.17,0.0,15.856498951781992,57.70932923845182,57.59053385767773,58.44054132334633,58.879377578027146,-6.182039490127436,0.06,0.06,0.06,0.2406019849503768,2.6712039699007537,-15.47133846653832,-1.5011442163250135,2.9961041562327164,-9.80842013019393,0.05,0.17,0.16,15.702086928499787,58.154945499375756,-0.8324972031653219
2086.1800000000003,0.0,15.826549865229156,57.745663820224514,57.64503573033677,58.27917303370879,58.98090067415672,-6.212031992001987,0.06,0.06,0.06,0.2411019724506887,2.672203944901377,-15.455838854028649,-1.3757503121101975,2.336981273421677,-10.157905118600532,0.05,0.17,0.16,15.686993299098706,58.1626933146067,-0.6689588824582271
2086.19,0.0,15.79660077867632,57.77158445000124,57.69124350000077,58.1314468499993,59.0543004500033,-6.235954045954049,0.06,0.06,0.06,0.2416019599510007,2.673203919902001,-15.44033924151898,-1.2958501872662276,-0.8690112359426201,-10.447543071159926,0.05,0.17,0.16,15.671900541977113,58.16214381250115,-0.26492268604520924
2086.2000000000003,0.0,15.766651692123316,57.61857445000037,57.59494350000023,58.21811684999979,58.64449045000097,-6.176013986013837,0.06,0.06,0.06,0.2421019474513155,2.674203894902631,-15.42483962900922,-1.2942478097623962,-3.158220275344352,-10.475201501876723,0.05,0.17,0.16,15.656808659657479,58.01903131250034,-0.022158517044956624
2086.21,0.0,15.73670260557048,57.47480658640578,57.49815389515952,58.2957099423127,58.25243760722368,-6.12,0.06,0.06,0.06,0.2426019349516274,2.675203869903255,-15.409340016499549,-1.474473091363829,-3.3184205256567374,-9.894475594494327,0.05,0.17,0.16,15.641717654672133,57.88027700777542,-0.15390978712355752
2086.2200000000003,0.0,15.706753519017644,57.48983543014795,57.39295198896435,58.21734525708568,58.16548501128686,-6.12,0.06,0.06,0.06,0.2431019224519394,2.676203844903879,-15.39384040398988,-1.5818127340826482,-2.4706217228596907,-9.389970037454566,0.05,0.17,0.16,15.626627529562784,57.81640442187121,-0.35446493989106825
2086.23,0.0,15.7,57.49331412409699,57.2986802442062,58.13868383752818,58.0919477946671,-6.118049999999982,0.06,0.06,0.06,0.2436019099522513,2.6772038199045025,-15.378340791480207,-1.5218876404496706,0.690426966279873,-9.060382022473188,0.05,0.17,0.16,15.611538286880885,57.75565650012462,-0.7129176356364946
2086.24,0.0,15.7,57.320535654124456,57.37120454024406,58.0554942038377,58.2231314477944,-6.088050000000068,0.06,0.06,0.06,0.2441018974525633,2.6782037949051265,-15.362841178970536,-1.4468485607012895,2.862327909887829,-8.979181476844197,0.05,0.17,0.16,15.596449929187633,57.742591461500155,-0.9258489601391693
2086.25,0.0,15.7,57.16090961240293,57.43132234558679,57.9754083820956,58.35469354838674,-6.0658470764613375,0.06,0.06,0.06,0.2446018849528752,2.6792037699057505,-15.347341566460866,-1.3367108886112116,2.737171464330922,-9.47480100124955,0.05,0.17,0.16,15.581362459053995,57.73058347211801,-0.8008419507532955
2086.26,0.0,15.7,57.22726620155037,57.27827408352093,57.94865169292324,58.49275806451608,-6.155802098950717,0.06,0.06,0.06,0.24510187245319,2.68020374490638,-15.331841953951107,-1.2872604790420243,1.7216292415132783,-9.901781437126074,0.05,0.17,0.16,15.566275879060655,57.73673751062766,-0.6140171209431078
2086.27,0.0,15.7,57.28875348651356,57.12725350149893,57.92272741758247,58.60144680319824,-6.24,0.06,0.06,0.06,0.245601859953502,2.681203719907004,-15.316342341441436,-1.3770808383234046,-1.33725299401372,-10.171242514970212,0.05,0.17,0.16,15.551190191798424,57.7350453021983,-0.28532701296310425
2086.28,0.0,15.7,57.26737486513496,57.01074001498548,57.91096917582422,58.21021803196959,-6.24,0.06,0.06,0.06,0.246101847453814,2.682203694907628,-15.300842728931766,-1.4565055110220144,-3.4439879759519685,-10.39451152304603,0.05,0.1664361702128029,0.1564361702128029,15.536105399867768,57.59982552197856,-0.059144202690729064
2086.29,0.0,15.7,57.24232781085853,56.90813658743998,57.88557529647348,57.84118033525134,-6.236194756554372,0.06,0.06,0.06,0.2466018349541259,2.683203669908252,-15.285343116422096,-1.5116157314627745,-3.3237474949903105,-10.509741983967618,0.05,0.16,0.15,15.521021505879187,57.46930500750584,-0.07271552278279922
2086.3,0.0,15.7,57.152380350263,57.051624203151896,57.61894532399387,57.86473800350255,-6.176269662921395,0.06,0.06,0.06,0.2471018224544379,2.684203644908876,-15.269843503912425,-1.4954382022479444,-2.133607990027764,-10.482392009989002,0.05,0.16,0.15,15.505938512453184,57.42192197022783,-0.1951769251508982
2086.31,0.0,15.7,57.06278855213825,57.186219299825,57.36156444611178,57.90100980244996,-6.123659085228656,0.06,0.06,0.06,0.2476018099547498,2.6852036199095,-15.254343891402756,-1.315662921349012,1.511835205978369,-10.127835205993884,0.05,0.16,0.15,15.49085642222032,57.37789552513125,-0.5675294059598288
2086.32,0.0,15.7,56.979307681920986,57.16802475118791,57.26309982995809,58.155733483369296,-6.183644088977586,0.06,0.06,0.06,0.2481017974550618,2.686203594910124,-15.238844278893083,-1.1945206508134476,3.815884856073828,-9.842327909887937,0.05,0.16,0.15,15.475775237821237,57.39154143660907,-0.8096391774015573
2086.33,0.0,15.677247486117308,56.90497325999971,57.14038824000069,57.17841389999945,58.38616516500066,-6.243630907726977,0.06,0.06,0.06,0.2486017849553766,2.687203569910753,-15.223344666383325,-1.209539424280319,3.0048710888627683,-9.717171464330676,0.05,0.16,0.15,15.460694961906652,57.402485141250125,-0.7492916270846105
2086.34,0.0,15.64723097703734,56.986293259999705,56.95206824000069,57.32821389999945,58.203195165000665,-6.303645911477877,0.06,0.06,0.06,0.2491017724556885,2.688203544911377,-15.207845053873656,-1.25356009615342,1.4623798077047243,-9.654805288461224,0.05,0.16,0.1535987261146239,15.445615597137722,57.36744264125013,-0.6131192040458976
2086.3500000000004,0.0,15.61721446795737,57.05312581354726,56.7588231292187,57.47729938015446,58.00568201449799,-6.3618304576143885,0.06,0.06,0.06,0.2496017599560005,2.689203519912001,-15.192345441363983,-1.3641370192305,-1.7587740384536992,-9.73653605769211,0.05,0.16,0.16,15.430537146185587,57.3237325843546,-0.3029368177385841
2086.36,0.0,15.5871979588774,56.87341074231496,56.481762394402224,57.614225148712414,57.56067326668466,-6.391837959489839,0.06,0.06,0.06,0.2496029074589046,2.6884116298356187,-15.176922532806511,-1.4965746288092063,-4.051578536078802,-9.763904662672866,0.05,0.16,0.16,15.415214441247885,57.132517888028566,-0.10485591401899617
2086.37,0.0,15.55718144979743,56.69946050000019,56.226472349999696,57.72702430000077,57.14867324999961,-6.418157763355024,0.06,0.06,0.06,0.2476515927606279,2.680606371042512,-15.161799843894867,-1.7049622297464926,-3.119044021884445,-9.602404271946469,0.05,0.16,0.16,15.398933610292662,56.95040760000007,-0.29624615674252186
2086.38,0.0,15.52716494071746,56.6245605000004,56.34524234999936,57.42528430000163,57.30382324999916,-6.388202695956179,0.06,0.06,0.06,0.2457002780623513,2.672801112249405,-15.146677154983225,-1.8348189762799227,-1.5105593008911176,-9.42320349563166,0.05,0.16,0.16,15.38265462296974,56.92472760000014,-0.5342306988077051
2086.3900000000003,0.0,15.49714843163732,56.54720031445,56.45336769653125,57.13638017968572,57.45831212378303,-6.36,0.06,0.06,0.06,0.2437489633640636,2.6649958534562543,-15.131554466071492,-1.7848813982521576,1.6454956304636386,-9.203478152309494,0.05,0.16,0.16,15.366377485138395,56.8988150786125,-0.8788916630545973
2086.4,0.0,15.467131922557352,56.4275696680813,56.37859854255081,57.068019810332174,57.60144164711701,-6.36,0.06,0.06,0.06,0.2417976486657869,2.657190594663148,-15.11643177715985,-1.6639649561952985,3.6734017521903497,-9.315652065081183,0.05,0.16,0.16,15.350102202682388,56.868907417020324,-1.0321783322302054
2086.4100000000003,0.0,15.43711541347738,56.32138843687305,56.30988861723426,56.996830225451504,57.7372,-6.36,0.06,0.06,0.06,0.2398463339675103,2.649385335870041,-15.101309088248206,-1.3786082603263623,3.087669586985692,-10.196753441799302,0.05,0.16,0.16,15.333828781509487,56.8413268198897,-0.7420986826481353
2086.42,0.0,15.407098904397412,56.462911482965325,56.35277438877737,56.87353363226505,57.7372,-6.36,0.06,0.06,0.06,0.2378950192692336,2.641580077076935,-15.086186399336562,-1.1784822765851486,1.5948277583812382,-10.849460808786136,0.05,0.16,0.16,15.317557227551994,56.85660487600193,-0.42088146921038516
2086.4300000000003,0.0,15.4,56.59372952000018,56.3811654600008,56.76984777499917,57.7372,-6.361696272204136,0.06,0.06,0.06,0.235943704570957,2.633774818283828,-15.071063710424918,-1.1734897653519936,-1.974817773324572,-10.979266100848166,0.05,0.16,0.16,15.30128754676676,56.87048568875004,-0.028375622732760425
2086.44,0.0,15.4,56.542369520000186,56.1628854600008,56.99989777499916,57.7372,-6.391718789091744,0.06,0.06,0.06,0.2339923898726804,2.6259695594907217,-15.055941021513274,-1.1534201301955105,-4.136895343018888,-10.97052078117306,0.05,0.16,0.16,15.285019745135314,56.860588188750036,0.20186132976989954
2086.4500000000003,0.0,15.4,56.49118834291418,55.96800032991791,57.20293116220896,57.71547052236866,-6.416524344569202,0.06,0.06,0.06,0.2320410751743926,2.6181643006975706,-15.040818332601544,-1.0983375062593457,-3.030235353028665,-10.640025037556072,0.05,0.16,0.16,15.268753828663883,56.844397589352425,0.05526786070869241
2086.46,0.0,15.4,56.44305037740566,56.17124951762053,56.946195346163535,57.3239484028994,-6.356599250936225,0.06,0.06,0.06,0.230089760476116,2.610359041904464,-15.0256956436899,-1.1009887640448588,-1.2413533083666608,-10.197465667915548,0.05,0.16,0.16,15.252489803383904,56.72111091102228,-0.19861326848012922
2086.4700000000003,0.0,15.4,56.38407997999559,56.36343772943236,56.70587572393088,56.97138395598823,-6.3,0.06,0.06,0.06,0.2281384457778393,2.602553783111357,-15.010572954778256,-1.2358202247186754,2.1094581772678205,-9.498339575532794,0.05,0.16,0.16,15.236227675351586,56.60619434733677,-0.6981266721733972
2086.48,0.0,15.4,56.13898870717754,56.36557826456613,56.74761615903963,57.28818315578798,-6.3,0.06,0.06,0.06,0.2261871310795627,2.594748524318251,-14.995450265866612,-1.3149099099101516,4.09538288288856,-9.064324324323454,0.05,0.16,0.156432000000026,15.2199674506484,56.63509157164282,-0.9968734896447937
2086.49,0.0,15.4,55.91165694999973,56.35732639500067,56.78258612500029,57.5874,-6.30169415292352,0.06,0.06,0.06,0.2242358163812861,2.5869432655251448,-14.980327576954968,-1.2648598598600855,2.919206706712009,-9.244504504503691,0.05,0.16,0.15,15.203709135381128,56.65974236750017,-0.8304944017123596
2086.5,0.0,15.4,55.98655694999972,56.17221639500068,56.70233612500029,57.5874,-6.331679160419726,0.06,0.06,0.06,0.2222845016830094,2.579138006732038,-14.965204888043324,-1.2921553446544471,1.1115784215926945,-9.501890609388706,0.05,0.16,0.15,15.187452735681978,56.61212736750018,-0.6127445472543616
2086.51,0.0,15.4,56.04974405566574,55.98303551192793,56.63132149602402,57.559537455267424,-6.36,0.06,0.06,0.06,0.2203331869847217,2.571332747938887,-14.950082199131597,-1.4969505494507511,-2.1451648351680386,-9.936456043956472,0.05,0.16,0.15,15.171198257708625,56.55590962972128,-0.2771042846040758
2086.52,0.0,15.4,55.91360091451292,55.72457626739562,56.7174745775348,57.05750962226639,-6.36,0.06,0.06,0.06,0.218381872286445,2.5635274891457804,-14.93495951021995,-1.682262828535643,-4.173969962453222,-10.217359198998762,0.05,0.16,0.15,15.154945707644709,56.35329034542743,-0.08586177764266416
2086.53,0.0,15.373382440772511,55.78142070157863,55.486363442745805,56.78644481082491,56.578766148834816,-6.358394999999958,0.06,0.06,0.06,0.2164305575881684,2.555722230352674,-14.919836821308309,-1.82243804755898,-3.35794993742451,-10.142265331664833,0.05,0.16,0.15,15.138695091699416,56.15824877599604,-0.22915271130142179
2086.54,0.0,15.338542703563704,55.73637935855683,55.69333913806027,56.47758988724686,56.61201094963662,-6.328394999999958,0.06,0.06,0.06,0.2144792428898917,2.547916971559568,-14.904714132396665,-1.880529338327799,-1.774389513126832,-10.018649188515637,0.05,0.16,0.15,15.12244641610797,56.12982983337514,-0.4320331757694148
2086.55,0.0,15.303702966354898,55.6838571084341,55.88563590361464,56.17979566265075,56.64855879518053,-6.298396202847823,0.06,0.06,0.06,0.2125279281916151,2.540111712766461,-14.88959144348502,-1.750691635456348,1.5664344569116642,-9.783942571786476,0.05,0.16,0.15,15.106199687131676,56.09946186747,-0.7713423028831821
2086.56,0.0,15.268863229146088,55.482963534137234,55.78680056224933,56.10137196787176,56.7506170281121,-6.268418685985499,0.06,0.06,0.06,0.2105766134933385,2.532306453973354,-14.874468754573376,-1.631321652065559,3.7007609511923016,-9.577737171465037,0.05,0.16,0.15,15.089954911058053,56.030438273092614,-0.984397372192479
2086.57,0.0,15.23402349193728,55.29046170434808,55.690820347826325,56.02686361739135,56.84261300869604,-6.241560390097504,0.06,0.06,0.06,0.215988399709997,2.53,-14.862954823870592,-1.5362027534423093,3.0399349186518325,-9.437561952441298,0.05,0.16,0.15,15.078294899796441,55.96268966956545,-0.9049534054205703
2086.58,0.0,15.199183754728274,55.23942071055903,55.64296941614909,56.018356785093175,56.7649881639752,-6.27156789197304,0.06,0.06,0.06,0.2244886122153502,2.53,-14.852954573864295,-1.448746566791555,1.496074906369293,-9.3066017478153,0.05,0.16,0.15,15.068561799663916,55.916433768944124,-0.734867060601439
2086.59,0.0,15.164344017519468,55.19189645361845,55.58437436956035,56.019804496393526,56.68064618254208,-6.3,0.06,0.06,0.06,0.232988824720655,2.53,-14.842954323858054,-1.3788339575532795,-2.069468164782748,-9.196739076155154,0.05,0.16,0.15,15.058833847698207,55.8691803755286,-0.35725737657054935
2086.6000000000004,0.0,15.129504280310655,55.22169998507825,55.28953229047583,56.24013774682853,56.44860440189073,-6.3,0.06,0.06,0.06,0.2414890372259598,2.53,-14.832954073851813,-1.33,-4.32302628285751,-9.12905632040035,0.05,0.16,0.15,15.049111053882797,55.799993606068334,-0.11676782880621367
2086.61,0.0,15.09466454310185,55.25123441578141,55.0068132928677,56.44351966616195,56.218147465858046,-6.295719649562,0.06,0.06,0.06,0.2499892497312647,2.53,-14.822953823845571,-1.33,-3.5370438047601347,-9.159093867334008,0.05,0.16,0.15,15.03939342822174,55.72992871016728,-0.1939512998956972
2086.62,0.0,15.059824805893042,55.27288337885676,55.07933731917014,56.150176216490905,56.03413127971754,-6.205607008761027,0.06,0.06,0.06,0.2584894622365696,2.53,-14.81295357383933,-1.3254456928839768,-1.9576903870347468,-9.082841448191504,0.05,0.16,0.1535527019796417,15.029680980739634,55.63413204855884,-0.3681887152476358
2086.63,0.0,15.05,55.28905537055213,55.15327750571286,55.871616748286144,55.86859713352848,-6.115999333222304,0.06,0.06,0.06,0.2669896747418744,2.53,-14.802953323833089,-1.3104644194757324,1.4380649188339794,-8.763240948815627,0.05,0.16,0.16,15.019973721481668,55.5456366895199,-0.7646285819431249
2086.6400000000003,0.0,15.05,55.2129012732616,55.25109010773739,55.84227296767878,56.01461737512224,-6.035985997666108,0.06,0.06,0.06,0.2754898872472276,2.53,-14.792953073826792,-1.292453066332921,3.742077596996288,-8.65924155193985,0.05,0.16,0.16,15.010271660513578,55.58022043095,-1.0138987472662258
2086.65,0.0,15.05,55.13674717597151,55.34890270976136,55.81292918707159,56.16063761671518,-5.955972662110368,0.06,0.06,0.06,0.2839900997525324,2.53,-14.782952823820551,-1.2674217772216108,3.5167959949944967,-9.054735919898553,0.05,0.16,0.16,15.00057480792191,55.614804172379905,-0.9222135679442343
2086.6600000000003,0.0,15.05,55.06059307868141,55.44671531178534,55.7835854064644,56.30665785830811,-5.887569323007377,0.06,0.06,0.06,0.2924903122578373,2.53,-14.77295257381431,-1.26822177822144,2.36843156844998,-9.31177822177856,0.05,0.16,0.16,14.990883173813728,55.64938791380981,-0.7641706882517203
2086.67,0.0,15.05,55.17460468344721,55.22695551487519,55.7985085430968,56.07318758199958,-6.037456907319001,0.06,0.06,0.06,0.3009905247631421,2.53,-14.762952323808069,-1.3281618381614808,-0.8933066932872449,-9.25183816183852,0.05,0.16,0.16,14.98119676831685,55.5683140808547,-0.45420359981218217
2086.6800000000003,0.0,15.05,55.28494448275895,55.00695690147848,55.811468290640704,55.83899786206968,-6.178532934131866,0.06,0.06,0.06,0.309490737268447,2.53,-14.752952073801827,-1.329178973717995,-3.154881101377036,-9.241749687108229,0.05,0.16,0.1564027630180879,14.97151560157984,55.48559188423695,-0.22090522960799114
2086.69,0.0,15.05,55.21115137931081,54.86042488177432,55.74083774876892,55.676653034483785,-6.148592814371406,0.06,0.06,0.06,0.3179909497737518,2.53,-14.742951823795586,-1.1940100125165358,-3.1048185231542726,-9.346881101376027,0.05,0.16,0.15,14.961839683772034,55.37226676108446,-0.1648080691052659
2086.7000000000003,0.0,15.05,55.137358275862255,54.713892862069336,55.67020720689673,55.51430820689696,-6.117295943915869,0.06,0.06,0.06,0.326491162279105,2.53,-14.732951573789288,-1.107602996254656,-2.1576404494412897,-9.312037453183883,0.05,0.16,0.15,14.952169025083505,55.25894163793132,-0.23955509456604457
2086.71,0.0,15.05,54.94309009247725,54.75708552861776,55.46955416146002,55.57343535616084,-6.057205808713122,0.06,0.06,0.06,0.3349913747844099,2.53,-14.722951323783048,-1.1325717852683967,0.8386142322075862,-8.957480649188769,0.05,0.16,0.15,14.94250363572534,55.18579128467897,-0.613159694208825
2086.7200000000003,0.0,15.05,54.74839876530892,54.80094456385898,55.26844443889053,55.63334037990495,-6.0014396400899255,0.06,0.06,0.06,0.3434915872897147,2.53,-14.712951073776807,-1.1847647647646196,2.9239539539539794,-8.876266266265572,0.05,0.16,0.15,14.93284352592931,55.11278203699084,-0.8598191983754345
2086.73,0.0,15.035704330512688,54.87023910955446,54.72968104052044,55.19406853426732,55.89801077538702,-6.031432141964475,0.06,0.06,0.06,0.3519917997950195,2.53,-14.702950823770566,-1.2998798798794438,2.90393393393401,-9.426816816814732,0.05,0.16,0.15,14.923188705948153,55.17299986493231,-0.8130757997520525
2086.74,0.0,15.015793927327044,54.993350665332194,54.657955177589066,55.12020160080068,56.16350352175987,-6.062847152847122,0.06,0.06,0.06,0.3604920123003244,2.53,-14.692950573764325,-1.3178509099987394,2.2169708302302507,-10.14499875342143,0.05,0.16,0.15,14.913539186055527,55.23375274137045,-0.6389892308935444
2086.75,0.0,14.995883524141403,55.097952721834,54.84812425722741,55.25612069790564,55.85585623130755,-6.122787212787162,0.06,0.06,0.06,0.3689922248056292,2.53,-14.682950323758083,-1.11341311393823,0.0030590875261977,-11.246968337064663,0.05,0.16,0.15,14.90389497654605,55.26451347706865,-0.17335382491012946
2086.76,0.0,14.975973120955649,55.20249908275174,55.03908138584247,55.39267104685942,55.546484346959126,-6.182729317670848,0.06,0.06,0.06,0.3774924373109824,2.53,-14.672950073751784,-1.0237568784387578,-1.711270635316274,-11.77660080040229,0.05,0.16,0.15,14.89425608773528,55.29518396560319,0.115170594717769
2086.77,0.0,14.956062717770006,54.95368787817283,54.73399243654851,55.46925624365476,55.6039849949238,-6.242714321419778,0.06,0.06,0.06,0.3711872796819305,2.527179929498218,-14.66365484137099,-1.203846923461554,-2.2515407703846617,-10.961193096549076,0.05,0.16,0.15,14.884461417851812,55.19023038832498,-0.012530637020639418
2086.78,0.0,14.936152314584366,54.70601555166383,54.43380080560394,55.53936003502666,55.66354,-6.2986503374156415,0.06,0.06,0.06,0.3586869671741292,2.5231798294957217,-14.654654616365374,-1.3374800199799997,-1.8401098901120545,-10.24488761238801,0.05,0.16,0.15,14.87460906099228,55.08567909807361,-0.2085940417154445
2086.79,0.0,14.916241911398725,54.6610418213662,54.57193440580383,55.33269503627799,55.66354,-6.268657835541092,0.06,0.06,0.06,0.346186654666328,2.519179729493225,-14.645654391359756,-1.3624550449549455,0.7972527472422559,-9.760372127874057,0.05,0.16,0.15,14.864767211783503,55.057302815862,-0.5645496071979869
2086.8,0.0,14.896331508213082,54.61345102570593,54.70345119041765,55.13370815073545,55.668971444969934,-6.238665333666545,0.06,0.06,0.06,0.3336863421585267,2.5151796294907287,-14.63665416635414,-1.3934277833497837,2.694759277832611,-9.470727181543626,0.05,0.16,0.15,14.85493589111041,55.02989545295724,-0.8160949561704852
2086.81,0.0,14.87642110502744,54.45216327926241,54.54750409782988,55.26829262790024,55.910368999249634,-6.20867283179208,0.06,0.06,0.06,0.3211860296507255,2.511179529488232,-14.627653941348523,-1.4385631895684825,2.845210631894942,-9.6412387161476,0.05,0.16,0.15,14.84511511989087,55.04458225106054,-0.821091810687586
2086.82,0.0,14.8565107018418,54.29609713713621,54.39419439439453,55.39702324324466,56.14058648648932,-6.1813196700823845,0.06,0.06,0.06,0.3086857171429242,2.507179429485736,-14.618653716342903,-1.5078051818628484,2.130383657213446,-9.728243647235209,0.05,0.16,0.15,14.835304919075666,55.05697531531618,-0.7568471250648626
2086.83,0.0,14.85,54.40963067067042,54.37705725725729,55.2235097297301,55.793559459460205,-6.211312171957021,0.06,0.06,0.06,0.2961854046350519,2.503179329483217,-14.609653491337236,-1.6323692077725591,-0.5701644245090831,-9.623609865471051,0.05,0.16,0.15,14.82550530964841,54.9509392792795,-0.533700519479208
2086.84,0.0,14.85,54.51595036233713,54.35451988168648,55.0559218930242,55.45382,-6.2413030454318,0.06,0.06,0.06,0.2836850921272507,2.4991792294807205,-14.60065326633162,-1.7259493353397828,-2.4982593428639683,-9.792435415096149,0.05,0.16,0.15,14.8157163126257,54.84505303426195,-0.3390864317361128
2086.8500000000004,0.0,14.85,54.28596761646602,54.08022853339984,55.16458346561468,55.45382,-6.27125811283073,0.06,0.06,0.06,0.2711847796194494,2.495179129478224,-14.591653041326005,-1.7460145472785904,-2.5935690995733047,-10.610092801602558,0.05,0.16,0.15,14.80593794905677,54.74614990387013,-0.21217091499369733
2086.86,0.0,14.85,54.055984870594905,53.8059371851132,55.273245038205154,55.45382,-6.298784088066048,0.06,0.06,0.06,0.2586844671116482,2.4911790294757274,-14.582652816320389,-1.7463752185862094,-1.998441169130388,-11.010447164628385,0.05,0.16,0.15,14.796170240023647,54.647246773478315,-0.21358651462732983
2086.87,0.0,14.85,54.084509542217575,53.9972610020338,54.77062119023605,55.41168670905409,-6.26876157117844,0.06,0.06,0.06,0.2461841546038469,2.4871789294732314,-14.57365259131477,-1.7014089432927222,0.184921309008935,-10.450866849864989,0.05,0.16,0.15,14.786413206641067,54.566019610885384,-0.5102060354338558
2086.88,0.0,14.85,54.11356434739709,54.18520497902816,54.27626031581554,55.36856901060972,-6.23622188905581,0.06,0.06,0.06,0.2336838420960457,2.483178829470735,-14.564652366309152,-1.586962944418059,1.9198572859252687,-9.996589884828335,0.05,0.1564042553192059,0.15,14.776666870056427,54.48589966321263,-0.7209274124223672
2086.8900000000003,0.0,14.85,54.09033217369848,54.11973248951389,54.25514015790771,55.30098450530466,-6.146266866566685,0.06,0.06,0.06,0.2211835295881734,2.479178729468216,-14.555652141303485,-1.3115498247372348,2.6159013520277163,-9.786274411617525,0.05,0.15,0.15,14.766931251449687,54.44154733160618,-0.7326443003287363
2086.9,0.0,14.85,54.0671,54.05426,54.23402,55.2334,-6.06368815592194,0.06,0.06,0.06,0.2086832170803721,2.475178629465719,-14.546651916297868,-1.1108741258741626,2.380576923079812,-9.66129370629362,0.05,0.15,0.15,14.757206372033538,54.39719500000001,-0.6596979624476099
2086.9100000000003,0.0,14.85,54.06068481139146,53.970862548089016,54.270372735448376,55.14893334998759,-6.1536431784108085,0.06,0.06,0.06,0.1961829045725709,2.4711785294632227,-14.53765169129225,-1.080904095904142,0.0179395604431995,-9.731223776223668,0.05,0.15,0.15,14.747492253053023,54.36271336122911,-0.3933746999836589
2086.92,0.0,14.85,54.054269622782925,53.887465096178026,54.30672547089676,55.06446669997518,-6.24,0.06,0.06,0.06,0.1836825920647696,2.467178429460726,-14.528651466286634,-1.0176076076079617,-1.9509709709682903,-9.634654654655868,0.05,0.15,0.15,14.737788915785728,54.32823172245823,-0.1819986621742918
2086.9300000000003,0.0,14.836635555776304,53.96812912664877,53.66722776810242,54.53539898482115,54.6634592684764,-6.24,0.06,0.06,0.06,0.1711822795569684,2.46317832945823,-14.519651241281018,-0.8774674674681756,-3.012032032026671,-9.1541741741766,0.05,0.15,0.15,14.728096381541654,54.208553787012185,-0.0973191175777913
2086.94,0.0,14.816777540584935,53.88186886290176,53.44678487186006,54.76436141328544,54.26197631251809,-6.234370778084112,0.06,0.06,0.06,0.1586819670491671,2.4591782294557336,-14.5106510162754,-0.9473076923038974,-3.123356643370857,-8.69527972028255,0.05,0.15,0.15,14.71841467166318,54.08874786514133,-0.17864536778260595
2086.9500000000003,0.0,14.796919525393454,53.78819790302738,53.56104398720149,54.402242539995335,54.25756,-6.084258193644788,0.06,0.06,0.06,0.1461816545412948,2.4551781294532145,-14.501650791269732,-1.4967582417573957,-1.0654145854177552,-8.285689310689941,0.05,0.15,0.15,14.70874380752496,54.00226110755605,-0.6391408471789637
2086.96,0.0,14.777061510202088,53.694444518828526,53.67902577405849,54.03354945606721,54.25756,-5.937662337662112,0.06,0.06,0.06,0.1336813420334936,2.451178029450718,-14.492650566264116,-1.7846171171176424,0.8045220220196293,-8.233158158156874,0.05,0.15,0.15,14.699083810534091,53.916144937238556,-0.9382023296615315
2086.9700000000003,0.0,14.75720349501072,53.6664334132042,53.74567341830225,54.14637000764707,54.51767391791969,-5.877722277722242,0.06,0.06,0.06,0.137597692307732,2.448552820512813,-14.474804615384537,-1.4693018018022266,2.2409584584565234,-9.003928928927891,0.05,0.15,0.15,14.681086904358517,54.01903768926831,-0.8650317035606852
2086.98,0.0,14.737345479819352,53.64134037216419,53.81004252357881,54.28056322712193,54.78933336222244,-5.823330832707956,0.06,0.06,0.06,0.1483669230769534,2.4465015384615327,-14.453266153846094,-1.2560823970037074,2.762531835208964,-9.76352808988625,0.05,0.15,0.15,14.65961408207839,54.130319871271844,-0.7327068112741267
2086.99,0.0,14.717487464627984,53.62952000999754,53.82201999000246,54.31093270182444,54.79894362909269,-5.913353338334306,0.06,0.06,0.06,0.1591361538461747,2.444450256410253,-14.43172769230765,-1.2760574282146433,1.1944918851505033,-10.49761048688814,0.05,0.15,0.15,14.638149663001967,54.14035408272928,-0.46526930114723586
2087.0,0.0,14.697629449436617,53.61775295176213,53.83378704823787,54.3408852136964,54.80750148962754,-6.004493260109397,0.06,0.06,0.06,0.1699053846153961,2.4423989743589725,-14.410189230769207,-1.3051188986229647,-0.4473041301513241,-10.937429286609769,0.05,0.15,0.15,14.616693684149228,54.149981675830986,-0.23774722540819093
2087.01,0.0,14.677771434245136,53.61450604197901,53.5687414842583,54.38041214892547,54.63826022488782,-6.124313529705797,0.06,0.06,0.06,0.1806746153846787,2.440347692307681,-14.388650769230642,-1.3551814768460122,-2.259569461825639,-10.697128911139142,0.05,0.15,0.15,14.595246182743113,54.05047997501266,-0.10248002782577467
2087.02,0.0,14.657913419053768,53.61129764617692,53.302444632684505,54.419982363817965,54.46821524737685,-6.236893446723017,0.06,0.06,0.06,0.1914438461539,2.4382964102564,-14.3671123076922,-1.315472027972327,-3.13367132867288,-10.49958041958054,0.05,0.15,0.15,14.573807196211295,53.95048497251406,-0.028149244672360352
2087.03,0.0,14.65,53.510163795949374,53.34036210052498,54.1104651012765,54.18734777194405,-6.146848424211875,0.06,0.06,0.06,0.2022130769231214,2.43624512820512,-14.345573846153757,-1.0707167832171602,-1.864940059942014,-10.399680319680474,0.05,0.15,0.15,14.55237676218674,53.787084692423726,-0.09300163470469576
2087.04,0.0,14.65,53.40848837709473,53.37996200049994,53.79901723931121,53.90586740185171,-6.055742128935377,0.06,0.06,0.06,0.2129823076923427,2.4341938461538395,-14.324035384615314,-0.9030280280280027,-0.4319269269315041,-10.015085085087716,0.05,0.15,0.15,14.530954918509476,53.6233337546894,-0.24390247157504186
2087.05,0.0,14.65,53.239012770023066,53.3822460151849,53.66082600538902,54.05048106294303,-5.935802098950559,0.06,0.06,0.06,0.2237515384615641,2.43214256410256,-14.302496923076871,-0.9130380380379874,1.3798848848757306,-8.974044044049304,0.05,0.15,0.15,14.5095417032278,53.583141463385004,-0.5932125371065892
2087.06,0.0,14.65,53.0691964584877,53.384342512858176,53.52350540778944,54.19723590007236,-5.821034999999946,0.06,0.06,0.06,0.2345207692307854,2.4300912820512792,-14.280958461538429,-1.0051961029208218,2.3631126655073293,-8.510152385704652,0.05,0.15,0.15,14.488137154599562,53.543570069801916,-0.7966053613075816
2087.07,0.0,14.65,53.14562637244836,53.37923466836738,53.65037648979494,54.25611331632614,-5.851034999999946,0.06,0.06,0.06,0.2452900000000068,2.428039999999999,-14.259419999999986,-1.28498626030252,1.4537946540168103,-9.36451161628091,0.05,0.15,0.15,14.46674131109351,53.607837711734206,-0.6667126638380839
2087.08,0.0,14.65,53.23406514795912,53.37377548469388,53.79013159183665,54.31070515306119,-5.882067415730564,0.06,0.06,0.06,0.2560592307692894,2.425988717948707,-14.23788153846142,-1.5163872904675222,0.2575131348562179,-10.157097823365746,0.05,0.15,0.15,14.445354211390494,53.67716934438771,-0.5000790803414379
2087.09,0.0,14.65,53.359953996003874,53.24842600399612,53.82714742257739,54.12202702297721,-5.941992509363372,0.06,0.06,0.06,0.2668284615385107,2.4239374358974266,-14.216343076922978,-1.6364773580182994,-1.5988791593662113,-10.807585689265789,0.05,0.15,0.15,14.423975894385288,53.639388611388654,-0.2489293332786168
2087.1000000000004,0.0,14.65,53.4860878621377,53.1222921378623,53.86349107892103,53.93175729270754,-5.998079039519833,0.06,0.06,0.06,0.277597692307732,2.4218861538461463,-14.194804615384536,-1.6561188811193188,-2.591888111890155,-11.246311188811282,0.05,0.15,0.15,14.40260639918721,53.60090709290714,-0.08587254696119162
2087.11,0.0,14.65,53.23247912978294,53.00555243810975,53.70674679669948,53.93014,-5.938049024512405,0.06,0.06,0.06,0.2883669230769534,2.4198348717948663,-14.173266153846091,-1.4463286713297716,-1.6128671328722672,-11.20135614385638,0.05,0.15,0.15,14.381245765121967,53.46872959114804,-0.12402644766756998
2087.12,0.0,14.65,52.97561491372908,52.88889327331862,53.5483471967996,53.93014,-5.876043956044401,0.06,0.06,0.06,0.2991361538461747,2.417783589743586,-14.15172769230765,-1.3227102102096584,-0.4167492492617202,-11.062505005007615,0.05,0.15,0.15,14.359894031732912,53.335748845961824,-0.22790315338472011
2087.13,0.0,14.625561097257084,52.99381852335499,52.95726547463549,53.570537237568935,53.93014,-5.75616383616432,0.06,0.06,0.06,0.3099053846153961,2.4157323076923056,-14.130189230769208,-1.3977852852847574,1.279947447435517,-10.707149649652148,0.05,0.15,0.15,14.338551238782394,53.362940308889854,-0.4833225252064347
2087.1400000000003,0.0,14.58566084788032,53.01414813969125,53.0270197582271,53.59399975151149,53.93028443922059,-5.64186000000008,0.06,0.06,0.06,0.3206746153846787,2.4136810256410137,-14.108650769230644,-1.4180594405595688,2.35048951048995,-10.361136363636762,0.05,0.15,0.15,14.31721742625305,53.39136302216261,-0.6538150180403105
2087.15,0.0,14.545760598503785,52.94228783075905,52.98677798522507,53.43375126259268,54.07472366017432,-5.701860000000081,0.06,0.06,0.06,0.3314438461539,2.4116297435897334,-14.0871123076922,-1.3131643356644973,1.9908491508497048,-10.03646103896154,0.05,0.15,0.15,14.295892634349666,53.35938518468778,-0.63032838332802
2087.1600000000003,0.0,14.505860349127245,52.87042752182685,52.94653621222304,53.27350277367387,54.21916288112804,-5.76186000000008,0.06,0.06,0.06,0.338812666666643,2.410091333333335,-14.068629999999972,-1.2627102102100205,1.0420395395453683,-9.749439439439946,0.05,0.15,0.15,14.277593786594485,53.327407347212954,-0.5581616815974174
2087.17,0.0,14.465960099750706,52.80026944249121,52.90252296333527,53.1207965143142,54.35061399296889,-5.82,0.06,0.06,0.06,0.333034888888871,2.4105357777777794,-14.061963333333312,-1.337785285284906,-1.2652677677561095,-9.54923923924025,0.05,0.15,0.15,14.270963799308525,53.293550728277395,-0.37374920550134005
2087.1800000000003,0.0,14.426059850374168,52.80241911602209,52.69830397790139,53.28847104972306,53.93035281768128,-5.82,0.06,0.06,0.06,0.3272571111110991,2.410980222222223,-14.055296666666653,-1.3504545454554426,-2.82284965035072,-9.55449300698973,0.05,0.15,0.15,14.264336200354021,53.17988674033195,-0.21524567406579292
2087.19,0.0,14.38615960099763,52.80053554675988,52.497672073231705,53.44264778822539,53.52503090549201,-5.817345000000058,0.06,0.06,0.06,0.3214793333333272,2.4114246666666674,-14.048629999999994,-1.220584415585354,-2.668004495505614,-10.029018481515052,0.05,0.15,0.15,14.25771099306157,53.06647157842725,-0.11592004414741641
2087.2000000000003,0.0,14.346259351620864,52.67664638297875,52.40554936170215,53.18851617021283,53.57162170212764,-5.727344999999802,0.06,0.06,0.06,0.3157015555555224,2.411869111111114,-14.041963333333296,-1.2041866866862785,-1.955908408411735,-10.273701201201677,0.05,0.15,0.15,14.251088180766716,52.960583404255345,-0.14742975073322725
2087.21,0.0,14.306359102244324,52.55329548161116,52.315523652739614,52.93793384538408,53.61757043282461,-5.631150000000167,0.06,0.06,0.06,0.3099237777777504,2.4123135555555577,-14.035296666666635,-1.4494319319316016,0.0410885885858984,-9.9884159159163,0.05,0.15,0.15,14.244467766810128,52.856080853139865,-0.4806176299239894
2087.2200000000003,0.0,14.266458852867787,52.47833926444843,52.41403753815349,53.00646524393287,53.60579159869904,-5.331150000000167,0.06,0.06,0.06,0.3041459999999785,2.412758000000002,-14.028629999999977,-1.6078291281539412,1.629298026479214,-9.799128153884546,0.05,0.15,0.15,14.23784975453735,52.87615841130845,-0.7276048712135319
2087.23,0.0,14.25,52.40425299098198,52.509832399799976,53.07436783066127,53.59576821643246,-5.04,0.06,0.06,0.06,0.2983682222222065,2.4132024444444458,-14.021963333333316,-1.5678591056708415,2.2838071446399724,-9.82910567074687,0.05,0.15,0.15,14.231234147298984,52.89605535946892,-0.7777036275749398
2087.24,0.0,14.25,52.398892269539104,52.39082438376818,53.09259428356704,53.72442553106144,-5.04,0.06,0.06,0.06,0.2925904444444346,2.4136468888888896,-14.015296666666655,-1.5036127095325813,2.110803102334217,-9.874258193644945,0.05,0.15,0.15,14.224620948450635,52.901684116983944,-0.7313055101841023
2087.25,0.0,14.25,52.3933733233534,52.27372714071859,53.10923375748562,53.84555073353541,-5.04,0.06,0.06,0.06,0.2868126666666626,2.414091333333334,-14.008629999999997,-1.3835226419821458,0.0342456842746026,-9.95431823867857,0.05,0.15,0.15,14.218010161352941,52.90547123877326,-0.46293273600686696
2087.26,0.0,14.25,52.37842322355293,52.2705235479042,53.031279665668855,53.51771640219643,-5.04,0.06,0.06,0.06,0.2810348888888579,2.4145357777777803,-14.001963333333295,-1.275670411985101,-1.7019550561787873,-9.97350561797765,0.05,0.15,0.15,14.21140178937151,52.799485709830606,-0.24327357895178026
2087.27,0.0,14.25,52.361828082979706,52.26627689577632,52.95377850537378,53.19315095726089,-5.037525618595457,0.06,0.06,0.06,0.275257111111086,2.414980222222224,-13.995296666666638,-1.195770287141131,-2.6607565543064275,-9.853655430711695,0.05,0.15,0.15,14.204795835877123,52.69375861034767,-0.1348798429481216
2087.28,0.0,14.25,52.21527472132003,52.17962855786075,52.91205893526629,53.126827538115634,-4.947548112971806,0.06,0.06,0.06,0.269479333333314,2.4154246666666683,-13.988629999999976,-1.1566307884855271,-2.818981226535627,-9.780583229036244,0.05,0.15,0.15,14.198192304245456,52.60844743814068,-0.11634189859188662
2087.29,0.0,14.25,52.07112603773575,52.09495029433948,52.86882436226447,53.06199772075461,-4.855952023988002,0.06,0.06,0.06,0.2637015555555421,2.415869111111112,-13.98196333333332,-1.2116996245304092,-1.12686608261106,-9.815627033792078,0.05,0.15,0.15,14.191591197857294,52.52422460377358,-0.3054838965205874
2087.3,0.0,14.25,52.12496251572309,52.17247482264124,52.70085455094398,53.12014111698093,-4.70602698650698,0.06,0.06,0.06,0.2579237777777701,2.416313555555556,-13.975296666666658,-1.218059440560165,0.4348076922989641,-9.77611888112033,0.05,0.15,0.15,14.184992520098447,52.52960825157231,-0.47598726900732014
2087.31,0.0,14.25,52.17448325546781,52.24651042246553,52.53720846918485,53.17925739562575,-4.556881559220766,0.06,0.06,0.06,0.2521459999999982,2.416758,-13.968629999999996,-1.1131643356650935,1.698543956034826,-9.566328671330186,0.05,0.15,0.15,14.1783962743598,52.53436488568598,-0.603918674350193
2087.32,0.0,14.25,52.05216715208832,52.18162970675989,52.5457174155069,53.27711027832934,-4.436941529235948,0.06,0.06,0.06,0.2463682222222262,2.417202444444444,-13.96196333333334,-1.1035885885870436,2.2075525525616024,-9.462392392391363,0.05,0.15,0.15,14.171802464037302,52.51415613817111,-0.669361087023866
2087.33,0.0,14.25,51.930790025062805,52.11628619047651,52.5533288972433,53.37044150376023,-4.320749812546847,0.06,0.06,0.06,0.2405904444444214,2.4176468888888905,-13.95529666666664,-1.3137987987985156,0.97632132132298,-9.602532532532344,0.05,0.15,0.15,14.165211092531914,52.492711654135704,-0.5907173099836877
2087.34,0.0,14.25,51.88359203007536,52.01438142857181,52.49004067669197,53.10656180451227,-4.350742314421397,0.06,0.06,0.06,0.2348126666666495,2.4180913333333347,-13.94862999999998,-1.4995740072200063,-0.3314368231022958,-9.664823104693328,0.05,0.15,0.15,14.158622163249795,52.373643984962854,-0.507691878558713
2087.3500000000004,0.0,14.25,51.838043488255664,51.91338036481781,52.42875835082437,52.84473595702213,-4.379265367316322,0.06,0.06,0.06,0.2290348888888775,2.4185357777777785,-13.94196333333332,-1.629537906136764,-1.813987966300865,-9.549299638989543,0.05,0.15,0.15,14.152035679602077,52.256229540229995,-0.41465843194505897
2087.36,0.0,14.25,51.88509996001971,51.86311549725168,52.480092683657865,52.69821921539318,-4.349280359820118,0.06,0.06,0.06,0.2232571111111056,2.4189802222222228,-13.93529666666666,-1.6390819245792774,-2.7592717815386645,-9.539110533158292,0.05,0.15,0.15,14.145451645005009,52.231631839080606,-0.3211114629066553
2087.37,0.0,14.25,51.92849035928276,51.81332760479058,52.52561122754718,52.55480717065837,-4.317180000000296,0.06,0.06,0.06,0.2174793333333337,2.4194246666666666,-13.92863,-1.2385617685329489,-1.8750065019558613,-9.88761508452328,0.05,0.15,0.15,14.138870062879926,52.20555909056972,-0.22581580296806927
2087.38,0.0,14.25,51.75336061876391,51.791970319361454,52.22447350299648,52.59645387724517,-4.197180000000296,0.06,0.06,0.06,0.2117015555555617,2.4198691111111104,-13.92196333333334,-1.0269565217375272,-0.8506521739228448,-10.006739130437737,0.05,0.15,0.15,14.132290936653273,52.09156457959175,-0.2432425983850723
2087.3900000000003,0.0,14.25,51.57891974962481,51.77079962944418,51.92641685027559,52.63766037055581,-4.079295352323743,0.06,0.06,0.06,0.2107839542184112,2.420391977109205,-13.908632663833036,-1.2468465767109436,0.4936756621646325,-9.601941529236672,0.05,0.15,0.15,14.119234744689734,51.97844914997509,-0.5181356259952095
2087.4,0.0,14.25,51.458899719579854,51.76436998497749,51.87176487230869,52.644090015022506,-4.049310344827538,0.06,0.06,0.06,0.2118951579298306,2.420947578964915,-13.892520210017455,-1.3726713356681768,1.4224087043522713,-9.379212106052284,0.05,0.15,0.15,14.103474909531823,51.93478114797213,-0.6906706650111767
2087.4100000000003,0.0,14.25,51.341286621722666,51.75808969288388,51.8192188863916,52.65060220724089,-4.022697976517616,0.06,0.06,0.06,0.2130063616412501,2.421503180820625,-13.876407756201871,-1.2826263131567788,1.3973961980991052,-9.57430965482698,0.05,0.15,0.15,14.087715981705605,51.89229935205976,-0.6283050811072217
2087.42,0.0,14.25,51.37655253932568,51.76129568539324,51.9004373632955,52.66235751310856,-4.142608043966916,0.06,0.06,0.06,0.2141175653526696,2.4220587826763347,-13.860295302386293,-1.2534782608693886,0.8778260869591712,-9.708478260869574,0.05,0.15,0.15,14.071957964259404,51.925160775280744,-0.544184908703629
2087.4300000000003,0.0,14.242150247413448,51.41187441279343,51.76209648175992,51.981378570714384,52.67216650674724,-4.261259685078617,0.06,0.06,0.06,0.215228769064089,2.4226143845320447,-13.844182848570709,-1.3634232883554718,-0.7713493253320769,-9.703480759620208,0.05,0.15,0.15,14.056200860255014,51.95687899300374,-0.41037568440651145
2087.44,0.0,14.227155495576604,51.45144462768592,51.58028738630794,52.0412686256868,52.5342054872572,-4.321244688827547,0.06,0.06,0.06,0.2163399727755085,2.4231699863877543,-13.828070394755128,-1.3792240300384242,-2.017241551938521,-9.706077596996158,0.05,0.15,0.15,14.040444672767817,51.90180153173446,-0.2857364848824318
2087.4500000000003,0.0,14.212160743739677,51.4887034208555,51.39893900975271,52.097640180045445,52.39661567891993,-4.38,0.06,0.06,0.06,0.2174511764869343,2.423725588243467,-13.811957940939452,-1.178973717146235,-2.337642052566024,-9.726102628285377,0.05,0.15,0.15,14.024689404886729,51.8454745723934,-0.18214151024919728
2087.46,0.0,14.19716599190283,51.33565515879008,51.255523155789305,51.8643218504632,52.28958892223083,-4.38,0.06,0.06,0.06,0.2185623801983537,2.424281190099177,-13.79584548712387,-1.0919550561797753,-2.161168539325842,-9.709438202247192,0.05,0.15,0.15,14.008935059714664,51.68627227181835,-0.17379125540409981
2087.4700000000003,0.0,14.182171240065983,51.18441297324334,51.1146759439858,51.634776214053296,52.18448864716164,-4.3793998499624704,0.06,0.06,0.06,0.2196735839097732,2.4248367919548866,-13.779733033308288,-1.2617428214727298,-0.8577977528122815,-9.609563046192513,0.05,0.15,0.15,13.99318164036805,51.52958844461102,-0.38145353497834233
2087.48,0.0,14.16717648822914,51.17585083270821,51.17675146286548,51.70327333833432,52.23158042010485,-4.3493923480870205,0.06,0.06,0.06,0.2207847876211927,2.425392393810597,-13.763620579492706,-1.3404956195249758,0.4344080100069667,-9.500495619524976,0.05,0.15,0.15,13.977429149977272,51.571864013503216,-0.5587746424590645
2087.49,0.0,14.152181736392295,51.1670106173458,51.23712998250468,51.77092171957009,52.27926986753271,-4.321843156843104,0.06,0.06,0.06,0.2218959913326121,2.425947995666306,-13.747508125677124,-1.2103329161457923,1.700991239042866,-9.370332916145792,0.05,0.15,0.15,13.96167759168666,51.61358304673832,-0.6664660090384188
2087.5,0.0,14.13718698455545,51.13705810547384,51.168667098225896,51.77413091727066,52.37233660084917,-4.4117532467531655,0.06,0.06,0.06,0.2230071950440316,2.426503597522016,-13.731395671861542,-1.204044943818902,2.063505617985657,-9.307505617977094,0.05,0.1463713527852086,0.15,13.945926968654561,51.61304818045489,-0.711558143360018
2087.51,0.0,14.122192232718522,51.10662464151908,51.09989724706499,51.77621743692258,52.46043098176463,-4.503328335832882,0.06,0.06,0.06,0.2241183987554574,2.427059199377729,-13.715283218045869,-1.4787016229716103,0.3756154806471952,-9.397393258427073,0.05,0.14,0.15,13.93017728405333,51.61079257681782,-0.6146768554984307
2087.52,0.0,14.107197480881675,51.03819596302801,51.0068770122412,51.689612390707325,52.1557095228591,-4.68323838081011,0.06,0.06,0.06,0.2252296024668768,2.4276148012334384,-13.699170764230288,-1.6502626313155917,-1.085432716359134,-9.415970485242475,0.05,0.14,0.15,13.914428541069766,51.47259872220891,-0.5175538770611646
2087.53,0.0,14.08439921996099,50.96986055027544,50.91346689344736,51.60480786393158,51.854410655327634,-4.86,0.06,0.06,0.06,0.2263408061782963,2.4281704030891484,-13.683058310414705,-1.585230115057545,-2.0259029514755054,-9.270897948974524,0.05,0.14,0.15,13.898680742904647,51.3356364907455,-0.41987624463265427
2087.54,0.0,14.054397719886008,50.909910575287846,50.78500266133111,51.68188640320134,51.86083386693345,-4.86,0.06,0.06,0.06,0.2274520098897157,2.428726004944858,-13.666945856599122,-1.441086956522261,-2.375652173914649,-9.238478260869204,0.05,0.14,0.15,13.882933892773178,51.30940837668844,-0.34000828520026255
2087.55,0.0,14.024396219811024,50.84992281859082,50.65944035981988,51.75463910045031,51.86718,-4.859505000000056,0.06,0.06,0.06,0.2285632136011352,2.429281606800568,-13.65083340278354,-1.1162493753133789,-1.3761519240411657,-9.463365817090738,0.05,0.14,0.15,13.867187993904967,51.28279556971525,-0.3008189056327851
2087.56,0.0,13.99439471973604,50.78682436781631,50.77280367816053,51.47123080459868,51.86718,-4.829505000000055,0.06,0.06,0.06,0.2296744173125547,2.4298372086562776,-13.634720948967958,-0.9674893617010092,-0.4034693366748302,-9.475657071341258,0.05,0.14,0.15,13.85144304954412,51.22450971264388,-0.35014528433192565
2087.57,0.0,13.96439321966106,50.72363239450723,50.88377973533136,51.19215079650381,51.86767372284621,-4.800494258612026,0.06,0.06,0.06,0.237251282051281,2.429637435897436,-13.61658512820513,-1.2228085106370994,0.5076695869794529,-9.00006257822501,0.05,0.14,0.15,13.833684136715222,51.16680916229715,-0.6026058496338654
2087.58,0.0,13.934391719585904,50.65203189513122,50.78011931086162,51.3022232059923,51.91255761797744,-4.830449326011041,0.06,0.06,0.06,0.2475076923077406,2.4291246153846133,-13.59761076923068,-1.4320898876404495,1.1369438202247193,-8.806,0.05,0.1435770647027908,0.15,13.815097722648115,51.16173300749065,-0.767690051758738
2087.59,0.0,13.90439021951092,50.58180417104237,50.67639388347136,51.41095971993019,51.95706,-4.862837127845887,0.06,0.06,0.06,0.2577641025641419,2.428611794871793,-13.57863641025634,-1.5369588014978626,1.1269563046192512,-9.25044444444332,0.05,0.15,0.15,13.796520008491282,51.156554443610986,-0.7346069465434173
2087.6000000000004,0.0,13.874388719435938,50.671706646661214,50.56508605651469,51.363867946986986,51.95706,-5.072994746059148,0.06,0.06,0.06,0.2680205128205432,2.428098974358973,-13.559662051281997,-1.544665832291306,0.6793742177785758,-9.728653316643372,0.05,0.15,0.15,13.77795102943659,51.13943016254072,-0.6182824287057355
2087.61,0.0,13.844387219360955,50.760423771600536,50.45626561983378,51.317306115702415,51.954194876034855,-5.281349999999662,0.06,0.06,0.06,0.2782769230769445,2.427586153846153,-13.540687692307651,-1.329396745933426,-0.7724405506815457,-10.28434793491604,0.05,0.15,0.15,13.759390820849397,51.12204759579289,-0.31092778272093796
2087.62,0.0,13.814385719285973,50.71862061607832,50.621334490357405,51.32909674931124,51.63584776859644,-5.371349999999662,0.06,0.06,0.06,0.2885333333333458,2.427073333333333,-13.521713333333311,-1.0531368631389395,-1.7784715284715535,-10.89774225773853,0.05,0.15,0.15,13.740839418269397,51.076224906085855,-0.020713246717750405
2087.63,0.0,13.8,50.67626415590891,50.78345010427034,51.33825626117242,51.32240974180712,-5.460449550449438,0.06,0.06,0.06,0.2987897435897471,2.4265605128205125,-13.502738974358968,-0.6385514485536569,-1.7734765234765502,-11.641998001994038,0.05,0.15,0.15,13.722296857411546,51.030095065789695,0.23062796795369783
2087.6400000000003,0.0,13.8,50.59019662859977,50.71225844587882,51.13955715491552,51.39678908639526,-5.490419580419629,0.06,0.06,0.06,0.3090461538462067,2.42604769230769,-13.483764615384516,-0.4397922403003877,-1.4549662077596568,-12.04585732165205,0.05,0.15,0.15,13.703763174166946,50.959700328947335,0.3253748920358015
2087.65,0.0,13.8,50.50412910129113,50.64106678748772,50.94085804865976,51.47116843098298,-5.520259913362239,0.06,0.06,0.06,0.319302564102608,2.425534871794869,-13.464790256410176,-0.7351614518146883,-0.418670838548467,-11.670387984981328,0.05,0.15,0.15,13.685238404604206,50.8893055921054,0.06160330871151573
2087.6600000000003,0.0,13.8,50.36981057676459,50.59152179143959,51.01330479259603,51.47128,-5.540253248917033,0.06,0.06,0.06,0.3295589743590092,2.425022051282049,-13.445815897435834,-0.9537752808988196,0.4943845193500104,-10.97684394507045,0.05,0.15,0.15,13.666722584969776,50.86147929020006,-0.21171435159780222
2087.67,0.0,13.8,50.23541956701431,50.54200931416317,51.08615886630277,51.47128,-5.560246584471827,0.06,0.06,0.06,0.3398153846154105,2.424509230769229,-13.42684153846149,-0.9987191011234252,1.1285917602972222,-9.563610486896742,0.05,0.15,0.15,13.648215751689355,50.83371693687007,-0.5066313736987518
2087.6800000000003,0.0,13.8,50.10102855726403,50.49249683688675,51.159012940009504,51.47128,-5.58,0.06,0.06,0.06,0.3500717948718118,2.4239964102564096,-13.407867179487148,-1.1044613846525246,1.0913196700909134,-8.742599350159594,0.05,0.1463815090330193,0.15,13.629717941368757,50.80595458354008,-0.6625167396325061
2087.69,0.0,13.8,50.07353798704548,50.47144790234192,51.12051832585972,51.416293622322186,-5.58,0.06,0.06,0.06,0.3603282051282131,2.4234835897435896,-13.388892820512806,-1.349400149961352,-0.4832866783229768,-9.277465633589076,0.05,0.14,0.15,13.611229190794884,50.770449459392324,-0.5000927874909127
2087.7000000000003,0.0,13.8,50.04901382162431,50.4511888091679,51.07893387144991,51.35978141504731,-5.5803150787697495,0.06,0.06,0.06,0.3705846153846727,2.4229707692307665,-13.369918461538356,-1.556429107276964,-1.8775043760952064,-9.449639909976698,0.05,0.14,0.15,13.59274953693662,50.73472947932236,-0.3985847556608085
2087.71,0.0,13.8,50.1345291596221,50.22640337145693,51.08574372948782,51.13684727001487,-5.6103225806452,0.06,0.06,0.06,0.380841025641074,2.4224579487179465,-13.350944102564013,-1.6764591147787635,-2.857749437359904,-8.7894748687168,0.05,0.14,0.15,13.574279016946237,50.64588088264543,-0.4368722378260732
2087.7200000000003,0.0,13.8,50.22391752362008,49.99441928393836,51.09425690701144,50.90805562406765,-5.639670247314494,0.06,0.06,0.06,0.3910974358974752,2.421945128205126,-13.33196974358967,-1.8558798498120053,-2.779048811015829,-8.349784730913589,0.05,0.14,0.15,13.555817668159769,50.555162334659386,-0.5718509446395095
2087.73,0.0,13.782620280904556,49.82277200998858,49.83497615480689,50.77520024968873,50.89776,-5.60969273045217,0.06,0.06,0.06,0.4013538461538766,2.421432307692306,-13.312995384615329,-2.1712740926145138,-0.2759198998848124,-8.414866082602995,0.05,0.14,0.15,13.537365528098428,50.33267710362105,-0.928201665778879
2087.74,0.0,13.74775625062269,49.39851233458392,49.67895118601827,50.440708364546005,50.89776,-5.5797150000000375,0.06,0.06,0.06,0.4116102564102779,2.420919487179486,-13.294021025640983,-2.3961192912401987,1.7200698777084331,-8.717010232088334,0.05,0.14,0.15,13.518922634469511,50.103982971287046,-1.1655333012480156
2087.75,0.0,13.71289222034082,49.47766812826198,49.742474377329984,50.53527495898526,51.1125898284851,-5.549715000000037,0.06,0.06,0.06,0.4218666666666791,2.420406666666666,-13.275046666666643,-2.416084352383173,2.568584976284849,-9.555542800093264,0.05,0.14,0.15,13.500489025167424,50.217001823265576,-1.1335672665223604
2087.76,0.0,13.678028190058756,49.58192863037545,49.8169461645539,50.65123817051964,51.33813295550608,-5.5200000000000005,0.06,0.06,0.06,0.4309087804878311,2.419899024390241,-13.257475609756025,-2.28578657314764,2.4222344689447683,-10.28573146292449,0.05,0.14,0.15,13.483406587677397,50.347061480238764,-0.964086885693173
2087.77,0.0,13.64316415977689,49.63879115588013,49.76150083606145,50.70980537899773,51.22973322588769,-5.5200000000000005,0.06,0.06,0.06,0.4352990243902652,2.4194112195121926,-13.245280487804818,-1.809834669339721,-0.0126352705357426,-10.766693386772491,0.05,0.14,0.15,13.47146952230378,50.33495764920674,-0.4782781245492902
2087.78,0.0,13.60830012949502,49.69268186351038,49.69790980105775,50.76477390078059,51.10039552757509,-5.52161878591057,0.06,0.06,0.06,0.4396892682926994,2.4189234146341443,-13.233085365853611,-1.3746119402992754,-1.868009950247532,-10.867840796021593,0.05,0.14,0.15,13.45953436930439,50.313940273230955,-0.12388563653222581
2087.79,0.0,13.573436099213154,49.64974370370389,49.71877851851843,50.30046222222408,50.760800000001325,-5.701483887084518,0.06,0.06,0.06,0.4440795121951336,2.4184356097560964,-13.220890243902408,-1.0313283582102668,-2.4152736318387054,-10.111621890550152,0.05,0.14,0.15,13.447601133771098,50.107446111111926,-0.06614291163449379
2087.8,0.0,13.538572068931288,49.60229598387534,49.743580735701535,49.81196637944375,50.41141224490016,-5.880224831376411,0.06,0.06,0.06,0.4484697560975677,2.417947804878048,-13.2086951219512,-0.7230075187981474,-2.7285413533846907,-9.828616541349096,0.05,0.14,0.15,13.435669820813036,49.8923138359802,0.027142380347285916
2087.81,0.0,13.50370803864942,49.644886488664746,49.71498900755684,50.06997350125792,50.29869152644894,-5.9102023482387365,0.06,0.06,0.06,0.4528600000000018,2.41746,-13.196499999999997,-0.4974436090238527,-2.487939849625443,-10.665709273178146,0.05,0.14,0.15,13.423740435556699,49.93213513098211,0.20455704829093796
2087.82,0.0,13.468844008367553,49.69016608564212,49.68480260957192,50.35027576826071,50.193039133501735,-5.938560359910928,0.06,0.06,0.06,0.457250243902436,2.4169721951219514,-13.184304878048788,-0.2014264339179634,-2.1241895261884265,-11.058708229430232,0.05,0.14,0.15,13.41181298314596,49.97957089924412,0.325617303606371
2087.83,0.0,13.45,49.70231882878412,49.75768163771714,50.22539855086845,50.186324168734494,-5.698620344913161,0.06,0.06,0.06,0.4616404878048952,2.4164843902439004,-13.172109756097512,0.2574264339153549,-1.475810473815259,-10.425291770573368,0.05,0.14,0.15,13.399887468742133,49.967930796526055,0.3164279562209209
2087.84,0.0,13.45,49.714001210918106,49.832024069478855,50.094768277915726,50.181013995037226,-5.459010989010422,0.06,0.06,0.06,0.4660307317073293,2.4159965853658525,-13.159914634146308,0.3332432432432431,-0.2143243243243243,-9.605405405405406,0.05,0.14,0.15,13.387963897524271,49.95545188833748,0.08663433867161283
2087.8500000000004,0.0,13.45,49.62860966601209,49.77090284872321,49.894004351670645,50.44825699410514,-5.27919080919081,0.06,0.06,0.06,0.4704209756097635,2.415508780487804,-13.1477195121951,-0.4975875875854888,2.4983883883815348,-8.34414414414733,0.05,0.14,0.15,13.376042274688842,49.935443465127776,-0.6653303291291159
2087.86,0.0,13.45,49.54031889980409,49.70573585461731,49.69114580550226,50.72364009823009,-5.099684763572963,0.06,0.06,0.06,0.4748112195121976,2.415020975609756,-13.135524390243896,-1.1637828371264831,3.7910783087414544,-7.751743807851146,0.05,0.14,0.15,13.364122605450088,49.915210164538436,-1.1131234912261994
2087.87,0.0,13.45,49.40923714285809,49.7728333333328,49.90622666666495,50.77618761904736,-5.00961721290988,0.06,0.06,0.06,0.4792014634146317,2.4145331707317075,-13.12332926829269,-1.443992994744166,1.754550913198652,-8.727475606698436,0.05,0.14,0.15,13.352204895039995,49.966121190475796,-0.8477921533144965
2087.88,0.0,13.45,49.275180611154575,49.849125668448615,50.150362139035565,50.813243896103614,-4.921199400299548,0.06,0.06,0.06,0.4835917073170659,2.41404536585366,-13.111134146341485,-1.65802549362612,-0.4000324918578542,-9.307855536118652,0.05,0.14,0.15,13.340289148708397,50.02197807868559,-0.6077931732022728
2087.8900000000003,0.0,13.45,49.3655275390034,49.47776876195321,50.198125933568136,50.62701122798215,-5.161079460270548,0.06,0.06,0.06,0.487981951219525,2.4135575609756086,-13.098939024390209,-1.7180104973755614,-2.829425143710237,-8.967940514871819,0.05,0.14,0.15,13.328375371722965,49.91710836562673,-0.426762526804216
2087.9,0.0,13.45,49.46245758429787,49.09327958228511,50.24012895319574,50.43422813789646,-5.4,0.06,0.06,0.06,0.4923721951219592,2.41306975609756,-13.086743902439002,-1.818325024924948,-3.900388833502487,-8.761405782651895,0.05,0.14,0.15,13.316463569369546,49.8075235644188,-0.38034411571630417
2087.9100000000003,0.0,13.45,49.27768063719456,49.03736799209686,49.97020662385802,50.34694598666346,-5.4,0.06,0.06,0.06,0.4967624390243934,2.412581951219512,-13.074548780487795,-2.0127417746755105,-1.8016849451694903,-8.866091724825274,0.05,0.14,0.15,13.30455374695185,49.658050309953225,-0.6480209203513623
2087.92,0.0,13.45,49.0884684860462,48.98662953815764,49.69537333168721,50.26132484564101,-5.400030015007428,0.06,0.06,0.06,0.5011526829268276,2.412094146341464,-13.06235365853659,-2.1764997496241367,-0.2375563345026849,-9.308052078113011,0.05,0.14,0.15,13.292645909791766,49.50794905038302,-0.7987721743060149
2087.9300000000003,0.0,13.438555682438915,49.14034385133424,49.0563425791965,49.6413344524821,50.32144342728833,-5.460060030014857,0.06,0.06,0.06,0.5055429268292617,2.411606341463416,-13.050158536585384,-2.2666349524282583,0.0428642964434697,-10.559929894836918,0.05,0.14,0.15,13.280740063229384,49.5398660775753,-0.6687430242416939
2087.94,0.0,13.413730698575176,49.2022645298075,49.1310744325263,49.59649534048422,50.38763449738043,-5.520044999999887,0.06,0.06,0.06,0.5099331707316959,2.411118536585368,-13.037963414634175,-2.0805200000041446,0.3290999999985198,-11.581074999997655,0.05,0.14,0.15,13.268836212623068,49.57936720004962,-0.48146706861604155
2087.9500000000003,0.0,13.3889057147113,49.25347665761538,49.19900887682051,49.61670930140704,50.39058,-5.550045000000058,0.06,0.06,0.06,0.514323414634155,2.4106307317073163,-13.025768292682905,-1.2405199999993697,0.6291000000002251,-12.056075000000355,0.05,0.14,0.15,13.25693436334947,49.61494370896073,-0.1586877314714943
2087.96,0.0,13.364080730847563,49.30419006171318,49.266626748950905,49.63995294495187,50.39058,-5.580269932517212,0.06,0.06,0.06,0.5187136585365891,2.410142926829268,-13.013573170731696,-0.7287049999999752,0.9112799999999774,-12.087060000000095,0.05,0.14,0.15,13.24503452080384,49.65033743890399,-0.011463029909061007
2087.9700000000003,0.0,13.339255746983827,49.15255478481055,49.10811321519032,49.52972572151928,50.13361746835512,-5.760224943764002,0.06,0.06,0.06,0.5058596278849433,2.4144653806679126,-13.00330192899813,-0.993704999999222,1.151279999999295,-11.067060000002996,0.05,0.14,0.15,13.235233208910762,49.48100279746881,-0.2797767418567045
2087.98,0.0,13.31443076312009,48.98568896202626,48.93257903797568,49.40945230379815,49.85731367088764,-5.94,0.06,0.06,0.06,0.4858591015553163,2.4207813363509527,-12.99382799547357,-1.147346326837083,0.7589505247462441,-10.299535232384583,0.05,0.14,0.15,13.226330077574124,49.296258493671935,-0.4067328408829624
2087.99,0.0,13.289605779256354,48.8926439760842,48.98475887394086,49.50892345789676,49.84488,-5.94,0.06,0.06,0.06,0.4658585752256894,2.427097292033993,-12.984354061949013,-1.0374012993506874,-1.130104947520007,-10.129620189905609,0.05,0.14,0.15,13.217461022570177,49.30780157698045,-0.19909499416483367
2088.0,0.0,13.264780795392618,48.803077458894336,49.04766868958612,49.61874906826051,49.84488,-5.94,0.06,0.06,0.06,0.4458580488960624,2.433413247717033,-12.97488012842445,-0.8186224233298139,-2.6430467571624514,-10.0412518853692,0.05,0.14,0.15,13.208626112541525,49.328593804185246,0.01832291392256464
2088.01,0.0,13.23995581152874,48.753608915662696,48.93076481927724,49.43706819277128,49.72266795180735,-5.94,0.06,0.06,0.06,0.4258575225663218,2.439729203400109,-12.965406194899836,-0.3409954751131221,-3.261447963800905,-10.14683257918552,0.05,0.14,0.15,13.199825416049892,49.21102746987964,0.2590015085114852
2088.02,0.0,13.215130827665002,48.70633983935755,48.80399775100434,49.23939751004067,49.59375228915695,-5.94,0.06,0.06,0.06,0.4058569962366948,2.446045159083149,-12.955932261375276,-0.2067362146038184,-2.910680576259293,-9.969885742674215,0.05,0.14,0.15,13.19105900157425,49.085871847389875,0.2408354568134654
2088.03,0.0,13.2,48.74725488616454,48.86700708031011,49.23581843882912,49.5655588691519,-5.910052486878233,0.06,0.06,0.06,0.3858564699070679,2.452361114766189,-12.946458327850715,-0.8475707898642106,-0.3721808246464215,-9.15518132141294,0.05,0.14,0.15,13.182326937508474,49.103909818613914,-0.3616281189151008
2088.04,0.0,13.2,48.79222861646231,48.93875088816607,49.24117245434075,49.54200120090069,-5.880059985003768,0.06,0.06,0.06,0.3658559435774409,2.4586770704492293,-12.936984394326156,-1.399134373426031,1.3756114745853592,-8.827096124808167,0.05,0.14,0.15,13.173629292159479,49.12853828996746,-0.7782478105404506
2088.05,0.0,13.2,48.66723889407751,48.7766271319739,49.32600073728166,49.61955782747583,-5.760983850931904,0.06,0.06,0.06,0.345855417247814,2.464993026132269,-12.927510460801596,-1.7363261197765696,1.2246300956224316,-9.667559134368464,0.05,0.14,0.15,13.164966133745088,49.09735614770223,-0.7485893314896227
2088.06,0.0,13.2,48.53470510199125,48.60412283116322,49.4143565986725,49.70160255591018,-5.641729192546962,0.06,0.06,0.06,0.325854890918187,2.4713089818153096,-12.918036527277035,-1.97919850187244,0.796519350819219,-10.139617977530728,0.05,0.14,0.15,13.156337530391962,49.06369677193428,-0.7141934162833268
2088.07,0.0,13.2,48.41816514982301,48.45340722194106,49.33388517013776,49.688859979685255,-5.699129999999808,0.06,0.06,0.06,0.3058543645885601,2.4776249374983497,-12.908562593752476,-2.009161048688928,-0.2571635455606358,-9.780067415732864,0.05,0.14,0.15,13.147743550133507,48.97357938039677,-0.669103549103564
2088.08,0.0,13.2,48.30295946165603,48.30450930421581,49.239329558151645,49.66820990350438,-5.759130000000149,0.06,0.06,0.06,0.2858538382588194,2.4839408931814257,-12.899088660227862,-1.9385127691541555,-0.8603930896350532,-9.575743615422924,0.05,0.14,0.15,13.139184260907724,48.87875205688197,-0.6135745500643816
2088.09,0.0,13.2,48.334380539595145,48.269099580314894,49.13603854609087,49.59279890582096,-5.819144786196661,0.06,0.06,0.06,0.2658533119291924,2.490256848864466,-12.889614726703302,-1.6380620931404182,-0.4347546319489256,-9.72596895342979,0.05,0.14,0.15,13.130659730555307,48.83307939295547,-0.5342018196360087
2088.1000000000004,0.0,13.2,48.372871671246365,48.23916203347505,49.03232633025284,49.51474744441709,-5.879159789947561,0.06,0.06,0.06,0.2458527855995654,2.496572804547506,-12.88014079317874,-1.4054919053552055,-0.308493150682961,-9.891270236611986,0.05,0.14,0.15,13.122170026817223,48.789776869847834,-0.4442128181297542
2088.11,0.0,13.2,48.32723780034702,48.28823170175849,48.69718427049949,49.43732211543261,-5.88,0.06,0.06,0.06,0.2258522592699385,2.502888760230546,-12.87066685965418,-1.3257907845583456,-0.8564383561613736,-10.090523038604136,0.05,0.14,0.15,13.11371521733281,48.687493972009406,-0.3303156289111859
2088.12,0.0,13.2,48.27740871934625,48.34124136239761,48.35050108991964,49.35992801089949,-5.88,0.06,0.06,0.06,0.2058517329403115,2.509204715913586,-12.861192926129622,-1.2097741530754538,-1.1812797992485673,-10.163751568383,0.05,0.14,0.15,13.105295369637577,48.58226979564075,-0.2464944560297458
2088.13,0.0,13.19424143964014,48.2572108584226,48.3278308584226,48.52157780044662,49.28320481214279,-5.88,0.06,0.06,0.06,0.1858512066106846,2.5155206715966263,-12.85171899260506,-1.009021329989068,-0.9855457967393412,-9.942923462987975,0.05,0.14,0.15,13.096910551161072,48.59745608235866,-0.23285065460388493
2088.1400000000003,0.0,13.179245188702804,48.23910685245091,48.30972685245091,48.72924139835728,49.206529022145006,-5.88,0.06,0.06,0.06,0.1658506802809439,2.5218366272797024,-12.842245059080447,-0.9113265306118395,-0.6494897959203341,-9.80989795918348,0.05,0.14,0.15,13.088560829224704,48.62115103135103,-0.2551190356213494
2088.15,0.0,13.164248937765556,48.27594686803649,48.1878614161926,48.74002168358506,49.12628559049298,-5.88,0.06,0.06,0.06,0.145850153951317,2.5281525829627425,-12.832771125555889,-1.0457217521150737,0.0025759084101714,-9.874606769536888,0.05,0.14,0.15,13.080246271039767,48.582528889576786,-0.35826281937843213
2088.1600000000003,0.0,13.149252686828303,48.3172739291902,48.0575222233232,48.73472334241151,49.045750804654986,-5.88,0.06,0.06,0.06,0.146431379678696,2.528392155080326,-12.817458809626542,-1.1474962330486431,0.2950828729298519,-9.783568558514697,0.05,0.14,0.15,13.065276857965904,48.53881757489498,-0.43663423352035485
2088.17,0.0,13.134256435891055,48.21150020597392,48.02120549948522,48.741533319601736,49.02879213868869,-5.919313790806121,0.06,0.06,0.06,0.1555216689771427,2.5261195827557144,-12.799732745494572,-1.1726092415870664,-0.2574033149154582,-9.326511803115393,0.05,0.14,0.15,13.04755247132539,48.50075779093739,-0.45678850432798584
2088.1800000000003,0.0,13.119260184953806,48.09028496395553,47.9947585375903,48.7496143357363,49.01850720906289,-5.959287141905303,0.06,0.06,0.06,0.1646119582755895,2.523847010431103,-12.7820066813626,-1.1623664503248363,-0.7090838741879091,-9.000788816774945,0.05,0.14,0.15,13.0298348274745,48.46329126158625,-0.4556758614760243
2088.19,0.0,13.104263934016556,47.969069721937146,47.968311575695374,48.75769535187086,49.008222279437085,-5.999260493004487,0.06,0.06,0.06,0.1737022475740363,2.521574438106492,-12.764280617230629,-1.0725012481283018,-0.9337468796792456,-8.970833749376101,0.05,0.14,0.15,13.012123953956705,48.42582473223512,-0.406669437455035
2088.2000000000003,0.0,13.08926768307922,47.80500520329301,47.90879280119746,48.40509397854917,49.00814,-6.058904726181582,0.06,0.06,0.06,0.1827925368725347,2.5193018657818667,-12.746554553098555,-1.1091111667496651,-0.9908888332503348,-8.913405107661664,0.05,0.14,0.15,12.994419878454975,48.281757995759904,-0.4217131150632061
2088.21,0.0,13.074271432141972,47.640595125967,47.84900731853345,48.04958387627928,49.00814,-6.118919729932482,0.06,0.06,0.06,0.1918828261709814,2.517029293457255,-12.728828488966586,-1.4345993990978805,-0.6654006009021196,-8.793224837256169,0.05,0.14,0.15,12.976722628793015,48.13683158019494,-0.5830518523876209
2088.2200000000003,0.0,13.059275181204722,47.64171861619453,47.88428431687125,48.22632112308779,49.019794926046586,-6.149459999999999,0.06,0.06,0.06,0.2009731154694282,2.514756721132643,-12.711102424834616,-1.6369720419373637,-0.1467773340024302,-8.903434847726146,0.05,0.14,0.15,12.959032232935442,48.19302974555004,-0.6882618764358418
2088.23,0.0,13.05,47.644937468037085,47.92076463775364,48.40979567811389,49.03159738280265,-6.179459999999998,0.06,0.06,0.06,0.2100634047678749,2.5124841488080314,-12.693376360702644,-1.5620843734402516,0.8067923115274644,-9.532491263101887,0.05,0.14,0.15,12.94134871898903,48.25177379167682,-0.6670682128602762
2088.24,0.0,13.05,47.62690635682166,47.83181376311878,48.38134458770626,49.03168,-6.121080000000003,0.06,0.06,0.06,0.2191536940663216,2.51021157648342,-12.675650296570671,-1.456659159160335,1.0920420420503745,-10.14678678678289,0.05,0.14,0.15,12.92367211520342,48.21793617691167,-0.5683590002368755
2088.25,0.0,13.05,47.608725447276406,47.7419786806599,48.35139956021997,49.03168,-6.061080000000003,0.06,0.06,0.06,0.2282439833647684,2.507939004158808,-12.6579242324387,-1.281483983985104,-0.1491991991912624,-10.727367367363655,0.05,0.14,0.15,12.906002449971957,48.18344592203906,-0.2925986731159298
2088.26,0.0,13.05,47.721560930117136,47.82045224073631,48.254017518030125,49.03168,-6.118934733683554,0.06,0.06,0.06,0.2373342726632668,2.5056664318341832,-12.640198168306627,-1.117132867132949,-1.2212737262733222,-11.151433566433528,0.05,0.14,0.15,12.888339751832408,48.206927672220885,-0.061750521149381316
2088.27,0.0,13.05,47.83545299676711,47.90028312857508,48.15609162894791,49.03168,-6.178949737434284,0.06,0.06,0.06,0.2464245619617135,2.5033938595095715,-12.622472104174658,-0.9772727272728536,-1.9105844155837923,-11.221363636363574,0.05,0.14,0.15,12.87068404946822,48.23087693857252,0.06747742373327059
2088.28,0.0,13.05,47.87875486547641,47.77817540357076,48.20392509429208,48.642969474479,-6.209445554445506,0.06,0.06,0.06,0.2555148512601603,2.50112128718496,-12.604746040042688,-0.7702153229849863,-2.1277366049085784,-11.24712819228854,0.05,0.14,0.15,12.853035371708742,48.125956209454564,0.16349083142632964
2088.29,0.0,13.05,47.92072620065355,47.65226139803936,48.25450593412094,48.24693226049986,-6.239415584415527,0.06,0.06,0.06,0.264605140558607,2.4988487148603484,-12.587019975910716,-0.4096745117685017,-1.266444667002532,-11.172015523285104,0.05,0.14,0.15,12.835393747530485,48.01860644832843,0.1836398364412765
2088.3,0.0,13.05,47.72764318000099,47.63969239000006,48.12098374000068,48.24416,-6.181170000000117,0.06,0.06,0.06,0.2736954298570538,2.4965761425357367,-12.569293911778743,-0.305843734396697,-0.3644957563690241,-10.783791812285507,0.05,0.14,0.15,12.817759206057877,47.93311982750043,0.06596708856542738
2088.31,0.0,13.05,47.532903180000986,47.62792239000006,47.98616374000069,48.24416,-6.121170000000117,0.06,0.06,0.06,0.2827857191555005,2.494303570211125,-12.551567847646773,-0.7801323015450741,0.6290139790259971,-9.690431852227672,0.05,0.14,0.15,12.800131776564118,47.847787327500434,-0.3620847288331093
2088.32,0.0,13.05,47.44592616264662,47.59190332753068,48.02432755533425,48.40059022133703,-6.002340000000233,0.06,0.06,0.06,0.2918760084539473,2.492030997886513,-12.533841783514802,-1.1328775356869054,1.2849211119467452,-8.777483095420632,0.05,0.14,0.15,12.782511488472045,47.86568681671215,-0.6869115662971859
2088.33,0.0,13.034861630515984,47.359708803780265,47.55571332504356,48.06371079333494,48.55812317333976,-5.882339999999551,0.06,0.06,0.06,0.3009662977524457,2.4897584255618885,-12.51611571938273,-1.2080090157773715,1.1697195091413637,-8.27660656148419,0.05,0.14,0.15,12.76489837135489,47.88431402387463,-0.7759650916214544
2088.34,0.0,12.994971328845615,47.2645194242805,47.44982092615787,48.0644,48.36615071339206,-5.88,0.06,0.06,0.06,0.3100565870508924,2.487485853237277,-12.49838965525076,-1.365286470870042,0.7474482426622573,-8.035286470870043,0.05,0.14,0.15,12.747292454937575,47.7862227659576,-0.8213937183396804
2088.3500000000004,0.0,12.95508102717525,47.16917023779743,47.34268700876115,48.0644,48.16795296620814,-5.88,0.06,0.06,0.06,0.3191468763493392,2.485213280912665,-12.480663591118788,-1.707125662011287,-0.3647327876705248,-8.377125662011288,0.05,0.14,0.15,12.729693769096976,47.68605255319168,-0.7688079624746695
2088.36,0.0,12.915190725504884,47.17295757425742,47.1835092574261,47.93604767326762,48.20880762376228,-5.938829999999883,0.06,0.06,0.06,0.3282371656477859,2.4829407085880537,-12.462937526986815,-1.950780031201525,-1.2296099843992372,-8.827394695785127,0.05,0.14,0.15,12.712102343863208,47.62533053217836,-0.6925557321647013
2088.37,0.0,12.87530042383452,47.17825460396038,47.02353896039646,47.8057407425746,48.253302673267214,-5.998829999999884,0.06,0.06,0.06,0.3373274549462327,2.480668136263442,-12.445211462854846,-1.8675767030684465,-1.2712116484657767,-9.638627145082648,0.05,0.14,0.15,12.694518209420432,47.56520924504967,-0.5375177059737787
2088.38,0.0,12.835410122164154,47.13446828897353,46.97396828897353,47.651466793409874,48.29359698352332,-6.117659999999767,0.06,0.06,0.06,0.3370269772338604,2.4811148835373023,-12.437398605079627,-1.785403044672197,-1.1601048165731194,-10.392163713498464,0.05,0.14,0.15,12.686938255951684,47.51337508872006,-0.4074362633010529
2088.3900000000003,0.0,12.79551982049356,47.08890174904934,46.92840174904934,47.49632357414419,48.333738935361296,-6.237660000000449,0.06,0.06,0.06,0.3328158968285239,2.482694038689304,-12.433713909724958,-1.705542800099845,-0.7058996755678679,-11.016071874219962,0.05,0.14,0.15,12.683523867593465,47.46184150190105,-0.33342610567641007
2088.4,0.0,12.755629518823197,47.00997280217077,46.98673844104582,47.47210775530343,48.36023573260975,-6.181155288822018,0.06,0.06,0.06,0.3286048164232114,2.484273193841296,-12.43002921437031,-1.646949661908356,-0.1337716003018771,-11.42864763335849,0.05,0.14,0.15,12.680111225739083,47.45726368278244,-0.3108026750029713
2088.4100000000003,0.0,12.715739217152828,46.93079174642359,47.04586029600373,47.44888131228425,48.386629417858806,-6.121140285071118,0.06,0.06,0.06,0.3243937360178988,2.485852348993288,-12.42634451901566,-1.6369321312296838,0.7077009767065628,-11.358524918607786,0.05,0.14,0.15,12.67670033179903,47.4530406931426,-0.40555024135567275
2088.42,0.0,12.675848915482463,46.93632467999997,47.114017439999735,47.34167224500042,48.271834480000464,-6.090701841712304,0.06,0.06,0.06,0.3201826556125862,2.48743150414528,-12.422659823661013,-1.4885675068651316,1.0686274020497712,-11.273104567008296,0.05,0.14,0.15,12.673291187184608,47.41596221125015,-0.40618431354877904
2088.4300000000003,0.0,12.65,46.944884679999966,47.182497439999736,47.23146224500043,48.15199448000047,-6.060836236933892,0.06,0.06,0.06,0.3159715752072736,2.4890106592972723,-12.418975128306364,-1.0293711005767183,0.3498852009026897,-11.153314200150447,0.05,0.14,0.15,12.669883793307912,47.377709711250155,-0.19536858717128253
2088.44,0.0,12.65,46.97407026716585,46.98365992509495,47.20702409488153,47.856893737829616,-6.0600000000000005,0.06,0.06,0.06,0.3117604948019611,2.490589814449265,-12.415290432951716,-0.6840721262215073,-0.4138542449223081,-10.71463561233007,0.05,0.14,0.15,12.666478151581837,47.255412006242985,-0.06638299809271514
2088.4500000000003,0.0,12.65,47.00399286392,46.77527041198567,47.18565081148571,47.55553044194851,-6.0600000000000005,0.06,0.06,0.06,0.3075494143966246,2.492168969601266,-12.411605737597046,-0.5989231154523121,-1.2803706486323534,-9.54759328825816,0.05,0.14,0.15,12.663074263420043,47.130111132334974,-0.12430335480506988
2088.46,0.0,12.65,46.91369059058095,46.75318099177678,47.19615779217538,47.53821756790433,-6.118379999999996,0.06,0.06,0.06,0.303338333991312,2.493748124753258,-12.407921042242398,-0.5476865485399603,-1.6709258797130797,-8.70925380584016,0.05,0.14,0.15,12.65967213023705,47.10031173560936,-0.19335890981955123
2088.4700000000003,0.0,12.65,46.81876908547258,46.7382495190631,47.20788966359327,47.53181836531276,-6.178379999999995,0.06,0.06,0.06,0.2991272535859994,2.49532727990525,-12.40423634688775,-0.5726428749687492,-0.9921138008500212,-8.609428500125004,0.05,0.14,0.15,12.656271753448106,47.07418165836043,-0.28743250777381885
2088.48,0.0,12.65,46.734449653440805,46.656381572074665,47.03362616775561,47.53154,-6.121385542168771,0.06,0.06,0.06,0.2949161731806868,2.4969064350572427,-12.4005516515331,-0.6464312546954198,-0.4162885048840931,-8.543050338091644,0.05,0.14,0.15,12.652873134469266,46.98899934831777,-0.382134087759219
2088.49,0.0,12.65,46.65061238573614,46.571469467604544,46.85090391763004,47.53154,-6.061144578313445,0.06,0.06,0.06,0.2907050927753743,2.498485590209235,-12.396866956178451,-0.8317555722508501,-0.0756924618092484,-8.553067868770317,0.05,0.14,0.15,12.649476274717381,46.90113144274268,-0.4782700240751766
2088.5,0.0,12.65,46.51441870967804,46.56854,46.83323322330588,47.63280764691125,-6.0306726457399975,0.06,0.06,0.06,0.2864940123700617,2.500064745361227,-12.393182260823805,-1.1121936610907823,0.2952832543029176,-8.592283503867742,0.05,0.14,0.15,12.646081175610089,46.88724989497379,-0.6050872287153769
2088.51,0.0,12.65,46.37635419354831,46.56854,46.82146028007001,47.737693868467176,-6.000777279521582,0.06,0.06,0.06,0.2822829319647252,2.501643900513228,-12.389497565469137,-1.6063289243822096,0.7345145994508531,-8.697100074868953,0.05,0.14,0.15,12.64268783856579,46.876012085521374,-0.8008376725800727
2088.52,0.0,12.65,46.39225003984062,46.53971394422313,46.84679754980078,47.683607888446254,-6.0,0.06,0.06,0.06,0.2780718515594126,2.5032230556652206,-12.385812870114489,-1.9393238166792448,0.7974981217142766,-9.000300525919146,0.05,0.14,0.15,12.639296265003734,46.8655923555777,-0.873327239093799
2088.53,0.0,12.648420315936823,46.41356478087645,46.50987330677297,46.873440976095566,47.62392661354593,-6.0,0.06,0.06,0.06,0.2738607711541,2.5048022108172128,-12.382128174759838,-1.9042624593038933,0.0011044327598601,-9.756624092158876,0.05,0.14,0.15,12.635906456343896,46.85520141932273,-0.6642800561911686
2088.54,0.0,12.643421315736866,46.51179203398265,46.42563163418321,46.8776336431784,47.332497541230445,-6.0,0.06,0.06,0.06,0.2696496907487875,2.506381365969205,-12.37844347940519,-1.7846867981047627,-0.7375517843744994,-10.45986523583456,0.05,0.14,0.15,12.63251841400706,46.78688871314368,-0.4408884762101316
2088.55,0.0,12.638422315536909,46.61339123438229,46.33900494752668,46.8808420389805,47.03090833583362,-6.0,0.06,0.06,0.06,0.2654386103434749,2.507960521121197,-12.374758784050542,-1.475228350388658,-1.3464861492352211,-11.043843274266566,0.05,0.14,0.15,12.629132139414791,46.71603663918077,-0.18526857551981718
2088.56,0.0,12.633423315336952,46.49647435884644,46.39592282057678,46.871729400251,47.01794,-6.087500625468759,0.06,0.06,0.06,0.2612275299381623,2.509539676273189,-12.371074088695892,-1.1806912096185025,-1.5854545454584383,-11.492704733282348,0.05,0.14,0.15,12.625747633989436,46.695516644918555,0.006421691606326885
2088.57,0.0,12.628424315136996,46.36973910163201,46.459290449184,46.86206315181939,47.01794,-6.177568176131586,0.06,0.06,0.06,0.2546861171529582,2.5085829645741224,-12.362560564014142,-0.9202354119722912,-0.9793939393970628,-11.632950162784152,0.05,0.14,0.15,12.617081960871127,46.67725817565886,0.05209205677742881
2088.58,0.0,12.62342531493701,46.36009022455091,46.34103525449126,46.71237651197635,47.10960600299383,-6.18,0.06,0.06,0.06,0.2471859296482348,2.506582914572862,-12.35206030150753,-0.7169230769230441,-0.4076923076920915,-11.60999999999983,0.05,0.14,0.15,12.606246566029197,46.63077699850308,0.05744749186380674
2088.59,0.0,12.618426314737054,46.354750903193626,46.216095134730864,46.55753619261517,47.20464592315344,-6.18,0.06,0.06,0.06,0.239685742143554,2.504582864571615,-12.341560039000976,-0.6419980019982058,0.0868131868118416,-11.22038961039067,0.05,0.14,0.15,12.595415387225563,46.58325703842328,-0.02777477311054319
2088.6000000000004,0.0,12.613427314537097,46.25673401452584,46.22248490358122,46.58848332081126,47.24031563736525,-6.092721819545143,0.06,0.06,0.06,0.2321855546388732,2.5025828145703666,-12.331059776494424,-0.6466808510629023,0.4575744680846552,-10.600723404261036,0.05,0.14,0.15,12.584588435346014,46.57700446907089,-0.16167991111049335
2088.61,0.0,12.60842831433714,46.154905815177145,46.234275537190015,46.627070848985504,47.273543786626405,-6.002744313921748,0.06,0.06,0.06,0.2246853671341925,2.5005827645691183,-12.32055951398787,-0.8319123904871246,0.5476871088856282,-9.459296620782045,0.05,0.14,0.15,12.573765721309641,46.572448996994765,-0.40599653238020816
2088.62,0.0,12.603429314137184,46.03582965035038,46.119289650350375,46.68616517482481,47.20569988012032,-5.941728024042156,0.06,0.06,0.06,0.2171851796295117,2.49858271456787,-12.310059251481317,-1.0170012484384454,0.5237278402012717,-8.629945068664876,0.05,0.14,0.15,12.562947256068888,46.51174608891148,-0.5911745861456195
2088.63,0.0,12.6,45.91610937063014,45.99956937063013,46.746025314684935,47.13408149850196,-5.881622839969953,0.06,0.06,0.06,0.209684992124831,2.496582664566622,-12.299558988974765,-1.201770287140126,0.2440774032473766,-8.500107365793426,0.05,0.14,0.15,12.552133050609642,46.44894638861179,-0.6437940680138259
2088.6400000000003,0.0,12.6,45.90537777777778,46.00635407407407,46.6936903703704,46.97577407407415,-5.909190000000086,0.06,0.06,0.06,0.2021848046201076,2.4945826145653625,-12.289058726468152,-1.3774893617020978,-0.1077872340424534,-8.478936170212723,0.05,0.14,0.15,12.541323115951284,46.3952990740741,-0.6694198572217229
2088.65,0.0,12.6,45.89895135135135,46.01813585585585,46.63692360360361,46.814042342342354,-5.939190000000001,0.06,0.06,0.06,0.1946846171154269,2.492582564564114,-12.278558463961598,-1.532683354192221,-0.6234317897354429,-8.704217772214513,0.05,0.14,0.15,12.530517463147058,46.34201328828829,-0.6338246571927384
2088.6600000000003,0.0,12.6,45.9306958799999,45.82876768000056,46.64932071999996,46.80203112000002,-5.969052002985833,0.06,0.06,0.06,0.1871844296107461,2.490582514562866,-12.268058201455045,-1.6554057428212017,-0.9676754057430388,-9.089545568035902,0.05,0.14,0.15,12.519716103283788,46.30270385000011,-0.5809265709499933
2088.67,0.0,12.6,45.963865879999815,45.63188768000112,46.66430071999992,46.79561112000004,-5.998910176660895,0.06,0.06,0.06,0.1796842421060654,2.4885824645616177,-12.257557938948493,-1.7053433208486828,-0.9277253433210538,-9.833615480645372,0.05,0.14,0.15,12.508919047482241,46.26391635000022,-0.4892442194977652
2088.6800000000003,0.0,12.6,45.83767894667412,45.64182955258367,46.45367354796244,46.82603319465061,-6.058013045659807,0.06,0.06,0.06,0.1721840546013846,2.486582414560369,-12.24705767644194,-1.7354042553192242,-0.7529361702151725,-10.54608510637977,0.05,0.14,0.1463602550478904,12.498126306897179,46.18980381046771,-0.4096903038186917
2088.69,0.0,12.6,45.70554092455104,45.65949506356269,46.23462121182258,46.85783111441285,-6.118223783241266,0.06,0.06,0.06,0.1646838670967039,2.484582364559121,-12.236557413935389,-1.7203854818523954,-0.2723354192766495,-11.186886107631134,0.05,0.14,0.14,12.487337892717456,46.11437207858729,-0.3576433633904812
2088.7000000000003,0.0,12.6,45.57340290242721,45.677160574541816,46.015568875681474,46.88962903417527,-6.178434520823068,0.06,0.06,0.06,0.1571836795919805,2.482582314557862,-12.226057151428773,-1.639274856715663,0.1830002491901513,-11.530062297533004,0.05,0.14,0.1436349121873373,12.476553816166073,46.03894034670645,-0.32581645407882215
2088.71,0.0,12.6,45.60355104011872,45.68920721644374,45.9954906092125,46.7369958395251,-6.18,0.06,0.06,0.06,0.1496834920872997,2.4805822645566136,-12.21555688892222,-1.4100199352106286,0.5817044605032546,-11.206115125841109,0.05,0.14,0.15,12.465774088500536,46.00631117632501,-0.3393125642724526
2088.7200000000003,0.0,12.6,45.64488833580959,45.70086645368988,45.98913102526006,46.57164665676162,-6.18,0.06,0.06,0.06,0.142183304582619,2.4785822145553653,-12.205056626415669,-1.1742538249313426,0.6357913217967742,-10.808813644344834,0.05,0.14,0.15,12.45499872101259,45.97663311788029,-0.32588886661174166
2088.73,0.0,12.594369571728093,45.65130868314832,45.57220750252345,45.97474614530785,46.40544759838634,-6.121842696629162,0.06,0.06,0.06,0.1346831170779382,2.476582164554117,-12.194556363909111,-0.9234386756969626,-0.1066215199369909,-10.241971407075136,0.05,0.14,0.15,12.444227725028563,45.90092748234149,-0.25024654020144377
2088.74,0.0,12.5744035140262,45.65454783551966,45.43076451564151,45.95963010090826,46.23917110999078,-6.061917602996185,0.06,0.06,0.06,0.1271829295732575,2.474582114552869,-12.18405610140256,-0.7407565543072792,-0.650811485642403,-9.674374531838303,0.05,0.14,0.15,12.433461111909455,45.82102839051505,-0.21821076922484475
2088.75,0.0,12.554437456324312,45.58043868948697,45.42443373594131,45.87160583374133,46.110930562347846,-6.089039999999954,0.06,0.06,0.06,0.1196827420685767,2.472582064551621,-12.173555838896007,-0.7107940074907904,-0.7506866416973655,-9.105086142325018,0.05,0.14,0.15,12.422698893050997,45.74685220537936,-0.28391870354220117
2088.76,0.0,12.534471398622308,45.50090812713933,45.4275731002445,45.77847135941317,45.98535599022,-6.119040000000038,0.06,0.06,0.06,0.1121825545638534,2.470582014550361,-12.163055576389397,-0.699159391369416,-0.7833624345223363,-8.603140434023482,0.05,0.14,0.15,12.411941079883734,45.67307714425425,-0.3525776027042611
2088.77,0.0,12.514505340920415,45.470856907844656,45.405690403655775,45.765280487433365,46.006274150799655,-6.178167250876331,0.06,0.06,0.06,0.1169083822662187,2.468182004666785,-12.145092438267634,-0.7290920429033793,-0.6636318283864829,-8.253926166127242,0.05,0.14,0.15,12.393904159387013,45.66202548743337,-0.4279292129834561
2088.78,0.0,12.494539283218526,45.446952363544106,45.38069928915975,45.76202077684693,46.045390677836906,-6.238257386079078,0.06,0.06,0.06,0.1266522218518428,2.4656178363547783,-12.12406625810918,-0.8059032823844546,-0.5104986219004077,-8.126339263340622,0.05,0.14,0.15,12.372885465051082,45.65876577684692,-0.4889561178670491
2088.79,0.0,12.474573225516636,45.27966080000049,45.24679040000039,45.66332000000029,46.17846079999961,-6.123509122719331,0.06,0.06,0.06,0.1363960614374669,2.463053668042772,-12.103040077950729,-0.9913204710589736,-0.2799799548996547,-8.512207466798404,0.05,0.14,0.15,12.351875014981175,45.59205800000019,-0.5167962674635388
2088.8,0.0,12.454607167814746,45.09990080000049,45.10341040000039,45.55632000000029,46.31970079999961,-6.00353911522113,0.06,0.06,0.06,0.146139901023091,2.4604894997307656,-12.082013897792278,-1.2210557918420697,0.0239279459568869,-8.882586940203312,0.05,0.14,0.15,12.330872851319251,45.51983300000019,-0.569494642608353
2088.81,0.0,12.434641110112857,45.108144231826046,45.16866565575789,45.63530594054425,46.21492785410987,-6.058229999999868,0.06,0.06,0.06,0.1558837406087151,2.4579253314187595,-12.060987717633823,-1.5513034776057673,0.494280710529426,-9.217838378781613,0.05,0.14,0.15,12.309879016478193,45.53176092055951,-0.6785708234098212
2088.82,0.0,12.414675052410963,45.13273578815877,45.25206310766887,45.73046457157088,46.088762478141966,-6.118229999999698,0.06,0.06,0.06,0.1656275801943392,2.455361163106753,-12.039961537475373,-1.7677214873973832,0.6281482405841115,-9.660269528319814,0.05,0.14,0.15,12.288893553143843,45.55100648638512,-0.6982113648614751
2088.83,0.0,12.4,45.1485060130065,45.23427783391696,45.79623391195597,46.02931566783392,-6.090899550224835,0.06,0.06,0.06,0.1753714197800187,2.452796994794732,-12.018935357316805,-1.727791365111094,0.004240079860842,-10.344072872472518,0.05,0.14,0.15,12.267916504276908,45.55208335667834,-0.516439938012011
2088.84,0.0,12.4,45.16349350675336,45.20751445222615,45.85939549274629,45.9757889044523,-6.060914542728545,0.06,0.06,0.06,0.1851152593656428,2.4502328264827256,-11.99790917715835,-1.5780952380952598,-0.5534285714285494,-11.039428571428532,0.05,0.14,0.15,12.2469479131155,45.55154808904453,-0.3029464282084443
2088.8500000000004,0.0,12.4,45.29174417446993,45.25966896007875,45.834416111384975,45.922989857072544,-6.147233191702159,0.06,0.06,0.06,0.1948590989512668,2.4476686581707194,-11.976882996999898,-1.177092731829847,-0.95944360902228,-11.761233082706276,0.05,0.14,0.15,12.225987823176522,45.57720477575155,-0.016826044270796925
2088.86,0.0,12.4,45.42991075899428,45.31873253819603,45.80172020207005,45.87025451946783,-6.237210697325554,0.06,0.06,0.06,0.204602938536891,2.445104489858713,-11.955856816841449,-0.844518703242218,-1.0042044887794264,-12.16136658354172,0.05,0.14,0.15,12.205036278258222,45.60515450468205,0.16006893449252824
2088.87,0.0,12.4,45.34163533145681,45.29300798054788,45.72692735090893,45.85570035833124,-6.29813999999992,0.06,0.06,0.06,0.214346778122515,2.4425403215467067,-11.934830636682994,-0.6649675810481014,-0.2411122194544306,-11.842164588529958,0.05,0.14,0.15,12.184093322442175,45.55431775531121,0.0927090427838462
2088.88,0.0,12.4,45.22551554645574,45.25685748144377,45.64695806501197,45.84584113130284,-6.35813999999992,0.06,0.06,0.06,0.2240906177081391,2.4399761532347,-11.913804456524542,-0.5278672985784205,0.2733175355453282,-11.462274881519468,0.05,0.14,0.1463617021277249,12.163159000095446,45.49379305605358,0.027765757120612272
2088.8900000000003,0.0,12.4,45.07157616600807,45.14064931818194,45.63399438735178,45.93141103754931,-6.301947079380779,0.06,0.06,0.06,0.2338344572938186,2.4374119849226794,-11.89277827636597,-0.487957096532796,0.2184410077325945,-10.94344225492635,0.05,0.14,0.14,12.142233355872591,45.444407727272775,-0.03164477259665749
2088.9,0.0,12.4,44.915093952569485,45.01905840909115,45.62553588932808,46.02339720355712,-6.242036944583089,0.06,0.06,0.06,0.2435782968794427,2.434847816610673,-11.87175209620752,-0.5681986954337224,0.1304089312595439,-10.300486703462884,0.05,0.14,0.14,12.121316434718304,45.395771363636456,-0.1467416078223382
2088.9100000000003,0.0,12.4,44.97806188944696,44.94858903517609,45.69352733668317,45.893945326633656,-6.211027243189168,0.06,0.06,0.06,0.2533221364650668,2.4322836482986667,-11.850725916049068,-0.929463120921793,-0.035170597089155,-9.367220270952036,0.05,0.14,0.14,12.100408281868894,45.37853089698497,-0.39208304074035594
2088.92,0.0,12.4,45.061941286431775,44.882991045226426,45.76880371859262,45.74339256281475,-6.181034741314617,0.06,0.06,0.06,0.2630659760506909,2.42971947998666,-11.829699735890614,-1.244236526944773,-0.18976546906105,-8.567055888226731,0.05,0.14,0.14,12.079508942854947,45.36428215326639,-0.602810613444027
2088.9300000000003,0.0,12.389326290612097,44.846310587066135,44.71874316418016,45.69205349253786,45.49300474627023,-6.18,0.06,0.06,0.06,0.272809815636315,2.427155311674654,-11.808673555732163,-1.453817365267993,-0.3195059880230435,-8.068053892219064,0.05,0.14,0.14,12.058618463503441,45.1875279975136,-0.7352193866065996
2088.94,0.0,12.344478772174806,44.60569367164364,44.54626555224012,45.6026206567171,45.234288328360186,-6.18,0.06,0.06,0.06,0.2825536552219391,2.4245911433626475,-11.78764737557371,-1.6242484969934066,-0.2357139278598906,-7.812447394787362,0.05,0.14,0.1435237586758852,12.037736889939971,44.99721705224026,-0.8398496654244594
2088.9500000000003,0.0,12.299631253737262,44.5314263806972,44.54649817694366,45.36055302949124,45.2517802144771,-6.151034482758568,0.06,0.06,0.06,0.2922974948076186,2.4220269750506267,-11.76662119541514,-1.704408817635196,0.3404383767529704,-8.118058617234185,0.05,0.14,0.15,12.016864268590892,44.9225644504023,-0.8804287052140503
2088.96,0.0,12.254783735299972,44.473010587375256,44.56318840360707,45.1039407945413,45.29559205946856,-6.121049475262279,0.06,0.06,0.06,0.2986714310104786,2.42,-11.74867143101048,-1.7799374530897478,0.60810607956013,-8.691941456090806,0.05,0.14,0.15,11.999036837077536,44.858932961248044,-0.8467751231546368
2088.9700000000003,0.0,12.20993621686268,44.45921664346483,44.55029104923954,45.09216398556322,45.41572713070345,-6.206828292926852,0.06,0.06,0.06,0.29232981292224,2.42,-11.74232981292224,-1.844986239679567,0.1777833375044026,-9.872827120336757,0.05,0.14,0.15,11.992671351911783,44.87934970224276,-0.6451596381515264
2088.98,0.0,12.165088698425391,44.45259638051046,44.532637014694544,45.11974841453977,45.5481323897909,-6.296805798550247,0.06,0.06,0.06,0.2859881948340013,2.42,-11.735988194834002,-1.8562465753429027,-0.2074520547933885,-10.874109589038712,0.05,0.14,0.15,11.986309196615423,44.91327854988392,-0.4573501796603769
2088.99,0.0,12.1202411799881,44.41967002488817,44.37706708810432,44.8753877650585,45.58301301144835,-6.3,0.06,0.06,0.06,0.2796465767457627,2.42,-11.729646576745765,-1.74665753424691,-0.4913872976330063,-11.471867995016856,0.05,0.14,0.15,11.979950376493605,44.813784472374834,-0.30055945606035683
2089.0,0.0,12.07539366155081,44.38451820806397,44.2098296565468,44.608020915880566,45.6096431757091,-6.3,0.06,0.06,0.06,0.2733049586575241,2.42,-11.723304958657524,-1.6534890109891949,-0.4348301698330124,-11.753409090910614,0.05,0.14,0.15,11.97359489685996,44.703002989050105,-0.23254459698616115
2089.01,0.0,12.030546143113266,44.3130933916522,44.19528,44.61991997000744,45.56898670332424,-6.328891662506316,0.06,0.06,0.06,0.2669633405692494,2.42,-11.716963340569247,-1.5985439560440011,0.4143206793199826,-11.29886363636401,0.05,0.14,0.15,11.967242763036586,44.67432001624597,-0.37118104319236345
2089.02,0.0,11.985698624675976,44.23821211197208,44.19528,44.65843034241436,45.521918470382445,-6.358846729905161,0.06,0.06,0.06,0.2606217224810108,2.42,-11.710621722481012,-1.4061571178397971,0.7560845634249078,-10.897850888166882,0.05,0.14,0.15,11.96089398035419,44.65346023119222,-0.4028003206165447
2089.03,0.0,11.95,44.16042024487774,44.1572204047977,44.62959572713651,45.2855388805603,-6.331140570285163,0.06,0.06,0.06,0.2542801043927721,2.42,-11.704280104392772,-0.8907705779343787,-0.0945534150597633,-10.622644483363018,0.05,0.14,0.15,11.954548554151867,44.55819381434306,-0.18292028848922526
2089.04,0.0,11.95,44.08234928036012,44.11551125937048,44.59430337331348,45.03100614692752,-6.301125562781449,0.06,0.06,0.06,0.2479384863045335,2.42,-11.697938486304531,-0.4895404595407406,-0.7589310689305901,-10.205224775226336,0.05,0.14,0.15,11.948206489777274,44.4557925149929,-0.042266627792958505
2089.05,0.0,11.95,44.16253348216411,44.220686852705136,44.48515315214805,44.875946440185054,-6.3,0.06,0.06,0.06,0.2415968682162949,2.42,-11.691596868216296,-0.3546753246760316,-0.9887012987000944,-9.455974025977952,0.05,0.14,0.15,11.941867792586594,44.43607998180059,-0.08647450043681457
2089.06,0.0,11.95,44.258083106041774,44.34012388255221,44.36883187090567,44.73054483863209,-6.3,0.06,0.06,0.06,0.2352552501280562,2.42,-11.685255250128057,-0.3168046149973428,-0.9706170052715491,-8.732678705798703,0.05,0.14,0.15,11.935532467944533,44.42439592453294,-0.18509976889888646
2089.07,0.0,11.95,44.15185182429039,44.26851002584053,44.37220546770009,44.68535105943172,-6.242310000000131,0.06,0.06,0.06,0.2289136320398176,2.42,-11.678913632039816,-0.5074241284160153,-0.3686606471073204,-8.070526711818053,0.05,0.14,0.15,11.929200521224342,44.369479594315685,-0.41191635234669477
2089.08,0.0,11.95,44.01029110077573,44.163445426356986,44.39653621705418,44.65770248062026,-6.182309999999961,0.06,0.06,0.06,0.2225720139515429,2.42,-11.672572013951545,-0.6613149999999213,0.0317300000000675,-7.747024999999494,0.05,0.14,0.1463869588455555,11.922871957807788,44.30699380620179,-0.554188325698794
2089.09,0.0,11.95,44.012128544272095,43.99281929965027,44.33582094047041,44.74853797898923,-6.122338830584766,0.06,0.06,0.06,0.2162303958633043,2.42,-11.666230395863304,-0.7313149999999212,-0.0282699999999324,-8.197024999999494,0.05,0.14,0.14,11.916546783085277,44.2723266908455,-0.5033543012736591
2089.1000000000004,0.0,11.95,44.027116038019,43.816180980490415,44.26730668334174,44.85023882941461,-6.062368815592358,0.06,0.06,0.06,0.2098887777750657,2.42,-11.659888777775066,-0.9755713218811536,0.1149589245697731,-8.473614637789552,0.05,0.14,0.14,11.910225002455698,44.24021063281644,-0.5584151576706365
2089.11,0.0,11.95,43.9160286411154,43.82887024390234,44.41399993031302,44.86747114982576,-6.088793404946185,0.06,0.06,0.06,0.203547159686827,2.42,-11.653547159686829,-1.6178416728889575,0.7223773960655262,-8.35412247946252,0.05,0.14,0.14,11.903906621326527,44.256592491289126,-0.8553475727282716
2089.12,0.0,11.95,43.79352988551595,43.85869602787438,44.5801721553001,44.87705800895962,-6.118770921808509,0.06,0.06,0.06,0.1972055415985884,2.42,-11.64720554159859,-2.0492228628730955,0.9422286287309584,-8.42731260967513,0.05,0.14,0.14,11.897591645113817,44.277364019412516,-1.011998322327177
2089.13,0.0,11.94800000000006,43.771546055137925,43.80689628070218,44.63928977443575,44.64612919298428,-6.177525618595117,0.06,0.06,0.06,0.1908639235103498,2.42,-11.64086392351035,-1.9790298320383888,0.2402983203838857,-8.9587741288522,0.05,0.14,0.14,11.891280079242208,44.215965325815034,-0.8350061919122707
2089.1400000000003,0.0,11.938024937655868,43.759746556391,43.74682610526328,44.68756045112772,44.39083094736895,-6.2375106223445576,0.06,0.06,0.06,0.1845223054220751,2.42,-11.634522305422076,-1.872715000000018,-0.2831649999999895,-9.48979499999995,0.05,0.14,0.14,11.884971929144895,44.14624101503774,-0.6645079806044054
2089.15,0.0,11.928049875311734,43.82607651317385,43.725241989657775,44.52240648116289,44.34456410243791,-6.2687550000000725,0.06,0.06,0.06,0.1781806873338365,2.42,-11.628180687333838,-1.6827150000005582,-0.3931649999996769,-10.019794999998444,0.05,0.14,0.14,11.878667200263774,44.104572271608106,-0.5090545536987231
2089.1600000000003,0.0,11.9180748129676,43.89985144545645,43.70732522038914,44.33691522285236,44.31821591233698,-6.298755000000073,0.06,0.06,0.06,0.1718390692455978,2.42,-11.6218390692456,-1.395617469881841,-0.4609186746989319,-10.7184412650553,0.05,0.14,0.1433703498056121,11.872365898049246,44.06557695025873,-0.29986409054264535
2089.17,0.0,11.908099750623466,43.850469332325815,43.81656308389967,44.30179689594363,44.411236679263816,-6.328740629685185,0.0596775000000003,0.0596775000000003,0.0596775000000003,0.1687090909090944,2.417740909090915,-11.61193181818184,-0.8835692771101025,-0.4307981927711825,-11.807798694775569,0.05,0.14,0.15,11.8621622991321,44.09501649785823,0.033821629070408366
2089.1800000000003,0.0,11.898124688279331,43.78468953892695,43.94273088435322,44.286699894179954,44.52015076341603,-6.358725637181389,0.0592229545454553,0.0592229545454553,0.0592229545454553,0.166890909090914,2.4145590909090995,-11.600568181818211,-0.5160864135865644,-0.4563786213781189,-12.539902597402817,0.05,0.14,0.15,11.85036414293004,44.13356777021903,0.2706851792220471
2089.19,0.0,11.888149625935196,43.76694682201964,43.88485785883184,44.16704009456325,44.513087706855885,-6.3408563812063,0.0587684090909104,0.0587684090909104,0.0587684090909104,0.1650727272727336,2.411377272727284,-11.589204545454583,-0.4711313686316613,-0.6062287712277956,-12.474967532467955,0.05,0.14,0.15,11.83856627101019,44.082983120567654,0.2915367487150417
2089.2000000000003,0.0,11.878174563591005,43.75466043228639,43.806080418777405,44.03550345153658,44.4928513002364,-6.320863045651392,0.0583138636363628,0.0583138636363628,0.0583138636363628,0.1632545454545428,2.40819545454545,-11.577840909090892,-0.4369219219219511,-0.5514789789804815,-12.311493993995118,0.05,0.14,0.15,11.826768684223241,44.022273900709195,0.2725920107853453
2089.21,0.0,11.86819950124687,43.7423740425532,43.727302978723415,43.90396680851065,44.47261489361702,-6.300869710096598,0.0578593181818178,0.0578593181818178,0.0578593181818178,0.1614363636363624,2.405013636363634,-11.566477272727266,-0.4269119119119379,-0.0359634634648017,-11.92610860860961,0.05,0.14,0.15,11.81497138342347,43.961564680851076,0.16402469434923575
2089.2200000000003,0.0,11.858224438902736,43.78686365688476,43.76760365688476,44.13809202909391,44.358683787309054,-6.3,0.0574047727272728,0.0574047727272728,0.0574047727272728,0.159618181818182,2.4018318181818183,-11.555113636363638,-0.4261822721597547,0.2890886392012264,-11.408072409489996,0.05,0.14,0.15,11.803174369468342,44.01281078254312,0.05207073023353487
2089.23,0.0,11.85,43.83517065462729,43.815910654627295,44.39680283922618,44.23845303737206,-6.3,0.0569502272727278,0.0569502272727278,0.0569502272727278,0.1578000000000016,2.3986500000000026,-11.543750000000012,-0.4461573033707472,0.1892134831462638,-10.59408988764205,0.05,0.14,0.15,11.791377643218807,44.07158429646321,-0.06743890503817197
2089.24,0.0,11.85,43.69403857997085,43.6385617189845,44.39733566517197,44.24272626307916,-6.185365975518787,0.0564956818181829,0.0564956818181829,0.0564956818181829,0.1559818181818212,2.395468181818187,-11.532386363636384,-0.5567775831866554,0.0984938704029654,-9.857950963223724,0.05,0.14,0.15,11.77958120553923,43.99316555680162,-0.20656028575313415
2089.25,0.0,11.85,43.54156224713573,43.44769973592514,44.382407912307,44.2544552117588,-6.065455908069487,0.0560411363636379,0.0560411363636379,0.0560411363636379,0.1541636363636408,2.392286363636371,-11.521022727272756,-0.8720140105065486,0.0284413309985447,-9.297530647988358,0.05,0.14,0.15,11.767785057297434,43.906531276781664,-0.3899518280064931
2089.26,0.0,11.85,43.47265511144505,43.27296250939151,44.32223511144505,44.18192174805913,-6.0600000000000005,0.0555865909090903,0.0555865909090903,0.0555865909090903,0.15234545454545,2.3891045454545377,-11.509659090909064,-1.1717116441778213,0.0416691654172235,-8.825204897551318,0.05,0.14,0.15,11.755989199364631,43.81244362008518,-0.5634528209465616
2089.27,0.0,11.85,43.4094144402706,43.09931863260741,44.2589944402706,44.10367481592802,-6.0600000000000005,0.0551320454545453,0.0551320454545453,0.0551320454545453,0.1505272727272696,2.385922727272722,-11.498295454545437,-1.4365792103942945,0.2415692153919203,-8.55034232883611,0.05,0.14,0.15,11.744193632615714,43.71785058226915,-0.7147842357628762
2089.28,0.0,11.85,43.2794217565876,43.08082331242161,44.1279921706403,44.2292165872016,-6.145793551612238,0.0546775000000003,0.0546775000000003,0.0546775000000003,0.1487090909090892,2.382740909090906,-11.486931818181809,-1.7108033033024426,0.3230555555560953,-8.518521021019518,0.05,0.14,0.1463496280552957,11.732398357928867,43.67936345671277,-0.8201631355722951
2089.29,0.0,11.85,43.14516830614858,43.07223109159351,43.99266469259776,44.36776614805467,-6.235771057235633,0.0542229545454553,0.0542229545454553,0.0542229545454553,0.1468909090909088,2.3795590909090905,-11.47556818181818,-2.006098598597832,0.1378703703708511,-9.0340365365352,0.05,0.14,0.14,11.720603376185862,43.64445755959863,-0.8220554771939885
2089.3,0.0,11.85,43.132068818701846,42.95579902511872,43.77780277543005,44.36697175826913,-6.268568573569773,0.0537684090909104,0.0537684090909104,0.0537684090909104,0.1450727272727284,2.3763772727272747,-11.464204545454551,-2.17754307116138,-0.0131835205990143,-9.719205992506003,0.05,0.14,0.14,11.708808688271999,43.558160594379935,-0.7602301684401186
2089.31,0.0,11.85,43.12568234767474,42.83339166376594,43.5585339368329,44.35845646356633,-6.298546090432097,0.0533138636363654,0.0533138636363654,0.0533138636363654,0.143254545454548,2.373195454545459,-11.452840909090924,-2.072674157303967,-0.0880898876400236,-10.782876404488336,0.05,0.14,0.14,11.697014295076125,43.46901610295997,-0.5562496493960499
2089.32,0.0,11.85,42.99691638909815,42.86779930982717,43.633972823205184,44.14732345086416,-6.414179999999682,0.0528593181818204,0.0528593181818204,0.0528593181818204,0.1414363636363676,2.370013636363644,-11.441477272727298,-1.9770381451015,-0.095607080529566,-11.613378209920567,0.05,0.14,0.14,11.685220197490656,43.41150299324867,-0.3976645115644479
2089.33,0.0,11.845274549897786,42.859922140535325,42.91275054763685,43.72922663665904,43.922567261815765,-6.534180000000364,0.0524047727272728,0.0524047727272728,0.0524047727272728,0.1396181818181768,2.3668318181818093,-11.430113636363606,-1.902243829468969,0.0489952630266602,-11.917541760159526,0.05,0.14,0.14,11.673426396411521,43.35611664666175,-0.341551683769459
2089.34,0.0,11.82033813774879,42.873550799396654,42.87622176470592,43.54353218702889,43.734019622926304,-6.454364999999971,0.0519502272727278,0.0519502272727278,0.0519502272727278,0.1377999999999964,2.363649999999994,-11.418749999999978,-1.7537533252720972,0.0639613059250565,-12.10812575574366,0.05,0.14,0.14,11.661632892738455,43.25683109351444,-0.2643991437249767
2089.3500000000004,0.0,11.795401725599794,42.89722098541979,42.83426098039219,43.33910785319272,43.54788588738074,-6.364365000000227,0.0514956818181829,0.0514956818181829,0.0514956818181829,0.135981818181816,2.3604681818181783,-11.407386363636352,-1.4345272067723966,-0.2214074969761909,-12.035574365175544,0.05,0.14,0.14,11.649839687374614,43.15461892659636,-0.13850285904885223
2089.36,0.0,11.770465313450796,42.86412231725523,42.88862324216785,43.25489791645976,43.56656162108393,-6.388537865533555,0.0510411363636379,0.0510411363636379,0.0510411363636379,0.1341636363636356,2.3572863636363626,-11.396022727272724,-1.0975675675695094,-0.3804054054066574,-11.823108108111404,0.05,0.14,0.1427811366383788,11.638046781226853,43.143551274241695,-0.04096633828552898
2089.37,0.0,11.7455289013018,42.82794131277996,42.94821548483301,43.17721517155697,43.5963577424165,-6.418530367408105,0.0505865909090929,0.0505865909090929,0.0505865909090929,0.1323454545454552,2.354104545454547,-11.384659090909096,-0.7025571725588157,-0.1257276507287101,-11.152629937632726,0.05,0.14,0.15,11.626254175205691,43.13743242789661,-0.036265625888973474
2089.38,0.0,11.720592489152803,42.75352715284773,42.92087419080944,43.17035575424577,43.59521363136865,-6.391484257871151,0.0501320454545479,0.0501320454545479,0.0501320454545479,0.1305272727272748,2.350922727272731,-11.373295454545469,-0.4052371442839121,0.0051173240145908,-10.539875187221217,0.05,0.14,0.15,11.614461870225314,43.109992682317895,-0.0427589000327024
2089.3900000000003,0.0,11.695656077003669,42.67656411588427,42.88773732767239,43.16821789210789,43.59200683816184,-6.361499250374776,0.05,0.05,0.05,0.1276332675907544,2.35,-11.363688713575346,-0.3253569645532052,-0.1396655017473156,-10.055601597603806,0.05,0.14,0.15,11.604835691643187,43.0811315434566,-0.0741678216376663
2089.4,0.0,11.670719664854673,42.743869661569065,42.70091086487905,43.03357812985757,43.496444196540814,-6.3315213589807575,0.05,0.05,0.05,0.1242998416622598,2.35,-11.354799577766029,-0.2761492238357128,-0.2522984476714255,-9.58471707561432,0.05,0.14,0.15,11.59609520062132,42.993700713211624,-0.11719393141791745
2089.4100000000003,0.0,11.645783252705677,42.82112210579058,42.50348795186852,42.88980274755642,43.39451388819299,-6.301543842118432,0.05,0.05,0.05,0.1209664157337651,2.35,-11.345910441956708,-0.2961792689032952,-0.2923585378065904,-9.144056084127506,0.05,0.14,0.15,11.587355894708583,42.90223167335213,-0.1864438568517976
2089.42,0.0,11.62084684055668,42.64393632510661,42.52296736973312,42.95964047868334,43.332269912740166,-6.271545000000023,0.05,0.05,0.05,0.1176329898052705,2.35,-11.337021306147388,-0.4865234765213487,-0.2596103896111175,-8.688251748253577,0.05,0.14,0.15,11.578617776588462,42.864703521565815,-0.322751276518655
2089.4300000000003,0.0,11.6,42.45079745699368,42.55604640239335,43.04287159311875,43.27251424083782,-6.241545000000023,0.05,0.05,0.05,0.1142995638767759,2.35,-11.32813217033807,-1.0559540459517371,-0.0648051948059846,-8.198741258743244,0.05,0.14,0.15,11.569880848952195,42.830557423335904,-0.6083156994808064
2089.44,0.0,11.6,42.39016022562062,42.36144592128421,43.16868943594845,43.19036786663351,-6.268440779610128,0.05,0.05,0.05,0.1109661379482813,2.35,-11.319243034528752,-1.4731231231227435,0.0037137137148011,-7.812212212212996,0.05,0.14,0.15,11.561145114498773,42.7776658623717,-0.8140309311200111
2089.4500000000003,0.0,11.6,42.33865859613932,42.15114760090223,43.29744350965169,43.1066777187264,-6.298425787106502,0.05,0.05,0.05,0.1076327120197677,2.35,-11.31035389871938,-1.548198198198056,-0.2115015015010937,-7.657057057057351,0.05,0.14,0.15,11.552410575934939,42.72348185635491,-0.840344732900316
2089.46,0.0,11.6,42.234958165458735,42.054184058985335,43.11076265933536,43.13797826043485,-6.328432108027042,0.05,0.05,0.05,0.1042992860912731,2.35,-11.301464762910063,-1.726973026971497,-0.2825774225783558,-7.726523476521349,0.05,0.14,0.15,11.543677235975414,42.63447078605357,-0.8824771618133778
2089.4700000000003,0.0,11.6,42.12798490877314,41.96432652336944,42.904304273932176,43.17648863284166,-6.358439609902492,0.05,0.05,0.05,0.1009658601627785,2.35,-11.292575627100744,-2.136563436561776,-0.0328271728281854,-8.295954045951737,0.05,0.14,0.15,11.534945097342604,42.5432760847291,-0.9598187930551203
2089.48,0.0,11.6,42.07937505247398,42.05453404797552,42.93426494752602,43.142570044977695,-6.36,0.05,0.05,0.05,0.0976324342342838,2.35,-11.283686491291425,-2.2904780976238657,0.0783229036304122,-8.879657071336482,0.05,0.14,0.15,11.526214162766848,42.5526860232383,-0.9347273400537809
2089.49,0.0,11.6,42.03445751124466,42.15613324837517,42.979182488755335,43.104069295352566,-6.36,0.05,0.05,0.05,0.0942990083057892,2.35,-11.274797355482104,-1.8699524405526584,-0.121927409260639,-9.495426783476464,0.05,0.14,0.15,11.517484434986388,42.56846063593193,-0.6794940224497323
2089.5,0.0,11.6,42.08799265051167,42.19040632525584,42.62831191106947,43.039460279790646,-6.38837290677324,0.05,0.05,0.05,0.0909655823772946,2.35,-11.265908219672786,-1.4854157303385418,-0.3406292134818989,-10.082808988761526,0.05,0.14,0.1463430079156248,11.508755916747392,42.4865427916569,-0.4387239768331359
2089.51,0.0,11.6,42.1478677441917,42.22034387209585,42.251954179366464,42.97316999750205,-6.418365408647875,0.05,0.05,0.05,0.087632156448781,2.35,-11.257019083863415,-1.1807965043691744,-0.6003046192262775,-10.60715355805306,0.05,0.14,0.14,11.50002861080393,42.398333948289014,-0.23007124533959358
2089.52,0.0,11.6,42.03111068267109,42.10775414853753,42.28182728182027,42.92789964991263,-6.42,0.05,0.05,0.05,0.0842987305202864,2.35,-11.248129948054098,-0.9607484355444174,-0.584175219023502,-10.99004505632043,0.05,0.14,0.14,11.49130251991822,42.33714794073538,-0.09990567763887315
2089.53,0.0,11.59798397132759,41.90267857464416,41.98574364591195,42.33855146286549,42.88401867967009,-6.42,0.05,0.05,0.05,0.0809653045917918,2.35,-11.23924081224478,-0.9307108886108452,0.0516195244037762,-11.055126408009835,0.05,0.14,0.14,11.482577646860323,42.27774809077293,-0.14608140001429842
2089.54,0.0,11.58305042560606,41.96700981018948,42.06150492007954,42.29188040959063,42.7549178321684,-6.335034965035018,0.05,0.05,0.05,0.0776318786632972,2.35,-11.23035167643546,-0.7968089887657959,0.3861123595521687,-11.020921348315827,0.05,0.14,0.14,11.473853994408397,42.268828243007015,-0.141072827160062
2089.55,0.0,11.568116879884531,42.043972847152496,42.1502261988008,42.2384338561441,42.62023251748313,-6.245124875125213,0.05,0.05,0.05,0.0742984527348025,2.35,-11.221462540626142,-0.4322646691651827,0.0515305867680443,-10.766239700375674,0.05,0.14,0.14,11.465131565348672,42.263216354895135,-0.022403798390656815
2089.56,0.0,11.553183334163004,41.97056268970749,42.10566941647916,42.34746690708668,42.62573336338584,-6.24,0.05,0.05,0.05,0.0709650268063079,2.35,-11.212573404816824,-0.2586382978712244,-0.3326508135147297,-10.409594493118956,0.05,0.14,0.14,11.456410362475463,42.262358094164796,0.021877739646244634
2089.57,0.0,11.538249788441476,41.8869563786633,42.052075627348266,42.467516994739874,42.64073962434249,-6.24,0.0503550177508865,0.0503550177508865,0.0503550177508865,0.071776294407352,2.35,-11.201473786844712,-0.5139574468073147,-0.8282703379200815,-9.82386232791263,0.05,0.14,0.14,11.445552272992687,42.26182215627348,-0.10097105864128579
2089.58,0.0,11.52331624271986,41.98048376405883,41.87188344413924,42.48779213196698,42.57627934016506,-6.183449999999819,0.0508550427521389,0.0508550427521389,0.0508550427521389,0.0742763569089264,2.35,-11.189473486837151,-0.6698426966292136,-1.0288988764044944,-9.283550561797751,0.05,0.14,0.143642105263138,11.433824114871946,42.22910967008253,-0.21422836445219742
2089.59,0.0,11.508382696998332,42.085317555611006,41.68361051237206,42.50169865533615,42.506746723319225,-6.12344999999982,0.0513550677533885,0.0513550677533885,0.0513550677533885,0.0767764194104867,2.35,-11.177473186829666,-0.6049238451936721,-0.5744669163557049,-8.844099875157166,0.05,0.14,0.15,11.422097069315846,42.19434336165961,-0.3061866877726004
2089.6000000000004,0.0,11.493449151276804,41.89511941147192,41.74842961595987,42.45841864339165,42.45841864339165,-6.091753246753246,0.051855092754638,0.051855092754638,0.051855092754638,0.0792764819120469,2.35,-11.165472886822176,-0.6525156445543817,-0.1628585732178992,-8.481406758448893,0.05,0.14,0.15,11.410371139754634,42.140096578553774,-0.41985896606154066
2089.61,0.0,11.478515605555277,41.685922403991086,41.82954682294224,42.411456049875554,42.411456049875554,-6.061783216783311,0.0523551177558876,0.0523551177558876,0.0523551177558876,0.0817765444136072,2.35,-11.153472586814686,-0.9528911138909584,0.1525356695855064,-8.291168961202393,0.05,0.14,0.15,11.398646329632433,42.08459533167111,-0.5823171431768737
2089.62,0.0,11.463582059833747,41.63911521444713,41.68037100075325,42.26291957863132,42.60199283671832,-6.0600000000000005,0.0528551427571372,0.0528551427571372,0.0528551427571372,0.0842766069151674,2.35,-11.141472286807195,-1.1879101123591187,0.37,-8.304202247188782,0.05,0.14,0.15,11.386922642407205,42.046099657637505,-0.6818814508418715
2089.63,0.0,11.45,41.60369008276916,41.51505371958942,42.107263697016016,42.80917618259247,-6.0600000000000005,0.0533551677583867,0.0533551677583867,0.0533551677583867,0.0867766694167277,2.35,-11.129471986799707,-1.277797752808585,0.37,-8.768621722844356,0.05,0.14,0.15,11.375200081550851,42.008795920491764,-0.6417828825423014
2089.6400000000003,0.0,11.45,41.55661697691737,41.48530754529661,42.2200339736907,42.60048337552752,-6.0600000000000005,0.0538551927596392,0.0538551927596392,0.0538551927596392,0.0892767319183021,2.35,-11.11747168679215,-1.4309737171465622,0.2420200250311076,-9.137799749687176,0.05,0.14,0.15,11.363478650549185,41.96561046785805,-0.6240436707377902
2089.65,0.0,11.45,41.5088135517499,41.46406157855552,42.349634370811366,42.36571544303844,-6.0600000000000005,0.0543552177608887,0.0543552177608887,0.0543552177608887,0.0917767944198624,2.35,-11.10547138678466,-1.726342928660022,-0.1734993742166412,-9.2929937421773,0.05,0.14,0.15,11.351758352902285,41.92205623603881,-0.6565404157342729
2089.6600000000003,0.0,11.45,41.43573122807037,41.51020430075174,42.14548448621616,42.18447646616588,-6.113773732119746,0.0548552427621383,0.0548552427621383,0.0548552427621383,0.0942768569214226,2.35,-11.093471086777171,-1.8726292134840328,-0.5638876404478312,-9.491483146066,0.05,0.14,0.15,11.340039192124165,41.818974120301036,-0.6350331304029497
2089.67,0.0,11.45,41.36064350877218,41.56169302255622,41.914857919800255,42.00748398496299,-6.176192457737355,0.0553552677633879,0.0553552677633879,0.0553552677633879,0.0967769194229829,2.35,-11.081470786769684,-1.6878601747823527,-0.8984694132319557,-9.78611485642814,0.05,0.14,0.15,11.328321171743097,41.71116960902291,-0.4936038517966698
2089.6800000000003,0.0,11.45,41.39137241189682,41.5124078380408,41.891088352911815,42.0172820294925,-6.18,0.0558552927646375,0.0558552927646375,0.0558552927646375,0.0992769819245431,2.35,-11.069470486762194,-1.522984476715621,-0.824621932903876,-10.080996494740765,0.05,0.14,0.1463981042654627,11.316604295301628,41.703037658085485,-0.40128728276447345
2089.69,0.0,11.45,41.42988278430364,41.45571201199743,41.88253049237697,42.040816145963326,-6.18,0.056355317765887,0.056355317765887,0.056355317765887,0.1017770444261034,2.35,-11.057470186754704,-1.4028042063101265,0.1668652979414564,-10.376439659487604,0.05,0.14,0.14,11.304888566356647,41.70223535866034,-0.419314853426913
2089.7000000000003,0.0,11.45,41.32491689064583,41.43342532279319,41.83994073781301,42.07000201581021,-6.18,0.0568553427671394,0.0568553427671394,0.0568553427671394,0.1042771069276778,2.35,-11.045469886747147,-1.2348157370520316,0.7121563745023785,-10.497913346613776,0.05,0.14,0.14,11.29317398847938,41.66707124176556,-0.40121869506371055
2089.71,0.0,11.45,41.20931741765506,41.41368882740452,41.79482874835319,42.099606758893216,-6.18,0.057355367768389,0.057355367768389,0.057355367768389,0.1067771694292381,2.35,-11.033469586739658,-0.9609113545822596,0.2689292828694745,-10.233969123506542,0.05,0.14,0.14,11.281460565255738,41.62936043807649,-0.30309279618981844
2089.7200000000003,0.0,11.45,41.09371794466429,41.39395233201585,41.74971675889338,42.12921150197622,-6.18,0.0578553927696386,0.0578553927696386,0.0578553927696386,0.1092772319307983,2.35,-11.021469286732168,-0.765456135966051,-0.2581054736295529,-10.018192951762355,0.05,0.14,0.14,11.26974830028599,41.59164963438744,-0.21530736162436426
2089.73,0.0,11.447627254108626,41.1610450837287,41.27124625843595,41.564986798301256,42.12466071482133,-6.18,0.0583554177708882,0.0583554177708882,0.0583554177708882,0.1117772944323586,2.35,-11.00946898672468,-0.7504598850287758,-0.97792551861876,-9.913219195201432,0.05,0.14,0.14,11.258037197185093,41.53048471382181,-0.1513084076631474
2089.74,0.0,11.422650981567566,41.24983288677774,41.1364599550121,41.36387707573235,42.11610285428648,-6.18,0.0588554427721377,0.0588554427721377,0.0588554427721377,0.1142773569339188,2.35,-10.99746868671719,-0.7551174412792484,-1.1670689655195583,-9.731154422789412,0.05,0.14,0.14,11.2463272595827,41.46656819295217,-0.16075811930526998
2089.75,0.0,11.397674709026504,41.104705059056165,41.09586281496081,41.36715310039354,41.95976301673333,-6.123778110944702,0.0593554677733873,0.0593554677733873,0.0593554677733873,0.1167774194354791,2.35,-10.985468386709702,-0.8050924537729225,-0.132586206900503,-9.37133433283496,0.05,0.14,0.14,11.234618491123241,41.38187099778596,-0.3395646714722079
2089.76,0.0,11.3726984364853,40.93198852362201,41.066374625984245,41.39453499015749,41.78599333169287,-6.063808095951952,0.0598554927746397,0.0598554927746397,0.0598554927746397,0.1192774819370535,2.35,-10.973468086702145,-0.8641079460270094,0.5417841079459813,-8.887961019490035,0.05,0.14,0.14,11.22291089546592,41.29472286786416,-0.5026597720562733
2089.77,0.0,11.34772216394424,40.94486388705162,40.92897148817103,41.432106664970725,41.76773444416179,-6.031919040479772,0.06,0.06,0.06,0.1280174269605473,2.34562685802152,-10.9536007175807,-0.944067966016888,0.3818640679662239,-8.118345827087452,0.05,0.14,0.14,11.202665865715264,41.26841912108879,-0.6293553736963453
2089.78,0.0,11.32274589140318,40.987326364792615,40.774364517934586,41.47130279827011,41.774267133045015,-6.001934032983567,0.06,0.06,0.06,0.1392936955407542,2.33947616606868,-10.93053562275755,-1.108071928071031,0.2474850149852019,-7.581500999000987,0.05,0.14,0.14,11.178960616514962,41.25181520351058,-0.7517032836769812
2089.79,0.0,11.29776961886212,40.82121881915192,40.71272437608543,41.44581532622184,41.74541532622184,-6.028043967024644,0.06,0.06,0.06,0.150569964120961,2.33332547411584,-10.907470527934398,-1.4677122877112765,0.1725599400601508,-7.58649600399599,0.05,0.14,0.14,11.155267473261715,41.181293461920255,-0.8639306934386157
2089.8,0.0,11.27279334632106,40.63116176134995,40.66175935499887,41.4129004167701,41.7125004167701,-6.058021483886969,0.06,0.06,0.06,0.1618462327011679,2.327174782163,-10.884405433111247,-1.5773207547186563,0.0629283018874626,-8.16221886791781,0.05,0.14,0.1434701696770109,11.131586513256616,41.104580487472255,-0.8022103685831006
2089.81,0.0,11.24781707378,40.79896029673531,40.804057878337815,41.38847526211678,41.63303164688451,-6.0600000000000005,0.06,0.06,0.06,0.1731225012813748,2.32102409021016,-10.861340338288098,-1.0993333333357604,-0.1282666666656957,-10.079199999990266,0.05,0.14,0.15,11.107917814420038,41.1561312710186,-0.3316982988843719
2089.82,0.0,11.222840801238938,41.01486534124555,40.97233681008845,41.365191384767634,41.54730464391721,-6.0600000000000005,0.06,0.06,0.06,0.1843987698615816,2.314873398257319,-10.838275243464947,-0.788544099378491,-0.3851726708048143,-11.54526211179818,0.05,0.14,0.15,11.084261455297371,41.22492454500471,0.021256721920688032
2089.83,0.0,11.2,40.99259403472928,41.07770712461701,41.31495038815114,41.57471447395304,-6.112482194671861,0.06,0.06,0.06,0.1956750384418526,2.308722706304444,-10.815210148641665,-0.8481714285713008,-0.7876571428562801,-12.012342857141856,0.05,0.14,0.15,11.060617515064726,41.23999150536262,0.11377184983216779
2089.84,0.0,11.2,40.931388723187005,41.172793947905895,41.26030278855983,41.620618457609744,-6.175790029016285,0.06,0.06,0.06,0.2069513070220595,2.302572014351604,-10.792145053818516,-0.850950943396685,-0.8161811320784521,-12.22735849056736,0.05,0.14,0.15,11.036986073535328,41.24627597931562,0.14834463526075253
2089.8500000000004,0.0,11.2,40.93574224559684,40.94242451076392,41.22566094422709,41.67988274951061,-6.206179013788279,0.06,0.06,0.06,0.2182275756022663,2.296421322398764,-10.769079958995365,-0.7201333333339976,0.0341333333290152,-11.850000000001916,0.05,0.14,0.15,11.013367211164645,41.19592761252461,0.04674806306129392
2089.86,0.0,11.2,40.947258879647705,40.67649496086211,41.19320497553829,41.74060681996062,-6.234222949287148,0.06,0.06,0.06,0.2295038441824732,2.290270630445924,-10.746014864172214,-0.6672827172819668,0.5252397602416679,-11.433101898105056,0.05,0.14,0.15,10.989761009056924,41.13939140900218,-0.04966347857843237
2089.87,0.0,11.2,40.79539771863202,40.73163168567756,41.2611447148285,41.68971972116636,-6.24,0.06,0.06,0.06,0.24078011276268,2.284119938493084,-10.722949769349064,-0.7871628371620485,0.22054445554646,-10.928606393609712,0.05,0.14,0.15,10.966167548971098,41.119473460076115,-0.13458792679128254
2089.88,0.0,11.2,40.61638631178801,40.8401234474012,41.34576828897293,41.620284993663226,-6.24,0.06,0.06,0.06,0.252056381342887,2.2779692465402435,-10.699884674525912,-0.9040240240232864,-0.1972372372327437,-10.284609609616014,0.05,0.14,0.146354443853175,10.942586913326906,41.10564076045634,-0.22785135819534766
2089.8900000000003,0.0,11.2,40.63044736711991,40.71401053152034,41.29276017305313,41.45779147095173,-6.165672763718292,0.06,0.06,0.06,0.2633326499231579,2.2718185545873686,-10.67681957970263,-1.0141341341340575,-0.8679079079074404,-9.32865365365432,0.05,0.14,0.14,10.919019185210935,41.02375238566128,-0.3397628070282459
2089.9,0.0,11.2,40.66959693448703,40.55741226205187,41.22186771322618,41.28320556242269,-6.075469807065824,0.06,0.06,0.06,0.2746089185033648,2.2656678626345284,-10.653754484879482,-1.0278776529340852,-1.1964369538082829,-8.496057428215439,0.05,0.14,0.14,10.89546444838338,40.933020618046946,-0.4362204881759877
2089.9100000000003,0.0,11.2,40.57897699924984,40.43803078769695,41.155810547636925,41.22042955738936,-6.010721189591061,0.06,0.06,0.06,0.2858851870835716,2.259517170681688,-10.63068939005633,-0.828127340824727,-0.7669737827731631,-7.936756554309236,0.05,0.14,0.14,10.871922787283555,40.84831197299327,-0.4984413656753115
2089.92,0.0,11.2,40.46766917229317,40.3245824256065,41.09052422605657,41.17547831957994,-5.9512416356877536,0.06,0.06,0.06,0.2971614556637785,2.2533664787288483,-10.60762429523318,-0.7332440550680465,-0.1904580725958428,-7.59787734668248,0.05,0.14,0.14,10.84839428703678,40.76456353588405,-0.5778114017032544
2089.9300000000003,0.0,11.199156271093308,40.39543668184143,40.26233236216511,40.96387675265608,41.1254148204352,-5.94,0.06,0.06,0.06,0.3084377242439854,2.247215786776008,-10.58455920041003,-0.8734192740917823,0.7156745932361641,-7.753071339173045,0.05,0.14,0.14,10.824879033460686,40.686765154274454,-0.6956211237047719
2089.94,0.0,11.176656833579264,40.3294073444618,40.20820995447688,40.82748828528175,41.07453975720827,-5.94,0.06,0.06,0.06,0.3197139928241922,2.241065094823168,-10.56149410558688,-1.0958291708266377,1.1380519480560136,-8.27477022976188,0.05,0.14,0.14,10.801377113071684,40.609911335357175,-0.7352778863282213
2089.9500000000003,0.0,11.154157396065091,40.37382630136981,40.27717661448133,40.86852436399212,41.265393855185714,-5.94,0.06,0.06,0.06,0.3309902614044632,2.234914402870293,-10.538429010763595,-1.5004245754242136,0.4887012987018796,-9.60843656343537,0.05,0.14,0.14,10.777888613091408,40.696230283757245,-0.6017919190054553
2089.96,0.0,11.131657958551047,40.4324564383562,40.361980919765216,40.932389334638,41.48735080234847,-5.94,0.0599034106548549,0.0599034106548549,0.0599034106548549,0.3369833408373994,2.23,-10.52,-1.8264080100123337,-0.0698322903625233,-10.758946182727511,0.05,0.14,0.14,10.759036098647588,40.80354437377697,-0.47906867680711646
2089.9700000000003,0.0,11.109158521037005,40.29248453987738,40.29523503067489,40.9784070552147,41.33265145194284,-5.98704049844231,0.0594029477266468,0.0594029477266468,0.0594029477266468,0.321975086297419,2.23,-10.52,-1.9765957446806224,-0.4252765957441393,-11.499872340424403,0.05,0.14,0.14,10.758576483726657,40.72469451942745,-0.3804135351281749
2089.98,0.0,11.086659083522957,40.11524527607397,40.20005098159528,41.02107576687108,41.10727312883481,-6.049345794392492,0.0589024847984386,0.0589024847984386,0.0589024847984386,0.3069668317574386,2.23,-10.52,-2.05667249126328,-0.6357863205194771,-11.958679480779216,0.05,0.14,0.14,10.758137786615265,40.610911288343786,-0.31598007258630395
2089.99,0.0,11.064159646008912,40.08191861591702,40.19201172516064,40.830056480475456,40.89788062283823,-6.0600000000000005,0.0584020218702305,0.0584020218702305,0.0584020218702305,0.2919585772174582,2.23,-10.52,-1.981784822766168,-0.5259510733903793,-11.793926610085569,0.05,0.14,0.14,10.757720009872484,40.500466861097834,-0.3271858591168703
2090.0,0.0,11.041660208494868,40.06710892733574,40.19518522985663,40.60896898665489,40.69054498270028,-6.0600000000000005,0.0579015589420224,0.0579015589420224,0.0579015589420224,0.2769503226774777,2.23,-10.52,-1.7600701051609469,-0.3310490736126628,-11.587310966451426,0.05,0.14,0.1436237306252886,10.757323155935735,40.39045203163688,-0.30426523064913114
2090.01,0.0,11.019160770980696,39.96770647401792,40.05424113054524,40.46913478327015,40.69116480101389,-6.109365755828705,0.0574010960138114,0.0574010960138114,0.0574010960138114,0.261942068137412,2.23,-10.52,-1.209243865799298,0.0545292939404916,-11.28686029043598,0.05,0.14,0.15,10.756947227120717,40.2955617972118,-0.20485054716643425
2090.02,0.0,10.996661333466651,39.85487504182533,39.89041857034256,40.3421994220535,40.72479724714822,-6.1695312108298825,0.0569006330856032,0.0569006330856032,0.0569006330856032,0.2469338135974316,2.23,-10.52,-0.7709036445336422,0.3153344982526559,-10.922928107839418,0.05,0.14,0.15,10.756592225621354,40.2030725703424,-0.1398437260506454
2090.03,0.0,10.974161895952609,40.00176026858936,39.85447068390954,40.3283,40.71520997761756,-6.20469972589089,0.0564001701573951,0.0564001701573951,0.0564001701573951,0.2319255590574511,2.23,-10.52,-0.5811882176742915,0.3003569645532335,-10.418684473292195,0.05,0.14,0.15,10.756258153509709,40.22493523252911,-0.15088766974840345
2090.04,0.0,10.951662458438562,40.18058145734821,39.83424685899038,40.3283,40.70030821188765,-6.234602541739373,0.055899707229187,0.055899707229187,0.055899707229187,0.2169173045174707,2.23,-10.52,-0.4453655483225713,0.1200701051609468,-9.867628943418946,0.05,0.14,0.15,10.755945012735939,40.26085913205656,-0.16992484919963016
2090.05,0.0,10.929163020924518,40.03261716263045,39.86812489372205,40.29664957983206,40.67524763222946,-6.215682492581594,0.0553992443009788,0.0553992443009788,0.0553992443009788,0.2019090499774903,2.23,-10.52,-0.4303430145218844,-0.4307561341975712,-9.21164496745562,0.05,0.14,0.15,10.755652805128232,40.218159817103505,-0.20687879534021614
2090.06,0.0,10.906663583410474,39.84009121107324,39.90938045477002,40.260683193277416,40.64880175976281,-6.1860089020771625,0.0548987813727707,0.0548987813727707,0.0548987813727707,0.1869007954375099,2.23,-10.52,-0.4386666666662276,-0.7726666666675448,-8.78955555555486,0.05,0.14,0.15,10.755381532392757,40.16473915472087,-0.23799938024424244
2090.07,0.0,10.88416414589643,39.89336843757879,39.9385008153962,40.26575715877433,40.58000171689063,-6.18,0.0543983184445626,0.0543983184445626,0.0543983184445626,0.1718925408975294,2.23,-10.52,-0.4985917602992051,-0.6528164794015898,-8.884436953807075,0.05,0.14,0.15,10.755131196113611,40.16940703215999,-0.2562266450471127
2090.08,0.0,10.861664708382255,39.9876606634592,39.96559628260322,40.277679164345415,40.50413440871098,-6.18,0.0538978555163516,0.0538978555163516,0.0538978555163516,0.1568842863574637,2.23,-10.52,-0.6683954943674568,-0.406025031289754,-8.864918648310722,0.05,0.14,0.1463558870538068,10.754901797752774,40.18376762977971,-0.341866234002384
2090.09,0.0,10.839165270868213,39.81590069726638,39.82857162277422,40.32171092550784,40.44690495109111,-6.155226873903202,0.0533973925881435,0.0533973925881435,0.0533973925881435,0.1418760318174833,2.23,-10.52,-1.083914893616388,0.1246382978715316,-8.589574468085527,0.05,0.14,0.14,10.754693338650073,40.103272049159884,-0.5782563601403365
2090.1000000000004,0.0,10.816665833354168,39.60871735139281,39.66969527464319,40.37001792325038,40.39215702031623,-6.125144146402614,0.0528969296599353,0.0528969296599353,0.0528969296599353,0.1268677772775029,2.23,-10.52,-1.3979930104840643,0.3111557663518119,-8.362675986021248,0.05,0.14,0.14,10.754505820023128,40.010146892400655,-0.7374632597554166
2090.11,0.0,10.794166395840124,39.53820601398625,39.65681139860138,40.27940174825222,40.27204643356699,-6.095204386839519,0.0523964667317272,0.0523964667317272,0.0523964667317272,0.1118595227375224,2.23,-10.52,-1.4878582126805988,-0.2629830254593811,-8.242855716425868,0.05,0.14,0.14,10.754339242967326,39.93661639860171,-0.7260741675200023
2090.12,0.0,10.77166695832608,39.48475946053971,39.66215605394603,40.17143971029021,40.14377470529531,-6.065294117647125,0.0518960038035191,0.0518960038035191,0.0518960038035191,0.096851268197542,2.23,-10.52,-1.5762618928387628,-0.6012969454192362,-8.360826239355244,0.05,0.14,0.14,10.754193608455795,39.865532482517814,-0.7027292590416792
2090.13,0.0,10.75,39.50529451999986,39.58398553000042,40.037756480000645,40.092265490000194,-6.084683829042685,0.0513955408753109,0.0513955408753109,0.0513955408753109,0.0818430136575616,2.23,-10.52,-1.6613895843759885,-0.4110115172772027,-9.011802704051677,0.05,0.14,0.14,10.754068917339358,39.804825505000274,-0.6525854950295266
2090.1400000000003,0.0,10.75,39.53525452000003,39.49517552999991,39.90079647999987,40.05053548999996,-6.114676330917406,0.0508950779470999,0.0508950779470999,0.0508950779470999,0.0668347591174958,2.23,-10.52,-1.6126398601404937,-0.2006468531473215,-9.512902097901788,0.05,0.14,0.14,10.75396517034653,39.74544050499995,-0.5822531572386477
2090.15,0.0,10.75,39.478099421001104,39.4478842590776,40.00733255152085,40.12405705593703,-6.144304358532486,0.0503946150188918,0.0503946150188918,0.0503946150188918,0.0518265045775154,2.23,-10.52,-1.2679845154852587,0.0540984015978522,-9.682732267731902,0.05,0.14,0.14,10.753882368083477,39.76434332188414,-0.4672985624767236
2090.1600000000003,0.0,10.75,39.40984623159995,39.4058822963692,40.14488897939088,40.21226117762468,-6.173853730608292,0.0500983720930234,0.0500983720930234,0.0500983720930234,0.0416762400874328,2.229605590567663,-10.517436338689809,-1.0470438047558088,0.181967459324539,-9.956493116394244,0.05,0.14,0.14,10.751248538512693,39.79321967124618,-0.3649680074116469
2090.17,0.0,10.75,39.41249773815582,39.475435323484106,40.00276272032681,40.220026683647504,-6.18,0.0505634883720926,0.0505634883720926,0.0505634883720926,0.0495830329527092,2.22774516871701,-10.505343596660564,-1.102112640800848,0.0267734668339743,-10.462125156444149,0.05,0.14,0.14,10.739066584102916,39.77768061640356,-0.29080190924728144
2090.1800000000003,0.0,10.75,39.42776009169634,39.564829108507176,39.81089313296021,40.21348567498728,-6.18,0.0510286046511619,0.0510286046511619,0.0510286046511619,0.0574898258179856,2.2258847468663565,-10.493250854631317,-1.058981273409224,-0.0394906367046118,-10.775722846442363,0.05,0.14,0.14,10.726890578570556,39.754242002037756,-0.22196771532108325
2090.19,0.0,10.75,39.41432788697183,39.36261041760567,39.80229559889965,40.12550035008804,-6.18,0.0514937209302312,0.0514937209302312,0.0514937209302312,0.065396618683262,2.2240243250157032,-10.481158112602069,-0.7993058676670584,0.0903470661664708,-10.665860174782216,0.05,0.14,0.14,10.714720542196186,39.6761835633913,-0.16489105381767358
2090.2000000000003,0.0,10.75,39.39720360590153,39.12287048262139,39.81727934483616,40.02703573393378,-6.18,0.0519588372093031,0.0519588372093031,0.0519588372093031,0.0733034115485833,2.22216390316504,-10.469065370572755,-0.6819774718393046,0.0854843554450605,-10.52957196495668,0.05,0.14,0.14,10.702556495342597,39.59109729182322,-0.14560989351022913
2090.21,0.0,10.75,39.3933459828485,39.12947430300981,39.94211510341306,39.99671982848501,-6.1289722507707,0.0524239534883724,0.0524239534883724,0.0524239534883724,0.0812102044138597,2.220303481314386,-10.456972628543507,-0.8822277847303557,-0.2198973717137924,-10.334327909887904,0.05,0.14,0.14,10.69039845845541,39.61541380443909,-0.21065116802161893
2090.2200000000003,0.0,10.75,39.39118691104759,39.16761790482587,40.08101538927154,39.975129110475926,-6.067307297019532,0.0528890697674417,0.0528890697674417,0.0528890697674417,0.0891169972791361,2.2184430594637328,-10.44487988651426,-0.9109635546692536,-0.5951123315008445,-10.214018971542526,0.05,0.14,0.1436721660457389,10.678246452063044,39.65373732890523,-0.19949238331848448
2090.23,0.0,10.75,39.38902783924669,39.20576150664192,40.21991567513002,39.95353839246683,-6.005642343268363,0.0533541860465109,0.0533541860465109,0.0533541860465109,0.0970237901444125,2.2165826376130795,-10.432787144485015,-0.561487768349397,-1.1243185222137704,-10.258951572640791,0.05,0.14,0.15,10.666100496777327,39.692060853371366,-0.020302698806615102
2090.24,0.0,10.75,39.3692871353516,39.1025168876662,39.89275779835019,39.88322497373058,-6.0,0.0538193023255802,0.0538193023255802,0.0538193023255802,0.1049305830096889,2.2147222157624262,-10.42069440245577,-0.417408056039981,-0.8993670252813855,-10.187953465100971,0.05,0.14,0.15,10.65396061329379,39.56194669877464,-0.006053919336037397
2090.25,0.0,10.75,39.3478710733051,38.9857993495128,39.52118912184351,39.808268756567855,-6.0,0.0542844186046495,0.0542844186046495,0.0542844186046495,0.1128373758749653,2.212861793911773,-10.408601660426523,-0.7326444833607708,1.0120665499018169,-9.857705779336335,0.05,0.14,0.15,10.641826822392035,39.41578207530732,-0.3606535715391218
2090.26,0.0,10.75,39.35777337996501,39.06382034973759,39.54417577317006,39.83706013989504,-6.0,0.0547495348837214,0.0547495348837214,0.0547495348837214,0.1207441687402866,2.211001372061109,-10.396508918397208,-0.95620689655173,2.0941379310342594,-9.577241379310296,0.05,0.14,0.15,10.629699144936021,39.450707410691926,-0.5906930533924762
2090.27,0.0,10.75,39.37060375718208,39.16004817886565,39.60405086684974,39.87555127154626,-6.0,0.0552146511627907,0.0552146511627907,0.0552146511627907,0.128650961605563,2.209140950210456,-10.384416176367962,-0.9761969015491996,1.3345177411304117,-9.407326336831805,0.05,0.14,0.15,10.617577601874705,39.50256351861093,-0.544132736669858
2090.28,0.0,10.75,39.19392238000041,38.987691650000414,39.394339800000495,39.90625347999994,-6.081097407500717,0.05567976744186,0.05567976744186,0.05567976744186,0.1365577544708394,2.2072805283598025,-10.372323434338716,-1.0628235294111827,0.3823554443087987,-9.220275344180784,0.05,0.14,0.1463399041023288,10.605462214241987,39.370551827500314,-0.5025224164732098
2090.29,0.0,10.75,38.999182380000406,38.789741650000416,39.158939800000496,39.936213479999935,-6.171709035992783,0.0561448837209292,0.0561448837209292,0.0561448837209292,0.1444645473361158,2.205420106509149,-10.36023069230947,-1.298117647058168,-0.9993717146394544,-8.99499374217835,0.05,0.14,0.14,10.593353003157358,39.221019327500315,-0.4719556264905208
2090.3,0.0,10.75,38.96857692307696,38.70713241758259,39.17847329670319,39.84025065934092,-6.18,0.0566099999999985,0.0566099999999985,0.0566099999999985,0.1523713402013922,2.203559684658496,-10.348137950280224,-1.486486891385446,-1.647737827719027,-8.939715355804033,0.05,0.14,0.14,10.581249989826192,39.173608324175916,-0.4761600278588233
2090.31,0.0,10.75,38.95361188811193,38.63551403596423,39.22229947052935,39.73228862137891,-6.18,0.0570751162790678,0.0570751162790678,0.0570751162790678,0.1602781330666686,2.2016992628078427,-10.336045208250978,-1.5713807740319232,-0.6789488139886406,-9.259315855179006,0.05,0.14,0.14,10.569153195540121,39.135928503996105,-0.5570393640021798
2090.32,0.0,10.75,38.7475783000012,38.61549322000008,39.3275760799994,39.69831075000014,-6.234526368407729,0.057540232558137,0.057540232558137,0.057540232558137,0.168184925931945,2.1998388409571894,-10.323952466221732,-1.6052090112647337,0.1124055068803783,-9.467604505632368,0.05,0.14,0.14,10.55706264167739,39.097239587500205,-0.6191653288706054
2090.33,0.0,10.75,38.52287830000056,38.60051322000003,39.43885607999973,39.67156075000006,-6.294511372157171,0.058005348837209,0.058005348837209,0.058005348837209,0.1760917187972664,2.197978419106525,-10.311859724192416,-1.5251088861078577,0.5078998748424526,-9.427554443053928,0.05,0.14,0.14,10.544978349703175,39.05845208750009,-0.6394521891645797
2090.34,0.0,10.720364081306531,38.601307163208965,38.65960063484114,39.46240336915768,39.5463896775809,-6.272738184546047,0.0584704651162782,0.0584704651162782,0.0584704651162782,0.1839985116625428,2.196117997255872,-10.29976698216317,-1.354305321455494,0.6327522273069924,-9.481136527810431,0.05,0.14,0.14,10.532900341170222,39.06742521119717,-0.5869665434774068
2090.3500000000004,0.0,10.69039854167712,38.70935015246172,38.7259240539864,39.4773796250937,39.41160337415667,-6.242730682670597,0.0589355813953475,0.0589355813953475,0.0589355813953475,0.1919053045278191,2.194257575405219,-10.287674240133924,-0.98348904406569,0.1608042379017872,-9.74118950156432,0.05,0.14,0.14,10.52082863771881,39.08106430142462,-0.3740081922913557
2090.36,0.0,10.66043300204771,38.68592083437431,38.69291980514624,39.2528668698482,39.41901009742688,-6.24,0.0594006976744168,0.0594006976744168,0.0594006976744168,0.1998120973930955,2.1923971535545657,-10.275581498104676,-0.7220379516503401,-0.3420223550799697,-9.991421887184126,0.05,0.14,0.14,10.508763261077391,39.012679401698904,-0.19605219307956856
2090.37,0.0,10.6304674624183,38.649568098925926,38.65015188108932,39.00481291031808,39.440394059455336,-6.24,0.0598658139534861,0.0598658139534861,0.0598658139534861,0.2077188902583719,2.1905367317039124,-10.26348875607543,-0.8156173641795931,-0.9450896802684888,-10.209773849752384,0.05,0.14,0.14,10.49670423306292,38.936231737447166,-0.13172378658455422
2090.38,0.0,10.600501922788888,38.70331709172224,38.50119959731634,39.09828832214693,39.40462429530225,-6.24,0.06,0.06,0.06,0.210364899864092,2.190729799728184,-10.254891401902713,-0.9314028956559232,-0.9908337493801872,-10.317943085372423,0.05,0.14,0.14,10.488391111668658,38.926857326621935,-0.1494800331341083
2090.3900000000003,0.0,10.570536383159308,38.766086169525074,38.3416171961227,39.225954243101846,39.36313287099191,-6.24,0.06,0.06,0.06,0.2108777598276813,2.1917555196553624,-10.247711362412462,-1.0961557663505066,0.1923914128809105,-10.183145282076858,0.05,0.14,0.14,10.4815957685291,38.924197619935384,-0.34824346332406136
2090.4,0.0,10.540570843529895,38.60567468240061,38.37637446146108,39.015293678132615,39.40710119005762,-6.24,0.06,0.06,0.06,0.2113906197912677,2.1927812395825352,-10.240531322922251,-1.2208312468702562,1.047135703555164,-10.110115172759048,0.05,0.14,0.14,10.474801064199387,38.85111100301299,-0.4900436424347529
2090.4100000000003,0.0,10.510605303900489,38.41977460708038,38.433326507657455,38.76599415515982,39.4608295355259,-6.24,0.06,0.06,0.06,0.211903479754854,2.193806959509708,-10.233351283432045,-1.2558838257385254,1.167315973960659,-10.17521281922869,0.05,0.14,0.14,10.46800699992342,38.76998120135589,-0.5044599817551718
2090.42,0.0,10.480639764271077,38.399398268895,38.41449890745832,38.81316879022168,39.42815749563499,-6.212935849056654,0.06,0.06,0.06,0.2124163397184404,2.194832679436881,-10.226171243941833,-1.2067898152779275,0.8372191712478885,-10.26672990514175,0.05,0.14,0.1436721660457389,10.461213576948245,38.7638058655525,-0.43979850880965493
2090.4300000000003,0.0,10.450674224641665,38.39619547518086,38.38780895984054,38.89110343726561,39.38652117735124,-6.182747169811418,0.06,0.06,0.06,0.2129291996820268,2.1958583993640537,-10.218991204451624,-0.9721417873203092,-0.4857963055344263,-10.416505242135973,0.05,0.14,0.15,10.454420796524051,38.76540726240957,-0.2007603216342529
2090.44,0.0,10.45,38.26684873471508,38.333182325929954,39.00662702770083,39.205242740205776,-6.18,0.06,0.06,0.06,0.2134420596456132,2.1968841192912265,-10.211811164961414,-0.8192839258886203,-1.483555332997582,-10.2291036554899,0.05,0.14,0.15,10.447628659904138,38.70297520713791,-0.07403812970813202
2090.4500000000003,0.0,10.45,38.12371921137987,38.27550326428741,39.12625767407056,39.00870667831266,-6.18,0.06,0.06,0.06,0.2139549196092025,2.197909839218405,-10.204631125471163,-0.8493289934901648,-1.7539609414114825,-9.287691537308174,0.05,0.14,0.15,10.440837168344927,38.63354670701263,-0.19848212781418956
2090.46,0.0,10.45,38.170877509414986,38.23488140095407,38.97634653778565,38.8728646698469,-6.18,0.06,0.06,0.06,0.2144677795727889,2.198935559145578,-10.197451085980957,-0.848181818182035,-1.5441558441597778,-8.604155844156201,0.05,0.14,0.15,10.4340463231061,38.5637425295004,-0.3233585412849886
2090.4700000000003,0.0,10.45,38.23964979161418,38.19619699221702,38.79581929701276,38.7439166407234,-6.18,0.06,0.06,0.06,0.2149806395363753,2.1999612790727507,-10.190271046490745,-0.7782517482519873,-0.2754245754289124,-8.489270729271123,0.05,0.14,0.15,10.427256125450379,38.49389568039184,-0.4491884860744828
2090.48,0.0,10.45,38.15414113744104,38.174192227488206,38.58441672237525,38.74250555250683,-6.125500874344156,0.06,0.06,0.06,0.2154934994999617,2.200986998999924,-10.183091007000536,-0.8091291291282258,0.7551551551533837,-8.507747747746633,0.05,0.14,0.15,10.420466576643708,38.413813909952836,-0.5639248561427621
2090.49,0.0,10.45,38.052719336493176,38.15390786729864,38.36982954352766,38.754249129458685,-6.065545840619507,0.06,0.06,0.06,0.2160063594635481,2.2020127189270964,-10.175910967510326,-1.0643843843835623,1.2556556556540437,-8.823063063062047,0.05,0.14,0.15,10.413677677955198,38.33267646919454,-0.6539690760246921
2090.5,0.0,10.45,38.05913422875648,38.13845181161231,38.4045967804633,38.81985490156968,-6.0600000000000005,0.06,0.06,0.06,0.2165192194271345,2.203038438854269,-10.168730928020116,-1.257138576778818,1.1325842696685986,-8.93093632958934,0.05,0.14,0.1463191489362222,10.406889430657156,38.35550943060044,-0.6895769338090947
2090.51,0.0,10.45,38.07726530276605,38.123520338898544,38.466455738848886,38.89131266384268,-6.0600000000000005,0.06,0.06,0.06,0.2170320793907238,2.204064158781448,-10.161550888529868,-1.312069912609204,-0.3655430711601024,-8.581373283395976,0.05,0.14,0.14,10.400101836025058,38.38963851108904,-0.6051456341455097
2090.52,0.0,10.45,37.98492805820377,38.07099782739592,38.46522759658807,38.87185658805822,-6.0600000000000005,0.06,0.06,0.06,0.2175449393543102,2.2050898787086206,-10.154370849039656,-1.3794466700047536,-1.3597045568356003,-8.432989484225537,0.05,0.14,0.14,10.393314895337687,38.3482525175615,-0.5468517590209572
2090.53,0.0,10.45,37.87969975915744,38.01408864525861,38.45663753135979,38.84179135975926,-6.0600000000000005,0.06,0.06,0.06,0.2180577993178966,2.206115598635793,-10.147190809549448,-1.4745893840757704,-1.2295092638963143,-8.733440160239274,0.05,0.14,0.14,10.386528609876946,38.298054323883775,-0.5468709425202211
2090.54,0.0,10.440435520926997,37.92641482499975,37.8733455000006,38.46931944999994,38.79057625000021,-6.11435999999991,0.06,0.06,0.06,0.218570659281483,2.2071413185629662,-10.140010770059238,-1.4151872191728283,-0.6828731902204837,-9.301957064398795,0.05,0.14,0.14,10.379742980927993,38.26491400625013,-0.4977251531367597
2090.55,0.0,10.430446508840296,37.98954482499975,37.72354550000061,38.48429944999994,38.73707625000021,-6.1743599999999095,0.06,0.06,0.06,0.2190835192450694,2.208167038490139,-10.13283073056903,-1.01578632052043,0.7799326010939249,-10.460219670490751,0.05,0.14,0.14,10.372958009779236,38.23361650625013,-0.34041642340915573
2090.56,0.0,10.4204574967536,37.86097703039418,37.83019067264524,38.47998615844546,38.55672013951244,-6.07128000000018,0.06,0.06,0.06,0.2195963792086558,2.2091927584173114,-10.12565069107882,-0.7523954943678256,1.4243329161491438,-11.202670838548809,0.05,0.14,0.14,10.366173697722319,38.181968500249326,-0.2066101229879366
2090.57,0.0,10.4104684846669,37.71169950174441,37.96454044843003,38.473588550074766,38.36265935226773,-5.95128000000018,0.06,0.06,0.06,0.2209211059758224,2.2086183410362663,-10.116315576096712,-0.7924455569459219,0.2428560700953037,-11.017439299125112,0.05,0.14,0.14,10.3569610381909,38.12812196312923,-0.12523816000206398
2090.58,0.0,10.400479472580145,37.833463864661525,37.95936827067671,38.33075320300765,38.29146891729328,-5.9128471528470365,0.06,0.06,0.06,0.2252455471769576,2.202131679234564,-10.099017811292171,-0.7607792207798093,-0.937792207788553,-10.9258441558438,0.05,0.14,0.14,10.338775567832393,38.103763563909794,-0.00569776812553302
2090.59,0.0,10.390490460493448,37.986857348370265,37.93791463659157,38.17199631077763,38.23461678696766,-5.882877122877016,0.06,0.06,0.06,0.2295699883780682,2.1956450174328976,-10.081720046487728,-0.5709690309696799,-2.116613386609357,-11.040729270728878,0.05,0.14,0.14,10.32059293441488,38.08284627067678,0.1980089028429127
2090.6000000000004,0.0,10.380501448406749,37.874933380000655,37.8982021350002,38.24002754499956,38.23666827999996,-5.798660334916131,0.06,0.06,0.06,0.2338944295791788,2.1891583556312315,-10.064422281683283,-0.4896745117670216,-2.3991036554899567,-11.17277916875246,0.05,0.14,0.14,10.30241315295893,38.062457835000096,0.2746678222775428
2090.61,0.0,10.37051243632005,37.73369338000066,37.8564721350002,38.33311754499957,38.24522827999996,-5.708682829292736,0.06,0.06,0.06,0.2382188707802894,2.182671693829566,-10.047124516878844,-0.6499148723076814,-0.6865348022116553,-11.343034551826912,0.05,0.14,0.14,10.284236238589067,38.042127835000095,0.06854303668048417
2090.62,0.0,10.360523424233351,37.78418070982225,37.94383294676289,38.4098105923516,38.46667436640739,-5.672922077922113,0.06,0.06,0.06,0.2425433119814,2.1761850320279,-10.0298267520744,-0.76,0.6822066899612952,-11.26935596605465,0.05,0.14,0.1437076271186007,10.266062206534524,38.151124653836035,-0.12190284935107099
2090.63,0.0,10.350534412146654,37.8558527918018,38.04545754061449,38.48469187203173,38.71164312421809,-5.642952047952092,0.06,0.06,0.06,0.2468677531825106,2.169698370226234,-10.012528987269958,-0.76,1.2962855716376147,-10.660269595611473,0.05,0.14,0.15,10.247891072130155,38.27441133216653,-0.2779353040670414
2090.6400000000003,0.0,10.35,37.76388056971505,37.85156602698631,38.27946335832063,38.69090161919036,-5.64,0.06,0.06,0.06,0.2511921943836458,2.163211708424531,-9.995231222465415,-0.8236295369203848,1.36305381727589,-10.08946182728592,0.05,0.14,0.15,10.229722850817208,38.14645289355309,-0.3926314334988506
2090.65,0.0,10.35,37.65372564717649,37.62483939030501,38.04311153423305,38.64063675162422,-5.64,0.06,0.06,0.06,0.2555166355847564,2.1567250466228653,-9.977933457660976,-1.028886107633712,0.2116145181523459,-9.60385481852512,0.05,0.14,0.15,10.211557558144657,37.990578330834694,-0.41532090342277783
2090.6600000000003,0.0,10.35,37.66954077519375,37.55864232558147,37.97594232558146,38.48449922480644,-5.66706000000001,0.06,0.06,0.06,0.259841076785867,2.1502383848211992,-9.960635692856531,-1.141910112359925,-0.6720724094869124,-9.198214731586477,0.05,0.14,0.15,10.193395209769474,37.922156162790785,-0.42277663682558
2090.67,0.0,10.35,37.69950826706671,37.51048028507137,37.92778028507136,38.31646721680455,-5.697059999999925,0.06,0.06,0.06,0.2641655179869775,2.143751723019533,-9.94333792805209,-1.0520224719104587,-0.9667041198490518,-8.968501872660061,0.05,0.14,0.15,10.175235821457987,37.86355901350349,-0.3967181498812431
2090.6800000000003,0.0,10.35,37.59774228714159,37.4412353508118,37.91236610237208,38.157313013733535,-5.754065934065751,0.06,0.06,0.06,0.2684899591880881,2.137265061217868,-9.926040163247649,-1.0676164246359712,-1.0271857786698129,-8.754116174262101,0.05,0.14,0.1463191489362222,10.157079409086691,37.77716418851475,-0.42811064417962275
2090.69,0.0,10.35,37.48125789263501,37.3696348514362,37.90061079650445,37.99915071660534,-5.814005994005791,0.06,0.06,0.06,0.2728144003891987,2.1307783994162017,-9.908742398443206,-1.317991987980752,-0.5664947421154161,-8.573845768653857,0.05,0.14,0.14,10.138925988643196,37.68766356429525,-0.5873779031817088
2090.7000000000003,0.0,10.35,37.42608024493881,37.36513865033741,37.953134806298365,37.96750719820047,-5.82,0.06,0.06,0.06,0.2771388415903339,2.124291737614499,-9.891444633638663,-1.411847690387174,-0.181225967540713,-8.623498127340474,0.05,0.14,0.14,10.12077557622707,37.67796522494376,-0.6514438257965438
2090.71,0.0,10.35,37.37794227943016,37.36834784803799,38.01303983004247,37.95039147713072,-5.82,0.06,0.06,0.06,0.2814632827914445,2.117805075812833,-9.874146868834222,-1.1621598002504765,0.0384993757795807,-9.177805243443942,0.05,0.14,0.14,10.102628188051217,37.67743035866033,-0.5065534605554741
2090.7200000000003,0.0,10.35,37.351919511465645,37.359753732136944,37.86239272183484,38.05318485211011,-5.82,0.06,0.06,0.06,0.2857877239925551,2.111318414011168,-9.85684910402978,-1.050623279097898,0.3143554443033803,-9.760523153939202,0.05,0.14,0.14,10.084483840442216,37.65681270438688,-0.4095940764255261
2090.73,0.0,10.35,37.32844992023937,37.349796935859125,37.68743758723896,38.16982160850736,-5.82,0.06,0.06,0.06,0.2901121651936656,2.104831752209501,-9.839551339225338,-1.245867334166673,0.7148560700854829,-10.40633041301284,0.05,0.14,0.14,10.066342549841716,37.63387651296121,-0.4190708001116011
2090.74,0.0,10.317317753749602,37.3049803290131,37.33984013958131,37.51248245264309,38.28645836490461,-5.82,0.06,0.06,0.06,0.2944366063947762,2.098345090407836,-9.822253574420897,-1.3831260923844653,0.719593008743765,-10.881260923844652,0.05,0.14,0.14,10.048204332807332,37.61094032153553,-0.39378222610961855
2090.75,0.0,10.28243808859442,37.27084024390263,37.35910219512183,37.37143329268368,38.27919780487817,-5.8689423312883084,0.06,0.06,0.06,0.2987610475958868,2.091858428606169,-9.804955809616454,-1.3931136079899615,-0.1443270911316607,-10.981136079899615,0.05,0.14,0.14,10.030069206013621,37.57014338414658,-0.2921877111737419
2090.76,0.0,10.24755842343904,37.23534756097558,37.3820680487805,37.23468207317063,38.25623195121949,-5.927838036810058,0.0596683566677511,0.0596683566677511,0.0596683566677511,0.2943581096794709,2.0919912554072453,-9.796017489185507,-1.4217622027534902,-0.7368911138923586,-11.059326658322924,0.05,0.14,0.14,10.021229104149988,37.52708240853655,-0.2283582596646422
2090.77,0.0,10.21267875828386,37.178070633820965,37.20551721837338,37.35411075699235,38.25985848088272,-6.03694069737873,0.0592032187543602,0.0592032187543602,0.0592032187543602,0.2864507651518256,2.094782082887591,-9.79043583422482,-1.491849812265358,-0.726878598247806,-11.08936420525658,0.05,0.14,0.14,10.016126987998723,37.499389272517355,-0.248390358021064
2090.78,0.0,10.177799093128678,37.116566913010246,36.99025419553585,37.52324598922184,38.26864472671282,-6.159109188088565,0.0587380808409693,0.0587380808409693,0.0587380808409693,0.2785434206241804,2.097572910367936,-9.784854179264128,-1.447803295057542,-0.3809036445336705,-11.144378432351424,0.05,0.14,0.14,10.011032407346663,37.47467795612019,-0.2612486224318232
2090.79,0.0,10.142919427973496,37.02512283858099,36.92167453273378,37.39845605197449,38.03383285357399,-6.155148638521146,0.0582729429275784,0.0582729429275784,0.0582729429275784,0.2706360760965351,2.100363737848282,-9.779272524303437,-1.153245132302234,0.7024712930578854,-11.254213679480523,0.05,0.14,0.14,10.005945373704028,37.344771569215816,-0.2583611235177698
2090.8,0.0,10.108039762818317,36.92994042978527,36.87140966516751,37.23696679660197,37.768605467266816,-6.125171121658821,0.0578078050141875,0.0578078050141875,0.0578078050141875,0.2627287315688899,2.103154565328627,-9.773690869342746,-0.9034301452184174,1.1193540310507626,-11.162348522786305,0.05,0.14,0.14,10.000865898587392,37.20173058970539,-0.23172005094985357
2090.81,0.0,10.073160097663134,36.8822144936236,36.81540892723207,37.165657734433886,37.72844562640665,-6.0951501501502126,0.0573426671007966,0.0573426671007966,0.0573426671007966,0.2548213870412447,2.105945392808972,-9.768109214382056,-0.7532048072115487,0.0527541312019959,-10.621537305961576,0.05,0.14,0.14,9.995793993519603,37.147931695424056,-0.15220812089340813
2090.82,0.0,10.038280432507952,36.84047405851496,36.75868474618701,37.10572275068816,37.71667268317088,-6.065120120120173,0.0568775291874057,0.0568775291874057,0.0568775291874057,0.2469140425135994,2.108736220289318,-9.762527559421365,-0.6140499375786509,-0.9019525592970252,-10.08588014981558,0.05,0.14,0.1436995753714888,9.99072967002972,37.105388559640254,-0.08726892628304453
2090.83,0.0,10.003400767352574,36.84908330842049,36.84709791728922,37.1833567463874,37.563779332337255,-6.0600000000000005,0.0564123912740122,0.0564123912740122,0.0564123912740122,0.2390066979859092,2.111527047769679,-9.75694590446064,-0.499193508114791,-1.6110661672912898,-9.561535580524048,0.05,0.14,0.15,9.985672939652906,37.11082932610859,-0.054315256438357926
2090.84,0.0,10.0,36.86401106128547,36.95372472346762,37.27825460388618,37.3931764424518,-6.0600000000000005,0.0559472533606213,0.0559472533606213,0.0559472533606213,0.231099353458264,2.114317875250024,-9.751364249499952,-0.5132665832289773,-1.7098347934921116,-9.063209011264169,0.05,0.14,0.15,9.980623813930487,37.12229170777277,-0.12418701710184181
2090.8500000000004,0.0,10.0,36.84989640911349,36.84956889054035,37.29977761763245,37.48040782070288,-6.084449925999056,0.0554821154472304,0.0554821154472304,0.0554821154472304,0.2231920089306187,2.11710870273037,-9.74578259453926,-0.8136420525646995,-0.453264080104341,-8.622658322905108,0.05,0.14,0.15,9.97558230440968,37.119912684497294,-0.4223941540455015
2090.86,0.0,10.0,36.8318775879149,36.71707755819781,37.31143685487859,37.60229984645801,-6.114050320670984,0.0550169775338395,0.0550169775338395,0.0550169775338395,0.2152846644029734,2.119899530210715,-9.74020093957857,-1.041882646691256,0.4568913857669772,-8.316873907615536,0.05,0.14,0.15,9.97054842264366,37.11567296186233,-0.6399601167850163
2090.87,0.0,10.0,36.73096000000077,36.60227735849132,37.26660603773622,37.54848037735904,-6.095714285714282,0.0545518396204486,0.0545518396204486,0.0545518396204486,0.2073773198753282,2.1226903576910603,-9.734619284617878,-1.1117952559297295,0.606704119849421,-8.306886392010039,0.05,0.14,0.15,9.96552218019144,37.03708094339683,-0.6805277195255826
2090.88,0.0,10.0,36.61682666666761,36.49029748427766,37.21276955974888,37.466648930818295,-6.065319148936214,0.0540867017070577,0.0540867017070577,0.0540867017070577,0.199469975347683,2.125481185171406,-9.729037629657189,-1.2563754693351197,0.5498923654593977,-8.352851063828938,0.05,0.14,0.1463340448239588,9.960503588617817,36.946635660378114,-0.7162168843050987
2090.8900000000003,0.0,10.0,36.55007751751767,36.50816436436427,36.92582103103185,37.511714044043885,-6.13473578258701,0.0536215637936642,0.0536215637936642,0.0536215637936642,0.1915626308199927,2.128272012651767,-9.723455974696463,-1.5667634543180136,0.0342478097620096,-8.523063829787299,0.05,0.14,0.14,9.955492659493242,36.87394423923942,-0.7410729316154455
2090.9,0.0,10.0,36.49009753753767,36.5445807807807,36.60557078078151,37.57490723723709,-6.225324609964766,0.0531564258802733,0.0531564258802733,0.0531564258802733,0.1836552862923475,2.1310628401321123,-9.717874319735774,-1.709645354645541,-0.4294405594402695,-8.802597402596973,0.05,0.14,0.14,9.950489404393892,36.803789084084244,-0.6985352616533191
2090.9100000000003,0.0,10.0,36.49022149387957,36.47592043467424,36.700269203097214,37.3520090632034,-6.264990059642158,0.0526912879668824,0.0526912879668824,0.0526912879668824,0.1757479417647023,2.133853667612458,-9.712292664775084,-1.4848701298710258,-0.7790909090895153,-9.32207792207585,0.05,0.14,0.14,9.945493834901391,36.7546050487136,-0.508075918317206
2090.92,0.0,10.0,36.49877507869095,36.39252298276326,36.85316453160069,37.08898633025336,-6.294811133200834,0.0522261500534915,0.0522261500534915,0.0522261500534915,0.167840597237057,2.136644495092803,-9.706711009814391,-1.2505957446824492,-0.8861026282880515,-9.709581977471244,0.05,0.14,0.14,9.940505962602868,36.70836223082706,-0.35963015396640086
2090.9300000000003,0.0,10.0,36.37415370212829,36.44685906382946,36.97162348936121,37.032791063829904,-6.3,0.0517610121401006,0.0517610121401006,0.0517610121401006,0.1599332527094118,2.139435322573149,-9.701129354853702,-0.995276595746359,-0.4555644555722914,-9.804700876094495,0.05,0.14,0.14,9.935525799090861,36.70635682978721,-0.30426270447639797
2090.94,0.0,9.99115436308431,36.23059425281669,36.5207814668332,37.08518544180172,37.00600758448073,-6.3,0.0512958742267097,0.0512958742267097,0.0512958742267097,0.1520259081817665,2.142226150053494,-9.695547699893012,-0.8340898876401489,-0.1631310861422553,-9.985850187263448,0.05,0.14,0.14,9.93055335596321,36.710642186483085,-0.2531264212699629
2090.9500000000003,0.0,9.981198665936567,36.322217366478085,36.5094523554024,37.02689835097211,37.038810824513945,-6.3,0.0508307363133161,0.0508307363133161,0.0508307363133161,0.1441185636540763,2.1450169775338552,-9.689966044932287,-0.8790337078651375,-0.1731186017478083,-10.355388264668909,0.05,0.14,0.14,9.925588644822978,36.724344724341634,-0.21125551494928962
2090.96,0.0,9.97124296878888,36.44651960620242,36.48627736155548,36.9447324636967,37.07989376815165,-6.3,0.0503655983999252,0.0503655983999252,0.0503655983999252,0.1362112191264311,2.147807805014201,-9.684384389971598,-0.833709637046449,-0.2267083854817659,-10.737669586983491,0.05,0.14,0.14,9.920631677278488,36.73935579990156,-0.1326084023083199
2090.9700000000003,0.0,9.961287271641195,36.43158534889629,36.40090097437216,36.82088289774192,37.09447383405225,-6.3,0.05,0.05,0.05,0.1311000000000209,2.149559999999992,-9.67691999999994,-0.5884030037549112,-0.3768961201500543,-11.148182728410148,0.05,0.14,0.14,9.91365604053312,36.686960763765654,0.02751397128089822
2090.98,0.0,9.95133157449351,36.39140265414889,36.30424530322301,36.68947462573016,37.10424800304487,-6.3,0.05,0.05,0.05,0.1362282051282201,2.147508717948712,-9.662561025640985,-0.4700973782768508,-0.4893932584269095,-11.359550561798178,0.05,0.14,0.14,9.899264487413918,36.62234264653674,0.11092931573063802
2090.99,0.0,9.941375877345823,36.38172988241183,36.38137223417517,36.74165571678724,37.11015011758817,-6.275113464447879,0.05,0.05,0.05,0.1413564102564192,2.1454574358974323,-9.648202051282023,-0.6298976279643371,-0.5193558052433133,-11.134831460675152,0.05,0.14,0.14,9.884875925692281,36.653726987740605,0.02637217053278193
2091.0,0.0,9.931420180198138,36.3763758669002,36.48309852889631,36.81982434325716,37.115504133099805,-6.244856278366232,0.05,0.05,0.05,0.1464846153846183,2.1434061538461524,-9.633843076923068,-0.7976070087597918,-0.334483103883986,-10.842988735922658,0.05,0.14,0.1436968085105683,9.870490368450215,36.69870071803837,-0.09333876412441225
2091.01,0.0,9.921464483050396,36.27804738184528,36.39037410352568,36.80028604651157,37.11616,-6.265185000000045,0.05,0.05,0.05,0.1516128205128467,2.1413548717948614,-9.619484102564028,-0.9828385481850672,0.3263429286602393,-10.40243804755984,0.05,0.14,0.15,9.856107828843266,36.646216882970634,-0.29093060212092986
2091.02,0.0,9.91150878590271,36.16673955488861,36.270504136033885,36.76710775193796,37.11616,-6.295185000000044,0.05,0.05,0.05,0.1567410256410458,2.139303589743581,-9.60512512820507,-1.053640449438383,0.6672808988767658,-10.114089887640404,0.05,0.14,0.15,9.841728320101366,36.58012786071511,-0.39379746393697523
2091.03,0.0,9.901553088755024,36.2115964384248,36.2059262703788,36.708393654376806,36.96064367193401,-6.325053469286268,0.05,0.05,0.05,0.1618692307692449,2.137252307692302,-9.590766153846117,-0.8738651685394504,0.3077303370789007,-10.159033707865136,0.05,0.14,0.15,9.827351855528839,36.521640008778604,-0.28923626786639745
2091.04,0.0,9.9,36.27815274642563,36.14903136192648,36.64613130173086,36.78351801354469,-6.354896791842817,0.05,0.05,0.05,0.1669974358974441,2.135201025641022,-9.576407179487155,-0.7531138923654422,-0.1330613266574166,-10.124608260325711,0.05,0.14,0.15,9.812978448505222,36.46420835590692,-0.20806038926302658
2091.05,0.0,9.9,36.1582544108249,36.06143849446545,36.54488055104609,36.60474211562214,-6.36,0.05,0.05,0.05,0.1721256410256432,2.133149743589742,-9.5620482051282,-0.7631264080099662,-0.7538372966179088,-9.914345431790707,0.05,0.14,0.15,9.798608112485717,36.34232889298964,-0.1786931400324573
2091.06,0.0,9.9,36.01400840836511,35.96983701845083,36.43853860762683,36.425750725708525,-6.36,0.05,0.05,0.05,0.1772538461538424,2.1310984615384627,-9.547689230769242,-0.821675824174689,-1.1392857142866086,-9.604010989014634,0.05,0.14,0.15,9.78424086100168,36.21203369003783,-0.20524045507620153
2091.07,0.0,9.9,35.987126525037986,36.020837207890146,36.49473517450617,36.35314770864989,-6.384379785604812,0.05,0.05,0.05,0.1823820512820415,2.129047179487184,-9.533330256410284,-0.9865109890098016,-1.00941558441652,-9.074540459544275,0.05,0.14,0.15,9.769876707661155,36.21396165402105,-0.3542290727532048
2091.08,0.0,9.9,35.98063183611534,36.09660857865432,36.579166130500525,36.2990253009612,-6.415007656967909,0.05,0.05,0.05,0.1875102564102698,2.126995897435892,-9.518971282051243,-1.0812866082604358,-0.6751664580740346,-8.705321652065109,0.05,0.14,0.1463233724653116,9.755515666149302,36.23885796155785,-0.47669010554006064
2091.09,0.0,9.9,35.95157006286155,36.03733848629645,36.57465336685949,36.35252653256202,-6.42,0.05,0.05,0.05,0.192638461538469,2.1249446153846123,-9.504612307692287,-1.0212115143931204,0.1108160200233413,-8.69030287859828,0.05,0.14,0.14,9.741157750229265,36.229022112144875,-0.5405179370496719
2091.1000000000004,0.0,9.9,35.919284420417505,35.95877675634927,36.557434357556005,36.42140256977598,-6.42,0.05,0.05,0.05,0.1977666666666681,2.1228933333333324,-9.49025333333333,-1.0380174781517262,0.7770112359537789,-8.781922596753033,0.05,0.14,0.14,9.726802973742192,36.214224526024694,-0.6015695058034263
2091.11,0.0,9.9,35.8127162975868,35.86866992286665,36.54981557601396,36.526459278427154,-6.495562218890456,0.05,0.05,0.05,0.2028948717948673,2.120842051282053,-9.475894358974372,-1.2227865168528824,1.1815056179752288,-9.10651685393074,0.05,0.14,0.14,9.712451350608108,36.18941526872364,-0.6565557361796697
2091.12,0.0,9.9,35.69663767106272,35.777084951480674,36.54342592684749,36.63614825578477,-6.58551724137907,0.05,0.05,0.05,0.2080230769230664,2.118790769230773,-9.461535384615416,-1.4513642052541234,1.173061326665251,-9.392377972464075,0.05,0.14,0.14,9.698102894826372,36.16332420129391,-0.6891767330118893
2091.13,0.0,9.9,35.58076128135143,35.77607308169848,36.27699197417574,36.62633754159436,-6.6000000000000005,0.05,0.05,0.05,0.2131512820512656,2.1167394871794936,-9.447176410256455,-1.7767709637020817,0.2519098873664156,-9.592628285355127,0.05,0.14,0.14,9.683757620476209,36.065040969705,-0.6723644608373869
2091.1400000000003,0.0,9.874005596642029,35.464913255525424,35.787764166873586,35.974086585548115,36.59976689346913,-6.6000000000000005,0.05,0.05,0.05,0.2182794871794939,2.114688205128202,-9.432817435897418,-1.9357103620479048,-0.4427215980020441,-9.792721598002045,0.05,0.14,0.14,9.669415541717195,35.95663272535407,-0.6232272924404906
2091.15,0.0,9.844023585848523,35.46470562841525,35.64340147541031,35.919888306010975,36.48322868852495,-6.674621359223637,0.05,0.05,0.05,0.223407692307693,2.112636923076922,-9.41845846153846,-1.7309662921352316,-0.6424719101119691,-9.99247191011197,0.05,0.14,0.14,9.655076672790102,35.87780602459037,-0.5034694908948356
2091.1600000000003,0.0,9.814041575055024,35.48277815697957,35.474370178838136,35.90500504719329,36.352468628912526,-6.762000000000248,0.05,0.05,0.05,0.2285358974358922,2.110585641025643,-9.404099487179504,-1.4636846057579411,-0.5632365456833809,-10.292182728409555,0.05,0.14,0.14,9.640741028016999,35.80365550298088,-0.3765923807616433
2091.17,0.0,9.784059564261524,35.52119458113187,35.423458762264296,35.969630369810936,36.18181984905747,-6.8285008908119655,0.05,0.05,0.05,0.2293504840689078,2.110324757965546,-9.391231534930256,-1.0581777221535629,0.132633291613022,-10.81283354192629,0.05,0.14,0.14,9.628151534499937,35.77402589056614,-0.23397965598139
2091.1800000000003,0.0,9.754077553468022,35.563187033961995,35.39331033459138,36.04823162767245,36.00415947169925,-6.889585136166883,0.05,0.05,0.05,0.2284414344802535,2.1107792827598733,-9.378959365483423,-0.78470411985014,0.4767166042460345,-11.190384519350609,0.05,0.14,0.14,9.616259847201764,35.75222211698127,-0.1207828060785544
2091.19,0.0,9.72409554267452,35.48306287000066,35.36609475000017,36.04884249000008,36.08047168999922,-6.825900744417096,0.05,0.05,0.05,0.2275323848915993,2.1112338075542003,-9.366687196036592,-0.7996853932583419,0.0522471910136487,-11.255303370786148,0.05,0.14,0.14,9.604369224719035,35.744617950000034,-0.07185121148186702
2091.2000000000003,0.0,9.69411353188085,35.383552870000095,35.33934475000002,36.037072490000014,36.19710168999988,-6.736570719602778,0.05,0.05,0.05,0.2266233353029399,2.11168833234853,-9.35441502658969,-0.7289086357952217,-0.3585181476839069,-11.072320400501969,0.05,0.14,0.1436814064997024,9.59247967101144,35.73926795,-0.03306250190260246
2091.21,0.0,9.664131521087349,35.36805640766902,35.33568,35.810897124117304,36.16649019172558,-6.72,0.05,0.05,0.05,0.2257142857142857,2.112142857142857,-9.342142857142855,-0.468583229036855,-0.7389937421769042,-10.341406758449631,0.05,0.14,0.15,9.580591190058177,35.67028093087798,-0.016692335934351363
2091.2200000000003,0.0,9.634149510293849,35.3658969727548,35.33568,35.550685216952814,36.112504318869874,-6.72,0.05,0.05,0.05,0.2248052361256315,2.112597381937184,-9.329870687696026,-0.4232501248115247,-0.7476085871217002,-9.760049925113083,0.05,0.14,0.15,9.568703785857668,35.59119162714437,-0.08855453426356778
2091.23,0.0,9.604167499500347,35.270586130217346,35.37093176627701,35.59211202003314,36.04627789649436,-6.73705753332207,0.05,0.05,0.05,0.2238961865369772,2.113051906731511,-9.317598518249191,-0.8476135796284936,0.0561857214139702,-9.505431852222904,0.05,0.14,0.15,9.556817462427908,35.56997695325546,-0.3531791590536981
2091.24,0.0,9.6,35.16269297495883,35.41094512186957,35.6742823038393,35.97839809682841,-6.757303863674686,0.05,0.05,0.05,0.222987136948323,2.1135064315258383,-9.305326348802362,-1.0917467467476876,0.4745795795822195,-9.398488488487152,0.05,0.14,0.15,9.544932223806567,35.55657962437403,-0.4948546692915688
2091.25,0.0,9.6,35.054799819700314,35.45095847746213,35.75645258764545,35.910518297162454,-6.777550194027302,0.05,0.05,0.05,0.2220780873596688,2.1139609563201653,-9.29305417935553,-0.936591591592483,0.0391441441466453,-9.618708708707445,0.05,0.14,0.15,9.533048074051061,35.543182295492585,-0.3641445205939304
2091.26,0.0,9.6,35.11342418952605,35.35433482294283,35.596547600997816,36.024769605984815,-6.78,0.05,0.05,0.05,0.2211690377710094,2.114415481114495,-9.280782009908627,-0.8722338830584256,-0.3319540229884287,-9.75279360319842,0.05,0.14,0.15,9.521165017238637,35.522269054862875,-0.28365157168431215
2091.27,0.0,9.6,35.19347406483783,35.240130334164704,35.40549523192039,36.16245539152106,-6.78,0.05,0.05,0.05,0.2202599881823552,2.1148700059088226,-9.268509840461796,-1.007166416791346,-0.56183908045933,-9.697821089455378,0.05,0.14,0.15,9.50928305746674,35.500388755611,-0.3133797609698604
2091.28,0.0,9.6,35.203,35.17190611541355,35.519344711466125,35.96784016987302,-6.78,0.05,0.05,0.05,0.2193509385937009,2.1153245307031496,-9.256237671014963,-1.0453590192650777,-0.5513935451608105,-9.619409557168344,0.05,0.14,0.1462984599044516,9.497402198852745,35.465522749188175,-0.3391584496997264
2091.29,0.0,9.6,35.203,35.109892625531025,35.674378436172454,35.728339795154284,-6.78,0.05,0.05,0.05,0.2184418890050467,2.1157790554974767,-9.243965501568132,-0.8702276707540257,-0.0109882411838506,-9.489311983988705,0.05,0.14,0.14,9.485522445534334,35.42890271421444,-0.3562279833579673
2091.3,0.0,9.6,35.11428635574331,35.01650783924615,35.570728553709195,35.70508296700569,-6.806326836581697,0.05,0.05,0.05,0.2175328394163925,2.116233580291804,-9.2316933321213,-0.707719780220709,0.237857142859826,-9.4046978021977,0.05,0.14,0.14,9.47364380166956,35.35165142892609,-0.34033586936048466
2091.31,0.0,9.6,35.01341808484282,34.91882488216358,35.431636516993784,35.711453594641505,-6.8363118440779,0.05,0.05,0.05,0.2166237898277382,2.116688105086131,-9.219421162674468,-0.572854645355617,-0.1517532467504397,-9.419682817182707,0.05,0.14,0.14,9.461766271436971,35.268833269660426,-0.2522645811481149
2091.32,0.0,9.6,34.894309280000726,34.91016239999997,35.337837120000515,35.62634336000059,-6.813716283716358,0.05,0.05,0.05,0.215714740239084,2.117142629880458,-9.207148993227635,-0.6000475475447248,-0.4449449449443584,-9.211731731736863,0.05,0.14,0.14,9.449889859035723,35.19216304000045,-0.26238039091548504
2091.33,0.0,9.6,34.772329280000385,34.91551239999998,35.25116712000027,35.52683336000031,-6.783746253746168,0.05,0.05,0.05,0.2148056906504246,2.117597154674788,-9.194876823780731,-0.9854329329324236,-0.5250250250249191,-8.511031031031957,0.05,0.14,0.14,9.438014568685652,35.11646054000023,-0.4895164798539426
2091.34,0.0,9.57983266733262,34.67751656006063,34.94510817426334,35.312016051372275,35.503056454293656,-6.78,0.05,0.05,0.05,0.2138966410617704,2.1180516794691147,-9.182604654333902,-1.3285449289324085,-0.4939026740548602,-8.067761985063656,0.05,0.14,0.14,9.42614040462766,35.10942430999748,-0.6750602069305851
2091.3500000000004,0.0,9.554857642357616,34.58698017124155,34.97852041299419,35.39608555527571,35.49120049861496,-6.78,0.05,0.05,0.05,0.2129875914731162,2.118506204263442,-9.17033248488707,-1.5790869669951977,-0.2192700554091104,-8.188214887978459,0.05,0.14,0.14,9.414267371123431,35.113196659531596,-0.7695252851479097
2091.36,0.0,9.529882617382611,34.659639554999735,34.80680093500056,35.464579689999816,35.56119961999977,-6.806288427893015,0.05,0.05,0.05,0.2120785418844619,2.118960729057769,-9.158060315440238,-1.6401143451167153,-0.1807068607037456,-8.588014553008932,0.05,0.14,0.14,9.402395472455847,35.12305494999997,-0.7335242865882253
2091.37,0.0,9.50490759240761,34.754869554999466,34.60671093500113,35.53091968999963,35.64251961999954,-6.8362809297675655,0.05,0.05,0.05,0.2111694922958077,2.1194152538520963,-9.145788145993404,-1.0943762993798691,-0.8979625779578863,-9.88219334718488,0.05,0.14,0.14,9.390524712929032,35.13375494999994,-0.2798125716160422
2091.38,0.0,9.479932567432607,34.816272193047894,34.69240691672836,35.351874218556034,35.50008273068381,-6.813746253746327,0.05,0.05,0.05,0.2102604427071535,2.119869778646424,-9.133515976546574,-0.7497927590504316,-1.070119850195366,-10.958164794002723,0.05,0.14,0.14,9.378655096868494,35.09015901475402,0.016642972717930554
2091.3900000000003,0.0,9.454957542457462,34.87299637409344,34.817628222055326,35.1388909727435,35.32669938484647,-6.783776223776222,0.05,0.05,0.05,0.2011342517558,2.118458130740139,-9.129614532685036,-0.8446741573031854,-0.0513932584289573,-11.557415730335908,0.05,0.14,0.14,9.37433631540613,35.03905373843469,-0.030461142380985462
2091.4,0.0,9.42998251748246,34.85185414392068,34.88785818362268,34.98055894789118,35.446682808932614,-6.78,0.05,0.05,0.05,0.1887085359265284,2.1162971366828747,-9.12907428417072,-0.8710235235237288,0.8277327327317969,-11.996504004003866,0.05,0.14,0.1436799999999723,9.373063627660425,35.041738521091794,-0.06427347095843322
2091.4100000000003,0.0,9.405007492507456,34.81999310173708,34.95051823325041,34.82975001488885,35.60705005459003,-6.78,0.05,0.05,0.05,0.1762828200972566,2.11413614262561,-9.128534035656402,-0.7458983983985638,1.3983033033025494,-12.081589089088975,0.05,0.14,0.15,9.371807771308303,35.0518278511166,-0.06870732435154436
2091.42,0.0,9.380032467532454,34.848949602400445,34.80646265566463,34.97198916729106,35.46333669917557,-6.806188094046998,0.05,0.05,0.05,0.163857104267985,2.1119751485683453,-9.127993787142088,-0.7461478890828028,1.395286035475158,-11.937944041969429,0.05,0.14,0.15,9.370568753117066,35.022684531132924,-0.09021640772839767
2091.4300000000003,0.0,9.35505744255745,34.88747923480852,34.629868507127604,35.16035625906388,35.271758804702074,-6.836203101550797,0.05,0.05,0.05,0.1514313884387133,2.1098141545110805,-9.12745353862777,-1.0209417936541134,0.1362303272575162,-11.293427429429444,0.05,0.14,0.15,9.36934657976683,34.98736570142552,-0.14911670445102412
2091.44,0.0,9.35,34.737297480000855,34.51251348500051,35.21640549499983,35.32072621499959,-6.9184972541187575,0.05,0.05,0.05,0.1390056726094415,2.107653160453816,-9.126913290113457,-1.197507507507659,-0.706576576576861,-10.659489489491802,0.05,0.14,0.15,9.368141257850365,34.94673566875019,-0.21671213717885932
2091.4500000000003,0.0,9.35,34.55753747999984,34.4044434849999,35.251715495000035,35.40739621500008,-7.008362456315804,0.05,0.05,0.05,0.1265799567800992,2.105492166396539,-9.126373041599136,-1.1574674674674927,-0.6315015015015489,-10.048878878879265,0.05,0.14,0.15,9.366952793872887,34.90527316874996,-0.3034814595599662
2091.46,0.0,9.35,34.358431951280394,34.37232519512804,35.05416015411414,35.34924078051216,-7.072125748503131,0.05,0.05,0.05,0.1141542409508275,2.1033311723392742,-9.12583279308482,-1.184895104894674,-0.4592307692317171,-9.44178821178969,0.05,0.14,0.15,9.365781194251948,34.783539520258685,-0.42248181312515465
2091.4700000000003,0.0,9.35,34.15629424310293,34.352111424310294,34.820105965698126,35.26838569724117,-7.132005988024051,0.05,0.05,0.05,0.1017285251215558,2.10117017828201,-9.125292544570502,-1.3597202797197934,-0.0746153846164547,-8.842387612389281,0.05,0.14,0.15,9.364626465317187,34.64922433258813,-0.6118977316357608
2091.48,0.0,9.35,34.11377324480086,34.302486820346004,34.767404635429806,35.22356834377365,-7.140000000000001,0.05,0.05,0.05,0.0893028092922841,2.0990091842247454,-9.124752296056188,-1.3878678678689869,0.1696996996999462,-8.41750750750766,0.05,0.14,0.15,9.363488613310212,34.601808261087584,-0.7110557937105986
2091.49,0.0,9.35,34.0987594637936,34.247793760962395,34.74595637684799,35.18496147832639,-7.140000000000001,0.05,0.05,0.05,0.0768770934630124,2.0968481901674805,-9.12421204754187,-1.0925725725744375,0.1046346346350455,-8.37746746746772,0.05,0.14,0.15,9.362367644384415,34.56936776998259,-0.6111837108217291
2091.5,0.0,9.35,34.17944572718099,34.15809455867658,34.632465697092016,35.040496835507454,-7.218170914542689,0.05,0.05,0.05,0.0644513776337407,2.094687196110216,-9.123671799027557,-0.8225405945556861,0.0819635273539626,-8.131933549842799,0.05,0.14,0.1462745098039877,9.361263564604817,34.50262570461426,-0.5553029897943309
2091.51,0.0,9.35,34.27603549648928,34.06257800902727,34.5036793380143,34.87844066700132,-7.308125937031814,0.05,0.05,0.05,0.0520256618043984,2.092526202052939,-9.123131550513236,-0.6077017237071938,0.1519110666999834,-7.437454409193021,0.05,0.14,0.14,9.360176379947887,34.43018337763304,-0.5955307854489987
2091.52,0.0,9.35,34.17565993504911,34.14740477142109,34.33930284286837,34.895096607544204,-7.372066983254279,0.05,0.05,0.05,0.0395999459751267,2.0903652079956743,-9.12259130199892,-0.5647922922925042,-0.0346096096100837,-7.194609609610084,0.05,0.14,0.14,9.359106096301419,34.38936603922069,-0.59847765595312
2091.53,0.0,9.35,34.044148568574094,34.26073977017191,34.169300344742126,34.94000292780397,-7.432051987003209,0.05,0.05,0.05,0.027174230145855,2.08820421393841,-9.122051053484604,-0.9001276276269923,-0.7853603603589379,-7.945360360358938,0.05,0.14,0.14,9.358052719464329,34.353547902823024,-0.5194064911270848
2091.54,0.0,9.35,34.061792298507335,34.20204214925399,34.19448081592022,34.84341186069688,-7.59611097225686,0.05,0.05,0.05,0.0147485143165833,2.086043219881145,-9.121510804970288,-1.2603545568025327,-1.0974007490659434,-8.77253682896029,0.05,0.14,0.14,9.35701625514653,34.32543178109461,-0.4827469472178353
2091.55,0.0,9.35,34.10331468656709,34.11580334328374,34.25090867661681,34.72416807960221,-7.776065983504162,0.05,0.05,0.05,0.0023227984873116,2.0838822258238805,-9.12097055645597,-1.674836454430627,-0.4532059925114351,-9.766294631707169,0.05,0.14,0.14,9.355996708968759,34.29854869651746,-0.5385299029554712
2091.56,0.0,9.35,34.11220797287112,33.97754923888538,34.471769902033515,34.6195008590811,-7.826029522141566,0.05,0.05,0.05,-0.01010291734196,2.081721231766616,-9.120430307941657,-1.900645807259832,0.007181476845838,-10.701474342925447,0.05,0.14,0.14,9.354994086462453,34.29525699321778,-0.5207050750572335
2091.57,0.0,9.35,34.115433293142395,33.83025961316371,34.72119466967897,34.51736571715732,-7.856052039029175,0.0501029624753102,0.0501029624753102,0.0501029624753102,-0.0175359953673504,2.079250085546585,-9.116571819641532,-1.710408010013875,0.0622503128907203,-11.507481852309636,0.05,0.14,0.14,9.35069356636507,34.296063323285594,-0.3405656473442844
2091.58,0.0,9.35,33.993988429752314,33.727675532181486,34.773284998747776,34.52445868269467,-7.86,0.0506296247531271,0.0506296247531271,0.0506296247531271,-0.0054278644941909,2.0755650022373624,-9.099725724513656,-1.471632958802714,-0.0177902621709631,-11.943780274657984,0.05,0.14,0.1437221633085921,9.33343494119936,34.25485191084406,-0.1860285549733961
2091.59,0.0,9.35,33.85250082644635,33.63227858752822,34.79365063861757,34.54911182569495,-7.86,0.0511562870309411,0.0511562870309411,0.0511562870309411,0.0066802663788997,2.071879918928161,-9.08287962938588,-1.1270636704130932,-0.3923220973770727,-11.57424219725462,0.05,0.14,0.15,9.316192000293341,34.20688546957177,-0.08729559894051009
2091.6000000000004,0.0,9.35,33.88060304999985,33.69714619999975,34.56131030000076,34.4302674000004,-7.86,0.051682949308755,0.051682949308755,0.051682949308755,0.0187883972519903,2.0681948356189594,-9.066033534258102,-0.7853491864841433,-0.4641276595763143,-11.251274092616452,0.05,0.14,0.15,9.298964830896216,34.142331737500186,-0.013952083561377782
2091.61,0.0,9.35,33.93517304999969,33.787026199999495,34.28953030000153,34.2890274000008,-7.86,0.052209611586569,0.052209611586569,0.052209611586569,0.030896528125081,2.064509752309758,-9.049187439130325,-0.4499299123916326,0.1316170212745629,-11.030998748436296,0.05,0.14,0.15,9.281753520824948,34.07518923750038,0.0034044601189493207
2091.62,0.0,9.35,33.94254,33.79360670000004,34.25839329999996,34.29402429999983,-7.808108108108303,0.0527362738643829,0.0527362738643829,0.0527362738643829,0.0430046589981717,2.0608246690005565,-9.032341344002544,-0.2325674325672836,0.6876673326655829,-10.545392107896074,0.05,0.14,0.15,9.26455815846792,34.07214107499996,-0.05491210957374444
2091.63,0.0,9.35,33.94254,33.787186700000035,34.26481329999996,34.32184429999983,-7.748048048048223,0.0532629361421969,0.0532629361421969,0.0532629361421969,0.0551127898712623,2.0571395856913552,-9.015495248874766,-0.2725274725273109,1.157197802195903,-9.481456043960348,0.05,0.14,0.15,9.247378832788742,34.07909607499996,-0.27816959887877035
2091.6400000000003,0.0,9.35,33.95270326428748,33.68283949089111,34.28600652857496,34.28402300973304,-7.7659735066233715,0.0537895984200138,0.0537895984200138,0.0537895984200138,0.0672209207444218,2.0534545023821327,-8.998649153746893,-0.389173967459448,1.131126408009528,-8.676470588235192,0.05,0.14,0.15,9.230215633329964,34.05139307337165,-0.43645619843494576
2091.65,0.0,9.35,33.96445270277012,33.56320884452241,34.30950540554024,34.23595712503133,-7.795966008497836,0.0543162606978278,0.0543162606978278,0.0543162606978278,0.0793290516175125,2.049769419072931,-8.981803058619114,-0.674530663328384,0.0147309136450946,-8.441176470588877,0.05,0.14,0.15,9.213068650217298,34.01828101946602,-0.45180684054053455
2091.6600000000003,0.0,9.35,33.845323545000404,33.59826107999982,34.31829082999998,34.275390249999845,-7.851929999999903,0.0548429229756417,0.0548429229756417,0.0548429229756417,0.0914371824906031,2.0460843357637297,-8.964956963491336,-0.8951685393254599,-0.5958426966315578,-8.278426966292159,0.05,0.1435052111903075,0.15,9.195937974162902,34.00931642625001,-0.4870420195059725
2091.67,0.0,9.35,33.70515354500041,33.65818107999983,34.32471082999998,34.328890249999844,-7.911929999999904,0.0553695852534557,0.0553695852534557,0.0553695852534557,0.1035453133636938,2.042399252454528,-8.948110868363557,-0.97506866416943,-0.1064544319622413,-8.27343320848941,0.05,0.15,0.15,9.17882369646963,34.00423392625001,-0.565518175453332
2091.6800000000003,0.0,9.35,33.67008497003003,33.54584418081962,34.173654120879675,34.23131921078959,-8.127564326754353,0.0558962475312696,0.0558962475312696,0.0558962475312696,0.1156534442367844,2.0387141691453268,-8.931264773235778,-1.06598247809712,0.4709261576937592,-8.1683103879864,0.05,0.1463059701493168,0.1463059701493168,9.16172590903483,33.905225620629736,-0.6719961030986176
2091.69,0.0,9.35,33.65191314185821,33.40581421078969,33.9972804945061,34.109461068931495,-8.367384461652952,0.0564229098090836,0.0564229098090836,0.0564229098090836,0.1277615751098751,2.035029085836125,-8.914418678108001,-1.1811264080094743,1.2418898623243064,-7.842903629538442,0.05,0.14,0.14,9.144644704354258,33.791117229021374,-0.8400779284805634
2091.7000000000003,0.0,9.35,33.59061892215558,33.32464543413162,34.08722866766489,33.94089815868235,-8.503602298276457,0.0569495720869005,0.0569495720869005,0.0569495720869005,0.1398697059830346,2.0313440025269025,-8.897572582980127,-1.2065168539325843,1.5560674157303371,-7.855955056179775,0.05,0.14,0.14,9.127580175525901,33.73584779565861,-0.8792986790426041
2091.71,0.0,9.35,33.522275608782365,33.25309852794404,34.22071170159694,33.76470055389204,-8.623512365725755,0.0574762343647144,0.0574762343647144,0.0574762343647144,0.1519778368561253,2.027658919217701,-8.880726487852348,-1.03672908863963,0.8769163545585198,-8.605018726589869,0.05,0.14,0.14,9.110532416254324,33.690196598053845,-0.6382977272165025
2091.7200000000003,0.0,9.35,33.53714632790984,33.26842285857316,34.19142387484366,33.85380633291591,-8.717605598600425,0.0580028966425284,0.0580028966425284,0.0580028966425284,0.1640859677292159,2.0239738359085,-8.86388039272457,-0.92,0.2332165206532806,-9.25767209011072,0.05,0.14,0.14,9.093501520854046,33.712699848560646,-0.4333918778549447
2091.73,0.0,9.35,33.56607248560687,33.29842035544416,34.13464289862356,33.98772372966141,-8.807583104224076,0.0585295589203423,0.0585295589203423,0.0585295589203423,0.1761940986023066,2.0202887525992983,-8.847034297596792,-0.92,-0.3324906132639389,-9.698222778471033,0.05,0.14,0.14,9.076487584253915,33.746714867334,-0.30789525391695943
2091.74,0.0,9.323785707176324,33.55370160877525,33.30084906764169,34.096064460694905,34.00368844606949,-8.82,0.0590562211981563,0.0590562211981563,0.0590562211981563,0.1883022294753973,2.0166036692900966,-8.830188202469014,-0.9451748251744264,-0.4273426573472921,-10.073951048949878,0.05,0.14,0.14,9.059490702001003,33.738575895795336,-0.2496241917451974
2091.75,0.0,9.288949437643172,33.5344960245971,33.29871511384412,34.06049856406869,34.00013185640687,-8.82,0.0595828834759702,0.0595828834759702,0.0595828834759702,0.2004103603484879,2.012918585980896,-8.813342107341235,-1.025094905094481,0.5017282717233416,-10.308716283715038,0.05,0.14,0.14,9.042510970264642,33.7234603897292,-0.33754204960805834
2091.76,0.0,9.254113168109823,33.51529044041883,33.296581160046536,34.02493266744228,33.99657526674423,-8.82,0.0598985019274857,0.0598985019274857,0.0598985019274857,0.2103045016469491,2.0088834939611866,-8.798578992314239,-1.1191641641640853,1.1760310310309583,-10.546761761761609,0.05,0.14,0.14349118942731,9.02744887328176,33.70834488366297,-0.40322333388982995
2091.77,0.0,9.219276898576672,33.50141829348101,33.28070258243143,33.9042720815506,33.97041601812236,-8.795165003837246,0.059410530425022,0.059410530425022,0.059410530425022,0.21176845187264,2.0035156764669866,-8.791747224594348,-1.2442892892888942,1.2911461461457827,-10.792007007006234,0.05,0.14,0.15,9.019630824164585,33.66420224389635,-0.4200978256773637
2091.78,0.0,9.184440629043518,33.48849103448277,33.26238896551726,33.7685358620691,33.94025241379313,-8.764466615502739,0.0589225589225583,0.0589225589225583,0.0589225589225583,0.213232402098331,1.9981478589727864,-8.784915456874456,-1.2843706293713522,1.1371328671365553,-11.02608391608287,0.05,0.14,0.15,9.01181460683995,33.61491706896557,-0.38211818951465437
2091.79,0.0,9.149604359510366,33.47936398307196,33.08057708737896,33.79131759522024,34.01335817774445,-8.76,0.0584345874200946,0.0584345874200946,0.0584345874200946,0.214696352324022,1.992780041478586,-8.778083689154565,-1.1395154845162532,0.3978721278760508,-11.235874125873014,0.05,0.14,0.15,9.004000226078299,33.5911542108539,-0.22485259256855417
2091.8,0.0,9.114768089977217,33.470840209111294,32.87281009708783,33.839263823748965,34.10285780433139,-8.76,0.0579466159176309,0.0579466159176309,0.0579466159176309,0.216160302549713,1.9874122239843857,-8.771251921434674,-0.982022528161242,0.0247584480576541,-11.38626783479338,0.05,0.14,0.15,8.996187686665525,33.57144298356987,-0.11040525578528479
2091.81,0.0,9.079931820444065,33.390074476381294,33.026311382153565,33.81516105973522,33.946774001500444,-8.734620552376265,0.0574586444151672,0.0574586444151672,0.0574586444151672,0.2176242527754039,1.9820444064901857,-8.764420153714783,-0.7967909887370195,0.4552966207734142,-11.406292866082484,0.05,0.14,0.15,8.988376993403032,33.544580229942625,-0.08993921207747896
2091.82,0.0,9.045095550910911,33.297007743064825,33.24132762809161,33.778790152462115,33.7488734766321,-8.704762378701204,0.0569706729127035,0.0569706729127035,0.0569706729127035,0.2190882030010949,1.9766765889959848,-8.757588385994891,-0.6637010232095144,0.6570900923403366,-11.191662091344895,0.05,0.14,0.15,8.980568151107793,33.516499750062664,-0.09871012320952485
2091.83,0.0,9.01025928137756,33.31448075481128,33.18867325168712,33.623657535616175,33.658772041989536,-8.674639175257672,0.056482701410237,0.056482701410237,0.056482701410237,0.2205521532267942,1.9713087715017543,-8.750756618274961,-0.6437359620664264,0.362605440479789,-10.467928624907955,0.05,0.14,0.15,8.972761164612361,33.446395896026026,-0.170912716080328
2091.84,0.0,9.0,33.35085166208449,33.0902578555361,33.448221394651306,33.587099960009986,-8.644465677646503,0.0559947299077733,0.0559947299077733,0.0559947299077733,0.2220161034524852,1.9659409540075543,-8.74392485055507,-0.5846806912101242,-0.0775356874503831,-9.72308790383447,0.05,0.14,0.15,8.964956038765102,33.369107718070474,-0.21803649910793954
2091.8500000000004,0.0,9.0,33.24983547151053,32.951316919631985,33.48796278676275,33.44753228166235,-8.64,0.0555067584053096,0.0555067584053096,0.0555067584053096,0.2234800536781762,1.960573136513354,-8.737093082835178,-0.4394264963693817,-0.8388680190294479,-8.931702980219391,0.05,0.14,0.15,8.957152778429993,33.2841618648919,-0.20985829119941435
2091.86,0.0,9.0,33.12523731276485,32.80541993033149,33.564638576760096,33.296310584723145,-8.64,0.0550187869028459,0.0550187869028459,0.0550187869028459,0.2249440039038671,1.9552053190191536,-8.730261315115287,-0.4030212234694528,-1.1599076154844874,-8.355338327091802,0.05,0.14,0.15,8.949351388486855,33.19790160114489,-0.2514760613624172
2091.87,0.0,9.0,33.13028108433719,32.77993987951809,33.6582036144573,33.209250522088766,-8.565677123183196,0.0545308154003822,0.0545308154003822,0.0545308154003822,0.2264079541295581,1.9498375015249536,-8.723429547395396,-0.6027715355793779,-0.5257003745354755,-8.245475655431342,0.05,0.14,0.15,8.941551873831367,33.19441877510033,-0.4011297966313838
2091.88,0.0,9.0,33.15928710843353,32.77671698795183,33.7548903614451,33.134049718876035,-8.473863810252965,0.0540428438979185,0.0540428438979185,0.0540428438979185,0.2278719043552491,1.9444696840307527,-8.716597779675505,-0.8543879849791715,0.3048735919828934,-8.177834793491725,0.05,0.14,0.1463107314469661,8.933754239375128,33.20623604417663,-0.5822303381686272
2091.8900000000003,0.0,9.0,33.072438785303795,32.76621446638342,33.66985607598113,33.27786006498356,-8.46,0.0535548723954521,0.0535548723954521,0.0535548723954521,0.2293358545809484,1.9391018665365225,-8.709766011955574,-1.2198448060074174,1.5664505632036871,-8.202866082603249,0.05,0.14,0.14,8.925958490045666,33.19659234816298,-0.8323531030518982
2091.9,0.0,9.0,32.96546552861789,32.75444740814797,33.5532552261935,33.459714601349575,-8.46,0.0530669008929884,0.0530669008929884,0.0530669008929884,0.2307998048066394,1.9337340490423225,-8.702934244235683,-1.4589740389416248,2.3748701947081243,-8.37751372940536,0.05,0.14,0.14,8.918164630786679,33.18322069107724,-0.9702888895245865
2091.9100000000003,0.0,9.0,32.95503571856287,32.69905210079846,33.49229425149705,33.49945000998002,-8.434433608402166,0.0525789293905247,0.0525789293905247,0.0525789293905247,0.2322637550323303,1.928366231548122,-8.696102476515792,-1.4240264603096393,2.200132301548196,-8.876764852719441,0.05,0.14,0.14,8.910372666557832,33.1614580202096,-0.8648269367857473
2091.92,0.0,9.0,32.96144290419161,32.63604810878253,33.44103676646714,33.51440010978042,-8.404426106526715,0.052090957888061,0.052090957888061,0.052090957888061,0.2337277052580213,1.9229984140539216,-8.6892707087959,-1.4266024036050202,1.6371482223399605,-9.320150225336546,0.05,0.14,0.14,8.902582602334983,33.13823197230542,-0.7400495212896446
2091.9300000000003,0.0,9.0,32.92881707060601,32.64914468202297,33.38236151226855,33.45129051577385,-8.451188391293345,0.0516029863855973,0.0516029863855973,0.0516029863855973,0.2351916554837123,1.9176305965597216,-8.68243894107601,-1.5117300951422457,0.2200225338085004,-9.640630946417865,0.05,0.14,0.14,8.894794443110209,33.10290344516785,-0.5727780877267187
2091.94,0.0,8.989656975007518,32.88916759639473,32.67593486730086,33.322351497246075,33.37413478217352,-8.511233425068733,0.0511150148831336,0.0511150148831336,0.0511150148831336,0.2366556057094032,1.912262779065521,-8.675607173356118,-1.4975255930101294,-0.7767840199745174,-9.989193508112375,0.05,0.14,0.14,8.887008193891868,33.06539718577879,-0.41160538630255433
2091.9500000000003,0.0,8.974721198844948,32.84789883495139,32.67722144884242,33.23544820014922,33.278324914114854,-8.52,0.0506270433806671,0.0506270433806671,0.0506270433806671,0.2381195559351026,1.906894961571291,-8.668775405636188,-1.2678127340824097,-0.8616779026217182,-10.398681647940052,0.05,0.14,0.14,8.879223859704606,33.009723349514466,-0.2636643240189148
2091.96,0.0,8.959785422682463,32.80634543689316,32.674025033607165,33.14381763007211,33.179236041822165,-8.52,0.0501390718782034,0.0501390718782034,0.0501390718782034,0.2395835061607935,1.9015271440770904,-8.661943637916297,-1.0786608260326238,-0.6504831038805641,-10.805356695869506,0.05,0.14,0.1434911894272692,8.8714414455896,32.95085603559865,-0.16055853521263935
2091.9700000000003,0.0,8.944849646519978,32.84314437202305,32.590404953622475,33.0561626222111,33.06601016294813,-8.496181061394385,0.0503575178758922,0.0503575178758922,0.0503575178758922,0.2403577678883949,1.893202410120496,-8.651055802790125,-0.9785356695873832,0.2105932415485057,-11.205857321650468,0.05,0.14,0.15,8.859049256283603,32.88893052770119,-0.15586115815827592
2091.98,0.0,8.929913870357494,32.89464600150406,32.49169349711721,32.9692536224619,32.95013149661586,-8.464963579604643,0.0508575428771419,0.0508575428771419,0.0508575428771419,0.2408577928896445,1.8837019350967537,-8.638555177758887,-0.8532808988774925,0.8015755305867364,-11.451640449438749,0.05,0.14,0.15,8.844827924604742,32.82643115442475,-0.13805413552857532
2091.99,0.0,8.914978094195009,32.76291874063018,32.37784547226421,33.16355914542656,32.89167326836596,-8.434732098147315,0.0513575678783916,0.0513575678783916,0.0513575678783916,0.2413578178908941,1.874201460073012,-8.626054552727647,-0.67350561797856,0.8065692883894845,-11.36175280898928,0.05,0.14,0.15,8.83061163543218,32.79899915667173,-0.09180479151512433
2092.0,0.0,8.900042318032524,32.598221089456025,32.26127375812148,33.40846669165306,32.843547331334555,-8.40468703054594,0.0518575928796413,0.0518575928796413,0.0518575928796413,0.2418578428921436,1.86470098504927,-8.613553927696408,-0.6017225838748519,0.5435503254931877,-11.046089133705271,0.05,0.14,0.15,8.816400413158783,32.77787721764128,-0.08812107645407782
2092.01,0.0,8.885106541869954,32.57022477142144,32.29949472395704,33.30667826630027,32.96468081938547,-8.323830533968374,0.0523576178808939,0.0523576178808939,0.0523576178808939,0.2423578678933961,1.855200510025474,-8.601053302665097,-0.7669704556833465,-0.3077265898839063,-10.234872308463572,0.05,0.14,0.15,8.802194282326127,32.785269645266055,-0.17786415721160248
2092.02,0.0,8.870170765707467,32.567017177117165,32.36578500624526,33.14202175868114,33.11650694978753,-8.233582351466607,0.0528576428821436,0.0528576428821436,0.0528576428821436,0.2428578928946456,1.845700035001732,-8.588552677633858,-0.8736878901373609,-0.7984744069917329,-9.47012234706725,0.05,0.14,0.15,8.787993267625911,32.79783272295777,-0.2784084553591938
2092.03,0.0,8.855234989544982,32.5692304171871,32.307396097926706,32.98549650262331,32.95573163127694,-8.16901725431367,0.0533576678833933,0.0533576678833933,0.0533576678833933,0.2433579178958952,1.8361995599779903,-8.576052052602618,-0.8537128589263684,-0.5088364544323416,-8.805952559301748,0.05,0.14,0.15,8.773797393900521,32.70446366225351,-0.4023326038080933
2092.04,0.0,8.85,32.57243801149137,32.22613704221856,32.83046277791699,32.73761521858666,-8.10900225056277,0.053857692884643,0.053857692884643,0.053857692884643,0.2438579428971448,1.8266990849542484,-8.56355142757138,-0.8603978978977745,0.0728528528505388,-8.42531531531486,0.05,0.14,0.15,8.759606686144448,32.591663262553396,-0.5226688610201058
2092.05,0.0,8.85,32.52988692173933,32.16139753043503,32.7209907826091,32.77613206956487,-8.074870657797547,0.0543577178858928,0.0543577178858928,0.0543577178858928,0.2443579678983944,1.8171986099305064,-8.55105080254014,-0.9254629629626752,1.2940740740686747,-8.665555555554493,0.05,0.14,0.15,8.745421169505283,32.547101826087086,-0.6351483803241911
2092.06,0.0,8.85,32.47884592795058,32.09972299627362,32.61997214906885,32.8622637465834,-8.045306725794584,0.0548577428871425,0.0548577428871425,0.0548577428871425,0.2448579928996439,1.807698134906765,-8.5385501775089,-0.9321778221785716,2.2214035964017853,-9.012807192803573,0.05,0.14,0.15,8.73124086928482,32.51520120496912,-0.6812778638762225
2092.07,0.0,8.85,32.430899919598296,32.17419562814004,32.62792186934654,32.92418282412023,-8.040000000000001,0.0553577678883922,0.0553577678883922,0.0553577678883922,0.2453580179008935,1.7981976598830227,-8.526049552477662,-0.8122977022984897,2.511113886111983,-9.592227772223966,0.05,0.14,0.15,8.717065810940147,32.53930006030127,-0.5834561605072589
2092.08,0.0,8.85,32.38358333668352,32.27635643216059,32.65803242211049,32.98117779899486,-8.040000000000001,0.0558577928896447,0.0558577928896447,0.0558577928896447,0.2458580429021459,1.7886971848592268,-8.513548927446351,-0.7331389236545561,2.2925231539440274,-10.062195244054791,0.05,0.14,0.1463040000000074,8.702896020084689,32.574787497487364,-0.46301898502544453
2092.09,0.0,8.85,32.41387344672321,32.17915965983037,32.55658222111098,32.834484612306774,-8.141750875438076,0.0563578178908945,0.0563578178908945,0.0563578178908945,0.2463580679033955,1.7791967098354848,-8.501048302415112,-0.7431514392991088,0.9608585732185366,-10.2924831038795,0.05,0.14,0.14,8.688731522489654,32.49602498499283,-0.2930586146313637
2092.1000000000004,0.0,8.85,32.45883592796377,32.04427221610867,32.43025905953035,32.64928201100636,-8.261810905452931,0.0568578428921442,0.0568578428921442,0.0568578428921442,0.2468580929046451,1.769696234811743,-8.488547677383872,-0.7799825218474506,-0.3855355805208624,-10.453156054931313,0.05,0.14,0.14,8.674572344084664,32.39566230365229,-0.14110823919101614
2092.11,0.0,8.85,32.49822050758878,32.11083471510281,32.66137061457946,32.512418308037375,-8.356307769173183,0.0573578678933939,0.0573578678933939,0.0573578678933939,0.2473581179058946,1.7601957597880011,-8.476047052352634,-0.8748639200993957,-1.7638127340754326,-10.46314357053678,0.05,0.14,0.14,8.660418510959236,32.44571103632711,-0.028141523714126968
2092.12,0.0,8.85,32.536558402587566,32.21519898482171,32.95955424234775,32.38462532470811,-8.44624031976016,0.0578578928946436,0.0578578928946436,0.0578578928946436,0.2478581429071442,1.7506952847642592,-8.463546427321393,-0.922735919900254,-2.2077722152801167,-10.539056320398984,0.05,0.14,0.1437033084310991,8.646270049363824,32.52398423861628,0.01343516570808477
2092.13,0.0,8.85,32.427955000000786,32.16223833333382,33.063891666666294,32.460411666666005,-8.409205397301454,0.0583579178958933,0.0583579178958933,0.0583579178958933,0.2483581679083938,1.7411948097405172,-8.451045802290155,-0.867667083855215,-0.6057697121517069,-10.75933166457914,0.05,0.14,0.15,8.632126985711006,32.52862416666673,-0.10131750017458963
2092.1400000000003,0.0,8.830222410611816,32.28978683183218,32.07762371871893,33.129227002001834,32.57715841341312,-8.349235382308702,0.0588579428971459,0.0588579428971459,0.0588579428971459,0.2488581929096462,1.7316943347167215,-8.438545177258844,-0.8852309612980923,0.9208014981251196,-10.742729088640065,0.05,0.14,0.15,8.61798934657654,32.51844899149152,-0.26846682657274756
2092.15,0.0,8.800301700493666,32.22502630895952,32.03153121537325,32.85926313451594,32.63659098078344,-8.23988165680464,0.0593579678983956,0.0593579678983956,0.0593579678983956,0.2493582179108958,1.7221938596929796,-8.426044552227605,-1.0600124843942766,2.284097378275358,-10.213390761548762,0.05,0.14,0.15,8.603857158700881,32.43810290990804,-0.5490317092754162
2092.1600000000003,0.0,8.770380990375518,32.17482416271551,31.993078507611884,32.522801941603966,32.684656865485145,-8.121538461538556,0.0598579928996453,0.0598579928996453,0.0598579928996453,0.2498582429121454,1.7126933846692376,-8.413543927196365,-1.156458072590829,2.800953692116749,-9.724443053817753,0.05,0.14,0.15,8.589730448989872,32.343840369354126,-0.7091613179516129
2092.17,0.0,8.74046028025737,32.074295266332115,31.86683248241265,32.57764477386879,32.67043904522624,-8.075143074196056,0.06,0.06,0.06,0.244199900002391,1.7059058117663937,-8.4106823647056,-1.0813642052566843,1.4642828535689827,-9.32394242803565,0.05,0.14,0.15,8.585413564281533,32.297302891959944,-0.6055626471394632
2092.1800000000003,0.0,8.71053957013922,31.963531447236463,31.722731979899866,32.712066884421766,32.64355462311565,-8.044755634337893,0.06,0.06,0.06,0.2361048546463341,1.7001916621032946,-8.411634722982784,-1.023687890137379,0.1460249687922434,-8.934803995007163,0.05,0.14,0.15,8.58498665713365,32.26047123366843,-0.5080082410223403
2092.19,0.0,8.680618860021072,31.94052886669997,31.642314578133067,32.67593457813307,32.57907901148305,-8.040000000000001,0.06,0.06,0.06,0.2280098092902773,1.6944775124401958,-8.412587081259968,-1.003712858926443,-1.1323770287076482,-8.570259675407586,0.05,0.14,0.15,8.58457127136121,32.20946425861229,-0.423536990131266
2092.2000000000003,0.0,8.650698149902752,31.934118482276585,31.573937144283583,32.60755714428358,32.507496385421874,-8.040000000000001,0.06,0.06,0.06,0.2199147639341744,1.6887633627770644,-8.413539439537155,-0.95704130162716,-1.6992465581989378,-8.373361702127456,0.05,0.14,0.15,8.584167408636757,32.15577728906641,-0.37871687928580305
2092.21,0.0,8.620777439784604,31.968093506883577,31.52964205757199,32.32804311389258,32.37290383479359,-8.040000000000001,0.06,0.06,0.06,0.2118197185781176,1.6830492131139654,-8.414491797814339,-0.8519098873593582,-0.7080075093882341,-8.543574468084849,0.05,0.14,0.15,8.583775070586766,32.04967062828543,-0.4207245440126901
2092.2200000000003,0.0,8.590856729666456,32.00987573466829,31.49000250813521,32.00771270087641,32.226130367960096,-8.040000000000001,0.06,0.06,0.06,0.2037246732220607,1.6773350634508664,-8.415444156091523,-0.8005041177937227,0.5677738956785302,-8.893431494882382,0.05,0.1437314225052869,0.15,8.583394258791571,31.933430327910003,-0.48317496985669617
2092.23,0.0,8.560936019548306,31.96351900074956,31.66520952285746,32.12736559080652,32.28000484636506,-8.040000000000001,0.06,0.06,0.06,0.1956296278660038,1.6716209137877671,-8.416396514368705,-0.8653905665083897,2.459463438975363,-9.632138757172438,0.05,0.15,0.15,8.583024974785365,32.00902474019465,-0.5898749166001368
2092.24,0.0,8.55,31.900436312765603,31.88118753934489,32.330513230076875,32.37195588308743,-8.040000000000001,0.06,0.06,0.06,0.187534582509947,1.6659067641246683,-8.417348872645888,-0.9663627254500085,3.3137950901874342,-10.221412825650011,0.05,0.15,0.15,8.582667220056159,32.121023241318696,-0.6234399319519384
2092.25,0.0,8.55,31.880704213333384,31.81361878000055,32.39314433333317,32.31673706000038,-8.107348775204104,0.06,0.06,0.06,0.1794395371538901,1.6601926144615695,-8.418301230923072,-1.1467234468924956,1.885939378767744,-10.481933867733606,0.05,0.15,0.15,8.582320996045746,32.10105109666687,-0.49610809823893987
2092.26,0.0,8.55,31.86929088000001,31.69163878000009,32.428810999999975,32.23327706000006,-8.187335444092957,0.06,0.06,0.06,0.1713444917977872,1.654478464798438,-8.41925358920026,-1.2115205992514706,0.3963295880196735,-10.81331086142182,0.05,0.15,0.15,8.58198630414968,32.055754430000036,-0.3128230812406727
2092.27,0.0,8.55,31.857877546666696,31.56965878000032,32.46447766666657,32.149817060000224,-8.267322112981358,0.06,0.06,0.06,0.1632494464417304,1.648764315135339,-8.420205947477443,-1.02675156054979,-1.226641697873467,-11.297705368288389,0.05,0.15,0.15,8.581663145717254,32.010457763333456,-0.00870393857009552
2092.28,0.0,8.55,31.73604416957641,31.477485206982752,32.412908558603654,32.21876519700725,-8.28,0.06,0.06,0.06,0.1551544010856735,1.6430501654722405,-8.421158305754627,-0.9848648648642528,-2.123123123124687,-11.4995595595605,0.05,0.1462765957446969,0.1462765957446969,8.58135152205145,31.961300783042518,0.12913017326517684
2092.29,0.0,8.55,31.59302172568604,31.39103134164604,32.34459933167095,32.31695971072302,-8.28,0.06,0.06,0.06,0.1470593557296166,1.6373360158091412,-8.422110664031809,-1.2551351351346092,-1.4324324324337765,-11.084144144144954,0.05,0.14,0.14,8.581051434408938,31.91140302743151,-0.09632084596410956
2092.3,0.0,8.55,31.58356522261126,31.344538249124668,32.143980800400826,32.27076215107574,-8.15388152961786,0.06,0.06,0.06,0.1389643103735598,1.6316218661460422,-8.423063022308993,-1.4131668331670646,-0.2718081918141281,-10.694245754246667,0.05,0.14,0.1437180851063198,8.580762884000036,31.835711605803123,-0.32908362347173836
2092.31,0.0,8.55,31.600693786893377,31.3059989794899,31.91702732366274,32.19582468234147,-8.00391902024511,0.06,0.06,0.06,0.1308692650175029,1.6259077164829432,-8.424015380586177,-1.3282517482522478,1.906013986001173,-10.35958041958239,0.05,0.14,0.15,8.580485871988687,31.75488619309687,-0.5776731182655253
2092.32,0.0,8.55,31.464141800000704,31.3192958999999,31.951949449999635,32.17095170000006,-7.98,0.06,0.06,0.06,0.122774219661446,1.6201935668198444,-8.424967738863359,-1.1505306633322614,3.1154743429360434,-10.174015018772325,0.05,0.14,0.15,8.580220399492443,31.726584712500074,-0.671838167139811
2092.33,0.0,8.55,31.29722179999976,31.34283590000004,32.03861945000013,32.15597169999998,-7.98,0.06,0.06,0.06,0.1146791743053431,1.614479417156713,-8.425920097140548,-0.7700550688371013,2.2093416770988856,-10.314190237796858,0.05,0.14,0.15,8.579966467582436,31.708662212499977,-0.42863006344985904
2092.34,0.0,8.55,31.361682349412607,31.34225386653337,31.9475192501875,32.09633349162712,-7.8793896948476,0.06,0.06,0.06,0.1065841289492863,1.608765267493614,-8.426872455417731,-0.4841570605190179,0.9545677233499696,-10.39479827089354,0.05,0.1437180851063578,0.15,8.579724077283355,31.686947239440148,-0.18994480876026498
2092.3500000000004,0.0,8.55,31.471864803798766,31.33690520369909,31.8212908072985,32.02787060734834,-7.759329664832744,0.06,0.06,0.06,0.0984890835932294,1.603051117830515,-8.427824813694913,-0.4025048030743852,-1.0531171949945275,-10.346767531220229,0.05,0.15,0.15,8.579493229573435,31.66448285553617,0.03897309271971687
2092.36,0.0,8.55,31.542729355644152,31.3083672877124,31.60147887612464,31.9344738861142,-7.790302273294805,0.06,0.06,0.06,0.0903940382371726,1.597336968167416,-8.428777171972097,-0.3461115454780692,-2.421321344805289,-10.224438363307032,0.05,0.15,0.15,8.579273925384422,31.59676235139885,0.18166876792745767
2092.37,0.0,8.55,31.605796288711066,31.275230424575543,31.36310724775309,31.836132227772573,-7.850257307019455,0.06,0.06,0.06,0.0822989928811157,1.591622818504317,-8.429729530249281,-0.3721735731038041,-1.7020093823350058,-9.859569976546744,0.05,0.15,0.15,8.57906616560157,31.520066547203065,0.0429012695158522
2092.38,0.0,8.55,31.45423895000116,31.346286649999453,31.55923537499832,31.744834900000534,-7.834900099900253,0.06,0.06,0.06,0.0846445753824517,1.588064760257312,-8.419162657440946,-0.4641858141840504,-0.6686013986142703,-9.651038961037983,0.05,0.15,0.15,8.568046115618245,31.526148968749865,-0.12701457175934752
2092.3900000000003,0.0,8.55,31.259498950000605,31.43830664999972,31.84278537499912,31.65495490000028,-7.804930069930061,0.06,0.06,0.06,0.0911314125088128,1.585361911454661,-8.404026704146103,-0.698951048950545,1.0446853146816375,-9.780909090908812,0.05,0.15,0.15,8.552738869428778,31.54888646874993,-0.36435277543914996
2092.4,0.0,8.55,31.35874766691608,31.32452532633222,31.90809995498866,31.71741680420067,-7.8,0.06,0.06,0.06,0.0976182496351371,1.5826590626520265,-8.388890750851346,-0.86,1.9260425531937952,-9.87,0.05,0.15,0.15,8.537436796894935,31.57719743810941,-0.4966000202639273
2092.4100000000003,0.0,8.55,31.51714726681595,31.169336529133016,31.92950530632648,31.81053008252019,-7.8,0.06,0.06,0.06,0.1041050867614614,1.5799562138493912,-8.37375479755659,-0.86,0.9898723404281308,-9.87,0.05,0.15,0.15,8.52213992588557,31.60662979619891,-0.3992536416033118
2092.42,0.0,8.55,31.404625127436912,31.064133053473626,31.835975762119386,31.798463198400928,-7.8,0.06,0.06,0.06,0.1105919238877857,1.577253365046756,-8.358618844261834,-0.916884672989869,0.0971792311561377,-9.83207688467342,0.05,0.15,0.15,8.506848284460558,31.525799285357714,-0.331270398243661
2092.4300000000003,0.0,8.55,31.23778854572756,30.968950644677903,31.719404047976305,31.765309775112527,-7.8,0.06,0.06,0.06,0.11707876101411,1.574550516244121,-8.343482890967076,-1.0966150773829382,-0.701622566146392,-9.712256615078042,0.05,0.15,0.15,8.491561900872274,31.422863253373574,-0.32669853870229365
2092.44,0.0,8.55,31.17499718648331,30.93245885356708,31.76667156445517,31.618014683355035,-7.8,0.06,0.06,0.06,0.1235655981404343,1.571847667441486,-8.32834693767232,-1.2545454545446522,-0.8621487603395871,-9.614297520661522,0.05,0.15,0.15,8.47628080356715,31.373035571965147,-0.37786757467325777
2092.4500000000003,0.0,8.55,31.13321495869848,30.90781805256577,31.84702200250293,31.44767175469378,-7.8,0.06,0.06,0.06,0.1300524352667955,1.5691448186388353,-8.313210984377477,-1.3647382920106694,0.3750162784834252,-9.564209867267875,0.05,0.15,0.15,8.461005021187157,31.333931692115236,-0.5510976146975893
2092.46,0.0,8.55,31.03162734183585,30.916243935983942,31.736173778445128,31.45699180795184,-7.8,0.06,0.06,0.06,0.1365392723931198,1.5664419698362002,-8.298075031082721,-1.4067565543075515,1.2010037453186009,-9.487258426966852,0.05,0.15,0.15,8.445734582571754,31.28525921605419,-0.6627430790281422
2092.4700000000003,0.0,8.55,30.9181789797454,30.93122768192042,31.58740658664728,31.50194304576126,-7.8,0.06,0.06,0.06,0.143026109519444,1.563739121033565,-8.282939077787963,-1.301887640449841,1.1410786516856235,-9.352426966292652,0.05,0.15,0.15,8.430469516758958,31.234689073518588,-0.641700009607894
2092.48,0.0,8.55,30.95649820448853,30.86151102244421,31.46571680798048,31.47638478803007,-7.8,0.06,0.06,0.06,0.1495129466457683,1.56103627223093,-8.267803124493208,-1.1402777777787838,0.8717592592618185,-9.280462962962734,0.05,0.15,0.15,8.415209852987326,31.190027705735822,-0.570314354988815
2092.49,0.0,8.55,31.02480743142124,30.775057157107494,31.349377655860703,31.4368935162096,-7.8,0.06,0.06,0.06,0.1559997837720926,1.5583334234282948,-8.25266717119845,-0.8549924924934076,0.1460335335358614,-9.34552802802782,0.05,0.15,0.15,8.399955620697488,31.14653394014976,-0.38919947253387266
2092.5,0.0,8.55,31.018658000000112,30.79766019999976,31.29229980000024,31.40531320000016,-7.749997501873743,0.06,0.06,0.06,0.1624866208984169,1.5556305746256596,-8.237531217903694,-0.6694831460673022,-0.2472659176042263,-9.571760299623293,0.05,0.15,0.15,8.384706849533803,31.128482800000064,-0.25176738452455366
2092.51,0.0,8.55,30.99725800000005,30.84260019999989,31.24735980000011,31.37535320000008,-7.690042468148753,0.06,0.06,0.06,0.1689734580247781,1.5529277258230092,-8.222395264608851,-0.6994456928838761,0.0773283395753255,-10.146042446940962,0.05,0.15,0.15,8.369463569345932,31.115642800000032,-0.20867080995573611
2092.52,0.0,8.55,30.95455336665845,30.74369463634123,31.15803522119494,31.34539941514629,-7.729950000000126,0.06,0.06,0.06,0.1754602951511024,1.550224877020374,-8.207259311314095,-0.7954732098140823,0.3078617926889669,-10.59503254882277,0.05,0.15,0.15,8.354225810190869,31.050420659835225,-0.19694089944177334
2092.53,0.0,8.55,30.90748513371666,30.615326728318152,31.05961982504392,31.31544690327424,-7.789950000000126,0.06,0.06,0.06,0.1819471322774266,1.5475220282177389,-8.192123358019337,-1.035833750625072,0.332899349023445,-10.770295443164116,0.05,0.15,0.15,8.338993602334106,30.974469647588244,-0.25373815944277456
2092.54,0.0,8.532197177479723,30.87195923538241,30.603198335832047,31.141310479759763,31.25090286356843,-7.824937593609602,0.06,0.06,0.06,0.1884339694037509,1.5448191794151038,-8.176987404724581,-1.1810037453186009,0.2819300873916533,-10.9058302122345,0.05,0.15,0.15,8.323766976251706,30.966842728635662,-0.27667749140554077
2092.55,0.0,8.502276467361556,30.838805812094105,30.614962453773057,31.26002112443724,31.179248690655,-7.854892661008447,0.06,0.06,0.06,0.1949208065300752,1.5421163306124688,-8.161851451429825,-1.1210786516856237,0.0671985018734839,-10.95576779026198,0.05,0.15,0.15,8.308545962631918,30.97325952023985,-0.2266674074359145
2092.56,0.0,8.47235575724339,30.79847740981982,30.503281242485563,31.357659624248093,31.0852390180365,-7.86,0.06,0.06,0.06,0.1993648625576297,1.5384121563940742,-8.148412156394075,-1.0359148936175435,0.014468085105264,-11.079744680850002,0.05,0.15,0.15,8.294762141365744,30.936164323647496,-0.17382214306300983
2092.57,0.0,8.442435047125224,30.756663782565283,30.3660467735476,31.450936177354368,30.986601743487338,-7.86,0.06,0.06,0.06,0.1964379619015187,1.531094904753797,-8.141094904753798,-0.8957396745938077,0.3148435544418408,-11.36510137671975,0.05,0.15,0.15,8.286149028858176,30.890062119238646,-0.1147971770478809
2092.58,0.0,8.412514337006888,30.68014479239611,30.30295507253621,31.257123156578025,31.03513910455236,-7.810304543185078,0.06,0.06,0.06,0.1935110612453912,1.523777653113478,-8.133777653113478,-0.8538227215981098,0.4899225967539975,-11.412779026216937,0.05,0.15,0.15,8.277540925736371,30.818840531515676,-0.11171052128759293
2092.59,0.0,8.382593626888722,30.59664304152077,30.254780985492754,31.0055473686844,31.11328817908953,-7.750394408387388,0.06,0.06,0.06,0.1905841605892802,1.5164604014732006,-8.126460401473201,-1.023610486891064,0.3950411985020524,-10.948359550562678,0.05,0.15,0.15,8.26893784764499,30.742564893696866,-0.22914710181796483
2092.6000000000004,0.0,8.352672916770556,30.53299565737061,30.314270179282747,30.9911970468127,31.081885408366613,-7.74,0.06,0.06,0.06,0.1876572599331692,1.5091431498329233,-8.119143149832924,-1.1006382978728066,0.2985106382982453,-10.395404255321928,0.05,0.15,0.15,8.260339810284572,30.73008707295817,-0.3286604641517012
2092.61,0.0,8.32275220665239,30.473314382470285,30.3952661952189,31.024234895418235,31.02859855577704,-7.74,0.06,0.06,0.06,0.1847303592770583,1.5018258981926458,-8.111825898192645,-0.9754818523158996,0.1983854818527197,-9.649471839802764,0.05,0.15,0.15,8.251746829411921,30.730353507221114,-0.38910747966826653
2092.62,0.0,8.292831496534225,30.40790259101212,30.325129776550828,31.052176374591888,30.96430259101212,-7.6902900000000916,0.06,0.06,0.06,0.1818034586209474,1.4945086465523685,-8.104508646552368,-0.8757528089889911,0.1917378277143717,-9.002277153560248,0.05,0.15,0.15,8.243158920840264,30.68737783329174,-0.4528708151297436
2092.63,0.0,8.26291078641606,30.34127944263165,30.2230459201614,31.07904054732595,30.89767944263165,-7.6302900000002625,0.06,0.06,0.06,0.1788765579648364,1.4871913949120912,-8.097191394912091,-0.8308089887643856,0.3864943820209958,-8.567820224722395,0.05,0.15,0.15,8.234576100439435,30.63526133818766,-0.5237794077597338
2092.6400000000003,0.0,8.25,30.36502281999993,30.17843622000005,30.802400300000567,30.839323860000096,-7.64484878780309,0.06,0.06,0.06,0.1759496573087088,1.479874143271772,-8.089874143271773,-0.7889787234043859,0.6002978723394745,-8.293617021276315,0.05,0.15,0.15,8.225998384136032,30.54629580000016,-0.5734615824066424
2092.65,0.0,8.25,30.40675281999993,30.145266220000053,30.46535030000057,30.78261386000009,-7.67484128967764,0.06,0.06,0.06,0.1730227566525979,1.4725568916314948,-8.082556891631494,-0.7539349186484519,0.8556170212755647,-8.36871088861046,0.05,0.15,0.15,8.217425787913806,30.44999580000016,-0.5768775900327223
2092.6600000000003,0.0,8.25,30.337355106912163,30.09538506215824,30.52299984087492,30.72616256588773,-7.68,0.06,0.06,0.06,0.1700958559964869,1.4652396399912175,-8.075239639991217,-0.7664185814180813,0.901743256745018,-8.492837162836162,0.05,0.15,0.15,8.208858327813573,30.420475643958262,-0.5670811223527449
2092.67,0.0,8.25,30.24583844853328,30.042177702635627,30.659210681252794,30.669762764793767,-7.68,0.06,0.06,0.06,0.167168955340376,1.45792238835094,-8.06792238835094,-0.8813036963031597,0.4971478521497419,-8.72260739260632,0.05,0.15,0.15,8.2002960199336,30.40424739930387,-0.5288173971515853
2092.6800000000003,0.0,8.25,30.26683016591232,29.96546350930152,30.66826683760692,30.5756593866269,-7.729567175381405,0.06,0.06,0.06,0.164242054684265,1.4506051367106627,-8.060605136710663,-0.9663063063062104,0.1159459459475276,-8.932027027026237,0.05,0.15,0.15,8.191738880429758,30.369054974861914,-0.4860309095616354
2092.69,0.0,8.25,30.312018702865448,29.883693775767284,30.649976239316366,30.473447219709104,-7.789612209156793,0.06,0.06,0.06,0.1613151540281541,1.4432878850703854,-8.053287885070386,-0.9863263263262368,-0.2143843843829079,-9.097192192191455,0.05,0.15,0.15,8.183186925515725,30.329783984414547,-0.43340920852282283
2092.7000000000003,0.0,8.25,30.272459164179143,29.994431641790943,30.565249492537376,30.48400614925371,-7.824803799050321,0.06,0.06,0.06,0.1583882533720265,1.4359706334300664,-8.045970633430066,-0.9683395755305236,-0.362431960049783,-9.279652933832848,0.05,0.15,0.15,8.174640171463134,30.32903661194029,-0.38436101780452836
2092.71,0.0,8.25,30.216031303482552,30.14348636815929,30.467299243781035,30.51701112437813,-7.854796300924787,0.06,0.06,0.06,0.1554613527159155,1.428653381789789,-8.03865338178979,-0.8684644194758447,-0.1177378277158194,-9.49937827715314,0.05,0.15,0.15,8.166098634601966,30.335957009950253,-0.34301221998590803
2092.7200000000003,0.0,8.25,30.11465674894047,30.061570770381515,30.558209229618488,30.439290107205235,-7.835223582313283,0.06,0.06,0.06,0.1525344520598046,1.4213361301495118,-8.031336130149512,-0.8267659574464915,0.2058723404236856,-9.711404255318422,0.05,0.15,0.15,8.157562331320461,30.293431714036426,-0.3305714912900461
2092.73,0.0,8.25,30.00368192969357,29.930321705310668,30.68945829468933,30.337918878085475,-7.805246065450958,0.06,0.06,0.06,0.1496075514036937,1.4140188785092342,-8.024018878509235,-0.9118723404251884,0.7014918648290375,-9.906648310387196,0.05,0.15,0.15,8.149031278065518,30.240345201944763,-0.381140242352483
2092.74,0.0,8.241521122555628,29.99318338838833,29.81532614614664,30.529178948949944,30.45628078078004,-7.750549450549569,0.06,0.06,0.06,0.1466806507475827,1.406701626868957,-8.016701626868956,-1.0111688311682658,0.9940809190815496,-10.12075424575314,0.05,0.15,0.15,8.140505491342836,30.198492316066236,-0.4125079346326864
2092.75,0.0,8.226593521421144,30.004965170170088,29.70393475475553,30.30425402402559,30.623367867866705,-7.690609390609527,0.06,0.06,0.06,0.1437537500914718,1.3993843752286796,-8.009384375228679,-1.1410389610383544,0.8492257742264508,-10.37549950049831,0.05,0.15,0.15,8.131984987717134,30.15913045420448,-0.4025055223434203
2092.76,0.0,8.211665920286572,29.98776221036844,29.68745232538756,30.249245310885183,30.56496647774652,-7.647090969676675,0.06,0.06,0.06,0.1408268494353442,1.3920671235883606,-8.002067123588361,-1.1716520650812223,0.5513016270333524,-10.5799624530664,0.05,0.15,0.15,8.123469783812283,30.122356581096927,-0.3508636268668163
2092.77,0.0,8.196738319152088,29.96421828638112,29.6917330388398,30.231409004834184,30.457235189198467,-7.607104298567088,0.06,0.06,0.06,0.1410762500000027,1.3874887499999935,-7.987443749999968,-0.986420525657,-0.0794868585734588,-10.675081351689649,0.05,0.15,0.15,8.108284972736476,30.086148879813393,-0.20867237906270858
2092.78,0.0,8.181810718017603,29.9406743623938,29.69601375229204,30.21357269878318,30.349503900650426,-7.5671176274575,0.06,0.06,0.06,0.1425762500000015,1.3839887499999968,-7.969943749999983,-0.8695131086142133,-0.4465792759052447,-10.6686516853934,0.05,0.15,0.15,8.09047317685155,30.049941178529863,-0.13221401605803837
2092.79,0.0,8.166883116883117,29.884656171914312,29.706438340829536,30.16911254372835,30.403974602698263,-7.56,0.06,0.06,0.06,0.1440762500000002,1.3804887499999996,-7.952443749999998,-0.899475655430617,-0.2468289637958867,-10.443932584270373,0.05,0.15,0.15,8.07266181328096,30.041045414792613,-0.19705547628354392
2092.8,0.0,8.151955515748632,29.8215577211398,29.71820245877055,30.11884767616221,30.493809685156894,-7.56,0.06,0.06,0.06,0.1455762499999989,1.3769887500000026,-7.934943750000013,-0.8679599499382458,0.0934292866050395,-10.250575719650188,0.05,0.15,0.15,8.054850884892588,30.038104385307363,-0.2511155339475531
2092.81,0.0,8.137027914614146,29.79349180656489,29.634140897018938,30.09748869957413,30.448423497870667,-7.56,0.06,0.06,0.06,0.1470762499999976,1.3734887500000057,-7.917443750000028,-0.7027534418031285,0.7392365456786797,-10.12541927409328,0.05,0.15,0.15,8.037040394579659,29.993386225257154,-0.28173031937412674
2092.82,0.0,8.122100313479661,29.77311596091217,29.52904442996807,30.082474918566867,30.37335459283433,-7.56,0.06,0.06,0.06,0.1485762499999963,1.3699887500000083,-7.899943750000043,-0.6042696629210644,1.073770287143187,-10.016217228464894,0.05,0.15,0.15,8.019230345261033,29.93949747557036,-0.2999700457114425
2092.83,0.0,8.107172712345092,29.70776950737692,29.61472740185034,29.95365170792713,30.214578124531304,-7.56,0.06,0.06,0.06,0.1500762500000036,1.3664887499999918,-7.8824437499999584,-0.6492134831459255,0.7391885143581103,-9.941310861423458,0.05,0.15,0.15,8.001420739881388,29.872681685421423,-0.2916082670766372
2092.84,0.0,8.1,29.632850777694543,29.741018974743486,29.80060344586171,30.03798397599428,-7.56,0.06,0.06,0.06,0.1515762500000023,1.3629887499999946,-7.864943749999973,-0.6295369211522382,0.2750312891151093,-9.98777221526754,0.05,0.15,0.15,7.9836115814119015,29.803114293573504,-0.22970433729604622
2092.8500000000004,0.0,8.1,29.75480074999972,29.70838950000012,29.97155599999959,29.95323225000011,-7.584596552585486,0.06,0.06,0.06,0.153076250000001,1.3594887499999977,-7.847443749999988,-0.4693366708393973,-0.4709011264040564,-10.298160200248669,0.05,0.15,0.15,7.965802872849948,29.846994624999887,-0.05136747565600677
2092.86,0.0,8.1,29.91851074999972,29.64204950000012,30.21123599999959,29.88796225000011,-7.614574069447811,0.06,0.06,0.06,0.1545762499999997,1.3559887500000007,-7.829943750000003,-0.374269662921105,-0.8912109862686802,-10.514756554307034,0.05,0.15,0.15,7.947994617219789,29.914939624999885,0.05704264441539686
2092.87,0.0,8.1,29.789081592877103,29.579785040811448,30.22610579767509,29.956889245609425,-7.595454545454662,0.06,0.06,0.06,0.1560762499999985,1.3524887500000036,-7.812443750000018,-0.419213483145838,-0.6115605493147851,-10.52973782771528,0.05,0.15,0.15,7.930186817572772,29.887965419243265,0.015137800323625217
2092.88,0.0,8.1,29.59747140242472,29.518385090279743,30.193288582735725,30.05428227059075,-7.565484515484641,0.06,0.06,0.06,0.1575762499999972,1.3489887500000066,-7.794943750000033,-0.5430413016255607,-0.192916145185072,-10.420150187736567,0.05,0.15,0.15,7.912379476987641,29.840856836507736,-0.08656303408091072
2092.8900000000003,0.0,8.1,29.62961638687038,29.54251071911797,30.08860804810835,30.12684439488844,-7.535477738869423,0.06,0.06,0.06,0.1590762500000044,1.3454887499999897,-7.777443749999948,-0.8384105131415402,0.52798498122681,-10.039674593241406,0.05,0.15,0.15,7.894572598570733,29.846894887246286,-0.3182964188523877
2092.9,0.0,8.1,29.71648183412646,29.587552062139647,29.966352974192382,30.19333399649186,-7.505462731365709,0.06,0.06,0.06,0.1605762500000032,1.3419887499999927,-7.759943749999963,-1.04317182817182,0.951805694305873,-9.714977522477692,0.05,0.15,0.15,7.876766185456701,29.865930216737585,-0.48026893812828114
2092.9100000000003,0.0,8.1,29.66254809175744,29.41574734560233,30.01523541214979,30.1328728358966,-7.5,0.06,0.06,0.06,0.1620762500000019,1.3384887499999956,-7.742443749999978,-1.0531618381617984,0.7370204795213363,-9.510182317683135,0.05,0.15,0.15,7.858960240808217,29.80660092135154,-0.4922830614992948
2092.92,0.0,8.1,29.57515711620924,29.19241485253473,30.104784189563368,30.04224515755033,-7.5,0.06,0.06,0.06,0.1635762500000006,1.3349887499999986,-7.724943749999993,-1.0663178973715897,0.514185231540926,-9.289446808512237,0.05,0.15,0.15,7.8411547678167,29.728650328964413,-0.506935718948283
2092.9300000000003,0.0,8.1,29.48350609992597,29.19269270693484,29.91787343773448,29.97721840914776,-7.475508368723438,0.06,0.06,0.06,0.1650762499999993,1.3314887500000017,-7.707443750000008,-1.0863429286606947,0.2738848560716645,-9.034127659576145,0.05,0.15,0.15,7.823349769702542,29.642822663435766,-0.5273128663383975
2092.94,0.0,8.081158521458883,29.390948307233923,29.2405674272928,29.67211653989697,29.917640979368965,-7.445530851861113,0.06,0.06,0.06,0.166576249999998,1.3279887500000047,-7.6899437500000225,-1.1460409385911745,0.1608037943075025,-8.926679980028597,0.05,0.15,0.15,7.805545249715426,29.555318313448165,-0.5518630420224944
2092.9500000000003,0.0,8.046427685437878,29.293628282929426,29.222559530117525,29.67660216945753,29.937808932766742,-7.464465000000088,0.06,0.06,0.06,0.1680762500000053,1.3244887499999878,-7.672443749999938,-1.2908237643534917,0.32056415376937,-9.136365451822298,0.05,0.15,0.15,7.787741211134568,29.532649728817805,-0.5853629198972996
2092.96,0.0,8.01169684941707,29.195212886778684,29.189397820545,29.738646658335178,29.97631930517356,-7.494465000000002,0.06,0.06,0.06,0.169576250000004,1.3209887499999906,-7.654943749999953,-1.356875312969402,0.3826790185277168,-9.289464196294457,0.05,0.15,0.15,7.7699376572694545,29.52489416770811,-0.5908335066919677
2092.9700000000003,0.0,7.976966013396264,29.22018532467508,29.14149168831192,29.67993097402637,29.88887279220832,-7.475571642536186,0.06,0.06,0.06,0.1592374999999725,1.3189237499999973,-7.651793750000005,-1.2517175763645938,0.2324536805208483,-9.31950926389583,0.05,0.15,0.15,7.766264483795245,29.482620194805424,-0.5353515081225315
2092.98,0.0,7.942235177375457,29.27363187812162,29.090182997003243,29.59334755744298,29.77235930569487,-7.445616575137257,0.06,0.06,0.06,0.1442374999999853,1.3174237499999986,-7.654293750000003,-1.092659176030483,0.010898876405204,-9.401932584269296,0.05,0.15,0.15,7.768180134675007,29.43238043456568,-0.446424652788845
2092.99,0.0,7.90750434135465,29.23525547066195,29.100381503120985,29.51890779525626,29.617758696629974,-7.4643932949712255,0.06,0.06,0.06,0.1292374999999981,1.3159237499999998,-7.65679375,-0.8180024968801156,-0.3636329587998422,-9.596689138575918,0.05,0.15,0.15,7.770125364320667,29.368075866417293,-0.28577014867109274
2093.0,0.0,7.872773505333842,29.17541027715382,29.12496077902611,29.44730729588046,29.4542530786524,-7.4944158118588335,0.06,0.06,0.06,0.1142375000000108,1.3144237500000011,-7.659293749999999,-0.617364205256821,-0.4983804755969021,-9.788440550687204,0.05,0.15,0.15,7.7721001505229825,29.300482857678197,-0.17536091785239508
2093.01,0.0,7.838042669312838,29.17863223223222,29.069100220220268,29.545199879879792,29.42286,-7.5,0.06,0.06,0.06,0.0992374999999384,1.312923749999994,-7.661793750000011,-0.5773141426783831,-0.1128986232794372,-9.973672090112478,0.05,0.15,0.15,7.774104470757999,29.30394808308307,-0.17396243053347635
2093.02,0.0,7.80331183329203,29.196840440440383,28.994125245245485,29.68336804804761,29.42286,-7.5,0.06,0.06,0.06,0.0842374999999512,1.3114237499999952,-7.664293750000009,-0.5722266600098667,0.270659011482133,-10.250823764352669,0.05,0.15,0.15,7.776138302188271,29.32429843343337,-0.17019391211341167
2093.03,0.0,7.768580997271223,29.12062335748232,28.972085545840663,29.49137528353853,29.429788403697188,-7.5,0.06,0.06,0.06,0.0692374999999639,1.3099237499999965,-7.666793750000006,-0.642121817273838,0.6500898652008346,-10.725112331501045,0.05,0.15,0.15,7.778201621664191,29.253468147639676,-0.16134249680342697
2093.04,0.0,7.75,29.022257132151413,28.962462762927856,29.22193736197996,29.43834198850857,-7.5,0.06,0.06,0.06,0.0542374999999767,1.3084237499999978,-7.669293750000004,-0.7909514271390491,0.8027391086647605,-11.122558838256191,0.05,0.15,0.15,7.780294405725238,29.161249811391947,-0.1670464254418373
2093.05,0.0,7.75,28.98611377344349,28.90264414103569,29.354651312826828,29.52478051012689,-7.451334332833764,0.06,0.06,0.06,0.0392374999999895,1.306923749999999,-7.671793750000002,-1.1114321482203686,0.4622283425158583,-11.35290435653339,0.05,0.15,0.15,7.782416630601282,29.192047434358223,-0.2044024512385853
2093.06,0.0,7.75,28.96470842210567,28.83093621405399,29.58261830457462,29.62966673168222,-7.391364317841355,0.06,0.06,0.06,0.0242375000000023,1.3054237500000003,-7.674293749999999,-1.3427041198499206,0.1188389513131952,-11.362314606744674,0.05,0.15,0.15,7.784568272213903,29.251982418104127,-0.24493713181171428
2093.07,0.0,7.75,28.90520582645712,28.72286273568477,29.519660885222265,29.550127656915127,-7.33135783946019,0.06,0.06,0.06,0.0092375000000151,1.3039237500000016,-7.676793749999998,-1.3826541822719056,-0.2307240948791735,-10.897895131089095,0.05,0.15,0.15,7.78674930617773,29.17446427606982,-0.29228892734572276
2093.08,0.0,7.75,28.8367087021757,28.606203570892987,29.38801797449392,29.42704688672196,-7.271342835708949,0.06,0.06,0.06,-0.0057625000000573,1.3024237499999942,-7.67929375000001,-1.3736720901127055,-0.3625957446810434,-10.570523153942444,0.05,0.15,0.15,7.788959707801776,29.064494283571143,-0.3251041000236497
2093.09,0.0,7.75,28.71030573926111,28.618591988011875,29.251316338661702,29.36985331168842,-7.284323919020246,0.06,0.06,0.06,-0.0207625000000445,1.3009237499999955,-7.681793750000008,-1.2585281602003513,-0.0221702127662563,-10.540485607008788,0.05,0.15,0.15,7.791199452090768,28.987516844405775,-0.3263810212109973
2093.1000000000004,0.0,7.75,28.570275769231184,28.661349230769105,29.11342423076964,29.328165000000123,-7.314316420894796,0.06,0.06,0.06,-0.0357625000000317,1.2994237499999968,-7.684293750000005,-1.1355244755247689,0.3704295704285133,-10.453286713287152,0.05,0.15,0.15,7.793468513746587,28.918303557692514,-0.3390944702429331
2093.11,0.0,7.75,28.5701047749999,28.57280920000036,29.047998875000147,29.232873475000325,-7.32,0.06,0.06,0.06,-0.0507625000000189,1.297923749999998,-7.686793750000003,-0.9956643356650704,0.8749250749224249,-10.243496503497605,0.05,0.15,0.15,7.795766867169607,28.855946581250187,-0.37633531546998783
2093.12,0.0,7.75,28.6032747749999,28.45296920000036,28.999848875000147,29.124803475000324,-7.32,0.06,0.06,0.06,-0.0657625000000061,1.296423749999999,-7.689293750000001,-0.8731131131137353,1.0491891891931413,-9.956076076079404,0.05,0.15,0.15,7.798094486460098,28.79522408125018,-0.39679862884956485
2093.13,0.0,7.75,28.61397688733448,28.509330726954413,28.79027642768018,29.020252385711107,-7.32,0.06,0.06,0.06,-0.0807624999999933,1.2949237500000006,-7.691793749999999,-0.788028028028623,0.5086486486524286,-9.500620620623804,0.05,0.15,0.15,7.800451345419658,28.733459106920044,-0.3809460188618355
2093.1400000000003,0.0,7.752486325211335,28.619322877841626,28.60769695228588,28.54222246814865,28.91654016987249,-7.32,0.06,0.06,0.06,-0.0957625000000658,1.2934237499999934,-7.6942937500000115,-0.6442471910115035,-0.0664419475648989,-9.07725093632994,0.05,0.15,0.15,7.80283741755264,28.67144561703716,-0.33693376010693804
2093.15,0.0,7.757458975634006,28.558312295778165,28.429433829627776,28.67765779165626,28.76112153384961,-7.344227886056975,0.06,0.06,0.06,-0.110762500000053,1.2919237499999947,-7.696793750000009,-0.3745842696631046,-0.7156304619221553,-8.722694132334823,0.05,0.15,0.15,7.805252676067541,28.606631362727953,-0.23252879550545158
2093.1600000000003,0.0,7.762431626056677,28.48133003247572,28.18458746440193,28.90539698725934,28.59325743192621,-7.37421289355318,0.06,0.06,0.06,-0.1257625000000403,1.290423749999996,-7.699293750000007,-0.2247484355442694,-1.1521026282853932,-8.478420525657079,0.05,0.15,0.15,7.807697093878545,28.541142979015802,-0.1737930403628847
2093.17,0.0,7.767404276479348,28.50930999250172,28.269252376905296,28.974016795800964,28.630148587852783,-7.38,0.06,0.06,0.06,-0.1215204545454344,1.2880431818181772,-7.692498863636346,-0.3348861076340342,-1.1270713391740832,-8.473414267834817,0.05,0.15,0.15,7.8005359576216105,28.59568193826519,-0.2141399282463012
2093.1800000000003,0.0,7.7723769269020195,28.56279662084452,28.43399119220111,29.00396930767293,28.716796925768115,-7.38,0.06,0.06,0.06,-0.1097022727272648,1.2853159090909072,-7.682044318181811,-0.457640449437202,-0.8352734082454685,-8.579573033705564,0.05,0.15,0.15,7.789600534129665,28.679388511621667,-0.26963954358585046
2093.19,0.0,7.77734957732469,28.47194429748024,28.39843660594016,28.92825617170019,28.76297842275993,-7.30755988023961,0.06,0.06,0.06,-0.0978840909090952,1.2825886363636374,-7.671589772727277,-0.6074531835196458,0.0286466916299574,-8.924142322095186,0.05,0.15,0.15,7.778682699943222,28.640403874470127,-0.3576365178103216
2093.2000000000003,0.0,7.78232222774739,28.345904866483924,28.314054275018897,28.826783748440445,28.799294868979207,-7.21773952095772,0.06,0.06,0.06,-0.0860659090908584,1.279861363636352,-7.661135227272682,-0.7968710888609207,0.7637321652062508,-9.18685106382974,0.05,0.15,0.15,7.7677825292289935,28.57150943973062,-0.45792566133947465
2093.21,0.0,7.78729487817006,28.33104870870868,28.21576772272294,28.854553973973843,28.797108683683707,-7.103627720790304,0.06,0.06,0.06,-0.0742477272726888,1.277134090909082,-7.650680681818148,-1.0722152690861162,1.2193016270333925,-9.271957446808436,0.05,0.15,0.15,7.756900096450432,28.54961977227229,-0.5848835525344687
2093.2200000000003,0.0,7.792267528592731,28.343901561561538,28.11401597097116,28.914533953953843,28.785326901901925,-6.983537653239869,0.06,0.06,0.06,-0.0624295454545192,1.2744068181818122,-7.640226136363613,-1.283802395209484,1.2792814371267682,-9.36173652694598,0.05,0.15,0.15,7.746035476367741,28.539444597097116,-0.6485885587449737
2093.23,0.0,7.797240179015402,28.27425716287245,28.12743346009493,28.79920071553717,28.725425594195883,-6.91173586793402,0.06,0.06,0.06,-0.0506113636363496,1.2716795454545422,-7.629771590909079,-1.358652694610634,0.4908582834346544,-9.461536926147511,0.05,0.15,0.15,7.7351887440384965,28.481579233175108,-0.5766380065918372
2093.24,0.0,7.800000000000001,28.18430970227717,28.1691947810856,28.64072185639312,28.65368178634013,-6.851705852926592,0.06,0.06,0.06,-0.03879318181818,1.2689522727272724,-7.619317045454544,-1.387975951904022,-0.1428156312616209,-9.577194388777096,0.05,0.15,0.15,7.724359974817943,28.411977031524007,-0.5030901769385534
2093.25,0.0,7.800000000000001,28.099628448664028,28.09829355483449,28.61395817636769,28.6868999400446,-6.84,0.06,0.06,0.06,-0.0269750000000104,1.2662250000000024,-7.60886250000001,-1.3178356713430548,-0.4384068136256971,-9.727494989979167,0.05,0.15,0.15,7.7135492443593305,28.3746950299777,-0.42605275376580387
2093.26,0.0,7.800000000000001,28.016230996752565,27.999927329503027,28.61930416687484,28.74570583562319,-6.84,0.06,0.06,0.06,-0.0151568181817736,1.263497727272717,-7.598407954545415,-1.2064635364637748,-0.3715584415594483,-9.96501498501448,0.05,0.15,0.15,7.702756628614185,28.345292082188408,-0.3596569772055522
2093.27,0.0,7.800000000000001,28.0283586677768,27.98564776019982,28.585469625312307,28.682391490424795,-6.80792930976992,0.06,0.06,0.06,-0.003338636363604,1.260770454545447,-7.587953409090881,-1.0066633366636384,0.4725974025961273,-10.389590409589768,0.05,0.15,0.15,7.69198220383286,28.32046688592843,-0.3160838515578745
2093.28,0.0,7.800000000000001,28.063995636969143,27.992062414654445,28.541992522897644,28.58902263114085,-6.767915971990694,0.06,0.06,0.06,0.0084795454545655,1.2580431818181772,-7.577498863636346,-0.7988110137676205,0.9946307884859272,-10.684745932415492,0.05,0.15,0.15,7.681226046564469,28.296768301415522,-0.2558974328358429
2093.29,0.0,7.800000000000001,28.09963260616149,27.998477069109068,28.49851542048298,28.495653771856897,-6.727902634211468,0.06,0.06,0.06,0.0202977272727351,1.2553159090909072,-7.567044318181811,-0.5735294117651879,0.8194117647062573,-10.699764705882322,0.05,0.15,0.15,7.670488233657411,28.273069716902608,-0.15975059492726376
2093.3,0.0,7.800000000000001,28.032250745372888,28.013462851425675,28.34080149074577,28.42473787893961,-6.768089887640358,0.06,0.06,0.06,0.0321159090909047,1.2525886363636374,-7.556589772727277,-0.4597627965039753,0.4916429463191696,-10.54935830212394,0.05,0.15,0.15,7.65976884225957,28.202813241620984,-0.11022522927459964
2093.31,0.0,7.800000000000001,27.939114177088864,28.0305914157078,28.154528354177724,28.359435227614032,-6.828014981273336,0.06,0.06,0.06,0.0439340909090744,1.2498613636363674,-7.546135227272741,-0.5846067415723241,-0.162539325838978,-10.044988764047812,0.05,0.15,0.15,7.649067949818565,28.120917293647103,-0.1604566402082786
2093.32,0.0,7.800000000000001,27.949720379999786,27.938865230000705,28.27344673999885,28.23330676000084,-6.912036018008811,0.06,0.06,0.06,0.055752272727244,1.2471340909090975,-7.535680681818207,-0.6652540675845935,-0.659041301625868,-9.67785231539477,0.05,0.15,0.15,7.638385634081985,28.098834777500045,-0.1914734553448781
2093.33,0.0,7.800000000000001,27.98610037999989,27.82009523000037,28.4681867399994,28.092066760000435,-7.002081040520466,0.06,0.06,0.06,0.0675704545454807,1.2444068181818122,-7.525226136363613,-0.6502352941176792,-0.814235294117315,-9.607764705882504,0.05,0.15,0.15,7.627721973097531,28.091612277500023,-0.1808991833749194
2093.34,0.0,7.7889946534751955,27.961636335916147,27.7913188652837,28.49065974006505,28.21476661834481,-7.0200000000000005,0.06,0.06,0.06,0.0793886363636504,1.2416795454545422,-7.514771590909079,-0.6077895497233328,-0.7190681435122185,-9.681172646278892,0.05,0.15,0.15,7.617077045213475,28.114595389902426,-0.1654314331009902
2093.3500000000004,0.0,7.764010892919587,27.922056230942363,27.784900469882544,28.470334821294728,28.403039550111995,-7.0200000000000005,0.06,0.06,0.06,0.09120681818182,1.2389522727272724,-7.504317045454544,-0.5066578377079316,-0.0881988923685257,-10.06162051528921,0.05,0.15,0.15,7.606450929078458,28.145082768057907,-0.13949302202884079
2093.36,0.0,7.739027132363978,27.84740033974545,27.73825766675012,28.33704014489184,28.404652490632166,-6.947991004497876,0.06,0.06,0.06,0.1030249999999896,1.2362250000000023,-7.493862500000009,-0.5193267481142196,0.4893917338172303,-10.280803223291802,0.05,0.15,0.15,7.595843703641907,28.081837660504895,-0.17063665032458242
2093.37,0.0,7.714043371808369,27.764002887834465,27.681590167374704,28.17559123157698,28.359746170372404,-6.858035982009007,0.06,0.06,0.06,0.1148431818181592,1.2334977272727323,-7.483407954545474,-0.8884455419785156,0.9001013776944045,-9.994866129453262,0.05,0.15,0.15,7.5852554481541095,27.99523261428964,-0.38057443499000215
2093.38,0.0,7.689059611252761,27.733574785214863,27.61297691308724,28.20292531468497,28.33876293706301,-6.84,0.06,0.06,0.06,0.1266613636363288,1.2307704545454623,-7.472953409090939,-1.1225043695385135,1.0129962546858102,-9.763418227216892,0.05,0.15,0.15,7.574686242166348,27.97205998751252,-0.5059422371021938
2093.3900000000003,0.0,7.664075850697009,27.71647188811188,27.541358531468475,28.27775048951055,28.32379790209789,-6.84,0.06,0.06,0.06,0.1292027113370538,1.2236216906964306,-7.461229824707591,-1.067573033707972,0.4886516853942766,-9.648561797753032,0.05,0.15,0.15,7.562003298046472,27.9648447027972,-0.45035417386977117
2093.4,0.0,7.639092090141401,27.65499577894472,27.52937900975244,28.123192353088218,28.273844821205287,-6.816041979010491,0.06,0.06,0.06,0.1280915076256343,1.214732061005075,-7.449006583881978,-1.0458237356033036,0.020816224337205,-9.43391587381159,0.05,0.15,0.15,7.5484886236303295,27.895352990747664,-0.42688732217783554
2093.4100000000003,0.0,7.614108329585791,27.58221758439613,27.53258981245311,27.910209107276906,28.21498010502628,-6.786056971514287,0.06,0.06,0.06,0.1269803039142149,1.2058424313137193,-7.436783343056364,-1.0958988482722598,-0.3247020530785927,-9.003269904858566,0.05,0.15,0.15,7.534980189642128,27.809999152288107,-0.47294866255442125
2093.42,0.0,7.589124569030183,27.56748,27.461703772455383,27.890925409181538,28.219240813373187,-6.803916083916024,0.06,0.06,0.06,0.1258691002027954,1.1969528016223636,-7.42456010223075,-1.1092908863922384,-0.3831760299644956,-8.807173533082576,0.05,0.15,0.15,7.5214780297049435,27.784837498752527,-0.5010425947421551
2093.4300000000003,0.0,7.5641408084745745,27.56748,27.3720031736533,27.92082560878224,28.2395302345308,-6.833886113886043,0.06,0.06,0.06,0.1247578964913759,1.1880631719310075,-7.412336861405135,-1.0443720349565129,0.1711310861405464,-9.11179275905021,0.05,0.15,0.15,7.5079821776680475,27.774959754241586,-0.49077977151668606
2093.44,0.0,7.550000000000001,27.57943838028157,27.365438380281567,27.78606194668154,28.198448988934068,-6.816114028507214,0.06,0.06,0.06,0.1236466927799565,1.179173542239652,-7.400113620579521,-0.9841551939926904,0.6213016270328935,-9.296232790989036,0.05,0.15,0.15,7.494492667608661,27.732346924044684,-0.4894552325654044
2093.4500000000003,0.0,7.550000000000001,27.594508802816847,27.38050880281685,27.608446252515705,28.141396675050498,-6.786106526631594,0.06,0.06,0.06,0.1225354890685307,1.170283912548246,-7.387890379753838,-0.9340926157697854,0.8465832290359656,-9.221138923654678,0.05,0.15,0.15,7.481009533833639,27.681215133299975,-0.5074334339032981
2093.46,0.0,7.550000000000001,27.53861698813087,27.26920400593531,27.626755459940377,28.009243946588164,-6.803734790166437,0.06,0.06,0.06,0.1214242853571112,1.1613942828568902,-7.375667138928224,-0.9047778332500752,0.9299251123322309,-9.254408387417994,0.05,0.15,0.15,7.467532810881569,27.61095510014868,-0.5012201878882061
2093.4700000000003,0.0,7.550000000000001,27.465590281899463,27.127384025717795,27.69237365974251,27.85895710188005,-6.83353364787689,0.06,0.06,0.06,0.1203130816456918,1.1525046531655343,-7.36344389810261,-0.9197553669495402,0.710254618073412,-9.519011482775207,0.05,0.15,0.15,7.454062533524109,27.536076267309955,-0.4433631310656286
2093.48,0.0,7.550000000000001,27.42620023103983,27.239842882972475,27.71584348066292,27.872737403314623,-6.91048762190561,0.06,0.06,0.06,0.1192018779342723,1.1436150234741789,-7.351220657276996,-0.8793640460694284,0.4175863795702674,-9.77911867801652,0.05,0.15,0.15,7.440598736768092,27.563655999497463,-0.3600019533047131
2093.49,0.0,7.550000000000001,27.39610480160738,27.42256513309804,27.727666685082813,27.93185342541407,-7.00051012753196,0.06,0.06,0.06,0.1180906742228529,1.1347253937828232,-7.338997416451382,-0.7191236855287686,-0.0330896344503383,-10.0294942413613,0.05,0.15,0.15,7.427141455857297,27.619547511300574,-0.22143565300594337
2093.5,0.0,7.550000000000001,27.39155594999999,27.41553732500028,27.67584960000034,27.93733620000004,-7.06700999999991,0.06,0.06,0.06,0.1169794705114334,1.1258357640914676,-7.326774175625768,-0.5924769038704052,-0.3798252184763519,-10.217523096129597,0.05,0.15,0.15,7.413690726274276,27.605069768750162,-0.11439430871937462
2093.51,0.0,7.550000000000001,27.39369595,27.35882732499996,27.60736959999995,27.928776199999994,-7.12701000000008,0.06,0.06,0.06,0.1158682668000076,1.1169461344000613,-7.314550934800084,-0.5375455680400194,-0.5046691635454104,-10.27245443195998,0.05,0.15,0.15,7.400246583742144,27.572167268749972,-0.07465232193937102
2093.52,0.0,7.550000000000001,27.33633780192637,27.29763493208197,27.58562058285996,27.93621484317116,-7.140000000000001,0.06,0.06,0.06,0.1147570630885882,1.1080565047087056,-7.30232769397447,-0.5142603254066193,-0.3919399249080657,-10.332182728410295,0.05,0.15,0.15,7.386809064226751,27.538952040009864,-0.06951547458407774
2093.53,0.0,7.550000000000001,27.263401274388727,27.235268915781667,27.57610712274636,27.94784240553223,-7.140000000000001,0.06,0.06,0.06,0.1136458593771687,1.09916687501735,-7.290104453148856,-0.5593166458071057,0.2338423028764693,-10.402270337922165,0.05,0.15,0.15,7.373378203938121,27.505654929612245,-0.13911042121602593
2093.54,0.0,7.540074503725232,27.269756965098555,27.195860394537263,27.497418543247605,27.90232342943871,-7.116494999999979,0.06,0.06,0.06,0.1125346556657492,1.0902772453259943,-7.277881212323242,-0.6865946885070668,0.5887416232324917,-10.407244973939497,0.05,0.15,0.15,7.3599540393326555,27.466339833080532,-0.2180037647238095
2093.55,0.0,7.515073253662746,27.30006551340396,27.163386949924327,27.397833313101263,27.839541436520364,-7.086494999999979,0.06,0.06,0.06,0.1114234519543298,1.0813876156346387,-7.265657971497628,-0.989399354676852,0.3653611317957647,-10.27321667907746,0.05,0.15,0.15,7.346536607114976,27.42520680323748,-0.3167472909041611
2093.56,0.0,7.49007200360026,27.24279147589672,27.0720676192838,27.423889438812942,27.77201797280641,-7.08,0.06,0.06,0.06,0.1103122482429103,1.0724979859432828,-7.253434730672014,-1.184663812642014,0.0397683203263574,-10.13859229413344,0.05,0.15,0.15,7.333125944239864,27.377691626699967,-0.3688384966315962
2093.57,0.0,7.465070753537774,27.162376148331827,26.96519988133572,27.483142838071284,27.703241705810115,-7.08,0.06,0.06,0.06,0.1111060687639381,1.070737379175959,-7.24410096659233,-1.1342986653240217,-0.5192848149033622,-10.002606396374858,0.05,0.15,0.15,7.323648128348652,27.32849014338724,-0.3143724318301423
2093.58,0.0,7.440069503475147,27.088666235000087,26.954439014999977,27.43683246500009,27.733368519999928,-7.056479999999913,0.06,0.06,0.06,0.1126444119683142,1.0717629413122096,-7.235896469502324,-1.1461972534326994,-0.6945018726614408,-9.873360799001652,0.05,0.15,0.15,7.315706547099472,27.303326558750022,-0.31970835928448726
2093.59,0.0,7.415068253412661,27.016976235000087,26.972629014999978,27.358722465000096,27.79328851999993,-7.026479999999999,0.06,0.06,0.06,0.1141827551726816,1.0727885034484546,-7.227691972412365,-1.291016229712395,-0.0503071161069325,-9.758504369538445,0.05,0.15,0.15,7.307766014507043,27.285404058750025,-0.45270935484913555
2093.6000000000004,0.0,7.390067003350175,26.954331480000203,26.866652470000485,27.299525250000183,27.72657509000036,-7.0200000000000005,0.06,0.06,0.06,0.115721098377049,1.0738140655846995,-7.219487475322405,-1.3139258888340406,0.473998497745747,-9.632453680521277,0.05,0.15,0.15,7.299826533993408,27.211771072500305,-0.5339984120000802
2093.61,0.0,7.3650657532876895,26.89441148000037,26.723272470000893,27.246025250000336,27.62171509000065,-7.0200000000000005,0.06,0.06,0.06,0.1172594415814164,1.0748396277209444,-7.211282978232446,-1.0735653480230507,0.7393965948912149,-9.482228342514407,0.05,0.15,0.15,7.291888108995111,27.121356072500564,-0.5036125563350548
2093.62,0.0,7.340064503225204,26.87149701574614,26.740227458135045,27.16951702074535,27.53085075231248,-7.0200000000000005,0.06,0.06,0.06,0.1187977847857838,1.0758651898571894,-7.203078481142486,-0.8557663504752193,0.6599975037488452,-9.308220169746614,0.05,0.15,0.15,7.283950742963217,27.078023061734754,-0.44854931002551557
2093.63,0.0,7.315063253162718,26.85972995751069,26.805481144713443,27.08607788053035,27.4442024143969,-7.0200000000000005,0.06,0.06,0.06,0.1203361279901512,1.0768907519934343,-7.194873984052527,-0.6860209685484318,-0.1537818272531067,-9.083557164255277,0.05,0.15,0.15,7.276014439363389,27.048872849287847,-0.3409259249555122
2093.6400000000003,0.0,7.300000000000001,26.81062201058199,26.718754058956875,27.05926639455782,27.31560863189716,-7.043514121469735,0.06,0.06,0.06,0.1218744711945273,1.077916314129685,-7.18666948696252,-0.5557361041563826,-0.8320355533287268,-8.865020030045743,0.05,0.1537499999999773,0.15,7.268079201675915,26.976062773998464,-0.25971952379624885
2093.65,0.0,7.300000000000001,26.750234003527297,26.58611611489032,27.049561179138315,27.17434382967993,-7.0735066233442,0.06,0.06,0.06,0.1234128143988947,1.07894187626593,-7.178464989872561,-0.5106685027543221,-1.2176139208796894,-8.659712068103023,0.05,0.16,0.15,7.260145033395969,26.890063781808966,-0.23556212264915732
2093.6600000000003,0.0,7.300000000000001,26.78922850989228,26.66825553719001,27.12724239418978,27.125284077135,-7.08,0.06,0.06,0.06,0.1249511576032622,1.079967438402175,-7.170260492782601,-0.4576684972544386,-1.1865002496297654,-8.571043434846997,0.05,0.16,0.15,7.252211938033413,26.92750262960177,-0.23441797794424507
2093.67,0.0,7.300000000000001,26.855684808414587,26.809743140495573,27.22907059353848,27.10170280991741,-7.08,0.06,0.06,0.06,0.1264895008076295,1.0809930005384198,-7.162055995692642,-0.387773339990269,-0.2678781827292495,-8.730803794307956,0.05,0.16,0.15,7.244279919113047,26.999050338091514,-0.2822895484482665
2093.6800000000003,0.0,7.300000000000001,26.82277708582852,26.77180685628768,27.128900668663128,27.13617923153678,-7.08,0.06,0.06,0.06,0.128027844011997,1.0820185626746648,-7.153851498602683,-0.3986257822272125,0.5945031289088502,-9.072918648308114,0.05,0.1562646744931092,0.15,7.236348980174655,26.964915960579027,-0.3238323569752953
2093.69,0.0,7.300000000000001,26.76297668662696,26.68530985029971,26.974060349301947,27.18636885229523,-7.08,0.06,0.06,0.06,0.1295661872163644,1.0830441248109095,-7.145647001512724,-0.5838573216514349,1.3354292866057396,-9.808838548182727,0.05,0.15,0.15,7.2284191247730645,26.902178934630964,-0.3517078390842064
2093.7000000000003,0.0,7.300000000000001,26.69132396198092,26.6564812506253,27.029312286143185,27.208995207603817,-7.056479999999913,0.06,0.06,0.06,0.1311045304207405,1.0840696869471604,-7.137442504422717,-0.786483516483771,1.4735164835152637,-10.31796703296706,0.05,0.15,0.15,7.2204903564781935,26.896528176588305,-0.3570617092963716
2093.71,0.0,7.300000000000001,26.616386493246644,26.64363482741371,27.142789024512226,27.22398270135067,-7.026479999999999,0.06,0.06,0.06,0.1326428736251079,1.0850952490834054,-7.1292380073327575,-1.0262437562432538,0.3246653346677419,-10.342942057942006,0.05,0.15,0.15,7.2125626788753,26.906698261630815,-0.31433652715212224
2093.7200000000003,0.0,7.300000000000001,26.58854599851155,26.596741280079428,27.067408558670408,27.194755281567883,-7.0200000000000005,0.06,0.06,0.06,0.1341812168294753,1.0861208112196503,-7.121033510242798,-1.2233266583224462,-0.6710688360421593,-10.390152690863165,0.05,0.15,0.15,7.204636095564795,26.861862779707316,-0.26983600581969813
2093.73,0.0,7.300000000000001,26.57368120069464,26.540467402629684,26.939996005954,27.15334620193505,-7.0200000000000005,0.06,0.06,0.06,0.1357195600338427,1.0871463733558953,-7.112829013152838,-1.3284580725902482,-1.3369011264049044,-10.485271589486414,0.05,0.15,0.15,7.196710610162496,26.801872702803344,-0.22151038459595745
2093.74,0.0,7.294652500000031,26.521712463116025,26.456704946236915,26.811799924981745,27.161855013753343,-7.0200000000000005,0.06,0.06,0.06,0.1372579032382101,1.0881719354921402,-7.104624516062879,-1.361707865169112,-1.41186516854498,-10.481393258427993,0.05,0.15,0.15,7.188786226299663,26.738018087022006,-0.22546822894960444
2093.75,0.0,7.279652500000048,26.45856667666964,26.36466193548455,26.683367816955183,27.185400900224884,-7.0200000000000005,0.06,0.06,0.06,0.1387962464425775,1.0891974976283851,-7.096420018972919,-1.241857677903157,-0.228344569293674,-10.266661672909825,0.05,0.15,0.15,7.180862947623085,26.672999332333568,-0.34078412753239207
2093.76,0.0,7.26465249999998,26.374357516998348,26.38981498866777,26.60728501133224,27.17011902291617,-6.996485878530265,0.06,0.06,0.06,0.1405305654486077,1.0896816607308355,-7.088302190564455,-1.1171514392990656,0.8005907384233287,-10.151739674593284,0.05,0.15,0.15,7.1729479927237225,26.635394134978633,-0.4232898811380272
2093.77,0.0,7.249652499999997,26.283821128179262,26.45017258121382,26.54692741878618,27.14317366910097,-6.966493376655801,0.06,0.06,0.06,0.1429699468214893,1.0882180319071064,-7.080496170171235,-0.9819824780979908,1.4964605757177516,-10.251864831038526,0.05,0.15,0.15,7.1650600071786865,26.60602369932006,-0.4351037450909712
2093.78,0.0,7.234652500000014,26.267572821196463,26.424123752707903,26.484126485585765,27.0311673287786,-6.944337831084454,0.06,0.06,0.06,0.1454093281943708,1.0867544030833776,-7.072690149778013,-0.8277752808998069,1.5743146067474896,-10.23703370786641,0.05,0.1537698833509724,0.15,7.157172972627809,26.551747597067184,-0.3936579926765353
2093.79,0.0,7.219652500000031,26.271852107981992,26.37419874021006,26.42065039826708,26.895656580570165,-6.924347826086965,0.06,0.06,0.06,0.1478487095672524,1.0852907742596487,-7.064884129384792,-0.6330187265926299,0.3358626716659543,-9.977358302123507,0.05,0.16,0.15,7.149286892218476,26.490589456757323,-0.23877509178380407
2093.8,0.0,7.204652500000048,26.27613139476752,26.324273727712217,26.35717431094839,26.760145832361733,-6.9043578210894765,0.06,0.06,0.06,0.150288090940134,1.0838271454359196,-7.057078108991571,-0.5015806532036662,-0.7486786337535889,-9.703580154576365,0.05,0.16,0.15,7.141401769111597,26.429431316447467,-0.12329426203803098
2093.81,0.0,7.189652500000065,26.3122656228112,26.3486456228112,26.47416374187015,26.651108234117537,-6.946931732933133,0.06,0.06,0.06,0.1527274723130156,1.0823635166121908,-7.04927208859835,-0.506566940912459,-1.5016080777813186,-9.399416604339995,0.05,0.16,0.15,7.1335176064816705,26.446545805402522,-0.09270811555377445
2093.82,0.0,7.174652500000082,26.35722810405176,26.39360810405176,26.641167243620817,26.54940738369245,-7.006946736684033,0.06,0.06,0.06,0.1551668536858972,1.0808998877884617,-7.041466068205128,-0.4943820506396498,-1.7560566558100823,-9.12440461268653,0.05,0.16,0.15,7.125634407516855,26.485352708854197,-0.10377764231888732
2093.83,0.0,7.159652500000014,26.355283106699773,26.29341214888356,26.547348903226023,26.548255880893265,-7.0200000000000005,0.06,0.06,0.06,0.1576062350587926,1.0794362589647244,-7.033660047811863,-0.4442441714717168,-0.908726497872014,-8.91382552018121,0.05,0.16,0.15,7.117752175419003,26.436075009925656,-0.20691757368549824
2093.84,0.0,7.15,26.340414620347428,26.153223563275752,26.38167148387134,26.57480674937959,-7.0200000000000005,0.06,0.06,0.06,0.1600456164316742,1.0779726301409955,-7.025854027418642,-0.4163495242863385,-0.1109414121213225,-8.881116675010922,0.05,0.16,0.15,7.109870913403903,26.362529104218527,-0.28545670349220703
2093.8500000000004,0.0,7.15,26.30558042074378,26.150629344422565,26.453701086105177,26.514115254403432,-7.0200000000000005,0.06,0.06,0.06,0.1624849978045558,1.076509001317267,-7.018048007025421,-0.4363795693539209,0.5800951427102727,-9.231642463693618,0.05,0.16,0.15,7.101990624701087,26.35600652641874,-0.31099158261960136
2093.86,0.0,7.15,26.2647487181998,26.18936711350275,26.59713552837505,26.42721701565599,-7.0200000000000005,0.06,0.06,0.06,0.1649243791774374,1.0750453724935376,-7.0102419866322006,-0.536270594107263,0.9908886670005792,-9.517928107837369,0.05,0.16,0.15,7.094111312554083,26.3696170939334,-0.34392668233479184
2093.87,0.0,7.15,26.19798177448258,26.14844879059097,26.57231433904413,26.551686402453672,-6.996570000000027,0.06,0.06,0.06,0.1673637605503189,1.0735817436698087,-7.002435966238979,-0.8058662006976318,0.8061657513738449,-9.667703444832018,0.05,0.16,0.15,7.086232980220441,26.367607826642836,-0.3925872507994919
2093.88,0.0,7.15,26.1213773254925,26.07731608795732,26.48367204806989,26.75632971618432,-6.966570000000112,0.06,0.06,0.06,0.1698031419232005,1.0721181148460797,-6.994629945845758,-1.0249223835748615,0.433955933904384,-9.750951427140985,0.05,0.1562446808511226,0.15,7.07835563097181,26.35967379442601,-0.41484827400962954
2093.8900000000003,0.0,7.15,26.08725681579605,26.00576833291675,26.51592218945265,26.75493360659833,-6.983424143964064,0.06,0.06,0.06,0.172242523296096,1.0706544860223424,-6.986823925452493,-1.1350876314471914,-0.3422083124688487,-9.690861291937896,0.05,0.15,0.15,7.070479268093964,26.340970236190945,-0.3802295199034185
2093.9,0.0,7.15,26.065862164458927,25.934096250937404,26.58438507373144,26.69181938515384,-7.013416645838615,0.06,0.06,0.06,0.1746819046689776,1.0691908571986135,-6.979017905059272,-1.2115976035946028,-0.8252670993511219,-9.681952071892056,0.05,0.15,0.15,7.062603894887054,26.319040718570403,-0.35704118030946735
2093.9100000000003,0.0,7.15,26.00592787032433,25.93395556109721,26.579680548628485,26.6961178952618,-6.973205096177756,0.06,0.06,0.06,0.1771212860418591,1.0677272283748849,-6.97121188466605,-1.2165901148277436,-0.6854767848231792,-9.781802296554872,0.05,0.15,0.15,7.054729514665422,26.303920468827954,-0.3581424715537008
2093.92,0.0,7.15,25.93441664837915,25.955302194513685,26.552997256857893,26.72066652369074,-6.9132500624531055,0.06,0.06,0.06,0.1795606674147407,1.0662635995511556,-6.963405864272829,-1.1946019028546462,-0.3566549824770609,-9.894446670004369,0.05,0.15,0.15,7.0468561307578454,26.290845655860366,-0.3679030351718848
2093.9300000000003,0.0,7.15,25.92491760842314,25.89640072699943,26.404066237152577,26.6617009927302,-6.9,0.06,0.06,0.06,0.1820000487876223,1.0647999707274267,-6.955599843879608,-1.1144817225843162,0.3794491737565949,-10.034656985477447,0.05,0.15,0.15,7.0389837465075775,26.22177139132634,-0.3963206430535515
2093.94,0.0,7.14733230378362,25.93457416395083,25.8127105790928,26.217372830283924,26.57693789420937,-6.9,0.06,0.06,0.06,0.1844394301605039,1.0633363419036976,-6.947793823486387,-1.0072659176039915,0.8895880149810925,-10.126803995006304,0.05,0.15,0.15,7.031112365272416,26.13539886688423,-0.39941614677421583
2093.9500000000003,0.0,7.139859765362282,25.89727848000001,25.784362985000005,26.1908073,26.539285970000005,-6.9,0.06,0.06,0.06,0.1868788115333993,1.0618727130799603,-6.939987803093122,-0.8424719101123666,0.9195505617977516,-10.11681647940075,0.05,0.15,0.15,7.023241990424737,26.102933683750006,-0.34870217915094304
2093.96,0.0,7.132387226940988,25.84591848000016,25.77259298500004,26.21220729999993,26.515745970000072,-6.9,0.06,0.06,0.06,0.1893181929062809,1.0604090842562317,-6.9321817826999,-0.6918523153943428,0.6586608260332782,-10.062315394242928,0.05,0.1535316804407508,0.15,7.015372625351757,26.08661618375005,-0.2792410053892943
2093.9700000000003,0.0,7.124914688519693,25.862081410352435,25.76988,26.13643005251357,26.374430802701426,-6.946621722846518,0.06,0.06,0.06,0.1881992452075678,1.0596398490415135,-6.926038339456649,-0.571702127660054,-0.2274468085071016,-9.912127659575068,0.05,0.16,0.15,7.009155629974043,26.035705566391858,-0.16948071921936658
2093.98,0.0,7.117442150098399,25.89847050762673,25.76988,26.03154383095825,26.1978366541644,-7.006546816479325,0.06,0.06,0.06,0.1856999325185591,1.059139986503712,-6.92053985154083,-0.488402396405421,-0.804438342486737,-9.709350973541529,0.05,0.16,0.15,7.003580071128854,25.974432748187347,-0.11219729849172919
2093.99,0.0,7.109969611677104,25.85822990000032,25.80860329999975,26.09063389999946,26.131679100000163,-7.043270817704356,0.06,0.06,0.06,0.1832006198295504,1.0586401239659102,-6.9150413636250105,-0.4834098851722661,-0.7245581627562573,-9.394822765852762,0.05,0.16,0.15,6.998005318647688,25.97228654999992,-0.16642721683210565
2094.0,0.0,7.10249707325581,25.79509990000032,25.85889329999975,26.19870389999945,26.098509100000165,-7.073278319579806,0.06,0.06,0.06,0.1807013071405417,1.0581402614281084,-6.909542875709192,-0.4831747621431692,-0.5525338007027382,-9.192699048572676,0.05,0.16,0.15,6.992431374459181,25.987801549999922,-0.21482510410574657
2094.01,0.0,7.095024534834472,25.80858559860032,25.79468014496386,26.117303464134107,26.1600703024243,-7.08,0.06,0.06,0.06,0.1782019944515188,1.0576403988903038,-6.904044387793341,-0.4931897846770174,-0.1819779669503561,-9.232759138708069,0.05,0.16,0.15,6.986858240497805,25.970159877530648,-0.25065744810306634
2094.02,0.0,7.087551996413178,25.84495650587341,25.69626474881312,25.97930796300969,26.2499278380402,-7.08,0.06,0.06,0.06,0.1757026817625101,1.0571405363525022,-6.898545899877522,-0.5703121098623941,0.0300499375781851,-9.391036204743552,0.05,0.16,0.15,6.981285918704029,25.942614263934104,-0.2746506422783671
2094.03,0.0,7.080079457991883,25.7862279849059,25.67358,26.046925207546813,26.176186052830527,-7.056784822765847,0.06,0.06,0.06,0.1732033690735014,1.0566406738147005,-6.893047411961703,-0.7900374531826879,-0.0947940074901635,-9.800524344567735,0.05,0.16,0.15,6.9757144110241445,25.92072981132081,-0.2734856430822574
2094.04,0.0,7.072606919570589,25.699012890566166,25.67358,26.1761327547168,26.053438883019048,-7.026829755366917,0.06,0.06,0.06,0.1707040563844927,1.0561408112768986,-6.887548924045884,-0.965431789736722,-0.1291364205265563,-10.041852315394918,0.05,0.16,0.15,6.970143719410409,25.900541132075503,-0.29229322628180154
2094.05,0.0,7.065134381149294,25.616787037773577,25.557135069582905,26.03046435387733,26.065772226640025,-7.0200000000000005,0.06,0.06,0.06,0.168204743695484,1.0556409487390968,-6.882050436130065,-1.0455319148931423,0.0310638297862846,-9.921702127660286,0.05,0.16,0.15,6.9645738458210396,25.817539671968458,-0.3540339984116795
2094.06,0.0,7.057661842728,25.535952047714087,25.408228508947,25.808168131213737,26.11576228628208,-7.0200000000000005,0.06,0.06,0.06,0.1657054310064752,1.055141086201295,-6.876551948214246,-1.13835205992437,0.1192259675409663,-9.816029962547267,0.05,0.16,0.15,6.959004792220237,25.717027743539226,-0.4103645353704949
2094.07,0.0,7.050189304306705,25.46708953238345,25.387989802450512,25.872414843710104,26.168465301325035,-7.0200000000000005,0.06,0.06,0.06,0.1632061183174666,1.0546412236634934,-6.871053460298427,-1.258202247190325,0.0543071161052407,-9.741123595506046,0.05,0.16,0.15,6.953436560578206,25.723989869967276,-0.4551983225904775
2094.08,0.0,7.042716765885368,25.40180321080273,25.406184351087763,26.022252303075703,26.22197867966989,-7.0200000000000005,0.06,0.06,0.06,0.1607068056284436,1.054141361125689,-6.865554972382576,-1.3050312891113816,0.0147684605757207,-9.658210262828527,0.05,0.1562593383138044,0.15,6.94786915287114,25.76305463615902,-0.47936105673477303
2094.09,0.0,7.035244227464073,25.34725701074743,25.375742384404003,25.85387968008058,26.167497455636287,-7.0200000000000005,0.06,0.06,0.06,0.1582074929394349,1.053641498587887,-6.860056484466757,-1.1948936170213034,0.0297872340425495,-9.558085106383002,0.05,0.15,0.15,6.9423025710813775,25.686094132717074,-0.4590891649754455
2094.1000000000004,0.0,7.027771689042779,25.295909847538343,25.330813616596053,25.590725468634023,26.08084911772096,-7.0200000000000005,0.06,0.06,0.06,0.1557081802504262,1.0531416360500854,-6.854557996550938,-1.060873907615714,0.0304119850187644,-9.627428214731044,0.05,0.15,0.15,6.93673681719723,25.574574512622345,-0.40365337459215156
2094.11,0.0,7.020299150621484,25.332722255563542,25.35509245311303,25.56646066516604,26.02877986496647,-7.0200000000000005,0.06,0.06,0.06,0.1532088675614175,1.0526417735122835,-6.849059508635119,-0.8761048689145579,0.0004494382023607,-10.056891385766162,0.05,0.15,0.15,6.93117189321313,25.570763809702267,-0.2734942996327736
2094.12,0.0,7.01282661220019,25.39586804201012,25.40004369092245,25.61355243810924,25.98703942985772,-7.0200000000000005,0.06,0.06,0.06,0.1507095548724088,1.0521419109744818,-6.843561020719299,-0.708673341677827,-0.0438423028781767,-10.364305381726906,0.05,0.15,0.15,6.92560780112962,25.59912590022488,-0.16613825749322786
2094.13,0.0,7.005354073778895,25.39883231960059,25.359308843945467,25.53954920849005,25.929702466916726,-7.0200000000000005,0.06,0.06,0.06,0.1482102421834001,1.05164204843668,-6.83806253280348,-0.5785106382986437,-0.1189361702123209,-10.409361702127391,0.05,0.15,0.15,6.920044542953384,25.556848209738206,-0.10779975834559262
2094.1400000000003,0.0,6.9971649999999945,25.38387102122347,25.29305166541823,25.42947679900125,25.867719945068664,-7.0200000000000005,0.06,0.06,0.06,0.1457109294943772,1.0511421858988754,-6.83256404488763,-0.4612359550562933,-0.2914481897623171,-10.40963795255942,0.05,0.15,0.15,6.914482120697225,25.493529857677906,-0.050436372222132805
2094.15,0.0,6.987165,25.4190323780945,25.367274238559588,25.496000135033704,25.781829002250603,-7.0431034482758745,0.06,0.06,0.06,0.1432116168053685,1.0506423233610738,-6.827065556971811,-0.3713483146070822,-0.6709737827700974,-10.314756554307476,0.05,0.15,0.15,6.908920536380223,25.5160339384846,0.0048548987239135505
2094.1600000000003,0.0,6.977165000000006,25.46933495373838,25.48393340335071,25.615870102525506,25.68871572393108,-7.073088455772163,0.06,0.06,0.06,0.1407123041163598,1.050142460823272,-6.821567069055992,-0.3370280420625997,-0.8171181772679659,-10.13075863795912,0.05,0.15,0.15,6.903359792027564,25.56446354588642,0.0037309540148273493
2094.17,0.0,6.967165000000012,25.42835312000023,25.400752470000487,25.669111144999885,25.70169638999985,-7.08,0.06,0.06,0.06,0.1396424016604554,1.0496424016604555,-6.813563229888199,-0.4221557335998252,-0.4615848773183769,-9.755195292941949,0.05,0.15,0.15,6.895353004697406,25.549978281250116,-0.11866349364105516
2094.1800000000003,0.0,6.957165000000018,25.35987312000043,25.25737247000089,25.70228114499979,25.74663638999972,-7.08,0.06,0.06,0.06,0.139142264122633,1.0491422641226331,-6.804560754207395,-0.5246245648920429,-0.1323446046763443,-9.466531576330969,0.05,0.1537804878048538,0.15,6.886371113854746,25.516540781250207,-0.23099612219150276
2094.19,0.0,6.947165000000023,25.3785477580602,25.256241489627325,25.75353074231406,25.789101489627324,-7.0569265367317175,0.06,0.06,0.06,0.1386421265848106,1.0486421265848107,-6.795558278526592,-0.6638587767269053,0.1411511685707067,-9.36210591745482,0.05,0.16,0.15,6.877389349583428,25.544355369907226,-0.32199643847244874
2094.2000000000003,0.0,6.937164999999972,25.42347652586853,25.297961059735066,25.810226568357905,25.83082105973506,-7.026941529235257,0.06,0.06,0.06,0.1381419890469853,1.0481419890469854,-6.7865558028457365,-0.8097563426270676,0.2864632002013159,-9.364634513940604,0.05,0.1562909286097804,0.15,6.868407712379949,25.59062130342414,-0.3857191180748122
2094.21,0.0,6.927164999999977,25.33292449550452,25.18614101898105,25.74703266733269,25.74855482517485,-7.0200000000000005,0.06,0.06,0.06,0.1376418515091629,1.047641851509163,-6.7775533271649335,-0.970519969856307,0.1457950263757315,-9.60577995478446,0.05,0.15,0.15,6.859426202743556,25.50366325174828,-0.38858490550500524
2094.2200000000003,0.0,6.917164999999984,25.201445974026043,25.027939220779302,25.64762207792213,25.628834545454605,-7.0200000000000005,0.06,0.06,0.06,0.1371417139713405,1.0471417139713406,-6.76855085148413,-1.084779026217176,0.018139825218828,-9.784337078651529,0.05,0.15,0.15,6.850444821175948,25.37646045454552,-0.3866587073839632
2094.23,0.0,6.907164999999989,25.095312643678337,25.022869205397225,25.49656317841109,25.58771263368319,-7.043007744191874,0.06,0.06,0.06,0.1366415764335181,1.0466415764335182,-6.759548375803327,-1.0997602996254203,-0.0817353308361345,-9.82928089887626,0.05,0.15,0.15,6.841463568181509,25.300614415292458,-0.374502596534255
2094.24,0.0,6.9,24.996921839080795,25.064578350824448,25.329726596702216,25.570601189405355,-7.072985261054199,0.06,0.06,0.06,0.1361414388956957,1.0461414388956958,-6.750545900122523,-1.124271042084002,-0.2403832665320125,-9.777545090181322,0.05,0.15,0.15,6.832482444267263,25.240456994003203,-0.37406662580416394
2094.25,0.0,6.9,24.95992627118652,25.02214949152573,25.386003898304526,25.538832542373044,-7.011060000000249,0.06,0.06,0.06,0.1356413013578733,1.0456413013578734,-6.74154342444172,-1.1693612224446237,-0.5259544088159506,-9.51702404809773,0.05,0.15,0.15,6.823501449942899,25.226728050847456,-0.3989409734686055
2094.26,0.0,6.9,24.941790677966097,24.95387431704884,25.51081945164509,25.5025613559322,-6.9210599999999936,0.06,0.06,0.06,0.135141163820048,1.045141163820048,-6.732540948760866,-1.1023695380778955,-0.6479775280902509,-9.32559550561805,0.05,0.1535620197584908,0.15,6.814520585720731,25.227261450648058,-0.3927259721323454
2094.27,0.0,6.9,24.94474932564552,24.90810269741793,25.47086422160952,25.46205958886943,-6.922968515742141,0.06,0.06,0.06,0.1346410262822256,1.0446410262822257,-6.723538473080062,-0.79775031211026,-0.4232584269665852,-9.280651685393318,0.05,0.16,0.15,6.805539852115928,25.1964439583856,-0.3205976708076774
2094.28,0.0,6.9,24.954405881173205,24.869476475307177,25.378590468789373,25.42021451491611,-6.95295352323843,0.06,0.06,0.06,0.1341408887444032,1.0441408887444033,-6.714535997399259,-0.6075118898622623,-0.0550813516904169,-9.273879849812175,0.05,0.1562453333333451,0.15,6.796559249646217,25.155671835046466,-0.2960210850359939
2094.29,0.0,6.9,24.95504424262624,24.87564706882179,25.32141859023513,25.38582363939355,-6.944702549575055,0.06,0.06,0.06,0.1336407512065808,1.0436407512065808,-6.705533521718455,-0.6625807259073014,0.620763454316881,-9.34897371714632,0.05,0.15,0.15,6.787578778832111,25.134483385269178,-0.3734264804193368
2094.3,0.0,6.9,24.95290459923347,24.89561707382093,25.27505965005856,25.35372898850208,-6.924705882352955,0.06,0.06,0.06,0.1331406136687584,1.0431406136687584,-6.696531046037651,-0.6599875156058086,1.0255830212238997,-9.412803995006142,0.05,0.15,0.15,6.778598440196871,25.11932757790376,-0.4049902506205315
2094.31,0.0,6.9,24.950764955840707,24.915587078820067,25.228700709881988,25.32163433761061,-6.904709215130855,0.06,0.06,0.06,0.132640476130936,1.042640476130936,-6.687528570356848,-0.5351435705374598,0.8557952559309453,-9.452754057428011,0.05,0.15,0.15,6.76961823426653,25.104171770538343,-0.33936405417113263
2094.32,0.0,6.9,24.9592500324918,24.85164884278988,25.05185303674221,25.298531762059618,-6.9,0.06,0.06,0.06,0.1321403385931135,1.0421403385931136,-6.6785260946760445,-0.499351689610948,0.3786182728488645,-9.591439299121497,0.05,0.15,0.15,6.760638161569907,25.040320918520877,-0.25673740295261516
2094.33,0.0,6.9,24.97101709072732,24.76179130717321,24.834697325668607,25.27820684328918,-6.9,0.06,0.06,0.06,0.1316402010552883,1.0416402010552883,-6.66952361899519,-0.6545456821023949,-0.7578022528143109,-9.941877346682826,0.05,0.15,0.15,6.751658222638575,24.961428141714578,-0.13765065691297887
2094.34,0.0,6.894418929712478,24.964871639344267,24.758396721311463,24.91483040238442,25.24093323397916,-6.922878560719643,0.06,0.06,0.06,0.1311400635174659,1.041140063517466,-6.660521143314387,-0.7908173076921022,-1.4668245192311906,-10.198490384615262,0.05,0.15,0.15,6.742678418007084,24.969757999254828,-0.07085117920661377
2094.3500000000004,0.0,6.874450878594288,24.95317765027324,24.781784699453528,25.08705096870324,25.198409637357223,-6.952863568215848,0.06,0.06,0.06,0.1306399259796435,1.0406399259796435,-6.651518667633583,-0.8869711538458223,-1.2697091346160645,-10.256182692307494,0.05,0.15,0.15,6.733698748212674,25.00510573894681,-0.11490723607834034
2094.36,0.0,6.854482827476099,24.887276862745363,24.68668548516885,25.08883871794889,25.20879437908488,-6.96,0.06,0.06,0.06,0.130139788441821,1.040139788441821,-6.64251619195278,-0.9724935064932644,-0.8851220779266273,-10.317490909090573,0.05,0.15,0.15,6.724719213795498,24.967898861236996,-0.1743397862245222
2094.37,0.0,6.834514776357909,24.803355294118123,24.55219579185597,25.03396692307724,25.23676823529396,-6.96,0.06,0.06,0.06,0.1310054189827195,1.040670279321813,-6.633632346442777,-1.0244415584412705,0.0915012986958843,-10.390218181817778,0.05,0.15,0.15,6.716043117628004,24.906571561086324,-0.2823313660681411
2094.38,0.0,6.81454672523972,24.74912674331443,24.57632749312629,25.077902094475945,25.215743554111683,-6.96,0.06,0.06,0.06,0.1324008651766386,1.041600576784426,-6.624794520547956,-1.0363611388616072,0.7284815184821429,-10.493581418580357,0.05,0.15,0.15,6.7074856831855705,24.904774971257087,-0.33692686136384764
2094.3900000000003,0.0,6.794578674121417,24.70419797550609,24.65013904023997,25.1527833741565,25.179372646838274,-6.96,0.06,0.06,0.06,0.1337963113705657,1.0425308742470438,-6.615956694653084,-0.9614360639361302,0.628581418581507,-10.663411588411437,0.05,0.15,0.15,6.698929396718526,24.921623259185207,-0.2756757009568725
2094.4,0.0,6.774610623003228,24.647872276930823,24.60021248187962,25.09822808297936,25.14137360659839,-6.96,0.06,0.06,0.06,0.1351917575644849,1.043461171709657,-6.607118868758263,-0.894269944806884,0.4483166081288768,-10.7123607626696,0.05,0.15,0.15,6.690374262631392,24.871921612097047,-0.22696750188863052
2094.4100000000003,0.0,6.754642571885039,24.587967253186896,24.51142467883058,25.003021884529176,25.102863234191577,-6.96,0.06,0.06,0.06,0.136587203758404,1.044391469172269,-6.598281042863442,-0.8440943301556201,0.0920697441049023,-10.496605619669166,0.05,0.15,0.15,6.681820285350499,24.801319262684558,-0.2057257875375993
2094.42,0.0,6.734674520766849,24.550982563338422,24.46267168405381,24.99800655737695,25.07747040238459,-6.914426966292135,0.06,0.06,0.06,0.1379826499523232,1.0453217666348822,-6.58944321696862,-0.7812770724422933,-0.2074458551154135,-10.22712969878092,0.05,0.15,0.15,6.673267469324325,24.772282801788442,-0.19426791239537106
2094.4300000000003,0.0,6.714706469648659,24.52121604570308,24.426526626925167,25.02139453551901,25.05620860407363,-6.854501872659327,0.06,0.06,0.06,0.1393780961462424,1.046252064097495,-6.580605391073799,-0.6916579536970182,-0.3866840926059636,-9.843759024148357,0.05,0.15,0.15,6.664715819023582,24.756336453055223,-0.2035529974479439
2094.44,0.0,6.7,24.48226318972053,24.43352144116896,24.97974174855158,25.053258216175344,-6.84,0.06,0.06,0.06,0.1407735423401615,1.0471823615601077,-6.571767565178978,-0.6190306378705536,-0.5005976896033316,-9.562762430939442,0.05,0.15,0.15,6.656165338941336,24.737196148904104,-0.2098438043626208
2094.4500000000003,0.0,6.7,24.440207256235777,24.45508858654576,24.91611866969001,25.056493287981866,-6.84,0.06,0.06,0.06,0.1421689885340886,1.048112659022726,-6.5629297392841055,-0.5838724259166617,-0.4704620793571386,-9.507513812154755,0.05,0.15,0.15,6.6476160335931125,24.716976950113352,-0.20953184410132975
2094.46,0.0,6.7,24.436724269049392,24.44642092827004,24.88969252916356,25.030512390171257,-6.84,0.06,0.06,0.06,0.1435644347280077,1.0490429564853383,-6.554091913389285,-0.5856479400746765,-0.315348314607949,-9.433131086142652,0.05,0.15,0.15,6.639067907517221,24.700837529163564,-0.2375143699091504
2094.4700000000003,0.0,6.7,24.44522265574583,24.42836185654011,24.8748203524448,24.99545654504845,-6.84,0.06,0.06,0.06,0.1449598809219269,1.0499732539479514,-6.545254087494463,-0.6655480649186464,0.1041273408228937,-9.318274656679446,0.05,0.15,0.15,6.630520965274593,24.6859653524448,-0.3253472260633502
2094.48,0.0,6.7,24.40955727341218,24.385212960080526,24.801909053477605,25.0067478332914,-6.84,0.06,0.06,0.06,0.1463553271158461,1.050903551410564,-6.5364162615996415,-0.7375394242802153,0.3852165206508504,-9.267106382978517,0.05,0.15,0.15,6.621975211449131,24.65085678006543,-0.38649575558933996
2094.49,0.0,6.7,24.359052628672146,24.33363374843113,24.70949629927244,25.033612006025454,-6.84,0.06,0.06,0.06,0.1477507733097652,1.0518338488731769,-6.527578435704821,-0.7926082603252544,0.3701977471840215,-9.352212765957212,0.05,0.15,0.15,6.613430650647786,24.60894867060029,-0.3905473664424193
2094.5,0.0,6.7,24.379964701473583,24.32352814888831,24.733984211840685,24.89930736447795,-6.817277042218452,0.06,0.06,0.06,0.1491462195036844,1.0527641463357895,-6.518740609809999,-0.836411985018651,0.2862621722855147,-9.3971760299627,0.05,0.15,0.15,6.604887287500704,24.584196106670134,-0.38972491633902134
2094.51,0.0,6.7,24.42380182363217,24.3267357431926,24.795997701723568,24.713266894829303,-6.787299525355957,0.06,0.06,0.06,0.1505416656976115,1.0536944437984077,-6.509902783915128,-0.8563870162297003,0.0565493133584472,-9.3572259675406,0.05,0.15,0.15,6.596345126661323,24.56495054084441,-0.3785925366732774
2094.52,0.0,6.7,24.38507253447002,24.25051165204347,24.70496954123889,24.72452299323113,-6.78,0.06,0.06,0.06,0.1519371118915306,1.0546247412610206,-6.501064958020306,-0.8492715894870182,-0.2323429286598067,-9.366673341676814,0.05,0.15,0.15,6.587804172806701,24.516269180245878,-0.3447332187317869
2094.53,0.0,6.7,24.31962254700457,24.148581343695643,24.564413010780303,24.799629536224263,-6.78,0.06,0.06,0.06,0.1533325580854498,1.0555550387236332,-6.492227132125485,-0.7841902377974266,-0.647862327908738,-9.481817271589168,0.05,0.15,0.15,6.579264430637378,24.458061609426192,-0.26224467493430775
2094.54,0.0,6.694964923628082,24.30398,24.23140887060526,24.60552739466427,24.729067978060808,-6.78,0.06,0.06,0.06,0.1547280042793689,1.056485336186246,-6.483389306230664,-0.7416029962546673,-0.8225992509372927,-9.611295880149353,0.05,0.15,0.15,6.570725904877707,24.467496060832588,-0.21017814271015708
2094.55,0.0,6.675063435991892,24.30398,24.372261525803644,24.703697427075262,24.61275783096517,-6.78,0.06,0.06,0.06,0.1561234504732881,1.0574156336488587,-6.474551480335842,-0.7465967540574154,-0.4880174781531682,-9.771096129837291,0.05,0.15,0.15,6.562188600275959,24.49817419596102,-0.2224622206373221
2094.56,0.0,6.655161948355703,24.29025118381627,24.286370964036745,24.723662112887137,24.58916546453543,-6.757351986010589,0.06,0.06,0.06,0.1575188966672072,1.0583459311114716,-6.465713654441021,-0.7707336004004282,-0.1037005508275419,-9.953365047570747,0.05,0.15,0.15,6.553652521604462,24.472362431318896,-0.24294618973648344
2094.57,0.0,6.635260460719514,24.2720793556445,24.12710023476652,24.7183174575425,24.595579050949,-6.727374469148264,0.06,0.06,0.06,0.1589143428611264,1.0592762285740842,-6.4568758285462,-0.8358312468700712,0.3870355533282287,-10.183710565847944,0.05,0.15,0.15,6.545117673659756,24.42826902472563,-0.2809756088632014
2094.58,0.0,6.615358973083212,24.2296019904739,24.12422107295052,24.685469736776216,24.612520897468,-6.697379999999962,0.06,0.06,0.06,0.1586338811825197,1.05920309735647,-6.44965847029563,-0.8591337993009943,0.7328407388916958,-10.402598602097015,0.05,0.15,0.15,6.537979067966242,24.412953424417157,-0.2916329272702735
2094.59,0.0,6.595457485447022,24.17917331160693,24.172503850589106,24.643624662822777,24.63290695913762,-6.667379999999962,0.06,0.06,0.06,0.1524801928155598,1.055613445809077,-6.44812004820389,-0.7942311532701638,0.7727808287568223,-10.597306540189509,0.05,0.15,0.15,6.535734244308204,24.40705219603911,-0.2445236194304615
2094.6000000000004,0.0,6.575555997810833,24.087768080657256,24.093566377894007,24.610896594473505,24.651567781926804,-6.682591760299607,0.06,0.06,0.06,0.1463265044485998,1.0520237942616832,-6.44658162611215,-0.7452153229845165,0.6165873810731359,-10.71564596895355,0.05,0.15,0.15,6.5334967798051045,24.36094970873789,-0.19391224649437178
2094.61,0.0,6.555654510174644,23.98335184963915,23.97423354244474,24.581063385611184,24.66968080159321,-6.71255430711601,0.06,0.06,0.06,0.1401728160816399,1.04843414271429,-6.44504320402041,-0.7301927891838297,0.0407235853801397,-10.67057836755149,0.05,0.15,0.15,6.531266682020187,24.302082394822072,-0.13580744384669938
2094.62,0.0,6.535753022538454,24.017572829622,24.000714640980533,24.57120908681512,24.584192574431142,-6.72,0.06,0.06,0.06,0.1340191277146799,1.0448444911668966,-6.44350478192867,-0.7167898152771328,-0.4479106340474496,-10.534063904145382,0.05,0.15,0.15,6.529043958502107,24.293422282962197,-0.10115641315001844
2094.63,0.0,6.515851534902265,24.097883062296354,24.075670858143265,24.567996677508145,24.46426262697077,-6.72,0.06,0.06,0.06,0.1278654393477199,1.0412548396195034,-6.44196635983693,-0.7068047928108512,-0.7524538192690389,-10.20455816275809,0.05,0.15,0.15,6.526828616784823,24.301453306229632,-0.11600268966657745
2094.6400000000003,0.0,6.5,24.0637810821644,24.04507859719445,24.510762324649377,24.50224521042075,-6.72,0.06,0.06,0.06,0.121711750980725,1.0376651880720895,-6.440427937745182,-0.7159489233849448,-0.7813720580886193,-9.943317476214627,0.05,0.15,0.15,6.524620664387481,24.280466803607244,-0.15560225561720595
2094.65,0.0,6.5,23.99194741482989,23.979677795591392,24.43571222444914,24.59230533066103,-6.72,0.06,0.06,0.06,0.115558062613765,1.0340755365246963,-6.438889515653441,-0.7660240360539009,-0.2205307961963102,-9.828144717076029,0.05,0.15,0.15,6.522420108814342,24.249910691382862,-0.24816686630697563
2094.6600000000003,0.0,6.5,24.013132023927984,23.9564614955135,24.298037926222047,24.58524598205401,-6.697466266866545,0.06,0.06,0.06,0.109404374246805,1.030485884977303,-6.437351093561701,-0.8224769038698729,0.3478426966267945,-9.669725343321884,0.05,0.15,0.15,6.520226957554608,24.213219356929386,-0.35020136553772546
2094.67,0.0,6.5,24.064338404785364,23.946860299102745,24.14015158524513,24.546841196410977,-6.667481259370341,0.06,0.06,0.06,0.1032506858798451,1.0268962334299097,-6.435812671469962,-0.8923895131083467,0.9321123595483254,-9.420037453184475,0.05,0.15,0.15,6.518041218082356,24.174547871386054,-0.4722213060598596
2094.6800000000003,0.0,6.5,23.89405407223036,23.83972525529335,24.13665758405953,24.45489130759706,-6.682498126405137,0.06,0.06,0.06,0.0970969975128851,1.0233065818825164,-6.4342742493782215,-1.0134618272832496,1.100032540678523,-9.1030763454335,0.05,0.15,0.15,6.5158628978564135,24.081332054795077,-0.578309190882691
2094.69,0.0,6.5,23.649939501868985,23.700078929016755,24.184627696139284,24.34509305105897,-6.712475643267462,0.06,0.06,0.06,0.0909433091459251,1.019716930335123,-6.432735827286481,-1.2437496871079583,0.3791314142707386,-8.642500625784082,0.05,0.15,0.15,6.513692004320252,23.969934794521,-0.6503853831305833
2094.7000000000003,0.0,6.5,23.6445985520362,23.63056751131222,24.12508180995475,24.26089918552036,-6.72,0.06,0.06,0.06,0.0847896207789302,1.0161272787877094,-6.431197405194733,-1.271560549313106,-0.2368339575533078,-8.476099875156342,0.05,0.15,0.15,6.511528544901866,23.915286764705883,-0.6208573661189731
2094.71,0.0,6.5,23.72206461538442,23.585378974359088,24.028249230769475,24.18558495726515,-6.72,0.06,0.06,0.06,0.0786359324119702,1.012537627240316,-6.429658983102993,-0.8720599250943899,-0.6313408239692899,-8.930531835205132,0.05,0.15,0.15,6.509372527013702,23.88031944444453,-0.37690180328302114
2094.7200000000003,0.0,6.5,23.70745779547163,23.556586464294664,24.065364941527527,24.10844235879593,-6.742438171371564,0.06,0.06,0.06,0.0724822440450102,1.0089479756929227,-6.428120561011252,-0.5984030037547119,-0.8377171464337667,-9.356580725906026,0.05,0.15,0.15,6.507223958052486,23.85946289002244,-0.1990649910450184
2094.73,0.0,6.5,23.66273025130639,23.533157750684296,24.146300497636062,24.030701627270627,-6.772415688233888,0.06,0.06,0.06,0.0663285556780503,1.0053583241455293,-6.426582138919512,-0.5933967459324356,-0.6424730913649918,-9.722037546932196,0.05,0.15,0.15,6.505082845399152,23.843222531724344,-0.16237823886329322
2094.74,0.0,6.499103799490759,23.72242915590829,23.61728226415051,24.13776979145992,24.083530248261816,-6.78,0.06,0.06,0.06,0.0601748673110903,1.001768672598136,-6.425043716827773,-0.5514681647945037,-0.4281198501883203,-10.109677902619923,0.05,0.15,0.15,6.5029491964187285,23.890252864945133,-0.11192205866447885
2094.75,0.0,6.494111038993484,23.818059741806795,23.738414339621944,24.098454995034984,24.1812859582914,-6.78,0.06,0.06,0.06,0.0540211789441304,0.9981790210507429,-6.4235052947360325,-0.4316179775285487,-0.1734382022481659,-10.544134831459012,0.05,0.15,0.15,6.500823018460214,23.959053758688782,-0.03240660347413388
2094.76,0.0,6.489118278496182,23.824120323804745,23.7474083885657,24.10601890209963,24.17290296989636,-6.757638819409696,0.06,0.06,0.06,0.0478674905771354,0.994589369503329,-6.421966872644284,-0.3931188986234226,-0.0383279098874867,-10.859163954943744,0.05,0.15,0.15,6.498704318856475,23.962612646091607,0.014148966752471348
2094.77,0.0,6.484125517998908,23.797052274222185,23.714926729066622,24.130921507715588,24.12526320263105,-6.727623811905981,0.06,0.06,0.06,0.0417138022101754,0.9909997179559356,-6.420428450552544,-0.5282878598244976,-0.1584780976217755,-10.919239048810889,0.05,0.15,0.15,6.496593104924159,23.94204092840886,-0.009658101455233575
2094.78,0.0,6.479132757501633,23.770373920595635,23.639699573201337,24.02742668486409,24.086311732010067,-6.72,0.06,0.06,0.06,0.043246831170793,0.9867531688292068,-6.41278481962046,-0.6408714107363105,-0.124404494383511,-10.910229712859568,0.05,0.15,0.15,6.488402056543306,23.880952977667782,-0.05237243676268474
2094.79,0.0,6.474139997004358,23.74382305210931,23.55048865508728,23.88192792555901,24.05020255086866,-6.72,0.06,0.06,0.06,0.0477469436736014,0.9822530563263984,-6.4027845696142185,-0.7057902621720361,0.235146067414354,-10.755423220974375,0.05,0.15,0.15,6.4778662445424615,23.806610545906064,-0.13498904493927186
2094.8,0.0,6.469147236507084,23.67937290268776,23.493394364880885,23.910356094140752,24.0349565314639,-6.705104895104914,0.06,0.06,0.06,0.0522470561764099,0.97775294382359,-6.392784319607978,-0.8091036554824992,0.456039058588176,-10.528597896846758,0.05,0.15,0.15,6.467334994498154,23.779519973293326,-0.2269804120964753
2094.81,0.0,6.464154476009809,23.601502764146613,23.44767244867324,24.00037111667456,24.02709807711572,-6.685124875124919,0.06,0.06,0.06,0.0567471686792183,0.9732528313207816,-6.382784069601737,-0.9943815723576372,0.3809263895847417,-10.148027040562692,0.05,0.15,0.15,6.45680832873245,23.769161101652536,-0.3389849794602806
2094.82,0.0,6.459161715512535,23.52363262560547,23.4019505324656,24.09038613920836,24.01923962276752,-6.665144855144925,0.06,0.06,0.06,0.0612472811820268,0.9687527188179732,-6.372783819595496,-1.1103544682977369,0.2447978032966749,-9.862670993510257,0.05,0.15,0.15,6.446286269703476,23.758802230011735,-0.4069612170876172
2094.83,0.0,6.454168955015232,23.47267649700598,23.379092075848305,23.95166167664668,23.970408033932127,-6.5931582895722665,0.06,0.06,0.06,0.0657473936848608,0.9642526063151392,-6.362783569589198,-1.0803994008987217,-0.0198052920612921,-9.777798302546378,0.05,0.15,0.15,6.435768840006309,23.693459570858273,-0.38223184116798775
2094.84,0.0,6.45,23.43102979041918,23.36414197604791,23.73381736526957,23.9074040419162,-6.503135783945917,0.06,0.06,0.06,0.0702475061876693,0.9597524938123309,-6.352783319582957,-1.0743729662075925,-0.1616720901130871,-9.739163954943455,0.05,0.15,0.15,6.42525606237417,23.60909829341322,-0.37130309020171526
2094.8500000000004,0.0,6.45,23.37347191393558,23.31750853139867,23.67458602952215,23.88858602952215,-6.524580000000038,0.06,0.06,0.06,0.0747476186904777,0.9552523813095224,-6.342783069576716,-1.1194292866080788,-0.0415219023784564,-9.799239048810772,0.05,0.15,0.15,6.414747959679042,23.563538126094635,-0.3898358614714828
2094.86,0.0,6.45,23.310294530898425,23.259685163873133,23.67137362021517,23.885373620215177,-6.584580000000037,0.06,0.06,0.06,0.0792477311932862,0.9507522688067138,-6.332782819570475,-1.064887612388762,0.0576648351645965,-9.809488011988424,0.05,0.15,0.15,6.404244554932875,23.531681733800475,-0.3802824242206561
2094.87,0.0,6.45,23.30023551224383,23.251807451274303,23.55966853573297,23.765749145428188,-6.6000000000000005,0.06,0.06,0.06,0.0837478436960946,0.9462521563039054,-6.322782569564234,-0.8001523476535816,0.112609890109634,-9.71458291708336,0.05,0.15,0.15,6.393745871288507,23.469365161169822,-0.31145529340344086
2094.88,0.0,6.45,23.308791234382745,23.26143263868059,23.409943398301927,23.60532935532349,-6.6000000000000005,0.06,0.06,0.06,0.0882479561989031,0.9417520438010968,-6.312782319557993,-0.6375944931161214,0.0284380475613429,-9.578022528161322,0.05,0.15,0.1537799043061596,6.38325193204066,23.396374156672188,-0.26877952814621126
2094.8900000000003,0.0,6.45,23.28884240240245,23.246514744744783,23.44856159159141,23.4946310360362,-6.62226943264191,0.06,0.06,0.06,0.0927480687017371,0.9372519312982628,-6.302782069551695,-0.6926633291614736,-0.352037546933817,-9.35274092615761,0.05,0.15,0.16,6.372762760626867,23.369637443693712,-0.281803306751244
2094.9,0.0,6.45,23.25885241241245,23.22295118118121,23.553526556556413,23.40144785285298,-6.65226193451646,0.06,0.06,0.06,0.0972481812045455,0.9327518187954544,-6.292781819545454,-0.6335205992511256,-0.5826641697878189,-9.126032459425865,0.05,0.15,0.1561224489796161,6.362278380628721,23.35919450075076,-0.2722703681821055
2094.9100000000003,0.0,6.45,23.28187354052704,23.18371926404781,23.56961308801593,23.41444606166079,-6.66,0.06,0.06,0.06,0.101748293707354,0.928251706292646,-6.282781569539213,-0.3338951310870885,-0.4977702871413417,-8.896319600500101,0.05,0.15,0.15,6.351798815772519,23.362412988562895,-0.2152422300973612
2094.92,0.0,6.45,23.32337528095467,23.13902508204881,23.554715027349605,23.46446097961204,-6.66,0.06,0.06,0.06,0.1062484062101624,0.9237515937898376,-6.272781319532972,-0.1475944931161214,-0.3632240300387429,-8.719206508135493,0.05,0.15,0.15,6.341324089930531,23.37039409249128,-0.1934734630050317
2094.9300000000003,0.0,6.45,23.29768487327492,23.080689947302552,23.51539402760364,23.397128552070555,-6.66,0.06,0.06,0.06,0.1107485187129709,0.919251481287029,-6.262781069526731,-0.2026633291611604,-0.1229236545694815,-8.6541251564459,0.05,0.15,0.15,6.330854227121953,23.322724350062916,-0.24680329359932698
2094.94,0.0,6.446693968726837,23.24720557590984,23.01732231869533,23.46706278544559,23.2865037089088,-6.66,0.06,0.06,0.06,0.1152486312157793,0.9147513687842206,-6.25278081952049,-0.3316325511715006,0.1252021967033251,-8.753075386916905,0.05,0.15,0.15,6.320389251513948,23.254523597239892,-0.30093973681994696
2094.9500000000003,0.0,6.426837925043437,23.25994142465755,23.08411124283941,23.525203885429683,23.40070119053558,-6.637833916958426,0.06,0.06,0.06,0.1197487437186134,0.9102512562813866,-6.242780569514192,-0.6162056914621444,0.3898052920612921,-9.197408886668962,0.05,0.15,0.15,6.309929187422627,23.317489435865557,-0.35677457557089093
2094.96,0.0,6.40698188136015,23.295119506849264,23.19710750684916,23.6211441095889,23.594713643835338,-6.607818909454627,0.06,0.06,0.06,0.1242488562214218,0.905751143778578,-6.232780319507951,-0.8802854281413504,0.4725588382585825,-9.618207310964998,0.05,0.15,0.15,6.29947405931433,23.427021191780664,-0.3903797147945774
2094.9700000000003,0.0,6.387125837676863,23.20435022044137,23.1398414428862,23.63368557615237,23.625070360721548,-6.6000000000000005,0.06,0.06,0.06,0.1287489687242303,0.9012510312757698,-6.22278006950171,-1.1006159238847577,0.1671006509779498,-9.988763144715277,0.05,0.15,0.15,6.289023891806336,23.400736900050372,-0.3765289750900562
2094.98,0.0,6.367269793993576,23.0671157515038,23.019761282565824,23.6154591232466,23.59505032064145,-6.6000000000000005,0.06,0.06,0.06,0.1263899097477347,0.8996389909747735,-6.214945873646828,-1.2371360799003406,-0.1075355805232116,-10.421702871407687,0.05,0.15,0.15,6.280993308046736,23.32434661948942,-0.32829695517684887
2094.99,0.0,6.347413750310289,22.96479491018025,22.99886084830329,23.44433858283588,23.53845052894257,-6.6000000000000005,0.06,0.06,0.06,0.1213897847446142,0.8991389784744614,-6.20794569864246,-1.1971860174783555,-0.3172734082386328,-10.985997503118227,0.05,0.15,0.15,6.273896411301821,23.236611217565496,-0.20767205333172345
2095.0,0.0,6.327557706627002,22.875094311377914,23.01381094810368,23.21795135728712,23.47224294411227,-6.6000000000000005,0.06,0.06,0.06,0.1163896597414937,0.8986389659741494,-6.200945523638091,-1.189193992490314,-0.4504030037548429,-11.355604505632265,0.05,0.15,0.15,6.266803326353006,23.144774890220244,-0.13520905404923714
2095.01,0.0,6.307701662943602,22.87915769192164,22.906457992975746,23.2440062167584,23.4544,-6.622134466383474,0.06,0.06,0.06,0.1113895347383448,0.8981389534738345,-6.193945348633682,-1.2492690863579712,-0.4203654568210144,-11.310548185231522,0.05,0.15,0.15,6.259714066158065,23.121005475413945,-0.16532563127587624
2095.02,0.0,6.287845619260315,22.91781298544897,22.753984335173485,23.36319337180101,23.4544,-6.652126968258025,0.06,0.06,0.06,0.1063894097352243,0.8976389409735225,-6.186945173629314,-1.177440699126313,-0.2520649188517259,-11.173872659176238,0.05,0.15,0.15,6.252628643726648,23.122347673105864,-0.17938903095946288
2095.03,0.0,6.267989575577028,22.8798354061486,22.77312958260418,23.31085365658609,23.43704358910277,-6.66,0.06,0.06,0.06,0.1013892847321038,0.8971389284732104,-6.179944998624945,-0.8278776529349365,0.2073607989997976,-10.844284644195795,0.05,0.15,0.15,6.2455470721202655,23.10021555861041,-0.1596510195434715
2095.04,0.0,6.25,22.814581719570203,22.8533595251186,23.19746200449904,23.41350947263188,-6.66,0.06,0.06,0.06,0.0963891597289833,0.8966389159728984,-6.172944823620576,-0.57880350438065,0.5072040050064571,-10.516032540677465,0.05,0.15,0.15,6.23846936445266,23.06972818045493,-0.15686301841729378
2095.05,0.0,6.25,22.81711505494496,22.80828461538494,23.128249890110084,23.380534725274856,-6.637906570072506,0.06,0.06,0.06,0.0913890347258628,0.8961389034725863,-6.165944648616208,-0.543759699624716,0.4671539424282469,-10.190625782229509,0.05,0.15,0.15,6.231395533889984,23.03354607142871,-0.19017668240059157
2095.06,0.0,6.25,22.84383833166815,22.718494405595017,23.0748033366637,23.34419106893132,-6.6079290532101815,0.06,0.06,0.06,0.0863889097227423,0.8956388909722742,-6.15894447361184,-0.5023076923080003,0.3386713286730924,-9.823636363638911,0.05,0.15,0.1535804503019689,6.224325593651007,22.995331785714544,-0.2184358708921974
2095.07,0.0,6.25,22.803042305389745,22.697054640718537,23.044942395209752,23.25607197604877,-6.6000000000000005,0.06,0.06,0.06,0.0813887847196218,0.8951388784719622,-6.151944298607471,-0.4473626373629628,0.0239860139878778,-9.369090909093602,0.05,0.15,0.16,6.217259557007343,22.950277829341704,-0.23605240601903885
2095.08,0.0,6.25,22.737902584830536,22.700258233532924,23.0235851097805,23.14928554890252,-6.6000000000000005,0.06,0.06,0.06,0.0763886597164728,0.8946388659716473,-6.144944123603062,-0.4516416416414773,-0.2524624624622159,-9.06320320320319,0.05,0.15,0.16,6.210197437283625,22.90275786926162,-0.25503589264365306
2095.09,0.0,6.25,22.757187999999825,22.71208408510633,22.963019574468344,23.13387353191483,-6.577961019490178,0.06,0.06,0.06,0.0713885347133524,0.8941388534713353,-6.137943948598693,-0.5817717717712787,-0.4476576576569179,-9.073213213213176,0.05,0.15,0.16,6.203139247857884,22.891541297872333,-0.2769241512007266
2095.1000000000004,0.0,6.25,22.80754094117628,22.72708283354187,22.888025832290644,23.15208629787227,-6.547976011993973,0.06,0.06,0.06,0.0663884097102319,0.8936388409710232,-6.130943773594325,-0.6796479400747445,-0.588039950062287,-9.044624219725936,0.05,0.15,0.156123624934542,6.196085002161519,22.893683976220267,-0.2995220583705033
2095.11,0.0,6.25,22.77078009990037,22.661298576423963,22.894698071927923,23.174189340659243,-6.562014496375875,0.06,0.06,0.06,0.0613882847071114,0.8931388284707111,-6.123943598589956,-0.7096104868912333,-0.6130087390760277,-8.934761548065477,0.05,0.15,0.15,6.189034713679688,22.875241522227874,-0.32361419460681595
2095.12,0.0,6.25,22.70236851148881,22.56616371128913,22.93104172827157,23.19770582417572,-6.592006998250341,0.06,0.06,0.06,0.0563881597039909,0.8926388159703991,-6.116943423585587,-0.7363995993989949,-0.5452053079633175,-8.879198798196985,0.05,0.15,0.15,6.1819883959514845,22.849319943806307,-0.3480697450961715
2095.13,0.0,6.25,22.666780490000107,22.58836500499971,22.92749401500008,23.09052777500069,-6.6000000000000005,0.06,0.06,0.06,0.0513880347008704,0.892138803470087,-6.109943248581218,-0.7564296444665773,-0.2798072108178496,-8.939288933399732,0.05,0.15,0.15,6.1749460625701555,22.818291821250146,-0.37329932813388755
2095.1400000000003,0.0,6.248411747078221,22.64324048999997,22.65363500500008,22.90930401499997,22.93537777499981,-6.6000000000000005,0.06,0.06,0.06,0.0463879096977214,0.8916387909697722,-6.10294307357681,-0.8038202247189984,-0.0549063670413354,-9.084681647939757,0.05,0.15,0.15,6.167907727183289,22.78538932124996,-0.39059649095338833
2095.15,0.0,6.233428228948173,22.61500973756562,22.62968700324921,22.926330262434377,22.943800599850007,-6.621988508618571,0.06,0.06,0.06,0.0413877846946009,0.8911387784694601,-6.095942898572441,-0.9086891385767092,0.084918851435612,-9.409275905118388,0.05,0.15,0.15,6.160873403493189,22.778706900774804,-0.3912294221511493
2095.1600000000003,0.0,6.218444710818126,22.585057225693653,22.572991177205846,22.956282774306345,23.012263484128788,-6.651966025480895,0.06,0.06,0.06,0.0363876596914804,0.890638765969148,-6.088942723568072,-0.9655819774719058,0.1816020025031215,-9.764568210262214,0.05,0.15,0.15,6.153843105256864,22.781648665333655,-0.3666191711618201
2095.17,0.0,6.203461192688078,22.556678820884443,22.513971306520343,22.851010347240173,23.024427329502902,-6.66,0.06,0.06,0.06,0.0313875346883599,0.890138753468836,-6.081942548563704,-0.9205256570715477,0.1866082603253836,-10.185093867332224,0.05,0.15,0.15,6.146816846286412,22.736521951036966,-0.2883671580248104
2095.1800000000003,0.0,6.188477674558031,22.52887967024745,22.45409621284066,22.69597662253385,23.01587374469152,-6.66,0.06,0.06,0.06,0.031926709482434,0.8903211182470724,-6.0732565168114805,-0.8851685393259425,0.2383146067405747,-10.478052434456762,0.05,0.15,0.15,6.138251846199226,22.67370656257837,-0.23753420310869722
2095.19,0.0,6.173494156427983,22.434652254191413,22.405091663748102,22.70169020265156,22.97137785339041,-6.66,0.06,0.06,0.06,0.034593435409674,0.890765572568279,-6.063922976066141,-0.8701872659176981,0.3881273408230185,-10.503021223470505,0.05,0.15,0.15,6.1290963339393825,22.62820299349537,-0.244302525542142
2095.2000000000003,0.0,6.158510638297851,22.315793109832693,22.36011793345021,22.76700919189374,22.913554485864555,-6.66,0.06,0.06,0.06,0.0372601613369291,0.8912100268894882,-6.0545894353207474,-0.8103379224030899,0.3346057571967651,-10.433491864831188,0.05,0.15,0.15,6.119942553811174,22.5891186802603,-0.22916104504472498
2095.21,0.0,6.1435271201678034,22.31193594608078,22.355048986520195,22.693203175237457,22.88316102845737,-6.638114999999983,0.06,0.06,0.06,0.0399268872641691,0.8916544812106949,-6.045255894575408,-0.6551439299125252,-0.1510012515640341,-10.16315394242827,0.05,0.15,0.15,6.110790513598746,22.56083728407395,-0.16746123331900725
2095.2200000000003,0.0,6.128543602037756,22.350398252621005,22.36466456315525,22.56820067898172,22.86286147778336,-6.608114999999983,0.06,0.06,0.06,0.0425936131914091,0.8920989355319016,-6.035922353830068,-0.5966808085847609,-0.4928774644371754,-9.960683803344237,0.05,0.15,0.15,6.101640221131311,22.536531243135332,-0.14292018879838964
2095.23,0.0,6.113560083907709,22.32814368000015,22.29561568000033,22.627675199999565,22.84877144000004,-6.6000000000000005,0.06,0.06,0.06,0.0452603391186491,0.8925433898531082,-6.026588813084728,-0.7414275018713259,-0.5328075867231244,-9.900788619915312,0.05,0.15,0.15,6.092491684283664,22.525051500000018,-0.19644136065476347
2095.24,0.0,6.1000000000000005,22.28320368000028,22.19717568000061,22.7560751999992,22.83700144000008,-6.6000000000000005,0.06,0.06,0.06,0.0479270650458891,0.8929878441743149,-6.017255272339388,-0.8160330578515491,-0.3906336088176136,-9.927107438015662,0.05,0.15,0.1537426273457869,6.083344910976458,22.51836400000004,-0.23229609075807064
2095.25,0.0,6.1000000000000005,22.26709297405193,22.224040958083283,22.619193453095573,22.792597524950523,-6.6000000000000005,0.06,0.06,0.06,0.0505937909731291,0.8934322984955215,-6.007921731594048,-0.7409015777615099,0.1402955171519972,-10.137475582267772,0.05,0.15,0.16,6.07419990917652,22.475731227545328,-0.23043656746313845
2095.26,0.0,6.1000000000000005,22.261753652694622,22.2977235928142,22.383195449102367,22.73600071856301,-6.6000000000000005,0.06,0.06,0.06,0.0532605169003842,0.8938767528167307,-5.998588190848655,-0.7141573033707131,0.421086142322337,-10.347640449437996,0.05,0.15,0.16,6.065056686897132,22.41966835329355,-0.2188468764376943
2095.27,0.0,6.1000000000000005,22.281212059044226,22.16920980235216,22.40721506629949,22.68316745058804,-6.556289999999814,0.06,0.06,0.06,0.0559272428276242,0.8943212071379374,-5.989254650103315,-0.789063670411935,0.1763920099876788,-10.557378277153418,0.05,0.15,0.16,6.0559152521985595,22.38520109457098,-0.18681629041242406
2095.28,0.0,6.1000000000000005,22.310123742807075,21.963615606705226,22.530357423067183,22.631768901676303,-6.496289999999815,0.06,0.06,0.06,0.0585939687548642,0.894765661459144,-5.979921109357975,-0.7919399249063528,0.021214017521851,-10.579849812265882,0.05,0.15,0.16,6.046775613188072,22.358966418563945,-0.16824541065213103
2095.29,0.0,6.1000000000000005,22.223988214552133,22.029781753165665,22.475485776012256,22.52744361559508,-6.523655430711687,0.06,0.06,0.06,0.0612606946821042,0.8952101157803507,-5.970587568612635,-0.6417521902384917,0.0562578222776852,-10.204380475596231,0.05,0.15,0.16,6.0376377780204855,22.31417483983128,-0.17827640670497374
2095.3,0.0,6.1000000000000005,22.094323451701744,22.19877107524117,22.35326079463689,22.403092982369703,-6.583580524344495,0.06,0.06,0.06,0.0639274206093441,0.8956545701015574,-5.961254027867295,-0.5464435564434192,-0.0327622377598367,-9.854957542459568,0.05,0.15,0.1561172161172536,6.0285017548984445,22.262362075987372,-0.1898944490923999
2095.31,0.0,6.1000000000000005,22.08813283391959,22.141724645551545,22.35278774928741,22.37289772414944,-6.6000000000000005,0.06,0.06,0.06,0.0665941465365841,0.896099024422764,-5.951920487121956,-0.5664235764234329,-0.3824125874100751,-9.560252247754365,0.05,0.15,0.15,6.019367552072762,22.238885738226994,-0.2048465190510307
2095.32,0.0,6.1000000000000005,22.13188681414413,21.99324802413384,22.401562678062312,22.38078778615714,-6.6000000000000005,0.06,0.06,0.06,0.0692608724638241,0.8965434787439707,-5.942586946376616,-0.5960410410406757,-0.5718768768779728,-9.3006481481495,0.05,0.15,0.15,6.010235177842755,22.226871325624355,-0.23437959425947047
2095.33,0.0,6.1000000000000005,22.175640794368924,21.84477140271529,22.45033760683749,22.38867784816489,-6.6000000000000005,0.06,0.06,0.06,0.0719275983910792,0.8969879330651799,-5.933253405631223,-0.6460910910910262,-0.4217267267269213,-9.115462962963203,0.05,0.15,0.15,6.001104640556551,22.21485691302165,-0.29482622038114753
2095.34,0.0,6.1000000000000005,22.14613434009538,21.867709782118386,22.371438342099143,22.415026706736665,-6.6000000000000005,0.06,0.06,0.06,0.0745943243183192,0.8974323873863865,-5.923919864885883,-0.704819624819479,-0.2672582972586071,-9.061356421356002,0.05,0.15,0.15,5.991975948611619,22.200077292762394,-0.33879901937478074
2095.3500000000004,0.0,6.1000000000000005,22.08932492361663,21.95453172051043,22.24495699975024,22.44825485599782,-6.6000000000000005,0.06,0.06,0.06,0.0772610502455592,0.8978768417075932,-5.914586324140543,-0.7817797017793615,-0.1037181337188567,-9.282616642615665,0.05,0.15,0.15,5.982849110454834,22.18426712496878,-0.34816401099144667
2095.36,0.0,6.1000000000000005,22.035132835821152,21.94272955223904,22.27418680596973,22.42208955223904,-6.6000000000000005,0.06,0.06,0.06,0.0799277761727992,0.8983212960287998,-5.905252783395203,-0.8729653735997385,0.0377505857844745,-9.489304868522764,0.05,0.15,0.15,5.973724134583014,22.16853468656724,-0.362216475068432
2095.37,0.0,6.1000000000000005,21.981899004975315,21.894819104477783,22.36042561193999,22.374179104477783,-6.6000000000000005,0.06,0.06,0.06,0.0825945021000392,0.8987657503500066,-5.895919242649863,-1.008346784690481,0.1106482686794896,-9.650721166361729,0.05,0.15,0.15,5.964601029543242,22.152830706467718,-0.3908318669333155
2095.38,0.0,6.1000000000000005,21.938565954579648,21.87533047666587,22.253297629149746,22.36086,-6.578315421144764,0.06,0.06,0.06,0.0852612280272792,0.8992102046712133,-5.886585701904523,-1.080644194757029,0.16,-9.732579275905792,0.05,0.15,0.15,5.955479803933209,22.107013515098817,-0.4078542410066877
2095.3900000000003,0.0,6.1000000000000005,21.899045116046903,21.86678543049663,22.07171539805336,22.36086,-6.548322919270128,0.06,0.06,0.06,0.0879279539545343,0.8996546589924224,-5.87725216115913,-1.0207191011237111,0.16,-9.647685393258593,0.05,0.15,0.15,5.946360466401534,22.049601486149225,-0.4005779369216851
2095.4,0.0,6.1000000000000005,21.806305307962027,21.8020140560842,22.09990484226331,22.326212253380103,-6.561675000000036,0.06,0.06,0.06,0.0902548571428569,0.8993628571428578,-5.868470857142858,-0.9334693366711024,0.1295143929914118,-9.581977471839846,0.05,0.15,0.15,5.93767207659543,22.00860911492241,-0.37805188786805166
2095.4100000000003,0.0,6.1000000000000005,21.692714922383768,21.715213855783823,22.210280405608223,22.2779899198799,-6.591675000000036,0.06,0.06,0.06,0.0913977142857132,0.8965057142857168,-5.8616137142857205,-0.7882878598250902,0.0343954943681625,-9.556946182728463,0.05,0.15,0.15,5.93047986030018,21.974049775913926,-0.3231944762362753
2095.42,0.0,6.1000000000000005,21.68889999999985,21.718859999999854,22.213200000000143,22.19810111111146,-6.6000000000000005,0.06,0.06,0.06,0.0925405714285697,0.8936485714285758,-5.854756571428582,-0.6916129837702715,-0.0429038701621709,-9.533548064918916,0.05,0.15,0.1538900523559651,5.923288447920025,21.954765277777827,-0.2862323161272706
2095.4300000000003,0.0,6.1000000000000005,21.727458558558315,21.75741855855832,22.174641441441683,22.10598899899958,-6.6000000000000005,0.06,0.06,0.06,0.0936834285714261,0.8907914285714348,-5.847899428571443,-0.6966067415730054,-0.0828539325840425,-9.51357303370798,0.05,0.15,0.16,5.9160978423866055,21.941376889389474,-0.28677815998435446
2095.44,0.0,6.1000000000000005,21.74043722125216,21.710149468696,22.1292216812176,22.12145757545483,-6.491706220335525,0.06,0.06,0.06,0.0948262857142825,0.8879342857142938,-5.841042285714305,-0.70641802252801,-0.0586558197759201,-9.562575719648098,0.05,0.15,0.16,5.908908046645498,21.92531648665515,-0.2851731895514654
2095.4500000000003,0.0,6.080169915042436,21.74364001496632,21.63007962584196,22.081179775505177,22.178040264405013,-6.341818636023048,0.06,0.06,0.06,0.0959691428571453,0.8850771428571366,-5.834185142857128,-0.726443053817229,0.1015444305378314,-9.757819774717982,0.05,0.15,0.16,5.901719063656261,21.908234920179616,-0.27900822439128353
2095.46,0.0,6.060179910044956,21.684502241120747,21.626822871435657,22.01379995998016,22.153145112556405,-6.235191011235998,0.06,0.06,0.06,0.0971120000000018,0.8822199999999956,-5.827327999999989,-0.7045143570539291,0.1906441947566886,-9.940002496878556,0.05,0.15,0.16,5.894530896392678,21.86956754627324,-0.2533377671943654
2095.4700000000003,0.0,6.040189905047474,21.60100049024541,21.653586253126463,21.938862491245885,22.096406743371887,-6.145303370786532,0.06,0.06,0.06,0.0982548571428582,0.8793628571428546,-5.820470857142851,-0.5946516853934704,0.1307191011237111,-10.094808988763749,0.05,0.15,0.16,5.887343547842596,21.82246399449741,-0.1867842817960994
2095.48,0.0,6.0201999000499935,21.624567452547183,21.635682197802343,21.870932547452814,22.035111808192067,-5.947560000000019,0.06,0.06,0.06,0.0993977142857146,0.8765057142857136,-5.8136137142857125,-0.5248135168960791,0.0434693366712347,-10.21764956195229,0.05,0.15,0.16,5.880157021008168,21.7915735014986,-0.1356681743636906
2095.49,0.0,6.000209895052512,21.68977224775196,21.60040747252763,21.80572775224804,21.97204487512516,-5.707560000000019,0.06,0.06,0.06,0.100540571428571,0.8736485714285726,-5.806756571428574,-0.5398322903628653,-0.1017121401743642,-10.272718397997174,0.05,0.15,0.16,5.872971318905899,21.766988086913198,-0.11728123488099242
2095.5,0.0,5.980219890055031,21.68280742000016,21.570485240000124,21.81269257999984,21.928139160000164,-5.553780000000255,0.06,0.06,0.06,0.1016834285714274,0.8707914285714315,-5.799899428571436,-0.5564535464533841,-0.2419480519469962,-10.284185814186465,0.05,0.15,0.16,5.865786444566729,21.748531100000072,-0.10654527804267533
2095.51,0.0,5.960229885057437,21.64749741999996,21.54266523999997,21.84800258000004,21.89175915999996,-5.4337799999999135,0.06,0.06,0.06,0.1028262857142903,0.8679342857142742,-5.793042285714258,-0.5764335664335112,-0.371818181817823,-10.204265734265956,0.05,0.15,0.16,5.858602401036071,21.732481099999983,-0.11184559132957705
2095.52,0.0,5.940239880059956,21.622190149850173,21.547867372627355,21.725183796204,21.945969370629275,-5.119925037480938,0.06,0.06,0.06,0.1039691428571467,0.8650771428571332,-5.78618514285712,-0.6606906906900573,-0.468033033032961,-10.154819819819776,0.05,0.15,0.1562240000000049,5.85141919137407,21.7103026723277,-0.13761910378116438
2095.53,0.0,5.920249875062474,21.600811528471617,21.566039200799125,21.540258721279503,22.0357595804192,-4.730119940029171,0.06,0.06,0.06,0.105112000000003,0.8622199999999922,-5.779327999999982,-0.8809109109103477,-0.4930580580579941,-10.169834834834797,0.05,0.15,0.15,5.844236818655433,21.68571725774236,-0.20669885371883193
2095.54,0.0,5.9002598700649935,21.494302952214785,21.462329306980912,21.71928189642088,21.93935549161948,-4.383224999999866,0.06,0.06,0.06,0.1062548571428595,0.8593628571428512,-5.772470857142843,-1.0364519350810857,-0.3083770287160786,-10.142901373283758,0.05,0.15,0.15,5.837055285969682,21.653817411809015,-0.28221247600229205
2095.55,0.0,5.890127531882991,21.354027745809848,21.31027526645037,22.042664433323857,21.76909779834936,-4.053225000000804,0.06,0.06,0.06,0.1073977142857159,0.8565057142857102,-5.7656137142857045,-1.0564269662920214,0.3158426966256652,-10.02804494382088,0.05,0.15,0.15,5.8298745964212015,21.61901631098336,-0.371211335369801
2095.56,0.0,5.88012503125784,21.35483669565194,21.32072695652143,21.873851826088465,21.75304417391286,-3.723343328336602,0.06,0.06,0.06,0.1085405714285722,0.8536485714285692,-5.758756571428567,-1.063580370555988,0.6404957436178149,-9.913087130696931,0.05,0.15,0.15,5.822694753129326,21.575614913043673,-0.42476975153853386
2095.57,0.0,5.87012253063269,21.411194459627023,21.39516173913003,21.511248099380847,21.79770504347801,-3.393508245877416,0.06,0.06,0.06,0.1096834285714287,0.8507914285714282,-5.751899428571428,-1.0435503254884055,0.3300300450702866,-9.797914371558331,0.05,0.15,0.15,5.81551575922842,21.52882733540398,-0.4031900049790685
2095.58,0.0,5.860120030007484,21.364104162896098,21.351128597285246,21.518816802412964,21.760059034690936,-2.440414896271871,0.06,0.06,0.06,0.1121690542263705,0.8481924548113579,-5.744938873471802,-0.9702272159806722,-0.0415480649171021,-9.721615480649172,0.05,0.15,0.15,5.808298804043436,21.498527149321312,-0.3514755871137902
2095.59,0.0,5.8501175293823335,21.27372708898984,21.25752377073948,21.681280351934927,21.68797255907523,-1.2407148212932682,0.06,0.06,0.06,0.1151691292282428,0.8456923923097976,-5.737938698467434,-0.7854581772789916,-0.5409238451919147,-9.72660923845192,0.05,0.15,0.15,5.801068872036256,21.47512594268487,-0.23674384269953166
2095.6000000000004,0.0,5.840115028757184,21.258753599202336,21.18205497507504,21.61819252243328,21.62014263210394,-0.7067283179207998,0.06,0.06,0.06,0.1181692042301151,0.8431923298082374,-5.730938523463065,-0.6407207207208935,-0.7418318318330699,-9.710720720720891,0.05,0.15,0.1537291778613411,5.793841007966032,21.41978593220365,-0.16965155369053944
2095.61,0.0,5.830112528132034,21.273688793619115,21.113779800598333,21.465640179461904,21.55400105682964,-0.4367958010506142,0.06,0.06,0.06,0.1211692792319874,0.8406922673066771,-5.723938348458696,-0.5806606606608143,-0.3114014014025023,-9.650660660660812,0.05,0.15,0.16,5.786615219581729,21.35177745762725,-0.20332932767412548
2095.62,0.0,5.820110027506884,21.239939799498952,21.116828120300628,21.479281904761592,21.57746982456117,0.0263699999979066,0.06,0.06,0.06,0.1241693542338597,0.8381922048051169,-5.716938173454327,-0.5157992007994527,0.0235614385609851,-9.60031968031978,0.05,0.15,0.16,5.779391514668842,21.353379912280587,-0.22399675780390269
2095.63,0.0,5.810107526881734,21.186305714286107,21.149008571428336,21.56080571428512,21.63753999999956,0.5663699999979067,0.06,0.06,0.06,0.127169429235732,0.8356921423035566,-5.709937998449958,-0.4408741258746143,0.1584265734256942,-9.570349650349844,0.05,0.15,0.16,5.772169901049584,21.383414999999783,-0.2173948294534241
2095.6400000000003,0.0,5.800105026256527,21.16643084728819,21.19259864533856,21.564918530367464,21.66154372906772,0.8272981754564748,0.06,0.06,0.06,0.1301695042376214,0.8331920798019822,-5.70293782344555,-0.4221401752187155,0.1535794743438535,-9.490540675845375,0.05,0.15,0.16,5.764950386583053,21.39637293801548,-0.2226777618311629
2095.65,0.0,5.800000000000001,21.160012451887035,21.24073661084721,21.53817521619599,21.67117132216944,0.9772606848292262,0.06,0.06,0.06,0.1331695792394936,0.830692017300422,-5.695937648441181,-0.522265331664241,-0.1467959949927233,-9.305309136421156,0.05,0.15,0.16,5.757732979165595,21.40252390027492,-0.2531003217310435
2095.6600000000003,0.0,5.800000000000001,21.15818,21.20940741943555,21.48546741943555,21.631139245565947,1.0842857142857871,0.06,0.06,0.06,0.1361696542413659,0.8281919547988617,-5.6889374734368126,-0.6239250936325914,-0.2692259675414489,-9.181615480649173,0.05,0.15,0.16,5.7505176867307695,21.371048521109262,-0.29322859188571815
2095.67,0.0,5.800000000000001,21.15818,21.1463247314516,21.4223847314516,21.57126415188626,1.174195804195593,0.06,0.06,0.06,0.1391697292432382,0.8256918922973014,-5.6819372984324445,-0.7287940074903021,-0.0195380774040426,-9.186609238451918,0.05,0.15,0.16,5.74330451724971,21.324538403697368,-0.35365334731852566
2095.6800000000003,0.0,5.800000000000001,21.111514158937347,21.09226435196812,21.3293086487846,21.54719487590879,1.2427906976741965,0.06,0.06,0.06,0.1421698042451105,0.8231918297957412,-5.674937123428076,-0.8080350438046789,0.2078523153936878,-9.218926157696844,0.05,0.15,0.16,5.736093478731294,21.270070508899714,-0.3990181310161053
2095.69,0.0,5.800000000000001,21.046064171471897,21.0418356731013,21.2241594885942,21.5375383203811,1.3028057014250964,0.06,0.06,0.06,0.1451698792469828,0.8206917672941809,-5.667936948423707,-0.8330663329160602,0.3880775969956339,-9.309038798497818,0.05,0.15,0.16,5.728884579222352,21.212399413387125,-0.41252708665026067
2095.7000000000003,0.0,5.800000000000001,21.049139385767795,21.02533649438202,21.1108659625468,21.52867731835206,1.2986217228464003,0.06,0.06,0.06,0.1481699542488722,0.8181917047926065,-5.660936773419298,-0.8370761548064414,0.3516828963789074,-9.37,0.05,0.15,0.1562054284193861,5.721677826807835,21.178504790262167,-0.40086342553236104
2095.71,0.0,5.800000000000001,21.07906198252186,21.022130501872656,20.9943815680399,21.520128004993754,1.2686591760299115,0.06,0.06,0.06,0.1511700292507445,0.8156916422910463,-5.65393659841493,-0.7971260923845698,-0.1377053682890198,-9.37,0.05,0.15,0.15,5.714473229611188,21.15392551435704,-0.3365590372655259
2095.7200000000003,0.0,5.800000000000001,21.082979312406582,20.9784669157948,21.0933764922768,21.449753134031013,1.2386753311672014,0.06,0.06,0.06,0.1541701042526168,0.813191579789486,-5.646936423410561,-0.7860741111665858,-0.5342964446663432,-9.492163244866052,0.05,0.15,0.15,5.707270795794312,21.151143963627298,-0.2731205642465594
2095.73,0.0,5.800000000000001,21.0765817040359,20.91875590433505,21.27784086696492,21.354855276532497,1.2086828292927363,0.06,0.06,0.06,0.1571701792544891,0.8106915172879258,-5.639936248406192,-0.8361492238355419,-0.7345968953421679,-9.87273410115012,0.05,0.15,0.15,5.700070533557949,21.157008437967093,-0.2115137312690603
2095.74,0.0,5.800000000000001,21.03678850000024,20.903655889999985,21.249587960000525,21.33103314999997,1.2639130434781052,0.06,0.06,0.06,0.1601702542563614,0.8081914547863656,-5.632936073401823,-0.8586769845234067,-0.7567698452340669,-10.160733899150754,0.05,0.15,0.15,5.692872451141849,21.13026637500018,-0.173187876421025
2095.75,0.0,5.785261240580898,20.98328850000024,20.906865889999985,21.134027960000523,21.33638314999997,1.3538680659669744,0.06,0.06,0.06,0.1631703292582337,0.8056913922848052,-5.625935898397455,-0.8237294058914211,-0.4072940589142102,-10.25559161258043,0.05,0.15,0.15,5.685676556824988,21.09014137500018,-0.1834359142145542
2095.76,0.0,5.770290433654339,20.908576431784105,20.93358052973513,21.186840599700155,21.270455672163912,1.4012743628187243,0.06,0.06,0.06,0.166170404260123,0.8031913297832308,-5.618935723393046,-0.7839299123906422,-0.0848285356704039,-10.33928410513123,0.05,0.15,0.15,5.678482858925742,21.074863308345826,-0.1909356873517888
2095.77,0.0,5.755319626727865,20.825158140929663,20.96994234882553,21.30875964017972,21.17527326336846,1.431259370314929,0.06,0.06,0.06,0.1691704792619953,0.8006912672816706,-5.6119355483886775,-0.7338673341678795,0.1805031289102388,-10.399359198998544,0.05,0.15,0.15,5.67129136580227,21.069783348325842,-0.19262215300706725
2095.78,0.0,5.740348819801392,20.811408492123,20.94418802700688,21.27010055513904,21.17248573143277,1.44,0.06,0.06,0.06,0.1663824095602205,0.800361759043978,-5.6049353733843095,-0.7113111888110593,0.2598151848163327,-10.444847652347596,0.05,0.15,0.1537965921192566,5.664235393357672,21.049545701425423,-0.186410349355366
2095.79,0.0,5.725378012874919,20.82639223805947,20.892815183796102,21.16521433358372,21.207804561140176,1.44,0.06,0.06,0.06,0.1613822845571,0.8008617715442901,-5.597935198379941,-0.746276223776083,-0.0498751248738784,-10.459832667332607,0.05,0.15,0.16,5.657234510266566,21.023056579144868,-0.16368176305680204
2095.8,0.0,5.710407205948445,20.8071765127949,20.84360590567001,21.130836211741112,21.182344390366456,1.482490622655517,0.06,0.06,0.06,0.1563821595539795,0.8013617840446021,-5.590935023375572,-0.7442478097625504,-0.2857521902374495,-10.378257822279089,0.05,0.15,0.16,5.650238094484295,20.99099075514312,-0.1508186537453528
2095.81,0.0,5.695436399021972,20.77389001003525,20.795286788760844,21.12546742097343,21.13187775715021,1.542505626406417,0.06,0.06,0.06,0.151382034550859,0.8018617965449142,-5.583934848371203,-0.66414768460613,-0.36585231539387,-10.09290112640934,0.05,0.15,0.16,5.643246162626377,20.956630494229934,-0.15877584345688245
2095.82,0.0,5.680465592095498,20.70639993019812,20.753547861060493,21.06388413827524,21.115993156057844,1.5883305564810126,0.06,0.06,0.06,0.1463819095477385,0.8023618090452261,-5.576934673366834,-0.5873539690468134,-0.3407388916638468,-9.86117823265168,0.05,0.15,0.16,5.636258731380099,20.909956271397924,-0.17066701104555126
2095.83,0.0,5.66549478516894,20.62530968588989,20.71442537477144,20.979948622236904,21.11385920226026,1.628317227590828,0.06,0.06,0.06,0.1413817845445896,0.8028618215455411,-5.569934498362426,-0.5174588117824448,-0.0961058412385565,-9.74135796305562,0.05,0.15,0.16,5.6292758175048,20.858385721289622,-0.19076610778558498
2095.84,0.0,5.650523978242466,20.544219441582133,20.67530288848261,20.89601310619905,21.111725248462687,1.668303898700416,0.06,0.06,0.06,0.1363816595414691,0.8033618340458532,-5.562934323358057,-0.4973191489359082,0.0314317897375414,-9.558758448061049,0.05,0.15,0.16,5.622297437832328,20.80681517118162,-0.22489899980858777
2095.8500000000004,0.0,5.65,20.55146833791548,20.6146804398901,20.924361064733738,21.121688212946747,1.7648787803048889,0.06,0.06,0.06,0.1313815345383486,0.8038618465461652,-5.555934148353688,-0.582425531914605,-0.0887183979970893,-9.24336420525764,0.05,0.15,0.16,5.615323609267135,20.803049513871517,-0.28871708496973497
2095.86,0.0,5.65,20.595327373156568,20.545147823044463,20.99924234441365,21.13666446888273,1.8848487878030893,0.06,0.06,0.06,0.1263814095352281,0.8043618590464773,-5.548933973349319,-0.672317682317312,-0.2152447552442368,-9.063933566433176,0.05,0.15,0.16,5.608354348786735,20.819095502374353,-0.3329027611939491
2095.87,0.0,5.65,20.55755101500028,20.518692360000035,20.975106745000254,21.09041101500028,2.0896375906021,0.06,0.06,0.06,0.1213812845321076,0.8048618715467892,-5.54193379834495,-0.7722177822173801,-0.3551048951043322,-9.16882867132825,0.05,0.15,0.16,5.6013896734419895,20.785440283750212,-0.3360333380486
2095.88,0.0,5.65,20.48586101500028,20.510132360000032,20.909836745000256,21.01872101500028,2.3295776055978203,0.06,0.06,0.06,0.1163811595289871,0.8053618840471013,-5.534933623340582,-0.8593141426780871,-0.3807909887368544,-9.275409261576494,0.05,0.15,0.16,5.594429600357423,20.731137783750214,-0.34648131950240624
2095.8900000000003,0.0,5.65,20.443700778248942,20.515916837116485,20.77678705412825,21.00371406335744,2.484695304695492,0.06,0.06,0.06,0.1113810345258382,0.8058618965474162,-5.5279334483361735,-0.919389236545744,-0.1655219023777507,-9.385546933667198,0.05,0.15,0.16,5.5874741467315,20.68502968321278,-0.37237209728800263
2095.9,0.0,5.65,20.41380803691703,20.52766041406831,20.615579770516835,21.01225484659513,2.604575424575573,0.06,0.06,0.06,0.1063809095227177,0.8063619090477283,-5.520933273331805,-0.95838202247191,-0.0653033707865168,-9.536044943820226,0.05,0.15,0.1562021276595969,5.5805233298371055,20.642325767024325,-0.37311156695886666
2095.9100000000003,0.0,5.65,20.386112106053154,20.472541770885844,20.59684911455708,20.979478759379933,2.8090377405647606,0.06,0.06,0.06,0.1013807845195972,0.8068619215480404,-5.513933098327436,-0.953388264669176,-0.2051285892630674,-9.77075156054872,0.05,0.15,0.15,5.573577167021624,20.608745437719005,-0.32137485056369386
2095.92,0.0,5.65,20.35934872436234,20.38904002001051,20.638599989994745,20.929163601801207,3.048977755560481,0.06,0.06,0.06,0.0963806595164767,0.8073619340483523,-5.506932923323068,-0.9001051314149416,-0.308047559449203,-9.949314142678087,0.05,0.15,0.15,5.566635675707426,20.5790380840422,-0.26575601667268445
2095.9300000000003,0.0,5.65,20.3514,20.414638069999537,20.543433970000983,20.93302524999983,3.2255208593548925,0.06,0.06,0.06,0.0913805345133562,0.8078619465486644,-5.499932748318699,-0.7449111389243769,-0.3330788485605844,-10.009389236545402,0.05,0.15,0.15,5.559698873392139,20.56062432250009,-0.20194428473820414
2095.94,0.0,5.65,20.3514,20.486328069999537,20.390423970000985,20.95977524999983,3.3754084436665166,0.06,0.06,0.06,0.0863804095102357,0.8083619590489765,-5.49293257331433,-0.597932584270401,-0.4131011235943985,-10.096921348313783,0.05,0.15,0.15,5.552766777648981,20.546981822500086,-0.13101798876506224
2095.9500000000003,0.0,5.635780752388541,20.34914337,20.539212819999968,20.45856370999988,20.91130425000006,3.5675618904726325,0.06,0.06,0.06,0.0813802845070868,0.8088619715492914,-5.485932398309921,-0.4680948813985802,-0.6078576779021296,-10.241740324593891,0.05,0.15,0.15,5.545839406127039,20.564556037499976,-0.04524772584624108
2095.96,0.0,5.620852408439511,20.34593337,20.584152819999968,20.62013370999988,20.83105425000006,3.777614403600782,0.06,0.06,0.06,0.0763801595039663,0.8093619840496035,-5.478932223305552,-0.371952440550797,-0.7464380475593624,-10.364142678347608,0.05,0.15,0.1535848017620852,5.538916776551755,20.595318537499978,0.0199730984372216
2095.9700000000003,0.0,5.60592406449048,20.35173637724549,20.52393055888236,20.624578902195683,20.85526534930132,4.050741943541919,0.06,0.06,0.06,0.0713800345008458,0.8098619965499154,-5.471932048301184,-0.3469211514394156,-0.7664630788484675,-10.439236545681752,0.05,0.15,0.16,5.531998906725014,20.588877796906214,0.04182597835355857
2095.98,0.0,5.59099572054145,20.361347155688605,20.41927986027964,20.562642774451213,20.923608662674525,4.350517112165167,0.06,0.06,0.06,0.072011166976867,0.8087932998138798,-5.464770965860145,-0.3882326510226451,-0.7444133799306057,-10.452795806291087,0.05,0.15,0.16,5.52476731811406,20.5667196132735,0.027711993999314385
2095.99,0.0,5.57606737659242,20.340978570353773,20.427549541008062,20.629542031602245,20.80761289691572,4.566206896551407,0.06,0.06,0.06,0.0747890219172792,0.8071265868496326,-5.457548543015074,-0.5679630554162244,-0.6345781328011962,-10.337968047928523,0.05,0.15,0.16,5.517416317839794,20.55142075996995,-0.06144396642731638
2096.0,0.0,5.561139032643389,20.30770041635336,20.484444449460387,20.751919759216683,20.6122379282681,4.746116941529145,0.06,0.06,0.06,0.0775668768576913,0.8054598738853852,-5.450326120170002,-0.7366149223830988,-0.4924887331003397,-10.25839258888334,0.05,0.15,0.16,5.510066882083403,20.539075638324633,-0.14489840432652146
2096.01,0.0,5.546210688694274,20.239195084745933,20.45905288135605,20.742049745762845,20.654046779660728,5.115146213448442,0.06,0.06,0.06,0.0803447317981193,0.8037931609211284,-5.443103697324889,-0.8818327491238972,-0.2821732598895282,-10.253385077616418,0.05,0.15,0.16,5.502719017113555,20.52358612288139,-0.21629261233150437
2096.02,0.0,5.531282344745244,20.155984715852693,20.39931210368912,20.676974970089923,20.79486432701852,5.5650337415654185,0.06,0.06,0.06,0.0831225867385315,0.8021264479568812,-5.435881274479818,-0.9702921348314608,-0.2208988764044944,-10.207932584269663,0.05,0.15,0.16,5.495372729231235,20.506784029162564,-0.25924927075951854
2096.03,0.0,5.5163540007962135,20.09723157815645,20.367110666332724,20.48342813627325,20.816180981964013,5.846816479401033,0.06,0.06,0.06,0.0859004416789437,0.8004597349926338,-5.428658851634746,-0.940329588015057,-0.4705867665411919,-10.07809488139858,0.05,0.15,0.16,5.48802802476968,20.440987840681608,-0.24287326402183795
2096.04,0.0,5.501425656847183,20.048985085170447,20.346739924849743,20.234690661323192,20.786160941883832,6.056554307116455,0.06,0.06,0.06,0.0886782966193559,0.7987930220283865,-5.421436428789675,-0.8974611917880001,-0.6979569354022854,-9.917553830747144,0.05,0.15,0.16,5.48068491009475,20.3541441533068,-0.22913049900206534
2096.05,0.0,5.5,20.00315927218357,20.300923843469743,20.21722701395791,20.7810124675972,6.475813953488035,0.06,0.06,0.06,0.0914561515597681,0.7971263090641392,-5.414214005944602,-0.8273560340514615,-0.8782273410105277,-9.69221582373684,0.05,0.15,0.16,5.473343391605082,20.325580649302104,-0.22094497972299496
2096.06,0.0,5.5,19.958353688933364,20.244383464606383,20.297236984047565,20.78634646560317,6.985941485369234,0.06,0.06,0.06,0.0942340065001802,0.7954595960998919,-5.406991583099531,-0.7605591612584617,-1.0113404892658977,-9.52217923115359,0.05,0.15,0.16,5.466003475732306,20.32158015079762,-0.21040478988138428
2096.07,0.0,5.5,19.923928988764214,20.21460831460685,20.24019213483212,20.811067191011045,7.370397599397994,0.06,0.06,0.06,0.0970118614405924,0.7937928831356446,-5.39976916025446,-0.7006490264606019,-1.0462880678979822,-9.467261607588885,0.05,0.15,0.16,5.458665168941224,20.297449157303557,-0.1949629668655359
2096.08,0.0,5.5,19.894006392010063,20.1964410237204,20.12370774032489,20.84419578027457,7.700480120029819,0.06,0.06,0.06,0.0997897163810204,0.7921261701713878,-5.392546737409346,-0.6712694041061992,-1.0329719579367742,-9.376872809213632,0.05,0.15,0.16,5.451328477729991,20.264587734082482,-0.2001606852367666
2096.09,0.0,5.5,19.816922910355427,20.18868400794637,20.106646600446897,20.81736679910621,8.257919046436047,0.06,0.06,0.06,0.1025675713214326,0.7904594572071405,-5.385324314564275,-0.7063219829744686,-0.9177991987981748,-9.211624937406077,0.05,0.15,0.16,5.443993408630485,20.232405079463724,-0.24891650261617254
2096.1000000000004,0.0,5.5,19.719142925254857,20.185495530171355,20.13321724857205,20.7642255028559,8.913493916066033,0.06,0.06,0.06,0.1053454262618448,0.7887927442428931,-5.378101891719203,-0.731620474406985,-0.8367590511860301,-9.137270911360654,0.05,0.15,0.1560930962343484,5.436659968208256,20.20052030171354,-0.27709172115698877
2096.11,0.0,5.5,19.665332308849475,20.22542808723966,20.078795437453383,20.742912704938608,9.387216804200571,0.06,0.06,0.06,0.1081232812022569,0.7871260312786459,-5.370879468874132,-0.7366142322097189,-0.8267715355805623,-9.252127340823534,0.05,0.15,0.15,5.4293281630629115,20.17811713462028,-0.26242504596746463
2096.12,0.0,5.5,19.632070839809657,20.285513321634166,19.98652168463325,20.73647500125348,9.77731432858142,0.06,0.06,0.06,0.1109011361426691,0.7854593183143985,-5.36365704602906,-0.7722403003749083,-0.9134968710872342,-9.328387984981257,0.05,0.15,0.15,5.421997999828276,20.16014521183264,-0.2538297850974691
2096.13,0.0,5.5,19.65703275187937,20.29989840601508,19.9141609924816,20.66887302255699,10.393436640837216,0.06,0.06,0.06,0.1136789910830813,0.7837926053501512,-5.356434623183988,-0.872365456820434,-1.2038598247792585,-9.323381727158978,0.05,0.15,0.15,5.414669485172611,20.134991293233263,-0.25801843388196033
2096.1400000000003,0.0,5.5,19.708521473684147,20.293462315789483,19.8508727719299,20.573404350877308,11.113256685828471,0.06,0.06,0.06,0.1164568460235093,0.7821258923858945,-5.349212200338876,-0.8962471910114064,-1.437270911360654,-9.360511860174624,0.05,0.15,0.153808510638286,5.407342625798781,20.10656522807021,-0.23614823513133854
2096.15,0.0,5.486274753706868,19.69115157816018,20.23831452505629,19.796674759411744,20.51520203440549,11.504441110277275,0.06,0.06,0.06,0.1192347009639215,0.7804591794216471,-5.341989777493804,-0.7614157303375897,-1.552127340823535,-9.485355805242971,0.05,0.15,0.16,5.400017428444632,20.060335724258426,-0.1600322690154539
2096.1600000000003,0.0,5.471347895313008,19.643133627524502,20.16148580403921,19.746522677636705,20.4735864771879,11.744501125280877,0.06,0.06,0.06,0.1160481818181748,0.7842811363636439,-5.334401590909081,-0.6474317897375642,-1.5639073842314382,-9.58450813516871,0.05,0.15,0.16,5.392995866348545,20.006182146597077,-0.10552370250153484
2096.17,0.0,5.456421036919149,19.574846019124628,20.169931877201616,19.633204368395152,20.497508042274564,12.19016999999889,0.06,0.06,0.06,0.1105936363636336,0.7901902272727303,-5.326674318181814,-0.5773441802256963,-1.3586508135181106,-9.629564455569197,0.05,0.15,0.16,5.3861016365882985,19.96887257674899,-0.09651146185874136
2096.1800000000003,0.0,5.441494178525289,19.49730198288905,20.21731989934558,19.491040301963253,20.55135806743816,12.730169999998887,0.06,0.06,0.06,0.1051390909090924,0.7960993181818166,-5.318947045454547,-0.5575480649183399,-1.2831985018714855,-9.7685717852664,0.05,0.15,0.16,5.379221693256042,19.93925506290901,-0.07667216104710145
2096.19,0.0,5.42656732013143,19.44421034825889,20.26283913432816,19.571202313432064,20.6025428407958,13.229039999999012,0.06,0.06,0.06,0.0996845454545512,0.8020084090909029,-5.311219772727281,-0.642441947565058,-1.4779550561786623,-10.103153558050522,0.05,0.15,0.16,5.372356091238204,19.97019865920373,-0.034294557787818196
2096.2000000000003,0.0,5.411640461737486,19.401623283582104,20.307555552238792,19.74687395522383,20.652582641791028,13.70904000000174,0.06,0.06,0.06,0.0942299999999789,0.8079175000000228,-5.30349249999997,-0.6838838838839155,-1.5971071071071326,-10.370290290290212,0.05,0.15,0.16,5.365504885587396,20.02715885820894,0.0046063948586854
2096.21,0.0,5.396713603343627,19.37841521052633,20.287417754386023,19.755194122807097,20.670338842105256,14.065650000000504,0.06,0.06,0.06,0.0887754545454377,0.8138265909091091,-5.295765227272703,-0.6338338338339919,-1.5570670670671936,-10.49541541541502,0.05,0.15,0.16,5.35866813152216,20.022841482456176,0.03618694652474143
2096.2200000000003,0.0,5.381786744949767,19.363934007518825,20.238074395990065,19.68815151629085,20.67355688721804,14.36564999999965,0.06,0.06,0.06,0.0833209090908965,0.8197356818181954,-5.288037954545437,-0.6889665501734856,-1.5122066899653028,-10.570294558162892,0.05,0.15,0.16,5.351845884426304,19.990929201754447,0.024339655247502964
2096.23,0.0,5.366859886555908,19.34945280451132,20.188731037594103,19.6211089097746,20.67677493233082,14.871299999998763,0.06,0.06,0.06,0.0778663636363553,0.8256447727272818,-5.28031068181817,-0.9635546679970096,-1.457289066400598,-10.540339490763962,0.05,0.15,0.16,5.345038199848613,19.95901692105271,-0.07811634538257416
2096.24,0.0,5.351933028162048,19.334971601503803,20.139387679198148,19.554066303258352,20.6799929774436,15.471299999998768,0.06,0.06,0.06,0.072411818181814,0.8315538636363681,-5.272583409090903,-1.1371374906087048,-1.5148610067608033,-10.542509391434766,0.05,0.15,0.16,5.338245133502359,19.927104640350976,-0.13009395271961946
2096.25,0.0,5.3500000000000005,19.278565802285424,20.103738320914168,19.48558395926504,20.58726244411376,15.865701425355592,0.06,0.06,0.06,0.0669572727272728,0.8374629545454544,-5.264856136363637,-1.097067367894017,-1.8103781617816248,-10.61263210618547,0.05,0.15,0.16,5.33146674126482,19.8637876316446,-0.07529639168770196
2096.26,0.0,5.3500000000000005,19.204149508196625,20.07397180327865,19.41648311475401,20.453313114753925,16.1657764441118,0.06,0.06,0.06,0.0615027272727006,0.8433720454545743,-5.257128863636326,-1.0343495630462298,-2.024584269662906,-10.617867665418272,0.05,0.15,0.16,5.324703079176752,19.7869793852458,-0.031168243956341185
2096.27,0.0,5.3500000000000005,19.12507743384924,20.03823562656017,19.31487342486273,20.425989096355465,16.733340000001633,0.06,0.06,0.06,0.0560481818181593,0.8492811363636606,-5.249401590909059,-0.9244868913857712,-2.069528089887639,-10.48802996254682,0.05,0.15,0.16,5.317954203442038,19.7260438954069,-0.00925023084702041
2096.28,0.0,5.3500000000000005,19.04387923115344,19.99977332002005,19.19841810783849,20.447357044433303,17.423340000001634,0.06,0.06,0.06,0.0505936363636181,0.855190227272747,-5.241674318181793,-0.8129143715573501,-1.9581071607411653,-10.343565348022056,0.05,0.15,0.1562046908315725,5.31122017042693,19.672356925861322,-0.005231008409651169
2096.29,0.0,5.3500000000000005,18.946292527583168,19.95459044633921,19.21290819458345,20.418909809428488,17.907272727272805,0.06,0.06,0.06,0.0451390909090769,0.8610993181818334,-5.233947045454525,-0.6977416124187509,-1.517446169254351,-10.168302453680708,0.05,0.15,0.15,5.304501036659666,19.633175244483578,-0.03889930173493198
2096.3,0.0,5.3500000000000005,18.841117001003628,19.90629556168534,19.288033570711697,20.367395265797693,18.296883116881965,0.06,0.06,0.06,0.0396845454545357,0.8670084090909197,-5.226219772727259,-0.6248689138576401,-1.2605742821470003,-9.95749063670484,0.05,0.15,0.15,5.297796858829872,19.600710349799588,-0.07304165700077048
2096.31,0.0,5.3500000000000005,18.80036885842481,19.911895633100485,19.22897746759806,20.441873673977128,18.994703675915293,0.06,0.06,0.06,0.0342299999999944,0.872917500000006,-5.218492499999992,-0.639850187265842,-1.3854182272153492,-9.672846441949003,0.05,0.15,0.15,5.291107693787987,19.595778908275122,-0.10816860245085262
2096.32,0.0,5.3500000000000005,18.78863406281166,19.941766021933955,19.109495912264176,20.573090024924163,19.83491372842789,0.06,0.06,0.06,0.0287754545454532,0.8788265909090923,-5.210765227272725,-0.6968210262818568,-1.6685857321609792,-9.433178973718144,0.05,0.15,0.1537919999999317,5.28443359854467,19.60324650548349,-0.13412669714737774
2096.33,0.0,5.3500000000000005,18.759061904603165,19.95951410607068,19.047285570380343,20.53997304536385,20.319003499417008,0.06,0.06,0.06,0.023320909090881,0.8847356818182123,-5.203037954545414,-0.8420025031286943,-2.284355444304462,-9.287997496871306,0.05,0.15,0.16,5.277774630270157,19.57645865660451,-0.1408230976246332
2096.34,0.0,5.3500000000000005,18.721230016677872,19.971648862575023,19.01159511007347,20.430760236824803,20.63895017497121,0.06,0.06,0.06,0.0178663636363398,0.8906447727272986,-5.195310681818148,-0.9337469937470252,-2.665608465608639,-9.232207792207578,0.05,0.15,0.16,5.271130846293781,19.533808556537792,-0.14043177189008646
2096.3500000000004,0.0,5.336988384266445,18.68339812875258,19.98378361907936,18.975904649766587,20.32154742828576,20.95889685052542,0.06,0.06,0.06,0.0124118181817985,0.8965538636363849,-5.187583409090881,-0.914506974507002,-2.559788359788511,-9.362077922077736,0.05,0.15,0.16,5.264502304103103,19.49115845647107,-0.12531978402330002
2096.36,0.0,5.322032504112905,18.627145516728785,20.04649693680276,18.90578306319724,20.293016981412617,21.90131999999973,0.06,0.06,0.06,0.0069572727272573,0.9024629545454712,-5.179856136363615,-0.8948776678813547,-2.4057261842796422,-9.452316501822033,0.05,0.15,0.16,5.257889061343396,19.46811062453535,-0.12109123624405943
2096.37,0.0,5.307076623959366,18.56244167534097,20.132415152416087,18.81986484758391,20.301502731102826,23.13131999999624,0.06,0.06,0.06,0.0015027272727161,0.9083720454545576,-5.172128863636348,-0.8740551795940706,-2.103800104114024,-9.421082769391106,0.05,0.15,0.16,5.251291175816932,19.45405610161095,-0.15022087474964013
2096.38,0.0,5.292120743805826,18.51419944346083,20.10452585378229,18.73058630407324,20.32023168226653,24.01235691076977,0.0596189273119655,0.0596189273119655,0.0596189273119655,0.0022880151586959,0.9244907626717412,-5.15855992420652,-0.8372784019980126,-1.953558052433256,-9.403245942571711,0.05,0.15,0.16,5.240746978905614,19.417385820895724,-0.15619262250514482
2096.3900000000003,0.0,5.277164863652202,18.47413873007841,20.02007353908422,18.639637657475312,20.34405156589932,24.73217695576307,0.0590925838202003,0.0590925838202003,0.0590925838202003,0.005446076109287,0.944491815358818,-5.142769619453564,-0.7673657927591415,-2.118352059924881,-9.413233458177263,0.05,0.15,0.16,5.228783205278198,19.369475373134314,-0.1140672125470932
2096.4,0.0,5.262208983498663,18.445554821829067,19.99180747570396,18.62854268626961,20.359512589085465,25.185667833917663,0.0585662403284381,0.0585662403284381,0.0585662403284381,0.0086041370598601,0.9644928680457808,-5.1269793147007,-0.7054693366708917,-2.30426783479322,-9.400625782227856,0.05,0.15,0.16,5.216918383208096,19.356354393222027,-0.07585699243462653
2096.4100000000003,0.0,5.247253103345123,18.422091078993287,19.98860787440817,18.65307296287065,20.371244460503355,25.51583291645852,0.058039896836676,0.058039896836676,0.058039896836676,0.0117621980104332,0.9844939207327436,-5.111189009947834,-0.6604130162704053,-2.5345556946179286,-9.34055068836054,0.05,0.15,0.16,5.205153189356994,19.358754094193863,-0.045871706028315695
