t_s,ICU_Brakpresr_bar,ICU_Speed_kmh,ICU_Speedfl_kmh,ICU_Speedfr_kmh,ICU_Speedrl_kmh,ICU_Speedrr_kmh,ICU_SteeringAngle_deg,SBG_GPS1_VELOCITY_ACC_D,SBG_GPS1_VELOCITY_ACC_E,SBG_GPS1_VELOCITY_ACC_N,GPS1_VEL_D_ms,GPS1_VEL_E_ms,GPS1_VEL_N_ms,IMU_ACCEL_X_ms2,IMU_ACCEL_Y_ms2,IMU_ACCEL_Z_ms2,SBG_VELOCITY_ACC_D,SBG_VELOCITY_ACC_E,SBG_VELOCITY_ACC_N,GPS1_VEL_MAG_ms,WHEEL_SPEED_kmh,IMU_ACCEL_LONG_ms2
3142.2200000000007,0.0,18.8,68.82547357499992,68.89279208999997,69.46182718500025,69.46841250000024,-1.882949999999855,0.07,0.07,0.07,-0.3975985488034876,-3.208396009209591,18.408342287029942,-0.4123954943688962,-0.516698372967617,-11.305782227784997,0.15,0.28,0.25,18.690076385996328,69.16212633750008,0.12500880527413127
3142.230000000001,0.0,18.8,68.89248393000004,68.95245742999992,69.09649441000018,69.16248131000002,-1.7597901049475737,0.07,0.07,0.07,-0.3845749901160892,-3.172581222819245,18.40322588897418,0.5588185231513203,0.945128911134977,-11.030438047560192,0.15,0.28,0.25,18.678648041521033,69.02597927000004,0.2574853107484426
3142.2400000000007,0.0,18.8,68.84754392999999,69.01451743000001,68.93171440999994,69.14750131,-1.6698350824587045,0.07,0.07,0.07,-0.3715514314286536,-3.1367664364287973,18.3981094909184,1.2836704119845792,1.648322097378994,-10.471865168540704,0.15,0.28,0.25,18.667291902756666,68.98531926999998,0.34325063554663376
3142.250000000001,0.0,18.8,68.84216148739701,69.0388887446968,68.9604414824055,69.25862994759144,-1.62,0.07,0.07,0.07,-0.3585278727412551,-3.100951650038452,18.39299309286264,1.608264669162747,1.1189837702884438,-9.453138576781534,0.15,0.28,0.25,18.656008101560776,69.02503041552268,0.3531256169353523
3142.2600000000007,0.0,18.8,68.88702297978527,69.01538986773153,69.23495109059084,69.52993516346332,-1.62,0.07,0.07,0.07,-0.3455043140538566,-3.065136863648106,18.38787669480688,1.75125907384281,0.968117647057286,-8.662725907385589,0.15,0.28,0.25,18.64479676926907,69.16682477539274,0.2972135889476344
3142.270000000001,0.0,18.8,68.76289471206829,68.817652779169,69.3323683224838,69.69860194291435,-1.6466933266684551,0.07,0.07,0.07,-0.3324807553664211,-3.0293220772576577,18.38276029675109,1.5960650813518042,1.4387058823525938,-8.247206508135475,0.15,0.28,0.25,18.63365803668882,69.15287943915885,0.13327877013249517
3142.2800000000007,0.0,18.8,68.4210519479224,68.39543945918943,69.20163221832769,69.73503659489228,-1.7066783304174704,0.07,0.07,0.07,-0.3194571966790225,-2.993507290867312,18.37764389869533,1.3686863136866767,1.7014535464536251,-7.906263736263968,0.15,0.28,0.25,18.62259203409234,68.93829005508294,-0.021998777664737124
3142.290000000001,0.0,18.8,68.18775020234847,68.09313739695266,69.1952234973766,69.77661012240807,-1.7533250062453276,0.07,0.07,0.07,-0.306433637991624,-2.9576925044769657,18.372527500639567,1.0240309690314418,1.6265284715285744,-7.6864835164838174,0.15,0.28,0.25,18.611598891209997,68.81318030477146,-0.16321110037058645
3142.3000000000006,0.0,18.8,68.09259157132156,67.94344966275301,69.34704962777909,69.82472403697224,-1.7833025231077375,0.07,0.07,0.07,-0.2979240493346037,-2.9412974691658724,18.360139234339368,-0.0267409261590557,1.0923754693358791,-7.762505632040395,0.15,0.28,0.25,18.596631475770586,68.80195372470646,-0.44903278176338857
3142.310000000001,0.0,18.796159231846403,68.10057848113892,67.93535262553058,69.37463226580084,69.6984282188364,-1.7202998500747737,0.07,0.07,0.07,-0.2938213800353942,-2.9438616374778785,18.34065155516812,-2.2345006257797544,-0.1942327909872943,-8.32320650813454,0.15,0.28,0.25,18.577732687604012,68.7772478978267,-0.9718001405802295
3142.3200000000006,0.0,18.776155231046257,68.24064343242534,68.1085627179611,69.24312089932583,69.34880043967111,-1.5403898050975462,0.07,0.07,0.07,-0.2897187107361847,-2.9464258057898847,18.32116387599688,-3.3333499750391047,-1.3042661008467695,-8.984266100846769,0.15,0.28,0.25,18.558836378704036,68.73528187234585,-1.12534627813069
3142.330000000001,0.0,18.75615123024605,68.20464514228667,68.11363584623074,69.1013809985023,69.1855760559161,-1.3736668334164828,0.07,0.07,0.07,-0.2856160414369635,-2.948989974101898,18.30167619682558,-2.634398402396413,-2.1280304543185133,-9.808030454318514,0.15,0.28,0.25,18.539942556651344,68.65130951073395,-0.6802991644206999
3142.3400000000006,0.0,18.736147229445912,67.94181938092883,67.90209316025978,68.94646337493772,69.26250066899644,-1.2235917958976996,0.07,0.07,0.07,-0.2815133721377539,-2.951554142413904,18.282188517654333,-2.061639959940153,-1.6828517776681804,-10.33326740110163,0.15,0.28,0.25,18.521051229056763,68.51321914628069,-0.4547582298293785
3142.350000000001,0.0,18.71614322864577,67.7944548836045,67.77213085356699,68.88714263329153,69.2293214017524,-1.14,0.07,0.07,0.07,-0.2774107028385444,-2.9541183107259097,18.262700838483088,-1.6960916374567727,0.8459414121141071,-10.3683199799699,0.15,0.28,0.25,18.502162403561005,68.42076244305386,-0.5896481811604997
3142.3600000000006,0.0,18.696139227845567,67.79766890112641,67.74856139173964,68.9524943229037,69.05255043804733,-1.14,0.07,0.07,0.07,-0.2733080335393232,-2.956682479037923,18.243213159311782,-1.4433283395755148,2.484299625468209,-10.071845193507928,0.15,0.28,0.25,18.483276087835012,68.38781876345428,-0.7199958066027137
3142.370000000001,0.0,18.67613522704542,67.74813817788134,67.65157727181868,68.96318234510322,68.97223207861428,-1.1135832083957014,0.07,0.07,0.07,-0.2692053642401136,-2.959246647349929,18.22372548014054,-1.3734157303371404,2.6790561797751096,-9.237887640450174,0.15,0.28,0.25,18.46439228958026,68.33378246835439,-0.8429792680536702
3142.380000000001,0.0,18.65613122624528,67.63051659227189,67.45981844437053,68.9033022651566,69.01642928047966,-1.0536131934032924,0.07,0.07,0.07,-0.2651026949409041,-2.961810815661935,18.20423780096929,-1.567171464329357,1.7166007509434973,-8.697231539424383,0.15,0.2708403361344809,0.25,18.44551101652855,68.25251664556967,-0.8897888139810435
3142.390000000001,0.0,18.636127225445133,67.51289500666243,67.26805961692239,68.84342218520996,69.06062648234503,-0.9936431784108832,0.07,0.07,0.07,-0.2610000256416945,-2.964374983973941,18.18475012179805,-2.192953692113892,-1.1419724655762589,-8.637156445557066,0.15,0.26,0.25,18.426632276442422,68.17125082278496,-0.8117856909362264
3142.4000000000005,0.0,18.616123224644934,67.42730894947475,67.18706370685342,68.71885622311157,69.05166422711356,-0.8810589410588803,0.07,0.07,0.07,-0.2568973563424733,-2.966939152285954,18.16526244262675,-2.5114157303370384,-2.5670786516851907,-8.906724094881579,0.15,0.26,0.25,18.40775607711513,68.09622327663833,-0.7297478085161612
3142.4100000000008,0.0,18.6,67.3834170035018,67.25022528764374,68.51010184592324,68.9735151525764,-0.7012387612387576,0.07,0.07,0.07,-0.2527946870432638,-2.96950332059796,18.145774763455503,-2.331640449438361,-1.6682022471918037,-9.710719101122889,0.15,0.26,0.25,18.388882426371055,68.0293148224113,-0.6411686451698506
3142.420000000001,0.0,18.6,67.27768004992552,67.23237198701975,68.39737815776333,68.90334392411397,-0.5344172086044088,0.07,0.07,0.07,-0.2486920177440542,-2.9720674889099663,18.12628708428426,-2.1118498122659672,-0.3112065081398624,-10.327637046307194,0.15,0.26,0.25,18.37001133206552,67.95269352970564,-0.6151004357058416
3142.4300000000007,0.0,18.6,67.0917789016475,67.10950628557163,68.4091305292062,68.84351366949575,-0.3843421710854123,0.07,0.07,0.07,-0.244589348444833,-2.9746316572219795,18.10679940511296,-1.8264931163958145,1.796428035041443,-10.638025031288764,0.15,0.26,0.25,18.351142802085075,67.86348234648027,-0.6914578261395897
3142.440000000001,0.0,18.6,66.96822726181547,67.04394601650412,68.23712418104544,68.71651896474128,-0.2868665667166389,0.07,0.07,0.07,-0.2404866791456235,-2.9771958255339857,18.08731172594172,-1.6366641697878568,2.517033707869167,-10.72902871410806,0.15,0.26,0.25,18.33227684434785,67.74145410602658,-0.6888683419778137
3142.4500000000007,0.0,18.6,66.92648682670672,67.05357842460613,67.8240009002255,68.50139518379618,-0.2568815592203919,0.07,0.07,0.07,-0.2363840098464139,-2.979759993845992,18.06782404677047,-1.6017078651686696,0.9889438202304092,-10.464359550562785,0.15,0.26,0.25,18.313413466803322,67.57636533383362,-0.5582876600764537
3142.460000000001,0.0,18.6,66.85517054418366,67.01740455317018,67.72808220669015,68.32529391912124,-0.24,0.07,0.07,0.07,-0.2322813405471927,-2.982324162158005,18.04833636759917,-1.526873591990224,-0.5576720901099796,-10.005907384231598,0.15,0.264295969077863,0.25,18.294552677432716,67.4814878057913,-0.4417156223526753
3142.4700000000007,0.0,18.6,66.74512561158278,66.92124878681989,68.04753303045389,68.20029142286586,-0.24,0.07,0.07,0.07,-0.2281786712479832,-2.9848883304700107,18.02884868842792,-1.3866983729664883,-2.134643304127008,-9.229937421778777,0.15,0.27,0.25,18.27569448424923,67.4785497129306,-0.3480970622930314
3142.480000000001,0.0,18.6,66.71045207396286,66.814014812594,68.1063748225894,68.03246728635737,-0.24,0.07,0.07,0.07,-0.2240760019487737,-2.987452498782017,18.009361009256676,-1.3342921348312256,-2.599428214735087,-8.679510611735815,0.15,0.27,0.25,18.256838895297918,67.41582724887591,-0.3654688349459311
3142.4900000000007,0.0,18.6,66.77568945527237,66.69209577211392,67.81975813093446,67.80787958020984,-0.24,0.07,0.07,0.07,-0.2199971751412426,-2.989968926553669,17.989850282485865,-1.4241797752808196,-1.2611011235966854,-8.49474157303387,0.15,0.27,0.25,18.23795564544128,67.27385573463265,-0.5627816843578344
3142.500000000001,0.0,18.6,66.71052510255137,66.59813923961983,67.49076653326678,67.75679561780883,-0.2661769115442526,0.07,0.07,0.07,-0.2195625814863104,-2.985188396349415,17.966816818774458,-1.5653817271585684,0.1961326658295025,-8.347744680851209,0.15,0.27,0.25,18.214446576503082,67.1390566233117,-0.7839748570474516
3142.5100000000007,0.0,18.593855361596106,66.47179573786933,66.54140087043531,67.1053738369191,67.93664554277109,-0.3261469265366616,0.07,0.07,0.07,-0.2191279878313782,-2.980407866145161,17.94378335506305,-1.790663329161001,1.8481977471806752,-8.262638297872511,0.15,0.27,0.25,18.19093755739568,67.0138039969987,-1.0442964750033163
3142.520000000001,0.0,18.553955112219462,66.49775621810902,66.64393673836916,67.09146758379185,68.01982613306653,-0.2947076461768043,0.07,0.07,0.07,-0.2186933941764448,-2.975627335940893,17.920749891351576,-2.0157303370787023,2.207018726591368,-8.600549313358535,0.15,0.27,0.25,18.167428588312454,67.06324666833414,-1.1060509321576881
3142.5300000000007,0.0,18.514054862842933,66.87458463231565,66.95760357178547,67.56999684842357,67.97486365182597,-0.1447826086955688,0.07,0.07,0.07,-0.2182588005215126,-2.970846805736639,17.89771642764017,-2.240449438202049,0.4691910112374868,-9.624269662920446,0.15,0.27,0.25,18.143919669447985,67.34426217608765,-0.8458819582344042
3142.540000000001,0.0,18.474154613466407,67.00293334331384,66.9611851896217,67.70604614770534,67.8774810778447,-0.1121009243067763,0.07,0.07,0.07,-0.2178242068665804,-2.966066275532385,17.874682963928763,-2.038387581373795,-0.9231447170740212,-11.150090135198278,0.15,0.27,0.25,18.12041080099766,67.3869114396214,-0.40232988057683744
3142.5500000000006,0.0,18.434254364089767,66.80324272455093,66.55539676646711,67.38995832335334,67.71089425149702,-0.2320109917564163,0.07,0.07,0.07,-0.217389613211647,-2.9612857453281167,17.85164950021729,-1.1370355533300218,-1.7493840761141466,-13.498612919379,0.15,0.27,0.25,18.096901983157892,67.1148730164671,0.34169952536714154
3142.560000000001,0.0,18.39435411471324,66.57029528061874,66.30373369917687,67.128607882265,67.65737951608874,-0.3,0.07,0.07,0.07,-0.2169550195567147,-2.9565052151238627,17.828616036505885,-0.7268863920095888,-1.5885193508133084,-14.143078651687585,0.15,0.27,0.25,18.073393216126302,66.91500409453734,0.560240974461021
3142.5700000000006,0.0,18.354453865336712,66.29271982539301,66.25889458717887,66.94071065103526,67.75559852332248,-0.3,0.07,0.07,0.07,-0.2165204259017825,-2.9517246849196086,17.805582572794478,-1.111405742820649,0.1692833957515374,-12.030719101128124,0.15,0.27,0.25,18.04988450010135,66.81198089673241,-0.07135254328515045
3142.580000000001,0.0,18.314553615960072,65.99137890854668,66.06942838275543,66.87095250436097,67.78843764266126,-0.3129737827715634,0.07,0.07,0.07,-0.2160858322468491,-2.9469441547153408,17.782549109083007,-1.412695869837279,1.0738122653317173,-10.089241551940104,0.1454173228346365,0.2654173228346366,0.25,18.026375835282522,66.68004935958109,-0.5604084794332941
3142.5900000000006,0.0,18.274653366583543,65.65755384001997,65.68227662596567,66.96267440817343,67.73191135310242,-0.3429363295880097,0.07,0.07,0.07,-0.2156512385919169,-2.9421636245110863,17.7595156453716,-1.5779023779723962,0.5831989987486419,-8.42716395494438,0.14,0.26,0.25,18.002867221870552,66.50860405681537,-0.8164088967846872
3142.600000000001,0.0,18.234753117207017,65.40764415558364,65.39362863237163,67.02651629611037,67.72615452446665,-0.372921460730343,0.07,0.07,0.07,-0.2152166449369847,-2.937383094306832,17.736482181660193,-1.9717923115316789,0.1522216674991995,-7.4800998502243825,0.14,0.26,0.25,17.97935866006702,66.38848590213307,-1.047197712540567
3142.6100000000006,0.0,18.2,65.27553876035127,65.2432647678795,67.05121893099123,67.79167020828108,-0.4029364682341849,0.07,0.07,0.07,-0.2147820512820513,-2.9326025641025644,17.71344871794872,-2.7356465302043937,-0.1822765851221855,-7.689785322016893,0.14,0.26,0.25,17.955850150074568,66.34042316687577,-1.2371991728360754
3142.620000000001,0.0,18.2,65.18809650896416,65.15567732071713,67.05914124501993,67.60647821713187,-0.4070776141751392,0.07,0.07,0.07,-0.2143474576271191,-2.92782203389831,17.690415254237312,-3.2935052578864057,-0.3273710565851958,-8.681622433646094,0.14,0.26,0.25,17.932341692097097,66.25234832295828,-1.2593484112587632
3142.630000000001,0.0,18.2,65.16145308266938,65.15354584661355,67.04422092629486,67.08000411354686,-0.3771300224606775,0.07,0.07,0.07,-0.2139128639721869,-2.923041503694056,17.667381790525905,-3.5138357536298126,-0.1621231847776403,-10.955032548816703,0.14,0.26,0.25,17.908833286339373,66.10980599228117,-1.006468019646144
3142.640000000001,0.0,18.2,65.17431922038962,65.14207965517248,66.7462198050994,66.74250769115461,-0.4884963722790941,0.07,0.07,0.07,-0.2134782703172547,-2.9182609734898017,17.644348326814498,-3.4687118644084896,-0.0636997578692144,-12.18611138014692,0.14,0.26,0.25,17.885324933007308,65.95128159295403,-0.8152391577376069
3142.6500000000005,0.0,18.2,65.24276499750124,65.11748195402299,66.04999791604206,66.67085351824089,-0.7887215411564632,0.07,0.07,0.07,-0.2130436766623212,-2.913480443285534,17.621314863103027,-2.994135593220883,-0.0733849878934513,-11.730905569007785,0.14,0.26,0.25,17.861816632307832,65.7702745964518,-0.7237502051421112
3142.6600000000008,0.0,18.2,65.22823304804812,65.10308,65.61350266766772,66.54943134634648,-1.0243928035983565,0.07,0.07,0.07,-0.212609083007389,-2.9086999130812794,17.59828139939162,-2.434032049626332,-0.0505040062032915,-11.0119720858122,0.14,0.26,0.25,17.838308384449164,65.62356176551557,-0.6468380469888179
3142.670000000001,0.0,18.2,65.09649130630655,65.10308,65.54388304804817,66.35770962462496,-1.174317841079379,0.07,0.07,0.07,-0.2121744893524568,-2.9039193828770253,17.575247935680213,-1.6896536572770675,0.0425432928403665,-9.724817782374927,0.14,0.26,0.25,17.814800189640422,65.52529099474492,-0.601332673074994
3142.6800000000007,0.0,18.2,65.09987376760564,65.10442503521128,65.55212961267605,66.15079084507042,-1.349827801347821,0.07,0.07,0.07,-0.2117398956975234,-2.899138852672757,17.552214471968743,-1.0964255425291618,0.0847343477176185,-8.97198054377655,0.144596858638749,0.26,0.25,17.791292048091833,65.47680481514085,-0.5204355101289051
3142.690000000001,0.0,18.2,65.29255988430566,65.10765441146881,65.6694636167001,65.92258158953743,-1.5594609433490532,0.07,0.07,0.07,-0.2113053020425912,-2.894358322468503,17.529181008257336,-0.7472112746324278,0.0448241456722774,-9.081733599401238,0.15,0.26,0.25,17.767783960014928,65.49806487550299,-0.3824025831901251
3142.7000000000007,0.0,18.2,65.3579153574099,65.0697599601496,65.70865629389799,65.78439470485681,-1.6927563781890624,0.07,0.07,0.07,-0.210870708387659,-2.889577792264249,17.50614754454593,-0.4296292585176141,-0.0955210420835007,-9.06477955911873,0.15,0.26,0.25,17.74427592562216,65.48018157907858,-0.26372447539360805
3142.710000000001,0.0,18.19376801510788,65.25344711332495,64.97701774346196,65.64363014196758,65.76627266251555,-1.7227713856929043,0.07,0.07,0.07,-0.2104361147327255,-2.884797262059981,17.483114080834454,-0.1640981963928195,-0.4011322645290189,-8.83932865731466,0.15,0.26,0.25,17.72076794512711,65.41009191531751,-0.17689477369891876
3142.7200000000007,0.0,18.13910148096619,65.1363846498879,64.93993339646148,65.6459419536506,65.84468412160473,-1.714439999999915,0.07,0.07,0.07,-0.2100015210777933,-2.880016731855727,17.460080617123047,-0.2403595505611453,-0.8494357053675854,-8.572189762796851,0.15,0.26,0.25,17.697260018744707,65.39173603040118,-0.19631705790523998
3142.730000000001,0.0,18.0844349468245,65.00200139546502,64.97939514577615,65.74086345875884,66.05585780712642,-1.65444,0.07,0.07,0.07,-0.2054417062153512,-2.8782906398307566,17.446894905369135,-0.8695730337065163,-1.5285867665403663,-8.2376079900132,0.15,0.26,0.25,17.683916566784223,65.4445294517816,-0.38763391616088694
3142.7400000000007,0.0,18.029768412682653,64.83156595531018,64.8893663720815,65.80891142355007,66.2195867185538,-1.4921999999995743,0.07,0.07,0.07,-0.2008674023672094,-2.8765752758877032,17.433743781805727,-1.4347884856069593,-1.5187284105132637,-8.138292866082573,0.15,0.26,0.25,17.67060992950815,65.43735761737388,-0.5934997398927843
3142.750000000001,0.0,17.97510187854096,64.6102051719812,64.61642637710304,65.83899929701226,66.31629774039656,-1.192200000000001,0.07,0.07,0.07,-0.1962930985190805,-2.874859911944655,17.420592658242356,-1.895364205256377,-0.3823078848565477,-8.42364956195232,0.15,0.26,0.25,17.65730441087314,65.34548214662327,-0.823153793077829
3142.7600000000007,0.0,17.92043534439927,64.34850744000056,64.29916867000067,65.75678580000042,66.26709448000044,-0.9180149625937932,0.07,0.07,0.07,-0.1917187946709517,-2.8731445480016067,17.407441534678988,-2.1990761548064404,0.6194956304611097,-8.556124843945188,0.15,0.26,0.25,17.6440000134099,65.16788909750052,-1.0092687968581786
3142.770000000001,0.0,17.865768810257425,64.03178743999966,63.9214586699996,65.52138579999975,66.01885447999973,-0.6786134663339511,0.07,0.07,0.07,-0.1871444908228099,-2.8714291840585537,17.39429041111558,-2.2490137328339928,1.403515605493681,-8.441268414481819,0.15,0.26,0.25,17.630696739656546,64.87337159749968,-1.124946280921131
3142.7800000000007,0.0,17.811102276115733,63.85626009970091,63.61552503489517,65.28086855433682,65.87291246261216,-0.5021099999999612,0.07,0.07,0.07,-0.182570186974681,-2.869713820115505,17.38113928755221,-2.422526289434021,1.4795242864300202,-8.240776164246489,0.15,0.26,0.25,17.617394592158764,64.65639153788626,-1.2214611038010954
3142.790000000001,0.0,17.75643574197404,63.87332889332004,63.40749911266207,65.03337104685949,65.86651166500499,-0.4121099999999611,0.07,0.07,0.07,-0.1779958831265522,-2.867998456172457,17.367988163988837,-2.7980896344511925,0.3979018527805664,-7.900265398097586,0.15,0.26,0.25,17.604093573469605,64.54517767946166,-1.286644091993736
3142.8000000000006,0.0,17.701769207832193,63.92850347215267,63.46621837431064,64.98042245860539,65.84173541394875,-0.3473573573572729,0.07,0.07,0.07,-0.1734215792784104,-2.866283092229404,17.35483704042543,-3.03573033707866,-0.5928089887645032,-7.91157303370818,0.1454079497907909,0.26,0.25,17.59079368614964,64.55421992975437,-1.2617195350488508
3142.810000000001,0.0,17.650000000000002,64.03695304565976,63.89786915203192,65.19946912192664,65.79126878073258,-0.3173273273272761,0.07,0.07,0.07,-0.1688472754302816,-2.864567728286356,17.341685916862062,-3.050711610486883,-1.4367540574277389,-8.49084893882614,0.14,0.26,0.25,17.577494932767067,64.73139002508773,-1.0913272418363054
3142.8200000000006,0.0,17.650000000000002,64.11980502246621,64.13290998502252,65.16482482276648,65.585982805792,-0.3,0.07,0.07,0.07,-0.1642729715821528,-2.862852364343308,17.32853479329869,-2.8640550688370303,-1.4520650813542428,-9.401689612012245,0.14,0.26,0.25,17.564197315897523,64.75088065901181,-0.8892068086223933
3142.830000000001,0.0,17.650000000000002,64.16788290564156,64.10085806290562,64.78554374438315,65.17037621567619,-0.3,0.07,0.07,0.07,-0.1596986677340109,-2.8611370004002543,17.315383669735283,-2.3484105131418413,-0.1153942428045788,-10.853504380474428,0.14,0.26,0.25,17.550900838124257,64.55616523215163,-0.6353194101420967
3142.8400000000006,0.0,17.650000000000002,64.19437128742514,64.11107253493016,64.48052153692612,64.95356725548903,-0.3126213106553626,0.07,0.07,0.07,-0.1551243638858821,-2.859421636457206,17.30223254617191,-1.6823595505633944,0.7959550561793806,-11.736629213483209,0.14,0.26,0.25,17.537605502038218,64.43488315369261,-0.3727608553078989
3142.850000000001,0.0,17.650000000000002,64.19116769461078,64.17941584830336,64.2776273253494,65.01016406187622,-0.3426363181590765,0.07,0.07,0.07,-0.1505500600377533,-2.8577062725141573,17.28908142260854,-0.7734956304632352,1.0206741573030462,-11.701672908863973,0.14,0.26,0.25,17.524311310237895,64.41459373253494,-0.09620376701220468
3142.8600000000006,0.0,17.650000000000002,64.09802623715184,64.16556955126579,64.27656414640302,64.9872324492352,-0.4105673581606613,0.07,0.07,0.07,-0.1459757561896115,-2.8559909085711044,17.275930299045132,-0.149123904880952,0.6102127659560984,-11.22913642052455,0.14,0.26,0.25,17.511018265329447,64.38184809601395,0.08464081428274836
3142.870000000001,0.0,17.650000000000002,63.87914431185756,64.03681547756327,64.5576772073202,64.85311362246175,-0.530537365658692,0.07,0.07,0.07,-0.1414014523414827,-2.854275544628056,17.262779175481764,0.0110763454316609,-0.8365957446796879,-10.042653316646762,0.14,0.26,0.25,17.497726369926834,64.33168765480069,0.10932288415442735
3142.880000000001,0.0,17.650000000000002,63.68812565730447,63.90265416652832,64.7134082998172,64.77806425461193,-0.5831740216486213,0.07,0.07,0.07,-0.1368271484933538,-2.852560180685008,17.249628051918393,-0.1325842696614631,-1.5714606741582564,-8.864943820227396,0.14,0.26,0.25,17.484435626651617,64.27056309456549,-0.04074021306608515
3142.890000000001,0.0,17.650000000000002,63.53519230181191,63.76110189795614,64.69775930530169,64.78375479807211,-0.5432073272273352,0.07,0.07,0.07,-0.132252844645225,-2.85084481674196,17.23647692835502,-0.766791510609575,-1.1569787765307502,-7.701398252188733,0.14,0.26,0.25,17.471146038133163,64.19445207578546,-0.4729082532415919
3142.9000000000005,0.0,17.650000000000002,63.38225894631891,63.61954962938356,64.68211031078611,64.78944534153231,-0.5032406328059356,0.0697328877075709,0.0697328877075709,0.0697328877075709,-0.12919868421053,-2.84759605263159,17.211836842105345,-1.289394091136157,-0.3919379068624425,-7.212148222332517,0.14,0.26,0.25,17.446283932637908,64.11834105700522,-0.8020026724370661
3142.9100000000008,0.0,17.649850134878648,63.30105872468113,63.45994529632446,64.59983002250598,64.82999962490604,-0.492504980079697,0.0692065580673177,0.0692065580673177,0.0692065580673177,-0.1276197368421103,-2.842859210526332,17.17604736842117,-1.629904857285059,0.9450676013986876,-7.823064596893782,0.14,0.26,0.25,17.41019065060328,64.0477084171044,-0.9629243416083619
3142.920000000001,0.0,17.62986811869323,63.32139380845206,63.27478900725231,64.42323587396896,64.91990210052488,-0.5223854581673085,0.0686802284270644,0.0686802284270644,0.0686802284270644,-0.1260407894736907,-2.838122368421072,17.14025789473699,-2.006397003743771,1.5423995006263365,-8.689627965039142,0.14,0.26,0.25,17.37409754654431,63.984830197549556,-1.0203260519098265
3142.9300000000007,0.0,17.609886102507758,63.31602882176737,63.25317874188708,64.33091126809784,64.97121144782825,-0.54,0.0681538987868096,0.0681538987868096,0.0681538987868096,-0.1244618421052666,-2.8333855263158,17.10446842105271,-2.440853932583476,0.9481423220984638,-9.96802996254448,0.14,0.26,0.25,17.338004621572388,63.96783256989514,-0.9109606222017537
3142.940000000001,0.0,17.589904086322342,63.27436132301551,63.46258463305024,64.35762120319518,64.96800625561657,-0.54,0.0676275691465564,0.0676275691465564,0.0676275691465564,-0.1228828947368469,-2.828648684210541,17.068678947368532,-2.706191191191215,0.1153253253282455,-11.20563063062783,0.14,0.26,0.25,17.30191187680849,64.01564335371937,-0.726169971901743
3142.9500000000007,0.0,17.569922070136926,63.32254485363999,63.56599140355273,64.38964351263442,64.9070748461348,-0.5149674837419175,0.0671012395063031,0.0671012395063031,0.0671012395063031,-0.1213039473684273,-2.8239118421052822,17.032889473684353,-2.6961811811812018,-1.105895895893365,-12.376801801799374,0.14,0.26,0.25,17.265819313382636,64.0463136539905,-0.4185779440527295
3142.960000000001,0.0,17.549940053951453,63.49922736552432,63.51780526394791,64.4292632274206,64.76358723042267,-0.4549374687342335,0.0665749098660484,0.0665749098660484,0.0665749098660484,-0.1197250000000032,-2.8191750000000098,16.997100000000074,-2.4092134831456686,-1.6823595505615456,-13.546966292135464,0.14,0.26,0.25,17.22972693243432,64.05247077182888,-0.08517464330616742
3142.9700000000007,0.0,17.529958037766036,63.57951876999999,63.41174383999997,64.32392418999996,64.56578912999996,-0.4450862715679796,0.0660485802257951,0.0660485802257951,0.0660485802257951,-0.1181460526315835,-2.814438157894751,16.961310526315895,-1.6751310861427362,-1.217940074906629,-14.715505617976868,0.14,0.26,0.25,17.193634735112898,63.97024398249997,0.28989783656012535
3142.980000000001,0.0,17.50997602158062,63.52280877000007,63.22342384000024,64.0125541900004,64.29079913000035,-0.5051012753187942,0.0655222505855418,0.0655222505855418,0.0655222505855418,-0.1165671052631639,-2.809701315789492,16.925521052631716,-1.039274092616678,-0.5799624530680926,-14.895919899877578,0.14,0.2554140461216061,0.25,17.15754272257709,63.762396482500264,0.4643955821619372
3142.9900000000007,0.0,17.489994005395147,63.37303558005508,63.0548592432974,63.72835440240538,64.20600283137061,-0.5524987555998323,0.0649959209452871,0.0649959209452871,0.0649959209452871,-0.1149881578947398,-2.8049644736842194,16.889731578947437,-0.5636795994997565,0.3411889862320504,-13.46413016270453,0.14,0.25,0.25,17.121450895995377,63.590563014282125,0.3116398139616353
3143.000000000001,0.0,17.47001198920973,63.09099097970469,62.91437314958675,63.48277184164401,64.391530268103,-0.5823643603783287,0.0644695913050338,0.0644695913050338,0.0644695913050338,-0.1134092105263201,-2.8002276315789607,16.853942105263258,-0.3998876404486574,0.7170786516865529,-11.68797752809525,0.14,0.25,0.25,17.08535925654641,63.46991655975961,0.058757490236194476
3143.0100000000007,0.0,17.450029973024314,62.792838153310775,62.73158771030415,63.52872759084026,64.54807488800374,-0.6,0.0639432616647805,0.0639432616647805,0.0639432616647805,-0.1118302631579005,-2.795490789473702,16.81815263157908,-0.7394631710350481,0.2127091136097081,-9.355892634215184,0.14,0.25,0.25,17.049267805418523,63.40030708561473,-0.35576705058083447
3143.020000000001,0.0,17.45,62.47221097560952,62.48978581881516,63.98144038327558,64.66418240418128,-0.6,0.0634169320245258,0.0634169320245258,0.0634169320245258,-0.1102513157894764,-2.790753947368429,16.7823631578948,-1.2734042553179834,-0.0391239048813207,-7.993704630788184,0.14,0.254583114840087,0.25,17.013176543810108,63.40190489547039,-0.7150401680891209
3143.0300000000007,0.0,17.45,62.25541939909862,62.3235591637456,64.11964551827731,64.60328551827732,-0.5875423728813552,0.0628906023842725,0.0628906023842725,0.0628906023842725,-0.1086723684210567,-2.7860171052631704,16.74657368421062,-2.124468085104951,0.1210763454315201,-8.21397997496834,0.14,0.26,0.25,16.97708547293006,63.32547739984971,-0.984166226511143
3143.040000000001,0.0,17.45,62.18897973960945,62.26676397095647,63.80244972458708,64.28608972458707,-0.557632103688961,0.0623642727440193,0.0623642727440193,0.0623642727440193,-0.1070934210526371,-2.781280263157912,16.71078421052644,-2.78565184815114,0.2257317682317383,-8.972852147848895,0.14,0.26,0.25,16.940994593997257,63.13607078993501,-1.1022405482282451
3143.0500000000006,0.0,17.45,62.121644008015934,62.12877859218403,63.55401376753487,64.0760370691382,-0.5646793587174969,0.0618379431037645,0.0618379431037645,0.0618379431037645,-0.105514473684213,-2.776543421052639,16.674994736842162,-3.140297202797389,0.2407167832167911,-10.601223776224634,0.14,0.26,0.25,16.904903908240986,62.97011835921825,-0.9764601054586383
3143.060000000001,0.0,17.45,62.05302677354705,61.87468039579144,63.40391356713419,64.01921342184365,-0.6247995991984115,0.0613116134635112,0.0613116134635112,0.0613116134635112,-0.1039355263157933,-2.7718065789473805,16.639205263157983,-3.319997496871124,-0.0204931163952591,-11.728102628285251,0.14,0.26,0.25,16.868813416901347,62.83770853957908,-0.8391051437195627
3143.0700000000006,0.0,17.45,62.0266540657698,61.76824826606872,63.24307932735432,63.86726678624823,-0.6848699999999871,0.060785283823258,0.060785283823258,0.060785283823258,-0.1023565789473737,-2.7670697368421213,16.603415789473807,-3.2148660826034714,-0.7313817271574794,-12.038490613265942,0.14,0.26,0.25,16.832723121228767,62.726312111360265,-0.682905465812816
3143.080000000001,0.0,17.45,62.05970837568515,61.86954373193836,63.067145097159695,63.581506945689696,-0.7448700000001576,0.0602589541830032,0.0602589541830032,0.0602589541830032,-0.1007776315789496,-2.7623328947368493,16.567626315789525,-2.998903870162581,-1.2579800249686235,-11.923982521848266,0.14,0.26,0.25,16.796633022484404,62.64447603761822,-0.5729529892161901
3143.0900000000006,0.0,17.45,62.06310767540573,61.967003240948834,62.91898851935078,63.3439417578027,-0.8048327508737998,0.0602475754179063,0.0602475754179063,0.0602475754179063,-0.0992579866949372,-2.761484026610125,16.54307454248608,-2.6043970037460387,-1.4876928838947114,-11.1249812734097,0.14,0.26,0.25,16.772267631283395,62.573260298377015,-0.5375031841830729
3143.100000000001,0.0,17.45,62.023567101123625,62.058908359550486,62.811053438202336,63.17616148314621,-0.8647428856714895,0.0607349286027589,0.0607349286027589,0.0607349286027589,-0.0977958915125422,-2.764408216974916,16.52942832078373,-1.958170670673768,-1.0320170170216256,-10.55382382382441,0.14,0.26,0.25,16.75928153109203,62.51742259550567,-0.4543086542743842
3143.1100000000006,0.0,17.45,61.9333300527239,62.06114710017562,62.61911166959546,63.013240246045534,-0.924702351175692,0.0612222817876129,0.0612222817876129,0.0612222817876129,-0.096333796330143,-2.767332407339714,16.515782099081335,-0.9021146146158758,0.5395545545526776,-10.353623623623864,0.14,0.26,0.25,16.74629711898614,62.40670726713513,-0.2933799402371634
3143.120000000001,0.0,17.381858097994325,61.76892131559122,61.93219907105194,62.30426356515182,62.85742804418776,-0.9847323661832054,0.0617096349724654,0.0617096349724654,0.0617096349724654,-0.0948717011477479,-2.7702565977045044,16.502135877378983,-0.2996753246750652,1.456503496503776,-9.79247502497731,0.14,0.26,0.25,16.733314398895473,62.21570299899569,-0.27134008701938067
3143.130000000001,0.0,17.3120047899413,61.59844633466149,61.78513682270929,62.11992,62.779894188246985,-1.0323719070232766,0.062196988157318,0.062196988157318,0.062196988157318,-0.0934096059653529,-2.7731807880692942,16.488489655676627,-0.4295454545451538,1.3166433566436804,-8.64861888112153,0.14,0.26,0.25,16.720333374761353,62.070849336404436,-0.4735195058444773
3143.140000000001,0.0,17.242151481888282,61.41940250996052,61.61248742031907,62.11992,62.81293203685252,-1.0623644088977415,0.0626843413421706,0.0626843413421706,0.0626843413421706,-0.0919475107829578,-2.7761049784340845,16.474843433974275,-0.5709561952436335,0.7899724655850207,-7.646648310390014,0.14,0.26,0.25,16.707354050536875,61.99118549178303,-0.6178797332210395
3143.1500000000005,0.0,17.17229817383506,61.29844338385095,61.436536919254735,62.22279631304337,62.84550760248446,-1.042957042957018,0.0631716945270246,0.0631716945270246,0.0631716945270246,-0.0904854156005587,-2.779029168798883,16.46119721227188,-0.7311564455569298,-0.3664730913640868,-6.875684605757276,0.14,0.26,0.25,16.69437643018687,61.95082105465838,-0.6681033269505725
3143.1600000000008,0.0,17.102444865782036,61.26228934658391,61.25576673291956,62.475874573912606,62.87740822360243,-0.9530469530469566,0.0636590477118771,0.0636590477118771,0.0636590477118771,-0.0890233204181636,-2.7819533591636727,16.44755099056953,-1.1149787765288028,-1.3439400749058712,-6.415300873907587,0.14,0.26,0.25,16.681400517688104,61.96783471925463,-0.7650317190423268
3143.170000000001,0.0,17.032591557729017,61.29733601701238,61.28038306229581,62.5900036327248,62.862566389792576,-0.8508491508491938,0.0641464008967297,0.0641464008967297,0.0641464008967297,-0.0875612252357686,-2.784877549528463,16.433904768867173,-1.859048689137217,-2.0330786516841344,-6.455250936329516,0.14,0.26,0.25,16.66842631702908,62.0075722754564,-0.937199956015581
3143.1800000000007,0.0,16.962738249675795,61.441894435826825,61.62089844883653,62.49041894420818,62.77583133850391,-0.7309690309687713,0.0646337540815837,0.0646337540815837,0.0646337540815837,-0.0860991300533694,-2.7878017398932613,16.42025854716478,-2.23235353029545,-1.9188783174762567,-7.596539809714485,0.14,0.2554092339978965,0.25,16.655453832210213,62.08226079184386,-0.9017169474694937
3143.190000000001,0.0,16.892884941622775,61.53521497620836,61.744074259955056,62.39376228900582,62.73908529426494,-0.6477752808988307,0.0651211072664363,0.0651211072664363,0.0651211072664363,-0.0846370348709743,-2.790725930258051,16.406612325462426,-2.002008012018252,-0.4967451176779014,-10.530941412115316,0.14,0.25,0.25,16.642483067243962,62.103034204858545,-0.5281526075185662
3143.2000000000007,0.0,16.82303163356975,61.55022123716503,61.53505848234427,62.30158097170055,62.77874469822186,-0.6178127340823845,0.0656084604512889,0.0656084604512889,0.0656084604512889,-0.0831749396885793,-2.793650120622841,16.392966103760074,-1.7470369445837983,0.4680728906634793,-12.533377433848074,0.14,0.25,0.25,16.629514026154673,62.041401347357926,-0.2398076305369033
3143.210000000001,0.0,16.75317832551653,61.5387114350112,61.38677304282486,62.08836665664861,62.73543448534914,-0.6243543543544838,0.0660958136361428,0.0660958136361428,0.0660958136361428,-0.0817128445061801,-2.79657431098764,16.379319882057683,-1.4524787818276532,0.6977284073886093,-13.03762106839673,0.14,0.25,0.25,16.616546712978707,61.93732140495845,-0.08845805712951116
3143.2200000000007,0.0,16.75,61.48726139744554,61.32996362634612,61.692844492862605,62.56714998747813,-0.6844144144144776,0.0665831668209954,0.0665831668209954,0.0665831668209954,-0.080250749323785,-2.7994985013524296,16.365673660355327,-1.2128535669590936,0.4399749687136551,-12.729008760955484,0.14,0.25,0.25,16.603581131764606,61.7693048760331,-0.027890010183698133
3143.230000000001,0.0,16.75,61.30291437110887,61.23208916562911,61.60025711083387,62.50264154420909,-0.72,0.067070520005848,0.067070520005848,0.067070520005848,-0.07878865414139,-2.80242269171722,16.352027438652975,-1.0626658322908051,-0.6113391739643638,-11.096968710893416,0.14,0.25,0.25,16.590617286572936,61.659475547945235,-0.1151252632202267
3143.2400000000007,0.0,16.75,60.92128547945168,61.0732547945204,61.957367945205824,62.59218575342474,-0.72,0.067557873190702,0.067557873190702,0.067557873190702,-0.0773265589589908,-2.805346882082018,16.33838121695058,-1.071368289637762,-1.175845193508273,-9.608022471911015,0.14,0.25,0.25,16.5776551814764,61.63602349315066,-0.2846834315884355
3143.250000000001,0.0,16.75,60.68235758637956,60.92636580871303,62.082413740610846,62.53418949424128,-0.6835226419814112,0.0680452263755545,0.0680452263755545,0.0680452263755545,-0.0758644637765958,-2.8082710724468085,16.324734995248228,-1.336037453183037,-0.9561198501876672,-8.349595505620277,0.14,0.25,0.25,16.564694820560018,61.55633165748618,-0.5868610223051087
3143.2600000000007,0.0,16.75,60.66199704556836,60.79777291937915,61.852018147220974,62.250213530295625,-0.5934550913184564,0.0685325795604071,0.0685325795604071,0.0685325795604071,-0.0744023685942007,-2.8111952628115984,16.311088773545872,-1.6161977471831763,-0.5780801001268296,-7.98907384229998,0.14,0.25,0.25,16.55173620792094,61.39050041061603,-0.7748151806154587
3143.270000000001,0.0,16.75,60.60663114507631,60.64523961914287,61.72399050864448,62.13986848910064,-0.51561609597585,0.0690199327452611,0.0690199327452611,0.0690199327452611,-0.0729402734118015,-2.8141194531763967,16.29744255184348,-1.921579474342897,0.0577146433040649,-9.090450563203891,0.14,0.25,0.25,16.538779347668612,61.278932440491076,-0.7767997820888319
3143.2800000000007,0.0,16.75,60.49831743923832,60.45649494362321,61.7508008318717,62.29215112503127,-0.4556310922268346,0.0695072859301137,0.0695072859301137,0.0695072859301137,-0.0714781782294065,-2.817043643541187,16.283796330141126,-2.211393606393352,0.4423476523476716,-9.99765734265677,0.14,0.25,0.25,16.525824243924912,61.249441084941125,-0.7768251833794007
3143.290000000001,0.0,16.75,60.4563631762652,60.32696973821994,61.69251755671926,62.34233808027936,-0.4443174444722232,0.0699946391149663,0.0699946391149663,0.0699946391149663,-0.0700160830470114,-2.819967833905977,16.270150108438774,-2.476128871128157,0.4223676323676863,-10.592062937061334,0.14,0.25,0.25,16.512870900823994,61.20454713787093,-0.7736943796757433
3143.3000000000006,0.0,16.75,60.512917651458565,60.28535418100218,61.507915213163535,62.240966851159165,-0.504212627901317,0.07,0.07,0.07,-0.0873243912814723,-2.819010034783916,16.257130452190907,-2.6438147684605653,0.1238923654576106,-10.980981226533109,0.14,0.25,0.25,16.499961626169863,61.13678847419586,-0.7401117055147433
3143.310000000001,0.0,16.75,60.48534836045046,60.2589840350438,61.41191157947436,62.11816836045046,-0.5762703379224886,0.07,0.07,0.07,-0.1048414704336299,-2.818009058832364,16.244117764820732,-2.653827284105118,-0.6270463078838314,-11.036050062578148,0.14,0.25,0.25,16.487071563711623,61.06860308385477,-0.6570547326315361
3143.3200000000006,0.0,16.727280645000818,60.33000418022545,60.255770017521904,61.45047978973712,61.962824180225454,-0.6663829787233334,0.07,0.07,0.07,-0.1223585495857876,-2.817008082880812,16.231105077450557,-2.4264153769356582,-0.9904393409889692,-11.062341487768382,0.14,0.25,0.25,16.474200380865646,60.999769541927485,-0.5389194915551727
3143.330000000001,0.0,16.702396356940245,60.24868902,60.26495409,61.31633287999995,61.728476549999954,-0.8171514242880861,0.07,0.07,0.07,-0.139875628737995,-2.8160071069292574,16.218092390080347,-1.817329006489884,-0.7308287568645407,-11.042371442835734,0.14,0.25,0.25,16.461348121917993,60.889613134999976,-0.36439376197447104
3143.3400000000006,0.0,16.677512068879746,60.27864901999996,60.292774089999966,60.92257288000051,61.37537655000045,-1.0570314842580628,0.07,0.07,0.07,-0.1573927078901526,-2.815006130977705,16.205079702710172,-1.278044566850288,-0.3604106159239023,-10.986176765147723,0.14,0.25,0.25,16.448514831228024,60.71734313500022,-0.23031325674810565
3143.350000000001,0.0,16.652627780819248,60.23471949550485,60.22834278721325,60.62633468531503,61.14668551948061,-1.236332750437201,0.07,0.07,0.07,-0.1749097870423103,-2.8140051550261536,16.192067015339997,-0.8524061091641605,0.1904156234346158,-10.871004006009128,0.14,0.25,0.25,16.435700553227978,60.55902062187843,-0.1620824663369012
3143.3600000000006,0.0,16.627743492758675,60.07972449050945,60.02524588411583,60.476684335664295,61.1049972077922,-1.3262653010244312,0.07,0.07,0.07,-0.1924268661945177,-2.813004179074599,16.179054327969787,-0.6206416978777216,0.3882821473155373,-10.271430711609302,0.14,0.25,0.25,16.42290533242284,60.42166297952044,-0.1955648905386022
3143.370000000001,0.0,16.602859204698177,59.963797775000025,59.899052075,60.49242592499986,61.12156184999995,-1.4886750000002906,0.07,0.07,0.07,-0.2099439453466753,-2.812003203123047,16.166041640599612,-0.7005418227215783,0.0187440699127005,-8.893153558052775,0.14,0.25,0.25,16.410129213390203,60.36920940624996,-0.39255760628843517
3143.380000000001,0.0,16.57797491663768,59.90708777500011,59.88942207500002,60.75885592499948,61.2264218499998,-1.758674999999907,0.07,0.07,0.07,-0.2274610244988329,-2.811002227171495,16.153028953229438,-0.9083128911132302,-0.3168135168956734,-7.917927409262089,0.14,0.25,0.25,16.397372240779852,60.44544690624985,-0.5750281320150958
3143.390000000001,0.0,16.553090628577177,59.87122096537951,59.91533531291588,60.87350606524667,61.22078909787002,-1.9763124583609133,0.07,0.07,0.07,-0.2449781036509906,-2.810001251219944,16.140016265859266,-1.3238322903615702,-0.5971639549427462,-7.597526908636862,0.14,0.25,0.25,16.384634459313634,60.470212860353016,-0.7339048634520476
3143.4000000000005,0.0,16.528206340516608,59.86694666444741,59.995122263648426,60.75809994007995,61.04767991011993,-2.1162191872087166,0.07,0.07,0.07,-0.262495182803198,-2.8090002752683887,16.127003578489052,-1.606811485642846,-0.5784893882653872,-7.966871410734454,0.14,0.25,0.25,16.371915913785152,60.416962194573934,-0.7749806153121199
3143.4100000000008,0.0,16.50332205245611,59.86267236351532,60.074909214380746,60.64269381491356,60.874570722370336,-2.256125916056122,0.07,0.07,0.07,-0.2800122619553556,-2.807999299316837,16.11399089111888,-1.6767240948813196,-0.0791136079905745,-9.4450237203479,0.14,0.25,0.25,16.359216649059682,60.363711528794994,-0.6266839971328801
3143.420000000001,0.0,16.5,59.85755120120121,60.00571085585635,60.60768171671657,60.76705120120121,-2.376035991002312,0.07,0.07,0.07,-0.2975293411075133,-2.806998323365285,16.100978203748706,-1.7142778473091602,0.0926683354198485,-10.737662077595417,0.14,0.25,0.25,16.34653671007368,60.30949874374384,-0.46153166859589045
3143.4300000000007,0.0,16.5,59.851124774774775,59.706882027027,60.69658061561562,60.760624774774776,-2.4660134966260907,0.07,0.07,0.07,-0.3150464202597207,-2.8059973474137303,16.087965516378492,-1.69925907384231,-0.2677822277845552,-11.728901126407528,0.14,0.25,0.25,16.33387614183464,60.25380304804805,-0.2689943408156018
3143.440000000001,0.0,16.5,59.79650853146863,59.54019115384613,60.648857062937246,60.74870751748253,-2.5439760239761187,0.07,0.07,0.07,-0.3325634994118783,-2.8049963714621784,16.07495282900832,-1.5999675324679268,-0.6068506493501377,-11.962629870131522,0.14,0.25,0.25,16.321234989420983,60.183566066433634,-0.16502052632612407
3143.4500000000007,0.0,16.5,59.66823680319693,59.57546587912084,60.39231360639387,60.72839782717285,-2.6039160839160744,0.07,0.07,0.07,-0.3500805785640359,-2.8039953955106265,16.061940141638146,-1.3652022977027665,-0.9115459540453454,-10.978613886115852,0.14,0.25,0.25,16.308613297981513,60.09110352897112,-0.20341804415426482
3143.460000000001,0.0,16.5,59.47164591295613,59.54293927963967,60.201334527263526,60.75609928464243,-2.675837918959582,0.07,0.07,0.07,-0.3675976577162433,-2.802994419559072,16.048927454267936,-1.3192892892893484,-0.781128628628439,-9.993846346346125,0.14,0.25,0.25,16.296011112735314,59.99300475112544,-0.3505941965435979
3143.4700000000007,0.0,16.5,59.16975496748378,59.40591076538272,60.1114095647824,60.85780013506752,-2.765882941470724,0.07,0.07,0.07,-0.385114736868401,-2.80199344360752,16.03591476689776,-1.5795495495493213,0.0547072072064742,-9.007860360361226,0.14,0.25,0.25,16.283428478971572,59.886218858179106,-0.6741257499179996
3143.480000000001,0.0,16.5,59.000022705265735,59.28628014973809,60.049796580983305,60.78748881457496,-2.8080449438202644,0.07,0.07,0.07,-0.4026318160205586,-2.800992467655968,16.022902079527586,-1.7227640449439092,0.6906516853926349,-8.522566791509979,0.14,0.25,0.25,16.27086544204908,59.78089706264052,-0.8617914877970152
3143.4900000000007,0.0,16.5,59.03313475917145,59.19335277264785,60.03163835787372,60.45316388320433,-2.7780823970037334,0.07,0.07,0.07,-0.4199960466035681,-2.7999723262249767,16.00984581753916,-1.6778202247191123,1.0052584269662144,-8.842167290886314,0.14,0.25,0.25,16.25827188873911,59.677822443224336,-0.8310445131506312
3143.500000000001,0.0,16.5,59.05204426213107,59.03964960480267,60.01723136568285,60.25542011005501,-2.7481020255063924,0.07,0.07,0.07,-0.4195309411409048,-2.7967165879863343,15.99170670449529,-1.7434618272838474,0.9043554443061976,-9.42910638297765,0.14,0.25,0.25,16.239837228454356,59.5910863356679,-0.7537694363484657
3143.5100000000007,0.0,16.5,59.04883265632817,58.79128542271194,60.00866708354179,60.27040760380186,-2.7180945236309424,0.07,0.07,0.07,-0.4190658356782415,-2.793460849747692,15.973567591451422,-1.988768460575385,0.128385481853374,-10.450382978722011,0.14,0.25,0.25,16.221402568593536,59.52979819159594,-0.6009014586680934
3143.520000000001,0.0,16.479312412552503,59.027161390347615,58.65328589147285,59.97073549887476,60.286232718179534,-2.688087021755407,0.07,0.07,0.07,-0.418600730215577,-2.790205111509039,15.955428478407503,-2.082546816479272,-0.6296054931342101,-11.104896379525648,0.14,0.25,0.25,16.202967909158044,59.48435387471869,-0.4545222590281382
3143.5300000000007,0.0,16.45432740355792,58.97685881470373,58.68646418604647,59.88725462865726,60.30335699924979,-2.658079519879957,0.07,0.07,0.07,-0.4181356247529137,-2.7869493732703963,15.937289365363638,-1.932734082397041,-1.3586941323344015,-11.169815230961284,0.14,0.25,0.25,16.184533250149435,59.46348365716432,-0.31857417193663073
3143.540000000001,0.0,16.429342394563335,58.88417476261894,58.72173154422782,59.77651358820614,60.29067291854083,-2.6161678740944483,0.07,0.07,0.07,-0.4176705192902504,-2.7836936350317534,15.91915025231977,-1.8743415122682865,-1.5295443164756637,-10.96388582874395,0.14,0.25,0.25,16.16609859156912,59.418273203398435,-0.31236424766712034
3143.5500000000006,0.0,16.40435738556868,58.7258939030483,58.76023229385312,59.62358005497235,60.23185232883552,-2.5562128403696285,0.07,0.07,0.07,-0.4172054138275859,-2.7804378967931016,15.901011139275852,-1.964476715072664,-0.7934401602399155,-10.317916875312578,0.14,0.25,0.25,16.14766393341851,59.33538964517732,-0.5169362729707199
3143.560000000001,0.0,16.379372376574096,58.60115840858066,58.730160533798895,59.4444192965826,60.06398319281602,-2.531877030742335,0.07,0.07,0.07,-0.4167403083649226,-2.7771821585544587,15.882872026231984,-1.8111377245510183,0.0700598802392846,-10.079041916167572,0.14,0.25,0.25,16.12922927569919,59.20993035794454,-0.5913828960635765
3143.5700000000006,0.0,16.35438736757951,58.52856175106019,58.593508001995644,59.22449412821175,59.72662225492675,-2.561869532616843,0.07,0.07,0.07,-0.4162752029022594,-2.773926420315816,15.864732913188115,-1.2672255489026618,1.137924151695692,-10.493213572853936,0.14,0.25,0.25,16.11079461841258,59.01829653404858,-0.4570866864443199
3143.580000000001,0.0,16.329402358584854,58.47370774999999,58.44348559999992,59.08968,59.50698320999999,-2.58,0.07,0.07,0.07,-0.4158100974395948,-2.770670682077164,15.846593800144198,-0.93,1.352941176469492,-10.302941176469492,0.14,0.25,0.25,16.09235996156012,58.87846413999998,-0.3949935103688115
3143.5900000000006,0.0,16.30441734959027,58.44695775000002,58.27228560000017,59.08968,59.47381321000003,-2.58,0.07,0.07,0.07,-0.4153449919769316,-2.767414943838521,15.828454687100333,-0.93,0.1764705882362398,-9.12647058823624,0.14,0.25,0.25,16.07392530514341,58.820684140000054,-0.45070528375962826
3143.600000000001,0.0,16.279432340595687,58.401544684684815,58.165267477477485,59.11745180180168,59.472132702702616,-2.5681709145427574,0.07,0.07,0.07,-0.4148798865142683,-2.7641592055998783,15.810315574056466,-1.0083537346985172,-0.7143517361968897,-8.369422932800578,0.14,0.25,0.25,16.05549064916389,58.78909916666665,-0.4989576351725797
3143.6100000000006,0.0,16.254447331601032,58.3265697097096,58.15991212212211,59.18921356356367,59.520330900900966,-2.538185907046425,0.07,0.07,0.07,-0.4144147810516037,-2.760903467361226,15.792176461012549,-1.2132000999249857,-1.1440294778914328,-8.289482887834152,0.14,0.25,0.25,16.037055993623024,58.79900657407409,-0.5351676517585267
3143.620000000001,0.0,16.25,58.22606979939807,58.1624847542628,59.21093343029082,59.52640098294879,-2.52,0.07,0.07,0.07,-0.4139496755889404,-2.757647729122584,15.77403734796868,-1.479273910865827,-1.1543465197805367,-8.402168252378019,0.14,0.25,0.25,16.018621338522422,58.78147224172512,-0.6063940338657596
3143.630000000001,0.0,16.25,58.08547802407236,58.17750982948845,59.15405278836515,59.4663006820462,-2.52,0.07,0.07,0.07,-0.4134845701262772,-2.7543919908839407,15.755898234924812,-1.844822233349208,-0.4833400100165238,-8.827806710064145,0.14,0.25,0.25,16.000186683863564,58.72083533099304,-0.7345105216365768
3143.640000000001,0.0,16.25,58.031158181818,58.18070500622668,59.07248004981348,59.39709646326296,-2.5082491245622665,0.07,0.07,0.07,-0.413019464663614,-2.751136252645298,15.737759121880943,-1.963953488372896,0.0899999999987882,-9.62023255813552,0.14,0.25,0.25,15.981752029647971,58.67035992528027,-0.7142104745244896
3143.6500000000005,0.0,16.25,58.10897636363636,58.16578097135741,58.95308777085928,59.31394826899128,-2.478234117058467,0.07,0.07,0.07,-0.4125543592009494,-2.7478805144066456,15.719620008837028,-1.6877906976745007,0.5066666666665429,-11.001046511627496,0.14,0.25,0.25,15.963317375877136,58.63544834371108,-0.45582556936750684
3143.6600000000008,0.0,16.25,58.16368686328416,58.092803709072825,58.81032040989763,59.20249988003008,-2.4364676492629966,0.07,0.07,0.07,-0.4120892537382861,-2.7446247761680027,15.70148089579316,-1.3942148760333375,0.4908264462817823,-11.969752066115625,0.14,0.25,0.25,15.944882722552695,58.567327715571174,-0.20898731227092887
3143.670000000001,0.0,16.25,58.18187231692074,57.92806489377679,58.63060533866558,59.0463189252689,-2.376512615538347,0.07,0.07,0.07,-0.4116241482756229,-2.7413690379293603,15.683341782749292,-1.063636363637047,-0.4440909090889766,-12.06272727272708,0.14,0.25,0.25,15.926448069676148,58.446715368658005,0.013314317698797484
3143.6800000000007,0.0,16.25,58.10272580645144,57.81921032258063,58.58298322580657,58.998212258064605,-2.293521545319271,0.07,0.07,0.07,-0.4111590428129583,-2.738113299690708,15.665202669705376,-0.8753408239700213,-0.9624719101124198,-11.5447191011242,0.14,0.25,0.25,15.908013417249007,58.37578290322581,0.05205616232985116
3143.690000000001,0.0,16.25,57.86940747686919,57.7988752388097,58.74459362840712,59.12129302825708,-2.1746508172362504,0.07,0.07,0.07,-0.4106939373502951,-2.734857561452065,15.647063556661507,-0.9152908863919498,-0.8126591760301887,-10.046591760301888,0.14,0.25,0.25,15.889578765272931,58.383542343085765,-0.20366248202149997
3143.7000000000007,0.0,16.25,57.637843237195646,57.744771939333766,58.81925093485834,59.12864108901061,-2.0099319041617134,0.07,0.07,0.07,-0.4102288318876318,-2.7316018232134223,15.62892444361764,-1.132898623277929,-0.376220275346265,-8.871714643305637,0.14,0.25,0.25,15.871144113749446,58.33262680009959,-0.49992625940309243
3143.710000000001,0.0,16.25,57.4090515912481,57.63729307309794,58.75646625062157,58.95305680258575,-1.7678133669607083,0.07,0.07,0.07,-0.4108709069089649,-2.7285484884850586,15.609258814789436,-1.6385306633292704,0.5249061326660267,-8.22090112640787,0.14,0.25,0.25,15.851269744195259,58.18896692938834,-0.8619231030489835
3143.7200000000007,0.0,16.21914507385497,57.23443861913141,57.499074898318085,58.64287830278709,58.85814467988948,-1.596653346653333,0.07,0.07,0.07,-0.4125852905880307,-2.725691182353282,15.58811474941429,-1.955754245754236,1.1068531468531018,-8.084695304694861,0.14,0.25,0.25,15.830001278726272,58.05863412503152,-1.0495792085251332
3143.730000000001,0.0,16.17935793504762,57.14954783329166,57.30995112227003,58.44515799146412,58.89682908862658,-1.536713286713292,0.07,0.07,0.07,-0.4142996742670964,-2.722833876221506,15.566970684039148,-1.970739260739225,1.17678321678305,-8.774005994004353,0.14,0.25,0.25,15.80873318186285,57.9503715089131,-0.9575637131890002
3143.7400000000007,0.0,16.139570796240154,57.10556666000999,57.14181204193707,58.23059874188713,58.86920337493757,-1.488380809595144,0.07,0.07,0.07,-0.4160140579461669,-2.7199765700897216,15.54582661866394,-2.1023623623620304,0.7668768768781052,-9.479139139138384,0.14,0.25,0.25,15.787465455094626,57.83679520469294,-0.8524279071252914
3143.750000000001,0.0,16.099783657432802,57.126934608087865,57.00719396904648,57.98914092860716,58.735653699450864,-1.4583958020989396,0.07,0.07,0.07,-0.4177284416252327,-2.7171192639579456,15.524682553288798,-2.4226826826819976,-0.4193093093067714,-10.209869869868308,0.14,0.25,0.25,15.766198099919448,57.714730801298096,-0.7260660486285947
3143.7600000000007,0.0,16.05999651862545,57.149145788683,56.991543415122514,57.864890595893776,58.65885095643464,-1.486414811108237,0.07,0.07,0.07,-0.4194428253042984,-2.714261957826169,15.503538487913652,-2.514505494506303,-1.2286413586407563,-10.725214785214286,0.14,0.25,0.25,15.744931117843022,57.66610768903348,-0.5947530765349887
3143.770000000001,0.0,16.020209379817985,57.172721151727615,57.1683586379571,57.93025864797202,58.67385346019029,-1.6065048786591845,0.07,0.07,0.07,-0.421157208983369,-2.711404651694385,15.48239442253845,-2.2397802197803345,-1.433436563436478,-10.895044955044884,0.14,0.25,0.25,15.723664510379198,57.736297974461756,-0.4554976930458497
3143.7800000000007,0.0,15.980422241010633,57.13907000000004,57.28533076923076,57.91202153846159,58.536983846153966,-1.7265134865136271,0.07,0.07,0.07,-0.4228715926624348,-2.708547345562609,15.461250357163305,-1.8787609511896253,-1.1373617021290725,-10.944540675844992,0.14,0.25,0.25,15.702398279050163,57.71835153846158,-0.357556624114776
3143.790000000001,0.0,15.94063510220328,57.01400506493532,57.30670939060934,57.76023332667364,58.1575133166841,-1.8463936063937088,0.07,0.07,0.07,-0.4245859763415005,-2.7056900394308325,15.44010629178816,-1.37813516896271,-0.0309787234075886,-10.799359198999186,0.14,0.25,0.25,15.681132425386165,57.5596152747256,-0.3264538965363365
3143.8000000000006,0.0,15.900847963395814,56.926592188047024,57.26702129032265,57.656332188047024,57.9451053613403,-2.035857928965387,0.07,0.07,0.07,-0.4263003600205711,-2.702832733299048,15.418962226412956,-0.9663146067418747,0.7383245942569214,-10.610154806492176,0.1353966597077168,0.2453966597077168,0.25,15.659866950925734,57.44876275693925,-0.2967853147509121
3143.810000000001,0.0,15.86106082458846,56.89983549887474,57.1289567741937,57.62957549887474,58.00182954238553,-2.336008004002527,0.07,0.07,0.07,-0.4280147436996369,-2.699975427167272,15.397818161037812,-0.6966516853934761,0.9680374531833352,-10.350479400749274,0.13,0.24,0.25,15.638601857215919,57.41504932858218,-0.26941248520396394
3143.8200000000006,0.0,15.835601037044446,56.84316636363653,56.95242448051988,57.52699363636401,58.0023654545456,-2.5779920079920537,0.07,0.07,0.07,-0.4297291273787026,-2.697118121035496,15.376674095662668,-0.5682478097620749,0.6873617021290725,-9.784573216522006,0.13,0.24,0.25,15.617337145811991,57.3312374837665,-0.2827497182359048
3143.830000000001,0.0,15.815657875056074,56.73841111888103,56.71405285214765,57.30251811188792,57.91257524475517,-2.727842157842369,0.07,0.07,0.07,-0.4314435110577732,-2.6942608149037115,15.355530030287465,-0.6683729662077427,-0.4190212765955556,-8.723246558197928,0.13,0.24,0.25,15.596072818277671,57.16688933191795,-0.36194773313670614
3143.8400000000006,0.0,15.795714713067758,56.66098144319599,56.54949679400748,57.16816464918852,57.91737891635459,-2.8661884528867825,0.07,0.07,0.07,-0.4331578947368389,-2.691403508771935,15.33438596491232,-0.8240848938822393,-1.0366367041201243,-8.12952309612958,0.13,0.2446085594989505,0.25,15.574808876185372,57.07400545068664,-0.4398702762152981
3143.850000000001,0.0,15.775771551079444,56.62785285393261,56.504612898876445,57.17991995505616,58.07554121348301,-2.986158460384813,0.07,0.07,0.07,-0.4348722784159047,-2.688546202640159,15.313241899537177,-1.0687790262165502,-0.8718426966296703,-8.284329588014552,0.13,0.25,0.25,15.553545321115903,57.096981730337056,-0.5157510692121335
3143.8600000000006,0.0,15.755828389091072,56.57123288888881,56.47552492883895,57.225697253433296,58.0822246392008,-3.0714633540373164,0.07,0.07,0.07,-0.4365866620949753,-2.6856888965083745,15.292097834161972,-1.3902027534414754,-0.5940600750942052,-8.464145181476685,0.13,0.25,0.25,15.532282154658692,57.088669927590466,-0.6253632970734455
3143.870000000001,0.0,15.735885227102756,56.4761217777778,56.47231893632959,57.32722034956302,57.84070653682903,-3.1012770186335943,0.07,0.07,0.07,-0.438301045774041,-2.6828315903765985,15.270953768786828,-1.8357596996240644,-0.1334843554447874,-8.684420525656842,0.13,0.25,0.25,15.51101937841204,57.02909190012486,-0.7895462755789595
3143.880000000001,0.0,15.71594206511444,56.39631028699783,56.438952203643744,57.38368342899928,57.6450790616423,-3.153480000000122,0.0699957164275005,0.0699957164275005,0.0699957164275005,-0.4399443135575244,-2.6799871492825056,15.249802955665087,-2.077358302122488,-0.1168938826455359,-9.17713857677748,0.13,0.25,0.25,15.489750556608799,56.96600624532079,-0.7978377112848174
3143.890000000001,0.0,15.695998903126126,56.341835617669226,56.35563800349411,57.36552520588975,57.5254484152736,-3.2434799999999946,0.0695197639275604,0.0695197639275604,0.0695197639275604,-0.4337569310583035,-2.678559291782685,15.227909140667844,-1.9924644194758907,-0.8110262172265402,-10.105977528087312,0.13,0.25,0.25,15.467774298562535,56.89711181058168,-0.5565810466169681
3143.9000000000005,0.0,15.676055741137754,56.319649310229885,56.26908797734098,57.26370521159639,57.454961739420185,-3.337200000000154,0.069043811427619,0.069043811427619,0.069043811427619,-0.4275695485590648,-2.6771314342828614,15.206015325670537,-1.8940911367051747,-0.8516875312979364,-10.798597896844964,0.13,0.25,0.25,15.44580041693559,56.826851059646856,-0.4144970222189942
3143.9100000000008,0.0,15.656112579149438,56.35173861379533,56.17709864045337,57.02125269576858,57.46708436521157,-3.437200000000059,0.0685678589276789,0.0685678589276789,0.0685678589276789,-0.4213821660598439,-2.675703576783041,15.184121510673291,-1.77391086629968,0.1648372558818742,-11.109063595392492,0.13,0.25,0.25,15.423828921884935,56.754293578807214,-0.43285459909753454
3143.920000000001,0.0,15.636169417161124,56.383827917360776,56.085109303565766,56.77880017994078,57.47920699100296,-3.537199999999964,0.0680919064277388,0.0680919064277388,0.0680919064277388,-0.4151947835606229,-2.6742757192832207,15.16222769567605,-1.52888888889019,0.7054057428221164,-11.175031210987218,0.13,0.25,0.25,15.40185982362421,56.68173609796757,-0.39679821014619476
3143.9300000000007,0.0,15.616226255172752,56.30402198099073,56.00742804402206,56.68866530265117,57.49120063031515,-3.633488372093172,0.0676159539277974,0.0676159539277974,0.0676159539277974,-0.4090074010613843,-2.6728478617833966,15.140333880678744,-1.0844444444449743,0.4856803995008862,-10.850436953808128,0.13,0.25,0.25,15.379893132424286,56.62282898949478,-0.27382081084196186
3143.940000000001,0.0,15.596283093184436,56.0353176288146,55.95390128064036,56.85566880440208,57.50297651825912,-3.723510877719522,0.0671400014278573,0.0671400014278573,0.0671400014278573,-0.4028200185621634,-2.671420004283576,15.1184400656815,-0.9478378378370098,0.3595720720720146,-10.41452702702844,0.13,0.25,0.25,15.357928858613864,56.58696605802904,-0.2808024303376968
3143.9500000000007,0.0,15.57633993119612,55.89359374687336,55.88000972486255,56.91445938969498,57.36980300150117,-3.8135250000000087,0.0666640489279172,0.0666640489279172,0.0666640489279172,-0.3966326360629423,-2.669992146783756,15.096546250684256,-1.3081981981969724,0.384597097097012,-9.798911411413506,0.13,0.25,0.25,15.33596701257948,56.514466465733015,-0.497587171688075
3143.960000000001,0.0,15.55639676920775,55.965319609804936,55.771885662831366,56.7913478339169,56.99297458729347,-3.903525000000137,0.0661880964279758,0.0661880964279758,0.0661880964279758,-0.3904452535637038,-2.668564289283932,15.074652435686952,-1.5165626560160257,0.1005391912142881,-9.640756365451006,0.13,0.2455753646677381,0.2455753646677381,15.314007604766116,56.38038192346167,-0.5619576643713583
3143.9700000000007,0.0,15.536453607219434,55.957409442639424,55.64618840289937,56.715480239940014,56.77068271932015,-3.948822205551376,0.0657121439280357,0.0657121439280357,0.0657121439280357,-0.3842578710644828,-2.667136431784112,15.052758620689708,-1.4816150773839905,-0.6782925611567835,-10.214895157263014,0.13,0.24,0.24,15.292050645677755,56.272440201199736,-0.38234644039481236
3143.980000000001,0.0,15.516510445231118,55.81620474381424,55.49107718070504,56.718689437640585,56.8070536265933,-3.918814703675926,0.0652361914280957,0.0652361914280957,0.0652361914280957,-0.3780704885652618,-2.665708574284291,15.030864805692463,-1.4561783120461032,-1.396944653141601,-10.216493864264548,0.13,0.24,0.2445835515976747,15.270096145877442,56.208256247188295,-0.298834272098489
3143.9900000000007,0.0,15.496567283242747,55.67537341335324,55.407491327831984,56.6483461665415,56.877809392348176,-3.8888127968007424,0.0647602389281542,0.0647602389281542,0.0647602389281542,-0.3718831060660232,-2.664280716784467,15.00897099069516,-1.4461607813673885,-2.018031555221908,-9.289872276483443,0.13,0.24,0.25,15.248144115987877,56.15225507501873,-0.3711209660271955
3144.000000000001,0.0,15.476624121254432,55.53516836209051,55.44388042510628,56.45462773693422,57.006241500375104,-3.858820294926234,0.0642842864282142,0.0642842864282142,0.0642842864282142,-0.3656957235668022,-2.6628528592846465,14.987077175697916,-1.5418721917123284,-1.360134797804345,-9.042915626559834,0.13,0.24,0.25,15.226194566691996,56.10997950612653,-0.5090473234714108
3144.0100000000007,0.0,15.456680959266116,55.41940839370477,55.46745976017986,56.29737079190613,57.09863640269796,-3.873533383345872,0.0638083339282741,0.0638083339282741,0.0638083339282741,-0.3595083410675812,-2.6614250017848264,14.965183360700673,-1.806475287068792,1.3408137793248334,-9.88165751372749,0.13,0.24,0.25,15.204247508733038,56.07071883712218,-0.7518266499081098
3144.020000000001,0.0,15.45,55.34456452660496,55.46959815638272,56.2011429627778,57.13071234574073,-3.963555888972477,0.0633323814283327,0.0633323814283327,0.0633323814283327,-0.3533209585683426,-2.6599971442850023,14.943289545703369,-1.9221902377973383,2.7977246558201827,-10.531954943679349,0.13,0.24,0.25,15.182302952915133,56.03650449787656,-0.8437657693970129
3144.0300000000007,0.0,15.45,55.29560762309423,55.42551380654832,56.09413838040486,56.922912081979305,-4.109520000000402,0.0628564289283926,0.0628564289283926,0.0628564289283926,-0.3471335760691217,-2.658569286785182,14.921395730706124,-1.7970337922404314,2.2420300375475155,-10.87738673341641,0.13,0.24,0.25,15.160360910103918,55.93454297300667,-0.6916754441354731
3144.040000000001,0.0,15.45,55.29025896025994,55.30356429392657,55.96897967008254,56.31102505373685,-4.349520000000061,0.0623804764284525,0.0623804764284525,0.0623804764284525,-0.3409461935699007,-2.6571414292853617,14.89950191570888,-1.6201298701303657,0.9377897102944835,-11.041985514485752,0.13,0.24,0.25,15.138421391226599,55.71845699450147,-0.47173781536774306
3144.0500000000006,0.0,15.45,55.2580522263588,55.25227119880872,55.9192277736412,55.920042025316434,-4.511190000000051,0.0619045239285111,0.0619045239285111,0.0619045239285111,-0.3347588110706621,-2.6557135717855376,14.877608100711576,-1.360389610389819,-1.5647077922057828,-10.917110389610489,0.13,0.24,0.25,15.116484407272548,55.58739830603129,-0.1431915642108389
3144.060000000001,0.0,15.45,55.180504447753805,55.320258292380224,55.99677555224619,55.9019829535865,-4.541190000000008,0.061428571428571,0.061428571428571,0.061428571428571,-0.3285714285714411,-2.654285714285717,14.855714285714331,-1.1617021276597743,-2.91659574468186,-10.845744680851034,0.13,0.24,0.25,15.094549969293936,55.59988031149168,0.05330544234011833
3144.0700000000006,0.0,15.45,55.17463740694458,55.3192181164129,55.9651832375722,55.89267342992754,-4.515284715284806,0.0609526189286309,0.0609526189286309,0.0609526189286309,-0.3223840460722201,-2.652857856785897,14.833820470717088,-1.0615769712142489,-2.410963704631956,-10.860763454317864,0.13,0.24,0.25,15.072618088405806,55.5879280477143,0.03662491021331479
3144.080000000001,0.0,15.45,55.29759518860857,55.19412193854606,55.73744404196847,55.8990886185361,-4.395404595404384,0.0604766664286895,0.0604766664286895,0.0604766664286895,-0.3161966635729816,-2.651429999286073,14.811926655719782,-0.8538826466916678,-1.6404993757803763,-10.81232209737829,0.13,0.2446085594989802,0.25,15.050688775786677,55.5320624469148,0.01892603408156404
3144.0900000000006,0.0,15.45,55.1817489600002,55.03470956000008,55.66201203999993,56.00187827999989,-4.32,0.0600007139287494,0.0600007139287494,0.0600007139287494,-0.3100092810737606,-2.6500021417862523,14.79003284072254,-0.4743570536833488,-0.4469912609252682,-10.66250936329606,0.13,0.25,0.25,15.028762042679192,55.470087210000024,-0.0003995474086126716
3144.100000000001,0.0,15.45,54.6339089600002,54.81321956000008,55.862102039999925,56.27900827999989,-4.32,0.06,0.06,0.06,-0.3129957246793425,-2.6495007125534427,14.774522089156733,-0.5960810810789418,0.862409909906471,-9.750630630635554,0.13,0.25,0.25,15.01347139446667,55.39705971000002,-0.3154356530235128
3144.1100000000006,0.0,15.45,54.21476969300421,54.64259091092085,55.92884722697504,56.3558757725209,-4.308869999999953,0.06,0.06,0.06,-0.3159959496962246,-2.649000675050629,14.759020926569509,-1.527012012011491,2.358906406405569,-7.608488488489687,0.13,0.25,0.25,14.99819178193024,55.285520900855246,-1.1078606439961334
3144.120000000001,0.0,15.421630336966317,54.0284486059387,54.56396987418222,55.75437314544549,56.07047063915465,-4.278869999999953,0.06,0.06,0.06,-0.3189961747130982,-2.648500637547817,14.743519763982327,-2.1672202797200417,2.9342957042969284,-6.654910089908798,0.13,0.25,0.25,14.982913242007053,55.10431556618027,-1.526999537523829
3144.130000000001,0.0,15.3766348365164,53.99088528433035,54.37552730072085,55.635651979140846,55.83782750931242,-4.248869999999968,0.06,0.06,0.06,-0.3219963997299718,-2.6480006000450045,14.728018601395146,-2.342045454545161,2.035194805196316,-7.603961038959444,0.13,0.25,0.25,14.967635777981746,54.95997301837612,-1.3485894246089543
3144.140000000001,0.0,15.331639336066484,54.207701773031616,53.99928692326867,55.61226980879071,55.69540883536158,-4.2188700000000114,0.06,0.06,0.06,-0.3249966247468453,-2.6475005625421923,14.712517438807966,-2.476801801801641,0.407927927934369,-8.203400900900819,0.13,0.25,0.25,14.952359393152191,54.878666835113144,-1.1339157320665345
3144.1500000000005,0.0,15.286643835616442,54.34552321995464,53.82733750566904,55.432356916099536,55.60553678004536,-4.188867216804161,0.06,0.06,0.06,-0.3279968497637274,-2.647000525039379,14.697016276220742,-2.5468718718718324,-2.394874874873305,-8.238435935935916,0.13,0.25,0.25,14.937084090829478,54.80268860544214,-0.8606988750261182
3144.1600000000008,0.0,15.241648335166524,54.34013143361048,54.02575524313417,54.96866329050166,55.61092856638952,-4.158859714928711,0.06,0.06,0.06,-0.330997074780601,-2.6465004875365663,14.681515113633562,-2.478606393606788,-3.5073351648373343,-8.523119380618448,0.13,0.25,0.25,14.921809874338143,54.736369633408955,-0.6790127143251481
3144.170000000001,0.0,15.19665283471661,54.35301576999992,54.197005489999775,54.795694029999424,55.62225939999996,-4.106565000000019,0.06,0.06,0.06,-0.3339972997974745,-2.646000450033754,14.666013951046384,-2.1888961038965906,-1.913928571431248,-9.207435064933916,0.13,0.25,0.25,14.906536747015988,54.741993672499774,-0.6438470831345706
3144.1800000000007,0.0,15.151657334266568,54.39688576999998,54.32219548999995,55.11562402999988,55.64365939999999,-4.016564999999892,0.06,0.06,0.06,-0.3369975248143567,-2.6455004125309407,14.650512788459158,-1.9257446808509973,-0.4397872340421658,-10.204468085106836,0.13,0.2454075235109528,0.2454075235109528,14.891264712214262,54.86959117249995,-0.5578725928681286
3144.190000000001,0.0,15.106661833816652,54.39473699300711,54.40450916083915,55.17726615384667,55.48421398601463,-3.96,0.06,0.06,0.06,-0.3399977498312302,-2.645000375028128,14.63501162587198,-1.7054693366711544,0.8418147684587384,-11.706345431787586,0.13,0.24,0.24,14.875993773297878,54.86518157342689,-0.3898733431791538
3144.2000000000007,0.0,15.061666333366736,54.3145671628373,54.41412954045953,54.80100241758306,55.01816003996084,-3.96,0.06,0.06,0.06,-0.3429979748481038,-2.644500337525316,14.619510463284795,-1.206629213485909,1.4973408239710462,-12.52041198501956,0.13,0.24,0.2446013548723146,14.860723933645192,54.63696479021018,-0.1673172433988806
3144.210000000001,0.0,15.016670832916692,54.251816293167686,54.40803629316769,54.597324477018674,54.78332902360256,-3.9488605697150656,0.06,0.06,0.06,-0.3459981998649858,-2.6440003000225025,14.604009300697571,-0.2628089887651701,1.1527715355809351,-12.235767790262512,0.13,0.24,0.25,14.845455196648233,54.51012652173915,0.14238811042513838
3144.2200000000007,0.0,15.0,54.218852318012445,54.37507231801245,54.68877292422353,54.94389548322968,-3.918875562218861,0.06,0.06,0.06,-0.3489984248818594,-2.64350026251969,14.588508138110392,0.2625531914896614,0.7044680851076118,-11.684680851065789,0.13,0.24,0.25,14.830187565712878,54.55664826086953,0.28203056935982695
3144.230000000001,0.0,15.0,54.17971161500011,54.28863119500039,54.73274325500009,55.029291615000105,-3.9,0.06,0.06,0.06,-0.351998649898733,-2.643000225016878,14.573006975523214,0.112365456821373,0.0886983729676293,-10.703454317899636,0.13,0.24,0.25,14.814921044258657,54.55759442000017,0.14712704765542525
3144.2400000000007,0.0,15.0,54.129421615000034,54.10566119500013,54.69101325500003,54.97900161500004,-3.9,0.06,0.06,0.06,-0.3549988749156151,-2.6425001875140643,14.55750581293599,-0.043445692883881,-0.5187890137327833,-9.63665418227226,0.13,0.24,0.25,14.799655635718972,54.47627442000006,-0.0034767465883401433
3144.250000000001,0.0,15.0,54.03411992500028,53.95511487000015,54.70688295999981,55.06031358999948,-3.8223661830916025,0.06,0.06,0.06,-0.3579990999324887,-2.642000150011252,14.54200465034881,-0.2082397003743353,-1.1130461922589667,-8.433158551811673,0.13,0.24,0.25,14.78439134354128,54.43910783624993,-0.1791601969653809
3144.2600000000007,0.0,15.0,53.85756992500029,53.86309487000015,54.826722959999806,55.37917358999948,-3.6122611305653054,0.06,0.06,0.06,-0.3609993249493622,-2.64150011250844,14.526503487761628,-0.5819148936156027,-1.1965957446823297,-7.6440425531917295,0.13,0.24,0.25,14.769128171186908,54.48164033624993,-0.41538365487122586
3144.270000000001,0.0,15.0,53.65588014620599,53.74349337534646,54.8919165263423,55.47820262162817,-3.446713251809121,0.06,0.06,0.06,-0.3639995499662443,-2.641000075005626,14.511002325174404,-1.2928035043808548,-0.4556695869833342,-7.523892365456757,0.13,0.24,0.25,14.753866122131253,54.44237316738072,-0.7493416347370611
3144.2800000000007,0.0,15.0,53.40881183261912,53.574105928913546,54.85847059742879,55.1804259642047,-3.3568704766657365,0.06,0.06,0.06,-0.3669997749831179,-2.6405000375028136,14.495501162587225,-1.9280769230767545,0.1173076923075923,-7.855769230768885,0.13,0.24,0.25,14.738605199863981,54.25545358079154,-0.9720334478440577
3144.290000000001,0.0,15.0,53.26261073412696,53.431473293650896,54.78681936507951,54.96837968253975,-3.2889789789789825,0.06,0.06,0.06,-0.3699999999999914,-2.640000000000001,14.480000000000045,-2.442562437561375,0.4220029970023676,-8.909715284713108,0.13,0.24,0.25,14.723345407888837,54.11232076884927,-1.016988397169227
3144.3000000000006,0.0,15.0,53.285963908730174,53.333814563492,54.65094634920626,54.900443174603126,-3.2589489489489,0.06,0.06,0.06,-0.3694869032042899,-2.63794761281716,14.46152851535444,-2.848178178178013,0.3109609609615218,-9.876291291290698,0.13,0.24,0.25,14.704798372640708,54.04279199900789,-0.9953753139697195
3144.310000000001,0.0,15.0,53.27011597007484,53.24244219451374,54.444315291770685,54.819418334164624,-3.24,0.06,0.06,0.06,-0.3689738064085799,-2.63589522563432,14.44305703070888,-3.078408408407989,-0.469819819818397,-10.702117117115613,0.13,0.24,0.25,14.686251451702937,53.94407294763097,-0.8665233898618442
3144.3200000000006,0.0,14.981905424891911,53.183662104738254,53.16239231920208,54.11024047880337,54.714819830424055,-3.24,0.06,0.06,0.06,-0.3684607096128698,-2.63384283845148,14.424585546063316,-3.041153846155065,-0.8634615384621283,-11.319615384614638,0.13,0.2446037539103161,0.25,14.667704645509103,53.79277868329194,-0.7196289298462499
3144.330000000001,0.0,14.95207100591716,53.11928288451839,53.11583816439739,53.83867901159849,54.64172183560261,-3.306050923614884,0.06,0.06,0.06,-0.3679476128171584,-2.6317904512686336,14.406114061417703,-2.576618381618428,-0.6386863136863361,-11.604330669330642,0.13,0.25,0.25,14.649157954494978,53.678880474029214,-0.5439132761071328
3144.3400000000006,0.0,14.922236586942493,53.09554107917299,53.13094658598082,53.6821989309129,54.626613414019175,-3.485781328008208,0.06,0.06,0.06,-0.3674345160214483,-2.6297380640857937,14.38764257677214,-2.098260325407239,-0.3082603254072392,-11.521151439299771,0.13,0.25,0.25,14.63061137909869,53.63382500252147,-0.4302183286587445
3144.350000000001,0.0,14.892402167967823,53.0782074875869,53.15224256206547,53.5634636444887,54.50102272095402,-3.654716037027884,0.06,0.06,0.06,-0.3669214192257383,-2.6276856769029533,14.36917109212658,-1.5976345431803236,0.1923654568196764,-10.845306633293436,0.13,0.25,0.25,14.612064919760442,53.57373410377377,-0.4164366339025731
3144.3600000000006,0.0,14.862567748993074,53.07183211519365,53.18411942403177,53.50927297914599,54.18650434955318,-3.804828621466568,0.06,0.06,0.06,-0.3664083224300268,-2.625633289720108,14.350699607480966,-1.172569288389757,0.4845992509363616,-10.287543071161345,0.13,0.25,0.25,14.593518576922659,53.48793221698115,-0.3884900445512582
3144.370000000001,0.0,14.832733330018408,53.05408969847997,53.19521451283331,53.494386832793374,53.94842838773992,-3.921949025487391,0.06,0.06,0.06,-0.3658952256343167,-2.623580902537267,14.332228122835405,-0.8679500624221212,0.4446491885143765,-9.918004993757982,0.13,0.25,0.25,14.574972351030183,53.42302985796164,-0.33796413554051324
3144.380000000001,0.0,14.80289891104374,53.01569448293052,53.16855116870175,53.55091312235229,53.849240747570505,-3.9819190404798,0.06,0.06,0.06,-0.3653821288386067,-2.621528515354427,14.313756638189844,-0.5976138069036193,-0.003426713355817,-9.64210105052536,0.13,0.2454118873826875,0.2454118873826875,14.556426242529959,53.39609988038876,-0.24234225496553846
3144.390000000001,0.0,14.773064492069071,52.954860965622,53.135344216380254,53.54777349848349,53.83740594539915,-3.998094523630942,0.06,0.06,0.06,-0.3648690320428967,-2.619476128171587,14.295285153544285,-0.3825062531270025,-1.1089794897426153,-9.517038519259884,0.13,0.24,0.24,14.53788025187126,53.36884615647122,-0.07407229487316358
3144.4000000000005,0.0,14.74323007309432,52.85208037917083,53.08990437815974,53.43309200202219,53.98887207280088,-3.938079519879872,0.06,0.06,0.06,-0.3643559352471852,-2.617423740988741,14.276813668898669,-0.2768665667166008,-1.580824587706465,-9.27496251874088,0.13,0.24,0.24,14.519334379505597,53.34098720803841,-0.02616768949582106
3144.4100000000008,0.0,14.713395654119651,52.755828217542735,53.01817923064174,53.33828788923896,54.090267424970975,-3.9,0.06,0.06,0.06,-0.3638428384514751,-2.6153713538059007,14.258342184253108,-0.3468315842077447,-1.0360969515254164,-8.845177411295282,0.13,0.24,0.24,14.50078862588696,53.3006406905986,-0.17134917397507032
3144.420000000001,0.0,14.7,52.67066821091044,52.90179388824426,53.27725655115248,54.1065897595755,-3.9,0.06,0.06,0.06,-0.3633297416557651,-2.6133189666230607,14.239870699607543,-0.6045336334064592,-0.5122830707693483,-8.5780845211303,0.13,0.24,0.2445881126172964,14.482242991471484,53.239077102470674,-0.3527801507229744
3144.4300000000007,0.0,14.7,52.58550820427789,52.78540854584645,53.21622521306582,54.12291209418007,-3.9,0.06,0.06,0.06,-0.3628166448600536,-2.6112665794402146,14.221399214961933,-1.1646736684164498,-0.0221605401356064,-8.57308327081771,0.13,0.24,0.25,14.463697476717659,53.17751351434256,-0.5926078291166184
3144.440000000001,0.0,14.7,52.48384676669179,52.68374385096281,53.18711851462863,54.01869661415383,-3.910914542728684,0.06,0.06,0.06,-0.3623035480643436,-2.6092141922573746,14.20292773031637,-1.6423074999992746,0.3068449999998528,-8.591092499999885,0.13,0.24,0.25,14.44515208208647,53.09335143660927,-0.7844923921024731
3144.4500000000007,0.0,14.7,52.35220385596419,52.60882512128043,53.216015738934686,53.695475808952736,-3.940899550224888,0.06,0.06,0.06,-0.3617904512686336,-2.607161805074534,14.184456245670807,-1.9873074999987843,0.3768449999997533,-8.646092499999806,0.13,0.24,0.25,14.426606808041115,52.968130131283004,-0.8993054279731353
3144.460000000001,0.0,14.7,52.28631291479823,52.5476520179372,53.23274470852017,53.45759345291476,-4.0034622100276,0.06,0.06,0.06,-0.3612773544729221,-2.6051094178916885,14.165984761025197,-2.146310000000218,0.0614275000014562,-8.91393499999905,0.13,0.24,0.25,14.408061655047185,52.88107577354259,-0.8793684279504982
3144.4700000000007,0.0,14.7,52.339626317887365,52.51139890383659,53.22741336821127,53.37442454409572,-4.123192816163622,0.06,0.06,0.06,-0.360764257677212,-2.603057030708848,14.147513276379634,-2.006310000000218,-0.8735724999985437,-9.52393499999905,0.13,0.24,0.25,14.389516623572806,52.863215783507734,-0.6428124002118444
3144.480000000001,0.0,14.7,52.34635787234054,52.469111914893695,53.105957702128144,53.32434697872338,-4.221542313470126,0.06,0.06,0.06,-0.360251160881502,-2.601004643526008,14.129041791734071,-1.8548212946766471,-1.3924893776558651,-9.946008497875308,0.13,0.24,0.25,14.370971714088379,52.81144361702144,-0.47410461381508356
3144.4900000000007,0.0,14.7,52.26600743429277,52.415544956195184,52.76741452315357,53.33613170963706,-4.281632448673044,0.06,0.06,0.06,-0.3553393183201586,-2.6004438744456992,14.110456699417467,-1.684863784053954,-1.2425268682829005,-10.06597850537368,0.13,0.24,0.25,14.352475836643016,52.69627465581965,-0.4144670771901288
3144.500000000001,0.0,14.7,52.18939289902277,52.31867120521166,52.59098794788278,53.370129185667786,-4.330839580209893,0.06,0.06,0.06,-0.3462096774193755,-2.6013133640552977,14.091762672811104,-1.5301850925463745,-0.7878839419717223,-10.10551275637826,0.13,0.24,0.25,14.334031797982863,52.61729530944625,-0.4038152836750679
3144.5100000000007,0.0,14.7,52.11968605863199,52.14172307191198,52.71431543472801,53.44519809070401,-4.36082458770614,0.06,0.06,0.06,-0.3370800365185925,-2.602182853664896,14.073068646204735,-1.4001200600302806,0.1575887943952683,-10.015467733867116,0.13,0.24,0.25,14.315594283008922,52.60523066399399,-0.4720778596084092
3144.520000000001,0.0,14.68077076478218,52.05802305999998,52.02349576499999,52.81586233000002,53.425491084999926,-4.455629370629762,0.06,0.06,0.06,-0.3279503956177834,-2.6030523432744967,14.05437461959832,-1.2681859070465555,0.7841379310344156,-9.896671664168013,0.13,0.24,0.25,14.29716331695984,52.58071805999998,-0.5109010582154778
3144.5300000000007,0.0,14.645871971283356,52.01094306000005,52.01172576500001,52.87792232999994,53.2339610850002,-4.665419580419607,0.06,0.06,0.06,-0.3188207547170003,-2.603921832884095,14.035680592991952,-1.1332533733136352,0.8990804597698663,-9.731754122938888,0.13,0.24,0.25,14.278738925195729,52.53363806000005,-0.502498589027818
3144.540000000001,0.0,14.610973177784537,51.95093738565377,51.9752379655088,52.87646839790079,53.09759014246447,-4.821515378844638,0.06,0.06,0.06,-0.3096911138162173,-2.6047913224936936,14.016986566385588,-1.034668501376165,0.5464673505165545,-9.670245183887568,0.13,0.24,0.25,14.260321133198552,52.47505847288196,-0.44203453139315796
3144.5500000000006,0.0,14.576074384285617,51.867498245438654,51.89393829042741,52.75986754811299,53.06121923519121,-4.881530382595709,0.06,0.06,0.06,-0.3005614729154082,-2.6056608121032947,13.99829253977917,-0.9946384788591824,-0.5593620215150881,-9.775323992994648,0.13,0.24,0.25,14.24190996657292,52.395630829792566,-0.2977010218723808
3144.560000000001,0.0,14.541175590786796,51.76774111944037,51.82061869065471,52.66263971014497,53.03586169915043,-4.963058470764682,0.06,0.06,0.06,-0.2914318320146251,-2.606530301712893,13.979598513172805,-1.0622338830581588,-1.3533708145923202,-9.889960019989836,0.13,0.2444127155172533,0.25,14.223505451046947,52.321715304847615,-0.22048811398241228
3144.5700000000006,0.0,14.506276797287974,51.63833582208908,51.76179810094958,52.60061072463773,53.0305143728136,-5.08299850074967,0.06,0.06,0.06,-0.282302191113842,-2.607399791322491,13.96090448656644,-1.3021139430281357,-1.648223388305417,-10.019895052473574,0.13,0.25,0.25,14.205107612472606,52.257814755122496,-0.2507205384818484
3144.580000000001,0.0,14.471378003789054,51.54754317999998,51.704482219999925,52.52455589999986,53.02781756,-5.192228057014514,0.06,0.06,0.06,-0.273172550213033,-2.608269280932092,13.94221045996002,-1.3866908454225793,-1.3753251625803418,-10.023261630815249,0.13,0.2454066736183332,0.2454066736183332,14.18671647682657,52.20109971499994,-0.30699058622064407
3144.5900000000006,0.0,14.436479210290234,51.52721318,51.64991222,52.4229059,53.02995756,-5.282250562640863,0.06,0.06,0.06,-0.2640429093122499,-2.60913877054169,13.923516433353656,-1.2216083041521524,-0.1897323661836394,-9.823161580790488,0.13,0.24,0.24,14.16833207021106,52.15749721500001,-0.40511772581574257
3144.600000000001,0.0,14.401580416791411,51.49288421683745,51.606333085186144,52.35496902323258,53.00938722458165,-5.38294484651876,0.06,0.06,0.06,-0.2549132684114668,-2.610008260151289,13.90482240674729,-1.1795677161416431,0.5899600199897651,-9.653883058470988,0.13,0.24,0.24,14.149954418854206,52.11589338745945,-0.49769329407241
3144.6100000000006,0.0,14.366681623292491,51.4330091231576,51.58281072695477,52.34855383462403,52.94737373469894,-5.502735213376948,0.06,0.06,0.06,-0.2457836275106578,-2.6108777497608897,13.886128380140873,-1.3344902548724733,0.7198950524736873,-9.533943028485828,0.13,0.24,0.24,14.131583549110925,52.077936854858834,-0.5813820166626784
3144.620000000001,0.0,14.35,51.34374904095906,51.51821943556446,52.293909040959065,52.76818146353653,-5.62258935266206,0.06,0.06,0.06,-0.2366539866098747,-2.611747239370488,13.867434353534506,-1.4875106223441348,0.5584553861546335,-9.498340414896091,0.13,0.24,0.24,14.113219487463754,51.981014745254775,-0.62137024340731
3144.630000000001,0.0,14.35,51.200512277722346,51.37818946553453,52.15067227772235,52.37374589910109,-5.742559360160091,0.06,0.06,0.06,-0.2275243457090916,-2.6126167289800866,13.84874032692814,-1.6374731317166733,-0.0713871532100277,-9.598315421144449,0.13,0.24,0.24,14.094862260523254,51.77577998002008,-0.5911072167259558
3144.640000000001,0.0,14.35,51.1221173430072,51.23694759069321,52.04000012509389,52.11981189892418,-5.82,0.06,0.06,0.06,-0.2183947048083085,-2.613486218589685,13.830046300321774,-1.6779670063081036,-0.7257399320693279,-9.754774381367383,0.13,0.24,0.24,14.076511895028913,51.62971923942962,-0.512985594239491
3144.6500000000005,0.0,14.35,51.163878663997984,51.09345997498129,51.989672379284485,52.12623671753815,-5.82,0.06,0.06,0.06,-0.2092650639074995,-2.6143557081992856,13.811352273715356,-1.5421106259100084,-1.4195778748167436,-10.002227074235345,0.13,0.24,0.24,14.058168417849771,51.59331193395048,-0.35776539835272825
3144.6600000000008,0.0,14.35,51.17099304021995,51.02230874843855,51.86108877841672,52.16389583812122,-5.830671996002977,0.06,0.06,0.06,-0.2001354230067164,-2.615225197808884,13.79265824710899,-1.3869765645124912,-1.5864924027838392,-10.106976564512491,0.13,0.24,0.2438606847697648,14.039831855985321,51.55457160129911,-0.27245929564412197
3144.670000000001,0.0,14.35,51.11432554084453,51.08432223832108,51.58844326255388,52.259054469147856,-5.860649512865302,0.06,0.06,0.06,-0.1910057821059333,-2.6160946874184825,13.773964220502624,-1.1912516095807226,-0.643922225086111,-9.911251609580724,0.13,0.24,0.25,14.021502236565937,51.51153637771684,-0.3343636127338638
3144.6800000000007,0.0,14.35,51.07752,51.10169423279104,51.40948247809763,52.34827181977465,-5.869364999999982,0.06,0.06,0.06,-0.1818761412051243,-2.616964177028084,13.755270193896209,-1.096668335419251,0.0923904881100051,-9.736663329161498,0.13,0.24,0.25,14.003179586853744,51.48424213266583,-0.405587105945951
3144.690000000001,0.0,14.35,51.07752,51.036342543179046,51.404125782227794,52.426479579474254,-5.839364999999983,0.06,0.06,0.06,-0.1727465003043412,-2.617833666637682,13.736576167289842,-1.1667559449310192,0.4928911138915378,-9.596488110137962,0.13,0.24,0.25,13.984863934243492,51.48611697622027,-0.4919833445131204
3144.7000000000007,0.0,14.35,51.029976083916274,51.00349331668328,51.43009194805183,52.34840956044008,-5.82,0.06,0.06,0.06,-0.1636168594035581,-2.6187031562472805,13.717882140683477,-1.254044999999639,0.7361700000000314,-9.506170000000033,0.13,0.24,0.25,13.966555306263002,51.452992727272864,-0.5602623733890273
3144.710000000001,0.0,14.35,50.89529076923062,51.03021659340662,51.51346857142866,51.98390406593367,-5.82,0.06,0.06,0.06,-0.1544872185027491,-2.619572645856881,13.699188114077057,-1.369044999999966,0.726170000000003,-9.496170000000005,0.13,0.24,0.25,13.948253730574033,51.35571999999989,-0.5993551923964889
3144.7200000000007,0.0,14.329282222665723,50.79098357410646,51.03404285928517,51.52890595851036,51.77137047238191,-5.82,0.06,0.06,0.06,-0.1525423587578365,-2.6211299372257053,13.678418143436522,-1.3749875187220906,0.2094608087881816,-9.723280079879558,0.13,0.24,0.25,13.928126730674505,51.281325716070974,-0.5132509787445655
3144.730000000001,0.0,14.284389964086348,50.742845608597946,50.99553248687836,51.4187235041242,51.83983335666069,-5.82,0.06,0.06,0.06,-0.1575420809954851,-2.6233520359979936,13.655641631020568,-1.205242136795303,-1.123539690460415,-10.332366450322738,0.13,0.24,0.25,13.906233989363233,51.2492337390653,-0.22545859498593507
3144.7400000000007,0.0,14.239497705506846,50.70446500748879,50.940187663504815,51.31233398402405,51.86445291562661,-5.82,0.06,0.06,0.06,-0.162541803233148,-2.625574134770288,13.632865118604547,-1.1341402545544226,-1.7811954080364667,-10.766900424257372,0.13,0.24,0.25,13.88434624737649,51.205359892661065,-0.0674339698715273
3144.750000000001,0.0,14.19460544692747,50.6841654568148,50.85364747378943,51.21297302546194,51.807827853220246,-5.82,0.06,0.06,0.06,-0.1675415254707966,-2.6277962335425764,13.610088606188592,-1.223983029697935,-1.3369727976046542,-10.916638382829891,0.13,0.24,0.25,13.862463528395022,51.13965345232161,-0.12113568781149567
3144.7600000000007,0.0,14.149713188348096,50.64898780804811,50.75220041989528,51.14925519620094,51.776084248937735,-5.82,0.06,0.06,0.06,-0.1725412477084453,-2.6300183323148647,13.587312093772638,-1.2459959859509722,-0.7331836427510096,-10.95332664325162,0.13,0.24,0.25,13.840585856243704,51.08163191827052,-0.18575991056297858
3144.770000000001,0.0,14.104820929768591,50.58587358660334,50.62276277930516,51.152464393901525,51.79106050487378,-5.82,0.06,0.06,0.06,-0.1775409699461081,-2.632240431087159,13.56453558135662,-1.155679879578569,0.1348544907170872,-10.802799799297617,0.13,0.24,0.25,13.818713254892769,51.03804031617095,-0.26847226545282865
3144.7800000000007,0.0,14.059928671189216,50.4907555694619,50.5415857922403,51.18355686608256,51.764408040050114,-5.7988905547226,0.06,0.06,0.06,-0.1825406921837568,-2.6344625298594475,13.541759068940664,-1.115336165958436,0.635493626593519,-10.497210697326702,0.13,0.2445913586673713,0.25,13.796845748459068,50.99507656695872,-0.3532297648149656
3144.790000000001,0.0,14.015036412609842,50.33541138923668,50.551227844806,51.267121321652,51.659416801001335,-5.738920539730191,0.06,0.06,0.06,-0.1875404144214054,-2.636684628631736,13.518982556524708,-1.1553261684577796,0.545516120969996,-9.942349412648309,0.13,0.25,0.25,13.774983361206777,50.95329433917401,-0.44127496057167326
3144.8000000000006,0.0,13.970144154030338,50.1936385364634,50.49996692307672,51.23816911588383,51.54740980519465,-5.710519480519504,0.06,0.06,0.06,-0.1925401366590682,-2.6389067274040303,13.496206044108687,-1.239364999999954,0.1721100000002453,-9.52148500000006,0.13,0.2454639175257602,0.2454639175257602,13.75312611754865,50.869796095154655,-0.49436178117097485
3144.810000000001,0.0,13.925251895450964,50.07712504995011,50.33535153846162,50.99979748751261,51.42234487012993,-5.740489510489524,0.06,0.06,0.06,-0.1975398588967169,-2.6411288261763186,13.473429531692734,-1.394364999999954,-0.6578899999997547,-9.31648500000006,0.13,0.24,0.24,13.731274042047312,50.70865473651357,-0.49113184596767434
3144.8200000000006,0.0,13.9,50.03121782499986,50.25917329999985,50.90338017499972,51.33330350000004,-5.770467383154211,0.06,0.06,0.06,-0.2025395811343655,-2.643350924948607,13.45065301927678,-1.5053199999999665,-1.210214999999912,-9.329794999999692,0.13,0.24,0.24,13.709427159415972,50.63176869999987,-0.4689456474001584
3144.830000000001,0.0,13.9,50.1178878250001,50.34905330000011,51.0735101750002,51.31190349999997,-5.800459885028804,0.06,0.06,0.06,-0.2075393033720284,-2.645573023720902,13.42787650686076,-1.5453200000000231,-1.315215000000061,-9.694795000000212,0.13,0.24,0.24,13.687585494519736,50.71308870000009,-0.4162215519767848
3144.8400000000006,0.0,13.9,50.17332647367107,50.37355185924624,51.02491455952049,51.30721938607439,-5.830444555444598,0.06,0.06,0.06,-0.212539025609677,-2.6477951224931897,13.405099994444804,-1.5221130282571316,-0.956679169793042,-10.236054013502931,0.13,0.24,0.24,13.665749072376894,50.71975306962805,-0.3637966482109315
3144.850000000001,0.0,13.9,50.170122081357626,50.27528382830052,50.565618327926366,51.33392265535311,-5.860414585414618,0.06,0.06,0.06,-0.2175387478473257,-2.650017221265478,13.38232348202885,-1.3970817704427567,0.1485971492860303,-11.061260315077806,0.13,0.24,0.24,13.643917918159701,50.58623672323441,-0.3118537320497706
3144.8600000000006,0.0,13.9,50.100208515644375,50.15811868335405,50.35792933166483,51.345543349186464,-5.911216216216516,0.06,0.06,0.06,-0.2225384700849885,-2.652239320037773,13.35954696961283,-1.321917500000004,0.810824999999963,-11.420434999999712,0.13,0.24,0.24,13.622092057195678,50.49044996996243,-0.30111593599153796
3144.870000000001,0.0,13.9,49.9030821076347,50.004917181476976,50.63004948185208,51.32840192240302,-6.001306306306508,0.06,0.06,0.06,-0.2275381923226371,-2.6544614188100613,13.336770457196875,-1.3269174999999966,0.7608250000000341,-11.030435000000269,0.13,0.24,0.24,13.600271514968954,50.4666126733417,-0.35661792231521927
3144.880000000001,0.0,13.9,49.76276946763316,49.85401926018528,50.79564814296434,51.20303600100048,-6.0600000000000005,0.06,0.06,0.06,-0.2325379145602858,-2.6566835175823496,13.313993944780922,-1.3415078769691884,0.607249312328658,-10.542580645162452,0.13,0.24,0.2445885416666547,13.578456317121061,50.40386821794581,-0.41937951517124067
3144.890000000001,0.0,13.9,49.72960775806059,49.70746589852582,50.76034696825804,50.8735583704084,-6.0600000000000005,0.06,0.06,0.06,-0.2375376367979344,-2.658905616354638,13.291217432364968,-1.3715153788446384,0.2871692923238587,-9.897419354840276,0.13,0.24,0.25,13.55664648945233,50.267744748813215,-0.4938113751125728
3144.9000000000005,0.0,13.9,49.670925745690845,49.61494948288782,50.68546804396718,50.63736321758687,-6.08070000000008,0.06,0.06,0.06,-0.242862893920344,-2.657657632246991,13.274274212159312,-1.3919199999999976,-0.3227999999994378,-9.373280000000172,0.13,0.24,0.25,13.539884871559352,50.15217662253318,-0.5165593638821138
3144.9100000000008,0.0,13.9,49.56400593554855,49.62457226580063,50.53578030976797,50.57748812390719,-6.1406999999999945,0.06,0.06,0.06,-0.2485040642067572,-2.6530421292853807,13.262991871586486,-1.3969199999999904,-1.39779999999791,-9.04328000000064,0.13,0.24,0.25,13.528020557179072,50.07546165875608,-0.4563978093130316
3144.920000000001,0.0,13.885197055436064,49.47119841259339,49.608891367025855,50.34213160563457,50.52187068434147,-6.186896551724113,0.06,0.06,0.06,-0.2541452344931703,-2.64842662632377,13.25170953101366,-1.390402399400228,-1.770152461886886,-8.947493126717447,0.13,0.24,0.25,13.516159176689012,49.98602301739882,-0.4299867642111337
3144.9300000000007,0.0,13.845134959186796,49.4052431516156,49.54506369511187,50.06483583098601,50.47435452858328,-6.206886556721659,0.06,0.06,0.06,-0.2597864047795994,-2.6438111233621457,13.2404271904408,-1.3654086478380674,-1.0153411647096309,-9.227423144213647,0.13,0.24,0.25,13.50430073782,49.87237430157418,-0.4577171613802356
3144.940000000001,0.0,13.805072862937642,49.339287890638,49.48123602319806,49.78754005633824,50.42683837282522,-6.226876561719148,0.06,0.06,0.06,-0.2654275750660126,-2.639195620400536,13.229144849867977,-1.3174269298028112,-0.1897801648781474,-9.415328503622208,0.13,0.24,0.25,13.492445248328236,49.75872558574988,-0.49901144340738834
3144.9500000000007,0.0,13.765010766688489,49.27831837156548,49.40088313587109,49.63937526594388,50.43543206957381,-6.250299850074944,0.06,0.06,0.06,-0.2710687453524257,-2.6345801174389245,13.21786250929515,-1.2324906320262243,0.7495153634746963,-9.455298526105306,0.13,0.24,0.25,13.48059271599516,49.68850221073857,-0.5621105103500359
3144.960000000001,0.0,13.724948670439218,49.22761002772873,49.28651963700523,49.75697546760782,50.55950567683394,-6.280284857571234,0.06,0.06,0.06,-0.2767099156388549,-2.629964614477301,13.206580168722292,-1.2563999999997686,1.232590000000295,-9.686279999999376,0.13,0.24,0.25,13.46874314862766,49.70765270229393,-0.5854151810325929
3144.9700000000007,0.0,13.684886574190063,49.20350632841788,49.21144,49.84116160959759,50.510514136466014,-6.3205397301349056,0.06,0.06,0.06,-0.282351085925268,-2.62534911151569,13.195297828149466,-1.4563999999994843,0.9775900000006574,-10.226279999998608,0.13,0.24,0.25,13.456896554058272,49.69165551862037,-0.5443404357754147
3144.980000000001,0.0,13.644824477940908,49.23024964258932,49.21144,49.86148652836789,50.13075907523162,-6.3805097451274,0.06,0.06,0.06,-0.2879922562116811,-2.620733608554079,13.18401548757664,-1.606739999999758,0.4762000000031105,-10.369000000001728,0.13,0.24,0.2454355764215047,13.445052940145066,49.60848381154721,-0.5210921702611271
3144.9900000000007,0.0,13.60476238169164,49.17793084941104,49.17539191180148,49.81230760210461,49.91436538712109,-6.399494620965606,0.06,0.06,0.06,-0.2936334264981103,-2.6161181055924554,13.17273314700378,-1.676739999999957,-0.4237999999994475,-9.869000000000309,0.13,0.24,0.24,13.43321231477184,49.51999893760955,-0.5266836023417965
3145.000000000001,0.0,13.564700285442486,48.974172392884135,49.07029544475076,49.62999740415949,50.01088255073909,-6.339449587190303,0.06,0.06,0.06,-0.2992745967845234,-2.6115026026308445,13.161450806430954,-1.5748400000004397,-1.0965099999996473,-9.615389999999833,0.13,0.24,0.24,13.421374685848326,49.42133694813337,-0.46089373522492016
3145.0100000000007,0.0,13.52463818919333,48.84233491754122,48.958238215892266,49.48799837081471,50.03335132933553,-6.3,0.06,0.06,0.06,-0.3049157670709365,-2.6068870996692337,13.150168465858128,-1.1948400000009796,-1.4015099999992138,-9.760389999999626,0.13,0.24,0.24,13.409540061310075,49.330480708395925,-0.2796231275211627
3145.020000000001,0.0,13.5,48.84554331334333,48.83311077961008,49.421691524237815,49.91677961519229,-6.3,0.06,0.06,0.06,-0.3105569373573657,-2.60227159670761,13.13888612528527,-0.8969700000001013,-1.1564300000006968,-9.7869700000001,0.13,0.24,0.24,13.397708449118667,49.254281308095884,-0.20105423202961206
3145.0300000000007,0.0,13.5,48.87123852809549,48.74617782197911,49.34038111884632,49.86309234709102,-6.3,0.06,0.06,0.06,-0.3161981076437788,-2.597656093745999,13.127603784712443,-0.7319700000001013,-0.0214300000006968,-9.6219700000001,0.13,0.24,0.24,13.385879857261894,49.205222454002985,-0.2886362740978097
3145.040000000001,0.0,13.5,48.93934394828433,48.7312797613128,49.230773958229896,49.9280053257085,-6.3,0.06,0.06,0.06,-0.3218392779301919,-2.5930405907843883,13.116321444139617,-0.7465099999996472,0.6895499999999711,-9.47034000000015,0.13,0.24,0.24,13.374054293753664,49.207350748383874,-0.39039685332406593
3145.0500000000006,0.0,13.5,48.87289575909664,48.67309494102887,49.19721665244666,49.9509611693852,-6.310212446888324,0.06,0.06,0.06,-0.3274804482166211,-2.5884250878227646,13.105039103566758,-1.0515100000000803,0.7145500000000066,-9.340339999999966,0.13,0.24,0.24,13.362231766634205,49.173542130489345,-0.515095484811679
3145.060000000001,0.0,13.5,48.53994720200787,48.529175242158246,49.31428566122948,49.89081562358852,-6.340204948762832,0.06,0.06,0.06,-0.3331216185030342,-2.5838095848611538,13.093756762993932,-1.2705676419104093,0.6745961490373833,-9.05748937234354,0.13,0.24,0.24,13.35041228397025,49.06855593224603,-0.6273110454830853
3145.0700000000006,0.0,13.5,48.350920379904856,48.46434037990486,49.344968297925774,49.80947131717095,-6.370189810189814,0.06,0.06,0.06,-0.3387627887894474,-2.579194081899543,13.082474422421106,-1.3505876469116092,0.5295598899727086,-8.52735683921059,0.13,0.24,0.24,13.338595853854951,48.99242509372661,-0.7193314811172741
3145.080000000001,0.0,13.5,48.43756871782056,48.55098871782055,49.21018199450136,49.68752180454885,-6.40015984015992,0.06,0.06,0.06,-0.3444039590758765,-2.574578578937919,13.071192081848247,-1.497537500000108,0.0517624999995708,-8.41802500000024,0.13,0.24,0.24,13.326782484408058,48.97156530867283,-0.7355431649933684
3145.0900000000006,0.0,13.5,48.50654066980896,48.61086925328702,49.14010648970476,49.60115783676508,-6.42,0.06,0.06,0.06,-0.3499559988999742,-2.5699839995999905,13.05981199529989,-1.7525374999997456,-0.963237499998987,-8.98802499999943,0.13,0.24,0.24,13.314878005897949,48.96466856239145,-0.629370785573532
3145.100000000001,0.0,13.5,48.54157912180597,48.61936342346812,49.19425682460923,49.583107725130255,-6.42,0.06,0.06,0.06,-0.3444558613965416,-2.567983949598742,13.036311407785224,-1.735962500001101,-1.4637750000007983,-9.875499999996611,0.13,0.24,0.244575741801136,13.291298150541893,48.98457677375339,-0.43744760770927804
3145.1100000000006,0.0,13.5,48.525102294752514,48.56639897564622,49.1410972382622,49.5660406326889,-6.42,0.06,0.06,0.06,-0.3389557238930935,-2.565983899597488,13.01281082027049,-1.2809625000004543,-1.1337750000003295,-11.275499999998605,0.13,0.24,0.25,13.267720595486708,48.94965978533746,-0.107090134315069
3145.120000000001,0.0,13.492853948218476,48.40260166708502,48.38694630178245,48.8670826763744,49.55099669595781,-6.42,0.06,0.06,0.06,-0.3334555863896609,-2.5639838495962404,12.989310232755823,-0.9388000000003002,-0.4442250000023823,-12.0176000000006,0.13,0.24,0.25,13.244145353017686,48.80190683529992,0.048421274829522964
3145.130000000001,0.0,13.472976196392228,48.31356571290478,48.23750986466893,48.71519013533107,49.562167796036725,-6.4098650674662805,0.06,0.06,0.06,-0.3279554488862283,-2.561983799594992,12.965809645241158,-0.7788000000003001,0.8257749999976177,-11.6976000000006,0.13,0.24,0.25,13.22057243550634,48.70710837723538,-0.07833514524004348
3145.140000000001,0.0,13.453098444565978,48.29081075882071,48.14752436442736,48.805175635572645,49.625261077815296,-6.379880059970034,0.06,0.06,0.06,-0.3224553113827958,-2.559983749593744,12.942309057726492,-0.7737124999994073,1.4264000000011614,-11.211212500001826,0.13,0.24,0.25,13.197001855411411,48.71719295915901,-0.21269105352631829
3145.1500000000005,0.0,13.433220692739672,48.23795184841444,48.09151770043828,48.91469940190783,49.59508699664842,-6.370059701492584,0.06,0.06,0.06,-0.3169551738793476,-2.55798369959249,12.918808470211758,-1.0187124999997554,0.9464000000004792,-10.456212500000754,0.13,0.24,0.25,13.17343362527951,48.70981398685224,-0.3593154166466169
3145.1600000000008,0.0,13.413342940913422,48.102236457850005,48.12903252384634,49.07799922144877,49.308208935292704,-6.399910447761194,0.06,0.06,0.06,-0.3114550363759151,-2.555983649591242,12.895307882697091,-1.219724999999756,0.3229625000016038,-9.940275000000245,0.13,0.24,0.25,13.149867757746136,48.65436928460945,-0.44007336380268897
3145.170000000001,0.0,13.393465189087172,47.98250211422857,48.10730078156332,49.06449190380812,49.06430427855732,-6.410150602409672,0.06,0.06,0.06,-0.3059548988724825,-2.5539835995899938,12.871807295182425,-1.349724999999756,-0.5320374999983962,-9.810275000000244,0.13,0.24,0.25,13.126304265536062,48.55464976953933,-0.41449794662418443
3145.1800000000007,0.0,13.373587437260868,47.89565842685364,47.96363344689368,48.68709711422818,48.90884335671331,-6.38003012048188,0.06,0.06,0.06,-0.3004547613690344,-2.55198354958874,12.848306707667692,-1.3114249999998688,-1.2187375000001754,-9.454599999999695,0.1254242581988479,0.24,0.2454242581988479,13.1027431614643,48.3638080861722,-0.38405786152087484
3145.190000000001,0.0,13.353709685434618,47.82766056401298,47.835700384327446,48.48022811579733,48.83948802595456,-6.380024906600299,0.06,0.06,0.06,-0.2949546238656018,-2.5499834995874915,12.824806120153026,-1.0014250000003095,-1.6337374999995855,-8.73460000000072,0.12,0.24,0.24,13.079184458437105,48.24576927252308,-0.3457643582646708
3145.2000000000007,0.0,13.33383193360837,47.7977529024208,47.739568614924025,48.61801698527556,48.94416484152717,-6.439800747197944,0.06,0.06,0.06,-0.2894544863621692,-2.5479834495862432,12.80130553263836,-0.9591749999990564,-1.438650000002855,-8.54627499999838,0.12,0.24,0.24,13.055628169452364,48.27487583603689,-0.3803627306518689
3145.210000000001,0.0,13.313954181782062,47.72611729103721,47.65727523665658,48.61892723061421,49.0223236958711,-6.499689378757531,0.06,0.06,0.06,-0.283954348858721,-2.5459833995849896,12.777804945123629,-1.3491749999996108,-0.258650000001178,-9.216274999999332,0.12,0.24,0.24,13.032074307600611,48.25616086354478,-0.5326362225431814
3145.2200000000007,0.0,13.3,47.56879604229612,47.60339809667676,48.33876610271912,49.04602963746223,-6.559809619238446,0.06,0.06,0.06,-0.2784542113552885,-2.5439833495837414,12.75430435760896,-1.6339984996246628,0.6670367591887069,-9.849992498123314,0.12,0.24,0.24,13.008522886066032,48.13924746978856,-0.6286359005675161
3145.230000000001,0.0,13.3,47.45609219840482,47.512908878365074,48.15610156031904,49.02812329012971,-6.619909909909853,0.06,0.06,0.06,-0.2729540738518559,-2.541983299582493,12.730803770094294,-1.7490272568138874,1.1821655413839307,-10.425136284069437,0.12,0.24,0.24,12.984973918126894,48.03830648180466,-0.6337883104536344
3145.2400000000007,0.0,13.3,47.42942220837485,47.35182213858411,48.16143555832503,48.92997772681945,-6.679969969970102,0.06,0.06,0.06,-0.2674539363484077,-2.53998324958124,12.70730318257956,-1.8468099999999408,1.4214850000001722,-10.628715000000332,0.12,0.24,0.24,12.961427417156575,47.968164408025864,-0.6607016654851516
3145.250000000001,0.0,13.3,47.41062465801298,47.25875944583125,48.17322428856715,48.755792011982,-6.73999000999012,0.06,0.06,0.06,-0.2619537988449752,-2.537983199579992,12.683802595064892,-1.9168099999998416,1.2164850000004637,-10.233715000000894,0.12,0.24,0.24,12.9378833966246,47.89960010109835,-0.7226711645237537
3145.2600000000007,0.0,13.3,47.4074194658013,47.30042694458311,48.1977974288567,48.43099920119834,-6.799930069930076,0.06,0.06,0.06,-0.2564536613415427,-2.535983149578743,12.660302007550229,-1.885315000000612,0.634230000003734,-9.970850000000157,0.12,0.24,0.24,12.914341870097104,47.83416076010987,-0.6913311640031693
3145.270000000001,0.0,13.3,47.36004612863151,47.27381799850979,48.13892801092588,48.19122967469569,-6.84,0.06,0.06,0.06,-0.2509535238380945,-2.533983099577489,12.636801420035496,-1.6903150000000575,-0.5557699999996482,-9.920850000000016,0.12,0.24,0.24,12.890802851237865,47.74100545319072,-0.5096727268533929
3145.2800000000007,0.0,13.3,47.22400441023091,47.110142806059066,47.91254608889988,48.122145989570384,-6.84,0.06,0.06,0.06,-0.2454533863346619,-2.5319830495762408,12.613300832520828,-1.4302050000003066,-1.508309999999521,-9.882340000000015,0.12,0.24,0.24,12.867266353809388,47.59220982369006,-0.32910213932523996
3145.290000000001,0.0,13.3,47.13411543895055,46.987313814329006,47.762168728557,48.06648925327955,-6.84,0.06,0.06,0.06,-0.2399709763176561,-2.529983415038661,12.589892197751292,-1.0652050000008253,-2.078309999998712,-9.862340000000046,0.12,0.24,0.24,12.843822939485127,47.48752180877902,-0.15028404061229117
3145.3000000000006,0.0,13.3,47.14275317860747,46.95168313824419,47.77404562058527,48.03949631685166,-6.84,0.06,0.06,0.06,-0.2365564254530364,-2.528032243116021,12.577209580254136,-0.8265950000000103,-1.6505950000006016,-9.738930000000083,0.12,0.24,0.24,12.8309433320506,47.47699456357215,-0.1333061553805893
3145.310000000001,0.0,13.3,47.095126018495534,46.948247993001694,47.72351902024512,48.03061249687576,-6.859635273544853,0.06,0.06,0.06,-0.2331418745884265,-2.5260810711933868,12.564526962757013,-0.7915950000000104,0.3844049999993988,-9.448930000000086,0.12,0.24,0.24,12.818064538368345,47.44937638215453,-0.37704736079787365
3145.3200000000006,0.0,13.28536282306172,46.93680559860064,47.00815301674571,47.55022234441421,48.05735581104719,-6.919590307269503,0.06,0.06,0.06,-0.2297273237238165,-2.5241298992707524,12.55184434525989,-0.8217049999998867,1.611275000000063,-9.157015000000248,0.12,0.24,0.2445833333333345,12.805186560893619,47.38813419270193,-0.5589113099930233
3145.330000000001,0.0,13.235661033797216,46.82584319478008,46.985599521507936,47.44811775253746,48.03716283711936,-6.969784892446269,0.06,0.06,0.06,-0.2263127728591969,-2.5221787273481127,12.539161727762732,-0.9567050000000784,1.5362749999999563,-8.862014999999829,0.12,0.24,0.25,12.792309402091407,47.324180826486206,-0.6410930996868263
3145.3400000000006,0.0,13.185959244532857,46.80825982116966,46.800456940551136,47.4863874480425,47.92442238279371,-6.999799899950025,0.06,0.06,0.06,-0.2228982219945869,-2.5202275554254787,12.526479110265608,-1.0974643660914425,1.4152963240811252,-8.634028507126846,0.12,0.24,0.25,12.77943306443658,47.254881648139246,-0.7102862354681512
3145.350000000001,0.0,13.136257455268494,46.83035235309321,46.6523922133058,47.50849248252658,47.80805315040148,-7.059240000000157,0.06,0.06,0.06,-0.219483671129977,-2.5182763835028443,12.513796492768488,-1.247501875468692,1.2202475618907005,-8.513998499625046,0.12,0.24,0.25,12.76655755041373,47.199822549831765,-0.7585550906649717
3145.3600000000006,0.0,13.086555666003992,46.96109012166707,46.60585843127104,47.4863335387005,47.68174717059283,-7.179240000000328,0.06,0.06,0.06,-0.2160691202653573,-2.5163252115802046,12.501113875271328,-1.353422500000026,0.59186249999902,-8.595317500000299,0.12,0.24,0.25,12.753682862517309,47.183757315557855,-0.7164768584551984
3145.370000000001,0.0,13.036853876739633,46.9593916987744,46.543658283712894,47.44571513134861,47.57269471103336,-7.269812453113325,0.06,0.06,0.06,-0.2126545694007474,-2.5143740396575702,12.488431257774204,-1.388422499999976,-0.7331374999990974,-9.000317499999724,0.12,0.24,0.25,12.740809003251824,47.13036495621731,-0.5291600880811489
3145.380000000001,0.0,12.98715208747527,46.69597413560214,46.450498413810514,47.36861730798112,47.49773849387053,-7.299819954988775,0.06,0.06,0.06,-0.2092400185361374,-2.512422867734936,12.475748640277082,-1.381337817638414,-1.4964972595917068,-9.337897359242197,0.12,0.24,0.245414278269937,12.727935975131627,47.00320708781608,-0.3963151153326403
3145.390000000001,0.0,12.937450298210909,46.53828148166489,46.424928290386255,47.28353913280501,47.43412174925679,-7.32,0.06,0.06,0.06,-0.2058254676715274,-2.510471695812301,12.46306602277996,-1.3065994020929068,-1.356985550573426,-9.567095166915086,0.12,0.24,0.24,12.715063780681135,46.920217663528234,-0.3510369306841767
3145.4000000000005,0.0,12.887748508946403,46.58812290882056,46.5320343359761,47.18279582259674,47.39276396927656,-7.32,0.06,0.06,0.06,-0.2024109168069078,-2.5085205238896617,12.4503834052828,-1.2373533834587176,-0.5981503759419546,-9.811909774435772,0.12,0.24,0.24,12.70219242243478,46.92392925916749,-0.3696392792293181
3145.4100000000008,0.0,12.838046719682044,46.61346120451699,46.58776240903398,47.06516928983718,47.38658171643651,-7.339615672573004,0.06,0.06,0.06,-0.1989963659422978,-2.506569351967028,12.437700787785678,-1.1772030075189055,1.1863107769391323,-10.082586466164924,0.12,0.24,0.24,12.689321902937253,46.91324365495616,-0.4940305054544111
3145.420000000001,0.0,12.8,46.58661051442915,46.5340610288583,46.91158334253472,47.45531948306138,-7.3995108560019265,0.06,0.06,0.06,-0.1955818150776879,-2.5046181800443934,12.425018170288554,-1.1228325000001231,2.18127250000078,-10.05352750000141,0.12,0.24,0.24,12.676452224743274,46.871893592220886,-0.5836292941184157
3145.4300000000007,0.0,12.8,46.54782474305662,46.460213577249135,46.87525364044598,47.434080848162026,-7.459446482160754,0.06,0.06,0.06,-0.1921672642130682,-2.5026670081217537,12.412335552791395,-1.0778325000000593,1.8962725000003748,-9.538527500000678,0.12,0.24,0.24,12.663583390417797,46.82934320222844,-0.6168214703795442
3145.440000000001,0.0,12.8,46.48447533344419,46.34490341593212,47.08024948278735,47.22766142358219,-7.519466488829592,0.06,0.06,0.06,-0.1887527133484583,-2.50071583619912,12.399652935294274,-1.0232883220806908,1.4834108527146883,-9.258159539884728,0.12,0.24,0.24,12.65071540253615,46.78432241393646,-0.598004111330438
3145.4500000000007,0.0,12.8,46.42112592383175,46.22959325461511,47.2852453251287,47.02124199900236,-7.579486495498432,0.06,0.06,0.06,-0.1853381624838483,-2.498764664276485,12.38697031779715,-0.9532708177046408,0.8632558139553898,-9.358184546136227,0.12,0.24,0.24,12.637848263683866,46.73930162564449,-0.4948672304212505
3145.460000000001,0.0,12.8,46.38771348883875,46.15020784048156,47.35710557812876,46.88098,-7.610247561890445,0.06,0.06,0.06,-0.1819236116192286,-2.496813492353845,12.374287700299991,-0.9577380654835148,0.2336715821050643,-9.429547613096704,0.12,0.24,0.24,12.624981976456855,46.69400172686227,-0.4201009760043181
3145.4700000000007,0.0,12.8,46.41777117632304,46.14698737396539,47.14670176573872,46.88098,-7.5802400600149955,0.06,0.06,0.06,-0.1785090607546187,-2.494862320431211,12.36160508280287,-1.0827068232939632,-0.4111672081968507,-9.454541364658793,0.12,0.24,0.24,12.612116543461553,46.648110079006784,-0.39123275083490483
3145.480000000001,0.0,12.8,46.38519301349351,46.13397883058476,47.02363490254864,46.91315379310329,-7.56,0.06,0.06,0.06,-0.1750945098900088,-2.492911148508577,12.348922465305748,-1.1580925000000135,-0.7413300000004925,-9.71415999999825,0.12,0.24,0.24,12.599251967314764,46.61399013493255,-0.34292689129461085
3145.4900000000007,0.0,12.8,46.22370375812099,46.10082540729636,47.08031656171912,47.01154459770112,-7.56,0.06,0.06,0.06,-0.1716799590253891,-2.4909599765859367,12.336239847808589,-1.1530925000000067,-0.5613300000002368,-10.354159999999158,0.12,0.24,0.24,12.586388250643806,46.604097581209395,-0.2631081173150305
3145.500000000001,0.0,12.8,46.07971703740666,46.030114932668575,46.99221410473879,47.08168745137155,-7.5502548725637,0.06,0.06,0.06,-0.1714868655333035,-2.4857872143223068,12.324300348789004,-1.1709824999998797,0.0650249999970378,-10.721387500000164,0.12,0.24,0.24,12.573659964668181,46.5459333815464,-0.2786708898448095
3145.5100000000007,0.0,12.8,45.97191653865363,45.881755830424304,46.60477270823037,47.0934280997506,-7.520269865067495,0.06,0.06,0.06,-0.1744137661894144,-2.4774943291299927,12.31308056294058,-1.2259824999998794,1.415024999997038,-10.646387500000165,0.12,0.24,0.24,12.561064893637512,46.387968294264724,-0.4488692757859831
3145.520000000001,0.0,12.794824741237054,45.9083516074111,45.75487706559844,46.38401027541306,47.027443014521886,-7.490282429392635,0.06,0.06,0.06,-0.1773406668455337,-2.4692014439376546,12.30186077709212,-1.2714450000000033,2.03254499999994,-10.474104999999964,0.12,0.24,0.24,12.548473375746491,46.26867049073612,-0.5544214516304402
3145.5300000000007,0.0,12.769823491174575,45.93835661492234,45.67343490235364,46.51581798698029,46.797047421132014,-7.460289927518128,0.06,0.06,0.06,-0.1802675675016447,-2.46090855874534,12.290640991243697,-1.3014449999999609,1.4625450000007496,-10.144105000000431,0.12,0.24,0.24,12.535885421701925,46.23116423134707,-0.5551671243420191
3145.540000000001,0.0,12.744822241112097,45.96555803442251,45.5855193364931,46.622215086056265,46.61708687952123,-7.44,0.06,0.06,0.06,-0.1831944681577556,-2.452615673553026,12.27942120539527,-1.2818404601152724,0.9669017254322712,-9.909472368092215,0.12,0.24,0.2445644235784952,12.523301042250505,46.19759483412327,-0.532553728520599
3145.5500000000006,0.0,12.719820991049549,45.98690999251686,45.48409753554494,46.675594981292136,46.54235502619101,-7.44,0.06,0.06,0.06,-0.1861213688138749,-2.444322788360688,12.268201419546813,-1.1818154538634884,0.591807951988081,-9.82945236309079,0.12,0.24,0.25,12.510720248179117,46.172239383886236,-0.47206986379260124
3145.560000000001,0.0,12.694819740987068,45.94620975317871,45.3959880628272,46.63691596110689,46.48297681376215,-7.420649999999922,0.06,0.06,0.06,-0.1890482694699858,-2.436029903168373,12.256981633698388,-1.1925799999997804,0.0276600000010063,-9.65776000000037,0.12,0.24,0.25,12.498143050315104,46.115522647718734,-0.44300634645524045
3145.5700000000006,0.0,12.669818490924593,45.77334513089027,45.33623239092503,46.40216153577692,46.45630017452011,-7.360650000000008,0.06,0.06,0.06,-0.1919751701260967,-2.42773701797606,12.245761847849964,-1.3825799999995103,-0.8423399999977575,-9.337760000000824,0.12,0.24,0.25,12.485569459526225,45.99200980802809,-0.46477470002719345
3145.580000000001,0.0,12.64481724086204,45.6161126381595,45.32078086521633,46.25422649662417,46.44909011252815,-7.300669330669232,0.06,0.06,0.06,-0.194902070782216,-2.4194441327837213,12.234542062001506,-1.4331500000001074,-1.0992300000004511,-9.204939999999896,0.12,0.24,0.2454218749999856,12.472999486720939,45.91005252813204,-0.4751455466552603
3145.5900000000006,0.0,12.619815990799562,45.49303186796704,45.40212120030005,46.29596693173292,46.48440894223555,-7.24072927072919,0.06,0.06,0.06,-0.197828971438327,-2.4111512475914068,12.22332227615308,-1.2581500000001076,-0.3642300000004512,-9.374939999999896,0.12,0.24,0.24,12.46043314284869,45.91888223555889,-0.46707749461473647
3145.600000000001,0.0,12.594814740737084,45.41437646764924,45.445438276292826,46.2230286335252,46.50862,-7.17115499999994,0.06,0.06,0.06,-0.2007558720944379,-2.4028583623990927,12.212102490304654,-1.2015828957237422,0.4052288072006468,-9.627106776693635,0.12,0.24,0.24,12.447870438899852,45.89786584436682,-0.4899296893740503
3145.6100000000006,0.0,12.569813490674534,45.432552835373485,45.40587794654007,45.900130806894566,46.50862,-7.0811549999998125,0.06,0.06,0.06,-0.2036827727505572,-2.3945654772067546,12.200882704456196,-1.3366166541634588,1.2304351087766925,-10.012203050762457,0.12,0.24,0.24,12.435311385906028,45.81179539720203,-0.5628046917837004
3145.620000000001,0.0,12.55,45.4477293651192,45.34138505897116,45.708219186951055,46.48239869008784,-7.010394605394575,0.06,0.06,0.06,-0.2066096734066681,-2.38627259201444,12.189662918607771,-1.4047000000000749,1.6023000000006753,-10.261474999999944,0.12,0.24,0.24,12.422755994940328,45.74493307528232,-0.5866118069287749
3145.630000000001,0.0,12.55,45.45632158594729,45.222167994981305,45.80380764366364,46.398624537013895,-6.980424575424554,0.06,0.06,0.06,-0.2095365740627791,-2.377979706822126,12.178443132759346,-1.364700000000075,1.2423000000006752,-10.291474999999943,0.12,0.24,0.24,12.410204277117323,45.72023044040153,-0.5312047511300899
3145.640000000001,0.0,12.55,45.437468680000165,45.12367031500012,45.86018662500006,46.2834010500004,-6.950444999999999,0.06,0.06,0.06,-0.21246347471889,-2.3696868216298115,12.16722334691092,-1.2805247813414404,0.9066253644321206,-10.33044460641388,0.12,0.24,0.24,12.397656243593376,45.67618166750019,-0.4621347770441026
3145.6500000000005,0.0,12.55,45.360428680000055,45.06910031500004,45.83343662500002,46.10150105000014,-6.920444999999956,0.06,0.06,0.06,-0.2153903753750093,-2.3613939364374734,12.156003561062464,-1.1250340136054393,0.6102210884353685,-10.38389455782313,0.12,0.24,0.24,12.385111905566745,45.59111666750006,-0.3710076734350439
3145.6600000000008,0.0,12.55,45.28616503245145,45.03202,45.79060566150788,45.96351830254626,-6.880904321758671,0.06,0.06,0.06,-0.2183172760311202,-2.35310105124516,12.14478377521404,-1.043393408856799,0.1225952626164645,-10.361516477858002,0.12,0.24,0.24,12.372571274277911,45.51807724912641,-0.2962727114670534
3145.670000000001,0.0,12.55,45.21778759860226,45.03202,45.71368104842754,45.918645611582726,-6.82094928803402,0.06,0.06,0.06,-0.2212441766872312,-2.344808166052845,12.133563989365614,-1.1154840370750778,-0.7630895983509564,-10.181289907312305,0.12,0.24,0.24,12.360034361009523,45.47053356465313,-0.2556606822521894
3145.6800000000007,0.0,12.55,45.14530735316172,45.0350767608098,45.64793403649088,45.86424519370158,-6.751469999999912,0.06,0.06,0.06,-0.2241710773433505,-2.3365152808605067,12.122344203517155,-1.1026249999999365,-1.1149249999997846,-10.037487499999964,0.12,0.24,0.24,12.34750117708672,45.42314083604099,-0.2365201016800892
3145.690000000001,0.0,12.55,45.06400767808055,45.04470435391151,45.60621446638344,45.78936391402156,-6.66147000000004,0.06,0.06,0.06,-0.2270979779994614,-2.3282223956681927,12.11112441766873,-0.9526250000001496,-0.6049250000005092,-9.952487500000084,0.12,0.24,0.24,12.334971733877387,45.37607260309927,-0.2520425787209773
3145.7000000000007,0.0,12.55,44.99729232383815,44.99907084457802,45.53398635682185,45.74194922538728,-6.609500499500455,0.06,0.06,0.06,-0.2299651273109631,-2.319943331880315,12.099856150157722,-0.8867749999998307,0.163262499997133,-9.905737499999963,0.12,0.24,0.24,12.322399923611664,45.31807468765633,-0.31688285700489527
3145.710000000001,0.0,12.55,44.961999970015015,44.8343731934034,45.39602533733142,45.75371334332833,-6.63947052947056,0.06,0.06,0.06,-0.2258624580117425,-2.3132764942690813,12.082932639298438,-0.95677499999993,1.3482624999988169,-9.920737499999984,0.12,0.24,0.24,12.304451355290103,45.23652796101955,-0.4613407621331791
3145.7200000000007,0.0,12.546272749937728,44.933802560000025,44.66897328000029,45.33175267999983,45.74958768000007,-6.66,0.06,0.06,0.06,-0.2217597887125335,-2.306609656657867,12.0660091284392,-1.03059999999985,1.86388750000106,-9.752137500000872,0.12,0.24,0.24,12.286504865080845,45.17102905000005,-0.5652649083695053
3145.730000000001,0.0,12.521341311393742,44.92096256000002,44.50205328000029,45.42698267999983,45.71106768000006,-6.66,0.06,0.06,0.06,-0.2176571194133246,-2.2999428190466524,12.049085617579964,-1.11059999999985,1.29888750000106,-9.287137500000872,0.12,0.24,0.24,12.268560462103446,45.14026655000006,-0.6037522020156905
3145.7400000000007,0.0,12.496409872849686,44.85773554246431,44.39153176239569,45.518346293569024,45.61400860088352,-6.66,0.06,0.06,0.06,-0.213554450114104,-2.2932759814354187,12.032162106720678,-1.217389347336861,0.7778319579894158,-8.967479369842446,0.12,0.24,0.24,12.25061815552983,45.095405549828136,-0.633809550593664
3145.750000000001,0.0,12.4714784343057,44.68544295532663,44.40308797250858,45.60134089347071,45.39023835051569,-6.66,0.06,0.06,0.06,-0.209451780814895,-2.2866091438242044,12.015238595861442,-1.3674268567138976,0.3277194298583067,-8.882458114528792,0.12,0.24,0.24,12.232677954584819,45.020027542955404,-0.6502577721658636
3145.7600000000007,0.0,12.446546995761716,44.55605459541989,44.39865841221384,45.62107215267207,45.204288366412406,-6.678860569715092,0.06,0.06,0.06,-0.2053491115156861,-2.2799423062129898,11.998315085002204,-1.4925549999997332,-0.0993699999987762,-8.952559999998996,0.12,0.24,0.24,12.214739868546179,44.94501838167955,-0.6372588374947782
3145.770000000001,0.0,12.421615557217658,44.53754060050889,44.352917954198446,45.47731642748084,45.11607462595415,-6.738830584707757,0.06,0.06,0.06,-0.2012464422164655,-2.2732754686017564,11.98139157414292,-1.577554999999975,-0.4893699999998848,-9.272559999999906,0.12,0.24,0.24,12.19680390674517,44.87096240203558,-0.5768215336267901
3145.7800000000007,0.0,12.396684118673672,44.5059590366282,44.304681996989466,45.37701419969895,45.08118416457601,-6.78,0.06,0.06,0.06,-0.1971437729172565,-2.2666086309905418,11.964468063283682,-1.5610772306924343,-0.6093851537117605,-9.625076230942025,0.12,0.2354166666666654,0.24,12.178870078567062,44.81720984947315,-0.5054590353779341
3145.790000000001,0.0,12.371752680129688,44.445828580030216,44.25099408931269,45.37164540893127,45.16278978424471,-6.78,0.06,0.06,0.06,-0.1930411036180476,-2.259941793379327,11.947544552424446,-1.3811222194453885,-0.2944638840294298,-10.029975006247875,0.12,0.23,0.24,12.160938393451211,44.80781446562972,-0.4164964198102544
3145.8000000000006,0.0,12.34682124158563,44.36975475965134,44.20495876961396,45.25405179576598,45.21238282440847,-6.7611947013245794,0.06,0.06,0.06,-0.188938434318827,-2.253274955768094,11.93062104156516,-1.218362499999943,0.2480750000003847,-10.423437500000158,0.12,0.23,0.24,12.1430088608916,44.76028703735994,-0.35870757996764285
3145.810000000001,0.0,12.321889803041644,44.25995650311341,44.17511069987549,44.899072966376366,45.19426078206726,-6.701209697575564,0.06,0.06,0.06,-0.184835765019618,-2.246608118156879,11.913697530705925,-1.0833625000001348,1.1580749999990914,-10.798437499999626,0.12,0.23,0.24,12.125081490437383,44.63210023785813,-0.35124503165549914
3145.8200000000006,0.0,12.3,44.21238717602983,44.144234187265965,44.708984194756304,45.17444942322101,-6.66938530734633,0.06,0.06,0.06,-0.1807330957204091,-2.239941280545665,11.896774019846688,-1.0076519129782022,1.6358289572397755,-10.945828957239776,0.12,0.23,0.24,12.107156291692958,44.56001374531828,-0.35319249177324796
3145.830000000001,0.0,12.3,44.30108630212237,44.11110559800249,44.879970461922646,45.15093881148564,-6.699370314842662,0.06,0.06,0.06,-0.1766304264211885,-2.233274442934431,11.879850508987404,-1.027656914228559,1.415773943485851,-10.72577394348585,0.12,0.23,0.24,12.08923327431852,44.61077529338329,-0.3703312726897513
3145.8400000000006,0.0,12.3,44.30826429214623,44.04999230615318,44.9937847623812,45.06482334167103,-6.72,0.06,0.06,0.06,-0.1725277571219795,-2.226607605323217,11.862926998128165,-1.0285100000000251,1.1382900000003109,-10.455950000000296,0.12,0.2345239320638359,0.24,12.071312448030612,44.60421617558791,-0.38259875593953063
3145.850000000001,0.0,12.3,44.13483757878976,43.926880750375446,44.98093833916961,44.84001093546821,-6.72,0.06,0.06,0.06,-0.1684250878227706,-2.219940767712002,11.846003487268929,-0.9985100000000678,0.7682900000008366,-10.105950000000792,0.12,0.24,0.24,12.053393822602226,44.470666900950754,-0.38701874399259556
3145.8600000000006,0.0,12.3,44.02219513121719,43.82348963259187,44.88165197200711,44.67332476380906,-6.710644677661104,0.06,0.06,0.06,-0.16432241852355,-2.213273930100769,11.829079976409645,-1.0106399999999764,0.1321050000003148,-9.755950000000103,0.12,0.24,0.24,12.035477407863334,44.35016537490631,-0.37790793424687286
3145.870000000001,0.0,12.3,44.043589782554335,43.76358460884786,44.59175444638875,44.6348143914022,-6.680659670164899,0.06,0.06,0.06,-0.160219749224341,-2.2066070924895542,11.812156465550409,-1.0906399999999763,-0.9328949999996852,-9.405950000000104,0.12,0.24,0.24,12.017563213701479,44.258435807298284,-0.3469994685171422
3145.880000000001,0.0,12.3,43.99527574912928,43.72698536585364,44.40808696864102,44.6222360975609,-6.66,0.06,0.06,0.06,-0.1561170799251321,-2.19994025487834,11.79523295469117,-1.1668099999999413,-1.300835000000634,-9.155530000000075,0.12,0.24,0.24,11.999651250061858,44.18814604529621,-0.3722173418855009
3145.890000000001,0.0,12.3,43.792886500747,43.74189825783969,44.45921688402181,44.66697477351909,-6.66,0.06,0.06,0.06,-0.1520144106259231,-2.193273417267125,11.778309443831931,-1.236809999999842,-0.5458350000017071,-9.065530000000203,0.12,0.24,0.24,11.981741526947951,44.1652441040319,-0.48785284246943206
3145.9000000000005,0.0,12.3,43.6608078917022,43.7477560541489,44.414062677362566,44.69460975683128,-6.66,0.06,0.06,0.06,-0.150763461826908,-2.18745512724364,11.76236538173092,-1.2493600000000673,0.2187399999993449,-9.180434999999626,0.12,0.24,0.24,11.964987627593624,44.12930909501124,-0.5541810989959125
3145.9100000000008,0.0,12.3,43.69085050889946,43.73273474555028,44.14689797442984,44.68280730007521,-6.66,0.06,0.06,0.06,-0.1522633868306565,-2.182455377231145,11.747366131693434,-1.169360000000181,0.9987399999982366,-9.625434999998994,0.12,0.24,0.24,11.949347540540959,44.063322632238695,-0.5410770589589105
3145.920000000001,0.0,12.2977403533358,43.71065156710823,43.694004923769214,44.007158435390906,44.624888877780826,-6.687719999999871,0.06,0.06,0.06,-0.153763311834405,-2.1774556272186496,11.732366881655947,-1.152554999999733,1.4225500000004707,-9.878935000000173,0.12,0.24,0.24,11.933708091383405,44.00917595101229,-0.5411385663507015
3145.9300000000007,0.0,12.262707071718186,43.70744236940765,43.60200792301921,44.1537117970508,44.463359260184895,-6.777720000000127,0.06,0.06,0.06,-0.1552632368381578,-2.1724558772061404,11.71736763161842,-1.2375549999999749,1.2725500000000445,-9.823935000000017,0.12,0.24,0.24,11.91806928263215,43.98163033741564,-0.5624093237782533
3145.940000000001,0.0,12.227673790100674,43.68503980000003,43.50276530000005,44.26134179999999,44.322107100000046,-6.827686156921502,0.06,0.06,0.06,-0.1567631618419063,-2.167456127193645,11.702368381580936,-1.2938299999999916,1.0899950000001972,-9.79957499999998,0.12,0.24,0.24,11.902431116811604,43.94281350000003,-0.5660114564309296
3145.9500000000007,0.0,12.192640508483162,43.619413133333424,43.38720530000016,44.28131513333331,44.22652043333347,-6.7877061469265625,0.06,0.06,0.06,-0.1582630868456548,-2.1624563771811505,11.687369131543452,-1.3038299999999774,0.8549950000005313,-9.824574999999944,0.12,0.24,0.24,11.886793596459228,43.878613500000085,-0.541150034289678
3145.960000000001,0.0,12.157607226865547,43.55378646666663,43.271645299999946,44.30128846666668,44.13093376666662,-6.74772613693151,0.06,0.06,0.06,-0.1597630118494076,-2.1574566271686413,11.672369881505924,-1.2908452113028526,0.3422280570147695,-9.857239309827431,0.12,0.24,0.24,11.871156724125736,43.81441349999997,-0.4785267448860465
3145.9700000000007,0.0,12.122573945248035,43.482676050000045,43.21169052499996,44.24898597500013,44.06474,-6.70161919040483,0.06,0.06,0.06,-0.1612629368531561,-2.1524568771561463,11.65737063146844,-1.240832708177103,-0.6180120029996281,-9.902250562640608,0.12,0.24,0.24,11.855520502375347,43.75202313750003,-0.355070369057226
3145.980000000001,0.0,12.087540663630524,43.39921605000017,43.276960524999865,44.03391597500043,44.06474,-6.641649175412336,0.06,0.06,0.06,-0.1627628618569046,-2.147457127143652,11.642371381430952,-1.2024059405941034,-1.2175940594058965,-9.954680693069164,0.12,0.2354171011470418,0.24,11.839884933785562,43.69370813750012,-0.27188447800164567
3145.9900000000007,0.0,12.052507382012912,43.33122277430644,43.32117317170707,43.86754603349165,44.06375317170708,-6.526698325418216,0.06,0.06,0.06,-0.1642627868606574,-2.1424573771311417,11.627372131393424,-1.182603960396062,-1.237396039603938,-10.0190371287128,0.12,0.23,0.24,11.82425002094743,43.64592378780306,-0.25343588515426846
3146.000000000001,0.0,12.0174741003954,43.29806106473386,43.3179639740065,43.810850207448205,44.06054397400651,-6.286758310422154,0.06,0.06,0.06,-0.1657627118644059,-2.1374576271186467,11.612372881355942,-1.1314567028530698,-0.7287477909653263,-10.065506185306704,0.12,0.23,0.24,11.808615766465739,43.62185480504877,-0.2821181553338331
3146.0100000000007,0.0,11.982440818777889,43.25933609585631,43.25079639540729,43.76795202196707,44.07931187219158,-6.101722846441941,0.06,0.06,0.06,-0.1672626368681544,-2.132457877106152,11.597373631318456,-1.0254228730121686,0.7052335268830516,-10.080653875283977,0.12,0.23,0.24,11.792982172958832,43.58934909635556,-0.3933280577469751
3146.020000000001,0.0,11.95,43.20805302046927,43.03925370943575,43.75619965052421,44.14768930604097,-6.041797752808878,0.06,0.06,0.06,-0.1687625618719072,-2.1274581270936426,11.582374381280928,-0.9255213803451346,1.584253563390856,-10.059352338084564,0.12,0.23,0.24,11.77734924305886,43.53779892161755,-0.4544066068965587
3146.0300000000007,0.0,11.95,43.13883939969988,42.88128039019511,43.69692549274641,44.15069434717362,-5.963681840920376,0.06,0.06,0.06,-0.1702624868756557,-2.122458377081148,11.567375131243445,-0.8354988747187848,1.5692498124531309,-9.979332333083365,0.12,0.23,0.24,11.76171697941199,43.466934907453755,-0.4347252475240257
3146.040000000001,0.0,11.95,43.028574267133735,42.84595272636324,43.52885145572812,44.00403101550797,-5.84362181090552,0.06,0.06,0.06,-0.1717624118794042,-2.1174586270686526,11.552375881205958,-0.8758749999994744,1.3567450000011143,-9.847547500000452,0.12,0.2345690550363414,0.24,11.746085384678217,43.351852366183266,-0.4461314621422861
3146.0500000000006,0.0,11.95,42.92370987322892,42.79771265224955,43.43832322147652,43.85504978871487,-5.750897275681045,0.06,0.06,0.06,-0.1732623368831569,-2.1124588770561434,11.537376631168431,-1.1258749999998297,0.8267450000003612,-9.632547500000149,0.12,0.24,0.24,11.730454461531613,43.253698883917465,-0.5075128771921428
3146.060000000001,0.0,11.95,42.831152080537,42.72004921700231,43.52449771812072,43.70078680089501,-5.720904773806537,0.06,0.06,0.06,-0.1747622618869055,-2.107459127043648,11.522377381130946,-1.2761640410102706,0.2660065016265043,-9.553703425856211,0.12,0.24,0.24,11.714824212660531,43.19412145413876,-0.511607431705782
3146.0700000000006,0.0,11.95,42.78973530888986,42.63773458061292,43.55888097438489,43.57949688096441,-5.645487256371856,0.06,0.06,0.06,-0.176262186890654,-2.102459377031153,11.50737813109346,-1.2661615403851203,-0.3441460365076442,-9.693738434608312,0.12,0.24,0.24,11.699194640767447,43.14146193621302,-0.4236098101550049
3146.080000000001,0.0,11.95,42.87142290306387,42.54422378201898,43.46859468608729,43.53757824711196,-5.465577211393861,0.06,0.06,0.06,-0.1777621118944067,-2.097459627018644,11.492378881055933,-1.2657599999999922,-0.7871999999999084,-9.751200000000038,0.12,0.24,0.24,11.683565748569173,43.10545490457053,-0.3687084496768199
3146.0900000000006,0.0,11.95,42.85136534999983,42.46087419999997,43.41824332500003,43.51546085000001,-5.294699999999713,0.06,0.06,0.06,-0.1792620368981552,-2.092459877006149,11.477379631018447,-1.2807599999999708,-0.9621999999996598,-9.676200000000144,0.12,0.24,0.24,11.667937538797103,43.06148593124996,-0.3668990080032304
3146.100000000001,0.0,11.95,42.59670535000019,42.40095420000005,43.45997332499997,43.53900084999998,-5.144699999999927,0.06,0.06,0.06,-0.1797459936498416,-2.087205930148258,11.46212580314509,-1.2631200000001974,-0.6860000000028195,-9.727919999999282,0.12,0.24,0.24,11.651998332655378,42.999158431250045,-0.38186819264212074
3146.1100000000006,0.0,11.95,42.44710659865646,42.41231389400363,43.41369811395849,43.55187640706642,-5.0037690577353136,0.06,0.06,0.06,-0.1792459811495281,-2.0817057926448097,11.446625415635374,-1.1931199999999984,0.3140000000000227,-9.982920000000007,0.12,0.24,0.24,11.635757883986711,42.95624875342126,-0.42375309032438846
3146.120000000001,0.0,11.948955223880606,42.53975651157005,42.58802924608112,43.16450179646677,43.54016205026126,-4.883799050237283,0.06,0.06,0.06,-0.1787459686492161,-2.076205655141377,11.4311250281257,-1.1231200000000368,0.9818399999999294,-10.226399999999884,0.12,0.24,0.24,11.619518038730833,42.958112401094795,-0.4328422060069158
3146.130000000001,0.0,11.91910447761198,42.58674902677012,42.67461056292228,43.0181258043532,43.515251498624,-4.763856143856064,0.06,0.06,0.06,-0.178245956148904,-2.0707055176379443,11.415624640616029,-1.0531200000001362,1.1168399999997376,-10.451399999999564,0.12,0.24,0.24,11.603278799421286,42.9486842231674,-0.389321421398389
3146.140000000001,0.0,11.889253731343354,42.52357164373287,42.54611419064313,43.119852099074194,43.45849893420071,-4.643976023975982,0.06,0.06,0.06,-0.177745943648592,-2.065205380134512,11.400124253106354,-0.985064935065126,1.0599800199810925,-10.538211788212186,0.12,0.24,0.24,11.587040168605775,42.91200921691273,-0.3474167027640563
3146.1500000000005,0.0,11.859402985074642,42.46067752380947,42.41123333333322,43.17993152380949,43.35401542857126,-4.515074999999619,0.06,0.06,0.06,-0.1772459311482785,-2.059705242631064,11.384623865596636,-0.9201298701298972,0.6953446553448075,-10.40334665334671,0.12,0.24,0.24,11.570802148846164,42.85146445238087,-0.30810442329657917
3146.1600000000008,0.0,11.829552238806016,42.39846198496249,42.26105789473704,43.14024230075193,43.13518836090253,-4.365074999999832,0.06,0.06,0.06,-0.1767459186479665,-2.054205105127631,11.369123478086962,-0.9048299999999248,0.3764100000002834,-10.13855000000055,0.12,0.24,0.24,11.554564742718755,42.7337376353385,-0.30987640645315717
3146.170000000001,0.0,11.79970149253739,42.344948067983104,42.143364988752936,43.04996494376468,42.98382230942262,-4.224104868913883,0.06,0.06,0.06,-0.1762459061476544,-2.048704967624199,11.353623090577289,-0.9698299999998324,0.1314100000006315,-9.663550000001225,0.12,0.24,0.24,11.53832795281412,42.63052507748084,-0.3781145527030943
3146.1800000000007,0.0,11.769850746268675,42.31178635841042,42.101645418645376,42.841367093226886,42.99024070482379,-4.104254681647757,0.06,0.06,0.06,-0.1757458936473409,-2.0432048301207506,11.33812270306757,-1.078759999999792,-0.2969499999991614,-9.36045000000003,0.12,0.23544132917964,0.24,11.52209178173733,42.56125989377662,-0.4160237089009999
3146.190000000001,0.0,11.740000000000052,42.23832354411425,42.06792209947516,42.70313625093722,42.99474,-3.993269999999971,0.06,0.06,0.06,-0.1752458811470289,-2.037704692617318,11.322622315557895,-1.258759999999536,-1.0219499999981312,-9.335450000000066,0.12,0.23,0.24,11.505856232108208,42.50103047363166,-0.40486659323398866
3146.2000000000007,0.0,11.710149253731425,42.070375531117634,42.05294584353915,42.72987956510866,42.99474,-3.9032700000000986,0.06,0.06,0.06,-0.1747458686467168,-2.0322045551138856,11.307121928048224,-1.37,-1.2408000000020736,-9.373479999999516,0.12,0.23,0.24,11.489621306561139,42.46198523494136,-0.4137109537281021
3146.210000000001,0.0,11.680298507462714,41.94299488894436,42.00417955577746,42.70145211879221,42.9634939705516,-3.84,0.06,0.06,0.06,-0.1742458561464034,-2.0267044176104374,11.291621540538506,-1.37,-0.6408000000003683,-9.513479999999914,0.12,0.23,0.24,11.473387007745318,42.40303013351641,-0.45491372330022695
3146.2200000000007,0.0,11.650447761194089,41.91095096580989,41.87600386323957,42.54336876466213,42.85881715497898,-3.84,0.06,0.06,0.06,-0.1737458436460913,-2.0212042801070047,11.276121153028832,-1.280207551888173,0.1216479119771178,-9.682150537634223,0.12,0.23,0.24,11.45715333832499,42.29728518717263,-0.47851538091315293
3146.230000000001,0.0,11.65,41.87508278417638,41.77678852278426,42.40283657486255,42.79292310465692,-3.84,0.06,0.06,0.06,-0.1732458311457793,-2.015704142603572,11.26062076551916,-1.0451487871971483,1.1469042260549904,-9.897204301074948,0.12,0.23,0.24,11.440920300979284,42.21190774662003,-0.47364194116811803
3146.2400000000007,0.0,11.65,41.830075272909326,41.74678351527289,42.30424869303948,42.81971328993493,-3.84,0.06,0.06,0.06,-0.1727458186454658,-2.010204005100124,11.24512037800944,-0.9554625000000612,1.5256374999997189,-10.03,0.12,0.23,0.24,11.424687898402444,42.17520519278916,-0.4628084573614214
3146.250000000001,0.0,11.65,41.80898924344572,41.71425537078649,42.30796778027484,42.790432249687775,-3.884452773613425,0.06,0.06,0.06,-0.1722458061451537,-2.0047038675966915,11.229619990499767,-1.1004624999998551,0.8606375000006639,-10.03,0.12,0.23,0.24,11.40845613330409,42.155411161048704,-0.44235320307617
3146.2600000000007,0.0,11.65,41.84425516104867,41.67578346067417,42.552691875155965,42.62906396005,-4.034377811094447,0.06,0.06,0.06,-0.1717457936448417,-1.9992037300932588,11.214119602990094,-1.207212499999891,0.33142500000075,-10.081637499999673,0.12,0.2342802197802113,0.24,11.392225008409033,42.1754486142322,-0.41535777254209527
3146.270000000001,0.0,11.65,41.83397712284199,41.633491728796535,42.69662199149351,42.499558884163065,-4.14,0.06,0.06,0.06,-0.1712457811445282,-1.9937035925898108,11.198619215480376,-1.252212499999955,0.0214250000003095,-10.216637499999866,0.12,0.24,0.24,11.375994526457529,42.16591243182378,-0.37780401825972937
3146.2800000000007,0.0,11.65,41.71511797848395,41.58209317988495,42.60024971228429,42.44601872904683,-4.14,0.06,0.06,0.06,-0.1707457686442162,-1.988203455086378,11.183118827970702,-1.2474875000001595,-0.2426749999996436,-10.315299999999926,0.12,0.24,0.24,11.359764690205521,42.085869899925,-0.33382374440724216
3146.290000000001,0.0,11.65,41.64045145141137,41.54786531101672,42.485502328254185,42.35947701723747,-4.131126655008739,0.06,0.06,0.06,-0.1702457561439041,-1.9827033175829456,11.167618440461029,-1.1624875000001595,-0.4326749999996436,-10.355299999999923,0.12,0.24,0.24,11.343535502424482,42.008324026979935,-0.2794686317713634
3146.3000000000006,0.0,11.65,41.6703889982513,41.55428049962528,42.327261009243145,42.19482050961787,-4.1011491381463285,0.06,0.06,0.06,-0.17,-1.980535277244139,11.152506118582057,-1.0946999999999831,-0.532787499999981,-10.282462499999893,0.12,0.24,0.24,11.328274922044342,41.9366877541844,-0.2573173186278024
3146.310000000001,0.0,11.65,41.639152492477656,41.53501476930803,42.20690018054167,42.1029223671012,-4.08,0.06,0.06,0.06,-0.17,-1.9815879365246447,11.137768888654968,-1.05470000000004,-0.4877875000000449,-10.027462500000256,0.12,0.24,0.24,11.313950970694124,41.87099745235714,-0.28715514584131324
3146.3200000000006,0.0,11.65,41.46207124874655,41.4545232948848,42.17685003009032,42.18448706118341,-4.08,0.06,0.06,0.06,-0.17,-1.982640595805152,11.12303165872788,-0.9840885221307868,-0.1539234808719117,-9.87,0.12,0.24,0.24,11.299628180307408,41.81948290872627,-0.3219889721030359
3146.330000000001,0.0,11.616449373095588,41.32290656507617,41.34059698226321,42.05528267299509,42.24403890582064,-4.088753753753842,0.06,0.06,0.06,-0.17,-1.983693255085661,11.108294428800749,-0.8640585146286459,0.6462765691423606,-9.87,0.12,0.24,0.24,11.285306555304473,41.74070628153878,-0.36488823473689336
3146.3400000000006,0.0,11.581482591538093,41.27158505620787,41.14921052210851,41.721692865351145,42.25259249063202,-4.118783783783838,0.06,0.06,0.06,-0.17,-1.9847459143661672,11.093557198873658,-0.8282904273930919,1.0902224443889803,-9.829795051237255,0.12,0.24,0.24,11.27098610012783,41.59877023357489,-0.40512427198522316
3146.350000000001,0.0,11.546515809980598,41.24364308878385,41.03024820691363,41.56928818204389,42.19599258393465,-4.148802799300199,0.06,0.06,0.06,-0.17,-1.9857985736466737,11.078819968946569,-0.9282654336414508,0.960254936266114,-9.724821294676476,0.12,0.24,0.24,11.256666819242115,41.50979301541901,-0.4410699435343446
3146.3600000000006,0.0,11.511549028423005,41.27025338473018,41.08027556329274,41.83964878885862,41.9873678637154,-4.178795301174793,0.06,0.06,0.06,-0.17,-1.986851232927183,11.06408273901944,-1.005303825956518,0.7652213053261141,-9.705911477869554,0.12,0.24,0.24,11.242348717134343,41.544386400149236,-0.449522436313258
3146.370000000001,0.0,11.476582246865508,41.24417659989993,41.07517982473718,41.99513281922891,41.82797170756136,-4.2175668248814615,0.06,0.06,0.06,-0.17,-1.9879038922076893,11.04934550909235,-1.0453138284571182,0.4651462865716148,-9.825941485371354,0.12,0.24,0.24,11.228031798314152,41.535615237856845,-0.4135905163061956
3146.380000000001,0.0,11.441615465308011,41.08879352528815,40.93479925388102,41.86868314471726,41.78939384076119,-4.277521858606111,0.06,0.06,0.06,-0.17,-1.988956551488196,11.03460827916526,-1.0948949999999456,0.0923300000004115,-9.815740000000185,0.12,0.235414278269937,0.24,11.21371606731374,41.42041744116191,-0.3930179393992528
3146.390000000001,0.0,11.40664868375052,40.984181905476326,40.8379844261065,41.774211147786986,41.7621,-4.311255,0.06,0.06,0.06,-0.17,-1.9900092107687024,11.019871049238173,-1.1598949999998531,-0.3976699999988922,-9.595740000000498,0.12,0.23,0.24,11.199401528688124,41.33961936984245,-0.3971887428912281
3146.4000000000005,0.0,11.371681902192924,41.00237645411352,40.84654656664166,41.75708686671668,41.7621,-4.281254999999957,0.06,0.06,0.06,-0.17,-1.9910618700492115,11.00513381931104,-1.2268099999999411,-0.7172349999999623,-9.477234999999965,0.12,0.23,0.24,11.185088187015221,41.342027471867965,-0.4043649762645439
3146.4100000000008,0.0,11.33671512063543,40.98641149425297,40.86231395302346,41.75187377311342,41.7595931734133,-4.25126155383462,0.06,0.06,0.06,-0.17,-1.9921145293297176,10.99039658938395,-1.2968099999998417,-0.7622349999998983,-9.5222349999999,0.12,0.23,0.24,11.170776046896156,41.34004809845079,-0.41638285516469487
3146.420000000001,0.0,11.301748339077935,40.88802068965542,40.89546737631176,41.77540200899544,41.75103745127439,-4.221284036972295,0.06,0.06,0.06,-0.17,-1.993167188610224,10.97565935945686,-1.3265983504125174,-0.5315396150985476,-9.653384153960582,0.12,0.23,0.24,11.156465112955148,41.32748188155925,-0.4305269804195198
3146.4300000000007,0.0,11.3,40.81209710849413,40.89608044600357,41.72222875970954,41.73339365071414,-4.191302174456352,0.06,0.06,0.06,-0.17,-1.9942198478907336,10.960922129529733,-1.291607098225492,0.1432916770797931,-9.923316670831918,0.12,0.23,0.24,11.142155389839793,41.29094999123034,-0.4480964163815775
3146.440000000001,0.0,11.3,40.79064884991232,40.81779430217997,41.48308067652237,41.69371437233779,-4.161309672581844,0.06,0.06,0.06,-0.17,-1.99527250717124,10.946184899602642,-1.214523630908034,0.688169542384887,-10.164606151537471,0.12,0.23,0.24,11.1278468822213,41.19630955023811,-0.44235222485865244
3146.4500000000007,0.0,11.3,40.76561934333337,40.75404836333337,41.31420549,41.6476107133334,-4.145789035160799,0.06,0.06,0.06,-0.17,-1.9963251664517463,10.931447669675553,-1.0694873718433593,1.023253313327411,-10.359654913727896,0.12,0.23,0.24,11.113539594794435,41.12037097750003,-0.3989710007290331
3146.460000000001,0.0,11.3,40.73209267666664,40.724801696666646,41.31206549,41.58626404666662,-4.165785702382975,0.06,0.06,0.06,-0.17,-1.997377825732256,10.91671043974842,-0.9531900000000588,1.1706350000001302,-10.445530000000076,0.12,0.234401939655181,0.24,11.09923353227776,41.08880597749998,-0.3622451130755061
3146.4700000000007,0.0,11.3,40.69856601,40.69555503,41.30992549,41.52491738000001,-4.185782369605095,0.06,0.06,0.06,-0.17,-1.998430485012762,10.901973209821332,-0.8831900000001582,1.0156350000003505,-10.355530000000204,0.12,0.24,0.24,11.08492869941392,41.0572409775,-0.3362407465861501
3146.480000000001,0.0,11.3,40.654384169787846,40.644878401997616,41.34010589263408,41.44627180024983,-4.2,0.06,0.06,0.06,-0.17,-1.9994831442932683,10.887235979894244,-0.8610649999998274,0.7629700000012865,-10.234890000000537,0.12,0.24,0.24,11.070625100969533,41.02141006616734,-0.32079520417165813
3146.4900000000007,0.0,11.3,40.58492099875152,40.54335530586761,41.446972309613045,41.32658141323339,-4.2,0.06,0.06,0.06,-0.1716965606316257,-1.998091369289421,10.874274107868263,-0.9160649999999838,0.3529700000001212,-10.064890000000052,0.12,0.24,0.24,11.05765283421467,40.97545750686639,-0.32235956894849704
3146.500000000001,0.0,11.3,40.522684134831486,40.43743358801504,41.44607249438216,41.1848979176031,-4.208599250936333,0.06,0.06,0.06,-0.1750296856446427,-1.994341603649777,10.863024810949332,-0.969149999999958,-0.1125649999995339,-10.017449999999874,0.12,0.24,0.24,11.045964958581301,40.897772033707945,-0.2989580443412178
3146.5100000000007,0.0,11.3,40.47780023970044,40.32094919350831,41.18638710112402,40.99040103870195,-4.238561797752778,0.06,0.06,0.06,-0.1783628106576597,-1.9905918380101328,10.8517755140304,-1.019149999999887,-0.6675649999987453,-10.16744999999966,0.12,0.24,0.24,11.034278452381379,40.74388439325868,-0.23533731934224822
3146.520000000001,0.0,11.3,40.40758766958694,40.21312407509384,40.99552950187734,40.86228115644557,-4.23438859714921,0.06,0.06,0.06,-0.1816959356706861,-1.986842072370478,10.840526217111435,-1.1055488872217276,-1.0214928732182884,-10.093353338334817,0.12,0.24,0.24,11.022593319970623,40.619630600750924,-0.23876275261437171
3146.5300000000007,0.0,11.277353131695683,40.27581295118898,40.1263456020025,40.971960040050064,40.89549267083855,-4.14436609152286,0.06,0.06,0.06,-0.1850290606837031,-1.983092306730834,10.829276920192502,-1.2505851462864022,-1.0515003750937384,-9.658244561140794,0.12,0.24,0.24,11.010909565722828,40.56740281602002,-0.35019727114366794
3146.540000000001,0.0,11.25243908515627,40.17585577788896,40.03864206103057,40.89016936468247,40.93121475737866,-4.062895723931007,0.06,0.06,0.06,-0.1883621856967201,-1.9793425410911896,10.81802762327357,-1.2824750000003156,-0.6615725000022392,-9.482039999999497,0.12,0.24,0.24,10.99922719402976,40.50897049024516,-0.4281191882682924
3146.5500000000006,0.0,11.227525038616784,40.152304002000974,39.94871709854919,40.66856856428192,40.97296563281645,-4.002880720179936,0.06,0.06,0.06,-0.1916953107097466,-1.975592775451535,10.806778326354603,-1.1324750000001025,0.4034274999992742,-9.722039999999838,0.12,0.24,0.24,10.98754620930133,40.43563882441213,-0.45216752321276005
3146.560000000001,0.0,11.20261099207737,40.09696221002748,39.919648610626055,40.47454703417315,41.035153903716605,-3.968554307116136,0.06,0.06,0.06,-0.1950284357227636,-1.9718430098118909,10.795529029435674,-1.0342475000000233,1.0906799999998755,-9.933277499999743,0.12,0.24,0.24,10.975866615965812,40.381577939635825,-0.4586754057944126
3146.5700000000006,0.0,11.177696945537956,39.9656476677478,40.03601678223976,40.346435285607605,41.146184085806745,-3.9985168539325824,0.06,0.06,0.06,-0.1983615607357806,-1.968093244172247,10.78427973251674,-1.0192475000000234,1.1706799999998754,-10.098277499999744,0.12,0.24,0.24,10.964188418469709,40.37357095535048,-0.4369859249296382
3146.580000000001,0.0,11.152782898998469,39.88204415384615,40.104696550868496,40.32619133002477,41.13178663027301,-4.003019999999906,0.06,0.06,0.06,-0.201694685748807,-1.964343478532592,10.773030435597777,-1.0157525000000112,1.1701449999999038,-10.104124999999817,0.1154090672225,0.2354090672225,0.24,10.952511621277965,40.36117966625311,-0.4348716510384571
3146.5900000000006,0.0,11.127868852459054,39.91496723076919,40.05690498759311,40.56939728535952,40.81105213895818,-3.943019999999991,0.06,0.06,0.06,-0.205027810761824,-1.960593712892948,10.761781138678844,-1.0307524999999895,1.0401450000000885,-9.854125000000172,0.11,0.23,0.24,10.940836228874137,40.33808041067,-0.46422573464197325
3146.600000000001,0.0,11.102954805919635,39.92550474278555,39.97197791718985,40.73406011041413,40.5795676838143,-3.9,0.06,0.06,0.06,-0.208360935774841,-1.956843947253304,10.750531841759912,-1.0821849999997688,0.7260650000012825,-9.55043500000082,0.11,0.23,0.24,10.929162245760313,40.30277761355096,-0.49479863515581246
3146.6100000000006,0.0,11.078040759380151,39.87717350062736,39.78939322459225,40.69217303387705,40.58278976662484,-3.9,0.06,0.06,0.06,-0.2116940607878675,-1.953094181613649,10.739282544840949,-1.192184999999925,0.1160650000004156,-9.160435000000266,0.11,0.23,0.24,10.917489676457286,40.23538238143038,-0.5273308593339384
3146.620000000001,0.0,11.053126712840736,39.85437404265993,39.68644338268496,40.61533172898388,40.53586013048953,-3.891524999999988,0.06,0.06,0.06,-0.2150271858008845,-1.949344415974005,10.728033247922015,-1.219722430607841,-0.4709777444351191,-9.136731682919711,0.11,0.23,0.24,10.905818525504753,40.17300232120458,-0.47912286303199136
3146.630000000001,0.0,11.05,39.8962611191969,39.78525392220807,40.449931478043005,40.36186765872056,-3.861524999999988,0.06,0.06,0.06,-0.2183603108139015,-1.9455946503343609,10.716783951003082,-1.1146961740437662,-1.0211152788183675,-9.701872968240687,0.11,0.23,0.24,10.894148797461217,40.12332854454213,-0.30111996209839725
3146.640000000001,0.0,11.05,39.85084157174911,39.800011116638224,40.31619178313869,40.26161087291694,-3.8061,0.06,0.06,0.06,-0.2216934358269185,-1.9418448846947167,10.70553465408415,-1.063061224489691,-1.0222740524808454,-10.03693877551031,0.1145933263816371,0.23,0.24,10.882480496904208,40.05716383611074,-0.23295103050185245
3146.6500000000005,0.0,11.05,39.59218949515076,39.609481397662485,40.25977795573247,40.341441760755934,-3.68609999999983,0.06,0.06,0.06,-0.225026560839945,-1.938095119055062,10.694285357165183,-1.0970748299319415,-0.1427793974740889,-10.00292517006806,0.12,0.23,0.24,10.87081362843031,39.95072265232541,-0.3409740913858971
3146.6600000000008,0.0,11.05,39.422750192644365,39.46480437828376,40.14720203152415,40.38962542907186,-3.6,0.06,0.06,0.06,-0.2283596858529619,-1.9343453534154176,10.683036060246254,-1.0897837281154958,0.5557569515957645,-9.990072090628168,0.1161689470553302,0.23,0.24,10.859148196655411,39.85609550788104,-0.4131071095811159
3146.670000000001,0.0,11.05,39.48271516637463,39.4380343007256,39.89020928696585,40.35643053289975,-3.6,0.06,0.06,0.06,-0.2316928108659789,-1.9305955877757737,10.67178676332732,-0.997095777549138,0.8801647785780176,-10.020968074150288,0.11,0.23,0.24,10.847484206214567,39.79184732174146,-0.4110380149781301
3146.6800000000007,0.0,11.05,39.48857496608893,39.43241891484551,39.71070492338608,40.35709404672192,-3.559944889779442,0.06,0.06,0.06,-0.2350259358790054,-1.926845822136119,10.660537466408355,-0.9592048012002892,0.9263615903976874,-10.055363840960233,0.11,0.2345989583333383,0.24,10.835821661762226,39.747198212760615,-0.3979117812640165
3146.690000000001,0.0,11.05,39.356336834966186,39.480798718914805,39.72898173825671,40.44417769404666,-3.409644288577156,0.06,0.06,0.06,-0.2383590608920224,-1.923096056496475,10.649288169489424,-1.009217304326039,0.5262615653916882,-10.095373843460832,0.11,0.24,0.24,10.82416056797242,39.75257374654609,-0.36704805355915326
3146.7000000000007,0.0,11.05,39.26970233714566,39.45874063649958,39.794583361511386,40.415187618100965,-3.308066600397593,0.06,0.06,0.06,-0.2416921859050394,-1.9193462908568308,10.638038872570492,-1.066914999999875,0.4587924999991697,-10.06424750000026,0.1145961438248912,0.24,0.24,10.812500929538656,39.7345534883144,-0.38411901814385163
3146.710000000001,0.0,11.05,39.29417772252609,39.26506584783701,39.97548838388851,40.10339249129804,-3.3378876739563115,0.06,0.06,0.06,-0.2450253109180659,-1.915596525217176,10.626789575651529,-1.1369149999999744,0.9237924999998304,-9.919247500000052,0.12,0.24,0.24,10.800842751174123,39.65953111138741,-0.4779228906725867
3146.7200000000007,0.0,11.05,39.2923405945542,39.11304623032733,40.07580245316031,39.8789,-3.3288241206028992,0.06,0.06,0.06,-0.2483584359310828,-1.911846759577532,10.615540278732595,-1.124303196803394,0.9545629370638417,-9.862649850149737,0.12,0.24,0.24,10.78918603761189,39.59002231951046,-0.4854526314330871
3146.730000000001,0.0,11.02493374668743,39.22284271796161,39.0681399100675,39.96888264301786,39.8789,-3.208221105527674,0.06,0.06,0.06,-0.24569380890332,-1.904771053668317,10.602002787963308,-0.9794480519482952,0.2902272727283883,-9.947564935064792,0.12,0.24,0.24,10.774552488646936,39.53469131776174,-0.3548764473471323
3146.7400000000007,0.0,10.994932246612365,39.19623572106985,39.0399108872782,39.87237516620835,39.865493576605786,-3.1119449999999627,0.06,0.06,0.06,-0.237208703294043,-1.8944677111427664,10.586244734688936,-0.8842624999999936,-0.3475875000002515,-9.877599999999864,0.12,0.24,0.24,10.757037392340429,39.49350383779054,-0.26717736261251623
3146.750000000001,0.0,10.96493074653738,39.280744593851466,39.05488714321418,39.80284254936272,39.81735561109727,-3.081945000000005,0.06,0.06,0.06,-0.2287235976847901,-1.884164368617245,10.570486681414607,-0.8692625000000149,-0.942587499999406,-9.55760000000032,0.12,0.24,0.24,10.739533441172773,39.48895747438141,-0.2486981702954545
3146.7600000000007,0.0,10.934929246462398,39.26112818204628,39.01095367341888,39.7053320330087,39.79093096274061,-3.0197250000001827,0.06,0.06,0.06,-0.2202384920755371,-1.873861026091724,10.554728628140282,-0.8944249999997822,-1.1589125000009557,-9.384862499999842,0.1156189451022738,0.24,0.24,10.722040689727924,39.442086212803616,-0.26079583328655137
3146.770000000001,0.0,10.90492774638733,38.97108567141797,38.81402444111036,39.53515948987254,39.82089845461364,-2.8697249999997565,0.06,0.06,0.06,-0.2117533864662601,-1.863557683566173,10.53897057486591,-0.9844249999999102,-0.7639125000003943,-9.449862499999934,0.11,0.24,0.24,10.704559192911587,39.28529201425363,-0.3222561319717772
3146.7800000000007,0.0,10.874926246312343,38.77075091908089,38.72671630369612,39.35909218281736,39.83597065934068,-2.7438899999999258,0.06,0.06,0.06,-0.2032682808570071,-1.853254341040652,10.523212521591583,-1.045737499999972,-0.1987000000015757,-9.614312499999391,0.11,0.24,0.24,10.687089005953421,39.173132516233764,-0.37673128841425285
3146.790000000001,0.0,10.844924746237362,38.80281885114881,38.92339962037937,39.167753521478765,39.81245417582421,-2.683890000000011,0.06,0.06,0.06,-0.1947831752477542,-1.8429509985151304,10.507454468317258,-1.060737499999972,0.6412999999984244,-9.93931249999939,0.11,0.24,0.24,10.669630184408822,39.176606542207786,-0.419929777314704
3146.8000000000006,0.0,10.814923246162294,38.80053824737096,39.02273657986964,39.06072774161254,39.73677270906337,-2.64,0.06,0.06,0.06,-0.1862980696384771,-1.83264765598958,10.491696415042886,-1.0776500000000084,1.1772125000000189,-10.017599999999865,0.1145857217300765,0.24,0.24,10.652182784161136,39.15519381947912,-0.46948753283569034
3146.810000000001,0.0,10.784921746087312,38.708380010015006,38.86735350525787,39.1743181271908,39.52459444166247,-2.64,0.06,0.06,0.06,-0.1778129640292242,-1.822344313464058,10.47593836176856,-1.09764999999998,1.222212499999955,-9.69760000000032,0.12,0.24,0.24,10.634746861423913,39.06866152103154,-0.5293115553842369
3146.8200000000006,0.0,10.754920246012327,38.67272221057876,38.706152769461205,39.293766976047806,39.3591843413174,-2.656139999999999,0.06,0.06,0.06,-0.1693278584199713,-1.8120409709385368,10.460180308494232,-1.1463465866464606,1.142873218305169,-9.475131282820843,0.1154342173686923,0.2354342173686923,0.24,10.617322472742714,39.0079565743513,-0.5710829562133534
3146.830000000001,0.0,10.75,38.78271223053908,38.5299551646704,39.4283178742517,39.314334041916105,-2.716140000000084,0.06,0.06,0.06,-0.1608427528106942,-1.801737628412986,10.44442225521986,-1.2413703425856557,0.8628032008001738,-9.410115028757184,0.11,0.23,0.24,10.599909674997372,39.01382982784432,-0.5837105821095997
3146.8400000000006,0.0,10.75,38.81647095131074,38.40377208489388,39.45425667415712,39.24974854931328,-2.768070000000011,0.06,0.06,0.06,-0.1523576472014413,-1.7914342858874646,10.428664201945534,-1.2368050000001387,0.3663650000007097,-9.375744999999988,0.11,0.23,0.24,10.582508525404275,38.98106206491876,-0.5357575163157863
3146.850000000001,0.0,10.75,38.64975934082403,38.40911540574282,39.19457128089898,39.13326415480654,-2.7980700000000107,0.06,0.06,0.06,-0.1438725415921884,-1.781130943361943,10.412906148671206,-1.071805000000373,-0.4786349999980893,-9.390744999999969,0.11,0.23,0.24,10.565119081518212,38.84667754556809,-0.39021101247290824
3146.8600000000006,0.0,10.75,38.52505730701972,38.38293521858591,39.001693524856336,39.06083942543099,-2.82,0.06,0.06,0.06,-0.1353874359829113,-1.7708276008363923,10.397148095396837,-0.9929799999999822,-0.984680000000012,-9.518729999999907,0.11,0.23,0.24,10.547741401234678,38.74263136897324,-0.29175054960762814
3146.870000000001,0.0,10.75,38.51222692980264,38.27280781413935,38.98672475143642,39.105745745690754,-2.82,0.06,0.06,0.06,-0.1269023303736584,-1.7605242583108711,10.381390042122508,-1.0529799999999825,-0.9446800000000118,-9.828729999999908,0.11,0.23,0.24,10.530375542792179,38.71937631026729,-0.2691441005377192
3146.880000000001,0.0,10.75,38.45350649337674,38.22917448137959,38.94183941014752,39.16256588852783,-2.8280699999999994,0.06,0.06,0.06,-0.1184172247644055,-1.7502209157853497,10.36563198884818,-1.0861709572606963,-0.6251637090736112,-10.065948512871644,0.11,0.23,0.24,10.51302156477414,38.69677156835792,-0.27761441625761946
3146.890000000001,0.0,10.75,38.271651957010974,38.36396078480363,38.8166806998252,39.251353691577,-2.8580699999999566,0.06,0.06,0.06,-0.1100351210945936,-1.7399921953123123,10.349879027340844,-1.0761734566358747,0.1446438390376588,-10.185918520369505,0.11,0.23,0.24,10.495697997189701,38.6759117833042,-0.33614834522905035
3146.9000000000005,0.0,10.75,38.15675491381469,38.42339314014479,38.70834459155628,39.29753582812885,-2.888070000000011,0.06,0.06,0.06,-0.1144252579205332,-1.739016609350993,10.334757444940385,-1.031740435108989,0.6793023255810671,-10.248522130532695,0.11,0.2345681581685843,0.24,10.48067189415829,38.64650711841115,-0.3673482459535894
3146.9100000000008,0.0,10.75,38.22197599800148,38.28012059455411,38.64526190357233,39.22910714963778,-2.918070000000011,0.06,0.06,0.06,-0.1188153947464602,-1.7380410233896757,10.31963586253997,-0.9317154288574891,0.8343410852708918,-10.218514628657248,0.11,0.24,0.24,10.465647998687672,38.594116411441426,-0.3544206631676544
3146.920000000001,0.0,10.75,38.23095975988012,38.12929851925984,38.639571295647634,39.13959423211624,-2.9319300000000004,0.06,0.06,0.06,-0.1232055315723873,-1.7370654374283585,10.304514280139555,-0.91977755561065,0.7308897775573997,-10.14830792301971,0.11,0.24,0.24,10.450626320298618,38.53485595172596,-0.3502794344026082
3146.9300000000007,0.0,10.726393246675617,38.08750803401696,37.95801287643816,38.78944623311661,38.992930900450176,-2.901929999999958,0.06,0.06,0.06,-0.1275956683983269,-1.7360898514670384,10.289392697739096,-1.049745063733886,0.2110197450644557,-10.013341664584042,0.11,0.24,0.24,10.43560686856531,38.45697451100548,-0.3602927237340918
3146.940000000001,0.0,10.696511280442271,37.99500715963024,37.84867777666745,38.8785347339496,38.828674818886014,-2.88,0.06,0.06,0.06,-0.131985805224254,-1.7351142655057212,10.27427111533868,-1.122348087021798,0.0430382595640441,-9.767396849213204,0.11,0.24,0.24,10.420589653115838,38.387723622283325,-0.4044278801322806
3146.9500000000007,0.0,10.666629314208928,38.03991347989,37.906414474144285,38.80369086685,38.61697359480428,-2.88,0.06,0.06,0.06,-0.1363759420501811,-1.7341386795444045,10.259149532938263,-1.102343085771498,0.4431382845700432,-9.342290572644329,0.11,0.24,0.24,10.4055746836323,38.341748103922136,-0.5036486650634776
3146.960000000001,0.0,10.636747347975495,38.05459845082103,37.9228399037983,38.69932944435229,38.46966758334716,-2.88,0.06,0.06,0.06,-0.1407660788761206,-1.7331630935830842,10.244027950537806,-1.0478700000000924,0.4927550000004326,-9.160429999999824,0.11,0.24,0.24,10.390561969851316,38.28660884557969,-0.5180373859573189
3146.9700000000007,0.0,10.606865381742152,37.98715774755355,37.82700311494453,38.51475488804132,38.4973537667938,-2.88,0.06,0.06,0.06,-0.1451562157020477,-1.7321875076217672,10.228906368137393,-0.9378700000002488,-0.0222449999988355,-9.370429999999525,0.11,0.24,0.24,10.375551521564507,38.2065673793333,-0.3957645311033909
3146.980000000001,0.0,10.576983415508808,37.91971704428609,37.73116632609076,38.33018033173035,38.52503995024045,-2.88,0.06,0.06,0.06,-0.1495463525279748,-1.73121192166045,10.213784785736976,-0.898732183045508,-0.445351337833529,-9.383155788948269,0.11,0.2354147104851391,0.2354147104851391,10.360543348618634,38.12652591308691,-0.3366992427800862
3146.9900000000007,0.0,10.547101449275376,37.84422945408805,37.65752777861636,38.23560234465408,38.539651391194965,-2.88,0.06,0.06,0.06,-0.1539364893539144,-1.7302363356991302,10.198663203336515,-0.973750937734346,-0.7204201050259351,-9.078079519880326,0.11,0.23,0.23,10.345537460916102,38.06925274213837,-0.37945919871254985
3147.000000000001,0.0,10.517219483042034,37.74517033459121,37.64891394213837,38.40464888553456,38.5159633408805,-2.88,0.06,0.06,0.06,-0.1583266261798415,-1.729260749737813,10.183541620936102,-1.0238349999999845,-0.636890000001028,-9.024224999999456,0.11,0.23,0.23,10.330533868415474,38.078674125786165,-0.413114448403725
3147.0100000000007,0.0,10.487337516808688,37.67027390847712,37.63717053263318,38.43111534883751,38.48802682670671,-2.888057014253522,0.06,0.06,0.06,-0.1627167630057685,-1.7282851637764958,10.168420038535686,-1.0338349999999843,0.023109999998972,-9.374224999999456,0.11,0.23,0.23,10.315532581131578,38.05664665416363,-0.43213331896135065
3147.020000000001,0.0,10.457455550575258,37.66171176794198,37.61683544886222,38.06615410852714,38.448426926731685,-2.918064516129057,0.06,0.06,0.06,-0.1671068998317081,-1.727309577815176,10.153298456135229,-0.9939799999999112,0.4530100000000444,-9.726142500000265,0.11,0.23,0.23,10.300533609136055,37.94828206301575,-0.41019307138045524
3147.0300000000007,0.0,10.45,37.621908552991016,37.60648663688257,37.83206728220382,38.40208594688519,-2.94,0.06,0.06,0.06,-0.1714970366576352,-1.7263339918538587,10.138176873734812,-0.8739800000000818,0.5130099999999591,-10.08114249999976,0.11,0.23,0.23,10.28553696255785,37.86563710474065,-0.32240850481047256
3147.040000000001,0.0,10.45,37.49655734921839,37.62348341027548,37.95635618763939,38.33728574832476,-2.94,0.06,0.06,0.06,-0.1758871734835623,-1.7253584058925415,10.123055291334396,-0.8920399999994955,0.6113599999996636,-10.179197500000663,0.11,0.23,0.2345742471443377,10.270542651583382,37.853420673864505,-0.323860689053819
3147.0500000000006,0.0,10.45,37.43188597000007,37.59611491999991,38.021316869999936,38.25179272999991,-2.9719959979991235,0.06,0.06,0.06,-0.1802773103095018,-1.724382819931222,10.107933708933938,-1.1320399999998365,0.771359999999891,-9.864197500000214,0.11,0.23,0.24,10.255550686457036,37.82527762249996,-0.46876647662685894
3147.060000000001,0.0,10.45,37.54637596999991,37.43775492000013,37.91110687000009,38.10520273000012,-3.09205602801415,0.06,0.06,0.06,-0.1846674471354289,-1.7234072339699047,10.092812126533524,-1.2359415584417517,0.7569805194810144,-9.746623376623042,0.11,0.23,0.24,10.240561077481715,37.75011012250006,-0.5199569471366783
3147.0700000000006,0.0,10.45,37.58642072000034,37.299968880000144,37.82255367000005,38.00246774999995,-3.18,0.06,0.06,0.06,-0.189057583961356,-1.7224316480085875,10.077690544133109,-1.121056443556673,0.4622752247758134,-9.946423576423175,0.11,0.23,0.24,10.225573835018979,37.67785275500012,-0.42049424171533195
3147.080000000001,0.0,10.45,37.40666071999983,37.22292887999993,37.79794366999997,38.02921775000002,-3.18,0.06,0.06,0.06,-0.1934477207872956,-1.7214560620472676,10.06256896173265,-1.0404624999999974,0.0949724999999486,-9.955549999999969,0.11,0.23,0.24,10.210588969489585,37.61418775499993,-0.3538545535634853
3147.0900000000006,0.0,10.45,37.26642437999998,37.15401017999997,37.75763248999994,37.99938935999988,-3.1958518889167773,0.06,0.06,0.06,-0.1978378576132227,-1.7204804760859504,10.047447379332231,-1.0154625000000328,-0.3900274999993621,-9.655550000000396,0.11,0.23,0.24,10.195606491374019,37.54436410249994,-0.34042859065780634
3147.100000000001,0.0,10.45,37.242884380000014,37.10907018000004,37.67096249000007,37.80250936000016,-3.2558969226920804,0.06,0.06,0.06,-0.1974626268686681,-1.7207612119393996,10.03441777911107,-0.9713875000001646,-0.6175150000004169,-9.477629999999955,0.11,0.23,0.24,10.182806627019161,37.45635660250007,-0.3288985303110005
3147.1100000000006,0.0,10.45,37.19958254999994,37.096615380000046,37.61921408000003,37.67736751000005,-3.3079650000000944,0.06,0.06,0.06,-0.1924628768561589,-1.7222611369431522,10.023418329083553,-0.8963874999999514,-0.4275149999998769,-9.497630000000012,0.11,0.23,0.24,10.172125657039466,37.39819488000002,-0.3204421678217683
3147.120000000001,0.0,10.45,37.09793255000008,37.180075379999934,37.67057407999996,37.76403750999993,-3.337965000000052,0.06,0.06,0.06,-0.1874631268436639,-1.7237610619469008,10.012418879056062,-0.853815000000001,-0.2050874999999709,-9.492832499999995,0.11,0.23,0.24,10.161448048004209,37.42815487999997,-0.33000034874502093
3147.130000000001,0.0,10.428355000000078,37.022,37.20532345586427,37.64151635408906,37.83311244311074,-3.391844077961049,0.06,0.06,0.06,-0.1824633768311688,-1.7252609869506492,10.001419429028571,-0.8638149999999868,0.0699124999996383,-9.44783250000006,0.11,0.23,0.24,10.150773810519508,37.425488063266016,-0.36876428353610224
3147.140000000001,0.0,10.398355000000103,37.022,37.05869679920019,37.37501972993319,37.850236724181,-3.511784107945868,0.06,0.06,0.06,-0.1774636268186738,-1.7267609119543978,9.990419979001084,-0.8909877469366002,0.2762515628904913,-9.427631907976943,0.11,0.2345149638802673,0.24,10.140102955232814,37.326488313328596,-0.40240244330980846
3147.1500000000005,0.0,10.368355000000044,37.01115291177208,36.91968168457891,37.229230732316815,37.854071152211965,-3.615854145854162,0.06,0.06,0.06,-0.1724638768061645,-1.7282608369581507,9.979420528973565,-0.9460015003750816,0.3712753188296861,-9.447636909227302,0.11,0.24,0.24,10.12943549283302,37.25353412021994,-0.4277305327080259
3147.1600000000008,0.0,10.33835500000007,36.96836360909778,36.80308083479145,37.43889831542087,37.81876997750567,-3.675794205794203,0.06,0.06,0.06,-0.1674641267936695,-1.729760761961899,9.968421078946074,-0.9933699999999596,0.4987599999997918,-9.60897999999955,0.11,0.24,0.24,10.118771434050785,37.25727818420394,-0.43247668580542514
3147.170000000001,0.0,10.308355000000097,36.909322230557855,36.73791299324814,37.59470766691673,37.7455554588651,-3.735757878939433,0.06,0.06,0.06,-0.1624643767811745,-1.7312606869656475,9.957421628918585,-1.02836999999991,0.6787599999995361,-9.998979999998996,0.11,0.24,0.24,10.108110789658536,37.24687458739696,-0.40392536080362423
3147.1800000000007,0.0,10.278355000000037,36.80229547386845,36.82460466616656,37.591496864216055,37.56039916979242,-3.7957878939470313,0.06,0.06,0.06,-0.1574646267686652,-1.7327606119694003,9.946422178891064,-1.0519099999999943,0.8396599999998496,-10.251459999999966,0.11,0.2354284221525477,0.2354284221525477,10.097453570470726,37.194699043510866,-0.39035154398471955
3147.190000000001,0.0,10.24835500000006,36.736772391902,36.85976168457891,37.52700041989515,37.397774051487175,-3.8874181454636014,0.06,0.06,0.06,-0.1524648767561702,-1.734260536973149,9.935422728863577,-1.0569099999999871,0.9696599999996648,-10.281459999999925,0.11,0.23,0.23,10.086799787344132,37.13032713696581,-0.4010083555876342
3147.2000000000007,0.0,10.218355000000086,36.79346821794544,36.74316083479145,37.2820316620848,37.30149812047001,-4.067373156710649,0.06,0.06,0.06,-0.1474651267436752,-1.7357604619768974,9.924423278836086,-1.0351700000002246,0.7424900000027822,-10.063160000002144,0.11,0.23,0.23,10.076149451177836,37.03003970882292,-0.40312289795853445
3147.210000000001,0.0,10.188355000000026,36.81840312138722,36.64163664739879,37.11645687861277,37.25325606936424,-4.215772113943104,0.06,0.06,0.06,-0.1424653767311659,-1.7372603869806502,9.913423828808565,-0.97017000000004,-0.0625099999995058,-9.44316000000038,0.11,0.23,0.23,10.065502572913523,36.95743817919076,-0.3914177482208614
3147.2200000000007,0.0,10.158355000000052,36.74956170394569,36.58462734858002,37.18529829605431,37.34683737119883,-4.275742128935598,0.06,0.06,0.06,-0.1374656267186709,-1.7387603119843986,9.902424378781076,-0.9490809190808552,-0.77752247752175,-9.201198801198329,0.11,0.23,0.23,10.054859163535758,36.96658117994471,-0.3466041031533005
3147.230000000001,0.0,10.15,36.69633950831885,36.53871923516265,37.23992076483734,37.39139524708222,-4.32,0.06,0.06,0.06,-0.1324658767061758,-1.7402602369881472,9.891424928753588,-0.9990309690308184,-1.34695304695133,-9.570829170828056,0.11,0.23,0.23,10.04421923407198,36.96659368885027,-0.24822749967227262
3147.2400000000007,0.0,10.15,36.68677407499378,36.52383967221255,37.25480032778745,37.29892939160656,-4.32,0.06,0.06,0.06,-0.1274661266936666,-1.7417601619919,9.880425478726067,-0.9919904976245552,-1.1849712428127226,-9.838009502375446,0.11,0.23,0.23,10.033582795592787,36.941085866650084,-0.22227191895889373
3147.250000000001,0.0,10.15,36.64912023988011,36.48353707146431,37.23173711144433,37.25123667166413,-4.343439140215101,0.06,0.06,0.06,-0.1224663766811716,-1.7432600869956485,9.869426028698578,-0.8919654913730555,0.1703675918950991,-9.938034508626943,0.11,0.23,0.23,10.02294985921223,36.90390777361322,-0.3144769543414641
3147.2600000000007,0.0,10.15,36.527201199400544,36.36696535732157,37.09484555722166,37.33786335832067,-4.433416645838624,0.06,0.06,0.06,-0.1174666266686765,-1.7447600119993971,9.85842657867109,-0.862334416395662,1.0290202449386248,-10.013314171457038,0.11,0.23,0.23,10.012320436087812,36.83171886806611,-0.38241935429628227
3147.270000000001,0.0,10.15,36.437769310689305,36.31056116883112,36.92203891108903,37.37710210789215,-4.5233824631529,0.06,0.06,0.06,-0.1124668766561673,-1.7462599370031495,9.847427128643568,-0.9473131717070086,1.0790077480629463,-10.048305423644065,0.11,0.23,0.23,10.001694537420764,36.7618678746254,-0.41085925057798234
3147.2800000000007,0.0,10.15,36.44632075924075,36.43562610389601,36.64091003996024,37.27341579420587,-4.613315013739874,0.06,0.06,0.06,-0.1074671266436723,-1.7477598620068984,9.83642767861608,-0.969592398099644,0.9142510627664592,-9.974976244061388,0.11,0.23,0.2345592070944187,9.99107217445635,36.69906817432572,-0.4123065941209783
3147.290000000001,0.0,10.15,36.43001400050047,36.48272107080331,36.488994370777824,37.17761927945967,-4.68,0.06,0.06,0.06,-0.1024673766311772,-1.7492597870106468,9.82542822858859,-0.8895723930984443,0.3991222805712354,-9.72491372843264,0.11,0.23,0.24,9.980453358483858,36.644837180385316,-0.36971345687966944
3147.3000000000006,0.0,10.15,36.33792493370016,36.2921181185887,36.73099587190424,37.10587547160361,-4.68,0.06,0.06,0.06,-0.0992003262900295,-1.7454685156435006,9.812536378706945,-0.8609222694326434,0.1370607348163003,-9.608040489877531,0.11,0.23,0.24,9.967064323424726,36.61672859894918,-0.35052950569398617
3147.310000000001,0.0,10.15,36.28283360540816,36.13689675012515,36.92484324987485,37.01973837255875,-4.703253373313422,0.06,0.06,0.06,-0.0976215035655093,-1.7365218535378864,9.797800699944752,-0.9159085228692408,0.2870232441888387,-9.708015496125892,0.11,0.23,0.24,9.950976668730105,36.59107799449173,-0.3694585394269893
3147.3200000000006,0.0,10.15,36.33962879819728,36.08867441662495,36.97306558337505,36.89007387581375,-4.793208395802036,0.06,0.06,0.06,-0.0960426808409891,-1.727575191432272,9.783065021182566,-1.020317579394573,0.3457914478620996,-9.71108527131806,0.11,0.23,0.24,9.934893127119246,36.572860668502756,-0.4101675162333342
3147.330000000001,0.0,10.13613171387325,36.329657830845456,36.01884146268637,36.94168292537273,36.79998192039805,-4.8754461384654295,0.06,0.06,0.06,-0.0944638581164645,-1.718628529326632,9.768329342420335,-1.2053638409603735,0.255768942235494,-9.556046511627796,0.11,0.23,0.24,9.918813718600413,36.52254103482565,-0.486412189633431
3147.3400000000006,0.0,10.116220319577884,36.12098121393037,35.88469220895523,36.67338441791047,36.82766351243781,-4.935431142214445,0.06,0.06,0.06,-0.0928850353919443,-1.709681867221018,9.753593663658148,-1.2610225000000328,0.1790725000000116,-9.56653999999994,0.11,0.23,0.24,9.902738463306827,36.37668033830847,-0.4955402206202792
3147.350000000001,0.0,10.096308925282518,35.979321025125515,35.80553420603,36.46208889447241,36.82606579397,-4.995408443667198,0.06,0.06,0.06,-0.0913062126674241,-1.7007352051154037,9.73885798489596,-1.106022500000253,0.1240725000000897,-9.846539999999544,0.11,0.23,0.24,9.886667381497286,36.26825247989948,-0.39539424378895194
3147.3600000000006,0.0,10.076397530987094,36.04814514572864,35.89909199497487,36.4298275879397,36.73250800502513,-5.055363477392019,0.06,0.06,0.06,-0.0897273899428995,-1.691788543009764,9.72412230613373,-1.011902499999999,0.1318549999999768,-9.883020000000077,0.11,0.23,0.24,9.87060049355725,36.27739318341708,-0.35907530987317193
3147.370000000001,0.0,10.05648613669173,36.06063977500015,35.94812981000008,36.37634755500011,36.66463284,-5.1000000000000005,0.06,0.06,0.06,-0.0881485672183793,-1.6828418809041494,9.709386627371542,-1.0169024999999918,0.2418549999998204,-9.523020000000589,0.11,0.23,0.24,9.854537819999932,36.262437495000086,-0.42667451810301704
3147.380000000001,0.0,10.036574742396365,35.90548977500015,35.86466981000008,36.25971755500011,36.67319283999999,-5.1000000000000005,0.06,0.06,0.06,-0.0865697444938591,-1.6738952187985352,9.694650948609352,-0.976242500000289,0.2339000000005024,-9.362782499999586,0.11,0.23,0.2354384133611747,9.838479381466962,36.17576749500008,-0.43644302328492474
3147.390000000001,0.0,10.016663348100998,35.8028186146536,35.79600903725934,36.1589613853464,36.69628868217047,-5.1000000000000005,0.06,0.06,0.06,-0.0849909217693389,-1.664948556692921,9.679915269847164,-0.861242500000289,0.0339000000005024,-9.527782499999589,0.11,0.23,0.23,9.822425198729555,36.113519429857455,-0.3520561525441532
3147.4000000000005,0.0,9.996751953805576,35.856331992998314,35.77139288322078,36.10544800700169,36.7626452713179,-5.1000000000000005,0.06,0.06,0.06,-0.0834120990448143,-1.6560018945872812,9.665179591084934,-0.8451862965741566,-0.0443285821455256,-9.852648162040564,0.11,0.23,0.23,9.806375292689367,36.12395453863467,-0.2893649433743183
3147.4100000000008,0.0,9.97684055951021,35.86265499999996,35.74920504,36.09993392000003,36.77453039999996,-5.107563781890955,0.06,0.06,0.06,-0.0818332763202941,-1.6470552324816667,9.650443912322746,-0.9902225556388312,0.075701425356274,-10.437794448611836,0.11,0.23,0.23,9.79032968437967,36.12158108999999,-0.261996894108336
3147.420000000001,0.0,9.956929165214843,35.728905000000154,35.73422504000002,36.23689391999984,36.62473040000017,-5.137578789394669,0.06,0.06,0.06,-0.0802544535957739,-1.6381085703760525,9.635708233560557,-1.0095326168461167,0.342356910771411,-10.76571857035757,0.11,0.23,0.23,9.774288394966057,36.081188590000046,-0.24658180912229266
3147.4300000000007,0.0,9.95,35.59868295278537,35.69607620784407,36.31536002498122,36.45475084686476,-5.16,0.06,0.06,0.06,-0.0786756308712493,-1.6291619082704127,9.620972554798328,-0.8245788552863899,0.8472306923263412,-10.67574106473392,0.11,0.23,0.23,9.758251445747591,36.01621750811886,-0.25058636951503177
3147.440000000001,0.0,9.95,35.478932765425995,35.58915639770178,36.22020139395458,36.22487325505883,-5.16,0.06,0.06,0.06,-0.0770968081467291,-1.6202152461647985,9.60623687603614,-0.8355649999991709,0.9278950000015324,-10.302282500002098,0.11,0.23,0.23,9.742218858157923,35.8782909530353,-0.3191822122886378
3147.4500000000007,0.0,9.95,35.42431015007481,35.473621680840644,36.11643154077059,36.068401975987896,-5.13092006033186,0.06,0.06,0.06,-0.0755179854222089,-1.611268584059184,9.591501197273953,-1.1655649999991708,0.3178950000015325,-9.4672825000021,0.11,0.23,0.23,9.726190653766047,35.77069133691849,-0.4929404714495779
3147.460000000001,0.0,9.95,35.564550270135065,35.33231102551276,35.9868967733867,36.13156355677839,-5.010256410256234,0.06,0.06,0.06,-0.0739391626976843,-1.6023219219535445,9.57676551851172,-1.23679169792445,-0.3454463615904647,-9.166939234808757,0.11,0.23,0.23,9.710166854277448,35.753830406453226,-0.493336699063598
3147.4700000000007,0.0,9.95,35.65445514161953,35.23658323892031,35.87595120293243,36.161264331889456,-4.894808397200896,0.06,0.06,0.06,-0.0723603399731641,-1.59337525984793,9.562029839749531,-0.8867041760442007,-1.095633908476713,-9.737081770442302,0.11,0.23,0.23,9.694147481535285,35.73206347884043,-0.2114785809649761
3147.480000000001,0.0,9.95,35.59455510829737,35.27651659446842,35.82032974341899,36.091380959680265,-4.794841719426926,0.06,0.06,0.06,-0.0707815172486439,-1.5844285977423158,9.547294160987343,-0.70619499999986,-1.264725000001142,-10.0385650000002,0.11,0.23,0.23,9.678132557521142,35.69569560146626,-0.08765127075278242
3147.4900000000007,0.0,9.95,35.534655074975035,35.31644995001664,35.76470828390539,36.02149758747088,-4.694875041652672,0.0602404819162366,0.0602404819162366,0.0602404819162366,-0.0721643372461176,-1.5797595180837647,9.532785542512942,-0.801194999999995,-0.4897250000000408,-9.903565000000008,0.11,0.23,0.23,9.663066181398644,35.65932772409199,-0.22057217597951267
3147.500000000001,0.0,9.95,35.45012054958804,35.32709594304283,35.72302,35.97581585311013,-4.612473763118433,0.0607166837305651,0.0607166837305651,0.0607166837305651,-0.0764501535750741,-1.5792833162694362,9.518499488083089,-0.8847649999999042,0.1195399999994989,-9.7685650000002,0.11,0.23,0.23,9.648928071224631,35.61901308643525,-0.3324209344854079
3147.5100000000007,0.0,9.95,35.29187923057745,35.25011367974039,35.72302,36.002545805645696,-4.582488755622186,0.0611928855448936,0.0611928855448936,0.0611928855448936,-0.0807359699040306,-1.5788071144551077,9.504213433653232,-0.9497649999998118,0.4595399999990158,-9.633565000000392,0.11,0.23,0.23,9.634792327493363,35.56688967899088,-0.41003436800438814
3147.520000000001,0.0,9.95,35.17596488023951,35.18857742514971,35.719297425149705,36.01809973053893,-4.537511244377591,0.0616690873592234,0.0616690873592234,0.0616690873592234,-0.0850217862329992,-1.5783309126407778,9.489927379223335,-0.9595123780946176,0.609024756189235,-9.605258814703506,0.11,0.23,0.2345668058455223,9.62065896063593,35.52548486526946,-0.4331355172849802
3147.5300000000007,0.0,9.931949278965726,35.187711387225534,35.17362732534932,35.70434732534932,35.999946037924175,-4.447556221888978,0.0621452891735519,0.0621452891735519,0.0621452891735519,-0.0893076025619557,-1.5778547108264491,9.475641324793482,-0.8794923730934177,0.4489847461868353,-9.75029507376818,0.11,0.23,0.24,9.606527981143165,35.51640801896208,-0.3676720892849512
3147.540000000001,0.0,9.902113376429702,35.18056081642885,35.16076434259956,35.6431641823194,35.9547268519912,-4.387469999999991,0.0626214909878804,0.0626214909878804,0.0626214909878804,-0.0935934188909122,-1.5773785090121208,9.461355270363626,-0.8242472983161957,0.4708067353598927,-9.74412163860326,0.11,0.23,0.24,9.592399399565812,35.48480404833475,-0.3523231121602338
3147.5500000000006,0.0,9.872277473893591,35.115176393688884,35.15433308790382,35.439507783621124,35.8261017580765,-4.417470000000076,0.0630976928022103,0.0630976928022103,0.0630976928022103,-0.0978792352198808,-1.576902307197791,9.44706921593373,-0.8091681326966573,0.7874692133701962,-9.492802211610956,0.11,0.23,0.24,9.578273226515085,35.38377975582258,-0.41822128540705006
3147.560000000001,0.0,9.842441571357568,35.057821909272164,35.10443305084733,35.28646,35.72069170987036,-4.44,0.0635738946165388,0.0635738946165388,0.0635738946165388,-0.1021650515488373,-1.5764261053834625,9.432783161503876,-0.9343666169893878,0.7950024838551908,-9.482155986090222,0.11,0.23,0.24,9.564149472663185,35.29235166749746,-0.4626599286869198
3147.5700000000006,0.0,9.812605668821542,35.0247511216351,34.92307711864411,35.28646,35.68548732303091,-4.44,0.0640500964308673,0.0640500964308673,0.0640500964308673,-0.1064508678777938,-1.575949903569134,9.41849710707402,-1.2771385991054116,0.3230700447099407,-9.844798807749203,0.11,0.23,0.24,9.550028148743499,35.22994389082753,-0.4738144030387167
3147.580000000001,0.0,9.782769766285432,34.98594094547264,34.782584742371164,35.30021905452735,35.66738695847929,-4.425206301575235,0.0645262982451971,0.0645262982451971,0.0645262982451971,-0.1107366842067625,-1.5754737017548042,9.404211052644126,-1.417500629247279,-0.2561817266554776,-10.052829096400671,0.11,0.2254917184264954,0.2354917184264954,9.535909265551137,35.18403292521261,-0.4292350184151997
3147.5900000000006,0.0,9.752933863749403,34.92920257628813,34.76973831915957,35.35695742371188,35.70271462231116,-4.365191297824421,0.0650025000595256,0.0650025000595256,0.0650025000595256,-0.1150225005357189,-1.5749974999404757,9.389924998214273,-1.2262094135415338,-1.0112786307571031,-10.007523282154574,0.11,0.22,0.23,9.521792833943488,35.189653235367686,-0.2933344558932277
3147.600000000001,0.0,9.72309796121338,34.86675864635373,34.74986889610394,35.392592027972064,35.70184982017994,-4.305202196705007,0.0654787018738541,0.0654787018738541,0.0654787018738541,-0.1193083168646754,-1.5745212981261472,9.375638943784416,-1.0027595628420185,-1.1170814704437333,-9.90395678092434,0.11,0.22,0.23,9.507678864840404,35.17776734765242,-0.22296743723057602
3147.6100000000006,0.0,9.69326205867727,34.786588816183816,34.70818058441559,35.362661958041954,35.58854312687312,-4.245292061907062,0.065954903688184,0.065954903688184,0.065954903688184,-0.1235941331936441,-1.574045096311817,9.36135288935452,-0.7295355191255708,-0.2179259811223328,-9.71021609537995,0.11,0.22,0.23,9.493567369224774,35.11149362137862,-0.25403131766302683
3147.620000000001,0.0,9.663426156141243,34.72138491745875,34.68741843921956,35.31333097048538,35.49820491745875,-4.214647323661868,0.0664311055025125,0.0664311055025125,0.0664311055025125,-0.1278799495226005,-1.5735688944974888,9.347066834924664,-0.6631094339621051,0.4297433962262766,-9.696928301886627,0.11,0.2245726271630743,0.23,9.479458358143072,35.05508481115561,-0.30108209830306565
3147.630000000001,0.0,9.65,34.703185817908974,34.73238092046019,35.20306583791908,35.480005817908975,-4.274677338669297,0.066907307316841,0.066907307316841,0.066907307316841,-0.132165765851557,-1.5730926926831603,9.33278078049481,-0.934807547169225,0.6662213836472883,-9.978689308175491,0.11,0.23,0.23,9.465351842705562,35.0296595985493,-0.37427219799149125
3147.640000000001,0.0,9.65,34.65387856607562,34.72962216337765,35.08194432175887,35.46414575568325,-4.305303674081587,0.0673835091311695,0.0673835091311695,0.0673835091311695,-0.1364515821805135,-1.5726164908688318,9.318494726064957,-1.0507751750789014,0.5960613378429176,-10.159466312484827,0.11,0.23,0.23,9.451247834086914,34.98239770172384,-0.3785623732828917
3147.6500000000005,0.0,9.65,34.50739842618026,34.577796032975165,34.92691059705211,35.45559217087184,-4.245318670332401,0.0678597109454993,0.0678597109454993,0.0678597109454993,-0.1407373985094822,-1.572140289054502,9.30420867163506,-0.9252016421155604,0.0502994445791661,-10.183615068823933,0.11,0.23,0.23,9.437146343526555,34.866924306769846,-0.275987359711913
3147.6600000000008,0.0,9.65,34.41195400350087,34.47545672418104,34.83219616904225,35.430270782695686,-4.2,0.0683359127598278,0.0683359127598278,0.0683359127598278,-0.1450232148384386,-1.5716640872401737,9.289922617205203,-0.886678765879981,-0.244980554835745,-10.22500648172142,0.11,0.23,0.23,9.423047382329313,34.78746941985496,-0.2260822109988215
3147.670000000001,0.0,9.65,34.47724032508122,34.52897010252559,34.927449982495546,35.35214125031264,-4.2,0.0688121145741563,0.0688121145741563,0.0688121145741563,-0.1493090311673951,-1.571187885425845,9.27563656277535,-1.0318693284933058,-0.0116385792071871,-10.302787140264272,0.11,0.23,0.23,9.40895096186562,34.821450415103754,-0.2873325935644479
3147.6800000000007,0.0,9.65,34.50378493006983,34.547875664335564,34.9658827622376,35.26112793706278,-4.1926986506746085,0.0692883163884862,0.0692883163884862,0.0692883163884862,-0.1535948474963638,-1.5707116836115151,9.261350508345457,-1.022384500745208,0.2100447093889294,-10.33047690014904,0.11,0.23,0.23,9.394857093572089,34.81966782342644,-0.3030083041402129
3147.690000000001,0.0,9.65,34.408650064935124,34.45808545454551,34.82585279220788,35.129649415584495,-4.162713643178404,0.0697645182028147,0.0697645182028147,0.0697645182028147,-0.1578806638253202,-1.5702354817971866,9.2470644539156,-0.7739990064582343,0.4137208147042479,-10.280799801291646,0.11,0.23,0.23,9.380765788952104,34.70555943181826,-0.24829260021721278
3147.7000000000007,0.0,9.65,34.34783192499991,34.3646860300002,34.75446830499972,34.99737061000026,-4.154553638409535,0.07,0.07,0.07,-0.1610930320557803,-1.5708197740418353,9.232622033623482,-0.7136855345907394,0.5113207547171207,-10.039685534592218,0.11,0.23,0.23,9.366682195059655,34.61608921750002,-0.27467684760712374
3147.710000000001,0.0,9.65,34.395981925000044,34.2598260299999,34.901058305000134,34.86255060999987,-4.214568642160605,0.07,0.07,0.07,-0.1632553110978949,-1.5724414833234213,9.21802665008921,-0.9602264150941968,0.4358490566038173,-9.48622641509466,0.11,0.23,0.23,9.352606045206485,34.60485421749999,-0.433382068192938
3147.7200000000007,0.0,9.65,34.39688362369329,34.16604856645093,34.97325198606262,34.7508357889497,-4.252717282717266,0.07,0.07,0.07,-0.1654175901400033,-1.5740631926050026,9.203431266554976,-1.0670931677020858,0.1754658385104283,-9.218260869564864,0.11,0.23,0.23,9.338532271810346,34.57175499128914,-0.48274798051511203
3147.730000000001,0.0,9.633867755427268,34.24775470383288,34.1074622050772,34.80921017421617,34.71248835241417,-4.222747252747246,0.07,0.07,0.07,-0.1675798691821118,-1.575684901886584,9.188835883020744,-0.9577763975158892,-0.371118012420554,-9.392173913042903,0.11,0.23,0.23,9.324460885631837,34.4692288588851,-0.36288171507852174
3147.7400000000007,0.0,9.603993228440558,34.14837593765716,34.067091980894936,34.69265196078434,34.6988519356461,-4.2,0.07,0.07,0.07,-0.1697421482242264,-1.57730661116817,9.174240499486473,-0.8498490566039115,-0.7291194968552802,-9.593685534590874,0.11,0.23,0.23,9.310391897494776,34.40174295374563,-0.2589147955108402
3147.750000000001,0.0,9.574118701453934,34.21508282554044,34.08753441427852,34.73461274509802,34.76771065862239,-4.2,0.07,0.07,0.07,-0.1719044272663348,-1.5789283204497513,9.15964511595224,-0.744188679245436,-0.7794339622640781,-9.840226415093984,0.11,0.23,0.23,9.296325318286778,34.45123516088485,-0.18088891394083312
3147.7600000000007,0.0,9.544244174467307,34.24177978617616,34.088648473396404,34.70116414719082,34.830219661859715,-4.185629999999965,0.07,0.07,0.07,-0.1740667063084432,-1.5805500297313324,9.14504973241801,-0.7541118012418521,-0.6188695652183817,-9.933440993789114,0.11,0.23,0.2343790496760137,9.282261158959463,34.465453017155774,-0.18681039573663322
3147.770000000001,0.0,9.514369647480596,34.142814097463834,34.02905623073091,34.4308707608152,34.872785549477925,-4.12562999999988,0.07,0.07,0.07,-0.1762289853505578,-1.5821717390129184,9.130454348883736,-0.9429316770185464,-0.1319130434784861,-9.7893416149069,0.11,0.23,0.24,9.268199430529037,34.36888165962197,-0.32266314694697523
3147.7800000000007,0.0,9.484495120493971,34.04309417148599,33.95492100578319,34.23875592657785,34.90405163188333,-4.058488023952027,0.07,0.07,0.07,-0.1783912643926662,-1.5837934482944998,9.115858965349505,-1.056176100628944,0.244566037735593,-9.71911949685528,0.11,0.2254360313315908,0.2354360313315908,9.254140144076874,34.28520568393259,-0.4104678406175767
3147.790000000001,0.0,9.454620593507348,33.94085630374667,33.832235564496,34.307631963791714,34.89759450339453,-3.968667664670648,0.07,0.07,0.07,-0.1805535434347746,-1.585415157576081,9.101263581815273,-1.0461132075471844,0.4407924528299045,-9.76943396226408,0.11,0.22,0.23,9.240083310749736,34.24457958385723,-0.4198783351446035
3147.8000000000006,0.0,9.42474606652064,33.85972939409113,33.774768072108174,34.37150980470706,34.84783608412617,-3.9,0.07,0.07,0.07,-0.1827158224768892,-1.587036866857667,9.086668198280998,-1.0146396620277969,0.6438841948311341,-9.981423956262686,0.11,0.22,0.23,9.226028941760374,34.21346083875814,-0.39834483730095127
3147.810000000001,0.0,9.394871539534014,33.844726890335515,33.92157828743102,34.419732138207266,34.66244800200317,-3.9,0.07,0.07,0.07,-0.1848781015189976,-1.5886585761392484,9.072072814746766,-0.9500273359841818,0.8576018886677064,-10.443650596420854,0.11,0.22,0.23,9.211977048388112,34.21212132949424,-0.3289171347054227
3147.8200000000006,0.0,9.36499701254739,33.83131167537965,33.982822290266725,34.444393174010536,34.49898634802108,-3.9071928071927946,0.07,0.07,0.07,-0.1870403805611061,-1.5902802854208296,9.057477431212536,-0.8640643863182539,0.7756338028185179,-10.618988933602449,0.11,0.22,0.23,9.197927641979092,34.189378371919496,-0.2649902755796526
3147.830000000001,0.0,9.337637771820104,33.82278790141896,33.78038265870043,34.39644694548168,34.40309389096336,-3.9371628371629,0.07,0.07,0.07,-0.1892026596032207,-1.5919019947024156,9.04288204767826,-0.7433400402415653,0.2122535211273042,-10.327238430583783,0.11,0.22,0.23,9.183880733946856,34.10067784914111,-0.21001945463914534
3147.8400000000006,0.0,9.312814020454818,33.80715404958679,33.60731460055099,34.33499713498627,34.301741652892616,-3.952867132867089,0.07,0.07,0.07,-0.1913649386453291,-1.593523703983997,9.028286664144028,-0.7792445328027007,-0.3738494035774568,-10.081722166998311,0.11,0.22,0.23,9.169836335772985,34.012801859504165,-0.19828787815704885
3147.850000000001,0.0,9.287990269089532,33.76856652141255,33.52906766841989,34.22995330828972,34.182763441022026,-3.922897102897112,0.07,0.07,0.07,-0.1935272176874375,-1.5951454132655782,9.013691280609796,-1.0575745526832812,-0.995121769382324,-9.90776590457295,0.11,0.22,0.23,9.15579445900732,33.92758773478605,-0.2534807373655477
3147.8600000000006,0.0,9.263166517724176,33.73692822205552,33.449564591147826,34.10080207051773,34.140373608402,-3.8929270729270384,0.07,0.07,0.07,-0.1956894967295521,-1.5967671225471642,8.999095897075524,-1.145763522012638,-1.1674943396227917,-9.692789937106994,0.11,0.22,0.23,9.141755115268586,33.85691712303077,-0.2977065777168839
3147.870000000001,0.0,9.23834276635889,33.727295813953496,33.36608372093033,33.89531069767465,34.340513643410624,-3.8629570429570177,0.07,0.07,0.07,-0.1978517757716605,-1.5983888318287456,8.984500513541292,-0.9243798742142444,-0.6090037735859344,-9.41102893081813,0.11,0.22,0.23,9.127718316245007,33.83230096899227,-0.3240767855264074
3147.880000000001,0.0,9.213519014993604,33.69148704738176,33.33707689775535,33.78287785536127,34.45144907730704,-3.847027027027037,0.0699966671794079,0.0699966671794079,0.0699966671794079,-0.2000099982054469,-1.5999700053836594,8.969916681621276,-0.8603006211175221,0.1166534161463713,-9.226330434782705,0.11,0.22,0.23,9.113688237631195,33.81572271945136,-0.4059661970967284
3147.890000000001,0.0,9.188695263628318,33.573013231920505,33.48009934164551,33.96432423940103,34.2806760099755,-3.877057057057034,0.0694839255499155,0.0694839255499155,0.0694839255499155,-0.2015481836593385,-1.5953554490219846,8.957098469505514,-1.0391826086951872,1.100504347823529,-9.191547826087048,0.11,0.22,0.23,9.100296350750261,33.82452820573564,-0.5736066434843499
3147.9000000000005,0.0,9.163871512262965,33.448336766917365,33.55281060150384,34.01765560902274,34.15012,-3.935346979530871,0.0689711839204216,0.0689711839204216,0.0689711839204216,-0.2030863691132344,-1.5907408926602968,8.944280257389714,-1.1231974842767487,1.3271069182392643,-9.298269182389848,0.11,0.2245572916666744,0.23,9.08690541293529,33.79223074436099,-0.6092323897127332
3147.9100000000008,0.0,9.139047760897675,33.30352473684226,33.39727175438614,33.655089192982864,34.15012,-4.085122316525307,0.0684584422909292,0.0684584422909292,0.0684584422909292,-0.204624554567126,-1.586126336298622,8.931462045273951,-1.0527572327045325,0.3208176100647464,-9.63537610062831,0.11,0.23,0.23,9.07351542838833,33.62650142105282,-0.42992224435370574
3147.920000000001,0.0,9.114224009532393,33.20205315008507,33.26561911457077,33.41602608124516,34.144611491121424,-4.206996996996998,0.0679457006614368,0.0679457006614368,0.0679457006614368,-0.2061627400210176,-1.5815117799369474,8.918643833158187,-1.002188819875842,-0.4794211180108336,-9.87710310558975,0.11,0.23,0.23,9.060126401335848,33.507077459255605,-0.29314600843241206
3147.9300000000007,0.0,9.1,33.23745086353685,33.20939921673559,33.56698691802481,34.12170708829969,-4.23702702702708,0.0674329590319429,0.0674329590319429,0.0674329590319429,-0.2077009254749135,-1.5768972235752594,8.905825621042387,-0.9823130434782952,-0.9614086956513423,-9.971513043478096,0.11,0.23,0.23,9.046738336029042,33.53388602164924,-0.2220646402692046
3147.940000000001,0.0,9.1,33.2539154358975,33.17170102564099,33.6883957948718,34.06446512820532,-4.252949999999983,0.0669202174024505,0.0669202174024505,0.0669202174024505,-0.2092391109288051,-1.5722826672135848,8.893007408926625,-0.9035785536164512,-0.9089152119726718,-10.08123940149588,0.11,0.23,0.23,9.033351236744112,33.5446193461539,-0.18447667053008965
3147.9500000000007,0.0,9.1,33.186971846153945,33.2155984615384,33.67961630769232,33.85595230769262,-4.222950000000026,0.066407475772958,0.066407475772958,0.066407475772958,-0.2107772963826966,-1.5676681108519102,8.880189196810862,-0.7290149625941461,0.0137780548595136,-10.215902743141658,0.11,0.23,0.23,9.019965107782221,33.484534730769326,-0.20142000256186027
3147.960000000001,0.0,9.1,33.13777714715468,33.20328990223102,33.62423632489333,33.69442285284532,-4.2,0.0658947341434642,0.0658947341434642,0.0658947341434642,-0.2123154818365926,-1.5630535544902222,8.867370984695063,-0.6705660847878199,0.7210972568573106,-10.228832917706033,0.11,0.2256379498364078,0.23,9.00657995346979,33.414931556781085,-0.25338450061523127
3147.9700000000007,0.0,9.1,33.146360752068176,33.00801289044886,33.41715685635511,33.68583924793182,-4.2,0.0653819925139717,0.0653819925139717,0.0653819925139717,-0.2138536672904842,-1.5584389981285476,8.8545527725793,-0.8052294264335982,1.070224438901921,-10.039306733167528,0.11,0.22,0.23,8.9931957781588,33.314342436701,-0.36359325480857396
3147.980000000001,0.0,9.1,33.138478840772926,32.843412974683666,33.24462162891418,33.65291787475037,-4.2,0.0648692508844793,0.0648692508844793,0.0648692508844793,-0.2153918527443757,-1.5538244417668727,8.841734560463536,-0.9480809102397566,0.9621238938078256,-9.925620733249009,0.11,0.22,0.23,8.979812586226736,33.21985782978028,-0.41752999875302443
3147.9900000000007,0.0,9.1,33.078598760826125,32.77569145569621,33.18117725849435,33.54313772818123,-4.2,0.0643565092549854,0.0643565092549854,0.0643565092549854,-0.2169300381982717,-1.549209885405185,8.828916348347736,-1.1048445006321157,0.0771681415928955,-9.94079140328698,0.11,0.22,0.23,8.966430382076904,33.14465130079948,-0.3758574837172995
3148.000000000001,0.0,9.1,33.018718680879495,32.70796993670895,33.117732888074705,33.433357581612405,-4.2,0.063843767625493,0.063843767625493,0.063843767625493,-0.2184682236521632,-1.5445953290435104,8.816098136231973,-1.1246460176991917,-0.6049115044246319,-9.92488200589973,0.11,0.22,0.23,8.953049170138721,33.06944477181889,-0.3139898116431005
3148.0100000000007,0.0,9.1,32.94606256564168,32.644402835709045,33.06942,33.36967018754668,-4.193011747063232,0.0633310259960006,0.0633310259960006,0.0633310259960006,-0.2200064091060548,-1.5399807726818355,8.803279924116211,-0.9329056047200568,-0.9736430678460446,-9.860968534906686,0.11,0.22,0.23,8.939668954867681,33.00738889722435,-0.22093012857036806
3148.020000000001,0.0,9.1,32.83261420355091,32.59410026006502,33.06942,33.45315105776442,-4.163019245188639,0.0628182843665067,0.0628182843665067,0.0628182843665067,-0.2215445945599507,-1.5353662163201478,8.790461712000411,-0.8515446540880535,-1.007695597484262,-9.771230188679242,0.11,0.22,0.23,8.926289740745657,32.98732138034509,-0.20364748960228896
3148.0300000000007,0.0,9.08663870581188,32.737600369353665,32.59130437234825,33.07503623159469,33.48528015972062,-4.133047595315191,0.0623055427370143,0.0623055427370143,0.0623055427370143,-0.2230827800138423,-1.530751659958473,8.777643499884649,-0.9672679245281228,-0.4441735849065319,-9.635381132075684,0.11,0.22,0.23,8.91291153228122,32.9723052832543,-0.3216659238131024
3148.040000000001,0.0,9.056680647094115,32.70128392313459,32.73977454953798,33.09853510855997,33.35390007486927,-4.103144779466751,0.0617928011075218,0.0617928011075218,0.0617928011075218,-0.2246209654677339,-1.5261371035967983,8.764825287768884,-0.9635750125444488,-0.075087807325746,-9.533223783241466,0.11,0.22,0.23,8.899534334009584,32.97337341402545,-0.3742650048389542
3148.0500000000006,0.0,9.026722588376266,32.66518783066134,32.81389156312634,33.07483915330671,33.27971895791577,-4.08,0.061280059478028,0.061280059478028,0.061280059478028,-0.2261591509216298,-1.5215225472351104,8.752007075653085,-0.7578549924736816,-0.0349473156046207,-9.4880657300552,0.11,0.22,0.23,8.886158150492937,32.95840937625254,-0.3161882756972249
3148.060000000001,0.0,8.9967645296585,32.62980706913832,32.64663705410844,32.897935345691614,33.391221963927705,-4.08,0.0607673178485355,0.0607673178485355,0.0607673178485355,-0.2276973363755214,-1.5169079908734358,8.739188863537322,-0.6128387909320118,0.1692392947100999,-9.597289672543909,0.11,0.22,0.23,8.872782986320749,32.89140035821652,-0.2721912365490995
3148.0700000000006,0.0,8.966806470940737,32.60723159830968,32.526574397215946,32.80060078548313,33.43550681580947,-4.093913043478256,0.0602545762190431,0.0602545762190431,0.0602545762190431,-0.229235521829413,-1.5122934345117611,8.72637065142156,-0.5674987405541988,0.64279093198948,-9.96001007556641,0.11,0.22,0.23,8.859408846109728,32.84247839920455,-0.25131315996618947
3148.080000000001,0.0,8.936848412222886,32.625317603778264,32.55636311210538,32.95592765597805,33.26634947054445,-4.153883058470921,0.06,0.06,0.06,-0.2279878993949679,-1.5079878993949678,8.713712185609275,-0.571261171797478,0.8596623634556745,-10.168277060575946,0.11,0.22,0.23,8.846173525351384,32.85098946060153,-0.24360889558907284
3148.0900000000006,0.0,8.906890353505123,32.618071386460294,32.57180290781919,33.09217307019724,33.155993504871205,-4.193076923076861,0.06,0.06,0.06,-0.2239876993849713,-1.5039876993849712,8.701211560578036,-0.6507050645480471,0.6809136047668942,-10.138485600794484,0.11,0.22,0.23,8.833076027710502,32.85951021733699,-0.25620937607299477
3148.100000000001,0.0,8.876932294787357,32.525051151636504,32.53865776667507,33.16380934299258,33.24473694728931,-4.163106893106883,0.06,0.06,0.06,-0.2199874993749747,-1.4999874993749749,8.688710935546796,-0.7706846211925271,0.2834407248951606,-10.108537628995808,0.11,0.22,0.23,8.81998042626246,32.86806380214837,-0.2597024900988466
3148.1100000000006,0.0,8.846974236069508,32.454562171945696,32.484507647058855,33.21922,33.270002232277584,-4.1331299999999445,0.06,0.06,0.06,-0.2159872993649667,-1.4959872993649668,8.676210310515522,-0.9569418575383908,-0.4716561792096916,-10.078333752831613,0.11,0.22,0.23,8.806886729465987,32.857073012820535,-0.2483046399947572
3148.120000000001,0.0,8.817016177351743,32.46101767722473,32.358625294117644,33.21922,33.07848890899949,-4.103129999999945,0.06,0.06,0.06,-0.2119870993549702,-1.4919870993549702,8.663709685484282,-1.068048174819968,-0.8499751676186797,-10.007300720139131,0.11,0.224572178477696,0.23,8.793794945829061,32.779337970085464,-0.25702739357565046
3148.130000000001,0.0,8.8,32.4387554211447,32.23850415896025,33.146050292426864,32.914675696075975,-4.0731334332833145,0.06,0.06,0.06,-0.2079868993449736,-1.4879868993449736,8.651209060453043,-1.0630816985348992,-0.6463496399308652,-9.873205860442278,0.11,0.23,0.23,8.78070508390905,32.68449639215194,-0.29682700831878966
3148.140000000001,0.0,8.8,32.324294036490954,32.13687956510879,32.83796731317192,32.839794416395954,-4.04314842578711,0.06,0.06,0.06,-0.203986699334977,-1.483986699334977,8.638708435421805,-1.0504456193354246,-0.3805060422971993,-9.78235649546834,0.11,0.23,0.23,8.767617152313194,32.53473383279191,-0.33397596563660326
3148.1500000000005,0.0,8.8,32.219471034482666,32.064916191904075,32.62190974512753,32.80952710644691,-4.033673163418361,0.06,0.06,0.06,-0.199986499324969,-1.479986499324969,8.626207810390529,-1.0252693856999204,-0.012933031218839,-9.762215508559937,0.11,0.23,0.23,8.754531159698901,32.4289560194903,-0.366790975833471
3148.1600000000008,0.0,8.8,32.14567793103451,32.088444427786094,32.70211964017987,32.92289042478756,-4.09364317841077,0.06,0.06,0.06,-0.1959862993149725,-1.4759862993149724,8.61370718535929,-1.0256305858986483,0.3096449851038821,-9.777353525322637,0.1055982674607453,0.2255982674607453,0.23,8.741447114774244,32.46478310594701,-0.39816414079090257
3148.170000000001,0.0,8.8,32.09056259999999,32.103642280000024,32.69294692000058,32.98197532000023,-4.14,0.06,0.06,0.06,-0.1919860993049759,-1.4719860993049758,8.60120656032805,-1.0653525322739887,0.5628723932466783,-9.84686693147948,0.1,0.22,0.23,8.728365026298093,32.46728178000021,-0.427314995360366
3148.1800000000007,0.0,8.8,32.0959126,32.09187228000001,32.394416920000154,32.86534532000007,-4.14,0.06,0.06,0.06,-0.1879858992949679,-1.467985899294968,8.588705935296776,-1.002099697885248,0.4295468277947327,-9.838406344410908,0.1045606694560771,0.22,0.23,8.715284903080603,32.361886780000056,-0.39349018283552395
3148.190000000001,0.0,8.8,32.09523192049693,32.061800069565365,32.19018039751537,32.771973823602515,-4.13319170207445,0.06,0.06,0.06,-0.1839856992849713,-1.4639856992849714,8.576205310265536,-0.7704783484392684,-0.3358106747224174,-9.702454682779573,0.11,0.22,0.23,8.702206753983674,32.27979655279504,-0.2566972505950106
3148.2000000000007,0.0,8.8,32.075028193788846,31.97247833043492,32.291199031055754,32.753896804968974,-4.103199200199943,0.06,0.06,0.06,-0.1799854992749748,-1.4599854992749748,8.563704685234297,-0.6142796504370198,-0.7606991260925495,-9.720217228464,0.11,0.22,0.23,8.689130587921113,32.27315059006212,-0.15737304227390508
3148.210000000001,0.0,8.8,32.04444224566684,31.91441345892997,32.377569449887,32.74466572720424,-4.059645531702263,0.06,0.06,0.06,-0.1759852992649668,-1.455985299264967,8.551204060203021,-0.574329588014978,-0.6608239700374449,-9.974898876404517,0.11,0.22,0.23,8.676056413859104,32.270272720422014,-0.1157992305403214
3148.2200000000007,0.0,8.8,31.97778562672702,31.96494347651339,32.413047972871105,32.76616786234612,-3.969780329505729,0.06,0.06,0.06,-0.1719850992549702,-1.45198509925497,8.538703435171783,-0.6224255319146584,-0.2652765957457679,-10.200468085106154,0.11,0.22,0.23,8.662984240816707,32.28048623461441,-0.13894391286108754
3148.230000000001,0.0,8.790019910403272,31.913522112851247,31.995519806114928,32.412001148397025,32.735561913995035,-3.9,0.06,0.06,0.06,-0.1679848992449736,-1.4479848992449735,8.526202810140543,-0.8076570713386173,0.590793491862258,-10.380693366707844,0.11,0.22,0.23,8.649914077865994,32.26415124533956,-0.2628905462793596
3148.2400000000007,0.0,8.765131906421143,31.85713633109616,31.960411677852328,32.29071852348986,32.533424205816424,-3.9,0.06,0.06,0.06,-0.1639846992349657,-1.4439846992349656,8.513702185109269,-0.9337553058676272,0.9940624219728568,-10.358342072409854,0.11,0.22,0.23,8.636845934132564,32.16042268456369,-0.35055280372153325
3148.250000000001,0.0,8.740243902439083,31.80800100477266,31.90783756845009,32.19558559155991,32.35343706606376,-3.913429927554336,0.06,0.06,0.06,-0.1599844992249691,-1.439984499224969,8.501201560078028,-0.968711610486864,0.6994307116107171,-10.02376029962573,0.11,0.22,0.23,8.623779818796022,32.0662153077116,-0.38229009539504644
3148.2600000000007,0.0,8.715355898457023,31.78434865611659,31.793876252198128,32.19236027128863,32.25130192413983,-3.9733849612789855,0.06,0.06,0.06,-0.1559842992149725,-1.4359842992149725,8.48870093504679,-1.0311166750124177,0.2223935903863095,-9.79650475713576,0.11,0.22,0.23,8.610715741090154,32.005471775935796,-0.38803543949664604
3148.270000000001,0.0,8.690467894474894,31.75239076846559,31.69394604327285,32.14512999751317,32.20570780402876,-4.0200000000000005,0.06,0.06,0.06,-0.1519840992049645,-1.4319840992049646,8.476200310015514,-1.1362744116175243,-0.5387481221839878,-9.736414621932845,0.11,0.22,0.23,8.597653710303417,31.949293653320094,-0.35329716193232885
3148.2800000000007,0.0,8.665579890492834,31.69278370554597,31.640725451380334,31.95140704302442,32.3483389903007,-4.0200000000000005,0.06,0.06,0.06,-0.1497599942855791,-1.4304800114288416,8.46399985713948,-1.1901647528707036,-1.0216375436844525,-9.84162755866187,0.11,0.22,0.23,8.585336027241043,31.908313797562855,-0.30525922332823135
3148.290000000001,0.0,8.640691886510774,31.62980042010521,31.58059647411873,31.80913177794439,32.43049273818486,-4.026673331667114,0.06,0.06,0.06,-0.1492837924712506,-1.4314324150574986,8.452094811781269,-1.1652021967049997,-1.0765551672490012,-10.201088367448008,0.11,0.22,0.23,8.573750119808238,31.8625053525883,-0.23676546089125322
3148.3000000000006,0.0,8.615803882528645,31.554881690422626,31.496045336334102,31.84873167791947,32.29884982745689,-4.0566658335417065,0.06,0.06,0.06,-0.1488075906569208,-1.4323848186861583,8.440189766423021,-1.0638507761644582,-0.8163094641970161,-10.42587381071606,0.11,0.22,0.23,8.562165220379223,31.799627133033272,-0.19577222449451492
3148.310000000001,0.0,8.590915878546586,31.49251203389832,31.42169254237292,31.85836135593229,32.18050389830515,-4.08,0.06,0.06,0.06,-0.1483313888425923,-1.4333372223148153,8.42828472106481,-0.8435202804210509,-0.0651827741626733,-10.440896344516748,0.11,0.22,0.23,8.5505813330512,31.738267457627167,-0.19761228824801258
3148.3200000000006,0.0,8.566027874564528,31.474376440678,31.38328775672988,31.762349391824703,32.10902832502506,-4.08,0.06,0.06,0.06,-0.1478551870282638,-1.4342896259434723,8.416379675706597,-0.6745931103347378,0.3211532700953236,-10.390988517224564,0.11,0.22,0.23,8.538998461943141,31.68226047856441,-0.18860881924698186
3148.330000000001,0.0,8.55,31.435718067100648,31.36028226339509,31.69550463695544,32.079876284426646,-4.08,0.06,0.06,0.06,-0.147378985213934,-1.435242029572132,8.40447463034835,-0.5847279081378203,0.1464153769346506,-10.241213180229702,0.11,0.22,0.23,8.527416611196035,31.642845312969456,-0.16292722626285133
3148.3400000000006,0.0,8.55,31.32212768152239,31.39350209313968,31.73515411116671,32.205254351527174,-4.08,0.06,0.06,0.06,-0.1469027833996055,-1.436194433200789,8.392569584990138,-0.5691587381070645,-0.0461492238355419,-10.114757135703645,0.11,0.2246120920278283,0.23,8.515835784973136,31.66400955933899,-0.15681291094300379
3148.350000000001,0.0,8.55,31.23075134343185,31.381945239632767,31.74345378693834,32.25858266203163,-4.073373313343351,0.06,0.06,0.06,-0.146426581585277,-1.437146836829446,8.380664539631926,-0.6693089634449769,-0.2664797195789491,-10.02462193289952,0.11,0.23,0.23,8.504255987459905,31.653683258008645,-0.1811755063585372
3148.3600000000006,0.0,8.55,31.21906025825676,31.20976743978128,31.63929684628744,32.05345725850485,-4.043388305847018,0.06,0.06,0.06,-0.1459503797709471,-1.4380992404581057,8.368759494273679,-0.7378681977034484,-0.2623065401896539,-9.999505741387932,0.1055506607929395,0.2255506607929395,0.23,8.492677222864254,31.530395450707584,-0.20843404247882952
3148.370000000001,0.0,8.55,31.19124996978845,31.099903972809766,31.56327108257807,31.8627353121852,-4.026595053709767,0.06,0.06,0.06,-0.1454741779566186,-1.439051644086763,8.356854448915467,-0.7578382426360399,0.0871692461306986,-10.07439340988515,0.1,0.22,0.23,8.481099495416805,31.429290084340373,-0.24014674120575324
3148.380000000001,0.0,8.55,31.100736374622475,31.23244173715995,31.596674909365515,31.728042462235827,-4.056572570572091,0.06,0.06,0.06,-0.1449979761422901,-1.4400040477154197,8.344949403557255,-0.8248222333498904,0.2060190285430451,-10.063219829744757,0.1,0.22,0.23,8.46952280937083,31.41447387084594,-0.2766907132927709
3148.390000000001,0.0,8.55,31.043076174781355,31.293522431960607,31.612972868913985,31.607602297128786,-4.08,0.06,0.06,0.06,-0.1445217743279616,-1.440956451344077,8.333044358199041,-0.9650325488229676,-0.0343415122679445,-9.918002003004784,0.1,0.22,0.23,8.457947169002528,31.38929344319618,-0.32075960987161584
3148.4000000000005,0.0,8.55,31.102921368289657,31.099025553058617,31.56808897378276,31.538139126092364,-4.08,0.06,0.06,0.06,-0.1440455725136318,-1.4419088549727364,8.321139312840796,-1.05,-0.2488639200998625,-9.826064918851436,0.1,0.22,0.23,8.446372578611138,31.327043755305848,-0.3409001705158039
3148.4100000000008,0.0,8.55,31.131151984027927,30.93108201147989,31.508444077863707,31.48368,-4.086480000000007,0.06,0.06,0.06,-0.1435693706993033,-1.4428612586013934,8.309234267482584,-1.05,-0.4236454431957988,-9.816077403245954,0.1,0.22,0.23,8.434799042519188,31.263589518342883,-0.3242372500013494
3148.420000000001,0.0,8.55,31.044633391564847,30.859517249812896,31.395222216121898,31.48368,-4.116479999999965,0.06,0.06,0.06,-0.1430931688849748,-1.4438136622300504,8.297329222124372,-0.9931614518151362,-0.5182403003755455,-9.72768210262882,0.1,0.22,0.23,8.42322656507248,31.195763214374907,-0.30869105181111356
3148.4300000000007,0.0,8.55,30.95419494494488,30.800656371371364,31.271692007006905,31.4977913613614,-4.14,0.06,0.06,0.06,-0.1426169670706449,-1.44476606585871,8.285424176766124,-0.847979974968918,-0.4882027534418451,-9.517419274092916,0.1,0.22,0.23,8.411655150640325,31.13108367117114,-0.29488055102643995
3148.440000000001,0.0,8.55,30.84922997998003,30.7888745895896,31.109960275275352,31.56419776776773,-4.14,0.06,0.06,0.06,-0.1421407652563164,-1.445718469487367,8.273519131407912,-0.7619675405742704,-0.281116104870043,-9.513955056179034,0.1,0.22,0.23,8.400084803615812,31.078065653153182,-0.2880537703741243
3148.4500000000007,0.0,8.55,30.778264363272378,30.78788874155612,31.01806215161347,31.59959282962233,-4.152933233308256,0.06,0.06,0.06,-0.1416645634419879,-1.446670873116024,8.2616140860497,-0.7669612983770185,0.198284644193777,-9.828561797752164,0.1,0.22,0.23,8.388515528415759,31.04595202151608,-0.2919684475904111
3148.460000000001,0.0,8.55,30.83180451838884,30.826437653239964,31.181895026269853,31.521424203152293,-4.212948237059327,0.06,0.06,0.06,-0.1411883616276581,-1.4476232767446835,8.249709040691453,-0.8111589486858899,0.4155219023779136,-10.035679599499389,0.1,0.22,0.23,8.376947329480974,31.090390350262737,-0.29805508337835684
3148.4700000000007,0.0,8.55,30.84743890527364,30.81992110472376,31.24448726318409,31.45759831542114,-4.27943514121473,0.06,0.06,0.06,-0.1407121598133296,-1.4485756803733407,8.237803995333241,-0.9162903629535422,0.2252841051316856,-10.07572966207754,0.1,0.22,0.23,8.365380211276516,31.092361397150658,-0.30751754749539273
3148.480000000001,0.0,8.55,30.725489392651887,30.649833626593423,30.93961348162972,31.445831257185706,-4.369412646838253,0.06,0.06,0.06,-0.1402359579990011,-1.4495280840019975,8.22589894997503,-0.9386816479403806,-0.0965917602980972,-10.121642946316944,0.1,0.22,0.23,8.353814178291655,30.940191939515184,-0.27461870735544974
3148.4900000000007,0.0,8.55,30.617376705529555,30.51593913724184,30.70259069287144,31.408640992671348,-4.452923538230985,0.0602102258521553,0.0602102258521553,0.0602102258521553,-0.1421022585215416,-1.448948870739229,8.214954579548301,-0.8338127340825208,-0.6209363295873966,-10.176574282147252,0.1,0.22,0.23,8.342968573951062,30.811136882078547,-0.17656517081930037
3148.500000000001,0.0,8.55,30.559635199866733,30.51380056295803,30.71257070619588,31.278900819453646,-4.512893553223451,0.0606269272439376,0.0606269272439376,0.0606269272439376,-0.1462692724393642,-1.446865363780318,8.204953746145527,-0.8405581977468279,-0.7048060075105737,-10.227639549436708,0.1,0.22,0.23,8.332831454995032,30.76622682211857,-0.1623812088419852
3148.5100000000007,0.0,8.55,30.501893694203908,30.511661988674216,30.72255071952032,31.14916064623594,-4.572863568215917,0.0610436286357198,0.0610436286357198,0.0610436286357198,-0.1504362863571868,-1.4447818568214066,8.194952912742751,-1.0207834793487742,-0.1040550688374198,-10.272695869837197,0.1,0.22,0.23,8.322696614206489,30.721316762158594,-0.2785539163902842
3148.520000000001,0.0,8.55,30.445091914257176,30.499275199401744,30.73313314057828,31.014094551345813,-4.639235955056406,0.0614603300275033,0.0614603300275033,0.0614603300275033,-0.1546033002750213,-1.4426983498624892,8.184952079339949,-1.0886816479400827,0.3623121098626529,-10.240973782771547,0.1,0.22,0.23,8.312564059918168,30.672898701395752,-0.35465079148214224
3148.5300000000007,0.0,8.542507211656012,30.391751934197405,30.44913561814556,30.745934735792623,30.85940860917248,-4.729123595505745,0.0618770314192855,0.0618770314192855,0.0618770314192855,-0.158770314192844,-1.440614842903578,8.174951245937175,-0.9838127340825208,0.6219875156051868,-10.091161048689315,0.1,0.22,0.23,8.30243380050168,30.611557724327014,-0.36910818822654645
3148.540000000001,0.0,8.51806092015846,30.35125975951903,30.382036197394907,30.762309158316608,30.75795464428848,-4.844437218609361,0.0622937328110678,0.0622937328110678,0.0622937328110678,-0.1629373281106666,-1.4385313359446668,8.1649504125344,-0.8808010012517623,0.5565657071350449,-9.996080100125177,0.1,0.2246268656716291,0.23,8.292305844367553,30.563389939879755,-0.3421014400580024
3148.5500000000006,0.0,8.493614628660836,30.359836913827664,30.250162449899648,30.79232919839683,30.859808351703524,-5.054542271135956,0.0627104342028513,0.0627104342028513,0.0627104342028513,-0.1671043420285011,-1.4364478289857494,8.154949579131598,-0.7806758448059521,-0.0141476846060731,-9.986067584480596,0.1,0.23,0.23,8.282180199965541,30.565534228456915,-0.2506478663982022
3148.560000000001,0.0,8.469168337163282,30.343754617691133,30.14233473763118,30.781166446776577,30.92383418290853,-5.239110666999808,0.0631271355946335,0.0631271355946335,0.0631271355946335,-0.1712713559463238,-1.434364322026838,8.144948745728824,-0.7554157303370721,-0.5587215980024604,-9.844239700374557,0.1,0.23,0.23,8.27205687578493,30.547772496251852,-0.20700228728100287
3148.5700000000006,0.0,8.44472204566573,30.235738625687304,30.124153828085984,30.616468795602422,30.84683268365828,-5.329043217586784,0.0635438369864158,0.0635438369864158,0.0635438369864158,-0.1754383698641464,-1.4322808150679267,8.13494791232605,-0.8453033707864108,-1.0630911360793054,-9.499670411985424,0.1,0.23,0.23,8.261935880354565,30.455798483258498,-0.23688880129226675
3148.580000000001,0.0,8.420275754168106,30.137399635091224,30.098541064733816,30.48396303424144,30.792795361159712,-5.437989497374644,0.0639605383781992,0.0639605383781992,0.0639605383781992,-0.1796053837819809,-1.4301973081090096,8.124947078923245,-0.9156835252879568,-1.0543690535798715,-9.313525287931936,0.1,0.2253759999999751,0.23,8.251817222243178,30.37817477380655,-0.28960174933455396
3148.5900000000006,0.0,8.395829462670552,30.075355146213493,30.04505443639094,30.47219597600601,30.82488733816544,-5.618034508627343,0.0643772397699815,0.0643772397699815,0.0643772397699815,-0.1837723976998035,-1.4281138011500982,8.114946245520471,-0.9557436154231216,-0.2481597396096768,-9.373615423134682,0.1,0.22,0.23,8.241700910059677,30.35437322419397,-0.3777933311130755
3148.600000000001,0.0,8.371383171173,30.03262531468528,29.985739860139976,30.43910559440576,30.84081202797209,-5.779035000000021,0.0647939411617638,0.0647939411617638,0.0647939411617638,-0.1879394116176262,-1.4260302941911869,8.104945412117697,-0.966213180229713,0.316812281577313,-9.512416375436418,0.1,0.22,0.23,8.231586952453208,30.324570699300775,-0.41905111290718305
3148.6100000000006,0.0,8.346936879675376,30.06255538461542,29.90450109890101,30.32579890109878,30.79591692307688,-5.869035000000149,0.0652106425535472,0.0652106425535472,0.0652106425535472,-0.1921064255354607,-1.4239467872322698,8.094944578714895,-0.931265601597628,0.5115202196703581,-9.772026959560478,0.1,0.22,0.23,8.221475358113455,30.272193076923024,-0.3882723525195324
3148.620000000001,0.0,8.322490588177823,30.06554120120114,29.86266106106113,30.19930084084073,30.74365129129124,-5.971709145427361,0.0656273439453295,0.0656273439453295,0.0656273439453295,-0.1962734394532833,-1.4218632802733584,8.08494374531212,-0.8864747120682358,0.3163294942431431,-9.967248372558627,0.1,0.22,0.23,8.21136613577096,30.21778859859856,-0.323389504610822
3148.630000000001,0.0,8.3,29.96593159159164,29.970839239239183,30.0225741141142,30.663320960961,-6.121634182908597,0.0660440453371117,0.0660440453371117,0.0660440453371117,-0.200440453371106,-1.419779773314447,8.074942911909346,-0.8263845768654884,-0.4848723084601559,-10.062391086629644,0.1,0.22,0.23,8.201259294197168,30.155666476476508,-0.2054994095583581
3148.640000000001,0.0,8.3,29.872196382713074,30.02306932300799,29.91866052460628,30.563485880589827,-6.252620534599052,0.066460746728894,0.066460746728894,0.066460746728894,-0.2046074672889286,-1.4176962663555357,8.064942078506572,-0.7748232748258316,-0.8163356576115441,-10.156044722288652,0.1,0.22,0.23,8.191154842204774,30.094353027729294,-0.13954393042864704
3148.6500000000005,0.0,8.3,29.800560109917537,29.86482800399695,30.08866302273301,30.390275788158824,-6.312575568323872,0.0668774481206775,0.0668774481206775,0.0668774481206775,-0.2087744812067631,-1.4156127593966186,8.05494124510377,-0.7363524885790494,-0.4268189468628762,-10.247412839624758,0.1,0.22,0.23,8.181052788647897,30.036081731201577,-0.15330051705745296
3148.6600000000008,0.0,8.3,29.737618021483904,29.752509812640483,30.22455756682488,30.25318,-6.36,0.0672941495124597,0.0672941495124597,0.0672941495124597,-0.2129414951245858,-1.4135292524377072,8.044940411700994,-0.7444441551676708,0.0204217651639903,-10.303439208539492,0.1,0.22,0.23,8.170953142422416,29.991966350237316,-0.19404461742171328
3148.670000000001,0.0,8.3,29.707680474644064,29.81452330252301,30.230972755433413,30.25318,-6.36,0.067710850904242,0.067710850904242,0.067710850904242,-0.2171085090424084,-1.411445745478796,8.03493957829822,-0.8537906795101935,0.5931892736248233,-10.282611299140916,0.1,0.22,0.23,8.160855912466044,30.001589133150123,-0.29347585083038186
3148.6800000000007,0.0,8.3,29.67663630776916,29.83227199100669,30.19887756682482,30.23702334748936,-6.366238440389923,0.0681275522960254,0.0681275522960254,0.0681275522960254,-0.2212755229602429,-1.4093622385198787,8.024938744895417,-0.878629213483286,0.723295880150546,-10.18134831460704,0.1,0.22,0.23,8.150761107758633,29.986202303272506,-0.330671080334571
3148.690000000001,0.0,8.3,29.64135277042221,29.68044586060464,30.01925228578577,30.158971886085485,-6.396230942264431,0.0685442536878077,0.0685442536878077,0.0685442536878077,-0.2254425368780656,-1.4072787315609674,8.014937911492643,-0.7737602996257242,0.1739825218490318,-9.956629213483694,0.1,0.22,0.23,8.140668737322502,29.875005700724525,-0.2723431149982361
3148.7000000000007,0.0,8.3,29.604742340585208,29.54574384096034,29.888196819204715,30.0927811402851,-6.42,0.06896095507959,0.06896095507959,0.06896095507959,-0.2296095507958882,-1.405195224602056,8.004937078089869,-0.7178498122652668,-0.3601702127643041,-9.719914893617847,0.1,0.22,0.23,8.130578810222497,29.78286603525884,-0.2338481520136779
3148.710000000001,0.0,8.3,29.563001905476337,29.47724671667912,29.9449210002501,30.07244605651412,-6.42,0.0693776564713734,0.0693776564713734,0.0693776564713734,-0.2337765647137227,-1.4031117176431387,7.994936244687066,-0.7378748435544289,-0.8708085106379361,-9.464595744681032,0.1,0.22,0.23,8.120491335566324,29.764403919729922,-0.22611458043225535
3148.7200000000007,0.0,8.3,29.52303891689544,29.41779919640629,29.9628957025206,30.054979790366858,-6.42,0.0697943578631557,0.0697943578631557,0.0697943578631557,-0.2379435786315453,-1.4010282106842271,7.984935411284291,-0.7716758241757372,-1.0460039960045338,-9.339557942057825,0.1,0.22,0.23,8.110406322504865,29.739678401547298,-0.23817120466780298
3148.730000000001,0.0,8.296970757310707,29.48992686298981,29.39323218866986,29.83151561766925,30.04857100573996,-6.42,0.07,0.07,0.07,-0.2376166808811113,-1.3976166808811117,7.97165838308389,-0.8266208791206966,-0.7063436563447845,-9.41448301698277,0.1,0.22,0.23,8.096735851582523,29.690811418767222,-0.2806028949799216
3148.7400000000007,0.0,8.276975756060983,29.452036224999983,29.365839699999988,29.734106950000008,30.0417266,-6.413821544613769,0.07,0.07,0.07,-0.2329112137164404,-1.3929112137164406,7.955189248007542,-0.8324974974975963,-0.2799799799807702,-9.623050550549966,0.1,0.22,0.23,8.07957209599535,29.648427368749996,-0.29534689619334964
3148.750000000001,0.0,8.256980754811318,29.39532622500007,29.327319700000043,29.77048694999996,30.03316660000001,-6.383829042739304,0.07,0.07,0.07,-0.2282057465517829,-1.3882057465517832,7.93872011293124,-0.7624274274275038,0.280580580579969,-10.038465965965514,0.1,0.22,0.23,8.062410935258614,29.631574868750022,-0.2672367034508959
3148.7600000000007,0.0,8.236985753561651,29.35616689999993,29.28511622500013,29.77588242500027,30.032840249999925,-6.36,0.07,0.07,0.07,-0.2235002793871254,-1.3835002793871256,7.922250977854939,-0.733790262172238,0.5077078651689193,-10.161947565543503,0.1,0.22,0.23,8.04525238597733,29.612501450000064,-0.262549761034193
3148.770000000001,0.0,8.216990752311927,29.38612690000001,29.22840622499997,29.65925242499994,30.064940250000017,-6.36,0.07,0.07,0.07,-0.2187948122224546,-1.3787948122224547,7.905781842778592,-0.7687465667915246,0.223063670411871,-9.837353308364415,0.1,0.22,0.23,8.02809646489594,29.584681449999987,-0.2938140938325214
3148.7800000000007,0.0,8.196995751062262,29.38401899999997,29.178846499999995,29.52745517499996,30.06215557499997,-6.35386959780162,0.07,0.07,0.07,-0.2140893450577971,-1.3740893450577971,7.88931270770229,-0.7880370555833783,-0.1404056084123064,-9.689073610415544,0.1,0.224628937533365,0.23,8.010943188899887,29.538119062499973,-0.2849378126239961
3148.790000000001,0.0,8.177000749812596,29.25561900000016,29.157446500000027,29.33592517500023,29.921985575000168,-6.323892080939295,0.07,0.07,0.07,-0.2093838778931396,-1.3693838778931398,7.872843572625989,-0.7830295443164826,-0.6261342013011815,-9.814261392087934,0.1,0.23,0.23,7.99379257501679,29.417744062500145,-0.21380261989470278
3148.8000000000006,0.0,8.157005748562872,29.14239166416789,29.114391994002936,29.21761410794611,29.77988065967009,-6.2878169542384414,0.07,0.07,0.07,-0.2046784107284688,-1.3646784107284688,7.856374437549641,-0.8115605493133778,-0.6892134831459245,-9.90972534332086,0.1,0.23,0.23,7.976644640418058,29.313569606446755,-0.20237729700494142
3148.810000000001,0.0,8.137010747313207,29.08891840079958,28.986056161919,29.38765908545733,29.63015552223884,-6.2278019504875415,0.07,0.07,0.07,-0.1999729435638113,-1.3599729435638117,7.83990530247334,-0.8914606741572345,-0.1049438202252229,-9.959662921348272,0.1,0.23,0.23,7.959499402420531,29.273197292603687,-0.282406331717751
3148.8200000000006,0.0,8.11701574606354,29.04622,28.89693082147316,29.475850781523103,29.51124600749064,-6.18,0.07,0.07,0.07,-0.1952674763991538,-1.355267476399154,7.8234361673970385,-0.9733958958957284,0.3344719719715484,-10.06268518518482,0.1,0.2253678038379489,0.23,7.942356878487688,29.232561902621725,-0.340022596459685
3148.830000000001,0.0,8.1,29.04622,28.96318800000012,29.2396759999996,29.51445200000001,-6.18,0.07,0.07,0.07,-0.190562009234483,-1.350562009234483,7.80696703232069,-1.0584809809809614,0.5496871871871378,-10.247870370370329,0.1,0.22,0.23,7.925217086231335,29.190883999999933,-0.3629490325204235
3148.8400000000006,0.0,8.1,29.018134304271705,28.967961114164225,29.09518178865865,29.51340290282287,-6.18,0.07,0.07,0.07,-0.1858565420698255,-1.3458565420698256,7.790497897244389,-1.021326173826404,0.4730944055949425,-10.224033466533818,0.1,0.22,0.23,7.90808004341329,29.148670027479366,-0.3461147642107929
3148.850000000001,0.0,8.1,28.87700015488388,28.72525314514122,29.31971338995746,29.49522653509868,-6.18,0.07,0.07,0.07,-0.181151074905168,-1.341151074905168,7.774028762168088,-0.7965509490512507,-0.0513811188804151,-9.879378121878585,0.1,0.22,0.23,7.890945767946659,29.10429830627031,-0.26825360997895703
3148.8600000000006,0.0,8.1,28.76077996998497,28.554160240120243,29.438373661830443,29.47789140070033,-6.186037453183604,0.07,0.07,0.07,-0.1764456077404971,-1.3364456077404971,7.75755962709174,-0.7051939924906854,-0.4544931163956291,-9.528523153942205,0.1,0.22,0.23,7.873814277897562,29.057801318158997,-0.24875500538285347
3148.870000000001,0.0,8.1,28.745792476238115,28.67406019009508,29.1268478989494,29.463974442221108,-6.216000000000051,0.07,0.07,0.07,-0.1717401405758397,-1.3317401405758398,7.741090492015439,-0.820337922402876,-0.6697622027532029,-9.168072590738824,0.1,0.22,0.23,7.8566855914868965,29.00266875187593,-0.3195882451274749
3148.880000000001,0.0,8.1,28.726164243027927,28.74837047310768,28.901488112549675,29.44922367031874,-6.24,0.07,0.07,0.07,-0.1670346734111822,-1.3270346734111822,7.724621356939138,-0.8446317103623457,-0.7013732833964039,-9.088077403245036,0.1,0.22,0.23,7.839559727091653,28.956311624751006,-0.33656590628089594
3148.890000000001,0.0,8.1,28.68779770916344,28.63859955677316,29.02404787350569,29.43110614043829,-6.24,0.07,0.07,0.07,-0.1623292062465247,-1.3223292062465248,7.708152221862837,-0.7297752808993019,-0.451685393259352,-9.437640449436907,0.1,0.22,0.23,7.822436703246769,28.945387819970144,-0.2710559090850246
3148.9000000000005,0.0,8.1,28.643031648682605,28.530711989962423,29.10771022835639,29.40048102383945,-6.246008991009062,0.07,0.07,0.07,-0.1647843364298903,-1.320265796468327,7.694949867101783,-0.6952897102895611,-0.2137362637366284,-9.66568431568425,0.1,0.22,0.23,7.809129856012546,28.920483722710216,-0.24970594035810476
3148.9100000000008,0.0,8.1,28.57107179924729,28.43082742283579,29.026084130489465,29.316706870765504,-6.27597902097904,0.07,0.07,0.07,-0.174258269954449,-1.3207921261085809,7.68494960393697,-0.7851998001996223,0.0060439560435214,-9.705644355644276,0.1,0.22,0.23,7.799571026671207,28.836172555834512,-0.29670556983563595
3148.920000000001,0.0,8.1,28.51865253060198,28.36215186610028,28.92822971271588,29.24401576817394,-6.294043510877746,0.07,0.07,0.07,-0.1837322034790077,-1.3213184557488338,7.674949340772159,-0.8771067766939438,-0.0279569892462718,-9.702658164541305,0.1,0.22,0.23,7.790024863087199,28.76326246939802,-0.3244861301774222
3148.9300000000007,0.0,8.0966780238501,28.54538248313763,28.41988856357728,28.764642403197705,29.216216617536865,-6.2640360090022105,0.07,0.07,0.07,-0.1932061370035934,-1.321844785389089,7.664949077607318,-0.9721305326331386,-0.4580645161289433,-9.632640660165055,0.1,0.22,0.23,7.780491411880708,28.73653251686237,-0.32226919336595433
3148.940000000001,0.0,8.066614891271715,28.533303618569903,28.44327593977433,28.636787789209507,29.168554429109363,-6.245968507873052,0.07,0.07,0.07,-0.2026800705281521,-1.3223711150293418,7.654948814442506,-1.0065106382979487,-0.6730212765958973,-9.752468085105855,0.1,0.22,0.23,7.7709707198385445,28.695480444165778,-0.29332820711854024
3148.9500000000007,0.0,8.036551758693331,28.362533229611472,28.32620693099152,28.655046258469213,29.039671116687902,-6.275961009747559,0.07,0.07,0.07,-0.2121540040527108,-1.3228974446695951,7.644948551277694,-0.9464355444307188,-0.5528710888614374,-10.167987484354196,0.1,0.22,0.23,7.761462833914226,28.595864383940025,-0.2227633177853578
3148.960000000001,0.0,8.006488626114864,28.22422680504078,28.231078295033363,28.679072779836893,28.926292750185347,-6.305952023988059,0.07,0.07,0.07,-0.2216279375772964,-1.3234237743098498,7.634948288112854,-0.9316316841578508,-0.1732233883068442,-10.492761119440043,0.1,0.22,0.23,7.751967801228323,28.515167657524096,-0.2081182361570172
3148.9700000000007,0.0,7.97642549353648,28.212593496417107,28.221560133432178,28.72560601433157,28.87341407462321,-6.335937031484264,0.07,0.07,0.07,-0.2311018711018552,-1.3239501039501032,7.624948024948042,-0.9866041979009704,0.6063868065955804,-10.677668665666902,0.1,0.22,0.23,7.742485669068772,28.508293429701016,-0.2796621338764777
3148.980000000001,0.0,7.946362360958097,28.200340472718143,28.198025592154988,28.725860870002748,28.8149283480011,-6.377774999999903,0.07,0.07,0.07,-0.2405758046264139,-1.3244764335903565,7.614947761783229,-0.9512437437440884,0.891411411412357,-10.711421421421816,0.1,0.22,0.2253624733475572,7.733016484890957,28.484788820719245,-0.29231719313823284
3148.9900000000007,0.0,7.916299228379628,28.18527383957757,28.110854357555947,28.51600419411617,28.73098567764647,-6.467775000000159,0.07,0.07,0.07,-0.2500497381509995,-1.3250027632306112,7.604947498618389,-0.7760685685686088,0.4109309309310412,-10.511221221221268,0.1,0.22,0.22,7.723560296318029,28.38577951722404,-0.21382583363979946
3149.000000000001,0.0,7.8862360958012445,28.169550280777564,28.0191216846654,28.34862444259842,28.64636709752464,-6.543948025987036,0.07,0.07,0.07,-0.2595236716755583,-1.3255290928708643,7.594947235453577,-0.6227072927074154,-0.1164635364629229,-10.224475524475954,0.1,0.22,0.22,7.714117151141208,28.295915876391504,-0.15087940284732038
3149.0100000000007,0.0,7.856172963222861,28.15106215982725,27.90819295896351,28.360001747798613,28.55890406379816,-6.563938030984505,0.07,0.07,0.07,-0.268997605200117,-1.3260554225111176,7.584946972288765,-0.5028271728273337,-0.7158641358633319,-9.80489510489567,0.1,0.22,0.22,7.704687097319853,28.244540232596883,-0.11179217188083763
3149.020000000001,0.0,7.826109830644393,28.13257403887689,27.79726423326131,28.37137905299884,28.47144103007141,-6.583928035982032,0.07,0.07,0.07,-0.2784715387247026,-1.3265817521513723,7.574946709123925,-0.49287859824791,-1.070175219023764,-9.441927409261403,0.1,0.22,0.22,7.695270182981757,28.193164588802112,-0.12653972816309578
3149.0300000000007,0.0,7.800000000000001,28.103379078617955,27.72828808713065,28.3675769203806,28.413043079619406,-6.6000000000000005,0.07,0.07,0.07,-0.2879454722492613,-1.3271080817916256,7.564946445959113,-0.653078848560523,-1.0451439299124183,-9.1665832290366,0.1,0.22,0.22,7.685866456423434,28.15307179143715,-0.22461119082380296
3149.040000000001,0.0,7.800000000000001,28.026223345017627,27.84723650976449,28.295779223835847,28.484840776164155,-6.6000000000000005,0.07,0.07,0.07,-0.2974194057738201,-1.327634411431879,7.554946182794301,-0.7933957553055823,-0.7242571785288519,-8.903345817728475,0.1,0.22,0.2246460883448496,7.676475966110172,28.163519963695528,-0.34493733792733156
3149.0500000000006,0.0,7.800000000000001,27.95445040739812,27.92368115471125,28.216861154711253,28.53002482879276,-6.605862068965551,0.07,0.07,0.07,-0.3068933392984058,-1.3281607410721337,7.544945919629461,-0.9032584269661974,0.049775280898209,-8.658651685393469,0.1,0.22,0.23,7.667098760676313,28.156254386403347,-0.49934977386175095
3149.060000000001,0.0,7.800000000000001,27.906312441889536,27.81349870032493,28.10667870032493,28.458352746813308,-6.635847076461798,0.07,0.07,0.07,-0.3163672728229645,-1.328687070712387,7.534945656464648,-0.981792689033493,0.647754131196175,-8.64365047571292,0.1,0.22,0.23,7.657734888925522,28.071210647338177,-0.5901734037564561
3149.0700000000006,0.0,7.800000000000001,27.86549600400101,27.71201802950744,28.03687794948728,28.39380201550391,-6.677505000000048,0.07,0.07,0.07,-0.3258412063475232,-1.3292134003526404,7.524945393299836,-1.0118377566348669,0.97324236354439,-8.984161241861823,0.1,0.22,0.23,7.648384399830821,28.00204849962491,-0.582576142774452
3149.080000000001,0.0,7.800000000000001,27.85693386346585,27.648872243060683,28.144974973743576,28.36062372093019,-6.767505000000176,0.07,0.07,0.07,-0.3353151398721088,-1.329739729992895,7.514945130134996,-0.9904993757803764,0.8184444444453489,-9.24135081148551,0.1,0.22,0.23,7.639047342534848,28.002851200300075,-0.520391124198719
3149.0900000000006,0.0,7.800000000000001,27.844402419999984,27.61589910500005,28.195704819999897,28.32248483999997,-6.851664167916089,0.07,0.07,0.07,-0.3369679854047446,-1.3279786569364964,7.502925299277737,-0.8906242197255556,-0.0704444444425558,-9.371188514356778,0.1,0.22,0.23,7.626989103375494,27.994622796249974,-0.3747717201224361
3149.100000000001,0.0,7.800000000000001,27.814442420000027,27.71540910499991,27.994544820000183,28.262564840000053,-6.911634182908583,0.07,0.07,0.07,-0.3309699347712067,-1.323979956514138,7.488929847799482,-0.8142603254068754,-0.7910062578209331,-9.579852315393278,0.1,0.22,0.23,7.612262100600295,27.946740296250045,-0.24262168781998136
3149.1100000000006,0.0,7.800000000000001,27.763947139989863,27.75961130456584,27.8307,28.220532192674387,-6.96,0.07,0.07,0.07,-0.3249718841376517,-1.319981256091768,7.474934396321187,-0.7742102628285513,-1.25158197747166,-9.910265331664451,0.1,0.22,0.23,7.597539172075335,27.893697659307524,-0.13127549436405425
3149.120000000001,0.0,7.800000000000001,27.62328482187651,27.56096604616148,27.8307,28.257039969894645,-6.96,0.07,0.07,0.07,-0.3189738335041137,-1.3159825556694091,7.4609389448429315,-0.7203745318352822,-1.1231435705378758,-10.248252184768685,0.1,0.22,0.23,7.582820341532592,27.817997709483162,-0.07540141534077734
3149.130000000001,0.0,7.79763431240996,27.514219022687605,27.415554938917964,27.82453769633508,28.25653012216407,-6.96,0.07,0.07,0.07,-0.3129757828705758,-1.3119838552470506,7.446943493364677,-0.6454681647941667,-0.0944294631732218,-10.597815230960556,0.1,0.22,0.23,7.568105632881908,27.752710445026178,-0.10431341261188101
3149.140000000001,0.0,7.777754584762248,27.537694465220603,27.49345072550473,27.79252572924464,28.100738548990545,-6.96,0.07,0.07,0.07,-0.3069777322370378,-1.307985154824692,7.432948041886422,-0.5960650813517189,0.707071339172652,-10.786390488110314,0.1,0.22,0.23,7.553395070212756,27.73110236724013,-0.14252712396424805
3149.1500000000005,0.0,7.757874857114478,27.537136804407734,27.51649140495872,27.797167438016498,27.95684209366393,-6.965704278208678,0.07,0.07,0.07,-0.3009796816034829,-1.303986454402322,7.418952590408127,-0.5860525657071378,1.1576345431787978,-10.726315394242826,0.1,0.22,0.23,7.5386886777957836,27.70190943526172,-0.19510760490300727
3149.1600000000008,0.0,7.737995129466766,27.43209297771103,27.30104437265221,27.96116443275727,27.86466077635866,-6.9957267950963296,0.07,0.07,0.07,-0.2949816309699449,-1.2999877539799634,7.404957138929872,-0.6570262172282662,1.027093632959838,-10.504347066167767,0.1,0.22,0.23,7.523986480084612,27.639740639869792,-0.23896022414871324
3149.170000000001,0.0,7.718115401819053,27.33506073335001,27.13843588924914,28.070124844100867,27.77987112995764,-7.025743564108964,0.07,0.07,0.07,-0.288983580336407,-1.2959890535576046,7.390961687451616,-0.8517827715351667,0.0083670412006664,-10.034933832710111,0.1,0.22,0.23,7.509288501717245,27.580873149164415,-0.2694727867740068
3149.1800000000007,0.0,7.698235674171284,27.27207245697177,27.200356567722665,27.945215889249106,27.72649123472184,-7.055736065983557,0.07,0.07,0.07,-0.282985529702852,-1.2919903531352348,7.376966235973321,-0.9581922884326588,-0.8461542313468247,-9.665378067100722,0.1,0.22,0.2255125523012547,7.494594767517861,27.536034037166345,-0.272279043315848
3149.190000000001,0.0,7.67835594652357,27.22877275913868,27.22803763645476,27.828591076614977,27.679053620430658,-7.091451411441475,0.07,0.07,0.07,-0.2769874790693141,-1.287991652712876,7.362970784495066,-0.9281472208312852,-1.4470555833742988,-9.45005508262421,0.1,0.22,0.22,7.479905302498629,27.491113773159768,-0.2322920993672587
3149.2000000000007,0.0,7.658476218875858,27.271637055583305,27.105874391587577,27.7482205207813,27.657621472208344,-7.151406445166125,0.07,0.07,0.07,-0.2709894284357761,-1.2839929522905174,7.348975333016811,-0.9515177234146648,-1.4501797304062385,-9.248826759860576,0.1,0.22,0.22,7.465220131861164,27.44583836004013,-0.27026913559906973
3149.210000000001,0.0,7.638596491228089,27.27808779999997,27.010642370000003,27.67677086999999,27.629521809999986,-7.2,0.07,0.07,0.07,-0.2649913778022211,-1.2799942518681475,7.334979881538515,-1.0563604593110687,-0.5415426859707393,-9.06909635546674,0.1,0.22,0.22,7.450539280998375,27.398755712499987,-0.42716092948113593
3149.2200000000007,0.0,7.618716763580376,27.12828780000018,27.030972369999976,27.64360087000004,27.57281181000007,-7.2,0.07,0.07,0.07,-0.2589933271686832,-1.2759955514457888,7.320984430060261,-1.0216270337923998,0.334630788485081,-8.991479349186433,0.1,0.22,0.22,7.4358627754963385,27.343918212500064,-0.5183509119284634
3149.230000000001,0.0,7.6,27.013473589999915,27.031079370000207,27.57827630000048,27.5110460600002,-7.2,0.07,0.07,0.07,-0.2529952765351452,-1.2719968510234303,7.306988978582006,-0.7713141426789418,1.160663329159492,-9.07157947434274,0.1,0.22,0.22,7.421190641135796,27.2834688300002,-0.5080625240434549
3149.2400000000007,0.0,7.6,27.048783590000017,26.94440936999996,27.374976299999904,27.42758605999996,-7.2,0.07,0.07,0.07,-0.2469972259015903,-1.2679981506010602,7.292993527103711,-0.6160499375780376,1.369670411985766,-9.096299625468228,0.1,0.22,0.22,7.406522903894068,27.19893882999996,-0.4739139421335282
3149.250000000001,0.0,7.6,27.08146358910273,26.872502564358907,27.22020897275683,27.365561024743823,-7.205667166416805,0.07,0.07,0.07,-0.2409991752680523,-1.2639994501787015,7.278998075625456,-0.6060624219725556,0.635588014982833,-9.036374531835332,0.1,0.22,0.22,7.391859589946973,27.134934037740575,-0.40329636581635
3149.2600000000007,0.0,7.6,27.10285824043988,26.86394470382405,27.2736956010997,27.39551353661584,-7.235652173913052,0.07,0.07,0.07,-0.2350011246345144,-1.260000749756343,7.2650026241472,-0.598032048072124,-0.2075262894309466,-9.01967951927876,0.1,0.22,0.22,7.37720072567039,27.15900302049487,-0.31545612094880027
3149.270000000001,0.0,7.6,27.101087673489623,26.8598195007489,27.289509171242933,27.418611642536188,-7.248725637181247,0.07,0.07,0.07,-0.2290030740009594,-1.256002049333973,7.251007172668905,-0.5930245368052142,-1.2190435653467366,-9.069754631947855,0.1,0.22,0.22,7.362546337642225,27.16725699700441,-0.20101496053334983
3149.2800000000007,0.0,7.6,26.99958992011988,26.874777064403386,27.14313872690971,27.41220125811284,-7.188755622188839,0.07,0.07,0.07,-0.2230050233674214,-1.2520033489116142,7.23701172119065,-0.6117473789314911,-1.5116974538209034,-9.351083374936309,0.1,0.22,0.2245624029000518,7.347896452644379,27.107426742386455,-0.13429533703572025
3149.290000000001,0.0,7.6,26.90085877622396,26.86871762237783,27.046722972027712,27.387547902098124,-7.140000000000001,0.07,0.07,0.07,-0.2195008128048053,-1.2490016256096108,7.223260972864873,-0.6666650024961179,-0.707903145284092,-9.98513230154609,0.1,0.22,0.23,7.333736070360741,27.050961818181904,-0.14036310823099565
3149.3000000000006,0.0,7.6,26.814275359640327,26.77037596403592,27.16965004495509,27.28279265734261,-7.140000000000001,0.07,0.07,0.07,-0.2185004376641255,-1.247000875328251,7.209755908465696,-0.7295192789183531,0.210981472207955,-10.393615423134683,0.1,0.22,0.23,7.320063789611731,27.009273506493486,-0.1952004943163479
3149.310000000001,0.0,7.6,26.741420205000004,26.69439959,27.27591035,27.210415115,-7.140000000000001,0.07,0.07,0.07,-0.2175000625234486,-1.2450001250468972,7.196250844066557,-0.8046319479217874,1.3076264396580954,-10.45370555833743,0.1,0.22,0.23,7.306391571719458,26.980536315000002,-0.32536397770005593
3149.3200000000006,0.0,7.6,26.72965020500002,26.71793958999996,27.30801034999995,27.28210511499989,-7.140000000000001,0.07,0.07,0.07,-0.2164996873827716,-1.2429993747655432,7.182745779667418,-0.8579081377932695,1.6259960059927774,-10.567104343484376,0.1,0.22,0.23,7.292719417037411,27.009426314999956,-0.35919877931349
3149.330000000001,0.0,7.6,26.70963631592102,26.69770451887028,27.30143858035491,27.3247400299925,-7.140000000000001,0.07,0.07,0.07,-0.2154993122420918,-1.2409986244841835,7.1692407152682405,-0.8778781827259178,0.7572990514225748,-10.7618122815777,0.1,0.22,0.23,7.2790473259217325,27.008379861284677,-0.24610801580111238
3149.3400000000006,0.0,7.570913667254001,26.652940489877576,26.48268827293193,27.12279324168972,27.23809169207705,-7.140000000000001,0.07,0.07,0.07,-0.2144989371014149,-1.2389978742028298,7.155735650869102,-0.927391086629914,-0.1458788182270292,-10.805217826740172,0.1,0.22,0.23,7.265375298731361,26.874128424144068,-0.16225077467541593
3149.350000000001,0.0,7.540709791089919,26.596247256371896,26.32933118440761,26.957073073463427,27.15751439280368,-7.123517638228576,0.07,0.07,0.07,-0.213498561960738,-1.236997123921476,7.142230586469963,-1.0225338007009306,-1.1023134702040922,-10.61493239859814,0.1,0.22,0.23,7.251703335827823,26.76004147676165,-0.12354556430930229
3149.3600000000006,0.0,7.510505914925751,26.539565597201328,26.451250224887705,26.849057081459136,27.104041129435217,-7.033450087565494,0.07,0.07,0.07,-0.2124981868200582,-1.2349963736401164,7.128725522070786,-1.0404494382021912,-1.5138876404492023,-10.349707865168329,0.1,0.22,0.23,7.238031437575375,26.735978508245847,-0.12690373185220122
3149.370000000001,0.0,7.480302038761667,26.498464560700896,26.524462212765844,26.761869902377978,27.05367055319146,-6.954476047904182,0.07,0.07,0.07,-0.2114978116793812,-1.2329956233587624,7.115220457671647,-0.9405742821473704,-1.094411985018955,-9.970182272160008,0.1,0.22,0.23,7.224359604341145,26.709616807259046,-0.19441917277148196
3149.380000000001,0.0,7.450098162597587,26.527390718397967,26.378760085106524,26.76829793742177,27.01724502127663,-6.9245359281437215,0.07,0.07,0.07,-0.2104974365387042,-1.2309948730774083,7.101715393272508,-0.8228710888613521,-0.5366257822292492,-9.73409011264083,0.1,0.22,0.225343267695594,7.210687836494929,26.672923440550726,-0.24862261943734987
3149.390000000001,0.0,7.419894286433505,26.540522233883195,26.266451439280274,26.75578152923561,26.97668760119954,-6.889175412293904,0.07,0.07,0.07,-0.2094970613980273,-1.2289941227960546,7.0882103288733695,-0.6776896120155466,0.234337922400201,-9.719071339174024,0.1,0.22,0.22,7.197016134409369,26.634860700899655,-0.2823083417963922
3149.4000000000005,0.0,7.389690410269337,26.483840574712627,26.30174379310346,26.659529655172385,26.91786701149424,-6.829205397301239,0.07,0.07,0.07,-0.2084966862573475,-1.226993372514695,7.074705264474192,-0.5346153846156598,0.6010989010993926,-9.67241758241777,0.1,0.22,0.22,7.183344498459901,26.590745258620675,-0.2794588480091963
3149.4100000000008,0.0,7.359486534105254,26.43482348432056,26.32567336485814,26.6045913140866,26.86534429566949,-6.774610958218623,0.07,0.07,0.07,-0.2074963111166706,-1.2249926222333412,7.061200200075053,-0.3947552447555644,0.3513486513492223,-9.577512487512704,0.1,0.22,0.22,7.1696729290249435,26.557608114733696,-0.22088392353363265
3149.420000000001,0.0,7.329282657941172,26.41991059233452,26.29904320059736,26.73348130910881,26.840844544549565,-6.744588441331014,0.07,0.07,0.07,-0.2064959359759936,-1.2229918719519872,7.047695135675914,-0.3592869652235846,0.113254941206491,-9.318909181887774,0.1,0.22,0.22,7.156001426485686,26.573319911647566,-0.2233517991536547
3149.4300000000007,0.0,7.299240689105763,26.392970396785543,26.261867719738834,26.81362173782021,26.800738744349584,-6.725428642839309,0.07,0.07,0.07,-0.2054955608353138,-1.2209911216706275,7.034190071276737,-0.4843807855891551,-0.1069101826369128,-8.808526394796248,0.1,0.22,0.22,7.142329991226235,26.567299649673544,-0.31970783938894753
3149.440000000001,0.0,7.274345249950243,26.309133129081,26.174805941737954,26.66314459065819,26.68680604721263,-6.755421144713817,0.07,0.07,0.07,-0.2044951856946369,-1.2189903713892738,7.020685006877598,-0.6074125874124355,-0.2083916083917096,-8.565192307692099,0.1,0.22,0.22,7.128658623633758,26.458472427172445,-0.38729778823287964
3149.4500000000007,0.0,7.249449810794722,26.226925534150823,26.118063942957,26.513950022517285,26.58729575181396,-6.78,0.07,0.07,0.07,-0.2034948105539599,-1.21698962110792,7.00717994247846,-0.7272927072923472,-0.1284715284717686,-8.730027472526977,0.1,0.22,0.22,7.114987324098282,26.36155881285977,-0.41092034833862157
3149.460000000001,0.0,7.22455437163913,26.15196931698777,26.19623256942704,26.37046240680516,26.551959249437093,-6.78,0.07,0.07,0.07,-0.2024944354132802,-1.2149888708265604,6.993674878079283,-0.8098498122652982,-0.0701501877347018,-9.0447259073835,0.1,0.22,0.22,7.101316093012831,26.317655885664266,-0.3970830849782269
3149.4700000000007,0.0,7.19965893248361,26.085950966135485,26.22563392430298,26.29314943227069,26.514879223107616,-6.78,0.07,0.07,0.07,-0.2014940602726032,-1.2129881205452064,6.980169813680144,-0.8348811013766795,-0.0451188986233204,-9.590408010011616,0.1,0.22,0.22,7.08764493077358,26.279903386454194,-0.3255091432635888
3149.480000000001,0.0,7.17476349332809,26.0593075398407,26.040195677291265,26.50736257968078,26.47011826693237,-6.78,0.07,0.07,0.07,-0.2004936851319262,-1.2109873702638525,6.966664749281005,-0.8717582417581337,-0.0754945054942794,-9.95758241758223,0.1,0.22,0.22,7.073973837779647,26.26924601593628,-0.2791669734989345
3149.4900000000007,0.0,7.149868054172498,26.034149872084285,25.889290067720083,26.640148276900096,26.433660015048908,-6.78,0.07,0.07,0.07,-0.2007072376076334,-1.208349778915522,6.956463811961832,-0.9267032967033272,-0.1903796203796843,-10.052487512487565,0.1,0.22,0.22,7.063482239700743,26.24931205793834,-0.27130962761786104
3149.500000000001,0.0,7.124972615016977,26.01590056182597,25.898951467268606,26.394319332832143,26.43580699272636,-6.78,0.07,0.07,0.07,-0.2021035606236898,-1.205091691878057,6.949482196881551,-0.950140140140142,-0.3349349349349214,-10.196766766766752,0.1,0.22,0.22,7.056089188766247,26.186244588663268,-0.24231376945532784
3149.5100000000007,0.0,7.100077175861457,25.99222846141037,25.8815727321224,26.18954152692121,26.42996672778808,-6.744117941029733,0.07,0.07,0.07,-0.2034998836397462,-1.2018336048405922,6.942500581801269,-0.9251151151151444,-0.5251251251249016,-10.416986986986728,0.1,0.22,0.22,7.048697081353155,26.123327362060518,-0.18080537717462583
3149.520000000001,0.0,7.075181736705866,25.94442716119355,25.743876449408283,26.16742450741791,26.38858649774964,-6.544217891054279,0.07,0.07,0.07,-0.2048962066558065,-1.198575517803118,6.935518966720967,-0.8724269662920815,-0.5806741573032866,-10.55,0.1,0.22,0.2245841995842146,7.041305920433029,26.061078653942346,-0.13720545878757753
3149.5300000000007,0.0,7.050286297550345,25.89662586097687,25.60618016669456,26.145307487914668,26.34720626771132,-6.344317841079392,0.07,0.07,0.07,-0.2062925296718628,-1.195317430765653,6.928537351640686,-0.7775455680400017,-0.4308614232210555,-10.55,0.1,0.22,0.23,7.033915708989605,25.998829945824355,-0.12092048543057102
3149.540000000001,0.0,7.050000000000001,25.84344818295436,25.516455541114567,26.135526893276623,26.31009387653089,-6.153313343328367,0.07,0.07,0.07,-0.2076888526879192,-1.1920593437281886,6.921555736560404,-0.7396799199799218,-0.15894473618472,-10.502768192048189,0.1,0.22,0.23,7.026526450018725,25.95138112346911,-0.14362733591919963
3149.5500000000006,0.0,7.050000000000001,25.766427438140404,25.639474786303524,26.180455661084764,26.291908422894263,-6.0033883058467055,0.07,0.07,0.07,-0.2090851757039795,-1.1888012566907145,6.914574121480102,-0.7896924231058138,0.3011702925734865,-10.382738184546048,0.1,0.22,0.23,7.019138146528455,25.969566577105738,-0.2264321309125062
3149.560000000001,0.0,7.050000000000001,25.70236720756596,25.70219517670485,26.197007063215544,26.2465673967148,-5.837530617345196,0.07,0.07,0.07,-0.2104814987200359,-1.1855431696532497,6.907592506399821,-0.8142001962708586,0.429205103042323,-10.215269872424024,0.1,0.22,0.23,7.011750801539218,25.962034211050288,-0.2733202757138195
3149.5700000000006,0.0,7.050000000000001,25.695975968143365,25.496610308611565,26.087290786461097,26.08039517172748,-5.597590602349476,0.07,0.07,0.07,-0.2118778217360923,-1.182285082615785,6.9006108913195385,-0.7994798822375183,0.0464769381754762,-9.974838076546131,0.1,0.22,0.23,7.0043644180837195,25.840068058735874,-0.2649660600679956
3149.580000000001,0.0,7.050000000000001,25.674578022088344,25.33833535642571,26.006655637550207,25.95578014558233,-5.38411897025738,0.07,0.07,0.07,-0.2132741447521526,-1.1790269955783106,6.8936292762392375,-0.7827328400102138,-0.2853891298799886,-9.721893340137886,0.1,0.2154838709677329,0.2254838709677329,6.996978999207078,25.743837290411648,-0.26311374604392856
3149.5900000000006,0.0,7.050000000000001,25.582188463855427,25.40386748493976,26.063593388554214,26.027758057228912,-5.2941414646338565,0.07,0.07,0.07,-0.214670467768209,-1.1757689085408458,6.886647661158955,-0.7623194692523663,-0.5252462362846964,-9.446312834906944,0.1,0.21,0.22,6.989594547966946,25.769351848644575,-0.27302329899863126
3149.600000000001,0.0,7.050000000000001,25.513096029962533,25.45412446941324,26.11014,26.068462097378315,-5.193613193403425,0.07,0.07,0.07,-0.2160667907842653,-1.1725108215033808,6.879666046078674,-0.7480477597242791,-0.5938626292468836,-9.3268537666173,0.1,0.21,0.22,6.982211067433447,25.78645564918852,-0.2791743684495442
3149.6100000000006,0.0,7.050000000000001,25.54836194756559,25.435957178526817,26.11014,25.96907632958788,-5.043688155921764,0.07,0.07,0.07,-0.2174631138003256,-1.1692527344659067,6.872684430998372,-0.7431240768094549,-0.4018389955687422,-9.44502215657308,0.1,0.21,0.22,6.974828560689298,25.76588386392007,-0.2796047700705969
3149.620000000001,0.0,7.050000000000001,25.558130111856794,25.41742152125279,26.05766930648762,25.87532407158835,-4.914785199900627,0.07,0.07,0.07,-0.218859436816382,-1.165994647428442,6.86570281591809,-0.7808379888266054,-0.1203605891323607,-9.549700355510256,0.1,0.21,0.22,6.96744703082994,25.72713625279639,-0.30569713660272807
3149.630000000001,0.0,7.050000000000001,25.45174184439482,25.39720775043501,25.76616545364181,25.807235580412687,-4.884986342190215,0.07,0.07,0.07,-0.2202557598324384,-1.1627365603909772,6.858721200837809,-0.8925698324019392,0.3164093448439443,-9.6309598781105,0.1,0.21,0.22,6.960066480963471,25.60558765722108,-0.376338112536206
3149.640000000001,0.0,7.050000000000001,25.356086184538736,25.37176742144648,25.545900982543387,25.7472029376559,-4.869750943396155,0.07,0.07,0.07,-0.2216520828484947,-1.1594784733535124,6.851739585757526,-0.8686317810857257,0.6751752280357024,-9.771368218914274,0.1,0.2146616941928371,0.22,6.952686914210791,25.505239381546126,-0.38435581487235915
3149.6500000000005,0.0,7.050000000000001,25.31339291770573,25.32053550124688,25.67718277805488,25.72692363591022,-4.930128301886883,0.07,0.07,0.07,-0.2230484058645551,-1.1562203863160383,6.844757970677225,-0.6381949111859799,0.9152136341812708,-10.00180508881402,0.1,0.22,0.22,6.9453083337056345,25.50950870822943,-0.29705663040756825
3149.6600000000008,0.0,7.050000000000001,25.27191258241761,25.28257356643354,25.768998666333754,25.705415974026,-4.990429570429636,0.07,0.07,0.07,-0.2244447288806114,-1.1529622992785733,6.837776355596943,-0.5109669872626506,0.8567117234219404,-10.08828697686544,0.1,0.22,0.22,6.937930742594699,25.507225197302727,-0.23515969097287165
3149.670000000001,0.0,7.050000000000001,25.236637857142945,25.31250363636356,25.65889876623405,25.67762376623384,-5.050369630369592,0.07,0.07,0.07,-0.2258410518966678,-1.1497042122411083,6.830794740516661,-0.6097452560433828,0.144468416950345,-9.859537301794273,0.1,0.22,0.22,6.930554144037606,25.471416006493598,-0.22888840134065858
3149.6800000000007,0.0,7.050000000000001,25.199745502645552,25.31339249685076,25.55438917107592,25.64665719324772,-5.1000000000000005,0.07,0.07,0.07,-0.2272373749127281,-1.1464461252036344,6.823813125436359,-0.6583087684237207,-0.5277217087176813,-9.753125156132793,0.1,0.22,0.22,6.923178541207007,25.428546090954985,-0.1914044857665753
3149.690000000001,0.0,7.050000000000001,25.15445449735453,25.163500836482857,25.47890416225756,25.59920947341904,-5.1000000000000005,0.07,0.07,0.07,-0.2286336979287845,-1.1431880381661697,6.816831510356078,-0.6283312515613958,-1.1372645515849522,-9.83806145390938,0.1,0.22,0.22,6.915803937288732,25.349017242378498,-0.1051008219242971
3149.7000000000007,0.0,7.050000000000001,25.10032007501884,25.024227261815533,25.40977081770446,25.56224381095273,-5.0904000000000345,0.0699964863915237,0.0699964863915237,0.0699964863915237,-0.2298837806427369,-1.1399767561285474,6.809709451606843,-0.6704593373489516,-1.3227710843387306,-9.829540662651048,0.1,0.22,0.22,6.9082947514143855,25.27414049137289,-0.10124814627693185
3149.710000000001,0.0,7.050000000000001,25.0050662615654,24.934324786196555,25.370170917729435,25.574016754188545,-5.030022641509306,0.0694559312413835,0.0694559312413835,0.0694559312413835,-0.2244782291413342,-1.1388956458282669,6.796195572853336,-0.8260818273092102,-0.8408433734940588,-9.67391817269079,0.1,0.22,0.22,6.894617323094612,25.220894679919986,-0.2271735382793071
3149.7200000000007,0.0,7.050000000000001,24.92672,24.857726357285458,25.342907285429085,25.56152312874275,-4.969715142428681,0.0689153760912449,0.0689153760912449,0.0689153760912449,-0.2190726776399467,-1.1378145355279894,6.782681694099868,-0.965540574282067,-0.3183370786520947,-9.583960049937572,0.1,0.22,0.22,6.880943664848926,25.172219192864326,-0.34195277904086563
3149.730000000001,0.0,7.050000000000001,24.92672,24.842776257485067,25.372807485029863,25.43658300898235,-4.909745127436272,0.0683748209411062,0.0683748209411062,0.0683748209411062,-0.2136671261385593,-1.136733425227712,6.769167815346399,-1.080397003745111,0.2659325842686068,-9.593947565543052,0.1,0.22,0.22,6.8672737991974495,25.14472168787432,-0.43976681860791184
3149.7400000000007,0.0,7.036320801755102,24.917478521229885,24.819185261103,25.38900334309421,25.326071781356774,-4.835935074099991,0.067834265790966,0.067834265790966,0.067834265790966,-0.2082615746371566,-1.1356523149274314,6.755653936592892,-1.1066274706029329,0.574655991993975,-9.712374280710584,0.1,0.22,0.22,6.8536077488337055,25.11293472669597,-0.4627551701335
3149.750000000001,0.0,7.021362684483476,24.86421351390928,24.75443172279167,25.339915983406588,25.284295305026884,-4.69479181369078,0.0672937106408274,0.0672937106408274,0.0672937106408274,-0.2028560231357692,-1.134571204627154,6.742140057839423,-0.9965449086815436,0.4595696772579773,-9.997588191143274,0.1,0.22,0.22,6.839945536626337,25.060714131283607,-0.37065629588920956
3149.7600000000007,0.0,7.00640456721185,24.814588696095985,24.692437233988336,25.28062379688719,25.246632253125814,-4.557139072847679,0.0667531554906887,0.0667531554906887,0.0667531554906887,-0.1974504716343817,-1.1334900943268764,6.728626179085955,-0.8668305465437214,0.1886473671081117,-10.241065635138312,0.1,0.22,0.2244707828004302,6.8262871856205,25.008570495024333,-0.2620766230718579
3149.770000000001,0.0,6.991446449940181,24.790562158713964,24.64984473590203,25.14956995662163,25.237895330441443,-4.493562913907187,0.0662126003405485,0.0662126003405485,0.0662126003405485,-0.192044920132979,-1.1324089840265958,6.715112300332448,-0.7071100573994715,-0.3204616920391846,-10.420751185425594,0.1,0.22,0.23,6.8126327190396205,24.956968045419767,-0.12830695597488465
3149.7800000000007,0.0,6.976488332668555,24.772970464767592,24.60686860569722,25.01684704647697,25.22230629685165,-4.411649999999929,0.0656720451904098,0.0656720451904098,0.0656720451904098,-0.1866393686315915,-1.1313278737263184,6.7015984215789794,-0.5903950987747197,-0.6633283320829766,-10.367279319830171,0.1,0.2154245538128608,0.2254245538128609,6.798982160287169,24.904748103448355,-0.0615516110323478
3149.790000000001,0.0,6.9615302153969285,24.78794297851072,24.56195106446784,24.875677631184644,25.17204142928544,-4.231649999999928,0.0651314900402712,0.0651314900402712,0.0651314900402712,-0.1812338171302042,-1.130246763426041,6.688084542825511,-0.5403825956489698,-0.7483495873967514,-9.95217554388645,0.1,0.21,0.22,6.785335532948105,24.849403275862162,-0.09873684739009776
3149.8000000000006,0.0,6.94657209812526,24.78370562814062,24.527398150753783,24.77494345728652,25.111149286432063,-4.070549999999819,0.064590934890131,0.064590934890131,0.064590934890131,-0.1758282656288014,-1.1291656531257603,6.674570664072004,-0.4825593008738466,-0.5549937578022017,-9.719600499375824,0.1,0.21,0.22,6.771692860790686,24.799299130653246,-0.1346220762734174
3149.810000000001,0.0,6.9316139808536334,24.68154482412065,24.545679557788937,24.88033039195976,24.99608395979904,-4.010549999999904,0.0640503797399923,0.0640503797399923,0.0640503797399923,-0.170422714127414,-1.1280845428254829,6.661056785318536,-0.4126466916354721,0.0692259675404279,-9.769538077403237,0.1,0.21,0.22,6.758054167768297,24.775909683417094,-0.16849519167694607
3149.8200000000006,0.0,6.916655863582007,24.5853067097738,24.549852748072723,24.942006550609538,24.888260671474875,-3.964725000000005,0.0635098245898537,0.0635098245898537,0.0635098245898537,-0.1650171626260266,-1.1270034325252054,6.647542906565067,-0.4208143322473664,0.5105863192180138,-9.772638436482188,0.1,0.21,0.22,6.7444194780209425,24.741356669982736,-0.21666309469536388
3149.830000000001,0.0,6.901697746310339,24.517184352151187,24.48705244963937,24.796182128823634,24.814816254663,-3.994725000000048,0.0629692694397135,0.0629692694397135,0.0629692694397135,-0.1596116111246238,-1.1259223222249248,6.63402902781156,-0.5511074918566724,0.6659358556752633,-9.702480581307944,0.1,0.21,0.22,6.730788815877123,24.653808796319296,-0.2871895116758165
3149.8400000000006,0.0,6.877981719735764,24.448837097177165,24.4306740944292,24.6742,24.76159625281036,-4.0200000000000005,0.0624287142895748,0.0624287142895748,0.0624287142895748,-0.1542060596232364,-1.1248412119246474,6.620515149058091,-0.6418113772454747,0.5887350299406184,-9.624565868263575,0.1,0.21,0.22,6.717162205855708,24.578826861104183,-0.321413550370573
3149.850000000001,0.0,6.853144404152852,24.37933922058468,24.40715173619789,24.6742,24.81184856357724,-4.0200000000000005,0.0618881591394362,0.0618881591394362,0.0618881591394362,-0.148800508121849,-1.12376010162437,6.607001270304623,-0.6717514970059346,0.1546032934139481,-9.534745508982196,0.1,0.21,0.22,6.703539672667495,24.568134880089953,-0.2999187296180545
3149.8600000000006,0.0,6.828307088569869,24.315352479276555,24.37089410700825,24.666014137151453,24.85448250188395,-4.006278836509292,0.061347603989296,0.061347603989296,0.061347603989296,-0.1433949566204462,-1.122678991324089,6.5934873915511165,-0.769992505620846,-0.1919435423433056,-9.37464401698718,0.1,0.2144456762749589,0.22,6.689921241217134,24.551685806330052,-0.32110434195981935
3149.870000000001,0.0,6.803469772986958,24.2798739562924,24.26875896508418,24.615484119567963,24.85770782215524,-3.916008024072151,0.0608070488391573,0.0608070488391573,0.0608070488391573,-0.1379894051190588,-1.121597881023812,6.579973512797648,-0.9748388708467322,-0.4017861603795792,-9.104846365226257,0.1,0.22,0.22,6.676306936605059,24.50545621577495,-0.40890640493142705
3149.880000000001,0.0,6.778632457404045,24.245363604680136,24.182129987552912,24.58586280308681,24.84612718446609,-3.84,0.0602664936890186,0.0602664936890186,0.0602664936890186,-0.1325838536176714,-1.1205167707235344,6.566459634044179,-1.0610318056600894,-0.500773854245067,-9.115356874529596,0.1,0.22,0.22,6.662696784129113,24.464870894946486,-0.4259679469346399
3149.890000000001,0.0,6.753795141821134,24.215530395817822,24.170409798357,24.65724941000736,24.763020388349645,-3.84,0.06,0.06,0.06,-0.1297323008282274,-1.1183938049693645,6.553039821533913,-0.9608564988733704,-0.4256423741550277,-9.566145755069831,0.1,0.22,0.22,6.649057532874961,24.451552498132955,-0.331917770912369
3149.9000000000005,0.0,6.728957826238151,24.19299930069931,24.164433186813195,24.70340961038957,24.678301488511444,-3.825779999999842,0.06,0.06,0.06,-0.1292194671658248,-1.115316802994949,6.539706146311445,-0.9098002496878548,-0.2584769038705995,-9.84,0.1,0.22,0.22,6.63538889002304,24.43478589660338,-0.2907098190583102
3149.9100000000008,0.0,6.70412051065524,24.20796433566432,24.18794967032964,24.620032987013094,24.585304485514605,-3.73577999999997,0.06,0.06,0.06,-0.1287066335034237,-1.1122398010205423,6.526372471089017,-0.9347690387015956,0.0511360798997842,-9.84,0.1,0.22,0.22,6.62172035077521,24.40031286963041,-0.3312895135295078
3149.920000000001,0.0,6.679283195072327,24.20984993007012,24.185135174825568,24.54371237762249,24.505386923076955,-3.631560000000156,0.06,0.06,0.06,-0.1281937998410225,-1.1091627990461357,6.513038795866588,-0.899363295880324,0.2711610486890314,-9.925692883894836,0.1,0.22,0.22,6.6080519157743325,24.361021101398784,-0.32930991743846577
3149.9300000000007,0.0,6.654445879489345,24.143576203796226,24.045105204795245,24.50416192807194,24.493628681318683,-3.451559999999644,0.06,0.06,0.06,-0.12768096617862,-1.1060857970717202,6.499705120644121,-0.769525593008688,0.3510611735331151,-10.145418227216066,0.1,0.22,0.22,6.594383585668603,24.296618004495524,-0.26076322585218936
3149.940000000001,0.0,6.65,24.08511996002999,23.92393995003749,24.44148956782426,24.47897993005248,-3.285776444110879,0.06,0.06,0.06,-0.1271681325162189,-1.1030087950973135,6.486371445421692,-0.6396627529353832,0.196714963777509,-10.231598800899404,0.1,0.22,0.22,6.580715361111706,24.232382351986054,-0.18806079180195437
3149.9500000000007,0.0,6.65,24.068012790407224,23.90255598800903,24.25651829627809,24.44904238321264,-3.1957539384846574,0.06,0.06,0.06,-0.1266552988538177,-1.099931793122907,6.473037770199262,-0.5097601798653091,-0.3278915813131748,-10.10669248063972,0.1,0.22,0.22,6.567047242762653,24.169032364476745,-0.10878960353417749
3149.960000000001,0.0,6.65,24.0536,23.88894366834172,24.11727844221108,24.42331188442211,-3.0724499999997854,0.06,0.06,0.06,-0.1261424651914152,-1.0968547911484912,6.459704094976796,-0.398988199849331,-0.6286793873964152,-10.095900075320172,0.1,0.22,0.22,6.553379231285944,24.120783498743727,-0.041946486600555416
3149.9700000000007,0.0,6.65,24.0536,23.916903467336653,24.22266537688431,24.42008575376885,-2.772449999999785,0.06,0.06,0.06,-0.125629631529014,-1.0937777891740843,6.446370419754366,-0.3186467486819322,-0.5734446397188284,-10.266625659050897,0.1,0.22,0.22,6.539711327351747,24.153313649497452,0.0051276256714740676
3149.980000000001,0.0,6.65,24.040140415019945,23.9212303211465,24.2748029397238,24.40943050889339,-2.505738565358607,0.06,0.06,0.06,-0.1251167978666129,-1.090700787199678,6.433036744531937,-0.3801021679537069,-0.3532195365071044,-10.342474458011576,0.1,0.215361155698235,0.22,6.526043531635723,24.16140104619591,-0.02693126864671945
3149.9900000000007,0.0,6.65,23.959784683794496,23.80809791007909,24.06228317687756,24.3618514575099,-2.4157610597348285,0.06,0.06,0.06,-0.1246039642042103,-1.0876237852252624,6.41970306930947,-0.6591951158732771,0.1202417144278806,-10.27270122103168,0.1,0.21,0.22,6.512375844819198,24.048004307065263,-0.18044779412012815
3150.000000000001,0.0,6.65,23.87806222000011,23.71688116499995,23.90805164499976,24.299296610000187,-2.3020705176290104,0.06,0.06,0.06,-0.1240911305418092,-1.0845467832508555,6.406369394087041,-0.8377853022322153,0.4236242789063766,-10.292282417857722,0.1,0.21,0.22,6.498708267589343,23.95057291,-0.2690053314424487
3150.0100000000007,0.0,6.65,23.78818222000011,23.75647116499995,24.101721644999763,24.147356610000184,-2.062010502625752,0.06,0.06,0.06,-0.1235782968794081,-1.0814697812764489,6.393035718864612,-0.8578505141709942,0.4587383997992399,-10.452804113367955,0.1,0.21,0.22,6.485040800638999,23.948432910000005,-0.25510178436152864
3150.020000000001,0.0,6.65,23.702703843333243,23.77174987333314,24.241906803333062,24.018960176666685,-1.85049158473584,0.06,0.06,0.06,-0.1230654632170055,-1.0783927793020336,6.379702043642145,-0.8976564847270015,0.3575212819232789,-10.384061091637992,0.1,0.21,0.22,6.471373444666854,23.93383017416653,-0.268347966486739
3150.0300000000007,0.0,6.65,23.643497176666635,23.6419232066666,24.06286013666657,24.031086843333338,-1.790501583069482,0.06,0.06,0.06,-0.1225526295546044,-1.0753157773276267,6.366368368419716,-0.9677616424635402,0.0470555833757505,-9.96343014521876,0.1,0.21,0.22,6.457706200377622,23.844841840833286,-0.3232650257587506
3150.040000000001,0.0,6.625721417873271,23.584290510000024,23.51209654000005,23.88381347000007,24.04321351,-1.7305115814031249,0.06,0.06,0.06,-0.1220397958922033,-1.07223877535322,6.353034693197286,-0.9405416874693168,-0.1201547678483761,-9.66832501248159,0.1,0.21,0.22,6.444039068481873,23.75585350750004,-0.34139769742893905
3150.0500000000006,0.0,6.595766350474307,23.532198094999988,23.409959155000088,23.75533429000025,24.04239121499989,-1.6610447388150738,0.06,0.06,0.06,-0.1215269622298007,-1.0691617733788046,6.33970101797482,-0.7658037943086438,-0.0702296555167553,-9.563482276585187,0.1,0.21,0.22,6.430372049696214,23.684970688750056,-0.30377541682139403
3150.060000000001,0.0,6.565811283075428,23.522568095,23.473089155,23.92867429,23.964281215,-1.541074731317043,0.06,0.06,0.06,-0.1210141285673996,-1.066084771404398,6.32636734275239,-0.6679018527791434,-0.0459263895843574,-9.484196294441713,0.1,0.2144878854625496,0.22,6.416705144743464,23.72215318875,-0.2854241877595194
3150.0700000000006,0.0,6.535856215676549,23.51739089999997,23.51042359500017,24.046277455000304,23.899068994999983,-1.4352749999999947,0.06,0.06,0.06,-0.1205012949049985,-1.063007769429991,6.313033667529961,-0.6879318978467258,-0.0609489233850443,-9.444136204306549,0.1,0.22,0.22,6.4030383543524945,23.743290236250107,-0.29665121398505173
3150.080000000001,0.0,6.5059011482775855,23.5387909,23.393793595,23.831207455,23.910838995,-1.405274999999952,0.06,0.06,0.06,-0.1199892857142856,-1.059989285714286,6.299721428571428,-0.6424344569288946,-0.1017602996254375,-9.481535580524286,0.1,0.22,0.22,6.389402537962164,23.668657736249997,-0.2714685898473821
3150.0900000000006,0.0,6.475946080878706,23.547302937063023,23.30709167832156,23.65988489510478,23.90941562937073,-1.3752773613193292,0.06,0.06,0.06,-0.1195130952380956,-1.0595130952380958,6.287340476190487,-0.4976154806494044,-0.1816604244692941,-9.636342072409258,0.1,0.22,0.22,6.377107623559259,23.60592378496502,-0.19109901138554597
3150.100000000001,0.0,6.445991013479827,23.47889134865145,23.399019750249604,23.74967510489496,23.82924579920093,-1.345292353823082,0.06,0.06,0.06,-0.1190369047619056,-1.0590369047619057,6.274959523809547,-0.4653553553549915,-0.1667367367371525,-9.7794244244241,0.1,0.22,0.22,6.364813113972091,23.614208000749237,-0.16016335563560363
3150.1100000000006,0.0,6.416035946080863,23.42349174293576,23.461887056764088,23.82963741435361,23.76375174293576,-1.3153120319519933,0.06,0.06,0.06,-0.1185607142857142,-1.0585607142857143,6.262578571428571,-0.6054954954953753,-0.0065765765767139,-9.904549549549442,0.1,0.22,0.22,6.352519011551035,23.619691989247308,-0.2049429485970954
3150.120000000001,0.0,6.386080878681985,23.44703762940736,23.34843869467364,23.849972498124536,23.78729762940736,-1.2853569645531484,0.06,0.06,0.06,-0.1180845238095242,-1.0580845238095242,6.25019761904763,-0.6761188811189388,-0.0527772227766294,-9.968101898101947,0.1,0.22,0.22,6.340225318664725,23.608186612903225,-0.21423763795398454
3150.130000000001,0.0,6.356125811283106,23.45568967241813,23.2511,23.866508132033008,23.802028792198065,-1.2461746309733153,0.06,0.06,0.06,-0.1176083333333342,-1.0576083333333344,6.237816666666689,-0.641153846153915,-0.4124175824168749,-9.938131868131928,0.1,0.22,0.22,6.327932037700017,23.593831649162304,-0.16963460218836812
3150.140000000001,0.0,6.3500000000000005,23.37434933733441,23.2511,23.86008652663166,23.763499159789987,-1.1561070803103606,0.06,0.06,0.06,-0.1171321428571441,-1.0571321428571443,6.225435714285749,-0.6575719649559246,-0.5449687108892234,-10.028760951188202,0.1,0.22,0.22,6.315639171062305,23.562258755939016,-0.1476493005823015
3150.1500000000005,0.0,6.3500000000000005,23.297433674999944,23.23066834999984,23.81966322499973,23.72695307499997,-1.0707185628741962,0.06,0.06,0.06,-0.1166559523809528,-1.056655952380953,6.213054761904773,-0.7526908635793089,-0.3296996245310378,-10.30410513141379,0.1,0.22,0.22,6.303346721175631,23.51867958124987,-0.1603063512969062
3150.1600000000008,0.0,6.3500000000000005,23.24714367500001,23.087288350000044,23.57463322500008,23.70234307500001,-1.010838323353276,0.06,0.06,0.06,-0.1161797619047627,-1.0561797619047628,6.200673809523832,-0.7822097378279015,-0.1563295880152736,-10.416404494382382,0.0954969796815028,0.2154969796815028,0.22,6.291054690483007,23.40285208125004,-0.1712517849392652
3150.170000000001,0.0,6.3500000000000005,23.19075467500016,22.97501324999987,23.367569499999963,23.678342975000035,-0.955479041916178,0.06,0.06,0.06,-0.1157035714285727,-1.0557035714285727,6.188292857142892,-0.7122971285894277,-0.0464669163548148,-10.281573033708185,0.09,0.21,0.22,6.278763081446386,23.302920100000005,-0.1796028807551621
3150.1800000000007,0.0,6.3500000000000005,23.09766467500003,23.04991324999997,23.38896949999999,23.658012975000005,-0.9255389221556328,0.06,0.06,0.06,-0.1152273809523813,-1.055227380952381,6.175911904761916,-0.7392115143929907,0.0298873591989986,-10.13276595744681,0.0946613333333387,0.21,0.22,6.266471896546951,23.2986401,-0.21910111781160796
3150.190000000001,0.0,6.3500000000000005,23.01067367500008,23.09630042500019,23.382619050000265,23.60901767500034,-0.9,0.06,0.06,0.06,-0.1147511904761913,-1.0547511904761917,6.163530952380976,-0.9144305381724112,0.0549186483103444,-9.962553191489658,0.1,0.21,0.22,6.25418113828541,23.27465270625022,-0.3063057357552804
3150.2000000000007,0.0,6.3500000000000005,22.96038367500008,22.97111042500019,23.209279050000266,23.387527675000342,-0.9,0.06,0.06,0.06,-0.1142750000000013,-1.0542750000000014,6.151150000000035,-0.996179775281092,0.0144194756558817,-9.925505617976995,0.1,0.21,0.22,6.241890809181976,23.13207520625022,-0.33515422078018803
3150.210000000001,0.0,6.3500000000000005,22.90614044455536,22.860713546453525,23.07937568931083,23.200189485514507,-0.9,0.06,0.06,0.06,-0.1137988095238099,-1.05379880952381,6.138769047619059,-0.9362546816480294,-0.1254057428212648,-10.09029962546792,0.1,0.21,0.22,6.2296009117766635,23.011604791458552,-0.27555095716602157
3150.2200000000007,0.0,6.3500000000000005,22.82810847652353,22.83933492507494,23.21085421078912,23.2183613136863,-0.9,0.06,0.06,0.06,-0.1133226190476199,-1.05332261904762,6.126388095238118,-0.868360450563387,-0.1526533166461388,-10.093103879850371,0.1,0.21,0.22,6.217311448629583,23.02416473151847,-0.2494930410996022
3150.230000000001,0.0,6.3500000000000005,22.761491005,22.81629961500008,23.291838645000496,23.224358560000148,-0.904348044132368,0.06,0.06,0.06,-0.1128464285714299,-1.0528464285714298,6.114007142857178,-0.7882603254069664,-0.0074718398001266,-9.847797246558835,0.1,0.21,0.22,6.2050224223209325,23.023496956250185,-0.27481470798626545
3150.2400000000007,0.0,6.3500000000000005,22.764701005000003,22.78312961499998,23.063928644999848,23.155878559999955,-0.934438314944877,0.06,0.06,0.06,-0.1123702380952385,-1.0523702380952389,6.1016261904762015,-0.6983041958042031,0.0859565434565424,-9.642420079920091,0.1,0.21,0.22,6.192733835451297,22.941909456249945,-0.2854021883519572
3150.250000000001,0.0,6.3500000000000005,22.75994324999997,22.74003750499995,22.86804,23.100327370000013,-0.96,0.06,0.06,0.06,-0.1118940476190485,-1.0518940476190486,6.089245238095261,-0.5934090909091316,0.1009415584415526,-9.497564935064991,0.1,0.21,0.22,6.180445690641959,22.867087031249984,-0.27365671933662955
3150.2600000000007,0.0,6.3500000000000005,22.70644325000005,22.636247505000096,22.86804,23.12386736999997,-0.96,0.06,0.06,0.06,-0.1114178571428584,-1.0514178571428583,6.07686428571432,-0.5201001251564773,0.0605006257823862,-9.396140175219069,0.1,0.21,0.22,6.16815799053489,22.833649531250032,-0.26018241234170686
3150.270000000001,0.0,6.3500000000000005,22.65414592999998,22.549445360000007,22.85586286499996,23.128615494999945,-0.955482423335756,0.06,0.06,0.06,-0.1109416666666671,-1.050941666666667,6.064483333333345,-0.4950688360450603,-0.0646558197746983,-9.361096370463084,0.1,0.21,0.22,6.155870737793055,22.797017412499976,-0.24406567157008222
3150.2800000000007,0.0,6.3500000000000005,22.609205930000044,22.566565359999984,22.769192865000083,23.018405495000103,-0.9255646970829986,0.06,0.06,0.06,-0.110465476190477,-1.050465476190477,6.052102380952404,-0.5396105841236054,-0.1459610584123605,-9.381727408886524,0.1,0.2146733935209863,0.22,6.143583935100735,22.74084241250005,-0.24744698210431687
3150.290000000001,0.0,6.3500000000000005,22.565940492782552,22.57469489298169,22.712809044300368,22.91859150821312,-0.9,0.06,0.06,0.06,-0.1101694447233446,-1.0499209257957725,6.039807962646876,-0.6893859211180422,-0.1609385921118042,-9.48657014478263,0.1,0.22,0.22,6.131374355120319,22.69300898456943,-0.2803203199907095
3150.3000000000006,0.0,6.3500000000000005,22.532919089099032,22.527825803882497,22.84169903932313,22.882374484818293,-0.9,0.06,0.06,0.06,-0.1177003213173953,-1.0464065167185488,6.031272969173618,-0.8136254381572622,-0.1106609914871844,-9.512418627941884,0.1,0.22,0.22,6.122505499593579,22.696204604280737,-0.3233585742840521
3150.310000000001,0.0,6.3500000000000005,22.49484564524161,22.47688435974087,22.930084005978983,22.841105002491243,-0.9,0.06,0.06,0.06,-0.1252311979114246,-1.042892107641335,6.022737975700386,-0.8987531296944877,0.0395643465196841,-9.417275913870869,0.1,0.22,0.22,6.113646990549462,22.685729753363177,-0.3819658777573781
3150.3200000000006,0.0,6.3500000000000005,22.423405685102185,22.39904679123074,22.75095097159951,22.766466238166466,-0.9,0.06,0.06,0.06,-0.132762074505454,-1.0393776985641214,6.014202982227152,-0.9579500624219396,0.1339750312109698,-9.44943820224682,0.1,0.22,0.22,6.104798873028448,22.584967421524723,-0.40679514463033883
3150.330000000001,0.0,6.3500000000000005,22.36351831878276,22.321595884260333,22.599303721626384,22.70710121726121,-0.9,0.06,0.06,0.06,-0.1402929510995046,-1.0358632894868978,6.005667988753895,-0.9779250936329608,0.1439625468164803,-9.674157303370809,0.1,0.22,0.22,6.095961192279531,22.49787978548267,-0.38053300940894663
3150.3400000000006,0.0,6.332022807629127,22.384870276877017,22.246864030930432,22.640940039910188,22.75514312297329,-0.9,0.06,0.06,0.06,-0.1478238276935339,-1.032348880409684,5.997132995280661,-0.984060075093878,0.0292215269088506,-9.879299123904758,0.1,0.22,0.22,6.087133993761029,22.506954367672733,-0.33961618531604204
3150.350000000001,0.0,6.307123649220704,22.387309924204374,22.177077362304253,22.667069236988524,22.79664142496211,-0.8969077044437794,0.06,0.06,0.06,-0.1553547042875632,-1.0288344713324704,5.9885980018074285,-0.969041301627049,-0.2761602002500024,-10.054518147684428,0.1,0.22,0.22,6.07831732314118,22.507024487114812,-0.27630047519811507
3150.3600000000006,0.0,6.282224490812208,22.251059292571977,22.14355538150581,22.57947954522484,22.790153299646285,-0.833799631869455,0.06,0.06,0.06,-0.1628855808816139,-1.0253200622552467,5.980063008334171,-0.90436345481765,-0.4242336495256321,-10.22557164253634,0.1,0.22,0.22,6.06951122629895,22.441061879737227,-0.21329616000336293
3150.370000000001,0.0,6.257325332403783,22.13687938154612,22.112653087281807,22.50047765586037,22.76953062344147,-0.7667745952677473,0.06,0.06,0.06,-0.1704164574756432,-1.021805653178033,5.9715280148609375,-0.7645731402897074,-0.3343684473290975,-10.390324513229988,0.1,0.22,0.22,6.060715749324839,22.37988518703244,-0.15076284919034258
3150.380000000001,0.0,6.23242617399536,22.15715868329174,22.097710443890296,22.473794364089816,22.66279745635926,-0.6771108343711528,0.06,0.06,0.06,-0.1779473340696725,-1.0182912441008194,5.962993021387705,-0.6720881321983482,-0.1672558838264617,-10.521647471206608,0.0953903345725018,0.2153903345725018,0.22,6.051930938521471,22.347865236907776,-0.11720729227439249
3150.390000000001,0.0,6.207527015586935,22.16058570144806,22.082911073389948,22.45074,22.55677630554192,-0.5958052434457247,0.06,0.06,0.06,-0.1854782106637018,-1.0147768350236055,5.954458027914471,-0.6520580871307657,0.1181722583865885,-10.601767651476935,0.09,0.21,0.22,6.043156840404412,22.31275327009498,-0.12803538373283763
3150.4000000000005,0.0,6.182627857178439,22.05695115327008,22.06902190713929,22.45074,22.45527855217173,-0.5658426966291934,0.06,0.06,0.06,-0.1930090872577525,-1.011262425946382,5.945923034441214,-0.594287141073847,0.2979500624219396,-10.677825218476787,0.09,0.21,0.22,6.034393501702855,22.257997903145277,-0.11581826052071831
3150.4100000000008,0.0,6.157728698770016,21.96140760000002,22.039760490000063,22.42057028000011,22.360449120000027,-0.5358739684921342,0.06,0.06,0.06,-0.2005399638517818,-1.0077480168691684,5.9373880409679805,-0.4794307116108031,0.3179250936329038,-10.747737827715165,0.09,0.21,0.22,6.025640969360439,22.195546872500053,-0.06874380255538237
3150.420000000001,0.0,6.132829540361591,21.91860760000008,21.910290490000246,22.19373028000044,22.3090891200001,-0.5058664666166842,0.06,0.06,0.06,-0.2080708404458111,-1.0042336077919547,5.928853047494748,-0.4337596996243177,0.2409011264088088,-10.514783479351657,0.09,0.21,0.22,6.016899290535818,22.082929372500214,-0.08065233786549957
3150.4300000000007,0.0,6.107930381953096,21.878356606425708,21.795753895582337,22.01977816265055,22.25855897590363,-0.471711711711643,0.06,0.06,0.06,-0.2156017170398618,-1.000719198714731,5.92031805402149,-0.4938347934918038,0.0156195244057358,-9.818913642053271,0.09,0.21,0.22,6.008168512603454,21.988111910140557,-0.18271313470693573
3150.440000000001,0.0,6.1000000000000005,21.854722068273105,21.778565140562257,22.19059141566257,22.213438493975925,-0.4116516516516492,0.06,0.06,0.06,-0.2231325936338911,-0.9972047896375176,5.911783060548257,-0.5379520479520213,-0.1875924075921814,-9.30258741258774,0.09,0.21,0.22,5.999448683154403,22.009329279618466,-0.2545379733936819
3150.4500000000007,0.0,6.1000000000000005,21.83021561084849,21.76334952973377,22.318400248818207,22.172577805424243,-0.3684063047284878,0.06,0.06,0.06,-0.2306634702279204,-0.9936903805603038,5.903248067075023,-0.557932067932035,-0.3574225774222972,-9.057832167832572,0.09,0.21,0.22,5.990739849996882,22.021135798706176,-0.28062902612806834
3150.460000000001,0.0,6.1000000000000005,21.80039724807162,21.76015470515053,22.18421761632229,22.157668624035807,-0.4284513385039616,0.06,0.06,0.06,-0.2381943468219711,-0.99017597148308,5.894713073601766,-0.5977477477477873,-0.5174774774775592,-8.951621621621682,0.09,0.21,0.22,5.982042061157041,21.97560954839506,-0.29343058670571853
3150.4700000000007,0.0,6.1000000000000005,21.771396731829565,21.75498202005012,22.06768,22.12934471679193,-0.4672840738890834,0.06,0.06,0.06,-0.2457252234160004,-0.9866615624058664,5.886178080128533,-0.6678178178177799,-0.6626226226225442,-9.056726726726671,0.09,0.21,0.22,5.973355364879747,21.930850867167905,-0.28596231581188103
3150.480000000001,0.0,6.1000000000000005,21.74779773433588,21.736746431077727,22.06768,22.012422411027764,-0.3774188716924213,0.06,0.06,0.06,-0.2532561000100297,-0.9831471533286528,5.8776430866553,-0.7318681318680277,-0.5790309690317837,-9.13590409590402,0.09,0.2146560846560813,0.22,5.964679809629128,21.89116164411034,-0.3041812433964624
3150.4900000000007,0.0,6.1000000000000005,21.718798444222145,21.718515822911467,22.06768,21.91116774387193,-0.3,0.06,0.06,0.06,-0.2593352840150087,-0.9795568560100056,5.868803511227016,-0.7868131868131433,-0.1494605394608797,-9.175864135864105,0.09,0.22,0.22,5.955639434777924,21.854040502751385,-0.36125367219750176
3150.500000000001,0.0,6.1000000000000005,21.65563686343174,21.700316723361688,22.06768,21.90902667333667,-0.3,0.06,0.06,0.06,-0.2529743654983807,-0.9753162436655872,5.857353857897086,-0.8398198198197058,0.2527027027018815,-9.312972972972323,0.09,0.22,0.22,5.943385568964808,21.833165065032524,-0.4001228750301574
3150.5100000000007,0.0,6.1000000000000005,21.60482803789577,21.67200194963854,22.047579152331163,21.91613001246569,-0.3042021010504986,0.06,0.06,0.06,-0.2466134469817528,-0.9710756313211684,5.845904204567155,-0.8898698698697006,0.6130630630618441,-9.598258258257292,0.09,0.22,0.22,5.931138342928276,21.81013478808279,-0.41122756148682726
3150.520000000001,0.0,6.1000000000000005,21.63150467713789,21.58023431064565,21.90139116928436,21.98122101221645,-0.3342171085543406,0.06,0.06,0.06,-0.2402525284651067,-0.9668350189767378,5.834454551237192,-0.8722996254682944,0.6014357053689103,-9.785900124843902,0.09,0.22,0.22,5.91889779788484,21.773587792321088,-0.3757206071441764
3150.5300000000007,0.0,6.1000000000000005,21.648070996334592,21.49662659780076,21.766875581472885,22.02934255248256,-0.3571804699216389,0.06,0.06,0.06,-0.2338916099484788,-0.9625944066323192,5.823004897907262,-0.7524494382023393,0.0271535580528757,-9.825850187265887,0.09,0.22,0.22,5.906663975370199,21.7352289320227,-0.2697106182252353
3150.540000000001,0.0,6.091261405795696,21.598154301899456,21.46667658113968,21.70911483505509,21.96587704098645,-0.3371838026995387,0.06,0.06,0.06,-0.2275306914318508,-0.9583537942879006,5.811555244577332,-0.6562343515273483,-0.4427891837753674,-9.875746119178704,0.09,0.22,0.22,5.894436917241864,21.68495568977017,-0.18098215836552406
3150.5500000000006,0.0,6.076220796149621,21.54823760746418,21.436726564478505,21.65135408863712,21.90241152949017,-0.3171871354773816,0.06,0.06,0.06,-0.2211697729152048,-0.9541131819434698,5.800105591247369,-0.59614421632443,-0.7532548823237782,-9.940843765648534,0.09,0.22,0.22,5.882216665682134,21.63468244751749,-0.11866756529787113
3150.560000000001,0.0,6.06118018650359,21.501351364205284,21.40831412765959,21.607896580725857,21.855400035043743,-0.3,0.06,0.06,0.06,-0.2148088543985768,-0.9498725695990512,5.788655937917438,-0.5400998751560583,-0.8285593008739262,-9.983980024968789,0.09,0.22,0.22,5.870003263201099,21.593240526908616,-0.08548816007612194
3150.5700000000006,0.0,6.046139576857558,21.474567884856107,21.39010136170215,21.65932086107628,21.917537707133835,-0.3,0.06,0.06,0.06,-0.2084479358819489,-0.9456319572546326,5.777206284587508,-0.4901622971286479,-0.548908863920428,-9.993967540574271,0.09,0.22,0.22,5.857796752639346,21.610381953692094,-0.09628570714841768
3150.580000000001,0.0,6.031098967211484,21.441128873414485,21.363662576473423,21.68839121114137,21.94637057945763,-0.3,0.06,0.06,0.06,-0.2020870173653028,-0.941391344910202,5.7657566312575455,-0.5075794743429664,-0.1559799749685338,-9.948455569461789,0.09,0.2153709677419158,0.22,5.845597177171021,21.609888310121725,-0.14988063156100026
3150.5900000000006,0.0,6.016058357565452,21.364491221089267,21.283831688634653,21.572370320815693,21.759034095995982,-0.3,0.06,0.06,0.06,-0.1957260988486749,-0.9371507325657832,5.754306977927615,-0.6277296620774261,0.4097271589478808,-9.818292866082787,0.09,0.21,0.22,5.833404580306902,21.4949318316339,-0.26875236383569107
3150.600000000001,0.0,6.001017747919421,21.286213693693764,21.20973600600603,21.47905147147142,21.606991981981903,-0.3,0.06,0.06,0.06,-0.1893651803320469,-0.9329101202213648,5.742857324597685,-0.6940299625468601,0.6405493133591009,-9.7001997503124,0.09,0.21,0.22,5.82121900589721,21.39549828828828,-0.3328910901647767
3150.6100000000006,0.0,5.985977138273347,21.19624372372364,21.176532802802768,21.547600020020084,21.706601591591685,-0.3,0.06,0.06,0.06,-0.1830042618154009,-0.928669507876934,5.731407671267722,-0.6790486891385944,0.3658926342075631,-9.600324594257296,0.09,0.21,0.22,5.809040498134738,21.406744534534546,-0.31441525419363425
3150.620000000001,0.0,5.970936528627314,21.109223351675848,21.139986253126573,21.58028135067537,21.774624182091067,-0.3,0.06,0.06,0.06,-0.1766433432987729,-0.9244288955325152,5.719958017937792,-0.6561295971979695,-0.0001300975721546,-9.54,0.09,0.21,0.22,5.796869101558018,21.401028784392214,-0.2777876399768164
3150.630000000001,0.0,5.955895918981283,21.04285016508264,21.08003627813916,21.361892156078348,21.621537638819625,-0.3,0.06,0.06,0.06,-0.170282424782145,-0.9201882831880966,5.708508364607861,-0.6211033274957093,-0.5055091318476228,-9.54,0.09,0.21,0.22,5.784704861054215,21.276579059529944,-0.21347398015266378
3150.640000000001,0.0,5.95,20.985647104015943,21.016744095784706,21.18944887503081,21.47872733848858,-0.3,0.06,0.06,0.06,-0.163921506265517,-0.915947670843678,5.697058711277931,-0.609523239099109,-0.7128629611890878,-9.547618591279289,0.09,0.21,0.22,5.772547821862377,21.16764185333001,-0.18687076652684612
3150.6500000000005,0.0,5.95,20.99205269144425,20.93026866550259,21.33570978797709,21.40719827887252,-0.3,0.06,0.06,0.06,-0.157560587748871,-0.9117070584992474,5.685609057947969,-0.6334810733109402,-0.4684930522284107,-9.566784858648752,0.09,0.21,0.22,5.760398029576525,21.166307355949115,-0.21742615374328222
3150.6600000000008,0.0,5.95,20.992591996989457,20.860823080782744,21.4642,21.350622157551435,-0.2958951310861175,0.06,0.06,0.06,-0.151199669232243,-0.9074664461548289,5.674159404618038,-0.6629950300809907,-0.1797959717508363,-9.654721422965697,0.09,0.21,0.22,5.748255530148964,21.167059308830908,-0.24404909366302047
3150.670000000001,0.0,5.95,20.950715429001573,20.91451098845952,21.4642,21.40216254892114,-0.2659325842696713,0.06,0.06,0.06,-0.1448387507156151,-0.90322583381041,5.662709751288108,-0.7048469788123168,0.2073345540139311,-9.895370128170825,0.09,0.21,0.22,5.736120369893295,21.18289724159556,-0.2619395942557402
3150.6800000000007,0.0,5.95,20.9112071613546,20.949796434263,21.449683595617586,21.43941095617533,-0.2440380285214372,0.06,0.06,0.06,-0.1384778321989691,-0.8989852214659794,5.651260097958144,-0.7140639041438274,0.296575137294446,-10.030039940089893,0.09,0.21,0.22,5.723992595487756,21.187524536852628,-0.25393363351159093
3150.690000000001,0.0,5.95,20.88776094621518,20.86027452191251,21.33671546812769,21.37972968127501,-0.2740605454090888,0.06,0.06,0.06,-0.1321169136823411,-0.8947446091215607,5.639810444628215,-0.6741238142786442,-0.0628856714922023,-10.005077383924151,0.09,0.21,0.22,5.711872253978598,21.116120154382596,-0.2069207222321857
3150.7000000000007,0.0,5.95,20.856964310689555,20.780895969030983,21.23413984515492,21.321830139860268,-0.3,0.06,0.06,0.06,-0.1257559951657131,-0.8905039967771421,5.6283607912982845,-0.6480175219023907,-0.3196495619521873,-9.995947434292829,0.09,0.2146286329386337,0.22,5.699759392783175,21.048457566183934,-0.17283618649880936
3150.710000000001,0.0,5.95,20.772518756243787,20.775551313686314,21.207416568431576,21.27693503496505,-0.3,0.06,0.06,0.06,-0.1193950766490671,-0.8862633844327115,5.616911137968321,-0.6430112640801072,-0.4197747183978551,-10.010966207759678,0.09,0.22,0.22,5.6876540596933935,21.00810541833168,-0.15847068821453864
3150.7200000000007,0.0,5.95,20.693107647058856,20.762680241327352,21.163843092006164,21.22945523378588,-0.3,0.06,0.06,0.06,-0.1130341581324392,-0.8820227720882928,5.605461484638391,-0.6936098654705365,-0.3211559541613732,-9.962419033383496,0.09,0.22,0.22,5.675556302879168,20.962271553544564,-0.19306449743258622
3150.730000000001,0.0,5.95,20.651146862745176,20.69382151835106,20.994924037204942,21.16274834590259,-0.3,0.06,0.06,0.06,-0.1120340018889872,-0.878837713206293,5.594479137729892,-0.8281390134526405,0.0774489287485643,-9.817924763328646,0.09,0.22,0.22,5.664194926574114,20.87566019105094,-0.3015579891171899
3150.7400000000007,0.0,5.931847133757971,20.610347981103928,20.62878113873695,20.84788,21.100545788165093,-0.30402996254686,0.06,0.06,0.06,-0.1159231068392697,-0.8766153675204174,5.583922995721983,-0.9119589692269214,0.2749437077808071,-9.7025744308231,0.09,0.22,0.22,5.653502338500003,20.796888727001495,-0.3676995707425541
3150.750000000001,0.0,5.90199044585991,20.57735941819991,20.58940769269022,20.84788,21.068621372451528,-0.3339925093633062,0.06,0.06,0.06,-0.1198122117895411,-0.8743930218345479,5.573366853714103,-0.916962722041523,0.1598573930449731,-9.63252189141868,0.09,0.22,0.22,5.6428127922877165,20.770817120835417,-0.3680144926712416
3150.7600000000007,0.0,5.8721337579618496,20.54942144036008,20.55229029257316,20.827334073518504,21.038958079519887,-0.352078019504918,0.06,0.06,0.06,-0.1237013167398125,-0.8721706761486786,5.562810711706224,-0.8255383074619533,-0.055628442662822,-9.651006509764157,0.09,0.22,0.22,5.632126305257217,20.742000971492907,-0.3121079336916857
3150.770000000001,0.0,5.842277070063704,20.55905384846213,20.53195520880217,20.653950727681664,21.02611486871716,-0.2920630157538476,0.06,0.06,0.06,-0.1275904216900949,-0.8699483304628028,5.552254569698314,-0.5851777666502804,-0.426184276414151,-9.80623935903836,0.09,0.22,0.22,5.621442894855188,20.69276866341578,-0.16936565229008635
3150.7800000000007,0.0,5.812420382165644,20.56537593101724,20.503346953261627,20.5012,21.0183643489128,-0.24,0.06,0.06,0.06,-0.1314795266403663,-0.8677259847769335,5.541698427690434,-0.4558360409896664,-0.6658360409896664,-9.985118720319456,0.09,0.22,0.22,5.610762578656248,20.647071808297916,-0.07393892897806234
3150.790000000001,0.0,5.782563694267584,20.547190477380685,20.413489417645728,20.5012,21.04831686078476,-0.24,0.06,0.06,0.06,-0.1353686315906377,-0.8655036390910641,5.531142285682555,-0.49582604348901,-0.70582604348901,-10.200064983753428,0.09,0.22,0.22,5.600085374363879,20.62754918895279,-0.050680380125832834
3150.8000000000006,0.0,5.752707006369437,20.525833278319613,20.337450667666896,20.50158048012003,21.05709108777205,-0.2360449438201623,0.06,0.06,0.06,-0.1392577365409202,-0.8632812934051884,5.520586143674645,-0.54366492146593,-0.50123909249601,-10.33986038394414,0.09,0.22,0.22,5.589411299811665,20.605488878469647,-0.066862867755864
3150.810000000001,0.0,5.722850318471377,20.48088204051019,20.364207356839174,20.5047912828207,20.908323895974192,-0.2060823970037161,0.06,0.06,0.06,-0.1431468414911916,-0.8610589477193191,5.510030001666766,-0.6035003739715298,0.0771702817247874,-10.364791822488138,0.09,0.22,0.22,5.578740372964516,20.564551144036063,-0.14332881064164987
3150.8200000000006,0.0,5.692993630573317,20.42994479619924,20.379246756689312,20.52010146036488,20.771146631658016,-0.1838879159369512,0.06,0.06,0.06,-0.147035946441463,-0.8588366020334497,5.499473859658886,-0.64,0.471042345276719,-10.34091205211741,0.09,0.2153887688985035,0.22,5.568072611919649,20.52510991122786,-0.20015628475857566
3150.830000000001,0.0,5.6631369426751705,20.334690982745663,20.30753882970741,20.624987681920505,20.7197737884471,-0.2139104328246881,0.06,0.06,0.06,-0.1509250513917454,-0.856614256347574,5.488917717650977,-0.64,0.5762791280380816,-10.240686544725635,0.09,0.21,0.22,5.557408034907849,20.49674782070517,-0.22626717951903624
3150.8400000000006,0.0,5.65,20.241488187953045,20.244783499125216,20.706218525368698,20.67032150962261,-0.24,0.06,0.06,0.06,-0.1548141563420168,-0.8543919106617046,5.478361575643097,-0.6340972568578735,0.429468827930821,-10.113102244389232,0.09,0.21,0.22,5.546746660294732,20.46570293051739,-0.22832748811570608
3150.850000000001,0.0,5.65,20.16339771057245,20.24799269682579,20.6131517920521,20.635020334916312,-0.24,0.06,0.06,0.06,-0.1587032612922882,-0.8521695649758353,5.467805433635218,-0.6191346633416759,-0.1041970074802267,-9.943526184538992,0.09,0.21,0.22,5.536088506581766,20.414890633591664,-0.19347365242293352
3150.8600000000006,0.0,5.65,20.09778325000002,20.24432616999996,20.51868165999992,20.602774029999992,-0.24,0.06,0.06,0.06,-0.1625923662425707,-0.8499472192899595,5.457249291627308,-0.5983062296722491,-0.4144083062296655,-9.750347760820576,0.09,0.21,0.22,5.525433592407554,20.365891277499976,-0.18345751575600563
3150.870000000001,0.0,5.65,20.12453324999998,20.18975617000004,20.413821660000067,20.593144030000005,-0.24,0.06,0.06,0.06,-0.1664814711928421,-0.8477248736040902,5.446693149619429,-0.5682837127845976,-0.3743782837127967,-9.520175131348582,0.09,0.21,0.22,5.514781936549152,20.330313777500024,-0.21237184187561128
3150.880000000001,0.0,5.65,20.1381483567136,20.133897304609352,20.32144,20.57368767535089,-0.2361348314606402,0.06,0.06,0.06,-0.1703705761431135,-0.8455025279182208,5.436137007611549,-0.5773768442109553,-0.3089347336835673,-9.299824956239346,0.09,0.21,0.22,5.504133557923107,20.29179333416846,-0.2555780484553325
3150.890000000001,0.0,5.65,20.05452110220464,20.068496503006195,20.32144,20.481483266533324,-0.206172284644194,0.06,0.06,0.06,-0.1742596810933849,-0.8432801822323515,5.42558086560367,-0.6473943485869056,-0.2039084771196418,-9.094773693424065,0.09,0.21,0.22,5.493488475586825,20.23148521793604,-0.3210444985139075
3150.9000000000005,0.0,5.65,19.984085589563456,20.006385398896164,20.32962847967883,20.40577081786249,-0.18,0.06,0.06,0.06,-0.1781487860436673,-0.8410578365464758,5.41502472359576,-0.6958651685392999,-0.1712808988762662,-9.042337078651366,0.09,0.21,0.22,5.482846708739759,20.181467571500235,-0.3486503761777109
3150.9100000000008,0.0,5.65,20.007708268941272,19.96773010536883,20.396201485198127,20.44764738585044,-0.18,0.06,0.06,0.06,-0.1779622222222276,-0.8402911111111103,5.404177777777793,-0.7108464419475443,-0.2511810237202362,-9.227106117353046,0.09,0.21,0.22,5.472010339699473,20.204821811339666,-0.31741038333682936
3150.920000000001,0.0,5.65,20.01741291177217,19.92394823794062,20.426167888028285,20.46933908522885,-0.1837509377344312,0.06,0.06,0.06,-0.1740733333333423,-0.8408466666666653,5.393066666666693,-0.7297616060225447,-0.2531442910917855,-9.43566373902094,0.09,0.21,0.22,5.460997410119658,20.209217030742483,-0.29199549431117805
3150.9300000000007,0.0,5.65,19.933973771557053,19.84585776055981,20.211151642089327,20.35594743314164,-0.2137584396099664,0.06,0.06,0.06,-0.1701844444444461,-0.8414022222222219,5.38195555555556,-0.7548557089084142,-0.1326925972396117,-9.68158594730246,0.09,0.21,0.22,5.449987710689513,20.086732651836957,-0.2757300614066237
3150.940000000001,0.0,5.639865708152411,19.858302958904115,19.78064094645081,20.02549852054794,20.258758520547943,-0.24,0.06,0.06,0.06,-0.1662955555555609,-0.841957777777777,5.37084444444446,-0.7640525000000123,-0.0064725000001113,-9.913264999999829,0.09,0.21,0.22,5.4389812610247095,19.9808002366127,-0.2568813568665592
3150.9500000000007,0.0,5.619896660176791,19.83485090410964,19.801960996263965,20.03722454794518,20.27048454794518,-0.24,0.06,0.06,0.06,-0.1624066666666757,-0.842513333333332,5.359733333333359,-0.7490525000000336,0.1285274999996968,-10.123264999999527,0.09,0.21,0.22,5.427978080894114,19.98613024906599,-0.2341007369871267
3150.960000000001,0.0,5.599927612201116,19.81282585268416,19.81442190262177,20.052213573033672,20.278954721598016,-0.2362349999999579,0.06,0.06,0.06,-0.1585177777777794,-0.8430688888888886,5.348622222222227,-0.7242071197411208,0.0500970873788484,-10.309223300970798,0.09,0.21,0.22,5.4169781902213145,19.989604012484403,-0.18945901275177823
3150.9700000000007,0.0,5.579958564225496,19.801070546816486,19.76312602247194,20.090685483146043,20.263993423220985,-0.2062350000000005,0.06,0.06,0.06,-0.1546288888888942,-0.8436244444444436,5.337511111111127,-0.6843764002987764,-0.3531889469748891,-10.458588498879587,0.09,0.21,0.22,5.405981609086174,19.979718868913864,-0.11154319903662077
3150.980000000001,0.0,5.5599895162498765,19.78815949937423,19.707974047559496,20.10958107133924,20.24825949937423,-0.1762359410147871,0.06,0.06,0.06,-0.150740000000009,-0.8441799999999987,5.326400000000026,-0.66,-0.6194097048523244,-10.501475737869187,0.09,0.21,0.22,5.394988357726111,19.9634935294118,-0.06918402523689164
3150.9900000000007,0.0,5.5400204682742,19.766732715894857,19.62440959198994,19.98423438798491,20.22683271589485,-0.1462434391401942,0.06,0.06,0.06,-0.1468511111111128,-0.8447355555555552,5.315288888888894,-0.66,-0.6694347173586566,-10.37641320660336,0.09,0.21,0.22,5.3839984565376735,19.90055235294114,-0.08290903604643805
3151.000000000001,0.0,5.52005142029858,19.73304587706159,19.552866646676648,19.87418,20.19458109945038,-0.1125112331502781,0.06,0.06,0.06,-0.1429622222222276,-0.8452911111111103,5.304177777777793,-0.5860160160163312,-0.4644194194204231,-10.220175175175516,0.09,0.21,0.2154421397379915,5.373011926078142,19.83866840579715,-0.10302684083265032
3151.0100000000007,0.0,5.500082372322962,19.61112683658185,19.567839160419773,19.87418,20.08442617691167,-0.0526010983525034,0.06,0.06,0.06,-0.1390733333333424,-0.8458466666666653,5.293066666666693,-0.395825825826351,0.1411861861845139,-10.014969969970537,0.09,0.21,0.21,5.362028787066852,19.784393043478325,-0.13318576932011345
3151.020000000001,0.0,5.480113324347285,19.50603567134271,19.570491913827528,19.864061102204285,19.976313537074013,0.0,0.06,0.06,0.06,-0.1351844444444461,-0.846402222222222,5.281955555555561,-0.3210549999999379,0.4318000000001182,-9.813755000000116,0.09,0.21,0.21,5.351049060386825,19.729225556112134,-0.16874693031611349
3151.0300000000007,0.0,5.460144276371666,19.52318997995993,19.483648226452846,19.78043384769533,19.88303698396788,0.0,0.06,0.06,0.06,-0.1312955555555609,-0.846957777777777,5.27084444444446,-0.4260549999999379,0.2318000000001182,-9.618755000000116,0.09,0.21,0.21,5.340072767086413,19.667577259519,-0.21272231023186183
3151.040000000001,0.0,5.440220146101536,19.53028000665337,19.404456407185634,19.68955125083169,19.794745848303403,-0.0024112056027981,0.06,0.06,0.06,-0.1274066666666757,-0.847513333333332,5.259733333333359,-0.5525756439107546,0.0083145786450236,-9.513688422105478,0.09,0.21,0.2146049783549762,5.329099928380677,19.604758378243524,-0.24787224585233855
3151.0500000000006,0.0,5.42034239427523,19.46692005988017,19.37882766467063,19.54788125748488,19.74135263473048,-0.0224212106053309,0.06,0.06,0.06,-0.1235177777777794,-0.8480688888888887,5.248622222222227,-0.7126156539133817,-0.2517504376092452,-9.548697174293553,0.09,0.21,0.22,5.318130565653065,19.533745404191542,-0.26927615698225266
3151.060000000001,0.0,5.400464642448981,19.40356011310715,19.353198922155705,19.406211264138463,19.687959421157714,-0.0424312156078069,0.06,0.06,0.06,-0.1196288888888942,-0.8486244444444436,5.237511111111126,-0.81,-0.5220256024090917,-9.666302710842904,0.09,0.21,0.22,5.307164700457103,19.46273243013976,-0.2560772867133765
3151.0700000000006,0.0,5.380586890622731,19.33285727272752,19.320952587412744,19.299844405594104,19.627690909091125,-0.0563409147713387,0.06,0.06,0.06,-0.115740000000009,-0.8491799999999987,5.226400000000026,-0.81,-0.8081701807223023,-9.91228664658584,0.09,0.21,0.22,5.296202354517836,19.395336293706375,-0.18909606017045016
3151.080000000001,0.0,5.360709138796425,19.207792337662266,19.23971382617378,19.4548394105895,19.516522077922016,-0.0263484128967457,0.06,0.06,0.06,-0.1118511111111128,-0.8497355555555552,5.215288888888893,-0.8279550561797866,-0.7425942571783776,-9.9263345817727,0.09,0.21,0.22,5.285243549733545,19.35471691308689,-0.19981854957802803
3151.0900000000006,0.0,5.340831386970176,19.09736,19.17185798151387,19.5871965375968,19.42649125156134,0.0036422682987816,0.06,0.06,0.06,-0.11,-0.848458747977846,5.202550615226256,-0.872898876404456,-0.148337078652194,-9.591752808989051,0.09,0.21,0.22,5.272429719874057,19.320726442668004,-0.32733974093387314
3151.100000000001,0.0,5.320953635143926,19.09736,19.20500312265798,19.54870540594557,19.49598912815383,0.0336197851611064,0.06,0.06,0.06,-0.11,-0.8455174273248757,5.188334232070233,-0.8722862129146354,0.3406507105452905,-9.380102218898084,0.09,0.21,0.22,5.257928472657448,19.336764414189346,-0.4100116349250985
3151.1100000000006,0.0,5.301075883317621,19.094130643216047,19.22463192964815,19.508077080401947,19.56155879899501,0.0527981995498169,0.06,0.06,0.06,-0.11,-0.8425761066718969,5.174117848914168,-0.8024781849913362,0.669745699326558,-9.35517078035405,0.09,0.21,0.22,5.243427315219174,19.34709961306529,-0.424562303951534
3151.120000000001,0.0,5.281198131491371,19.06617084422111,19.14075253266333,19.451082105527647,19.597046236180898,-0.0072168042010828,0.06,0.06,0.06,-0.11,-0.8396347860189264,5.159901465758145,-0.707001754826013,0.6678215091510865,-9.328222612183556,0.09,0.21,0.22,5.228926248306252,19.313762929648245,-0.39637764978116274
3151.130000000001,0.0,5.261320379665122,19.032465902621823,19.054256499375928,19.390376494382146,19.60635298876429,-0.06,0.06,0.06,0.06,-0.11,-0.8366934653659559,5.14568508260212,-0.5716294810731704,0.1514013537235756,-9.298139884682929,0.09,0.21,0.22,5.214425272673881,19.270862971286046,-0.30177040514991066
3151.140000000001,0.0,5.25,18.95872807490656,18.94952741073684,19.30381469662943,19.433229393258863,-0.06,0.06,0.06,0.06,-0.11,-0.8337521447129855,5.1314686994460965,-0.5118623279097655,-0.3806107634530884,-9.367449311639062,0.09,0.21,0.22,5.199924389085722,19.161324893882924,-0.21588966948596472
3151.1500000000005,0.0,5.25,18.900601252485053,18.86317465208744,19.22528349900598,19.29016527832997,-0.0529006490263423,0.06,0.06,0.06,-0.11,-0.8308108240600067,5.117252316290032,-0.5669311639548827,-0.9363053817265444,-9.587724655819532,0.09,0.21,0.22,5.185423598313928,19.06980617047711,-0.1432635557546042
3151.1600000000008,0.0,5.25,18.95378216699795,18.90784662027828,19.20401113320082,19.36142770377725,0.0070094857713474,0.06,0.06,0.06,-0.11,-0.8278695034070362,5.1030359331340085,-0.6039810662680359,-1.0490508221240047,-9.841422521175096,0.09,0.21,0.22,5.170922901139438,19.106766906063577,-0.1055876738907517
3151.170000000001,0.0,5.25,18.99810331590744,18.942947572815605,19.18450866318149,19.41922143390598,0.06,0.06,0.06,0.06,-0.11,-0.8249281827540659,5.088819549977985,-0.6139461883407703,-0.4959865470872494,-10.145358744393494,0.09,0.21,0.22,5.156422298351839,19.13619524645263,-0.1204464959981186
3151.1800000000007,0.0,5.25,18.97146652228029,18.90139417475726,19.17918130445606,19.369144261886955,0.06,0.06,0.06,0.06,-0.11,-0.8219868621010871,5.0746031668219205,-0.5628876066234221,0.0054290015045706,-10.416653286502394,0.09,0.21,0.2153432676955778,5.1419217907496275,19.10529656584514,-0.11438167983091387
3151.190000000001,0.0,5.25,18.942624625000008,18.860700075000008,19.16858722500001,19.31860657500001,0.0634817408704301,0.06,0.06,0.06,-0.11,-0.8190455414481166,5.060386783665897,-0.4173783241347564,0.4269041645751884,-10.637425990967955,0.09,0.21,0.21,5.127421379140447,19.072629625000012,-0.07593186939128438
3151.2000000000007,0.0,5.25,18.89447462500008,18.82753007500005,19.111877225000093,19.26403657500009,0.0934967483741441,0.06,0.06,0.06,-0.11,-0.8161042207951461,5.046170400509873,-0.361920099874949,0.4924694132346744,-10.722119850187577,0.09,0.21,0.21,5.112921064340973,19.024479625000076,-0.05130816277704525
3151.210000000001,0.0,5.25,18.841958939929345,18.79377383139829,19.05787964664312,19.221039252902564,0.12,0.06,0.06,0.06,-0.11,-0.8131629001421673,5.031954017353809,-0.4418202247190327,0.0230561797756826,-10.60226966292145,0.09,0.21,0.21,5.098420847177168,18.97866291771833,-0.04746687255133432
3151.2200000000007,0.0,5.25,18.75121689045949,18.75488438162549,19.02763229681983,19.279373427561755,0.12,0.06,0.06,0.06,-0.11,-0.8102215794891969,5.017737634197785,-0.5198122653315409,-0.3832240300370355,-10.44851314142712,0.09,0.21,0.21,5.083920728484538,18.95327674911664,-0.054680949556701636
3151.230000000001,0.0,5.25,18.671111732205084,18.71411944748645,18.998859815828816,19.32298406670001,0.1234923807144223,0.06,0.06,0.06,-0.11,-0.8072802588362264,5.003521251041761,-0.594906132665685,-0.6936120150181648,-10.243256570713797,0.09,0.21,0.21,5.069420709108013,18.92676876555509,-0.07868693195344321
3151.2400000000007,0.0,5.237641514138936,18.66791611249377,18.65979391239421,18.9807513041314,19.26013687904428,0.1534698975768323,0.06,0.06,0.06,-0.11,-0.8043389381832476,4.989304867885696,-0.6918831168831168,-0.754283216783217,-10.112017982017983,0.09,0.21,0.21,5.0549207899022175,18.892149552015916,-0.12480637410844338
3151.250000000001,0.0,5.20771781956014,18.65571182838612,18.603172666500367,18.937176008979765,19.190908266400584,0.18,0.06,0.06,0.06,-0.11,-0.8013976175302773,4.975088484729673,-0.821753246753021,-0.4395979020984491,-10.092037962037995,0.09,0.21,0.21,5.040420971731726,18.84674219256671,-0.20416519695112115
3151.2600000000007,0.0,5.177794124981345,18.57243919181852,18.528440813170462,18.69269608880052,19.07133730107274,0.18,0.06,0.06,0.06,-0.11,-0.7984562968773068,4.960872101573649,-0.8960200250313183,-0.1723904881107058,-10.000400500626364,0.09,0.21,0.21,5.0259212554709585,18.71622834871556,-0.2707589324108259
3151.270000000001,0.0,5.147870430402464,18.492721882352928,18.45113517396744,18.484917712140195,18.947902828535632,0.18,0.06,0.06,0.06,-0.11,-0.795514976224328,4.946655718417585,-0.8860075093867372,0.022853566958624,-9.800150187734744,0.09,0.21,0.21,5.011421642004451,18.594169399249047,-0.3180043278748651
3151.2800000000007,0.0,5.1179467358236685,18.44236894117648,18.35257196996246,18.58026689862327,18.7925586483104,0.18,0.06,0.06,0.06,-0.11,-0.7925736555713575,4.932439335261561,-0.9019725343320294,0.1140324594257835,-9.614082397003912,0.09,0.21,0.21,4.996922132227122,18.54194161451815,-0.3610060568526981
3151.290000000001,0.0,5.088023041244873,18.393912881440738,18.27187935467731,18.66082141070537,18.653670235117563,0.18,0.06,0.06,0.06,-0.1100624984375375,-0.7898750031249249,4.919187520312011,-0.9569038701621808,0.04911360799015,-9.449288389513455,0.09,0.21,0.21,4.983414706214741,18.495070970485244,-0.39764228610140906
3151.3000000000006,0.0,5.058099346665992,18.36072628814404,18.3350409354678,18.62228214107049,18.64724702351175,0.18,0.06,0.06,0.06,-0.110562485937851,-0.788875028124298,4.912687682807936,-0.8805506883604691,-0.1074092615769512,-9.387809762202746,0.09,0.21,0.2146659597030891,4.976851227644612,18.49132409704852,-0.3650296565783495
3151.310000000001,0.0,5.028175652087197,18.327543393303355,18.3868671664168,18.579096596701664,18.64428264367816,0.1834024481638919,0.06,0.06,0.06,-0.111062473438163,-0.7878750531236739,4.90618784530388,-0.6052065081352738,-0.4027784730912517,-9.482928660825998,0.09,0.21,0.22,4.970287833289775,18.484447450024994,-0.22745492036325088
3151.3200000000006,0.0,4.998251957508401,18.29438997001505,18.34836641679168,18.49888670164932,18.668880344827546,0.2133799650262167,0.06,0.06,0.06,-0.111562460938475,-0.7868750781230499,4.899688007799824,-0.3900624219726606,-0.5560299625468771,-9.526017478152346,0.09,0.21,0.22,4.963724523484277,18.452630858320898,-0.1327486420469357
3151.330000000001,0.0,4.968328262929521,18.259713220339005,18.304807372881395,18.441332118644013,18.68121161016953,0.2366416791603739,0.06,0.06,0.06,-0.1120624484387885,-0.7858751031224229,4.893188170295749,-0.2652184769037798,-0.4961048689138143,-9.491061173533058,0.09,0.21,0.22,4.957161298563931,18.421766080508487,-0.10234505057886113
3151.3400000000006,0.0,4.95,18.21277403788641,18.22053020438696,18.56614767198388,18.594800842472704,0.2066566716641268,0.06,0.06,0.06,-0.1125624359391005,-0.7848751281217989,4.886688332791692,-0.2198498122652841,-0.2510513141430112,-9.438160200250364,0.09,0.21,0.22,4.950598158866382,18.39856318918249,-0.12059687778003203
3151.350000000001,0.0,4.95,18.17096396594892,18.144164136204328,18.666385753630703,18.515180340510817,0.1766716641678845,0.06,0.06,0.06,-0.1130624234394125,-0.7838751531211748,4.880188495287636,-0.2949436795993215,0.2746057571952503,-9.358060075094055,0.09,0.21,0.22,4.944035104731007,18.374173549073696,-0.2125968552910434
3151.3600000000006,0.0,4.95,18.173107180771154,18.135591276915378,18.55601019028548,18.493748192288443,0.1466866566715947,0.06,0.06,0.06,-0.113562410939726,-0.782875178120548,4.873688657783561,-0.4218976279648366,0.4202122347070459,-9.399887640449212,0.09,0.21,0.22,4.937472136498985,18.339614210065115,-0.26404105945445444
3151.370000000001,0.0,4.95,18.170532903225865,18.13311741935477,18.45715483870968,18.471398494623696,0.12,0.06,0.06,0.06,-0.114062398440038,-0.7818752031199239,4.867188820279505,-0.6266416978772192,-0.0042571785259423,-9.624606741572558,0.09,0.21,0.22,4.930909254513362,18.308050913978505,-0.2546516035956686
3151.380000000001,0.0,4.95,18.128792468117112,18.181279459864868,18.45394403600901,18.441431002750747,0.12,0.06,0.06,0.06,-0.11456238594035,-0.7808752281192999,4.860688982775449,-0.7519904857285771,-0.3654957436145842,-9.819714571857311,0.09,0.2053141640042537,0.2153141640042537,4.92434645911895,18.301361741685433,-0.2296559482237261
3151.390000000001,0.0,4.95,18.085101556886386,18.198752215569485,18.436202514970425,18.42150443113756,0.12,0.06,0.06,0.06,-0.1150623734406621,-0.7798752531186758,4.854189145271393,-0.7569979969954727,-0.6308938407600521,-9.96993990986418,0.09,0.2,0.21,4.917783750662419,18.285390179640963,-0.18100561308628296
3151.4000000000005,0.0,4.95,18.02530115768466,17.962754211576947,18.298448023952155,18.484508423153663,0.12,0.06,0.06,0.06,-0.1155623609409755,-0.7788752781180489,4.847689307767317,-0.7360059910136009,-0.5900499251133406,-10.020009985022668,0.09,0.2,0.21,4.911221129492266,18.192752954091855,-0.1706256449563881
3151.4100000000008,0.0,4.95,17.963922602602686,17.76277331331319,18.17502,18.52413989990008,0.1167299999999869,0.06,0.06,0.06,-0.1160623484412875,-0.7778753031174248,4.841189470263261,-0.6760958562158261,-0.0907988017985511,-9.92015976035971,0.09,0.2,0.21,4.9046585959589075,18.106463953953988,-0.217531781748686
3151.420000000001,0.0,4.95,17.888947627627793,17.87309363363339,18.17502,18.362408168168525,0.0867300000000295,0.06,0.06,0.06,-0.1165623359415996,-0.7768753281168008,4.834689632759205,-0.6220856284428065,0.2518002003001183,-9.800285428142688,0.09,0.2,0.21,4.898096150414576,18.074867357357427,-0.2531603884257376
3151.4300000000007,0.0,4.95,17.82419351540966,17.96990118767227,18.16933621147584,18.215546484590337,0.0632683658171086,0.06,0.06,0.06,-0.117062323441913,-0.775875353116174,4.82818979525513,-0.5770180270406178,0.3569579369052251,-9.650060090135392,0.09,0.2,0.21,4.891533793213386,18.044744349787027,-0.2716953802738739
3151.440000000001,0.0,4.94621415103704,17.84564177399147,17.952742580806824,18.11571556502132,18.194098226008528,0.0932533733133557,0.06,0.06,0.06,-0.117562310942225,-0.7748753781155499,4.821689957751074,-0.5440014977534002,0.2020544183735412,-9.540004992511337,0.09,0.2,0.21,4.884971524711413,18.027049536457035,-0.26115593660399783
3151.4500000000007,0.0,4.936290562667493,17.86801739043823,17.93512472111555,18.070610806772898,18.1687785109562,0.1167616191904017,0.06,0.06,0.06,-0.1180622984425371,-0.7738754031149258,4.815190120247018,-0.5290239640539566,-0.3421293060395793,-9.490079880179856,0.09,0.2,0.21,4.878409345266581,18.010632857320722,-0.20709558383761928
3151.460000000001,0.0,4.926366974297918,17.89785802788848,17.91380998007966,18.094057021912374,18.11229444721109,0.086776611694112,0.06,0.06,0.06,-0.1185622859428505,-0.7728754281142989,4.808690282742943,-0.5080570856284523,-0.7098097145718258,-9.5057811717576,0.09,0.2,0.21,4.871847255238742,18.0045048692729,-0.15944553608588632
3151.4700000000007,0.0,4.91644338592837,17.91455242189454,17.886456430892288,18.09558272931769,18.077827843039216,0.06,0.06,0.06,0.06,-0.1190622734431625,-0.7718754531136749,4.802190445238886,-0.4780120180270785,-0.8099599399097382,-9.6209539308962,0.09,0.2,0.21,4.865285254989737,17.993604856285934,-0.12151173681585635
3151.480000000001,0.0,4.906519797558824,17.816137025743654,17.80622648837798,17.90517033241707,18.23614826293412,0.06,0.06,0.06,0.06,-0.1195622609434746,-0.7708754781130508,4.79569060773483,-0.493999999999807,-0.7200000000008516,-9.825999999999228,0.09,0.2,0.21,4.8587233448833045,17.940920527368206,-0.10520378480902386
3151.4900000000007,0.0,4.896596209189248,17.715827943831375,17.721919538615726,17.74425109327994,18.364636449347906,0.06,0.06,0.06,0.06,-0.1204034535438119,-0.7698847275589109,4.788616730706931,-0.5788938826466459,-0.3454681647942093,-10.165575530586583,0.09,0.2,0.21,4.851604856020332,17.886658756268737,-0.12126710729508516
3151.500000000001,0.0,4.886672620819701,17.59884700100311,17.601718936810535,17.84298730190563,18.230483991976044,0.06,0.06,0.06,0.06,-0.1236440442572021,-0.7689588444979423,4.777506133975307,-0.6698498122651986,0.0334217772210143,-10.429774718397798,0.09,0.2,0.21,4.840573355955219,17.818509307923833,-0.1512267096696774
3151.5100000000007,0.0,4.876749032450154,17.497725198106075,17.495075928233227,17.919080692748853,18.10690368801405,0.06,0.06,0.06,0.06,-0.1268846349705923,-0.7680329614369736,4.766395537243684,-0.7699749687107242,0.418903629536288,-10.579962453066086,0.09,0.2,0.21,4.8295445704436535,17.75469637677555,-0.20220530825775052
3151.520000000001,0.0,4.866825444080579,17.527588143533514,17.500408597059554,17.808161181161235,18.07064153999502,0.06,0.06,0.06,0.06,-0.1301252256839918,-0.7671070783760023,4.755284940512028,-0.8980000000000965,0.4499999999997162,-10.659999999999986,0.09,0.2,0.21,4.818518518125084,17.726699865437332,-0.2363193797827637
3151.5300000000007,0.0,4.856901855711032,17.54564493266837,17.497074937655896,17.69918326184543,18.0208348678305,0.06,0.06,0.06,0.06,-0.133365816397382,-0.7661811953150337,4.744174343780404,-1.067787765293292,-0.0493757802743876,-10.63503121098628,0.09,0.2,0.21,4.807495217805416,17.69068450000005,-0.24518929656518884
3151.540000000001,0.0,4.8500000000000005,17.45919106733178,17.417025062344237,17.60739273815473,17.85112913216979,0.06,0.06,0.06,0.06,-0.1366064071107722,-0.7652553122540651,4.733063747048781,-1.0783683683687468,-0.4177277277274479,-10.570200200200407,0.09,0.2,0.2146560846560813,4.796474688458621,17.583684500000132,-0.22025133551891204
3151.5500000000006,0.0,4.8500000000000005,17.37970188855521,17.346422639305988,17.52831871204541,17.692218648648602,0.06,0.06,0.06,0.06,-0.1398469978241716,-0.7643294291930939,4.721953150317126,-0.8481381381381166,-0.5878978978979139,-10.445075075075064,0.09,0.2,0.22,4.785456949228664,17.486665472138803,-0.14417683564583453
3151.560000000001,0.0,4.8500000000000005,17.36542094094094,17.364273823823826,17.568305365365372,17.6343808108108,0.06,0.06,0.06,0.06,-0.1430875885375618,-0.7634035461321252,4.710842553585502,-0.6021078921082329,-0.6300599400601294,-10.314055944056122,0.09,0.2,0.22,4.774442019431441,17.483095235235233,-0.07699911961026402
3151.5700000000006,0.0,4.8500000000000005,17.35113999332667,17.382125008341667,17.608292018685336,17.576542972973,0.06,0.06,0.06,0.06,-0.146328179250952,-0.7624776630711566,4.699731956853879,-0.3323776223784319,-0.4802097902102399,-10.174195804196223,0.09,0.2,0.22,4.763429918556474,17.47952499833167,-0.023166579330662122
3151.580000000001,0.0,4.8500000000000005,17.32844835131727,17.385376110413826,17.625705360100053,17.52830716687585,0.0569115442278408,0.06,0.06,0.06,-0.1495687699643514,-0.7615517800101853,4.688621360122224,-0.1719880119880053,-0.2746953046956905,-9.928971028971567,0.09,0.2,0.2152872340425385,4.752420666268897,17.46695924717675,-0.02778671004308702
3151.5900000000006,0.0,4.8500000000000005,17.229637811794152,17.25649279799237,17.438824557088935,17.56697216060229,0.0269265367315937,0.06,0.06,0.06,-0.1528093606777416,-0.7606258969492167,4.6775107633906,-0.1769830169830087,0.015014985014507,-9.524375624376292,0.09,0.2,0.21,4.741414282411468,17.37298183186944,-0.12082017728196967
3151.600000000001,0.0,4.8500000000000005,17.144573194753768,17.136980193021536,17.285312749319456,17.595493595644655,-0.0091731201599797,0.06,0.06,0.06,-0.1560499513911318,-0.759700013888248,4.666400166658977,-0.2255513878467211,0.1701950487622951,-9.167111777945085,0.09,0.2,0.21,4.7304107870063365,17.290589933184854,-0.20733440539934425
3151.6100000000006,0.0,4.8500000000000005,17.174229220490023,17.095673585746038,17.410291714922245,17.539358975501028,-0.0991056707472097,0.06,0.06,0.06,-0.1592905421045312,-0.7587741308272767,4.655289569927321,-0.3405801450362728,0.1201825456364031,-8.882040510127498,0.09,0.2,0.21,4.719410200257099,17.304888374164832,-0.2839051475840556
3151.620000000001,0.0,4.8500000000000005,17.195084519859194,17.05970827048769,17.522598662644537,17.48491572649571,-0.18,0.06,0.06,0.06,-0.1625311328179215,-0.7578482477663081,4.6441789731956975,-0.4358112168251964,-0.0053029544314945,-8.813244867300787,0.09,0.2,0.21,4.708412542550895,17.315576794871784,-0.31324862132071674
3151.630000000001,0.0,4.8500000000000005,17.122998044243385,17.08015070387128,17.501080311714446,17.448334529914554,-0.18,0.06,0.06,0.06,-0.1657717235313117,-0.7569223647053395,4.633068376464074,-0.5009088632948395,-0.2456634952424842,-9.073635453179358,0.09,0.2,0.21,4.697417834460238,17.288140897435916,-0.27070897649925024
3151.640000000001,0.0,4.8500000000000005,17.050297526342337,17.09367950326151,17.46710789262446,17.412493331660865,-0.1830449999999844,0.06,0.06,0.06,-0.1690123142447019,-0.7559964816443709,4.62195777973245,-0.6127930951805135,-0.3804219611604588,-9.31811795732378,0.09,0.2,0.21,4.686426096745188,17.255894563472292,-0.25726958486181706
3151.6500000000005,0.0,4.8500000000000005,16.971913181134024,17.043212870045195,17.317855509282595,17.383501861515324,-0.213045000000027,0.06,0.06,0.06,-0.1722529049581013,-0.7550705985833996,4.610847183000796,-0.7950035962596422,-0.3564468952289945,-9.53868856389325,0.09,0.2,0.21,4.675437350355363,17.179120855494286,-0.28757162510724543
3151.6600000000008,0.0,4.8500000000000005,16.89893437468865,16.989551699053493,17.17918587443957,17.355645774788282,-0.24,0.06,0.06,0.06,-0.1754934956714915,-0.754144715522431,4.599736586269172,-0.9183658600052184,-0.259927140255696,-9.755365599791268,0.09,0.2,0.21,4.664451616432159,17.1058294307425,-0.30624397410638826
3151.670000000001,0.0,4.8500000000000005,16.872277673144048,16.908515326357904,17.131203811659287,17.337519217737952,-0.24,0.06,0.06,0.06,-0.1787340863848817,-0.7532188324614624,4.588625989537548,-0.9131615925058744,-0.0049180327878391,-9.963536299765028,0.09,0.2,0.21,4.653468916310701,17.0623790072248,-0.2995087810833015
3151.6800000000007,0.0,4.8500000000000005,16.844466176911506,16.834545817091445,17.0879,17.31448653673156,-0.2490831876093641,0.06,0.06,0.06,-0.1819746770982811,-0.7522929494004911,4.577515392805893,-0.8785842921461909,0.1009129564784232,-10.125342671335536,0.09,0.2,0.21,4.642489271522078,17.02034963268363,-0.2744141759564614
3151.690000000001,0.0,4.8500000000000005,16.805965427286377,16.825990094952527,17.0879,17.246040759620225,-0.3390157381963385,0.06,0.06,0.06,-0.1852152678116713,-0.7513670663395224,4.566404796074269,-0.7985442721361732,-0.0241495747872294,-10.215387693846806,0.09,0.2,0.21,4.631512703795629,16.991474070464783,-0.22090341069437996
3151.7000000000007,0.0,4.8500000000000005,16.76624841791055,16.81887644776118,17.08358486567173,17.178446487562308,-0.4259685078729663,0.06,0.06,0.06,-0.1884558585250615,-0.7504411832785538,4.5552941993426455,-0.7145938515372532,-0.1944163959006583,-10.248362909272766,0.09,0.2,0.21,4.620539235060956,16.96178905472644,-0.170015816473696
3151.710000000001,0.0,4.8500000000000005,16.71514394029847,16.82526450746269,17.038868447761164,17.118824597014886,-0.4859535116221521,0.06,0.06,0.06,-0.1903008966547878,-0.7496991033452122,4.543982066904243,-0.6246163459134744,-0.4343564108974016,-10.193376655836012,0.09,0.2,0.21,4.609342274248202,16.9245253731343,-0.1231713054463115
3151.7200000000007,0.0,4.8500000000000005,16.672900419790125,16.830544947526235,16.99441215892052,17.064822543728138,-0.542968515742136,0.06,0.06,0.06,-0.1908756753649839,-0.7491243246350161,4.532486492700322,-0.5148421052632647,-0.5169624060151596,-10.10287218045124,0.09,0.2,0.21,4.597940254474472,16.890670017491257,-0.0914141023693806
3151.730000000001,0.0,4.8500000000000005,16.724234752623627,16.824128155922047,16.952703013493302,17.070169870064962,-0.5729535232383831,0.06,0.06,0.06,-0.1914504540751799,-0.74854954592482,4.520990918496401,-0.3744912280705701,-0.356561403509223,-9.957508771930234,0.09,0.2,0.21,4.586538845817921,16.892808948025984,-0.08295968790782642
3151.7400000000007,0.0,4.843898169450819,16.770173413353337,16.80727905476367,16.904311117779425,17.074602460615154,-0.6088200000002371,0.06,0.06,0.06,-0.1920252327853776,-0.7479747672146224,4.509495344292447,-0.2840225281602202,-0.2281201501878411,-9.90586483103868,0.09,0.2,0.21,4.575138052847291,16.889091511627896,-0.07375002526448075
3151.750000000001,0.0,4.8188906672001695,16.758400470117536,16.678846946736744,16.784441150287627,17.0692511227807,-0.6988200000001092,0.06,0.06,0.06,-0.1926000114955736,-0.7473999885044263,4.497999770088526,-0.2690037546933914,-0.1480200250314207,-9.995977471839652,0.09,0.2,0.21,4.563737880176835,16.82273492248065,-0.06339800230601846
3151.7600000000007,0.0,4.793883164949521,16.734144349573263,16.558594485183363,16.678485002511252,17.051141657458743,-0.7770600000000063,0.06,0.06,0.06,-0.1931747902057697,-0.7468252097942303,4.4865041958846055,-0.3160139860137122,-0.1180044955044075,-10.043998501498532,0.09,0.2,0.21,4.552338332466669,16.755591373681654,-0.07503865197930451
3151.770000000001,0.0,4.7688756626988,16.57721818181814,16.525274545454536,16.720403636363645,16.89743999999996,-0.7470599999999636,0.06,0.06,0.06,-0.1937495689159674,-0.7462504310840326,4.475008621680652,-0.4558741258742051,-0.1629595404595659,-10.029013486513476,0.09,0.2,0.21,4.540939414423451,16.68008409090907,-0.1195996693002433
3151.7800000000007,0.0,4.743868160448151,16.434692890995265,16.490860284360235,16.74819781990532,16.760672701421775,-0.72,0.06,0.06,0.06,-0.1943243476261634,-0.7456756523738365,4.463513047476731,-0.5995516811954599,-0.1383885429639347,-9.9465529265256,0.09,0.2,0.2146501614639507,4.5295411308010545,16.60860592417065,-0.18288387760079616
3151.790000000001,0.0,4.718860658197502,16.429354901471694,16.44602117236223,16.641438029433882,16.785227453230206,-0.72,0.06,0.06,0.06,-0.1948991263363595,-0.7451008736636405,4.45201747327281,-0.7489912826895724,-0.0088742216690372,-9.76224408468286,0.09,0.2,0.22,4.518143486400959,16.575510389124503,-0.2744290630012165
3151.8000000000006,0.0,4.6938531559467815,16.422075488232302,16.40417321482221,16.533769128692835,16.795825363044344,-0.7170914542727945,0.06,0.06,0.06,-0.1954739050465572,-0.7445260949534428,4.440521899068856,-0.8573692003948182,0.0178923988155452,-9.64228035538008,0.09,0.2,0.2153904555314386,4.506746486072947,16.538960798697925,-0.33176294399317496
3151.810000000001,0.0,4.668845653696133,16.39528530295441,16.39238553329994,16.41696392088123,16.666160866299347,-0.68710644677659,0.06,0.06,0.06,-0.1960486837567532,-0.7439513162432467,4.429026324864935,-0.9017917077985128,-0.1153751233955379,-9.622537018756216,0.09,0.2,0.21,4.495350134715806,16.467698905858732,-0.33581118717166775
3151.8200000000006,0.0,4.643838151445483,16.365901528853367,16.382299820134897,16.321676822383193,16.537723267549357,-0.6513643178411442,0.06,0.06,0.06,-0.1966234624669493,-0.7433765375330507,4.417530750661014,-0.8798217922611278,-0.252036659877349,-9.608141547861525,0.09,0.2,0.21,4.483954437277745,16.401900359730202,-0.31640128416174423
3151.830000000001,0.0,4.618830649194763,16.311372425680645,16.388715008743453,16.435011821134346,16.42118067449393,-0.5614092953521472,0.06,0.06,0.06,-0.197198241177147,-0.742801758822853,4.406035176457061,-0.7423472505092032,-0.3946028513237893,-9.603049898167008,0.09,0.2,0.21,4.472559398757124,16.389069982513092,-0.2561806336726131
3151.8400000000006,0.0,4.595096044076064,16.25910436890775,16.38735567608092,16.52965310672325,16.321166508372954,-0.4828478641019754,0.06,0.06,0.06,-0.197773019887343,-0.742226980112657,4.39453960225314,-0.576354606406926,-0.4262279612615953,-9.653772038738405,0.09,0.2,0.21,4.461165024203173,16.374319915021218,-0.189472315258105
3151.850000000001,0.0,4.575241971509445,16.229151857035742,16.309265198700324,16.439795571107222,16.384280729817544,-0.5128253809643002,0.06,0.06,0.06,-0.1983477985975391,-0.7416522014024609,4.383044028049219,-0.367762602434043,-0.2921331015647419,-9.787866898435258,0.09,0.2,0.21,4.449771318716449,16.34062333916521,-0.11307294176278075
3151.8600000000006,0.0,4.555387898942768,16.19489612290766,16.235874209342935,16.367160509617985,16.442206989757697,-0.54,0.06,0.06,0.06,-0.1989225773077368,-0.7410774226922632,4.371548453845265,-0.2360986659954722,-0.1846413289705693,-9.786121318902651,0.09,0.2,0.21,4.4383782874495825,16.310034457906568,-0.08029915272477593
3151.870000000001,0.0,4.535533826376148,16.117913859605213,16.209144256807363,16.465526734948895,16.448622178366232,-0.54,0.06,0.06,0.06,-0.1994973560179328,-0.7405026439820671,4.360052879641344,-0.2260307072741028,-0.1191995972816681,-9.56966020639321,0.09,0.2,0.21,4.4269859356080365,16.310301757431926,-0.11648193266833762
3151.880000000001,0.0,4.515679753809528,16.04939926073926,16.174045174825164,16.550999440559437,16.445320639360634,-0.54,0.06,0.06,0.06,-0.2000597647507017,-0.7397609409971929,4.348924234487369,-0.2697889247577821,-0.0341941892228404,-9.481822696796536,0.09,0.2,0.21,4.415927100463583,16.304941128871125,-0.15330918565839474
3151.890000000001,0.0,4.495825681242908,16.06650215784213,16.054324895105093,16.50610433566441,16.343772187812355,-0.54,0.06,0.06,0.06,-0.2005359779037086,-0.7378560883851656,4.340352397733246,-0.3939508318844982,0.0800347653337383,-9.58611869878298,0.09,0.2,0.21,4.407187904107288,16.242675894105997,-0.19109913030643347
3151.9000000000005,0.0,4.475971608676232,16.076356240000027,15.94485752,16.457250560000038,16.25793951999997,-0.5455186203449612,0.06,0.06,0.06,-0.2010121910567168,-0.7359512357731328,4.331780560979098,-0.4992600050339165,0.1226906619683445,-9.70071734205879,0.09,0.2,0.21,4.398448925572038,16.184100960000006,-0.21355634071268076
3151.9100000000008,0.0,4.456117536109612,16.011086240000026,15.941647520000002,16.367370560000037,16.33497951999997,-0.6055036240939766,0.06,0.06,0.06,-0.2014884042097236,-0.7340463831611055,4.323208724224975,-0.5747696954440791,0.0522149509188595,-9.831600805436404,0.09,0.2,0.21,4.389710166158789,16.163770960000008,-0.21177793892998253
3151.920000000001,0.0,4.436263463542992,15.947898743768716,15.92961379860424,16.280236689930238,16.397448095712903,-0.654511372157008,0.06,0.06,0.06,-0.2019646173627305,-0.732141530549078,4.314636887470852,-0.6840799001242789,-0.1261697877640925,-9.946044943819906,0.09,0.2,0.21,4.380971627178767,16.138799332004023,-0.21261754919928622
3151.9300000000007,0.0,4.416409390976316,15.906293559321975,15.826134237287992,16.221562711864326,16.308903728813434,-0.5945263684078222,0.06,0.06,0.06,-0.2024408305157387,-0.7302366779370453,4.306065050716704,-0.8438801498124463,-0.4657453183514483,-10.0359325842695,0.09,0.2,0.21,4.372233309953654,16.06572355932193,-0.21736785577575907
3151.940000000001,0.0,4.4,15.863877924812012,15.736065754385988,16.158288290726777,16.22313404511276,-0.534539999999975,0.06,0.06,0.06,-0.2029170436687455,-0.728331825325018,4.297493213962581,-0.9340210052513536,-0.5703500875225603,-10.127866966741427,0.09,0.2,0.21,4.363495215815754,15.995341503759384,-0.22284852536853508
3151.9500000000007,0.0,4.4,15.812389203007609,15.79613592982446,16.043511348371123,16.16842727819558,-0.4745400000000603,0.06,0.06,0.06,-0.2033932568217523,-0.7264269727129906,4.288921377208458,-0.9190172543136288,-0.3202875718938109,-10.22289072268035,0.09,0.2,0.21,4.354757346107957,15.955115939849694,-0.2294316124125519
3151.960000000001,0.0,4.4,15.7604511588412,15.836937452547572,15.939556973026964,16.110203266733336,-0.4227265917603129,0.06,0.06,0.06,-0.2038694699747605,-0.7245221201009578,4.28034954045431,-0.8381800000001597,-0.0882050000001817,-10.285984999999986,0.09,0.2,0.21,4.346019702183919,15.911787212787267,-0.2168690541316256
3151.9700000000007,0.0,4.4,15.703797812187872,15.675528861139034,15.94917735264734,16.0150684015985,-0.4526891385767592,0.06,0.06,0.06,-0.2043456831277674,-0.7226172674889304,4.271777703700187,-0.6581800000001596,0.1167949999998182,-10.300984999999988,0.09,0.2,0.21,4.337282285408245,15.835893106893188,-0.17546806767939127
3151.980000000001,0.0,4.4,15.652778959479726,15.532662761380609,15.957161040520273,15.927747013506758,-0.4826549999999499,0.06,0.06,0.06,-0.2048218962807742,-0.7207124148769031,4.263205866946064,-0.5320225281602714,0.1700876095121666,-10.208127659574872,0.09,0.2,0.21,4.328545097156445,15.76758744372184,-0.1526963621827832
3151.9900000000007,0.0,4.4,15.662413776888444,15.589401130565289,15.947526223111554,15.924535407703852,-0.5126550000000352,0.06,0.06,0.06,-0.2052981094337824,-0.7188075622648703,4.254634030191917,-0.486966207759721,-0.0051314142677519,-9.95280851063842,0.09,0.2,0.21,4.319808138815121,15.780969134567284,-0.15798530293775057
3152.000000000001,0.0,4.4,15.66910565434568,15.640984215784218,15.933388171828238,15.915992387612455,-0.5479650000000941,0.06,0.06,0.06,-0.2057743225867892,-0.716902709652843,4.246062193437793,-0.4199001248441405,-0.2142596754052347,-9.711780274657109,0.09,0.2,0.21,4.311071411782157,15.78986760739265,-0.1501941582217525
3152.0100000000007,0.0,4.4,15.644520239760274,15.637777422577429,15.871390169830256,15.850787592407682,-0.6379649999999661,0.06,0.06,0.06,-0.2062505357397961,-0.7149978570408155,4.23749035668367,-0.3200249687893197,-0.4739350811477687,-9.492054931336504,0.09,0.2,0.21,4.302334917466679,15.751118856143911,-0.12290505297172379
3152.020000000001,0.0,4.4,15.620022639999975,15.623784759999864,15.809027439999932,15.792498080000016,-0.7306146926538118,0.06,0.06,0.06,-0.2067267488928043,-0.7130930044287828,4.228918519929523,-0.2899549549548553,-0.5481231231233955,-9.395945945945826,0.09,0.2,0.21,4.293598657289239,15.711333229999946,-0.11963761006943191
3152.0300000000007,0.0,4.4,15.596482640000009,15.49217476000005,15.742687440000026,15.809618079999993,-0.8505547226388003,0.06,0.06,0.06,-0.2072029620458111,-0.7111881518167554,4.220346683175399,-0.3650300300298475,-0.3429179179184167,-9.486036036035818,0.09,0.2,0.21,4.284862632682018,15.66024073000002,-0.15255317235791782
3152.040000000001,0.0,4.396802877410395,15.565844388902963,15.371350427393155,15.673113961509806,15.821525983504204,-0.9705026256564948,0.06,0.06,0.06,-0.2076791751988179,-0.7092832992047281,4.211774846421276,-0.4280269730268283,-0.1418831168837441,-9.64816183816097,0.09,0.2,0.21,4.276126845088785,15.607958690327532,-0.17007721919488508
3152.0500000000006,0.0,4.376820861224922,15.457801399650055,15.368141229692576,15.56828016995748,15.776597215696064,-1.090532633158465,0.06,0.06,0.06,-0.2081553883518261,-0.7073784465926953,4.203203009667129,-0.4729820179819867,0.0529220779219424,-9.91789210789192,0.09,0.2,0.21,4.267391295965089,15.542705003749044,-0.164609949933137
3152.060000000001,0.0,4.356838845039507,15.35794597432906,15.36472341390232,15.47291487914652,15.728807367894683,-1.2052773613193124,0.06,0.06,0.06,-0.208631601504833,-0.7054735939806679,4.194631172913005,-0.5379334500874635,0.1739929947460488,-10.00213660245205,0.09,0.2,0.21,4.258655986778458,15.481097908818146,-0.1862618687862065
3152.0700000000006,0.0,4.33685682885409,15.347957642940498,15.359015795965998,15.481476306051,15.64961416902824,-1.2652473763117782,0.06,0.06,0.06,-0.2091078146578398,-0.7035687413686406,4.186059336158882,-0.6330047535650268,0.1840005003752659,-9.806990242682312,0.09,0.2,0.21,4.249920919008373,15.459515978496434,-0.24876248953666114
3152.080000000001,0.0,4.316874812668617,15.33796931155191,15.353308178029662,15.490037732955503,15.570420970161573,-1.3252173913044143,0.06,0.06,0.06,-0.209584027810848,-0.7016638887566078,4.177487499404735,-0.7560329752686529,0.0959530352234339,-9.708008993255088,0.09,0.2,0.21,4.2411860941464585,15.437934048174663,-0.29590198610900276
3152.0900000000006,0.0,4.296892796483201,15.322054605548775,15.334722682750147,15.495711604342556,15.489119681543928,-1.3851861104172143,0.06,0.06,0.06,-0.2090512500000078,-0.6994940000000043,4.168229000000014,-0.9209093180114392,-0.138870846864777,-9.752975268548573,0.09,0.2,0.21,4.231681377136479,15.410402143546351,-0.3200477399974069
3152.100000000001,0.0,4.2769107802977855,15.241514195416263,15.17570700120647,15.469897370325729,15.384830176115932,-1.4451411441418638,0.06,0.06,0.06,-0.2015512500000142,-0.6954940000000077,4.154229000000027,-0.9780525657073,-0.3778773466829668,-9.837927409261347,0.09,0.2,0.21,4.2168653517576065,15.317987185766098,-0.30152826477160216
3152.1100000000006,0.0,4.256928764112312,15.161976369278506,15.01915641065422,15.442305301267242,15.282198215671038,-1.4974512743627746,0.06,0.06,0.06,-0.1940512499999993,-0.6914939999999997,4.140228999999999,-0.8729211514393489,-0.6231839799748526,-9.983108886107566,0.09,0.2,0.21,4.202060924368369,15.22640907421775,-0.21874361987705587
3152.120000000001,0.0,4.236946747926896,15.168617176105505,15.074496467545863,15.261896715800484,15.32204305663302,-1.4674662668665277,0.06,0.06,0.06,-0.1865512500000057,-0.6874940000000032,4.126229000000011,-0.7117553058681442,-0.6998252184772459,-10.088044943820137,0.09,0.2,0.21,4.187268217985761,15.206763354021218,-0.14077063466356593
3152.130000000001,0.0,4.21696473174148,15.169976623942013,15.123986031438951,15.105974839177634,15.353209272067776,-1.4349599999999376,0.06,0.06,0.06,-0.1790512500000121,-0.6834940000000065,4.112229000000022,-0.4670611735338333,-0.5250436953813096,-10.132988764044809,0.09,0.2,0.21,4.172487357273088,15.188286691656593,-0.06997019818977565
3152.140000000001,0.0,4.2,15.10890770012106,15.104319767835594,15.239498418379377,15.281789683192429,-1.3749600000000228,0.06,0.06,0.06,-0.1715512500000185,-0.6794940000000099,4.0982290000000345,-0.2800400600905464,-0.2241962944436774,-10.074086129194676,0.09,0.2,0.21,4.157718468565887,15.183628892382115,-0.04736226834771968
3152.1500000000005,0.0,4.2,15.04773236288023,15.083750226150345,15.37174850012996,15.21112,-1.3174825174824836,0.06,0.06,0.06,-0.1640512500000036,-0.6754940000000019,4.084229000000007,-0.1798898347523494,0.2665398097134879,-9.858763144717551,0.09,0.2,0.21,4.142961679898043,15.178587772290134,-0.09734505651613717
3152.1600000000008,0.0,4.2,14.976528827657972,14.978057478554804,15.383986607746284,15.21112,-1.287512487512463,0.06,0.06,0.06,-0.15655125000001,-0.6714940000000054,4.070229000000019,-0.1280299625467635,0.5158352059928004,-9.621595505618693,0.09,0.2,0.21,4.128217121028608,15.137423228489764,-0.14174475667332237
3152.170000000001,0.0,4.2,14.912540672813346,14.885735479690965,15.38820086718173,15.215759421878849,-1.2575381536152004,0.06,0.06,0.06,-0.1490512500000164,-0.6674940000000088,4.05622900000003,-0.148004993757756,0.4059725343323416,-9.351932584270292,0.09,0.2,0.21,4.113484923468643,15.100559110391222,-0.1778392662069499
3152.1800000000007,0.0,4.2,14.92427254423125,14.933729499127844,15.308210834786925,15.26908611014205,-1.2275156367275062,0.06,0.06,0.06,-0.1415512500000015,-0.6634940000000008,4.0422290000000025,-0.2579754754755374,0.1840390390389405,-9.221991991992011,0.09,0.2,0.21,4.098765220508926,15.108824747072017,-0.21135710522538576
3152.190000000001,0.0,4.2,14.93239381427863,14.97613988017976,15.232681862206723,15.307799281078564,-1.202503748125924,0.06,0.06,0.06,-0.1340512500000079,-0.6594940000000042,4.028229000000015,-0.5032207207205119,-0.2063513513510189,-9.302072072072004,0.09,0.2,0.21,4.084058147248113,15.11225370943592,-0.24100187629771208
3152.2000000000007,0.0,4.2,14.899273494757926,14.954771932101888,15.20810872191717,15.179591592611326,-1.232488755622171,0.06,0.06,0.06,-0.1265512500000142,-0.6554940000000077,4.014229000000027,-0.6840934065932189,-0.4440109890109669,-9.422197802197404,0.09,0.2,0.21,4.069363840621011,15.060436435347077,-0.25885011603932256
3152.210000000001,0.0,4.2,14.864323875968966,14.93091271317827,15.175071782945674,15.064057209302344,-1.26,0.06,0.06,0.06,-0.1190512499999993,-0.6514939999999997,4.000228999999999,-0.7690084915083977,-0.454000999000988,-9.602017982017784,0.09,0.2,0.21,4.054682439427723,15.008591395348812,-0.25911373809356597
3152.2200000000007,0.0,4.2,14.80759969492374,14.87739933483372,15.041288337084293,15.099376039009746,-1.26,0.06,0.06,0.06,-0.1115512500000057,-0.6474940000000031,3.986229000000011,-0.8459934934933251,-0.3860185185189981,-9.80797547547484,0.09,0.2,0.21,4.0400140843632775,14.956415851462875,-0.2608665591000139
3152.230000000001,0.0,4.2,14.74851496249705,14.813359085410276,14.911154962497047,15.121116249697677,-1.2623844038989729,0.06,0.06,0.06,-0.1040512500000121,-0.6434940000000064,3.972229000000023,-0.9110585585583184,-0.2008333333340173,-10.053220720719816,0.09,0.2,0.21,4.025358918047402,14.898536315025513,-0.26485783810597857
3152.2400000000007,0.0,4.196780473195609,14.661527302201732,14.624885821437084,14.824167302201731,14.982350220178953,-1.2923769057735657,0.06,0.06,0.06,-0.0965512499999972,-0.6394939999999986,3.958228999999995,-0.9159065934067327,-0.0218131868134652,-10.181950549450624,0.09,0.2,0.21,4.01071708505518,14.773232661504874,-0.26561927175493943
3152.250000000001,0.0,4.166831386642774,14.57554,14.4395762068965,14.73845057471263,14.845007816091965,-1.32,0.06,0.06,0.06,-0.0890512500000036,-0.6354940000000019,3.944229000000007,-0.8309915084916748,0.1480169830166505,-10.136995504495593,0.09,0.2,0.21,3.996088731948231,14.649643649425274,-0.2615661040435259
3152.2600000000007,0.0,4.136882300089939,14.57554,14.526202893553032,14.76197881059465,14.830035302348858,-1.32,0.06,0.06,0.06,-0.08155125000001,-0.6314940000000053,3.930229000000019,-0.7160000000003643,0.1920000000003301,-10.104000000000031,0.09,0.2,0.21,3.9814740073060526,14.673439251624135,-0.2325166953153666
3152.270000000001,0.0,4.106933213537018,14.57485432216114,14.611863796898454,14.785293721860926,14.815602181090512,-1.32,0.06,0.06,0.06,-0.0740512499999951,-0.6274939999999973,3.916228999999991,-0.555799749687068,0.0468185231539053,-10.088981226533162,0.09,0.2,0.21,3.9668730617582773,14.696903505502759,-0.16589471404461265
3152.2800000000007,0.0,4.076984126984183,14.509551670835467,14.606511120560285,14.78850532766383,14.852000380190068,-1.32,0.06,0.06,0.06,-0.0665512500000014,-0.6234940000000008,3.902229000000003,-0.4017827715356351,-0.1403745318351119,-10.029812734082444,0.09,0.2,0.21,3.9522860480174744,14.689142124812413,-0.1036622394791615
3152.290000000001,0.0,4.047035040431347,14.445172226943257,14.600457280679873,14.791089507623123,14.88660218445396,-1.3176173826173525,0.06,0.06,0.06,-0.0601295409743723,-0.6201295409743723,3.888769360743463,-0.256963795256145,-0.3900624219721638,-9.904968789013918,0.09,0.2,0.21,3.9383630292729483,14.680830299925052,-0.04795942911683714
3152.3000000000006,0.0,4.017085953878427,14.4601484828793,14.53413386153452,14.739742344413822,14.766792136965586,-1.2876473526472894,0.06,0.06,0.06,-0.0611535802974842,-0.6211535802974842,3.8790409871739,-0.17,-0.536,-9.756,0.09,0.2,0.21,3.9289350352066967,14.625204206448306,-0.02612488531701919
3152.310000000001,0.0,3.987136867325592,14.475162571500896,14.468111025056922,14.68806630220192,14.648836218678849,-1.2483866133865404,0.06,0.06,0.06,-0.0621776196205931,-0.6221776196205931,3.869312613604365,-0.17,-0.5259874843554617,-9.570768460576042,0.09,0.2,0.21,3.919509044323826,14.570044029359646,-0.05519871215771386
3152.3200000000006,0.0,3.957187780772756,14.4935781624905,14.429113302961293,14.606821047836029,14.697583371298384,-1.0985364635364383,0.06,0.06,0.06,-0.0632016589437021,-0.6232016589437022,3.8595842400348297,-0.2221947565539632,-0.4095880149820008,-9.506172284643892,0.09,0.2,0.21,3.9100850711114523,14.556773971146551,-0.09460627812175859
3152.330000000001,0.0,3.9272386942198354,14.508073684210409,14.388571578947262,14.529736491228116,14.74163403508761,-0.957734433608322,0.06,0.06,0.06,-0.064225698266814,-0.6242256982668141,3.849855866465267,-0.3520324594257835,-0.1349313358300732,-9.621028714107425,0.09,0.2,0.21,3.9006631301935806,14.54200394736835,-0.14938592367758743
3152.3400000000006,0.0,3.9,14.416064788732422,14.306080845070449,14.565693990610317,14.658085727699556,-0.927726931732872,0.06,0.06,0.06,-0.065249737589923,-0.625249737589923,3.840127492895731,-0.472,0.066,-9.784,0.09,0.2,0.21,3.891243236332763,14.486481338028186,-0.18590310815221484
3152.350000000001,0.0,3.9,14.324800569857592,14.224284753811594,14.600205893526775,14.576079145213612,-0.8931599999998788,0.06,0.06,0.06,-0.066273776913032,-0.626273776913032,3.830399119326196,-0.5771314142676522,0.1561126408008448,-10.01929411764665,0.09,0.2,0.21,3.8818254044315452,14.431342590602393,-0.1949694593874525
3152.3600000000006,0.0,3.9,14.2948480579855,14.199680904773802,14.5156970207448,14.621007913021751,-0.8031599999997509,0.06,0.06,0.06,-0.0672978162361438,-0.6272978162361439,3.820670745756633,-0.688191808191801,0.1879120879120911,-10.141928071928074,0.09,0.2,0.21,3.872409649534168,14.407808474131464,-0.2170130971186508
3152.370000000001,0.0,3.9,14.264480086054204,14.174699746899554,14.430253986332676,14.664136866616117,-0.72,0.06,0.06,0.06,-0.0683218555592528,-0.6283218555592529,3.810942372187098,-0.8080719280718828,0.1329670329670537,-10.096973026973044,0.09,0.2,0.21,3.862995986828294,14.383392671475638,-0.25836125555770095
3152.380000000001,0.0,3.9,14.198400612503276,14.11728643381432,14.26451366742625,14.552560050620286,-0.72,0.06,0.06,0.06,-0.0693458948823618,-0.6293458948823618,3.8012139986175626,-0.8659859859860214,0.0259259259261129,-10.019949949950076,0.09,0.2,0.21,3.8535844316465204,14.283190191091034,-0.2783359834430805
3152.390000000001,0.0,3.9,14.132966600000133,14.062363719999968,14.107436399999791,14.439953880000386,-0.7177655586103624,0.06,0.06,0.06,-0.0703699342054708,-0.6303699342054708,3.7914856250480273,-0.830950950951025,-0.1592592592588678,-9.89482482482509,0.09,0.2,0.21,3.8441749994681724,14.18568015000007,-0.26625056549787773
3152.4000000000005,0.0,3.9,14.084816599999996,14.07413372,14.182336400000008,14.299783879999987,-0.6877730567357696,0.06,0.06,0.06,-0.0713939735285827,-0.6313939735285827,3.781757251478465,-0.7718576779026575,-0.2820449438202134,-9.840074906367022,0.09,0.2,0.21,3.834767705920968,14.160267649999996,-0.2419239552507936
3152.4100000000008,0.0,3.9,14.036484535057184,14.084215793137744,14.252394679264048,14.163778886126304,-0.6577811094452564,0.06,0.06,0.06,-0.0724180128516916,-0.6324180128516916,3.772028877908929,-0.6769762796505778,-0.3120074906366596,-9.890012484394433,0.09,0.2,0.21,3.8253625667828617,14.13421847339632,-0.19938781018657317
3152.420000000001,0.0,3.9,13.983277175534653,14.04909893585287,14.192802436598807,14.13930350074594,-0.6277961019490518,0.06,0.06,0.06,-0.0734420521748006,-0.6334420521748007,3.762300504339394,-0.5740000000002619,-0.3439999999999203,-9.898000000000126,0.09,0.2,0.21,3.8159595979836483,14.091120512183068,-0.16027082671850268
3152.4300000000007,0.0,3.9,13.9314,14.012816270419751,14.135748755968812,14.115009741141,-0.5978105473631459,0.06,0.06,0.06,-0.0744660914979125,-0.6344660914979126,3.752572130769831,-0.4588560700875801,-0.3790438047559539,-9.84293116395493,0.09,0.2,0.21,3.806558815606826,14.048743691882391,-0.12629328389741087
3152.440000000001,0.0,3.899139178601773,13.9314,13.931067087207929,14.177698994722247,14.097799386780617,-0.5678180454886382,0.06,0.06,0.06,-0.0754901308210215,-0.6354901308210216,3.742843757200296,-0.3458352059925508,-0.2976179775281858,-9.753790262172338,0.09,0.2,0.21,3.7971602358914907,14.034491367177697,-0.1102960638492282
3152.4500000000007,0.0,3.884168371675291,13.931286016504131,13.851384121030293,14.213144726181758,14.07895832458124,-0.533473368342187,0.06,0.06,0.06,-0.0765141701441305,-0.6365141701441305,3.73311538363076,-0.2359725343322479,-0.0429363295883929,-9.613965043695588,0.09,0.2,0.21,3.7877638752340084,14.018693297074357,-0.12104569210487369
3152.460000000001,0.0,3.869197564748766,13.928075213803448,13.827838234558625,14.07186940735174,14.015812538134488,-0.4434508627155812,0.06,0.06,0.06,-0.0775382094672423,-0.6375382094672424,3.723387010061197,-0.17,0.1580120180270785,-9.463983475212766,0.09,0.2,0.21,3.7783697501899605,13.960898848462076,-0.14248415889618665
3152.4700000000007,0.0,3.854226757822284,13.921991874689208,13.806442516161114,13.939242764793638,13.956548990551966,-0.36,0.06,0.06,0.06,-0.0785622487903513,-0.6385622487903514,3.713658636491662,-0.17,0.2781922884325734,-9.298735603405213,0.09,0.2,0.21,3.768977877476107,13.906056536548983,-0.1799893279168337
3152.480000000001,0.0,3.839255950895802,13.838988393834056,13.842623520636437,14.038208453505549,14.001243172550891,-0.36,0.06,0.06,0.06,-0.0795862881134603,-0.6395862881134604,3.703930262922127,-0.22626560159733,0.2917249126313367,-9.26832251622533,0.09,0.2,0.21,3.759588273972139,13.930265885131734,-0.20489427368243762
3152.4900000000007,0.0,3.824285143969278,13.757150727318193,13.875573331667136,14.133576780804823,14.043830497375678,-0.3578884758363551,0.06,0.06,0.06,-0.0820758413513822,-0.6379241586486177,3.69610779746616,-0.3660559161256701,0.1469420868698417,-9.4380678981526,0.09,0.2,0.21,3.7516525060846493,13.952532834291457,-0.21109454020600762
3152.500000000001,0.0,3.809314337042796,13.720779820045038,13.78250659835054,14.088648012996812,14.004250392401952,-0.3281486988847434,0.06,0.06,0.06,-0.0855587966389405,-0.6344412033610595,3.689577256301986,-0.500012518777851,-0.140050075111404,-9.572008012017823,0.09,0.2,0.21,3.744705098993167,13.899046205948585,-0.20596700847653163
3152.5100000000007,0.0,3.794343530116314,13.683824582914704,13.690323623115702,14.039366226131138,13.966325015075316,-0.298382056451657,0.06,0.06,0.06,-0.0890417519264987,-0.6309582480735012,3.683046715137815,-0.6252003004502416,-0.6408012018009659,-9.652128192288156,0.09,0.2,0.21,3.7377626797705563,13.844959861809215,-0.18381233569322653
3152.520000000001,0.0,3.779372723189789,13.62360347738697,13.63332864824124,13.816763211055408,13.994284814070337,-0.2681401209677091,0.06,0.06,0.06,-0.0925247072140669,-0.6274752927859331,3.6765161739736247,-0.7521945137155145,-0.8356109725689711,-9.748179551122014,0.09,0.2,0.21,3.7308252762614735,13.766995037688488,-0.1916661886874455
3152.5300000000007,0.0,3.7644019162633073,13.5646470570571,13.574678708708898,13.605054819819651,14.012485435435892,-0.24,0.06,0.06,0.06,-0.0960076625016251,-0.6239923374983749,3.669985632809453,-0.881870324189227,-0.576259351621546,-9.867880299251594,0.09,0.2,0.21,3.723892916497937,13.689216505255384,-0.24406685945116097
3152.540000000001,0.0,3.75,13.54108349349353,13.4697137437439,13.698238003002864,13.757570520520895,-0.24,0.06,0.06,0.06,-0.0994906177891834,-0.6205093822108166,3.6634550916452815,-0.9480451127820462,-0.2227443609037614,-10.031654135337646,0.09,0.2,0.21,3.716965628700575,13.616651440190298,-0.27826412221411423
3152.5500000000006,0.0,3.75,13.51597303180904,13.37009406063625,13.784215437375575,13.51607513916519,-0.24,0.06,0.06,0.06,-0.1029735730767515,-0.6170264269232485,3.656924550481091,-0.9179699248120547,0.2734962406010973,-10.262230576440912,0.09,0.2,0.21,3.7100434412800603,13.546589417246514,-0.2848700558686924
3152.560000000001,0.0,3.75,13.45002869781314,13.41157517395625,13.679980844930448,13.628818677932372,-0.24,0.06,0.06,0.06,-0.1064565283643098,-0.6135434716356902,3.650394009316919,-0.8256490264605655,0.5358387418872869,-10.361819770344615,0.09,0.2,0.21,3.7031263828385614,13.542600848658052,-0.266074509692798
3152.5700000000006,0.0,3.75,13.38525590377778,13.450796530577785,13.57710982212445,13.737023615111118,-0.2413793103448112,0.06,0.06,0.06,-0.109939483651868,-0.610060516348132,3.643863468152748,-0.6409261108340935,0.4509660509237727,-10.266962056914805,0.09,0.2,0.21,3.6962144821710177,13.537546467897783,-0.20957117668765934
3152.580000000001,0.0,3.75,13.367129527358976,13.400042676605134,13.528531133322057,13.664518109435903,-0.2613693153423567,0.06,0.06,0.06,-0.1134224389394362,-0.6065775610605638,3.637332926988557,-0.4821078921078922,0.26231018981019,-10.09825174825175,0.09,0.1952881536819484,0.21,3.689307768266602,13.490055361680517,-0.16215215230981045
3152.5900000000006,0.0,3.75,13.349003150940224,13.34928882263263,13.479952444519803,13.5920126037609,-0.2813593203398453,0.06,0.06,0.06,-0.1169053942269944,-0.6030946057730056,3.6308023858243854,-0.3622277722279806,-0.0823451548445556,-9.818531468531956,0.09,0.19,0.21,3.682406270310205,13.44256425546339,-0.12838801486771267
3152.600000000001,0.0,3.75,13.330571937470449,13.300611937470446,13.435734031264776,13.528056125059106,-0.3,0.06,0.06,0.06,-0.1203883495145527,-0.5996116504854473,3.624271844660214,-0.2662331838566615,-0.305844544095559,-9.622272047832771,0.09,0.19,0.21,3.6755100176837323,13.398743507816196,-0.10261249359039133
3152.6100000000006,0.0,3.75,13.308269711037426,13.278309711037425,13.446885144481287,13.572660577925149,-0.3,0.06,0.06,0.06,-0.1238713048021208,-0.5961286951978791,3.617741303496024,-0.2064424514200009,-0.345705032386666,-9.552516193323337,0.09,0.19,0.21,3.6686190399676026,13.40153128612032,-0.08894550373273741
3152.620000000001,0.0,3.75,13.285967484604468,13.256007484604469,13.458036257697769,13.617265030791062,-0.3,0.06,0.06,0.06,-0.1273542600896791,-0.5926457399103209,3.611210762331852,-0.2053571428571704,-0.338571428571404,-9.484464285714266,0.09,0.19,0.21,3.6617333669422516,13.404319064424442,-0.09962169682453134
3152.630000000001,0.0,3.75,13.274367160493847,13.200418271605043,13.447707160493849,13.56715086419763,-0.3,0.06,0.06,0.06,-0.1308372153772374,-0.5891627846227626,3.60468022116768,-0.2959004024144296,-0.2580885311871737,-9.41907193158958,0.09,0.19,0.21,3.654853028589466,13.372410864197592,-0.1482932036362286
3152.640000000001,0.0,3.75,13.263189572649608,13.14351418803436,13.436529572649606,13.513295213675375,-0.3,0.06,0.06,0.06,-0.1343201706647956,-0.5856798293352045,3.5981496800035084,-0.3403198653199052,-0.1828956228957347,-9.403232323232228,0.09,0.19,0.21,3.647978055093929,13.339132136752237,-0.1734261121288105
3152.6500000000005,0.0,3.75,13.248003631551102,13.162472736897795,13.359280232927572,13.48711492853364,-0.3,0.06,0.06,0.06,-0.1378031259523638,-0.5821968740476363,3.5916191388393184,-0.3162698412698407,-0.115555555555554,-9.460952380952383,0.09,0.19,0.21,3.6411084768446504,13.314217882477529,-0.16361662932759696
3152.6600000000008,0.0,3.75,13.232143388036029,13.194193223927943,13.270916019057877,13.46559031233461,-0.2983949999999603,0.06,0.06,0.06,-0.141286081239922,-0.578713918760078,3.5850885976751465,-0.3488365434667461,-0.0851561686620936,-9.562308693388609,0.09,0.19,0.21,3.63424432443653,13.290710735839115,-0.16237508272219736
3152.670000000001,0.0,3.75,13.173778582480768,13.12293822810096,13.181237873721152,13.415301642126373,-0.2683950000000029,0.06,0.06,0.06,-0.1447690365274803,-0.5752309634725198,3.5785580565109747,-0.4997995835497787,-0.132006767308552,-9.75491671004627,0.09,0.19,0.21,3.627385628671733,13.223314081607313,-0.1790507195371052
3152.6800000000007,0.0,3.75,13.11396325929616,13.0481690741202,13.09151488894424,13.364031365110996,-0.24,0.06,0.06,0.06,-0.1482519918150484,-0.5717480081849516,3.5720275153467846,-0.6342197253431407,-0.1539700374532081,-9.950399500623892,0.09,0.19,0.21,3.6205324205612515,13.154419646867899,-0.1923237351466663
3152.690000000001,0.0,3.75,13.047540211055278,13.008139477386935,13.11932376884422,13.34765424120603,-0.24,0.06,0.06,0.06,-0.1517349471026067,-0.5682650528973934,3.565496974182613,-0.7440823970034436,-0.1389887640449849,-10.150149812733536,0.09,0.19,0.21,3.613684731326472,13.130664424623115,-0.20054565468106558
3152.7000000000007,0.0,3.75,12.980866844221191,12.969425909547788,13.151585075376843,13.33259896482414,-0.2383966033966471,0.06,0.06,0.06,-0.1552179023901649,-0.5647820976098351,3.558966433018441,-0.8139950062421645,-0.066079900125369,-10.273995006242163,0.09,0.19,0.21,3.606842592400585,13.108619198492491,-0.2128624536375951
3152.710000000001,0.0,3.75,12.88381653989556,12.844117225950727,13.06337067859802,13.21102429530196,-0.2084265734265415,0.06,0.06,0.06,-0.1587008576777331,-0.561299142322267,3.552435891854251,-0.8239825218476892,0.0937203495630252,-10.28398252184769,0.09,0.19,0.21,3.6000060354301726,13.000582184936567,-0.23132157172745732
3152.7200000000007,0.0,3.75,12.785939333830544,12.71645130499636,12.971876768580724,13.086550022371451,-0.18,0.06,0.06,0.06,-0.1574919283408208,-0.5589251121460661,3.5410426012172174,-0.8220380570856349,0.1402378567852176,-10.22829494241367,0.09,0.19,0.21,3.5883399632859763,12.89020435744477,-0.2439333239255007
3152.730000000001,0.0,3.75,12.7599366248463,12.727806091020872,12.86913769249716,13.019021397294122,-0.18,0.06,0.06,0.06,-0.1534918140518446,-0.5572107774507906,3.5267564787565884,-0.8020080120180524,0.0150500751128272,-10.073062093139908,0.09,0.19,0.21,3.5738011763302966,12.843975451414614,-0.24768208757061655
3152.7400000000007,0.0,3.75,12.736773033210357,12.744652339483377,12.765954420664311,12.95374218450191,-0.18,0.06,0.06,0.06,-0.1494916997628571,-0.5554964427555102,3.5124703562959185,-0.6940239640538586,-0.167973040439409,-10.001994508237658,0.09,0.19,0.21,3.5592656644411345,12.80028049446499,-0.20314277709051573
3152.750000000001,0.0,3.730372485721417,12.74323823918574,12.740778600508913,12.705029165394471,12.983557516539395,-0.18,0.06,0.06,0.06,-0.1454915854738809,-0.5537821080602348,3.498184233835289,-0.4543834248630997,-0.4375686470290128,-10.056912131802209,0.09,0.19,0.21,3.5447334679077254,12.79315088040713,-0.08632206726470555
3152.7600000000007,0.0,3.7105065805811313,12.751950707379123,12.735333307888048,12.64730906361331,13.020585506361272,-0.1784249999999698,0.06,0.06,0.06,-0.1414914711849048,-0.5520677733649593,3.4838981113746605,-0.2821401752192277,-0.5223904881107058,-10.064130162703568,0.09,0.19,0.21,3.530204627673322,12.78879464631044,-0.01856693563832188
3152.770000000001,0.0,3.690640675440789,12.723327414267798,12.7640725857322,12.769256795995148,12.958868295369134,-0.1484249999999272,0.06,0.06,0.06,-0.1374913568959173,-0.5503534386696789,3.4696119889139907,-0.2120525657071606,-0.3271464330413759,-9.999048811013791,0.09,0.19,0.21,3.515679185348447,12.80388127284107,-0.02518164266729704
3152.7800000000007,0.0,3.670774770300503,12.69332991739672,12.79407008260328,12.897817496871202,12.89351660575714,-0.1168499999999396,0.06,0.06,0.06,-0.1334912426069411,-0.5486391039744034,3.4553258664533617,-0.1860240360540432,-0.1579218828243595,-9.87387080620952,0.09,0.19,0.21,3.501157183224463,12.819683525657087,-0.0529816010801529
3152.790000000001,0.0,3.6509088651602175,12.64900219895291,12.621708795811635,12.832925888805832,12.873818509099989,-0.0568500000000249,0.06,0.06,0.06,-0.129491128317965,-0.5469247692791279,3.4410397439927323,-0.2260841261892081,-0.0277265898850734,-9.658547821733006,0.09,0.19,0.21,3.486638664287089,12.744363848167591,-0.1125594365689352
3152.8000000000006,0.0,3.631042960019876,12.604185445026152,12.442441780104604,12.761432495636956,12.855678394415346,0.0,0.06,0.06,0.06,-0.1254910140289775,-0.5452104345838475,3.426753621532063,-0.2721373283395722,0.0560374531835197,-9.425350811485655,0.09,0.19,0.21,3.4721236722306186,12.665934528795766,-0.1720268180633574
3152.810000000001,0.0,3.611177054879589,12.597303082706768,12.493297473684208,12.686483157894742,12.78587730827068,0.0,0.06,0.06,0.06,-0.1214908997400013,-0.5434960998885721,3.412467499071433,-0.3270686641697237,0.0710187265917428,-9.165675405743125,0.09,0.19,0.21,3.4576122514724763,12.640740255639098,-0.23133057416124747
3152.8200000000006,0.0,3.591311149739304,12.591939674185468,12.553367649122764,12.611395438596542,12.714007634085265,0.0,0.06,0.06,0.06,-0.1174907854510251,-0.5417817651932966,3.3981813766108044,-0.3939322202839107,0.1059481684524023,-9.061896336904804,0.09,0.19,0.21,3.4431044471677543,12.61767759899751,-0.2731225487810133
