t_s,ICU_Brakpresr_bar,ICU_Speed_kmh,ICU_Speedfl_kmh,ICU_Speedfr_kmh,ICU_Speedrl_kmh,ICU_Speedrr_kmh,ICU_SteeringAngle_deg,SBG_GPS1_VELOCITY_ACC_D,SBG_GPS1_VELOCITY_ACC_E,SBG_GPS1_VELOCITY_ACC_N,GPS1_VEL_D_ms,GPS1_VEL_E_ms,GPS1_VEL_N_ms,IMU_ACCEL_X_ms2,IMU_ACCEL_Y_ms2,IMU_ACCEL_Z_ms2,SBG_VELOCITY_ACC_D,SBG_VELOCITY_ACC_E,SBG_VELOCITY_ACC_N,GPS1_VEL_MAG_ms,WHEEL_SPEED_kmh,IMU_ACCEL_LONG_ms2
837.0500000000001,0.0,18.721055519529028,67.90315419451564,67.39925410474022,68.94151101246594,69.25421357605781,-5.5136558603488055,0.06,0.06,0.06,-0.3452478268673479,-3.495048847406361,18.37098951255162,-1.2814885114885064,1.1648151848151964,-9.280049950049936,0.05,0.17,0.18,18.70368461501623,68.3745332219449,-0.6482712296934899
837.0600000000001,0.0,18.74599690726782,68.36086514228514,67.92267904143748,68.20489087368966,68.72642692960561,-5.45380548628393,0.06,0.06,0.06,-0.3539659991281695,-3.476074001897514,18.354066001692377,-0.8319380619369234,2.19378621378882,-8.191138861136103,0.05,0.17,0.18,18.68368596368732,68.30371549675446,-0.7690937860609918
837.07,0.0,18.75,67.99013124313457,67.82972846729886,68.25617394907648,68.72963212181727,-5.39088950137756,0.06,0.06,0.06,-0.362684171388991,-3.457099156388667,18.337142490833138,-0.8026926926928318,1.5027927927911997,-8.280840840841448,0.05,0.17,0.18,18.66370459245424,68.2014164453318,-0.6738452330942188
837.08,0.0,18.75,67.65705695859472,67.73470915432868,68.3237520752824,68.7298617816813,-5.300686544725605,0.06,0.06,0.06,-0.3714023436498126,-3.43812431087982,18.32021897997389,-0.9128028028026638,0.2415315315331248,-8.761321321320715,0.05,0.17,0.18,18.643740556876644,68.11134499247177,-0.5069565919472527
837.09,0.0,18.75,67.66672320702637,67.62086222835606,68.53963162358896,68.70301109159341,-5.213676323676594,0.06,0.06,0.06,-0.3801205159106341,-3.419149465370973,18.30329546911465,-1.2408991008973969,-0.5627222777194871,-9.658576423572017,0.05,0.17,0.1728133971291571,18.623793912704137,68.13255703764119,-0.3977192040744204
837.1,0.0,18.75,67.68321700224858,67.53883944042036,68.69881459904956,68.68289156632538,-5.153736263736384,0.06,0.06,0.06,-0.3888386881714557,-3.400174619862126,18.28637195825541,-1.6404995004965346,-1.2170679320630755,-10.692542457534785,0.05,0.17,0.1773965426925322,18.603864715876732,68.15094065201097,-0.30739265226912593
837.11,0.0,18.75,67.75699167124655,67.723810711966,68.38233196102927,68.71924430177366,-5.093789999999985,0.06,0.06,0.06,-0.3975568604322773,-3.381199774353279,18.26944844739617,-1.7287209011265028,-0.6581376720961741,-10.66426282853807,0.05,0.17,0.18,18.583953022525368,68.14559466150386,-0.39941853809079786
837.12,0.0,18.75,67.82559953581224,67.88128493137037,68.13889457449325,68.72632110307052,-5.033789999999985,0.06,0.06,0.06,-0.4062750326930988,-3.3622249288444324,18.25252493653693,-1.7137021276596311,0.303063829783607,-10.283787234043988,0.05,0.17,0.18,18.564058888972397,68.1430250361866,-0.5519048193467011
837.13,0.0,18.75,67.85016654354867,67.80437951584764,68.5180809982512,68.48385541801966,-4.98,0.06,0.06,0.06,-0.4149932049539203,-3.3432500833355854,18.23560142567769,-1.487995006243686,0.7319026217215596,-9.83253433208729,0.05,0.17,0.18,18.5441823717321,68.1641206189168,-0.5889921299146663
837.14,0.0,18.75,67.8431484057988,67.71129028985648,68.82143855072681,68.27511826086904,-4.98,0.06,0.06,0.06,-0.4237113772147419,-3.3242752378267384,18.218677914818443,-1.1933632958823828,0.9865842696609912,-9.358127340827563,0.05,0.17,0.18,18.524323527511132,68.16274887681278,-0.5883278196796338
837.15,0.0,18.75,67.55653171414427,67.47493846576822,68.45354249875234,68.36495334332791,-4.995374999998713,0.06,0.06,0.06,-0.4324295494755634,-3.3053003923178914,18.2017544039592,-1.6914743429206098,0.8507359199026823,-9.09337171464537,0.05,0.17,0.18,18.50448241320909,67.96249150549819,-0.7815450883287417
837.16,0.0,18.75,67.29506472381918,67.25416938265461,68.11272925268717,68.45360809297648,-5.145374999998713,0.06,0.06,0.06,-0.441147721736385,-3.2863255468090444,18.18483089309996,-2.452425531904439,0.5854042553227945,-8.89812765957715,0.05,0.17,0.18,18.484659085918942,67.77889286303436,-1.0390453305387954
837.1700000000001,0.0,18.715808896868268,67.25869381654556,67.17286970757242,68.01431385653503,68.53169857035807,-5.295363477392403,0.06,0.06,0.06,-0.4498658939973057,-3.267350701299982,18.167907382240525,-2.8921073657925,0.8511260923841788,-9.64771285892552,0.05,0.17,0.18,18.4648536029273,67.74439398775276,-1.1008886828873028
837.1800000000001,0.0,18.67591262716949,67.21194299999873,67.08482699999864,67.94243200000152,68.59149399999905,-5.445251061704452,0.06,0.06,0.06,-0.4585840662581272,-3.248375855791135,18.15098387138128,-3.226689138577574,1.2905767790272615,-10.70638951311113,0.05,0.17,0.18,18.44506602171583,67.70767399999949,-1.0987248376848915
837.19,0.0,18.636016357470723,67.07177299999873,66.93609699999864,68.10935200000152,68.48663399999904,-5.604227886058487,0.06,0.06,0.06,-0.4673022385189488,-3.229401010282288,18.13406036052204,-2.971711711711143,0.7159059059047554,-11.297012012012562,0.05,0.17,0.18,18.425296399960402,67.65096399999948,-0.8639580174008313
837.2,0.0,18.59612008777195,66.92443293532156,66.78020119402794,68.24265164178958,68.38565900497454,-5.844107946027895,0.06,0.06,0.06,-0.4760204107797703,-3.210426164773441,18.1171368496628,-2.5212612612618304,-0.1950050050038541,-11.732447447446898,0.05,0.17,0.18,18.40554479553242,67.58323619402842,-0.5520698378699644
837.21,0.0,18.55622381807317,66.71256228855633,66.55981313432743,68.07336805970077,68.31964905472609,-6.083988005997305,0.06,0.06,0.06,-0.4847385830405919,-3.191451319264594,18.10021333880356,-2.2821178821186066,-0.8149300699278332,-11.475159840161906,0.05,0.17,0.18,18.38581126649913,67.41634813432765,-0.44623626957709883
837.22,0.0,18.5163275483744,66.51544853992648,66.3558494420314,67.892743387905,68.24683867023049,-6.308954999999909,0.06,0.06,0.06,-0.4876789677797062,-3.1778723871313974,18.080715871118823,-2.1122877122889725,-1.3394055944017018,-10.990644355647952,0.05,0.17,0.18,18.364340175912528,67.25272001002334,-0.40799299208941564
837.23,0.0,18.47643127867563,66.46754342799856,66.3179543534914,67.5974476979613,68.10526833945845,-6.398954999999909,0.06,0.06,0.06,-0.4818251664674859,-3.172506402595196,18.057300665869946,-1.8632165206525493,-0.3533692115237694,-10.33236295369663,0.05,0.17,0.18,18.340203371369032,67.12205345472744,-0.5265050274675331
837.24,0.0,18.436535008976858,66.41963831607065,66.28005926495142,67.3021520080176,67.9636980086864,-6.491931051711051,0.06,0.06,0.06,-0.4759713651552656,-3.167140418058993,18.03388546062106,-1.5878723404265709,1.133489361696517,-9.616468085109084,0.05,0.17,0.18,18.316068136337293,66.99138689943152,-0.6969905287648224
837.25,0.0,18.396638739278085,66.37523773886937,66.2571587693853,67.0410036218112,67.81000336167946,-6.611841119160009,0.06,0.06,0.06,-0.4701175638430453,-3.161774433522792,18.01047025537218,-1.49366042446959,1.733293383269347,-8.868054931339666,0.05,0.17,0.18,18.291934477029983,66.87085087293633,-0.8409859373019613
837.26,0.0,18.35674246957932,66.36346185092542,66.37384711355723,67.09774199099571,67.54344008003898,-6.717060734816552,0.06,0.06,0.06,-0.4642637625308251,-3.15640844898659,17.9870550501233,-1.4587041198504522,2.042906367038852,-8.109003745324104,0.05,0.17,0.18,18.267802399692176,66.84462275887934,-0.9763153765418373
837.27,0.0,18.35,66.3337320623912,66.46019975736522,67.12856589254716,67.3007153552859,-6.687068232942002,0.06,0.06,0.06,-0.4584099612186048,-3.151042464450388,17.963639844874418,-1.3033717146453698,0.8041051314328069,-8.371163954937323,0.05,0.17,0.18,18.2436719106016,66.80580326689737,-0.7556616693339464
837.28,0.0,18.35,66.13875310720502,66.26734013864845,66.92087091854448,67.27740265412234,-6.639535232385321,0.06,0.06,0.06,-0.4525561599063845,-3.145676479914186,17.940224639625537,-1.1081276595771503,-0.9480851063589052,-8.97191489360877,0.05,0.17,0.18,18.21954301606881,66.65109170463008,-0.4169789295436521
837.29,0.0,18.35,65.96569778787837,66.08800797474757,66.74984242424111,67.25473219191927,-6.429640179911294,0.06,0.06,0.06,-0.4467023585941642,-3.140310495377984,17.916809434376656,-1.387363295874874,-1.7525168539265807,-10.064461922581534,0.05,0.1628086124402828,0.1728086124402828,18.195415722437428,66.51457009469658,-0.2617594503295275
837.3000000000001,0.0,18.35,66.05000081818214,66.06747262121203,67.00923636363734,67.23960087878783,-6.24,0.06,0.06,0.06,-0.4408485572818774,-3.1349445108417213,17.89339422912751,-1.8218202247201327,-2.246898876405669,-11.31789513108912,0.05,0.16,0.17,18.17129003608406,66.59157767045484,-0.16655814461871396
837.3100000000001,0.0,18.35,66.14127463768142,66.04569438780604,67.21432154422742,67.20447016491718,-6.24,0.06,0.06,0.06,-0.4349947559696571,-3.129578526305519,17.869979023878628,-1.8397446169253504,-1.1402704056079,-11.490856284426584,0.05,0.16,0.17,18.147165963419628,66.65144018365802,-0.2614730509906455
837.32,0.0,18.35,66.29634710144973,66.01254096451764,66.92235752623604,66.98629925037419,-6.234332833583188,0.06,0.06,0.06,-0.4291409546574369,-3.1242125417693174,17.846563818629747,-1.7195643465201975,0.4971857786623062,-11.305578367551972,0.05,0.16,0.17,18.123043510887936,66.55438621064441,-0.41942249372414075
837.33,0.0,18.35,66.40898733449795,65.97855437421916,66.65354341244044,66.79607179615317,-6.174362818590608,0.06,0.06,0.06,-0.4232871533452166,-3.118846557233116,17.823148613380866,-1.4672687651339476,0.9839806295396591,-10.515128329300415,0.05,0.1671948300622394,0.17,18.098922684966976,66.45928922932768,-0.5049409893428906
837.34,0.0,18.35,66.12885743192435,65.93685564826355,66.59901430926772,66.86450047464443,-6.103169999999503,0.06,0.06,0.06,-0.4174333520329963,-3.113480572696913,17.799733408131985,-1.1718692493947496,1.0953607748183731,-9.527234866828344,0.05,0.17,0.1773992673992835,18.074803492168883,66.38230696602501,-0.5668281679979119
837.35,0.0,18.35,65.8543835056163,65.88397641947445,66.55064332584276,66.92615481647938,-5.9231699999995024,0.06,0.06,0.06,-0.411579550720776,-3.108114588160712,17.776318202883104,-1.5283036405861146,0.6745804286109314,-8.921130906275925,0.05,0.17,0.18,18.05068593904016,66.30378951685321,-0.734498548954682
837.36,0.0,18.35,65.6331700224708,65.72581412234626,66.56026130337084,66.92401748813981,-5.757194999999933,0.06,0.06,0.06,-0.4057257494085557,-3.102748603624509,17.752902997634223,-2.178962044919647,0.0135941130975016,-8.487358636720236,0.05,0.17,0.18,18.02657003216189,66.21081573408193,-0.9499172258704803
837.37,0.0,18.309003697411967,65.42172963981959,65.55891766383125,66.54796004001942,66.92037838419205,-5.727195000000104,0.06,0.06,0.06,-0.3998719480963355,-3.097382619088308,17.729487792385342,-2.682130901818826,-0.022170871847911,-8.725890582058595,0.05,0.17,0.18,18.00245577814998,66.11224643196559,-1.0790731824451951
837.38,0.0,18.259038672929183,65.30504129564765,65.30734187593762,66.32314763381659,66.90217928464229,-5.702804298925012,0.06,0.06,0.06,-0.3940181467841152,-3.092016634552106,17.70607258713646,-3.136789907565377,0.1477017237057452,-9.185545840615546,0.05,0.17,0.18,17.978343183655365,65.95942752251104,-1.179857015052079
837.39,0.0,18.20907364844641,65.1773534499126,65.06771841119162,66.12463196102922,66.87468672495629,-5.732796800799562,0.06,0.06,0.06,-0.388164345471895,-3.086650650015904,17.68265738188758,-3.1748060075104463,0.0471314142698475,-9.878993742169566,0.05,0.17,0.18,17.954232255364264,65.81109763677244,-1.077220443713247
837.4,0.0,18.159108623963625,64.94426826380307,64.9426222333255,66.17809186610022,66.75814413190153,-5.776731634181608,0.06,0.06,0.06,-0.3823105441596747,-3.081284665479702,17.6592421766387,-3.0746808510652057,-0.1431063829761097,-10.649957446797918,0.05,0.17,0.18,17.930122999998385,65.70578162378257,-0.9071382257902518
837.41,0.0,18.109143599480845,64.73485069767426,64.83353953488337,66.20607581395512,66.64298418604726,-5.956641679159347,0.06,0.06,0.06,-0.3764567428474544,-3.0759186809435,17.635826971389818,-2.523076923085747,-0.460989010984473,-11.07335164834774,0.05,0.17,0.18,17.90601542431518,65.60436255814001,-0.6247682512978217
837.4200000000001,0.0,18.0591785749975,64.75625604901232,64.88063130782712,65.98560069517306,66.54130876719145,-6.125520000000393,0.06,0.06,0.06,-0.3706029415351676,-3.0705526964072374,17.61241176614067,-1.8237762237753343,-0.8206293706298282,-11.383041958042352,0.05,0.17,0.18,17.88190953510778,65.540949204801,-0.3056644586245514
837.4300000000001,0.0,18.00921355051472,64.77785989005504,64.90242104447712,65.78124022488743,66.44014044977483,-6.185520000000393,0.06,0.06,0.06,-0.37,-3.066779917433788,17.58837944562686,-1.507036295369302,-0.4284380475597539,-10.842998748435935,0.05,0.17,0.18,17.857579079632394,65.47541540229861,-0.3218078239615798
837.44,0.0,17.95924852603194,64.80138812593712,64.67890280359728,65.73311428785588,66.34388857571174,-6.256539325843832,0.06,0.06,0.06,-0.37,-3.0631900817969795,17.564276263494,-1.3167984981233447,0.2123629536897863,-10.02197246558496,0.05,0.17,0.18,17.833222763638606,65.3893234482755,-0.44880803396103147
837.45,0.0,17.909283501549158,64.81551663084187,64.4901109372665,65.66618668832658,66.21428823793808,-6.436314606742255,0.06,0.06,0.06,-0.37,-3.0596002461601706,17.540173081361143,-1.062960559162862,0.7539640539161472,-9.364513230158297,0.05,0.17,0.18,17.808866482469046,65.29652562359325,-0.5193808812090481
837.46,0.0,17.859318477066378,64.73742615346117,64.64201296176047,65.41479953511472,65.7575124318893,-6.618785607196739,0.06,0.06,0.06,-0.37,-3.0560104105233616,17.51606989922828,-0.7883724413401172,1.26320019969651,-8.760419370948258,0.05,0.17,0.18,17.78451023626679,65.13793777055642,-0.5715437400788382
837.47,0.0,17.85,64.65225689732605,64.78023509867602,65.19755701723781,65.34030084436655,-6.828680659670766,0.06,0.06,0.06,-0.37,-3.0524205748865527,17.491966717095423,-0.7613670505754904,0.9838507761679132,-8.88076614922139,0.05,0.17,0.18,17.760154025175705,64.99258746440161,-0.5152139118135453
837.48,0.0,17.85,64.49722317262015,64.78344269298027,65.31730720459684,65.31357089183106,-7.006724999999474,0.06,0.06,0.06,-0.37,-3.048830739249744,17.467863534962564,-0.816449674511499,0.443039559341647,-9.241306960438902,0.05,0.17,0.18,17.73579784934044,64.97788599050708,-0.4229124735644686
837.49,0.0,17.85,64.35563928035982,64.77639097951035,65.4108309295354,65.29874508745617,-6.856725000000326,0.06,0.06,0.06,-0.37,-3.045240903612935,17.443760352829702,-1.112397003742953,-1.1659950062298334,-9.262224719101692,0.05,0.1628038277511908,0.1728038277511908,17.71144170890644,64.96040156921543,-0.35181850284781024
837.5,0.0,17.85,64.34922248875561,64.66623605697147,65.24078595202393,65.4035526836582,-6.722654999999779,0.06,0.06,0.06,-0.37,-3.041651067976126,17.419657170696844,-1.486928838947999,-3.1235480649015424,-9.17233707865248,0.05,0.16,0.17,17.687085604019963,64.9149492953523,-0.2876436793633787
837.51,0.0,17.85,64.3405113529705,64.53763601597562,65.07496351972026,65.49410330004986,-6.75265499999978,0.06,0.06,0.06,-0.37,-3.038061232339317,17.395553988563986,-2.05027534417549,-2.19917396747353,-9.176335419273828,0.05,0.16,0.17,17.66272953482806,64.86180354717905,-0.5723412228834507
837.52,0.0,17.85,64.30845943085373,64.22139038442354,64.95209781827266,65.43961503245136,-6.790609390608536,0.06,0.06,0.06,-0.37,-3.034471396702508,17.371450806431124,-2.676057571961806,-0.3218272841145824,-9.211379224029862,0.05,0.16,0.17,17.638373501478593,64.73039066650031,-0.9724010860376087
837.53,0.0,17.85,64.27371242052581,63.94797603003708,64.86034025531853,65.38548447058835,-6.910489510488958,0.06,0.06,0.06,-0.37,-3.030881561065699,17.347347624298266,-2.5099500624246533,1.672474406978424,-9.961762796498157,0.05,0.16,0.17,17.614017504120255,64.61687829411744,-1.010431611019536
837.54,0.0,17.85,64.21050340926193,64.12688967208908,65.0971062127646,65.33513152941205,-7.0174050000000845,0.06,0.06,0.06,-0.37,-3.0272917254288902,17.323244442165407,-2.0854806491922675,3.7049338326911423,-10.945533083636745,0.05,0.16,0.17,17.589661542902547,64.69240770588192,-0.9303464633323827
837.5500000000001,0.0,17.85,64.15158777916558,64.28436079940026,65.287297486884,65.28868904821383,-6.987404999999914,0.06,0.06,0.06,-0.37,-3.023701889792041,17.299141260032272,-1.9912866082603184,2.9195644555702778,-10.79120650813542,0.05,0.16,0.17,17.565305617975536,64.75298377841591,-0.8404042597718285
837.5600000000001,0.0,17.85,64.13661900574562,64.22234730951756,65.00075239570184,65.28227385960527,-6.957406944791471,0.06,0.06,0.06,-0.37,-3.020112054155232,17.275038077899413,-2.0063053817271044,1.2024180225344008,-10.260543178975649,0.05,0.16,0.17,17.540949729490944,64.66049814264257,-0.7472026039376809
837.57,0.0,17.815558343789366,64.10939115941926,64.1259892603668,64.73637907546204,65.29055030984615,-6.927429427929061,0.06,0.06,0.06,-0.37,-3.016522218518423,17.250934895766555,-2.006233766233779,-0.4590909090867843,-10.416233766232814,0.05,0.16,0.17,17.516593877600506,64.56557745127355,-0.5508468195437412
837.58,0.0,17.770388958594904,63.95431869565096,63.67146652173554,64.70322565217364,65.45203956521867,-6.9,0.06,0.06,0.06,-0.37,-3.012932382881614,17.226831713633693,-2.001238761238761,-2.102447552447571,-10.79585414585415,0.05,0.16,0.177401781037202,17.492238062457083,64.4452626086947,-0.32083597463745034
837.59,0.0,17.72521957340044,63.812937387612415,63.23869211788033,64.66776209790157,65.54713374125342,-6.9,0.06,0.06,0.06,-0.37,-3.009342547244805,17.202728531500835,-1.969882352941246,-2.254000000000592,-9.76058823529673,0.05,0.16,0.18,17.467882284214387,64.31663133616193,-0.4512226342213445
837.6,0.0,17.68005018820598,63.8161441808192,63.03559521478407,64.60790195804162,64.9410498251714,-6.9,0.06,0.06,0.06,-0.37,-3.0057527116079963,17.178625349367977,-1.9298322903631493,-1.9135744680867737,-8.25871088861812,0.05,0.16,0.18,17.44352654302698,64.10017279470406,-0.7004637899664897
837.61,0.0,17.634880803011516,63.80768770999963,62.8620468550004,64.5470421949998,64.40010391000045,-6.9,0.06,0.06,0.06,-0.37,-3.002162875971188,17.154522167235115,-1.7090037453204716,1.0033782771250963,-9.35943820223243,0.05,0.16,0.18,17.419170839050306,63.90422016750007,-0.7630379740198209
837.62,0.0,17.589711417817053,63.67286770999963,63.0086368550004,64.4753521949998,64.56488391000045,-6.892398800599487,0.06,0.06,0.06,-0.3703974304496682,-2.998410278201327,17.1312565301073,-1.4293533083673704,4.758684144781028,-11.307003745298672,0.05,0.16,0.18,17.395620390007686,63.930435167500065,-0.7648742633723645
837.63,0.0,17.54454203262259,63.53776771078273,63.160484158119125,64.39279970477806,64.72560263197428,-6.8024437781111295,0.06,0.06,0.06,-0.3713972554802872,-2.994410978078851,17.10926037943368,-1.2658823529422814,4.184117647076501,-11.948117647056968,0.05,0.16,0.18,17.373290527654124,63.95416355141355,-0.5532066747466136
837.64,0.0,17.499372647428128,63.39963411058284,63.36929076307244,64.19255952464334,64.84232017012768,-6.712490632026515,0.06,0.06,0.06,-0.3723970805109061,-2.9904116779563754,17.087264228760066,-1.1407259073850182,2.1816145181602904,-12.158380475593171,0.05,0.16,0.18,17.350960792206703,63.950951142106575,-0.27112823274098974
837.65,0.0,17.454203262233666,63.27008047808769,63.53356051792864,64.01668896414333,64.91435501992078,-6.622558081439285,0.06,0.06,0.06,-0.3733969055415251,-2.9864123778339,17.065268078086447,-1.4905468164755782,-0.3785168539118055,-11.38485393259256,0.05,0.16,0.18,17.328631184156002,63.93367124502011,-0.23945769245322382
837.66,0.0,17.409033877039203,63.2317139442232,63.22449677290911,64.09981645418307,64.5115064143436,-6.544917541229225,0.06,0.06,0.06,-0.374396730572144,-2.982413077711424,17.04327192741283,-1.9949163545517072,-3.1200898876127448,-10.291220973793823,0.05,0.16,0.18,17.306301703995153,63.76688339641474,-0.28926513741876037
837.6700000000001,0.0,17.400000000000002,63.20896139208934,62.94305058587916,64.16968958437592,64.12754219328873,-6.604887556222145,0.06,0.06,0.06,-0.3753965556027743,-2.978413777588903,17.021275776738964,-1.702222222222924,-3.175215215216265,-10.245825825825449,0.05,0.16,0.18,17.283972352219568,63.61231093890828,-0.19211058112055718
837.6800000000001,0.0,17.400000000000002,63.37077411116735,62.98805809714589,64.0828893840758,63.96680108162184,-6.64784999999997,0.06,0.06,0.06,-0.3763963806333933,-2.9744144774664267,16.99927962606535,-1.146666666668772,-2.344384384387533,-10.546126126124989,0.05,0.16,0.18,17.261643129327993,63.60213066850272,-0.04648983291564025
837.69,0.0,17.400000000000002,63.5051865967016,63.02283637181407,63.99463058470761,63.79967562218883,-6.4978499999999695,0.06,0.06,0.06,-0.3773962056640122,-2.970415177343951,16.97728347539173,-1.3714681647930318,-0.2309962546868009,-9.189188514360916,0.05,0.16,0.1728003829583566,17.23931403582097,63.58058229385303,-0.5470974758664953
837.7,0.0,17.400000000000002,63.32872482758593,62.941557011494126,63.88982298850558,63.56011540229847,-6.350286475682874,0.06,0.06,0.06,-0.3783960306946312,-2.966415877221475,16.955287324718114,-1.8508689138582128,2.3008389513136858,-7.291560549311242,0.05,0.16,0.17,17.216985072201922,63.43005505747102,-1.258543559438173
837.71,0.0,17.400000000000002,63.124212090111335,62.83978225281518,63.80034227784752,63.39122998748595,-6.230366422385325,0.06,0.06,0.06,-0.3793958557252501,-2.9624165770989994,16.9332911740445,-2.1355783675511177,3.840681021531146,-7.858627941911555,0.05,0.16,0.17,17.194656238976858,63.288891652065,-1.4284537745563344
837.72,0.0,17.400000000000002,62.59711321652101,62.502310413016495,63.88712075093861,64.03510483103835,-6.110446369087776,0.06,0.06,0.06,-0.3803956807558691,-2.958417276976524,16.91129502337088,-2.3559088632938976,5.052498748116437,-9.240701051570811,0.05,0.16,0.17,17.172327536654418,63.25541230287862,-1.4192932467479087
837.73,0.0,17.400000000000002,62.10056162558349,62.17803611259221,63.95721265156602,64.58475125583116,-6.004741185295954,0.06,0.06,0.06,-0.381395505786488,-2.954417976854048,16.889298872697264,-2.8508314606697294,2.701243445719492,-8.867887640456592,0.05,0.16,0.17,17.149998965745905,63.20514041139322,-1.3974270284700123
837.74,0.0,17.400000000000002,61.94373284477043,62.00053444703562,63.84172964024005,64.08646344770241,-6.064756189046854,0.06,0.06,0.06,-0.3823953308171069,-2.950418676731572,16.867302722023645,-3.435101123589601,-0.8093682896024754,-7.924067415739875,0.05,0.16,0.17,17.127670526765264,62.968115094937126,-1.3714266193235272
837.75,0.0,17.400000000000002,61.78690406395737,61.82303278147902,63.72624662891407,63.58817563957366,-6.098551086686936,0.06,0.06,0.06,-0.3833951558477259,-2.9464193766090965,16.84530657135003,-3.1997647058868166,-2.5609411764602474,-8.52952941175485,0.05,0.16,0.17,17.10534222022914,62.731089778481035,-1.0186313025289007
837.76,0.0,17.400000000000002,61.66670765734302,61.66386430069936,63.60827129370612,63.13791650349663,-5.828753434925247,0.06,0.06,0.06,-0.3843949808783449,-2.9424200764866204,16.823310420676414,-2.694132665835473,-3.732405506876231,-9.645924906125638,0.05,0.16,0.17,17.08301404665686,62.51918993881128,-0.5580631970355997
837.77,0.0,17.36434819554183,61.964939425573846,61.71410406093896,63.46182773726302,63.23625816183797,-5.570651685393712,0.06,0.06,0.06,-0.3853948059089638,-2.938420776364145,16.801314270002795,-1.8124850149931024,-2.855462037974471,-10.711433566425116,0.05,0.16,0.17,17.060686006570474,62.59428234640345,-0.19192365720311938
837.78,0.0,17.319361691493064,62.23245608695696,61.76770391304304,63.30673127436404,63.29875573713314,-5.450801498128098,0.06,0.06,0.06,-0.3863946309395827,-2.9344214762416687,16.77931811932918,-0.8084890110002683,-1.3120054945228006,-11.760384615372852,0.05,0.16,0.17,17.038358100494772,62.651411752874296,0.14349061706217558
837.79,0.0,17.274375187444296,62.13941260869598,61.86074739130402,63.0500596101958,62.94048487256497,-5.317338669337293,0.06,0.06,0.06,-0.3873944559702017,-2.930422176119193,16.75732196865556,-0.3942428035066027,1.3906007509075629,-11.699787234046848,0.05,0.16,0.17,17.016030328957275,62.497676120690194,-0.007594871261213776
837.8000000000001,0.0,17.229388683395015,62.058941974633775,61.95375679681752,62.77714854016006,62.60725776672439,-5.017188594296741,0.06,0.06,0.06,-0.388394281000832,-2.926422875996672,16.735325817981696,-0.1739674593233152,4.474455569473587,-11.274255319147311,0.05,0.16,0.1774015748031599,16.993702692488046,62.34927626958394,-0.3186919094199737
837.8100000000001,0.0,17.184402179346247,62.12812874409385,62.04636062671023,62.310936155182965,62.57213217607543,-4.74,0.06,0.06,0.06,-0.3893941060314509,-2.922423575874196,16.713329667308077,-0.270811485643451,3.6917228464368006,-10.155792759047792,0.05,0.16,0.18,16.971375191620673,62.26438942551562,-0.43908925471235855
837.82,0.0,17.139415675297478,62.18587455408427,62.129321458905736,61.88555926055481,62.54573562827894,-4.74,0.06,0.06,0.06,-0.3866511674415799,-2.9164541772910844,16.690938453077216,-0.470561797752809,1.6542696629213487,-8.812471910112361,0.05,0.16,0.18,16.94823384715747,62.18662272545594,-0.49760391821629923
837.83,0.0,17.09442917124871,62.08430073444881,62.077999950037295,62.02883180614589,62.640894259305846,-4.715592203896014,0.06,0.06,0.06,-0.3781515924203396,-2.907454627268595,16.667939603019743,-0.6442867867863695,-0.9327452452382528,-8.099607107108385,0.05,0.16,0.18,16.923844174607304,62.208006687484456,-0.3948209807308655
837.84,0.0,17.04944266719994,61.98545229422036,62.03067123842887,62.168751833875874,62.72315692769525,-4.385757121438702,0.06,0.06,0.06,-0.3696520173990992,-2.898455077246105,16.644940752962267,-0.8094519519511174,-3.700513012999028,-7.594101601604156,0.05,0.16,0.18,16.899459669421535,62.22700807355508,-0.23898667282017688
837.85,0.0,17.004456163151172,61.92548732049018,62.04030846634979,62.2608409006758,62.6214306329744,-4.06465081351735,0.06,0.06,0.06,-0.3611524423778589,-2.889455527223616,16.621941902904794,-1.411540959034964,-3.143856143869341,-8.189827672319987,0.05,0.16,0.18,16.875080354000712,62.21201683012255,-0.4089068705816934
837.86,0.0,16.959469659102403,61.8606955967902,62.021544393179,62.35538868605834,62.54960173520607,-3.854387984981148,0.06,0.06,0.06,-0.3526528673566185,-2.8804559772011253,16.59894305284732,-2.1557967032883583,-1.5054945055128757,-9.143873626362929,0.05,0.16,0.18,16.850706250870225,62.196807602808406,-0.6848214104836677
837.87,0.0,16.95,61.72868957873629,61.60728160481469,62.48417504513533,62.89410524573701,-3.66226217228472,0.06,0.06,0.06,-0.3441532923353781,-2.871456427178636,16.575944202789845,-2.829737171457765,0.5048310387769834,-9.892340425525049,0.05,0.16,0.18,16.82633738268115,62.17856286860584,-1.0069129207194716
837.88,0.0,16.95,61.58342434695981,61.21695201395831,62.59530510468619,63.19523692921291,-3.692224719101124,0.06,0.06,0.06,-0.3356537173141378,-2.862456877156146,16.552945352732372,-3.480550688355533,2.637496871072748,-10.573191489356558,0.05,0.16,0.18,16.801973772211095,62.1477295987043,-1.3441922052520985
837.89,0.0,16.95,61.26978526420748,61.130541246261245,62.48222434695916,62.94560582253248,-3.7331432858210256,0.06,0.06,0.06,-0.3271541422928974,-2.8534573271336563,16.5299465026749,-3.538202247192204,2.530362047448073,-10.905892634205298,0.05,0.16,0.1727908089995488,16.777615442365054,61.95703916999009,-1.3020619296193991
837.9,0.0,16.95,60.96035092184341,61.04912982965931,62.37549882765529,62.71305916833668,-3.913188297073725,0.06,0.06,0.06,-0.3186545672716571,-2.8444577771111663,16.506947652617427,-3.403370786518387,1.6964044943915035,-11.125617977525591,0.05,0.16,0.17,16.753262416176238,61.77450968687367,-1.1368119953853881
837.91,0.0,16.95,60.70946915831762,61.03733624248501,62.35727237474957,62.71841988977953,-4.08,0.06,0.06,0.06,-0.3101549922504167,-2.835458227088677,16.48394880255995,-2.748566066077541,-0.035337837809672,-11.082077077078884,0.05,0.16,0.17,16.728914716806955,61.70562441633293,-0.7434322147187832
837.9200000000001,0.0,16.95,60.49118458083888,61.022968173652565,62.31008847305276,62.70838796407129,-4.08,0.06,0.06,0.06,-0.3016554172290798,-2.8264586770660847,16.460949952502215,-1.922740240244413,-2.062364864854623,-10.951946946947604,0.05,0.16,0.17,16.704572367549208,61.63315729790388,-0.27501969385322705
837.9300000000001,0.0,16.95,60.69941811377288,60.97491428143702,61.88401062874165,62.49695083832293,-4.07356499999987,0.06,0.06,0.06,-0.2931558422078394,-2.8174591270435947,16.437951102444742,-1.512719780220816,-2.201970529472318,-10.795631868132489,0.05,0.16,0.17,16.680235391826642,61.51382346556862,-0.14646654101628986
837.94,0.0,16.95,60.89111334001498,60.91506300175362,61.474840030067405,62.281788935103606,-3.98356499999987,0.06,0.06,0.06,-0.2846562671865991,-2.808459577021105,16.41495225238727,-1.237994505494849,-1.727445054945648,-10.630796703296909,0.05,0.16,0.17,16.65590381319381,61.390701326734906,-0.12849718520025882
837.95,0.0,16.95,60.852506474567726,60.69092869957372,61.301109135554746,62.01475811576008,-3.895733465937272,0.06,0.06,0.06,-0.2761566921653587,-2.799460026998615,16.391953402329797,-0.9928968452687204,-0.3740460691093685,-9.99086379569631,0.05,0.16,0.17,16.63157765533812,61.21482560636407,-0.2837664722831358
837.96,0.0,16.95,60.81001071428556,60.489392857143,61.14729000000017,61.75359785714256,-3.8360616608653566,0.06,0.06,0.06,-0.2676571171441184,-2.7904604769761256,16.36895455227232,-0.7575438157252964,1.2684176264277192,-9.194669504262173,0.05,0.16,0.17,16.607256942080483,61.05007285714282,-0.49601458211368576
837.97,0.0,16.910260618721004,60.71701371128832,60.58132092907131,61.25204524475568,61.56867278221701,-3.78,0.06,0.06,0.06,-0.259157542122878,-2.781460926953636,16.345955702214848,-0.6698252621070531,1.281500249628308,-8.668077883177585,0.05,0.16,0.17,16.582941697376224,61.02976316683308,-0.5476109991214141
837.98,0.0,16.86052422162562,60.62178146963182,60.66358875781026,61.3472152611845,61.40552156960839,-3.78,0.06,0.06,0.06,-0.2506579671016377,-2.772461376931146,16.322956852157375,-0.6298851722416999,0.7672715926118862,-8.228736894658699,0.05,0.16,0.17,16.558631945315952,61.00952676455875,-0.5472162329432753
837.99,0.0,16.81078782453024,60.49662275931004,60.61652052486873,61.31405355161206,61.53388947763073,-3.7820963314198286,0.06,0.06,0.06,-0.2421583920803973,-2.763461826908656,16.2999580020999,-0.925143929911173,-0.3733792240259944,-8.274455569461212,0.05,0.16,0.17,16.534327710126494,60.99027157835539,-0.5208419326801697
838.0,0.0,16.76105142743486,60.3801,60.568564486121744,61.28052145536398,61.656132393098126,-3.8120439231342895,0.06,0.06,0.06,-0.233658817059157,-2.754462276886166,16.276959152042426,-1.3306508135143975,-1.7200625782144816,-8.479712140173953,0.05,0.16,0.17,16.51002901617184,60.97132958364596,-0.48592286871467133
838.01,0.0,16.711315030339478,60.3801,60.508629502375854,61.2419918229559,61.6957322930731,-3.84199350487109,0.06,0.06,0.06,-0.2251592420379166,-2.7454627268636767,16.253960301984954,-1.671298377025888,-1.4882272159866043,-8.741136079897652,0.05,0.16,0.17,16.485735887954036,60.956613404601214,-0.5848625811275794
838.02,0.0,16.661578633244098,60.37572231479202,60.43809458717988,61.18536454477572,61.71781458717988,-3.8719710217335,0.06,0.06,0.06,-0.2198034557775515,-2.739803455777552,16.233317496436754,-1.9908988764008608,-0.7441573033792457,-9.020786516850754,0.05,0.16,0.17,16.464368602396572,60.929249008481875,-0.7272399097178902
838.03,0.0,16.611842236148718,60.31273403841387,60.22564260414172,60.886437131455686,61.50536260414172,-3.921471471469802,0.06,0.06,0.06,-0.2193033432522339,-2.7393033432522342,16.216313670575957,-2.220688360448543,-0.0137546933740314,-9.123904881100922,0.05,0.16,0.17,16.44751366697177,60.732544094538255,-0.8647518752882801
838.04,0.0,16.562105839053334,60.24473122719388,60.02449682579374,60.62369736065859,61.30964036990731,-4.2518018017992985,0.06,0.06,0.06,-0.2188032307269163,-2.738803230726917,16.199309844715156,-2.420938673340164,0.7121526908580951,-9.168961201501537,0.05,0.16,0.17,16.43065906881103,60.550641445888374,-1.0006636051809181
838.0500000000001,0.0,16.51236944195739,60.10459626093376,59.98598645338637,60.88150290927453,61.35456913771589,-4.566031507877095,0.06,0.06,0.06,-0.218303118201593,-2.738303118201593,16.182306018854163,-2.221161048688306,0.5242821473146315,-9.417528089888435,0.05,0.16,0.17,16.413804808953127,60.58166369032764,-0.8764211012000923
838.0600000000001,0.0,16.462633044862006,59.96942607803854,59.946093226612845,61.10969868934313,61.39294037518716,-4.656054013503445,0.06,0.06,0.06,-0.2178030056762753,-2.7378030056762754,16.165302192993366,-1.891573033707865,0.0398876404494382,-9.732134831460677,0.05,0.16,0.1773279132791054,16.396950888441662,60.60453959229542,-0.6677576868894434
838.07,0.0,16.45,59.90626449724822,59.88614325162543,60.90843805902823,61.33620200600264,-4.742023988006005,0.06,0.06,0.06,-0.2173028931509577,-2.7373028931509578,16.148298367132565,-1.727100650976848,-0.6075413119655133,-10.073770655982758,0.05,0.16,0.18,16.380097308323922,60.50926195347613,-0.49349990121647347
838.08,0.0,16.45,59.84240171585755,59.82857735867922,60.71292727363623,61.282969639819896,-4.772008995502294,0.06,0.06,0.06,-0.2168027806256401,-2.73680278062564,16.131294541271764,-1.616935403105458,-1.3085928893289045,-10.424296444664453,0.05,0.16,0.18,16.363244069651696,60.41671899699823,-0.33055825253732907
838.09,0.0,16.45,59.76853478239091,59.8050255827913,60.5994505352672,61.27975803401699,-4.796010997250523,0.06,0.06,0.06,-0.2163026681003224,-2.7363026681003224,16.114290715410966,-1.623955056179514,-1.0310387016264275,-10.536409488139622,0.05,0.16,0.1727929220468897,16.346391173481088,60.3631922336166,-0.3448096475527511
838.1,0.0,16.45,59.69972220334749,59.77685415438398,60.47467805645696,61.25052348238725,-4.736025993501422,0.06,0.06,0.06,-0.2158025555750048,-2.735802555575005,16.097286889550166,-1.6688988764043746,-0.4367815230977139,-10.571365792758955,0.05,0.16,0.17,16.329538620872516,60.30044447414392,-0.4164054491667754
838.11,0.0,16.45,59.70186059955033,59.683833919560456,60.191340559580695,60.85598938296331,-4.676039999999785,0.06,0.06,0.06,-0.2153024430496872,-2.7353024430496875,16.080283063689368,-1.600836045056769,0.1359774718373865,-9.976846057575385,0.05,0.16,0.17,16.31268641289079,60.1082561154137,-0.5430799756024668
838.12,0.0,16.45,59.70038250000026,59.59199150000037,59.94192964999883,60.49412454999947,-4.616040000000126,0.06,0.06,0.06,-0.2148023305243696,-2.73480233052437,16.063279237828567,-1.495704630789266,0.7016846057529964,-9.175844806013457,0.05,0.16,0.17,16.29583455060509,59.93210704999973,-0.6878214941113199
838.13,0.0,16.45,59.64688250000026,59.51709150000037,60.18053964999884,60.602194549999474,-4.558021483887304,0.06,0.06,0.06,-0.2143022179990519,-2.734302217999052,16.04627541196777,-1.3266342072428663,0.3231285892703343,-9.179957553056004,0.05,0.16,0.17,16.278983035088995,59.986677049999734,-0.5910582631935669
838.14,0.0,16.45,59.58795760000067,59.44706,60.39139920000092,60.70108395000016,-4.528043967024893,0.06,0.06,0.06,-0.2138021054737343,-2.7338021054737345,16.02927158610697,-1.1368714107389764,-0.3610162297042169,-9.4446267166009,0.05,0.16,0.17,16.262131867420514,60.03187518750044,-0.41613763818259797
838.15,0.0,16.45,59.45099760000067,59.44706,60.20307920000092,60.66791395000016,-4.494193548387427,0.06,0.06,0.06,-0.2133019929484167,-2.733301992948417,16.012267760246168,-1.1804730913628418,-0.8240375469292356,-9.736182728407105,0.05,0.16,0.17,16.245281048682116,59.94226268750044,-0.3385096145898306
838.16,0.0,16.45,59.31438748812861,59.43934187953069,60.02394056485902,60.63731719570104,-4.404171042761077,0.06,0.06,0.06,-0.212801880423099,-2.732801880423099,15.99526393438537,-1.3006232790978145,-1.2145256570678966,-10.036558197744537,0.05,0.16,0.17,16.228430579960744,59.85374678205484,-0.2927956315707799
838.1700000000001,0.0,16.42280859121945,59.18281038240346,59.320601564608,59.97687233191668,60.64373559110227,-4.32194805194824,0.06,0.06,0.06,-0.2123017678977757,-2.732301767897776,15.978260108524378,-1.6469138576784326,-0.9138576779019594,-10.07981772784015,0.05,0.16,0.17,16.211580462347627,59.7810049675076,-0.43380455013239555
838.1800000000001,0.0,16.387925449743417,59.06006507500004,59.210417195000105,59.92317789999884,60.63082988999773,-4.351918081918176,0.06,0.06,0.06,-0.2118016553724581,-2.731801655372458,15.961256282663578,-2.066389513108084,-0.3895131086148945,-10.039867665418278,0.05,0.16,0.17,16.194730696939107,59.70612251499918,-0.6352419921039496
838.19,0.0,16.353042308267387,59.06541507500004,59.22432719500011,59.77337789999884,60.337649889997735,-4.387554334249346,0.06,0.06,0.06,-0.2113015428471405,-2.7313015428471403,15.944252456802776,-2.0192115143938456,-0.0187384230301527,-9.743501877348306,0.05,0.16,0.17,16.17788128483548,59.60019251499918,-0.7028047827412549
838.2,0.0,16.318159166791354,59.06814534831434,59.22775889138464,59.64419968539455,60.06572358052462,-4.507464401698986,0.06,0.06,0.06,-0.2108014303218228,-2.730801430321823,15.927248630941978,-1.818961201503364,0.3016620775946174,-9.363026282856392,0.05,0.16,0.17,16.161032227141824,59.50145687640453,-0.7264538431263754
838.21,0.0,16.28327602531532,59.03287943071143,59.07921457178452,59.81411728839037,60.10205816229731,-4.622460410068502,0.06,0.06,0.06,-0.2103013177965052,-2.730301317796505,15.91024480508118,-1.7284993757805942,0.0215855181051313,-9.42091136079784,0.05,0.16,0.17,16.144183524967776,59.50706736329591,-0.6581913505039323
838.22,0.0,16.248392883839287,58.994957179999794,58.93762443999991,59.958109119999335,60.1338844399999,-4.662467077846448,0.06,0.06,0.06,-0.2107227436987149,-2.730722743698715,15.8915077615401,-1.6735680399502089,-0.4528214731572872,-9.620661672908332,0.05,0.16,0.17,16.12579516528579,59.50614379499973,-0.5601838218638233
838.23,0.0,16.213509742363254,58.91684717999979,58.90124443999991,59.70986911999933,60.0975044399999,-4.702473745624394,0.06,0.06,0.06,-0.2125409668401489,-2.732540966840149,15.87014363962825,-1.524290362954461,-0.4154418022536916,-10.23545682102308,0.05,0.16,0.17,16.105074136447744,59.406366294999735,-0.42089804557416854
838.24,0.0,16.17862660088722,58.84123676774399,58.85871973342186,59.46999030323197,60.051398567143806,-4.74185907046484,0.06,0.06,0.06,-0.2143591899815829,-2.734359189981583,15.848779517716402,-1.3440650813530275,-0.2101852315409482,-10.986395494362384,0.05,0.16,0.17,16.084355201354924,59.3053363428854,-0.2680721269610859
838.25,0.0,16.14374345941119,58.80344269910032,58.72323156281246,59.35660809730095,59.85814965011672,-4.771844077960959,0.06,0.06,0.06,-0.2161774131230169,-2.7361774131230168,15.827415395804552,-1.453839086166692,-0.0812043704999871,-11.218778246833342,0.05,0.16,0.17,16.06363836810889,59.18535800233261,-0.28317981244330115
838.26,0.0,16.108860317935157,58.76564863045664,58.58774339220306,59.24322589136993,59.66490073308963,-4.809143142642111,0.06,0.06,0.06,-0.2179956362644509,-2.737995636264451,15.806051273892702,-1.6574646138547935,0.0230916314866016,-11.283342438539323,0.05,0.16,0.17,16.042923644852227,59.06537966177982,-0.35263530229761775
838.27,0.0,16.1,58.7241596602554,58.46293318011468,59.14073848613501,59.48833158131353,-4.959030726954161,0.06,0.06,0.06,-0.2198138594058848,-2.739813859405885,15.784687151980853,-1.5904731940612282,-0.2712282909604492,-10.57163352631061,0.05,0.16,0.17,16.02221103976879,58.95404072695465,-0.4072428656028832
838.28,0.0,16.1,58.62579343492421,58.50249350986744,59.20595957032199,59.56852143892048,-5.101783662253233,0.06,0.06,0.06,-0.2216320825473188,-2.741632082547319,15.763323030069005,-1.4293858545193177,-0.7041505159793342,-9.590007550977091,0.05,0.16,0.17,16.00150056108398,58.97569198850853,-0.4566876727763159
838.29,0.0,16.1,58.52259229577863,58.53276571571352,59.26182891331525,59.64025019735215,-5.131761179115472,0.06,0.06,0.06,-0.2234503056887528,-2.7434503056887527,15.741958908157152,-1.3862272159800757,-0.976002496876681,-9.387727840199243,0.05,0.16,0.17,15.980792217064973,58.98935928053989,-0.4445387303220546
838.3000000000001,0.0,16.1,58.34296701473805,58.41622312265743,59.169877876592096,59.57823670746909,-5.168704352176289,0.06,0.06,0.06,-0.2252685288302075,-2.7452685288302074,15.720594786245062,-1.381233458177285,-1.1957278401994729,-9.437665418227152,0.05,0.16,0.17,15.960086016020789,58.87682618036416,-0.4124564036389176
838.3100000000001,0.0,16.1,58.16929167999989,58.29669657999977,59.08344618000001,59.52000618000001,-5.318779389694859,0.06,0.06,0.06,-0.2270867519716415,-2.7470867519716413,15.699230664333212,-1.417706559839737,-0.7522734101154738,-9.906249374060817,0.05,0.16,0.17,15.939381966303442,58.76736015499992,-0.3999019347468868
838.32,0.0,16.1,58.09225167999989,58.128706579999765,59.086656180000006,59.523216180000006,-5.461769557610565,0.06,0.06,0.06,-0.2289049751130755,-2.748904975113076,15.677866542421365,-1.4677816725088355,-0.0912819228833705,-10.51215823735691,0.05,0.16,0.17,15.918680076306835,58.70770765499992,-0.3937530181448461
838.33,0.0,16.1,58.00838507999973,57.97393536000008,59.071806719999564,59.50780817999955,-5.491762059485116,0.06,0.06,0.06,-0.2307231982545095,-2.750723198254509,15.656502420509511,-1.8388665536445112,0.2640808912567254,-10.685633325260325,0.05,0.16,0.17,15.897980354467938,58.64048383499973,-0.5290690749584985
838.34,0.0,16.1,57.81364507999973,58.03385536000008,58.76364671999957,59.19001817999955,-5.530511604691803,0.06,0.06,0.06,-0.2325414213959434,-2.752541421395944,15.635138298597663,-2.3135577621677976,0.5208016468866661,-10.719539840154845,0.05,0.16,0.17,15.877282809266852,58.45029133499973,-0.7100431390645745
838.35,0.0,16.1,57.63870009497647,58.08719777555604,58.48738205448673,58.903689342664656,-5.710197154978573,0.06,0.06,0.06,-0.2343596445373774,-2.7543596445373777,15.613774176685816,-2.152746060452664,0.1534099715881735,-10.894345130455552,0.05,0.16,0.17,15.856587449227044,58.27924231692098,-0.5913818814166858
838.36,0.0,16.1,57.78525345663615,58.03371114721308,58.729141614596855,59.12833318170504,-5.888184523809148,0.06,0.06,0.06,-0.2361778676788114,-2.756177867678812,15.592410054773966,-1.7084164298670843,-0.4924179798443545,-11.13200981658272,0.05,0.16,0.17,15.835894282915636,58.419109850037785,-0.33904383886116785
838.37,0.0,16.06507944414009,57.91647539078124,57.97621044589145,58.943560671342055,59.3337102254506,-6.036994047618296,0.06,0.06,0.06,-0.2379960908202454,-2.757996090820245,15.571045932862116,-1.6641797752802985,-0.948247191008444,-10.619932584275,0.05,0.16,0.17,15.815203318943684,58.542489183366335,-0.35428659210162405
838.38,0.0,16.02025202968581,57.79639523046052,57.852913852705,58.70983321643208,59.22327936372709,-6.178820564516352,0.06,0.06,0.06,-0.2398143139616794,-2.75981431396168,15.549681810950268,-1.7490736579272572,-1.342754057426666,-9.865875156057893,0.05,0.16,0.17,15.794514565966448,58.39560541583117,-0.45589140113251153
838.39,0.0,15.975424615231534,57.67265856179707,57.72195229962453,58.48259325842648,59.11208187265871,-6.148578629032404,0.06,0.06,0.06,-0.2416325371031134,-2.7616325371031136,15.528317689038415,-1.653061326659181,-0.7874067584528488,-9.721494367959645,0.05,0.16,0.17,15.773828032683658,58.247321498126695,-0.503245987001434
838.4,0.0,15.930597200777257,57.49312298127318,57.4740222122344,58.354353558052274,58.98918549313343,-6.123295880149661,0.06,0.06,0.06,-0.2434507602445474,-2.7634507602445475,15.506953567126567,-1.497867334169058,0.0786758447984832,-9.776563204004528,0.05,0.16,0.17,15.753143727839824,58.07767106117332,-0.5328531541448733
838.41,0.0,15.88576978632298,57.32103058618115,57.24336550760783,58.215224435021554,58.85754097780025,-6.183220973782469,0.06,0.06,0.06,-0.2452689833859814,-2.7652689833859814,15.485589445214718,-1.5241797752799338,0.1993932584283288,-9.37849438202866,0.05,0.16,0.17,15.73246166022448,57.9092903766527,-0.6144852198947083
838.4200000000001,0.0,15.840942371868191,57.267650690944826,57.28820461960634,57.90241824893668,58.58637110999972,-6.246298425394127,0.06,0.06,0.06,-0.247087206527436,-2.767087206527436,15.464225323302626,-1.609073657927376,0.0795430711613514,-8.834174781524473,0.05,0.16,0.17,15.711781838672263,57.761161167371895,-0.71290839048774
838.4300000000001,0.0,15.796114957413916,57.21163175262792,57.32195641462034,57.61431074111307,58.3296295843765,-6.366268432892328,0.06,0.06,0.06,-0.24890542966887,-2.76890542966887,15.442861201390777,-1.7243053817270038,-0.0329887359197632,-8.90369962453033,0.05,0.16,0.17,15.691104272064123,57.619382123184465,-0.7293822157307756
838.44,0.0,15.75128754295964,57.10982904857222,57.16335851777567,57.75469131196883,58.32319993990983,-6.483119220195265,0.0597789257346022,0.0597789257346022,0.0597789257346022,-0.2530949537590439,-2.769778931874354,15.42403116060756,-1.849461827284267,-0.1431264080101548,-9.174037546934017,0.05,0.16,0.17,15.672793931857406,57.587769704556635,-0.7190471310483422
838.45,0.0,15.70646012850536,57.01492618654669,57.02403416354135,57.88650767691921,58.31990931732946,-6.543104223944365,0.0592234627562101,0.0592234627562101,0.0592234627562101,-0.2608712194851418,-2.76922348432249,15.409034076707226,-1.778067415730337,-0.6117078651685394,-9.538247191011235,0.05,0.16,0.17,15.658064493301953,57.561344336084176,-0.5912276854665329
838.46,0.0,15.661632714051084,57.03312073518384,57.20062831207837,57.87794553638408,58.36807135783956,-6.596909999999632,0.0586679997778181,0.0586679997778181,0.0586679997778181,-0.2686474852112397,-2.7686680367706256,15.394036992806894,-1.6432359550565203,-1.1959775280884115,-9.932754057427218,0.05,0.16,0.17,15.643339448629655,57.61994148537147,-0.4254900070022485
838.47,0.0,15.65,57.041411964107446,57.34674707876318,57.86728127617142,58.41121252243264,-6.536909999999972,0.0581125367994261,0.0581125367994261,0.0581125367994261,-0.2764237509373375,-2.7681125892187617,15.379039908906565,-1.5156946182735331,-0.5893291614573233,-10.094127659573996,0.05,0.16,0.17,15.628618810260058,57.66666321036867,-0.4213185487554642
838.48,0.0,15.65,56.88885962113607,56.997903609171296,57.82247569292109,58.3728077367895,-6.478454613653563,0.0575570738210341,0.0575570738210341,0.0575570738210341,-0.2842000166634355,-2.7675571416668974,15.364042825006232,-1.3905381727169823,0.4069161451728216,-10.179234042552451,0.05,0.16,0.17,15.613902590655817,57.520511665004484,-0.47000186593573856
838.49,0.0,15.65,56.74085104343452,56.6728112231658,57.76138851722234,58.31573292061704,-6.448447111778112,0.0570016108426421,0.0570016108426421,0.0570016108426421,-0.2919762823895334,-2.767001694115033,15.3490457411059,-1.4090786516849338,0.4612359550579468,-9.705438202251822,0.05,0.16,0.17,15.599190802322877,57.37269592610993,-0.553580113380231
838.5,0.0,15.65,56.6756788017971,56.780719360958905,57.40347538691848,57.91828908636918,-6.42,0.05644614786425,0.05644614786425,0.05644614786425,-0.2997525481156313,-2.766446246563169,15.334048657205567,-1.473997503120844,0.2115480649198317,-9.05125593008996,0.05,0.16,0.17,15.584483457810629,57.19454065901092,-0.6484207457253932
838.51,0.0,15.65,56.61312283712783,56.87777824868637,57.062470367775816,57.53811628721535,-6.42,0.055890684885858,0.055890684885858,0.055890684885858,-0.3075288138417292,-2.7658907990113053,15.319051573305236,-1.2749298948439778,-0.2235428142183545,-9.003194792187381,0.05,0.1528045867177011,0.17,15.569780569712083,57.022871935201344,-0.5436010927414171
838.52,0.0,15.65,56.60134400300226,56.76427311983995,57.04962073054792,57.49314255691772,-6.423057706719729,0.055335221907466,0.055335221907466,0.055335221907466,-0.315305079567827,-2.765335351459441,15.304054489404905,-0.98950175263174,-0.7192864296396096,-9.15342013019382,0.05,0.15,0.17,15.55508215066404,56.97709510257696,-0.37346457136398803
838.53,0.0,15.65,56.5865441747817,56.651804823970274,57.03758190262171,57.45286853932572,-6.483012740444209,0.054779758929074,0.054779758929074,0.054779758929074,-0.3230813452939249,-2.764779903907577,15.289057405504574,-1.32789815276429,-0.907983025460715,-8.75188716925317,0.05,0.15,0.17,15.540388213347258,56.93219986017485,-0.5282508535844168
838.54,0.0,15.65,56.5149436754061,56.55883104119897,57.04078789513107,57.50095842696605,-6.538514628657503,0.054224295950682,0.054224295950682,0.054224295950682,-0.3308576110200228,-2.764224456355713,15.274060321604242,-1.8670893659434973,-0.9978482276572496,-8.172755866208835,0.05,0.1574190177637235,0.17,15.525698770486628,56.903880259675546,-0.7876223343252466
838.5500000000001,0.0,15.65,56.4433241928192,56.46454312829478,57.05121582726648,57.55277476776349,-6.508507126781712,0.0536688329722836,0.0536688329722836,0.0536688329722836,-0.3386338767462091,-2.7636690088038423,15.25906323770374,-1.7207861792695394,-0.2615948923402353,-9.422295943912705,0.05,0.16,0.17,15.51101383485118,56.87796447903598,-0.625945438491998
838.5600000000001,0.0,15.65,56.37132820989171,56.34419163444585,57.20487889530575,57.67849909615925,-6.478509316770222,0.0531133699938916,0.0531133699938916,0.0531133699938916,-0.346410142472307,-2.7631135612519784,15.244066153803407,-1.350230345518209,0.7449148723086487,-11.270067601402443,0.05,0.16,0.17,15.49633341925492,56.89972445895064,-0.32652677115215645
838.57,0.0,15.631928464232232,56.298806568357485,56.24079390152556,57.33734894276315,57.7817682679316,-6.448695652173987,0.0525579070154996,0.0525579070154996,0.0525579070154996,-0.3541864081984049,-2.762558113700114,15.229069069903076,-1.4488888888885736,0.8086666666669695,-11.5348888888892,0.05,0.16,0.17,15.481657536556005,56.914679420144445,-0.32620970638107827
838.58,0.0,15.606915957979108,56.2175068932762,56.420508972757865,57.11591430142335,57.51005619594942,-6.422250562640437,0.0520024440371076,0.0520024440371076,0.0520024440371076,-0.3619626739245029,-2.76200266614825,15.214071986002743,-1.698576779025271,0.5689662921357399,-11.290194756555234,0.05,0.16,0.17,15.466986199657581,56.81599659085171,-0.4221665877107778
838.59,0.0,15.581903451725983,56.14445471904567,56.57847992043628,56.90884654400818,57.25141467926381,-6.482265566391336,0.0514469810587155,0.0514469810587155,0.0514469810587155,-0.3697389396506008,-2.761447218596386,15.199074902102414,-1.5335168961221906,0.0192866082647462,-10.84120400500976,0.05,0.16,0.17,15.4523194215078,56.72079896568848,-0.37752818191773363
838.6,0.0,15.55689094547286,56.21043184485352,56.36990707110825,56.943963401293,57.21310538040763,-6.54,0.0508915180803235,0.0508915180803235,0.0508915180803235,-0.3775152053766987,-2.760891771044521,15.18407781820208,-1.2331414267864684,-0.6315269086293183,-10.325559449316772,0.05,0.16,0.17,15.437657215099978,56.684351924415594,-0.2870191652055674
838.61,0.0,15.531878439219737,56.27141668834417,56.16778138069034,56.97065927963981,57.177724352176085,-6.54,0.0503360551019315,0.0503360551019315,0.0503360551019315,-0.3852914711027965,-2.7603363234926577,15.16908073430175,-1.2959999999985012,-1.15266666666267,-10.154666666667168,0.05,0.16,0.17,15.422999593472795,56.646895425212605,-0.27980099075450776
838.62,0.0,15.506865932966614,56.22645420710361,56.10247872936476,56.818643271636,57.2044877338669,-6.538874718679781,0.0501974654435433,0.0501974654435433,0.0501974654435433,-0.39,-2.7601972204169343,15.151322301654904,-1.475775280897944,-1.6320674157278507,-10.09474157303402,0.05,0.16,0.17,15.40562741936279,56.58801598549282,-0.29939222818944927
838.63,0.0,15.48185342671349,56.16924771421506,56.029999095678754,56.67224287284544,57.226724731451576,-6.508867216804332,0.0506973779588528,0.0506973779588528,0.0506973779588528,-0.39,-2.7606971454281823,15.129325601159994,-1.304787180773232,-0.7758788182367331,-9.887441161744473,0.05,0.16,0.17,15.384084044059644,56.52455360354771,-0.36237321256425115
838.64,0.0,15.456840920460367,55.85811106670011,55.80867508868359,56.64230532600551,57.15508845865604,-6.477720569857832,0.0511972904741622,0.0511972904741622,0.0511972904741622,-0.39,-2.76119707043943,15.107328900665085,-1.019359038560994,0.5160590886186593,-9.63205808713352,0.05,0.16,0.17,15.362541969826275,56.366044985011314,-0.43951053347414587
838.65,0.0,15.431828414207244,55.564438740000114,55.599866440000085,56.60360561999969,57.07945013499978,-6.417735566108731,0.0516972029894717,0.0516972029894717,0.0516972029894717,-0.39,-2.761696995450678,15.085332200170177,-1.4830187265850026,0.727932584270957,-9.6909687890122,0.05,0.16,0.17,15.341001202143635,56.21184023374992,-0.6083325147488617
838.66,0.0,15.40681590795412,55.64575874000011,55.65978644000008,56.37676561999969,56.91788013499978,-6.364501125280874,0.0521971155047812,0.0521971155047812,0.0521971155047812,-0.39,-2.762196920461926,15.063335499675269,-2.187138576774487,0.5931011235963748,-9.850769038700593,0.05,0.16,0.17,15.319461746523164,56.150047733749915,-0.8065856353500016
838.6700000000001,0.0,15.4,55.714136783214144,55.706527597399614,56.17129348152167,56.76868485015132,-6.484531132784039,0.0526970280200963,0.0526970280200963,0.0526970280200963,-0.39,-2.7626968454731795,15.041338799180108,-2.235382882882257,0.3296471471459902,-9.863566066065934,0.05,0.16,0.17,15.297923608506757,56.09016067807168,-0.7934554392172246
838.6800000000001,0.0,15.4,55.50462629370432,55.47029383116659,56.42463014485754,56.88519833666444,-6.601138576779216,0.0531969405354058,0.0531969405354058,0.0531969405354058,-0.39,-2.763196770484428,15.0193420986852,-2.0702177177175094,0.0243418418414561,-9.828531031030987,0.05,0.16,0.17,15.27638679366797,56.071187151598224,-0.7115451181555745
838.69,0.0,15.4,55.30060937499949,55.24828370000063,56.65883259999874,56.98898377499883,-6.631101123595619,0.0536968530507153,0.0536968530507153,0.0536968530507153,-0.39,-2.763696695495675,14.99734539819029,-2.1169105894103897,-0.4278721278712585,-9.64617882117922,0.05,0.1527839003353761,0.17,15.254851307610744,56.04917736249942,-0.7077995900963225
838.7,0.0,15.4,55.22035937499949,55.34672370000063,56.46195259999874,56.80601377499882,-6.657869467366762,0.0541967655660247,0.0541967655660247,0.0541967655660247,-0.39,-2.764196620506924,14.97534869769538,-2.2317957042951417,-0.927372627370181,-9.416408591409716,0.05,0.15,0.17,15.233317155970612,55.958762362499414,-0.7292135162287645
838.71,0.0,15.4,55.13765372499912,55.43097549999848,56.27153004999971,56.62663629999937,-6.597854463615862,0.0546966780813342,0.0546966780813342,0.0546966780813342,-0.39,-2.764696545518172,14.953351997200471,-1.9352402402435027,-0.7176876876910259,-9.809376876872363,0.05,0.15,0.17,15.211784344414676,55.866698893749174,-0.5919568564102434
838.72,0.0,15.4,54.99962372499912,55.19557549999848,56.226590049999714,56.528196299999365,-6.54,0.0551965905966437,0.0551965905966437,0.0551965905966437,-0.39,-2.765196470529419,14.931355296705563,-1.5048098098141596,-0.2772472472516981,-10.404972472466454,0.05,0.15,0.17,15.190252878641804,55.73749639374917,-0.4030717951972172
838.73,0.0,15.4,54.86858506185074,54.96563475012302,56.16897919841445,56.4183691439858,-6.54,0.0556965031119532,0.0556965031119532,0.0556965031119532,-0.39,-2.765696395540667,14.909358596210652,-1.3886666666667915,-0.041555555556971,-10.032444444450148,0.05,0.15,0.17,15.168722764382869,55.60539203859349,-0.44495459911578633
838.74,0.0,15.4,54.89505710539349,54.85868769421031,55.82590151410041,56.05199606135414,-6.54,0.0561964156272626,0.0561964156272626,0.0561964156272626,-0.39,-2.766196320551915,14.887361895715744,-1.3736853932585047,0.1282322097369471,-9.348299625471713,0.05,0.15,0.17,15.147194007400975,55.40791059376458,-0.5611162862634548
838.75,0.0,15.4,54.91954098558482,54.7548574756957,55.492744971505495,55.6931915186054,-6.541080000000003,0.0566963281425721,0.0566963281425721,0.0566963281425721,-0.39,-2.7666962455631627,14.865365195220836,-1.2265607008773871,0.0680826032549857,-8.62889111389733,0.05,0.15,0.17,15.125666613491662,55.215083737847856,-0.614328642405039
838.76,0.0,15.4,54.85354031511904,54.79287960107273,55.61111573918868,55.67884354676501,-6.571080000000003,0.0571962406578816,0.0571962406578816,0.0571962406578816,-0.39,-2.767196170574411,14.843368494725926,-1.03632290363143,-0.0670863579460891,-7.897977471847073,0.05,0.15,0.17,15.104140588483142,55.23409480053637,-0.647003153151577
838.77,0.0,15.367563909774772,54.78753964465326,54.83090172644975,55.72948650687188,55.66449557492462,-6.601079999999997,0.0576961531731911,0.0576961531731911,0.0576961531731911,-0.39,-2.767696095585659,14.821371794231018,-1.0957777777760116,-0.1982222222205821,-7.920222222218879,0.05,0.15,0.17,15.08261593823654,55.253105863224874,-0.6499667992562597
838.78,0.0,15.322451127819916,54.72581018999972,54.86169270000093,55.83580251000121,55.65094716999996,-6.631079999999827,0.0581960656885005,0.0581960656885005,0.0581960656885005,-0.39,-2.7681960205969065,14.799375093736108,-1.235602996252562,-0.3280599250916648,-8.184891385763779,0.05,0.15,0.17,15.061092668646097,55.268563142500454,-0.6433671994379905
838.79,0.0,15.277338345865056,54.77075018999973,54.71189270000093,55.64106251000121,55.65736716999996,-6.658920000000339,0.05869597820381,0.05869597820381,0.05869597820381,-0.39,-2.7686959456081546,14.777378393241198,-1.228498874156328,-0.1185389041822707,-8.985701776319644,0.05,0.15,0.17,15.039570785639425,55.19526814250046,-0.541574697046502
838.8000000000001,0.0,15.232225563909685,54.80567566283032,54.56501612306115,55.450481535767445,55.65809953976916,-6.628919999999997,0.0591958907191252,0.0591958907191252,0.0591958907191252,-0.39,-2.7691958706194084,14.75538169274604,-1.1734575931947726,0.2017012759576864,-9.961433575183577,0.05,0.15,0.17,15.018050295177487,55.119818215357014,-0.40872456330734314
838.8100000000001,0.0,15.187112781954824,54.59049807403619,54.49114918959451,55.36376817908921,55.51678888444168,-6.602160540135039,0.0596958032344346,0.0596958032344346,0.0596958032344346,-0.39,-2.769695795630656,14.733384992251132,-1.405230961298787,0.1781348314605038,-10.162272159800189,0.05,0.15,0.17,14.996531203255806,54.9905510817904,-0.45371347060438605
838.82,0.0,15.141999999999967,54.38382,54.42218199551024,55.27272069842802,55.37874064355185,-6.662175543885938,0.06,0.06,0.06,-0.3831218583768386,-2.7675162266360807,14.711020203991984,-1.7298252184764935,0.0433033707866871,-10.112334581772847,0.05,0.15,0.17,14.973978892242384,54.86436583437253,-0.5562558465079619
838.83,0.0,15.096887218045108,54.38382,54.47235909703181,55.07628268396057,55.32002275879256,-6.722189999999929,0.06,0.06,0.06,-0.3655531696842614,-2.761171977941539,14.688083304865565,-1.7194815927874898,0.0137716003005212,-9.372081141999397,0.05,0.15,0.17,14.949832473385992,54.813121134946236,-0.6617403803652963
838.84,0.0,15.051774436090248,54.38434078470329,54.51579534641135,54.89032829401566,55.263955182518046,-6.78218999999993,0.06,0.06,0.06,-0.3479844809916841,-2.754827729246997,14.665146405739144,-1.599271224643085,0.0187803656398714,-8.405389431504807,0.05,0.15,0.17,14.925705615434165,54.76360490191209,-0.7681900045474455
838.85,0.0,15.00666165413539,54.39922034765338,54.37337667246052,54.99342240874126,55.28096039731815,-6.84,0.06,0.06,0.06,-0.3304157922991068,-2.7484834805524554,14.642209506612724,-1.460417082917335,-0.0366808191806887,-8.566765734264822,0.05,0.15,0.17,14.901598413398828,54.76174495654333,-0.6913705187166646
838.86,0.0,14.961548872180533,54.41396408602153,54.23549268817222,55.08992795698872,55.29612731182778,-6.84,0.06,0.06,0.06,-0.3128471036065295,-2.7421392318579136,14.619272607486304,-1.3155619380626475,-0.1116058941055271,-9.091241258738693,0.05,0.15,0.17,14.877510962830062,54.75887801075256,-0.5555609095706269
838.87,0.0,14.95,54.422526226556656,54.303989812453246,54.88657711927942,55.22763018754676,-6.84,0.06,0.06,0.06,-0.2952784149139522,-2.735794983163372,14.596335708359884,-1.2233558558564248,0.4893093093030882,-9.63161411410998,0.05,0.15,0.17,14.853443359819225,54.710180836459024,-0.5053023406213568
838.88,0.0,14.95,54.42649801999973,54.36676633999974,54.690666040000174,55.16247612000011,-6.84,0.06,0.06,0.06,-0.277709726221375,-2.7294507344688297,14.573398809233462,-1.1482807807815396,1.3101301301218355,-10.177159659654148,0.05,0.15,0.17,14.829395701002035,54.661601629999936,-0.4828804587084673
838.89,0.0,14.95,54.22640801999974,54.17523633999975,54.82548604000018,55.24593612000011,-6.84,0.06,0.06,0.06,-0.2601410375287977,-2.723106485774288,14.550461910107042,-1.2244680319669314,1.1094555444602108,-10.771003995998626,0.05,0.15,0.17,14.805368083561733,54.61826662999995,-0.39772717488335996
838.9,0.0,14.95,54.03185759879192,53.98792,54.955562501887634,55.32412350364943,-6.84,0.06,0.06,0.06,-0.2425723488362204,-2.716762237079746,14.527525010980622,-1.3493431568423713,0.5799850149883463,-11.380394605390771,0.05,0.15,0.17,14.781360605232186,54.57486590108225,-0.29238209149908045
838.91,0.0,14.95,54.08356663478487,53.98792,54.87476713314864,55.16791912408738,-6.841064999999699,0.06,0.06,0.06,-0.2250036601436431,-2.7104179883852044,14.5045881118542,-1.5084255319135225,0.1062728410549843,-10.789664580733811,0.05,0.15,0.17,14.757373364301058,54.52854322300522,-0.38594705749696245
838.9200000000001,0.0,14.95,54.12834640675261,53.988033190961055,54.79925474050246,55.01431703501262,-6.871065000000041,0.06,0.06,0.06,-0.2074349714508661,-2.7040737396905907,14.48165121272752,-1.6786382978723666,-0.34929662077604,-9.8084380475593,0.05,0.15,0.17,14.73340645961271,54.48248784330719,-0.5442335836355648
838.9300000000001,0.0,14.95,53.98486490687759,53.99122166873605,54.86727559970248,54.931416612862606,-6.9,0.06,0.06,0.06,-0.1898662827582888,-2.697729490996049,14.4587143136011,-1.5763495630466715,-0.4486591760300004,-9.622923845193332,0.05,0.15,0.17,14.709459990572446,54.44369469704468,-0.5276263959096167
838.94,0.0,14.95,53.844751807048254,53.99269261184694,54.92906964258906,54.85085775056239,-6.9,0.06,0.06,0.06,-0.1722975940657116,-2.691385242301507,14.435777414474678,-1.3865867665427816,-0.4336779026217985,-9.692836454431609,0.05,0.15,0.17,14.68553405714809,54.404342953011664,-0.45487763292767086
838.95,0.0,14.95,53.85437940014998,53.91781133216681,54.714053396650414,54.87439186703329,-6.898965775668137,0.06,0.06,0.06,-0.1547289053731343,-2.685040993606965,14.41284051534826,-1.4155444305377962,-0.0145056320421217,-9.823316645806695,0.05,0.15,0.17,14.661628759874263,54.340158999000124,-0.4884425482554339
838.96,0.0,14.95,53.85835340462505,53.84071822929573,54.502950569509984,54.89570363591125,-6.868988258805897,0.06,0.06,0.06,-0.137160216680557,-2.678696744912424,14.389903616221838,-1.5156695869836063,0.5361827284098362,-9.97350438047541,0.05,0.15,0.17,14.637744199855339,54.274431459835505,-0.5565999195485154
838.97,0.0,14.914510646806326,53.60502338721597,53.66296145237423,54.46995380253653,54.81587274807226,-6.838020989505467,0.06,0.06,0.06,-0.1195915279879797,-2.672352496217881,14.366966717095416,-1.5740224719099989,0.7796279650433295,-10.267058676653324,0.05,0.15,0.17,14.613880478768666,54.13845284754975,-0.557084181743192
838.98,0.0,14.864525642307694,53.35405382951949,53.48609457379874,54.43378041739802,54.734374815185866,-6.778050974512888,0.06,0.06,0.06,-0.1020228392954025,-2.66600824752334,14.344029817968998,-1.6189662921346044,0.924446941322614,-10.606634207239232,0.05,0.15,0.17,14.590037698867818,54.002075908975534,-0.5358451077278722
838.99,0.0,14.814540637809062,53.31531105858675,53.38923764646688,54.11200018103997,54.50299437767088,-6.71904023994005,0.06,0.06,0.06,-0.0844541506028252,-2.659663998828798,14.321092918842576,-1.818908362541679,0.4008312468766297,-10.240398097150804,0.05,0.15,0.17,14.566215962985822,53.829885815941125,-0.6039678127508872
839.0,0.0,14.764555633310431,53.2765733,53.2935007,53.7988082,54.277614475,-6.6890477380655,0.06,0.06,0.06,-0.0668854619102479,-2.653319750134256,14.298156019716156,-2.069283925885747,-0.3402804206218122,-9.64450425639192,0.05,0.15,0.17,14.542415374538468,53.66162416875,-0.7011671470046291
839.01,0.0,14.7145706288118,53.2380533,53.2464207,53.8587282,54.312924475,-6.662836418209109,0.06,0.06,0.06,-0.0493167732176706,-2.6469755014397145,14.275219120589735,-1.816108337498061,-0.542690963554357,-9.5,0.05,0.15,0.17,14.518636037527541,53.66403166875,-0.6169674834584428
839.02,0.0,14.664585624313167,53.20032779305174,53.19958165458635,53.91609655086228,54.34402220444888,-6.75288144072025,0.06,0.06,0.06,-0.0317480845250934,-2.6406312527451727,14.252282221463316,-1.401729905145022,-0.5726460309533719,-9.5,0.05,0.15,0.17,14.494878056544142,53.665007050737316,-0.4746961935496763
839.03,0.0,14.614600619814537,53.19711859535116,53.16321074731314,53.86260992251933,54.192120179954905,-6.837077192106151,0.06,0.06,0.06,-0.0413747368419676,-2.6366823684210927,14.238625263158031,-1.3377816725083358,-0.100172759144135,-9.75313720580585,0.05,0.15,0.17,14.480754647649878,53.60376486128464,-0.46404116180818306
839.04,0.0,14.564615615315905,53.19346199049759,53.12686298574639,53.811006376594186,54.046903515879166,-6.747144641519433,0.06,0.06,0.06,-0.0540063157893285,-2.632998157894779,14.225993684210671,-1.3878567851771495,0.5357811717497983,-10.088640460686902,0.05,0.15,0.17,14.467705149221986,53.544558717179335,-0.4962115659594069
839.0500000000001,0.0,14.514630610816706,53.16991610402573,53.09154415603859,53.84311440360128,54.19888151037942,-6.66,0.06,0.06,0.06,-0.0666378947368329,-2.629313947368424,14.213362105263167,-1.2259925093641666,0.7429588014978624,-10.472621722844927,0.05,0.15,0.17,14.454666885756035,53.57586404351126,-0.40528622927349905
839.0600000000001,0.0,14.464645606318074,53.142519445136514,53.053313376653975,53.86954178955012,54.34045999499774,-6.66,0.06,0.06,0.06,-0.0792694736841938,-2.62562973684211,14.200730526315809,-0.9962796504384048,0.8128714107361378,-10.872122347063645,0.05,0.15,0.17,14.441639887681918,53.601458651584586,-0.27495400525600666
839.07,0.0,14.45,52.94782811796929,52.88857456135863,53.64917688077842,54.03023755061041,-6.659100224943647,0.06,0.06,0.06,-0.0919010526315547,-2.6219455263157965,14.188098947368443,-1.0496120150180444,0.2592615769750109,-10.508873591993057,0.05,0.15,0.17,14.428624185512621,53.378954277679185,-0.2902712766934263
839.08,0.0,14.45,52.75617206801692,52.72793091772946,53.436556144036174,53.7257097974493,-6.629107723069097,0.06,0.06,0.06,-0.1045326315789155,-2.618261315789483,14.175467368421083,-1.1947934918644696,-0.4966833541908586,-9.898110137673612,0.05,0.15,0.17,14.415619809844994,53.161592231807965,-0.3528522916908347
839.09,0.0,14.45,52.6994478869717,52.74933626906728,53.56819905476378,53.67433695423853,-6.600884778805448,0.06,0.06,0.06,-0.1171642105262764,-2.614577105263169,14.162835789473723,-1.2451310861422464,-0.6648689138577536,-9.269588014983675,0.05,0.15,0.17,14.402626791359705,53.172830041260326,-0.4473877864137186
839.1,0.0,14.45,52.644120375,52.768358075,53.696807775,53.62426445,-6.630877280679828,0.06,0.06,0.06,-0.1297957894736373,-2.610892894736856,14.150204210526365,-1.265106117353182,-0.6448938826468178,-8.635380774036465,0.05,0.15,0.17,14.389645160821393,53.18338766875,-0.5521529330620235
839.11,0.0,14.45,52.649470375,52.683828075,53.693597775,53.63068445,-6.66,0.06,0.06,0.06,-0.1424273684209981,-2.6072086842105424,14.137572631579,-1.4438673341665529,-0.3565206508154028,-8.525356695869535,0.05,0.15,0.17,14.376674949078794,53.16439516875,-0.6588214668084936
839.12,0.0,14.45,52.6531592,52.60006847499999,53.68728209999999,53.638428575000006,-6.66,0.06,0.06,0.06,-0.155058947368359,-2.6035244736842285,14.12494105263164,-1.6741551939919173,0.0189486858563866,-8.585431789737022,0.05,0.15,0.17,14.363716187064902,53.1447345875,-0.7661076559709474
839.13,0.0,14.45,52.5846792,52.549778475,53.5460421,53.703698575,-6.657613806903335,0.06,0.06,0.06,-0.1676905263157198,-2.599840263157915,14.11230947368428,-1.6467790262176447,0.6395880149786239,-9.488951310856976,0.05,0.15,0.17,14.350768905797073,53.0960495875,-0.6847131153974279
839.14,0.0,14.45,52.516054328582136,52.49712825206301,53.404560495123775,53.76258747186795,-6.5675687843921935,0.06,0.06,0.06,-0.1803221052630807,-2.596156052631601,14.09967789473692,-1.536916354557498,1.338714107361377,-10.662484394499456,0.05,0.15,0.17,14.337833136377169,53.04508263690922,-0.5429158329606198
839.15,0.0,14.45,52.44113559889976,52.341939454863805,53.252582500625245,53.54425288822218,-6.480823970037416,0.06,0.06,0.06,-0.1929536842104416,-2.592471842105288,14.08704631578956,-1.702765957444429,0.901464330420528,-10.810150187736395,0.05,0.15,0.17,14.324908909991693,52.89497761065275,-0.5307970418152375
839.16,0.0,14.45,52.36582406898286,52.18798263434154,53.100876895776224,53.328528822794425,-6.51078651685382,0.06,0.06,0.06,-0.2055852631578024,-2.5887876315789744,14.074414736842195,-1.9580851063797928,0.0954568210363404,-10.6249186483127,0.05,0.15,0.17,14.311996257911916,52.74580310547376,-0.5607593504944781
839.1700000000001,0.0,14.432248003992015,52.273827068231945,52.08635804048878,52.9607419295161,53.22369503124106,-6.54,0.06,0.06,0.06,-0.2182168421053069,-2.5851034210526187,14.061783157894691,-1.8459490509490435,-0.3724275724275847,-10.258384115884102,0.05,0.15,0.17,14.299095211493878,52.63615551736947,-0.5299203695136093
839.1800000000001,0.0,14.407297904191632,52.18315367499962,51.98868117500084,52.82402482500013,53.120353299999564,-6.54,0.06,0.06,0.06,-0.2308484210526678,-2.581419210526305,14.049151578947331,-1.616178821178234,-0.7320679320688512,-9.833808691307606,0.05,0.15,0.17,14.286205802179074,52.52905324375004,-0.4796169492679644
839.19,0.0,14.382347804391248,52.14998367499981,52.06251117500041,52.83579482500007,53.081833299999786,-6.5407494379217095,0.06,0.06,0.06,-0.2434800000000286,-2.577734999999992,14.036519999999973,-1.3557596996243184,-0.5098573216517427,-9.85481351689625,0.05,0.15,0.17,14.273328061493725,52.532530743750016,-0.4120904947831823
839.2,0.0,14.357397704590865,52.11587517120719,52.13017910022493,52.843665583604086,53.04290434391402,-6.570726954783949,0.06,0.06,0.06,-0.2561115789473895,-2.5740507894736777,14.023888421052613,-1.0854217772221686,-0.0993441802262559,-10.020020025030895,0.05,0.15,0.17,14.260462021049477,52.533156049737556,-0.33899020592196555
839.21,0.0,14.33244760479048,52.040993891527066,51.9301391102223,52.68213596600838,52.98620851787049,-6.597883412559646,0.06,0.06,0.06,-0.2687431578947504,-2.570366578947364,14.011256842105247,-1.0578432351470508,0.4238442336469677,-9.919980029955912,0.05,0.15,0.17,14.24760771254339,52.40986937140706,-0.3992717354506769
839.22,0.0,14.307497504990096,51.965007884086766,51.73489988008996,52.52416,52.92951331501367,-6.50781586189682,0.0595810763687092,0.0595810763687092,0.0595810763687092,-0.2679065442287576,-2.566231779611764,13.995345809601304,-1.107768347478459,0.9830054917587384,-9.735257114329702,0.05,0.15,0.17,14.231198958396117,52.288395269797604,-0.5021369062075085
839.23,0.0,14.282547405189716,51.83991170621993,51.7530762478142,52.52416,52.87284581563809,-6.420499666888617,0.0591161222829257,0.0591161222829257,0.0591161222829257,-0.2655817737998404,-2.5620471928397124,13.979072416598882,-1.2182728410506605,0.8289612015038137,-9.91678347934768,0.05,0.15,0.17,14.214397107349583,52.24749844241805,-0.4957564575869916
839.24,0.0,14.257597305389332,51.717076100940055,51.76905660564032,52.51942785749512,52.81636318159303,-6.440486342438284,0.0586511681971423,0.0586511681971423,0.0586511681971423,-0.2632570033709231,-2.557862606067661,13.962799023596462,-1.348435544430214,0.443479349187443,-10.21715894868511,0.05,0.15,0.17,14.197595639216148,52.20548093641713,-0.45392544373673527
839.25,0.0,14.232647205588949,51.70225175655611,51.68011053933668,52.28859163780234,52.76871350321608,-6.460473017987951,0.0581862141113588,0.0581862141113588,0.0581862141113588,-0.2609322329420058,-2.55367801929561,13.94652563059404,-1.4102697302695597,0.001898101900063,-9.832170329672907,0.05,0.15,0.17,14.180794555356838,52.1099168592278,-0.4870370151982372
839.26,0.0,14.207697105788563,51.68742741217217,51.59116447303304,52.05775541810955,52.72106382483913,-6.48,0.0577212600255754,0.0577212600255754,0.0577212600255754,-0.2586074625130886,-2.549493432523559,13.93025223759162,-1.4502297702294735,-0.4576423576389456,-9.227774725279213,0.05,0.15,0.17,14.163993857139115,52.01435278203847,-0.5441401073703481
839.27,0.0,14.2,51.624985203824856,51.56887311860426,52.15021573225969,52.68300500922664,-6.48,0.0572563059397919,0.0572563059397919,0.0572563059397919,-0.2562826920841712,-2.5453088457515083,13.9139788445892,-1.463782227784678,-0.3884530663354593,-9.166991239047592,0.05,0.15,0.17,14.147193545936897,52.00676976597886,-0.565084733881535
839.28,0.0,14.2,51.562519174635206,51.54661510820335,52.2428377755409,52.64495099144443,-6.481978516112016,0.0567913518540084,0.0567913518540084,0.0567913518540084,-0.253957921655254,-2.541124258979457,13.897705451586775,-1.46878848560694,-0.1481526908668816,-9.28213516895962,0.05,0.15,0.17,14.130393623130606,51.99923076245597,-0.5743275141260263
839.29,0.0,14.2,51.50028472881792,51.52382472881792,52.32971631592154,52.60847364658824,-6.571911066699245,0.056326397768225,0.056326397768225,0.056326397768225,-0.2516331512263367,-2.536939672207406,13.881432058584355,-1.5683924113814145,0.2922166749816487,-9.453804293557452,0.05,0.15,0.17,14.113594090107219,51.9905748550364,-0.6275875118473005
839.3000000000001,0.0,14.2,51.45000729817498,51.47354729817498,52.1200487328148,52.65340241439683,-6.658769999999694,0.0558614436824363,0.0558614436824363,0.0558614436824363,-0.249308380797393,-2.532755085435307,13.86515866558175,-1.698197703445288,0.7964603095374652,-9.643519720420036,0.05,0.15,0.17,14.096794948260081,51.9242514358904,-0.69490049984668
839.3100000000001,0.0,14.2,51.39828993265025,51.42352848091757,51.91392424045878,52.69341163382168,-6.598769999999694,0.0553964895966528,0.0553964895966528,0.0553964895966528,-0.2469836103684757,-2.528570498663256,13.84888527257933,-1.514501752628495,0.7158437656480479,-10.196609914873362,0.05,0.15,0.17,14.079996198989738,51.85728857196207,-0.5411250569081506
839.32,0.0,14.2,51.270178184085246,51.387230152157485,51.89577507607874,52.47241886754705,-6.538156382712513,0.0549315355108693,0.0549315355108693,0.0549315355108693,-0.2446588399395584,-2.5243859118912053,13.832611879576907,-1.2290736104162572,0.4454381572364541,-10.867616424635465,0.05,0.15,0.17,14.063197843702817,51.75640056996713,-0.31560568605134054
839.33,0.0,14.2,51.14386,51.34750934401636,51.8749545117679,52.25259967951944,-6.4482238321257945,0.0544665814250859,0.0544665814250859,0.0544665814250859,-0.2423340695106412,-2.520201325119154,13.81633848657449,-1.3031920561875978,-0.1413659481702277,-10.62245337854299,0.05,0.15,0.17,14.04639988381284,51.65473088382593,-0.3165807422424462
839.34,0.0,14.2,51.14386,51.06674820230326,51.66599106659975,52.11543393089625,-6.36,0.0540016273393024,0.0540016273393024,0.0540016273393024,-0.2400092990817239,-2.516016738347103,13.800065093572067,-1.4920997820295376,-0.8291838217485733,-10.084792928069778,0.05,0.15,0.17,14.029602320740054,51.49800829994982,-0.3898666841149941
839.35,0.0,14.2,51.14386,50.79339294235128,51.46112474669337,51.98069079111556,-6.36,0.053536673253519,0.053536673253519,0.053536673253519,-0.2376845286528066,-2.511832151575052,13.783791700569646,-1.4209767441862815,-0.6529302325588446,-9.565186046512274,0.05,0.15,0.17,14.012805155911492,51.34476712004005,-0.4629462514122751
839.36,0.0,14.2,51.14386,50.9482719041679,51.493168669827845,51.98603144497131,-6.360569715142356,0.0530717191677355,0.0530717191677355,0.0530717191677355,-0.2353597582238893,-2.5076475648030008,13.767518307567226,-1.2349302325588445,-0.0947906976765337,-9.053558139536822,0.05,0.15,0.17,13.996008390761002,51.39283300474176,-0.5359346091820588
839.37,0.0,14.17487269096382,51.142040384903765,51.09827281179704,51.52434675831042,51.990491282179455,-6.390554722638645,0.0526067650819521,0.0526067650819521,0.0526067650819521,-0.2330349877949721,-2.50346297803095,13.751244914564804,-1.2619495756359915,0.2217673489751363,-9.051178232650091,0.05,0.15,0.17,13.979212026729282,51.43878780929767,-0.5782852648955245
839.38,0.0,14.139925112331795,51.00725408147954,50.89181442639326,51.49225478130465,51.93058625843536,-6.420540000000002,0.0521418109961686,0.0521418109961686,0.0521418109961686,-0.2307102173660548,-2.4992783912588985,13.734971521562384,-1.3568072890656668,0.4614078881658952,-9.210938592110598,0.05,0.15,0.17,13.962416065263936,51.330477386903205,-0.6108811347859467
839.39,0.0,14.10497753369977,50.87428979427999,50.690496758655534,51.46143149021584,51.87317693928768,-6.450540000000002,0.0516768569103852,0.0516768569103852,0.0516768569103852,-0.2283854469371375,-2.495093804486848,13.718698128559964,-1.3346132665838648,0.6561602002484055,-9.805987484347655,0.05,0.15,0.17,13.945620507819505,51.224848745609755,-0.5336251072849387
839.4,0.0,14.070029955067744,50.87965858504766,50.87947819367752,51.52693073758141,52.00524919217235,-6.478920809392957,0.0512119028246017,0.0512119028246017,0.0512119028246017,-0.2260606765082202,-2.490909217714796,13.702424735557544,-1.2745381727167204,0.8363854818498387,-10.541907384220176,0.05,0.15,0.17,13.92882535585751,51.322829177119736,-0.4208180686477337
839.41,0.0,14.03508237643572,50.88235135784011,51.06114811703014,51.58514790697824,52.12877212303224,-6.418965775668478,0.0507469487388183,0.0507469487388183,0.0507469487388183,-0.223735906079303,-2.4867246309427453,13.68615134255512,-1.418981273405698,0.3992709113684844,-10.704858926342316,0.05,0.15,0.17,13.91203061084649,51.41435487622018,-0.3992112865413293
839.4200000000001,0.0,14.000134797803296,50.75391924981172,50.88455396849111,51.28654325581224,51.83337827456696,-6.36,0.0502819946530295,0.0502819946530295,0.0502819946530295,-0.2214111356503593,-2.482540044170647,13.669877949552514,-1.6287191011240991,-0.234936329589538,-10.68488389513104,0.05,0.15,0.17,13.895236274261867,51.18959868717051,-0.4067212090289408
839.4300000000001,0.0,13.965187219171272,50.62746506096028,50.70793417267886,50.99674525006287,51.5434942174669,-6.36,0.0502071815932162,0.0502071815932162,0.0502071815932162,-0.22,-2.479586152428593,13.652136896143274,-1.558938407611368,-0.6169904857286852,-10.339514271406973,0.05,0.15,0.17,13.877232768760209,50.96890967529223,-0.39582786555573257
839.44,0.0,13.930239640539249,50.59551681512796,50.53008893754564,51.12773305797537,51.5168706792733,-6.36,0.0507336913599719,0.0507336913599719,0.0507336913599719,-0.22,-2.4785331051730983,13.632128998288865,-1.3986980470711643,-0.9174411617415672,-9.888838257387649,0.05,0.15,0.17,13.857361486929147,50.94255237248057,-0.37897873316482417
839.45,0.0,13.89529206190722,50.56301590327117,50.35432277856811,51.258083641536736,51.49038373636786,-6.36,0.0512602011267275,0.0512602011267275,0.0512602011267275,-0.22,-2.477480057917603,13.612121100434456,-1.2766899650530623,-0.5999575636575201,-9.874670494257884,0.05,0.15,0.17,13.837490678958824,50.91645151493597,-0.3731632395629866
839.46,0.0,13.860344483275195,50.48082529160723,50.36548446657186,51.3311419630158,51.47617795163582,-6.36,0.0517867108934832,0.0517867108934832,0.0517867108934832,-0.22,-2.476427010662108,13.59211320258005,-1.1668547179239648,-0.0857289066440165,-9.999483275086405,0.05,0.15,0.17,13.817620346893591,50.91340741820768,-0.3708607634530738
839.47,0.0,13.85,50.39863467994329,50.3766461545756,51.40420028449485,51.46197216690378,-6.36,0.0523132206602389,0.0523132206602389,0.0523132206602389,-0.22,-2.4753739634066125,13.57210530472564,-1.283760640960156,0.4183174762109362,-9.784093640462892,0.05,0.15,0.17,13.797750492789513,50.91036332147938,-0.4951294265933961
839.48,0.0,13.85,50.27306692429868,50.189719078877886,51.15180938062491,51.52597858125986,-6.36,0.0528397304269946,0.0528397304269946,0.0528397304269946,-0.22,-2.4743209161511173,13.552097406871232,-1.474046069102731,0.9190686029019236,-9.458605408113751,0.05,0.15,0.17,13.777881118714477,50.78514349126534,-0.6603598945623823
839.49,0.0,13.85,50.14448,49.98590963073872,50.86834140718568,51.59350026946068,-6.36,0.0533662401937503,0.0533662401937503,0.0533662401937503,-0.22,-2.4732678688956224,13.532089509016824,-1.4480324594263172,0.5816803995044406,-9.781503121095284,0.05,0.15,0.1627660594439231,13.758012226748262,50.64805782684627,-0.5676742600270664
839.5,0.0,13.85,50.14448,50.13434276447116,50.909988113772485,51.28275176646687,-6.359580209895092,0.053892749960506,0.053892749960506,0.053892749960506,-0.22,-2.472214821640127,13.512081611162415,-1.3531510611743722,-0.0225642946263673,-10.310841448185082,0.05,0.15,0.1674346917449939,13.738143818982628,50.61789066117763,-0.39287031467265365
839.51,0.0,13.85,50.143372273068266,50.27947498874718,50.950181170292566,50.97361521380345,-6.329595202398972,0.0544192597272616,0.0544192597272616,0.0544192597272616,-0.22,-2.471161774384632,13.492073713308008,-1.4130769230760931,-0.3814685314664188,-10.205874125876464,0.05,0.15,0.17,13.718275897521405,50.586660911477864,-0.3915600471420871
839.52,0.0,13.85,50.02029150287579,50.061140405101405,50.83031120280077,50.84197230307585,-6.3,0.0549457694940173,0.0549457694940173,0.0549457694940173,-0.22,-2.4701087271291366,13.4720658154536,-1.5229670329664802,-0.6611888111874038,-9.896183816185374,0.05,0.15,0.17,13.698408464480572,50.43842885346345,-0.44624509362103004
839.53,0.0,13.85,49.89685639270567,49.845133934549054,50.71170188858354,50.71178314763924,-6.3,0.055472279260773,0.055472279260773,0.055472279260773,-0.22,-2.4690556798736414,13.452057917599191,-1.557545659244375,-0.5790868151125023,-9.472899674758755,0.05,0.15,0.17,13.67854152198835,50.291368840869374,-0.5304537882126402
839.54,0.0,13.85,49.73647667749269,49.871863887084544,50.72453226580058,50.73316710966764,-6.3,0.0559987890275287,0.0559987890275287,0.0559987890275287,-0.22,-2.4680026326181466,13.432050019744784,-1.567553164873578,-0.3789367025284431,-9.01255441581542,0.05,0.15,0.17,13.658675072185293,50.26650998501137,-0.624294866671477
839.5500000000001,0.0,13.85,49.577740421052745,49.89768490225541,50.736779438596336,50.75428560400999,-6.3,0.0565252987942904,0.0565252987942904,0.0565252987942904,-0.22,-2.46694958536264,13.412042121890147,-1.5056860290435392,-0.2581196795192497,-9.319932398598068,0.05,0.15,0.17,13.638809117224145,50.241622591478624,-0.569563489045977
839.5600000000001,0.0,13.85,49.622793052631664,49.81079768421036,50.67670926315778,50.74248610526313,-6.300344827586358,0.057051808561046,0.057051808561046,0.057051808561046,-0.22,-2.465896538107144,13.39203422403574,-1.420558337506556,-0.1629769654485037,-9.8757661492219,0.05,0.15,0.17,13.618943659270837,50.213196526315734,-0.46675009221059843
839.57,0.0,13.826145916733482,49.66726,49.723958265204274,50.61699007976068,50.73142247258231,-6.330329835082477,0.0575783183278017,0.0575783183278017,0.0575783183278017,-0.22,-2.4648434908516488,13.37202632618133,-1.373485642946538,0.4281647940027596,-10.411503121095285,0.05,0.15,0.17,13.599078700503219,50.184907704386816,-0.4313335154105491
839.58,0.0,13.791117894315578,49.66726,49.6407478963108,50.583919292123525,50.77622805583265,-6.3596850000001135,0.0581048280945574,0.0581048280945574,0.0581048280945574,-0.22,-2.463790443596154,13.352018428326923,-1.3385293383274004,1.177228464412852,-10.940841448185084,0.05,0.15,0.17,13.579214243112062,50.167038811066746,-0.4173755174357114
839.59,0.0,13.756089871897675,49.66726,49.55835120736885,50.54949883992915,50.818363176498174,-6.329685000000113,0.0586313378613131,0.0586313378613131,0.0586313378613131,-0.22,-2.4627373963406587,13.332010530472514,-1.341354192740813,0.7544430538233144,-10.892117647060598,0.05,0.15,0.17,13.559350289300912,50.14836830594904,-0.3817351905927966
839.6,0.0,13.72106184947977,49.66726,49.59138083146642,50.323618829971615,50.48167410505204,-6.3,0.0591578476280688,0.0591578476280688,0.0591578476280688,-0.22,-2.4616843490851634,13.312002632618109,-1.3563729662076844,-0.0465581977431697,-10.656823529412945,0.05,0.15,0.17,13.539486841286205,50.01598344162252,-0.33909686342702094
839.61,0.0,13.686033827061868,49.66726,49.624410455563975,50.09773882001408,50.1449850336059,-6.3,0.0596843573948245,0.0596843573948245,0.0596843573948245,-0.22,-2.460631301829668,13.291994734763698,-1.2842446941329655,-0.3612084893872553,-10.134104868917737,0.05,0.15,0.17,13.519623901297322,49.88359857729599,-0.36126381725613443
839.62,0.0,13.651005804643964,49.4864132896722,49.43823094710292,50.0974,50.10895653904275,-6.3,0.06,0.06,0.06,-0.220572129235019,-2.458474322039949,13.273515868669785,-1.1843695380782864,-0.5210087390747418,-9.519872659181464,0.05,0.15,0.17,13.501072978550766,49.78275019395447,-0.40406422574660694
839.63,0.0,13.61597778222606,49.307251191838766,49.25491570539936,50.097759417765616,50.07509639711371,-6.3,0.06,0.06,0.06,-0.2220006666507934,-2.4546648889312177,13.257325777957677,-1.0502428035054756,-0.4237496871102457,-9.392708385481626,0.05,0.15,0.17,13.484485559184163,49.68375567802937,-0.3883800395478609
839.64,0.0,13.580949759808156,49.27104317989547,49.30496795720332,50.12438295595921,50.16668136849969,-6.301020000000149,0.06,0.06,0.06,-0.2234292040665677,-2.4508554558224858,13.241135687245563,-0.9050613266590504,-0.2435244055077867,-9.422745932415369,0.05,0.15,0.17,13.467898401852187,49.716768865389426,-0.353819873051626
839.65,0.0,13.545921737390254,49.23456659696278,49.354513144137314,50.15012433656933,50.25797245207869,-6.421019999999467,0.06,0.06,0.06,-0.2248577414823421,-2.4470460227137543,13.224945596533455,-1.1882517482488977,-0.0067757242774551,-9.464098401598095,0.05,0.15,0.17,13.451311507524215,49.74929413243703,-0.4672805652036548
839.66,0.0,13.51089371497235,49.13121583768975,49.27779917849136,49.95620847896428,50.2760854717451,-6.54,0.06,0.06,0.06,-0.2262862788981164,-2.4432365896050228,13.208755505821347,-1.607832167827992,0.2479695304669952,-9.509053446553,0.05,0.15,0.17,13.434724877174377,49.66032724172262,-0.6278698497939349
839.6700000000001,0.0,13.5,49.02786507841555,49.20108521284453,49.76229262135702,50.294198491411706,-6.54,0.06,0.06,0.06,-0.227714816313907,-2.439427156496248,13.192565415109051,-1.573659574468399,0.4160425531912452,-9.894936170211905,0.05,0.15,0.17,13.41813851178142,49.5713603510072,-0.5754718957620351
839.6800000000001,0.0,13.5,48.93790208552041,49.05157680920069,49.80084170042553,50.08012427606671,-6.539834917458464,0.06,0.06,0.06,-0.2291433537296814,-2.4356177233875163,13.176375324396943,-1.393434292866966,0.5562177722145821,-10.390555694615845,0.05,0.15,0.17,13.401552412329496,49.46761121780334,-0.4545182343855957
839.69,0.0,13.5,48.84799960990157,48.90173934983594,49.8404416004005,49.865000495121606,-6.50981990995475,0.06,0.06,0.06,-0.2305718911454558,-2.4318082902787843,13.160185233684835,-1.471227851259237,0.3020838532593125,-10.422867481907424,0.05,0.1427679000480605,0.1627679000480605,13.384966579807042,49.36379526381491,-0.4493270563886882
839.7,0.0,13.5,48.79323387387346,48.86806960960936,49.59843939939756,49.777730270269615,-6.479610097475254,0.06,0.06,0.06,-0.2320004285612301,-2.427998857170053,13.143995142972726,-1.6309483404030327,-0.0772523084572027,-10.30806838033532,0.05,0.14,0.16,13.368381015207573,49.2593682882875,-0.48089313596138683
839.71,0.0,13.5,48.738609249248974,48.83486640640624,49.35530626626503,49.69097351351308,-6.419625093726494,0.06,0.06,0.06,-0.2334289659770045,-2.4241894240613213,13.127805052260616,-1.5188622155556235,-0.1359939985000153,-10.045736434111216,0.05,0.14,0.16,13.351795719529536,49.15493885885833,-0.4768451892713642
839.72,0.0,13.5,48.69473962018963,48.754750524737126,49.42099423288397,49.62782774612654,-6.36,0.06,0.06,0.06,-0.2348575033927788,-2.42037999095259,13.111614961548506,-1.318812203052624,-0.0909827456868404,-9.735658914731568,0.05,0.14,0.16,13.335210693776315,49.12457803098432,-0.4612715914607307
839.73,0.0,13.5,48.65089154422756,48.67454062968455,49.48730107946077,49.564729295351846,-6.36,0.06,0.06,0.06,-0.2362860408085532,-2.416570557843858,13.095424870836398,-1.2246400000005675,0.0107199999988649,-9.648660000000142,0.05,0.14,0.16,13.318625938956288,49.09436563718118,-0.45338842588877415
839.74,0.0,13.5,48.65076,48.61960656948951,49.43280656948951,49.51413625031386,-6.360299850074887,0.06,0.06,0.06,-0.2377145782243275,-2.4127611247351264,13.079234780124288,-1.1646400000005677,0.1307199999988649,-9.633660000000145,0.05,0.14,0.16,13.302041456082835,49.05432734732322,-0.4479873574945066
839.75,0.0,13.5,48.650017572742726,48.56547932355152,49.37742597861182,49.46504570007516,-6.420269865067239,0.06,0.06,0.06,-0.2391431156401019,-2.408951691626395,13.06304468941218,-1.2142760690164096,0.4549137284282321,-9.962723180790826,0.05,0.14,0.16,13.285457246174385,49.01449214374531,-0.4485669960858116
839.76,0.0,13.5,48.55102727182293,48.60805579706541,49.25288979358368,49.60980571002239,-6.480239880059592,0.06,0.06,0.06,-0.2405716530558762,-2.4051422585176634,13.046854598700069,-1.2992973243301844,0.8450112528090812,-10.402833208297425,0.05,0.14,0.1672898706896342,13.26887331025444,49.0054446431236,-0.4510769157677965
839.77,0.0,13.476293640121908,48.45203697090314,48.650632270579294,49.12835360855556,49.75456571996961,-6.539895000000265,0.06,0.06,0.06,-0.2420001904716506,-2.4013328254089314,13.03066450798796,-1.304873781554816,0.2593201699667274,-10.570504873780736,0.05,0.14,0.17,13.252289649351614,48.9963971425019,-0.36667211257284305
839.78,0.0,13.441431346182975,48.40055967016505,48.52565252707012,48.94102962851955,49.494833323339,-6.509895000000265,0.06,0.06,0.06,-0.2434287278874249,-2.3975233923002,13.01447441727585,-1.284878780305116,-0.6404548862697811,-10.650484878779537,0.05,0.14,0.17,13.235706264499644,48.84051878727343,-0.25429145343371795
839.79,0.0,13.406569052244045,48.3492253373314,48.40016860236564,48.75351671830775,49.23388379810128,-6.48,0.06,0.06,0.06,-0.2448572653031993,-2.3937139591914685,12.99828432656374,-1.2913428357087782,-0.6331432858244368,-10.465828957241994,0.05,0.14,0.17,13.219123156737455,48.68419861402652,-0.28516807341479455
839.8000000000001,0.0,13.371706758304716,48.29789100449717,48.27468467765974,48.56600380809383,48.972934272860606,-6.48,0.06,0.06,0.06,-0.2462858027189899,-2.389904526082693,12.982094235851449,-1.3063465866466737,-0.3330682670665261,-10.195761440359874,0.05,0.14,0.17,13.20254032710898,48.52787844077784,-0.3622811697289195
839.8100000000001,0.0,13.336844464365782,48.23763448050273,48.17765041509367,48.83527483773773,48.894584332074935,-6.4799250187451625,0.06,0.06,0.06,-0.2477143401347643,-2.386095092973962,12.965904145139335,-1.3062174999999967,0.0917725000003013,-9.797139999999716,0.05,0.14,0.17,13.185957776663939,48.536286016352264,-0.46674113207516554
839.82,0.0,13.30198217042685,48.17665253359843,48.08169043305132,49.10324696864073,48.81829355898477,-6.449932516870612,0.06,0.06,0.06,-0.2491428775505386,-2.38228565986523,12.94971405442723,-1.3012174999999968,0.5567725000003013,-9.357139999999715,0.05,0.14,0.17,13.169375506456781,48.544970873568815,-0.5800034234088695
839.83,0.0,13.267119876487918,48.03071923344911,48.10299456445998,48.95411804878011,48.894988432055946,-6.420179955011815,0.06,0.06,0.06,-0.2507619410448151,-2.3794285442163887,12.93447592742509,-1.379432500000068,0.6775650000000065,-9.053309999999833,0.05,0.14,0.17,13.153905475760704,48.49570506968629,-0.664811225145799
839.84,0.0,13.232257582548986,47.88478593329978,48.124298695868646,48.80498912891948,48.97168330512712,-6.510157460634955,0.06,0.06,0.06,-0.2526667936568419,-2.377999904757369,12.920665745987897,-1.484432500000068,0.6875650000000065,-8.793309999999831,0.05,0.14,0.17,13.140103780990007,48.44643926580376,-0.7404601792729605
839.85,0.0,13.197395288610052,47.84297256371799,47.97474458770558,48.63817025487193,49.05295808095983,-6.6000000000000005,0.06,0.06,0.06,-0.2545716462688688,-2.3765712652983484,12.9068555645507,-1.4986553361660062,0.7391602099473069,-9.36908272931499,0.05,0.14,0.17,13.126302535988541,48.377211371813836,-0.6634648842785942
839.86,0.0,13.162532994671125,47.801263418290645,47.825019450274105,48.471333673162576,49.13423744127977,-6.6000000000000005,0.06,0.06,0.06,-0.2564764988808956,-2.375142625839328,12.893045383113506,-1.483659085228816,0.8041439640084632,-10.21387153211002,0.05,0.14,0.17,13.112501742176496,48.30796349575177,-0.5373369063219531
839.87,0.0,13.15,47.83107260684829,47.80336813796551,48.482743524118966,48.77355353161709,-6.6000000000000005,0.06,0.06,0.06,-0.2583813514929224,-2.373713986380308,12.879235201676313,-1.4837809452362594,0.3360390097587987,-10.329257314329777,0.05,0.14,0.17,13.098701400979987,48.222684450137464,-0.47124024887666627
839.88,0.0,13.15,47.86102511872017,47.78197348662845,48.49451058235435,48.41198392402082,-6.6000000000000005,0.06,0.06,0.06,-0.2602862041049493,-2.372285346921288,12.865425020239115,-1.4887821955488345,-0.3041210302507999,-10.209227306827977,0.05,0.14,0.17,13.084901513831102,48.13737327793095,-0.4245187795339218
839.89,0.0,13.15,47.670192005996114,47.63047343492429,48.2620375268556,48.4078804246815,-6.6000000000000005,0.06,0.06,0.06,-0.2621910567169762,-2.370856707462268,12.851614838801922,-1.3803075000015546,-0.4562175000000536,-10.040047500001984,0.05,0.14,0.1627919269582485,13.071102082167934,47.99264584811438,-0.39787873501178495
839.9,0.0,13.15,47.47880554584086,47.4786473045218,48.02895234074474,48.40467283037722,-6.570127723516344,0.06,0.06,0.06,-0.264095909329003,-2.369428068003248,12.837804657364728,-1.2353075000015543,-0.4512175000000536,-9.855047500001984,0.05,0.14,0.16,13.057303107434606,47.847769505371154,-0.37770244058099295
839.91,0.0,13.15,47.49940781954883,47.43637275187978,48.162637263157634,48.34483010526327,-6.5400751314802426,0.06,0.06,0.06,-0.2660007619410299,-2.3679994285442274,12.823994475927533,-1.2075668917228186,0.0342810702603983,-9.469489872473158,0.05,0.14,0.16,13.043504591081298,47.86081198496238,-0.4772202682061586
839.9200000000001,0.0,13.15,47.52079710348246,47.39449313455197,48.29754846905439,48.28485646203991,-6.56992500000019,0.06,0.06,0.06,-0.2679056145530784,-2.366570789085192,12.81018429449018,-1.2175693923480824,0.6744411102772747,-9.019377344336291,0.05,0.14,0.16,13.029706534564133,47.87442379228219,-0.6152648885920768
839.9300000000001,0.0,13.15,47.47790058631884,47.30762768729565,48.18601752442898,48.32131850162899,-6.59992500000019,0.06,0.06,0.06,-0.2698104671651052,-2.365142149626171,12.796374113052988,-1.178365000000034,1.0646699999998095,-9.383124999999616,0.05,0.14,0.16,13.015908939345834,47.823216074918115,-0.5876276221160629
839.94,0.0,13.15,47.43491809547437,47.22161457981164,48.0742981650907,48.35769120338158,-6.6598200899551365,0.06,0.06,0.06,-0.2717153197771321,-2.363713510167151,12.782563931615792,-1.123365000000034,1.3746699999998095,-10.008124999999616,0.05,0.14,0.16,13.002111806894805,47.772130510939576,-0.5068058133584076
839.95,0.0,13.15,47.37638999999967,47.28972000000039,47.92850999999917,48.377910000000114,-6.719790104947375,0.06,0.06,0.06,-0.2736201723891589,-2.3622848707081308,12.768753750178597,-1.1024318920269949,0.9050962259436124,-10.171352161959508,0.05,0.14,0.16,12.9883151386858,47.74313249999983,-0.4262454997317638
839.96,0.0,13.15,47.31786190452497,47.35782542018913,47.78272183490763,48.39812879661865,-6.72,0.06,0.06,0.06,-0.2755250250011858,-2.3608562312491106,12.754943568741403,-1.0924343914021446,0.1852761809544052,-10.186348412896782,0.05,0.14,0.16,12.974518936199805,47.7141344890601,-0.3457691270784833
839.97,0.0,13.131650092449124,47.25799421933524,47.17105611791074,47.68090483637227,48.02395223582148,-6.72,0.06,0.06,0.06,-0.2774298776132126,-2.3594275917900904,12.741133387304208,-1.2753424999991052,-0.5119849999974799,-10.19,0.05,0.14,0.16,12.960723200924047,47.533476852359925,-0.33413690259877904
839.98,0.0,13.10166658337914,47.19811912565538,46.98287725205977,47.57933101673681,47.64759450411954,-6.660210000000152,0.06,0.06,0.06,-0.2793347302252395,-2.3579989523310703,12.727323205867014,-1.5203424999977126,-1.2019849999935577,-10.19,0.05,0.14,0.16,12.94692793435205,47.35198047464287,-0.3446640305053364
839.99,0.0,13.071683074309153,47.13177493620186,46.78591142356681,47.63603860395322,47.71939152364306,-6.6002100000001525,0.06,0.06,0.06,-0.2812395828372663,-2.35657031287205,12.71351302442982,-1.3870442610681226,-0.7381645411446367,-9.936509127285571,0.05,0.14,0.16,12.933133137983658,47.318279121841236,-0.3864925514185571
840.0,0.0,13.041699565239169,47.065385143857725,46.58888365273906,47.69386197147876,47.79434774080579,-6.570119940030024,0.06,0.06,0.06,-0.2831444354492932,-2.35514167341303,12.699702842992624,-1.1319804951267982,0.0970442610553863,-9.601425356343048,0.05,0.14,0.16,12.919338813325068,47.285619627220335,-0.4383962728573111
840.01,0.0,13.011716056169185,46.9458391199997,46.70378853500029,47.53030628999959,47.77667004499995,-6.540134932533734,0.06,0.06,0.06,-0.28504928806132,-2.35371303395401,12.68589266155543,-1.160839999998562,0.5838749999955065,-9.183135000005333,0.05,0.14,0.16,12.90554496188887,47.23915099749988,-0.5620137855610174
840.02,0.0,12.9817325470992,46.82599911999969,46.82041853500029,47.36552628999959,47.75848004499996,-6.599685236072719,0.06,0.06,0.06,-0.2869541406733469,-2.35228439449499,12.672082480118236,-1.2808399999985622,0.9588749999955066,-8.738135000005332,0.05,0.14,0.16,12.891751585194068,47.19260599749989,-0.7086517094648808
840.03,0.0,12.951749038029217,46.81679289156628,46.73131536144596,47.319747680722976,47.81286781626496,-6.659640269797198,0.06,0.06,0.06,-0.2888589932853738,-2.35085575503597,12.65827229868104,-1.3932908227043057,1.3112303075725944,-8.879872468112918,0.05,0.14,0.16,12.877958684766128,47.17018093750004,-0.7616037433791328
840.04,0.0,12.921765528959227,46.80804162229455,46.64156623538126,47.27468675292375,47.8672883752183,-6.66,0.06,0.06,0.06,-0.2895664630520697,-2.347615546786384,12.642629871885186,-1.5033183295809551,1.6563165791402683,-9.209954988742869,0.05,0.14,0.1673983315953426,12.862007524858678,47.147895746454466,-0.7844822353264648
840.0500000000001,0.0,12.891782019888904,46.7366905399349,46.74806038815687,47.25338792236863,47.77463846230353,-6.66,0.06,0.06,0.06,-0.2884853235310031,-2.341669279420517,12.624250500027053,-1.4959210197451267,0.8122944263951137,-9.69894776305848,0.05,0.14,0.17,12.842832222041517,47.128194328190986,-0.6202300830038687
840.0600000000001,0.0,12.861798510818918,46.66533945757606,46.85455454093125,47.23208909181376,47.68198854938981,-6.689752561859649,0.06,0.06,0.06,-0.2874041840099487,-2.335723012054718,12.60587112816913,-1.4509322669333011,-0.4123994001490232,-10.238812796800389,0.05,0.14,0.17,12.823657436708002,47.10849290992772,-0.3960714207985243
840.07,0.0,12.85,46.59575880640439,46.63980791848535,47.04531767103277,47.49677979621472,-6.719745063734029,0.06,0.06,0.06,-0.2863230444888943,-2.329776744688919,12.587491756311204,-1.4627156789196971,-0.7554313578393943,-10.434361090272477,0.05,0.14,0.17,12.804483171182708,46.944416048034306,-0.3347648016423083
840.08,0.0,12.85,46.52619063561369,46.42279675885465,46.857379776807136,47.31091856380374,-6.660510000000078,0.06,0.06,0.06,-0.2852419049678399,-2.32383047732312,12.56911238445328,-1.492723180795147,-0.8154463615902943,-10.519382345586251,0.05,0.14,0.17,12.785309427804332,46.7793214337698,-0.32573433368961935
840.09,0.0,12.85,46.42078575843407,46.33612982745291,46.787071861962325,47.29006169456605,-6.600510000000078,0.06,0.06,0.06,-0.2841607654467855,-2.3178842099573207,12.550733012595355,-1.3068857785557175,-0.5157160709828346,-10.142411897026475,0.05,0.14,0.17,12.766136208925536,46.70851228560384,-0.3515437063140329
840.1,0.0,12.85,46.31276618593857,46.25897298995613,46.7253463919649,47.2812437702807,-6.570269865067468,0.06,0.06,0.06,-0.2830796259257311,-2.3119379425915216,12.53235364073743,-1.0519495126220402,-0.1008197950515554,-9.617543114221847,0.05,0.14,0.17,12.74696351691309,46.64458233453507,-0.3885064272421205
840.11,0.0,12.85,46.27895069361275,46.13448681137717,46.74802983033933,47.22721630239518,-6.540284857571177,0.06,0.06,0.06,-0.2819984864046768,-2.3059916752257226,12.513974268879506,-1.027859464866162,0.2839459864962146,-9.198482120530551,0.05,0.14,0.1627871215762328,12.727791354147946,46.597170909431114,-0.48384597775054955
840.12,0.0,12.85,46.2458469011976,46.00954669161677,46.77152284431138,47.1727552245509,-6.54,0.06,0.06,0.06,-0.2809173468836224,-2.3000454078599235,12.49559489702158,-1.077871967991912,0.6590397599393388,-8.81338584646228,0.05,0.14,0.16,12.708619723025368,46.54991791541916,-0.5979247219023995
840.13,0.0,12.85,46.21054925962986,45.978289674837455,46.69791418709364,47.24066539769876,-6.54,0.06,0.06,0.06,-0.279836207362568,-2.2940991404941244,12.477215525163658,-1.1051386460153936,0.927879090680874,-9.128743442415626,0.05,0.14,0.16,12.689448625955029,46.53185462981493,-0.5873105109064218
840.14,0.0,12.85,46.17522159579799,45.94831468734375,46.62297671835937,47.31025019009488,-6.599356126778062,0.06,0.06,0.06,-0.2787550678415136,-2.2881528731283254,12.458836153305732,-1.1251236572568868,1.1627029727684182,-9.66833874593594,0.05,0.14,0.16,12.670278065361105,46.514190797899,-0.5367780931465403
840.15,0.0,12.85,46.12695689212975,45.9033050993211,46.5604013276339,47.15596058335429,-6.659251310206986,0.06,0.06,0.06,-0.2776739283204593,-2.2822066057625263,12.440456781447809,-1.2510507880893245,0.6223117338089604,-9.8,0.05,0.14,0.16,12.651108043682411,46.43665597560976,-0.5029496295941671
840.16,0.0,12.85,46.07852842846354,45.858105199899306,46.49798241890857,46.998837123459495,-6.600779610195318,0.06,0.06,0.06,-0.2765927887994049,-2.276260338396728,12.422077409589884,-1.4111708781565715,-0.1682812108980733,-9.8,0.05,0.14,0.16,12.631938563372493,46.358363292682725,-0.4745123893577214
840.1700000000001,0.0,12.828920733540246,46.04877276426769,45.83365762779132,46.39394467493691,46.86924133002351,-6.540809595202397,0.06,0.06,0.06,-0.2755116492783382,-2.27031407103086,12.40369803773175,-1.3629092726819902,-0.575833541614198,-9.940102474381147,0.05,0.14,0.16,12.612769626899528,46.28640409925485,-0.39472350075621987
840.1800000000001,0.0,12.793847078865497,46.01903579156309,45.80923082878396,46.2898652704708,46.739673091810594,-6.510382787090206,0.06,0.06,0.06,-0.2744305097572838,-2.264367803665061,12.385318665873823,-1.247938015496214,-0.8607623094224258,-10.125056235940871,0.05,0.14,0.16,12.593601236747299,46.21445124565711,-0.2984953055826661
840.19,0.0,12.758773424190744,45.88856829109052,45.70315568381343,46.25860839146776,46.64565464491768,-6.480360270202427,0.06,0.06,0.06,-0.2733493702362294,-2.258421536299262,12.366939294015902,-1.2010655327664224,-0.4149824912466907,-9.768589294648155,0.05,0.14,0.16,12.574433395414022,46.12399675282234,-0.38305562734120224
840.2,0.0,12.723699769515994,45.75646289585814,45.5957529234619,46.22853561856933,46.55221424341186,-6.450367408147886,0.06,0.06,0.06,-0.2722682307151751,-2.252475268933463,12.348559922157976,-1.176053026513327,0.2653576788374928,-9.238324162082542,0.05,0.14,0.16,12.555266105413292,46.03324142032531,-0.5256497795021751
840.21,0.0,12.688626114841242,45.52492675964941,45.55361928268957,46.33186026401082,46.50068680946409,-6.420374906273507,0.06,0.06,0.06,-0.2711870911941207,-2.246529001567664,12.330180550300051,-1.1889452636840123,0.3390627343167399,-9.106210947263197,0.05,0.14,0.16,12.536099369274025,45.97777327895348,-0.5576372005955366
840.22,0.0,12.653552460166493,45.29253821668596,45.51204518555391,46.43632850809531,46.44951868991251,-6.44958801498129,0.06,0.06,0.06,-0.2701059516730663,-2.240582734201865,12.311801178442128,-1.2139390152461378,0.2190927268185388,-9.101212196950772,0.05,0.14,0.16,12.516933189540547,45.92260765006192,-0.5543121824820116
840.23,0.0,12.61847880549174,45.46280617926935,45.39011690535772,46.33466275413093,46.484551697546415,-6.479550561797864,0.06,0.06,0.06,-0.2670631192148581,-2.237902228010613,12.295735150472169,-1.2086346586647014,0.6484021005237068,-9.126519129782364,0.05,0.14,0.16,12.500585265592028,45.9180343840761,-0.5933421059350685
840.24,0.0,12.58340515081699,45.63962140210293,45.26688205307977,46.22964522784189,46.52098634952424,-6.539099999999889,0.06,0.06,0.06,-0.263807153821121,-2.235576538443658,12.279920461416872,-1.1936309077269764,1.2535533883452803,-9.161527881970388,0.05,0.14,0.16,12.484544173191575,45.91428375813721,-0.6459312021009983
840.25,0.0,12.54833149614224,45.491654689378855,45.2356502204409,46.201824839679375,46.42410501002011,-6.599099999999549,0.06,0.06,0.06,-0.2605511884273839,-2.233250848876703,12.26410577236158,-1.2619740129928871,0.8090554722689265,-9.613208395798305,0.05,0.14,0.16,12.468503786400037,45.83830868987981,-0.5543049433437327
840.26,0.0,12.513257841467489,45.339410200400806,45.20563018036072,46.17502123246493,46.325467735470944,-6.580306564478644,0.06,0.06,0.06,-0.2572952230336467,-2.230925159309748,12.248291083306285,-1.3569265367305985,0.0294452773698237,-10.197916041972633,0.05,0.14,0.16,12.452464107944154,45.761382337174346,-0.4166363153357937
840.27,0.0,12.5,45.42682253675526,45.332192195364655,46.038435389982986,46.21782956890141,-6.560313228923811,0.06,0.06,0.06,-0.2540392576399096,-2.2285994697427927,12.23247639425099,-1.3572786393200482,-0.3758529264595423,-10.010540270140698,0.05,0.14,0.16,12.436425140564623,45.75381992275108,-0.40296737347149086
840.28,0.0,12.5,45.516411373037066,45.46017624719581,45.90085253426451,46.1101096586102,-6.540319893368979,0.06,0.06,0.06,-0.2507832922461724,-2.2262737801758377,12.216661705195696,-1.3272636318163342,-0.6609954977448251,-9.575322661336848,0.05,0.14,0.16,12.420386887016171,45.7468874532769,-0.42910282227411783
840.29,0.0,12.5,45.40545445759108,45.25080994834322,45.79480037327175,46.0592888251961,-6.510480000000153,0.06,0.06,0.06,-0.2475273268524353,-2.2239480906088827,12.2008470161404,-1.2480079980018324,-0.3776180954826525,-9.625351162206574,0.05,0.14,0.16,12.40434935006765,45.62758840110053,-0.4243825829408216
840.3000000000001,0.0,12.5,45.29134014330878,45.03613239459964,45.68924463256062,46.00936381269759,-6.480479999999812,0.06,0.06,0.06,-0.2442713614586611,-2.221622401041901,12.185032327084926,-1.1530317420646767,0.087265683578162,-9.83029992501833,0.05,0.14,0.16,12.388312532501944,45.506520245791656,-0.4098113191621298
840.3100000000001,0.0,12.5,45.177225829027776,44.82145484085851,45.5836888918507,45.959438800199656,-6.50935852809557,0.06,0.06,0.06,-0.241015396064924,-2.219296711474946,12.16921763802963,-1.0769617404352736,0.4500375093765673,-9.698154538635224,0.05,0.14,0.16,12.372276437116788,45.38545209048416,-0.4419865466512314
840.32,0.0,12.5,45.09015934032918,44.91483655172488,45.61462296851599,45.99126296851599,-6.539194430631527,0.06,0.06,0.06,-0.2377594306711868,-2.2169710219079906,12.153402948974335,-1.0069442360592238,0.7801200300065165,-9.458094523631624,0.05,0.14,0.16,12.356241066723769,45.40272045727151,-0.4891268225000892
840.33,0.0,12.5,45.0035326536724,45.0132273563227,45.64777639180439,46.02441639180439,-6.54,0.06,0.06,0.06,-0.2345034652774497,-2.214645332341036,12.137588259919042,-1.140717749756697,0.9224927255088744,-9.473520853539853,0.05,0.14,0.16,12.340206424149137,45.42223819840097,-0.5465204378973653
840.34,0.0,12.5,45.08465740556719,44.96785084493008,45.470598747513655,46.06052825049727,-6.54,0.06,0.06,0.06,-0.2312474998837126,-2.212319642774081,12.121773570863748,-1.3395538312307351,1.0049369544127438,-9.570514064014992,0.05,0.14,0.16,12.324172512233726,45.39590881212705,-0.607187546923612
840.35,0.0,12.5,45.168683250497445,44.91998802186854,45.289783638170064,46.09669127236599,-6.54,0.06,0.06,0.06,-0.2279915344899754,-2.209993953207125,12.105958881808451,-1.3137858064522707,0.3618400000050978,-10.02029419354518,0.05,0.14,0.16,12.308139333833042,45.36878654572551,-0.4635934662038059
840.36,0.0,12.5,45.0341129670327,44.74734120879087,45.36861249750267,45.8330673226768,-6.54,0.06,0.06,0.06,-0.2247355690962383,-2.20766826364017,12.090144192753158,-1.1899148387102445,-0.5981599999956062,-10.62416516128756,0.05,0.14,0.16,12.292106891817363,45.245783499000765,-0.23078185432809686
840.37,0.0,12.478724255149,44.893014065934246,44.5709675824178,45.455195914085806,45.56048990010024,-6.54,0.06,0.06,0.06,-0.2214796037025011,-2.205342574073215,12.074329503697864,-1.2054872563713492,-0.496426786610106,-10.447798600702942,0.05,0.14,0.16,12.276075189071824,45.11991686563452,-0.27328104368532247
840.38,0.0,12.44373125374934,44.7349971063828,44.53954680851061,45.27205514893596,45.54684936170212,-6.54,0.06,0.06,0.06,-0.218223638308764,-2.20301688450626,12.05851481464257,-1.265457271363588,-0.0566466766670223,-10.02301099450792,0.05,0.14,0.16,12.260044228496513,45.023362106382876,-0.40343686916561977
840.39,0.0,12.408738252349682,44.57643890863522,44.51276332916135,45.0802854367953,45.541492665832266,-6.510772306923367,0.06,0.06,0.06,-0.2149676729150269,-2.200691194939305,12.042700125587274,-1.0867408704388406,0.0537893946972776,-9.787371185595283,0.05,0.14,0.16,12.244014013006584,44.92774508510603,-0.39056532746938455
840.4,0.0,12.373745250950025,44.62695872627376,44.41334567932061,45.21708991508501,45.45410881118875,-6.480779805048816,0.06,0.06,0.06,-0.2117117075212897,-2.1983655053723496,12.02688543653198,-0.8316133066572718,0.0587918959478966,-9.612283641823618,0.05,0.14,0.16,12.227984545532337,44.927875782967035,-0.3319061467727402
840.41,0.0,12.338752249550366,44.68361207292693,44.31179722777249,45.36353347152811,45.36431860139882,-6.48,0.06,0.06,0.06,-0.2084557421275526,-2.196039815805394,12.011070747476683,-0.8989127718044496,0.0751662084475823,-9.285633591607832,0.05,0.14,0.16,12.211955829019306,44.930815343406586,-0.40564406953163634
840.4200000000001,0.0,12.30375924815031,44.62509752690828,44.32324128660834,45.33268544680831,45.29510554693327,-6.48,0.06,0.06,0.06,-0.2051997767337784,-2.193714126238413,11.99525605842121,-1.0688702824288336,0.0951612096975098,-8.910727318171691,0.05,0.14,0.16,12.195927866428217,44.89403245181455,-0.5215361129078888
840.4300000000001,0.0,12.268766246750651,44.56295985481837,44.33824003504384,45.296259914893525,45.22653983979958,-6.509175000000036,0.06,0.06,0.06,-0.2019438113400413,-2.191388436671458,11.979441369365915,-1.2199374843705684,0.6307326831682607,-9.191512878217782,0.05,0.14,0.16,12.179900660735761,44.85599991113883,-0.5854644221822888
840.44,0.0,12.233773245350994,44.52898681829532,44.32098373906518,45.257807918020376,45.32027976505904,-6.539175000000036,0.06,0.06,0.06,-0.1997697077059313,-2.185854738706764,11.963551815766078,-1.3649737434352431,1.330907726928759,-9.681635408850132,0.05,0.14,0.16,12.163241382269923,44.85701456010998,-0.6328027266380282
840.45,0.0,12.198780243951337,44.4958251087227,44.30279828542857,45.21929754561345,45.41869516121006,-6.598393795346471,0.06,0.06,0.06,-0.1991982628075064,-2.175568730535116,11.94755135861018,-1.4492901774553817,1.20046738315576,-9.807583104223903,0.05,0.14,0.16,12.145647891974132,44.85915402524369,-0.6284934352409153
840.46,0.0,12.163787242551678,44.39298303575861,44.30539929482372,45.1079849162287,45.24993878469562,-6.658438829121689,0.06,0.06,0.06,-0.1986268179090815,-2.165282722363468,11.931550901454283,-1.514273931516907,0.8055661084741811,-9.817580604848755,0.05,0.14,0.16,12.128058739738728,44.76407650787666,-0.6077399851110875
840.47,0.0,12.15,44.28809681420329,44.3086100975244,44.99453655413826,45.0733446361586,-6.630765382691461,0.06,0.06,0.06,-0.1980553730106566,-2.15499671419182,11.915550444298386,-1.5110452613154193,0.2588772193069783,-9.729017254314012,0.05,0.14,0.16,12.110473944465403,44.666147025506135,-0.5632120947696468
840.48,0.0,12.15,44.16656579144763,44.16409828957213,44.77289698424565,44.87906538634623,-6.600750375187747,0.06,0.06,0.06,-0.1974839281122317,-2.144710706020172,11.899549987142487,-1.4860390097525442,-0.3362715678894452,-9.608987246812212,0.05,0.14,0.16,12.092893525161088,44.495656612902906,-0.5110939477905954
840.49,0.0,12.15,44.04455528882205,44.015331097774265,44.54814079519852,44.68427668917206,-6.6000000000000005,0.06,0.06,0.06,-0.1969124832138069,-2.134424697848524,11.883549529986594,-1.2032166958274744,-0.2714646338426176,-10.1297750562331,0.05,0.14,0.16,12.075317500938672,44.32307596774173,-0.34404017674062715
840.5,0.0,12.15,44.04642639377197,44.00810416373681,44.64126148166763,44.84930043696656,-6.6000000000000005,0.06,0.06,0.06,-0.196341038315382,-2.124138689676876,11.867549072830696,-0.8383079230204459,0.00346663334076,-10.85459385153473,0.05,0.14,0.16,12.057745891017676,44.38627311903574,-0.1403918727786054
840.51,0.0,12.15,44.0518005775992,44.00487965344048,44.74337097438486,45.024498829734014,-6.6000000000000005,0.06,0.06,0.06,-0.1957695934169571,-2.113852681505228,11.8515486156748,-0.9206353176579076,0.0207053526766044,-10.317123561784742,0.05,0.14,0.16,12.040178714724991,44.45613750878964,-0.25117160307425745
840.52,0.0,12.15,44.07285694686957,43.98386305313044,44.56398240957822,44.99211319032173,-6.6000000000000005,0.06,0.06,0.06,-0.1951981485185322,-2.10356667333358,11.835548158518902,-1.1457478739357625,-0.0443271635814424,-9.37665332666837,0.05,0.14,0.16,12.022615991495568,44.40320389997499,-0.4623360092164253
840.53,0.0,12.15,44.09420890496385,43.96251109503615,44.37928797206264,44.95581486156144,-6.570802299425331,0.06,0.06,0.06,-0.1946267036201073,-2.093280665161932,11.819547701363003,-1.256896551723462,0.2965517241336953,-9.510344827581926,0.05,0.14,0.16,12.005057740873147,44.34795570840602,-0.5148750630849754
840.54,0.0,12.15,43.91112440508832,43.82225221751043,44.36878174108256,44.89135436767266,-6.540809797550951,0.06,0.06,0.06,-0.1940552587216824,-2.082994656990284,11.803547244207108,-1.3318590704637605,0.7663168415728983,-9.98510744627048,0.05,0.14,0.16,11.987503982510988,44.24837818283849,-0.5170469102353114
840.5500000000001,0.0,12.15,43.72322717385646,43.67919409827708,44.3623761536542,44.82623089548434,-6.569189999999998,0.06,0.06,0.06,-0.193483813823251,-2.07270864881852,11.78754678705103,-1.319664832416372,0.6373186593309759,-10.213756878438604,0.05,0.14,0.16,11.969954736172387,44.14775708031802,-0.46493465112666377
840.5600000000001,0.0,12.15,43.74926944763833,43.53585780054877,44.24672504373816,44.68191685578493,-6.599189999999998,0.06,0.06,0.06,-0.1929123689248262,-2.062422640646872,11.771546329895132,-1.27964482241142,0.31715857929136,-10.363831915957176,0.05,0.14,0.16,11.95241002173221,44.05344228692755,-0.39549158236772164
840.57,0.0,12.132432162809378,43.781361424643926,43.39251363659048,44.12798472881749,44.53536349412608,-6.6000000000000005,0.06,0.06,0.06,-0.1923409240264013,-2.052136632475224,11.755545872739235,-1.129655172414663,-0.2986206896518341,-10.453103448275533,0.05,0.14,0.16,11.934869859176452,43.959305821044495,-0.26758090166830684
840.58,0.0,12.102503990423129,43.75304392776507,43.56379643340958,43.98692708803533,44.42274316027026,-6.6000000000000005,0.06,0.06,0.06,-0.1917694791279764,-2.041850624303576,11.73954541558334,-0.9447476261875432,-1.0082658670640234,-10.523068465766876,0.05,0.14,0.16,11.917334268603769,43.93162765237007,-0.12110540610974779
840.59,0.0,12.072575818036878,43.722986240280655,43.74414255831609,43.84522656132307,44.31110032104242,-6.512474999999893,0.06,0.06,0.06,-0.1911980342295515,-2.031564616131928,11.723544958427444,-0.945502751375442,-0.4367883942011134,-10.077388694349674,0.05,0.14,0.16,11.899803270226029,43.90586392024056,-0.24823186523418111
840.6,0.0,12.042647645650629,43.57731528151376,43.53726465371064,43.85365677628308,44.233579282510725,-6.422474999999893,0.06,0.06,0.06,-0.1906265893311266,-2.02127860796028,11.707544501271546,-1.00553276638287,0.5437018509202098,-9.467083541774157,0.05,0.14,0.16,11.882276884369068,43.80045399850456,-0.46270881648845186
840.61,0.0,12.012719473264378,43.4291040209262,43.32187850523087,43.86538572496267,44.15680798206249,-6.478291708291596,0.06,0.06,0.06,-0.1900551444327017,-2.0109925997886315,11.691544044115648,-1.1110572356904556,0.6965308672837492,-9.065798550364146,0.05,0.14,0.16,11.864755131473471,43.69329405829555,-0.5747676559276971
840.62,0.0,11.982791300878128,43.35731217499974,43.29598940499992,43.962393965000366,44.136948414999935,-6.538231768231467,0.06,0.06,0.06,-0.1895367023049547,-2.0086101069148645,11.67517447375855,-1.2310272431886566,0.5865583604103981,-8.730882279431668,0.05,0.14,0.16,11.848212427021405,43.688160989999986,-0.6543063834457494
840.63,0.0,11.952863128491876,43.28776217499974,43.27565940499993,44.06190396500037,44.11875841499993,-6.54,0.06,0.06,0.06,-0.1890239212368322,-2.007071763710497,11.658765479578632,-1.24482241120571,0.3968409204613825,-9.143271635814424,0.05,0.14,0.16,11.83177415332536,43.68602098999999,-0.576801120642063
840.64,0.0,11.922934956105628,43.338967614748,43.22502106847247,43.94167845999482,44.31013257085553,-6.54,0.06,0.06,0.06,-0.1885111401687098,-2.0055334205061297,11.642356485398713,-1.224812406203234,0.1817333666847656,-9.793596798394896,0.05,0.14,0.16,11.815336020775717,43.70394992851771,-0.4492943764097523
840.65,0.0,11.89300678371938,43.39371554552288,43.17349360421376,43.81500677702549,44.50765451718059,-6.598275431141793,0.06,0.06,0.06,-0.1879983591005873,-2.003995077301762,11.625947491218794,-1.3376636681643244,0.0996351824092066,-9.801971514244885,0.05,0.14,0.16,11.798898029962407,43.722467610985674,-0.4773877712545067
840.66,0.0,11.863078611333128,43.28964862549828,43.19945956175292,43.90602617529856,44.14198675298901,-6.658260434890893,0.06,0.06,0.06,-0.1874855780324648,-2.002456734097395,11.609538497038876,-1.4925862068942743,0.0596551724143808,-9.607068965520106,0.05,0.14,0.16,11.78246018147865,43.63428027888469,-0.5547528362104566
840.6700000000001,0.0,11.85,43.18200918326612,43.227168725099816,44.00194250996088,43.76365009959874,-6.66,0.06,0.06,0.06,-0.1869727969643365,-2.00091839089301,11.593129502858767,-1.5337943971985726,-0.1738694347157775,-10.003944472232982,0.05,0.14,0.16,11.766022475920778,43.54369262948139,-0.48424602370236547
840.6800000000001,0.0,11.85,43.17878,43.031290773065685,43.70665022443641,43.824771820449484,-6.66,0.06,0.06,0.06,-0.186460015896214,-1.9993800476886423,11.57672050867885,-1.5387968984491915,-0.4690170085022984,-10.589237118555406,0.05,0.14,0.16,11.74958491388904,43.435373204487895,-0.36665805310686067
840.69,0.0,11.85,43.17878,42.8284977556092,43.39925870323921,43.89948503740713,-6.630907273181627,0.06,0.06,0.06,-0.1859472348280916,-1.997841704484275,11.560311514498933,-1.2668531468549482,-0.0809615384645656,-10.585839160840113,0.05,0.14,0.16,11.733147495986465,43.326505374063885,-0.3161996353021336
840.7,0.0,11.85,42.98826688894311,42.87316986713502,43.45787162196093,43.755073577336525,-6.600914771307247,0.06,0.06,0.06,-0.1854344537599691,-1.996303361279908,11.543902520319014,-0.9072127872136816,0.5234340659325627,-10.396028971029445,0.05,0.14,0.16,11.716710222819646,43.2685954888439,-0.28699817266105865
840.71,0.0,11.85,42.79084397593258,42.9268173978444,43.52975931311151,43.60271459012188,-6.570936797401972,0.06,0.06,0.06,-0.1849216726918466,-1.99476501807554,11.527493526139097,-0.8162125000000094,0.1586875000012662,-10.29318750000014,0.05,0.14,0.16,11.70027309499859,43.2125338192526,-0.23407469646983495
840.72,0.0,11.85,42.82842808161265,42.780605817366464,43.50914243344099,43.69640494650479,-6.540959280539561,0.06,0.06,0.06,-0.1844088916237242,-1.9932266748711729,11.511084531959176,-0.8112125000000094,-0.5163124999987337,-10.21818750000014,0.05,0.14,0.16,11.683836113136715,43.20364531973122,-0.1735570443235353
840.73,0.0,11.85,42.87315562577788,42.62831917889909,43.48571371983063,43.79757439164046,-6.54,0.06,0.06,0.06,-0.1838961105556017,-1.9916883316668053,11.494675537779257,-0.9614999999996248,-0.2974625000009473,-9.82125000000094,0.05,0.14,0.16,11.667399277850913,43.19619072903701,-0.3068553508536633
840.74,0.0,11.85,42.762818569999766,42.5246943499998,43.33261603999968,43.80152,-6.54,0.06,0.06,0.06,-0.1833833294874793,-1.9901499884624376,11.478266543599338,-1.161499999999625,0.2075374999990527,-9.32125000000094,0.05,0.14,0.16,11.650962589761535,43.10541223999981,-0.5022003504260545
840.75,0.0,11.85,42.64618857000043,42.42304435000037,43.17425604000058,43.80152,-6.598005498624921,0.06,0.06,0.06,-0.1828705484193568,-1.9886116452580704,11.46185754941942,-1.1872750000001857,0.6367874999974964,-9.586324999996847,0.05,0.14,0.16,11.63452604949244,43.011252240000346,-0.5153749881246458
840.76,0.0,11.85,42.58394148296613,42.44277760521034,43.07535024048128,43.65727370741532,-6.657990502374021,0.06,0.06,0.06,-0.1823577673512343,-1.987073302053703,11.4454485552395,-1.157275000000356,1.0417874999951942,-10.096324999993948,0.05,0.14,0.16,11.618089657671002,42.939835759018266,-0.4702310611303682
840.77,0.0,11.829566756406823,42.52390140280577,42.46743692384763,42.97885725450927,43.50717350701442,-6.66,0.06,0.06,0.06,-0.1818449862831118,-1.985534958849336,11.42903956105958,-1.2371342835693144,0.3216954238707881,-10.261672918228802,0.05,0.14,0.16,11.601653414928153,42.86934227204427,-0.397148065965206
840.78,0.0,11.794667962907994,42.53625569999996,42.465202350000006,42.89803875000021,43.41208815000024,-6.66,0.06,0.06,0.06,-0.1813322052149894,-1.983996615644968,11.41263056687966,-1.352163040758539,-0.7585746436454095,-10.316686671667128,0.05,0.14,0.16,11.5852173218984,42.827896237500106,-0.3151208806588845
840.79,0.0,11.759769169409164,42.55123569999997,42.46199235000001,42.81778875000021,43.31899815000024,-6.66,0.06,0.06,0.06,-0.1808194241468669,-1.9824582724406008,11.396221572699744,-1.342109472632543,-1.042734316420474,-10.178437890530171,0.05,0.14,0.16,11.568781379219853,42.7875037375001,-0.30311912175346906
840.8000000000001,0.0,11.724870375909935,42.42645638272937,42.40817844974116,42.87281243874029,43.22554893482169,-6.602113414938566,0.06,0.06,0.06,-0.1803066430787386,-1.980919929236216,11.37981257851964,-1.2921219695077246,-1.072726818295365,-9.978487878030895,0.05,0.14,0.16,11.552345587534047,42.733249051508125,-0.31347376547397515
840.8100000000001,0.0,11.689971582411104,42.29660807467808,42.35252917486204,42.93274242707165,43.132086691114445,-6.542158381214087,0.06,0.06,0.06,-0.1808037186984493,-1.979397210976163,11.365378617483918,-1.037539384846965,-0.420810202552686,-9.998192048011791,0.05,0.14,0.16,11.537873912566218,42.678491591931554,-0.29278656570063916
840.82,0.0,11.655072788912271,42.1667597666268,42.29687989998291,42.99267241540301,43.0386244474072,-6.568927231807932,0.06,0.06,0.06,-0.1828030189433619,-1.9778977357924783,11.35388264107567,-0.7174593648421658,0.449407351835362,-10.08821455363814,0.05,0.14,0.16,11.52632410720379,42.62373413235498,-0.2621618780760762
840.83,0.0,11.62017399541344,42.26656944028021,42.22577789605175,42.84708267366268,43.03849770614694,-6.5989347336833815,0.06,0.06,0.06,-0.1848023191882746,-1.976398260608794,11.342386664667425,-0.8862884278921626,0.606953261684765,-9.829610097476614,0.05,0.14,0.16,11.514774736508754,42.594481929035396,-0.3743770507644998
840.84,0.0,11.585275201914609,42.37458543228373,42.15412372313852,42.69414914042997,43.04170610194903,-6.6000000000000005,0.06,0.06,0.06,-0.1868016194331872,-1.9748987854251088,11.330890688259174,-1.2112071981997907,0.5369707573108143,-9.459702574357165,0.05,0.14,0.16,11.503225801790334,42.56614109945031,-0.5321954506248673
840.85,0.0,11.550376408415778,42.37842,42.03283890445254,42.58546687343699,43.13165022010982,-6.6000000000000005,0.06,0.06,0.06,-0.1888009196780998,-1.973399310241425,11.319394711850926,-1.2634808702176368,0.254808702176368,-9.540480120029478,0.05,0.14,0.16,11.491677304362986,42.532093999499835,-0.5081849819706892
840.86,0.0,11.515477614916946,42.37842,41.90972734867481,42.47841334667375,43.22478678839384,-6.657783325012291,0.06,0.06,0.06,-0.1908002199230125,-1.9718998350577408,11.30789873544268,-1.228472118029612,-0.095278819703881,-9.765536384095352,0.05,0.14,0.16,11.480129245546394,42.4978368709356,-0.42596527158023667
840.87,0.0,11.5,42.19372864918867,41.897225637952566,42.49741949563044,42.96798759550584,-6.71769345980998,0.06,0.06,0.06,-0.1927995201679251,-1.970400359874056,11.29640275903443,-1.398129999999263,-0.1762100000000157,-9.630500000000785,0.05,0.1327857829011275,0.16,11.4685816266655,42.38909034456938,-0.49496044022462643
840.88,0.0,11.5,42.002437762796056,41.88867632459424,42.52093010736585,42.69868422471848,-6.72,0.06,0.06,0.06,-0.1947988204128378,-1.968900884690372,11.284906782626184,-1.6331299999992626,-0.1712100000000157,-9.380500000000785,0.05,0.13,0.16,11.457034449050557,42.27768210486865,-0.6122326546830766
840.89,0.0,11.5,41.92034635751697,41.72702928945431,42.40671057591645,42.77195431563185,-6.72,0.06,0.06,0.06,-0.1967981206577504,-1.9674014095066872,11.273410806217935,-1.5346100000015266,-0.0032400000016382,-9.680049999996465,0.05,0.13,0.16,11.44548771403712,42.206510134629895,-0.5512803361716571
840.9,0.0,11.5,41.84245057093043,41.559499995014754,42.28719923211244,42.85838662677583,-6.72,0.06,0.06,0.06,-0.198797420902663,-1.9659019343230024,11.261914829809688,-1.3296100000026918,0.2167599999971113,-10.155049999993762,0.05,0.13,0.16,11.433941422966091,42.13688410620836,-0.4334278369485678
840.91,0.0,11.5,41.661274646262655,41.57602683893618,42.28828874059205,42.75307891620717,-6.72,0.06,0.06,0.06,-0.2007967211475757,-1.964402459139318,11.25041885340144,-1.151140000002466,0.1638800000020309,-10.137350000002538,0.05,0.13,0.16,11.422395577183744,42.06966728549951,-0.37067412922579995
840.9200000000001,0.0,11.5,41.475514485698106,41.60072327646788,42.29473128951336,42.63926055193063,-6.72,0.06,0.06,0.06,-0.202796021392511,-1.962902983955617,11.238922876993062,-0.9811400000005336,0.0238800000004392,-9.96235000000055,0.05,0.13,0.16,11.410850178041622,42.00255740090249,-0.3255113285528251
840.9300000000001,0.0,11.5,41.56713329827256,41.58919410969188,42.28875705484594,42.51633021788058,-6.72,0.06,0.06,0.06,-0.2047953216374237,-1.961403508771932,11.227426900584817,-0.879360000000251,-0.4875399999980232,-9.76082000000066,0.05,0.13,0.16,11.399305226897077,41.99035367017274,-0.26865156344244007
840.94,0.0,11.5,41.66896149762098,41.576331600300506,42.282325800150254,42.393064502879874,-6.748807798050604,0.06,0.06,0.06,-0.2067946218823363,-1.959904033588248,11.215930924176568,-0.799360000000251,-1.1175399999980231,-9.55082000000066,0.05,0.13,0.16,11.38776072511252,41.980170850237904,-0.20805741126869623
840.95,0.0,11.5,41.5125532932926,41.53859531531515,42.23857453453434,42.38082562562559,-6.778800299924984,0.06,0.06,0.06,-0.2087939221272489,-1.9584045584045635,11.20443494776832,-1.0453663415841303,-0.4663190797737765,-9.644056014002814,0.05,0.13,0.16,11.376216674055971,41.91763719219192,-0.3442772993223742
840.96,0.0,11.5,41.34760834834713,41.50003675675647,42.193589549549216,42.37225705705699,-6.837556832375745,0.06,0.06,0.06,-0.2107932223721616,-1.9569050832208787,11.192938971360071,-1.3954538634643794,0.593945986492121,-9.834103525880664,0.05,0.13,0.16,11.364673075100963,41.85337292792745,-0.5433322767373325
840.97,0.0,11.489679288640374,41.37779051269315,41.30566218018766,42.090981463413854,42.3864655052266,-6.897511866100565,0.06,0.06,0.06,-0.2127925226170742,-1.9554056080371944,11.181442994951825,-1.396585853537047,1.104033991500811,-9.948247938015143,0.05,0.13,0.16,11.353129929626556,41.79022491538032,-0.5794787646141196
840.98,0.0,11.469697272454942,41.41400753608787,41.10646855151668,41.98659121951142,42.40137839721266,-6.928762190547691,0.06,0.06,0.06,-0.2147918228619869,-1.95390613285351,11.169947018543576,-1.286613346663696,1.4389502624332895,-10.038225443638794,0.05,0.1374101094320153,0.16,11.341587239017361,41.72711142608215,-0.5637565639946462
840.99,0.0,11.449715256269508,41.32072446446397,41.17589744744785,41.79004103103002,42.14875237237104,-6.958769692423141,0.06,0.06,0.06,-0.2167911231068995,-1.952406657669825,11.158451042135328,-1.2220905226308385,0.367551887977491,-10.09032758189533,0.05,0.14,0.16,11.33004500466359,41.608853828828224,-0.4227955659304643
841.0,0.0,11.429733240084076,41.22218592592567,41.25622777777798,41.58975074074024,41.88526888888823,-6.988712574850316,0.06,0.06,0.06,-0.2187904233518121,-1.9509071824861408,11.14695506572708,-1.1720780195050886,-1.1528282070453053,-10.13033758439593,0.05,0.14,0.16,11.318503227961067,41.48835833333303,-0.24185067738852825
841.01,0.0,11.409751223898642,41.17205533834577,41.18482454135325,41.44701798496215,41.87242102255638,-7.018652694610776,0.06,0.06,0.06,-0.2178799190027028,-1.9484581229110565,11.132483349191402,-0.981752500001034,-1.356922500000946,-10.041395000000572,0.05,0.14,0.16,11.303811137659126,41.41907972180439,-0.1701735967260219
841.02,0.0,11.38976920771321,41.12378466165408,41.107591458646525,41.30649668170409,41.8692029774436,-6.991314142678442,0.06,0.06,0.06,-0.2125126253385526,-1.9445546366098565,11.11345385347305,-0.746752500001034,-1.141922500000946,-9.911395000000573,0.05,0.14,0.16,11.284294878456702,41.35176894486207,-0.1332864641235233
841.03,0.0,11.369787191527776,41.13048485572136,41.07007936318419,41.44010133333289,41.81138600995043,-6.96127659574487,0.06,0.06,0.06,-0.2071453316744024,-1.9406511503086563,11.0944243577547,-0.6027725000010018,-0.3694250000082757,-9.99756749999865,0.05,0.1327727054301855,0.16,11.264780863628445,41.36301289054722,-0.15222100610621955
841.04,0.0,11.349805175342343,41.13900226865665,41.03388035820922,41.58276799999893,41.75176411940343,-6.96,0.06,0.06,0.06,-0.2017780380102523,-1.936747664007456,11.07539486203635,-0.4877725000016555,0.5805749999863241,-10.152567499997769,0.05,0.137411458333231,0.16,11.245269104858396,41.37685368656706,-0.18892869827039038
841.0500000000001,0.0,11.329823159156684,41.07355875626831,41.041613299899765,41.64325165496531,41.86441217653047,-6.96,0.06,0.06,0.06,-0.1964107443460411,-1.932844177706212,11.056365366317785,-0.7406449999983722,0.631752500001034,-9.966242500001297,0.05,0.14,0.16,11.225759613910267,41.40570897191596,-0.30736806715896664
841.0600000000001,0.0,11.30984114297125,41.00487269809352,41.0512722768306,41.7001322968913,41.98461277833634,-6.988681318681414,0.06,0.06,0.06,-0.1910434506818909,-1.928940691405012,11.037335870599431,-1.110644999998372,0.3967525000010339,-9.671242500001297,0.05,0.14,0.16,11.206252402628962,41.43522251253794,-0.45183011228880915
841.07,0.0,11.3,40.97661944513855,40.96499733566551,41.66505600099951,41.95181600099951,-7.01865134865135,0.06,0.06,0.06,-0.1856761570177408,-1.925037205103812,11.018306374881082,-1.207584999999956,0.366547499999846,-9.687227499999494,0.05,0.1327727054300763,0.16,11.186747482939975,41.38962219570077,-0.47882450315821384
841.08,0.0,11.3,40.949876130967226,40.875139800049865,41.6265456285928,41.9133056285928,-7.048635682158953,0.06,0.06,0.06,-0.1803088633535906,-1.921133718802612,10.99927687916273,-1.217584999999956,0.401547499999846,-9.802227499999494,0.05,0.13,0.16,11.167244866850911,41.34121679705068,-0.46841818406772806
841.09,0.0,11.3,40.81753020408147,40.67069999999976,41.61077142857141,41.71997693877528,-7.078620689655243,0.06,0.06,0.06,-0.1749415696894404,-1.9172302325014112,10.98024738344438,-1.3793248312067772,0.1406651662933051,-9.886901725430992,0.05,0.13,0.16,11.147744566451996,41.20474464285698,-0.48279163592568175
841.1,0.0,11.3,40.681183763066045,40.46191951219488,41.59585853658535,41.5207833101043,-7.108627156789252,0.06,0.06,0.06,-0.1695742760252903,-1.913326746200212,10.96121788772603,-1.5893773443349268,-0.214423605899519,-9.961920480119618,0.05,0.13,0.16,11.128246593916746,41.06493628048764,-0.5050547577693858
841.11,0.0,11.3,40.6576046134601,40.4728616312234,41.30082051038299,41.41768849637234,-7.138634658664702,0.06,0.06,0.06,-0.1642069823611401,-1.909423259899011,10.94218839200768,-1.495970037454622,-0.2545168539330384,-9.98,0.05,0.13,0.16,11.108750961502698,40.96224381285971,-0.4667815697320866
841.12,0.0,11.3,40.639400960720586,40.49427769326989,40.99242921691347,41.31917461095847,-7.140000000000001,0.06,0.06,0.06,-0.15883968869699,-1.9055197735978109,10.923158896289328,-1.3062072409507317,-0.194591760300231,-9.98,0.05,0.13,0.16,11.089257681552102,40.861320620465605,-0.40928670754225294
841.13,0.0,11.3,40.52712958760333,40.49828799300174,40.90216017495642,41.22280020994771,-7.140000000000001,0.06,0.06,0.06,-0.1534723950328398,-1.901616287296611,10.904129400570978,-1.0141375000034842,-0.0551775000017689,-10.063214999998822,0.05,0.13,0.16,11.069766766492656,40.787594491377305,-0.3131070822864378
841.14,0.0,11.3,40.41052873781571,40.50149719070232,40.821930232442,41.1265242789304,-7.111402149462847,0.06,0.06,0.06,-0.1481051013686896,-1.8977128009954107,10.885099904852629,-0.6891375000034842,0.109822499998231,-10.17321499999882,0.05,0.13,0.16,11.050278228838222,40.71512010997261,-0.2044757190172526
841.15,0.0,11.3,40.40534,40.43530106813096,40.80100981781886,41.1936819266282,-7.081409647588297,0.06,0.06,0.06,-0.1427378077045394,-1.8938093146942103,10.866070409134275,-0.7537709427335557,-0.1905101275268425,-10.169732433108726,0.05,0.13,0.16,11.030792081189563,40.70883320314451,-0.19547827388499484
841.16,0.0,11.3,40.40534,40.36587256800626,40.78285159470933,41.26845108060864,-7.108575712143772,0.06,0.06,0.06,-0.1373705140403893,-1.8899058283930104,10.847040913415926,-0.9438184546114052,-0.6406226556585916,-10.129722430608126,0.05,0.13,0.16,11.0113083362351,40.70562881083106,-0.21855070194210124
841.1700000000001,0.0,11.278863489217516,40.38802744813782,40.36559515621097,40.91233333166819,41.362676300925536,-7.138560719640402,0.06,0.06,0.06,-0.1320032203761781,-1.886002342091766,10.82801141769736,-1.133829999999883,-0.2655200000003929,-9.953460000000137,0.05,0.13,0.16,10.99182700675141,40.75715805923563,-0.3480401805775267
841.1800000000001,0.0,11.239020867573068,40.369841994501215,40.36880435391155,41.04925910022614,41.457882499375984,-7.111454272863472,0.06,0.06,0.06,-0.126635926712028,-1.8820988557905656,10.808981921979008,-1.3238299999998837,0.3744799999996071,-9.733460000000134,0.05,0.13,0.16,10.972348105604897,40.81144698700372,-0.5116899541803974
841.19,0.0,11.19917824592862,40.34351373656561,40.22951447637954,40.98261476130896,41.3749648537857,-7.081469265367351,0.06,0.06,0.06,-0.1212686330478778,-1.8781953694893656,10.789952426260658,-1.339720000000025,0.6813999999998772,-10.183404999999592,0.05,0.13,0.16,10.95287164575121,40.73265195700995,-0.48084672196015316
841.2,0.0,11.159335624284171,40.316770422394136,40.082961114719865,40.90559401649511,41.28296785303583,-7.10851574212893,0.06,0.06,0.06,-0.1159013393837276,-1.8742918831881656,10.770922930542309,-1.2997200000000246,0.8813999999998772,-10.848404999999593,0.05,0.13,0.16,10.933397640236914,40.647073351661234,-0.38757046409238627
841.21,0.0,11.119493002639722,40.24724870435155,39.99942407203532,40.84989796898401,41.05651876938264,-7.13850074962522,0.06,0.06,0.06,-0.1105340457195775,-1.8703883968869657,10.751893434823955,-1.3240649999999723,0.1275800000006508,-10.843460000000135,0.05,0.13,0.16,10.913926102200024,40.53827237868838,-0.3181094236995968
841.22,0.0,11.079650380995274,40.175522841420175,39.91913392696288,40.795300670334754,40.82314208103877,-7.1685000000000345,0.06,0.06,0.06,-0.1147173540337191,-1.87,10.738849890465756,-1.3690649999999724,-0.9324199999993492,-10.623460000000136,0.05,0.13,0.16,10.90105302442259,40.428274879939146,-0.2562931624962904
841.23,0.0,11.039807759350824,40.1212876788829,39.92645431064577,40.50113207678783,40.78654383944145,-7.198500000000034,0.06,0.06,0.06,-0.119955948185539,-1.87,10.72646775883418,-1.09795827123737,-0.923000496771377,-10.52487332339798,0.05,0.13,0.16,10.888911791855707,40.333854476439484,-0.18114962170947577
841.24,0.0,10.999965137706376,40.06793440039897,39.93819203191223,40.19488425829006,40.75986720019948,-7.1715142428786525,0.06,0.06,0.06,-0.1251945423373588,-1.87,10.714085627202609,-0.7253800298069095,-0.5702930948838744,-10.465260804769107,0.05,0.13,0.16,10.876773625504054,40.24021947270018,-0.10172797136017307
841.25,0.0,10.960122516061928,39.87348458867928,39.85627091320756,40.23557097358489,40.66977616603775,-7.141529235382534,0.06,0.06,0.06,-0.1304331364891787,-1.87,10.701703495571032,-0.6037830354897714,-0.1991039516761219,-10.31142461616022,0.05,0.13,0.16,10.864638535644508,40.15877566037737,-0.12277225618807637
841.26,0.0,10.92027989441748,39.67105943144632,39.76905581886783,40.29586782893088,40.57610069433952,-7.140000000000001,0.06,0.06,0.06,-0.1356717306409986,-1.87,10.689321363939458,-0.5685451799651802,0.1784445003730704,-10.125167379815952,0.05,0.13,0.16,10.852506532597326,40.07802094339613,-0.1783854649482679
841.27,0.0,10.9,39.66276,39.77360977469669,40.252610017331136,40.57835733102252,-7.140000000000001,0.06,0.06,0.06,-0.1409103247928185,-1.87,10.676939232307884,-0.696349999997616,-0.0935999999936426,-9.966375000001989,0.05,0.13,0.16,10.840377626726317,40.066834280762585,-0.21704809260569885
841.28,0.0,10.9,39.66276,39.782087120574346,40.204924946769296,40.58471534043076,-7.121036321226371,0.06,0.06,0.06,-0.1461489189446384,-1.87,10.664557100676308,-0.8763499999976161,-0.5735999999936428,-9.816375000001988,0.05,0.13,0.16,10.828251828439074,40.0586218519436,-0.25028429660938006
841.29,0.0,10.9,39.65472189905052,39.76652379810104,40.27237338330795,40.6855762618685,-7.10104298567154,0.06,0.06,0.06,-0.1513875130964583,-1.87,10.652174969044736,-1.1131624999966228,-0.1711125000090725,-9.802724999999604,0.05,0.13,0.16,10.8161291481872,40.094798835582004,-0.37372849079311754
841.3000000000001,0.0,10.9,39.64616617691148,39.74941235382296,40.34723595202454,40.79252278860648,-7.08104965011648,0.06,0.06,0.06,-0.1566261072483377,-1.87,10.63979283741302,-1.3681624999995217,0.513887499998715,-9.832724999999945,0.05,0.13,0.16,10.80400959646636,40.13383431784136,-0.5260511504838553
841.3100000000001,0.0,10.9,39.59327348821618,39.70673533678722,40.22763737589735,40.57620664215091,-7.108248447205155,0.06,0.06,0.06,-0.1618647014001576,-1.87,10.627410705781443,-1.3883375000001033,0.5019875000004408,-9.802125000000094,0.05,0.13,0.16,10.791893183817074,40.02596321076292,-0.5362198706737117
841.32,0.0,10.9,39.537475393614784,39.66238300518098,40.09529574126583,40.33870706000138,-7.138062111801391,0.06,0.06,0.06,-0.1671032955519775,-1.87,10.615028574149871,-1.333337500000103,0.2669875000004408,-9.752125000000094,0.05,0.13,0.16,10.779779920824106,39.90846530001574,-0.5008805640267419
841.33,0.0,10.9,39.48167729901339,39.61803067357474,39.96295410663432,40.10120747785186,-7.22415000000044,0.06,0.06,0.06,-0.1723418897037974,-1.87,10.602646442518298,-1.378892128279697,0.0112390670560219,-9.927718658891536,0.05,0.13,0.16,10.767669818117223,39.79096738926858,-0.46301095074000664
841.34,0.0,10.9,39.461519870194586,39.387019450822095,39.88511593609534,40.09165531702448,-7.31415000000044,0.06,0.06,0.06,-0.1775804838556173,-1.87,10.590264310886722,-1.4566375121474768,-0.2511516034977342,-10.175532069970082,0.05,0.13,0.16,10.755562886371285,39.706327643534124,-0.4243313052946589
841.35,0.0,10.9,39.44335711432842,39.14556163754247,39.81032811782289,40.09486050923616,-7.348049999999987,0.06,0.06,0.06,-0.1828190780074372,-1.87,10.577882179255148,-1.2458728115354305,-0.1823197734300406,-10.22478630278074,0.05,0.13,0.16,10.743459136306477,39.62352684473249,-0.3532556755771705
841.36,0.0,10.9,39.31031657271071,39.14614937390878,39.84645249688222,40.10612593664261,-7.378049999999817,0.06,0.06,0.06,-0.1880576721592571,-1.87,10.565500047623576,-0.9111663233786476,0.0288027806380838,-10.188740988671546,0.05,0.13,0.16,10.731358578688523,39.602261095036084,-0.26826297184405706
841.37,0.0,10.88793991201765,39.17046124719313,39.16109574457478,39.8891564130708,40.11786951359447,-7.351950000000194,0.06,0.06,0.06,-0.193296266311077,-1.87,10.553117915992,-0.7618079519882089,-0.0184996249059204,-10.043615903976418,0.05,0.13,0.16,10.719261224328903,39.5846457296083,-0.2351498408147259
841.38,0.0,10.862944911017896,39.162,39.16502183867736,39.96728596693388,39.98864093687373,-7.321950000000195,0.06,0.06,0.06,-0.1985348604628968,-1.87,10.540735784360423,-0.6717854463618591,-0.1485321330328701,-9.863570892723718,0.05,0.13,0.16,10.707167084085098,39.57073718562124,-0.2186450218392508
841.39,0.0,10.83794991001814,39.162,39.16823827154307,40.04769678857676,39.85033432364797,-7.32,0.06,0.06,0.06,-0.2037734546147167,-1.87,10.528353652728851,-0.8470799999980639,-0.1231500000005584,-9.823789999999963,0.05,0.13,0.16,10.695076168860817,39.557067345941945,-0.28617210402933907
841.4,0.0,10.812954909018384,39.18723231692064,39.04932346413455,39.82111197700687,39.92124482879242,-7.32,0.06,0.06,0.06,-0.2090120487665366,-1.87,10.515971521097278,-1.107079999996586,-0.0481500000009847,-9.828789999999934,0.05,0.13,0.16,10.6829884896062,39.49472814671362,-0.38052731297723
841.41,0.0,10.787959908018628,39.21397563109212,38.92309502124519,39.57614321919617,40.00468396900742,-7.348057985503409,0.06,0.06,0.06,-0.2142506429183565,-1.87,10.503589389465702,-1.2495899999984768,0.3224699999932545,-9.92095999999826,0.05,0.13,0.16,10.670904057318078,39.429474460135225,-0.4529745139100884
841.4200000000001,0.0,10.762964907018588,39.2155,38.97544647661959,39.46932786696607,39.89438409602317,-7.3780504873783,0.06,0.06,0.06,-0.219489237070236,-1.87,10.491207257833988,-1.354589999999671,0.787469999998541,-10.040959999999624,0.05,0.13,0.16,10.65882288304005,39.38866460990221,-0.5184273376140647
841.4300000000001,0.0,10.737969906018831,39.2155,39.03859226306616,39.37086325081209,39.77237359339759,-7.408050000000147,0.06,0.06,0.06,-0.2247500000000329,-1.8642999999999603,10.477174999999912,-1.5088599999994667,0.4679400000017885,-10.013150000000236,0.05,0.13,0.16,10.644121524725422,39.349332276818956,-0.5412170850401011
841.44,0.0,10.712974905019076,39.17603895765446,38.78515731395472,39.368335464795805,39.60460036582205,-7.438050000000147,0.06,0.06,0.06,-0.2300131578947634,-1.857984210526284,10.46296447368414,-1.6788599999994664,-0.1020599999982115,-9.938150000000237,0.05,0.13,0.16,10.629140932217718,39.23353302555676,-0.5503861669526048
841.45,0.0,10.68797990401932,39.134214853419934,38.51276442996574,39.37155270358308,39.434086710096665,-7.496114028507385,0.06,0.06,0.06,-0.235276315789494,-1.8516684210526075,10.448753947368369,-1.4319600000011925,-0.361279999999498,-10.136029999999106,0.05,0.13,0.16,10.614164589780064,39.113154674266355,-0.41057074871733384
841.46,0.0,10.662984903019565,38.95355726068355,38.43876771807005,39.2520554361401,39.41913536115967,-7.556129032258285,0.06,0.06,0.06,-0.2405394736842245,-1.8453526315789304,10.434543421052592,-1.0519600000011922,-0.521279999999498,-10.421029999999108,0.05,0.13,0.16,10.59919251542812,39.015878944013345,-0.2231903581385553
841.47,0.0,10.65,38.76528432891638,38.375653496625375,39.12582699325075,39.41271696575851,-7.5319349999998915,0.06,0.06,0.06,-0.2458026315789551,-1.839036842105254,10.420332894736822,-0.7780800000007531,-0.0900400000019453,-10.315660000000722,0.05,0.13,0.16,10.584224727274353,38.91987044613775,-0.192004504286591
841.48,0.0,10.65,38.73010496506968,38.46036672155752,39.21532113273523,39.37595514970034,-7.501934999999891,0.06,0.06,0.06,-0.2510657894736856,-1.8327210526315767,10.40612236842105,-0.5380800000007531,0.5299599999980549,-10.085660000000722,0.05,0.13,0.16,10.569261243528612,38.94543699226569,-0.2106855078073645
841.49,0.0,10.65,38.70340835828327,38.55327091317423,39.31676823852358,39.33751203592791,-7.5,0.06,0.06,0.06,-0.2563289473684161,-1.8264052631579009,10.391911842105277,-0.5406248437884955,0.4640239940034848,-9.886015996002325,0.05,0.13,0.16,10.554302082498765,38.977739886477245,-0.2348977030704759
841.5,0.0,10.65,38.630983642749385,38.402504014048645,39.229295644756334,39.20465128449529,-7.5,0.06,0.06,0.06,-0.2615921052631467,-1.820089473684224,10.377701315789505,-0.6206048487868417,0.1790952261968762,-9.696063484131251,0.05,0.13,0.16,10.539347262591328,38.86685864651241,-0.2608757933225965
841.51,0.0,10.65,38.555820572002006,38.23714525840441,39.1305098946312,39.06613648268941,-7.5,0.06,0.06,0.06,-0.2668552631578773,-1.813773684210548,10.363490789473731,-0.7915378844683726,0.0569617404360695,-9.509827456866756,0.05,0.13,0.16,10.524396802312076,38.747403051931755,-0.3337633027047528
841.52,0.0,10.65,38.45610563835079,38.29969268753099,38.91948473919539,39.24823732240423,-7.5,0.06,0.06,0.06,-0.2721184210526078,-1.807457894736871,10.34928026315796,-0.991587896971372,-0.0130557639399802,-9.32478119530148,0.05,0.13,0.16,10.509450720266674,38.73088009687035,-0.4216680188721947
841.53,0.0,10.65,38.35511209637371,38.37410898161937,38.70261439642355,39.44703513661175,-7.528064999999768,0.06,0.06,0.06,-0.2773815789473383,-1.801142105263194,10.335069736842186,-1.1158189547371855,0.0761465366320601,-9.405101275316357,0.05,0.13,0.16,10.494509035161315,38.7197176527571,-0.46050730670042916
841.54,0.0,10.65,38.36284726181543,38.25835489872494,38.7281916579144,39.19958565641466,-7.558064999999768,0.06,0.06,0.06,-0.2826447368420689,-1.7948263157895177,10.320859210526416,-1.2158439609886855,0.2161815453841598,-9.57014253563133,0.05,0.13,0.16,10.479571765803364,38.63724486871736,-0.48368190632414276
841.5500000000001,0.0,10.65,38.37783100775207,38.12992279069656,38.76993209302362,38.92238635658673,-7.644195000000327,0.06,0.06,0.06,-0.2879078947368593,-1.7885105263157688,10.30664868421048,-1.3006648337912383,0.1059210197458085,-9.951239690075717,0.05,0.13,0.16,10.464638931101815,38.55001806201474,-0.44302641428901235
841.5600000000001,0.0,10.65,38.32528527770757,38.0735300628295,38.78967226941455,38.90217312892685,-7.734195000000327,0.06,0.06,0.06,-0.2931710526315898,-1.7821947368420925,10.292438157894708,-1.3806448387900394,-0.0840314921263432,-10.40112721819397,0.05,0.13,0.16,10.449710550068637,38.522665184719614,-0.38204795964841837
841.57,0.0,10.6369153730595,38.26827597888889,38.021898999748416,38.807958270922434,38.89894618748428,-7.711934999999891,0.06,0.06,0.06,-0.2984342105263203,-1.7758789473684156,10.278227631578936,-1.1612300000009883,-0.0921000000001568,-10.293970000000892,0.05,0.13,0.16,10.434786641818393,38.499269859261005,-0.3237421625828457
841.58,0.0,10.606870305458145,38.20884485089445,37.98292168986071,38.71810422465179,38.87557663518879,-7.681934999999891,0.06,0.06,0.06,-0.3036973684210509,-1.7695631578947388,10.264017105263164,-0.8462300000009884,-0.0421000000001568,-10.008970000000891,0.05,0.13,0.16,10.419867225569579,38.44636185014894,-0.2662896414185476
841.59,0.0,10.576825237856788,38.14928222664008,37.94463143141148,38.62237857852871,38.85111341451289,-7.623855963990816,0.06,0.06,0.06,-0.3089605263157814,-1.7632473684210623,10.249806578947393,-0.7472543135785031,0.2391572893210465,-9.894508627157006,0.05,0.13,0.16,10.404952320645126,38.39185141277329,-0.27962023594139884
841.6,0.0,10.546780170255431,38.1455,37.87507909522607,38.54116465883516,38.79646435891017,-7.563840960239916,0.06,0.06,0.06,-0.314223684210512,-1.7569315789473856,10.235596052631616,-0.7172468117030532,0.5942460615138707,-9.834493623406107,0.05,0.13,0.16,10.39004194647304,38.33955202824285,-0.31554913388982175
841.61,0.0,10.516735102654074,38.1455,37.80340701324652,38.46093471632073,38.73976853286665,-7.56,0.06,0.06,0.06,-0.3194868421052425,-1.7506157894737089,10.221385526315846,-0.736547499999846,0.0997475000033658,-9.945152499999274,0.05,0.13,0.16,10.37513612258712,38.287402565608474,-0.25386396570647823
841.62,0.0,10.486690035052716,38.04123765765765,37.77074936936937,38.37158810810811,38.73112738738739,-7.56,0.06,0.06,0.06,-0.3227072969527139,-1.7490975676824287,10.20871959603036,-0.7715474999998461,-0.6652524999966342,-10.110152499999275,0.05,0.13,0.16,10.362501536364343,38.22867563063063,-0.16109930250482463
841.63,0.0,10.456644967451362,37.929846266266544,37.740759379379455,38.28161813813837,38.72577203203205,-7.503840000000178,0.06,0.06,0.06,-0.3257070719695847,-1.7480976426768051,10.196220533460064,-0.973417499998878,-0.4138625000025298,-9.759372500002266,0.05,0.13,0.16,10.350113218318718,38.169498953954104,-0.3081182443907603
841.64,0.0,10.426599899850006,37.92294,37.68871700000015,38.29009123999996,38.71138876000004,-7.4438400000005185,0.06,0.06,0.06,-0.3287068469864557,-1.7470977176711815,10.183721470889768,-1.2284174999988782,0.16113749999747,-9.244372500002267,0.05,0.13,0.16,10.337726134068792,38.153284250000034,-0.5314822629148548
841.65,0.0,10.396554832248649,37.92294,37.63521700000015,38.305071239999954,38.69640876000004,-7.44,0.06,0.06,0.06,-0.3317066220033265,-1.746097792665558,10.171222408319473,-1.3468874999993468,0.6640799999958186,-9.298247499997954,0.05,0.13,0.16,10.325340288055042,38.13990925000003,-0.6154112448403108
841.66,0.0,10.366509764647292,37.72135552835393,37.44335333000268,38.36216283787154,38.54404091931066,-7.44,0.06,0.06,0.06,-0.3347063970201974,-1.7450978676599342,10.15872334574918,-1.4218874999989204,1.1440799999930902,-9.533247499996618,0.05,0.13,0.16,10.312955684738828,38.017728153884704,-0.6549452876235389
841.6700000000001,0.0,10.35,37.50644670996487,37.24234408693231,38.42203793155208,38.38259200599351,-7.44,0.06,0.06,0.06,-0.3377061720371024,-1.744097942654299,10.14622428317874,-1.367942500000418,0.5621800000040477,-9.60896249999989,0.05,0.13,0.16,10.30057232860237,37.88835518361069,-0.5648628119195849
841.6800000000001,0.0,10.35,37.4928,37.31072616845856,38.297609017744506,38.31924435890984,-7.44,0.06,0.06,0.06,-0.3407059470539733,-1.7430980176486754,10.133725220608444,-1.272942500000418,-0.3578199999959524,-9.63396249999989,0.05,0.13,0.16,10.288190224149451,37.85509488627822,-0.43351153039380375
841.69,0.0,10.35,37.4928,37.397374506373644,38.16068324918733,38.262548532866624,-7.44,0.06,0.06,0.06,-0.3437057220708442,-1.7420980926430518,10.12122615803815,-1.2613661338660966,-0.9588711288698863,-9.681675824175688,0.05,0.13,0.16,10.275809375904679,37.828351572106904,-0.3599036094481191
841.7,0.0,10.35,37.53456107222652,37.353204437825575,37.85959249441439,38.091875711093934,-7.44,0.06,0.06,0.06,-0.3467054970877151,-1.7410981676374282,10.108727095467854,-1.2763511488511494,-1.4583716283716457,-9.73662087912088,0.05,0.13,0.16,10.263429788414165,37.709808428890106,-0.304680687290079
841.71,0.0,10.35,37.57917760238293,37.3000895209727,37.54727678331943,37.91340959046825,-7.44,0.06,0.06,0.06,-0.349705272104586,-1.7400982426318046,10.096228032897558,-1.143795948987216,-0.630355088771979,-9.844586146536656,0.05,0.13,0.16,10.251051466245526,37.58498837428583,-0.32992688617387295
841.72,0.0,10.35,37.58268,37.17378645015049,37.517795221550834,37.874576107754166,-7.44,0.06,0.06,0.06,-0.3527050471214569,-1.739098317626181,10.083728970327265,-0.9637509377345166,0.624958739684343,-9.96961740435103,0.05,0.13,0.16,10.238674413987999,37.537209444863876,-0.38107424959648795
841.73,0.0,10.35,37.58268,37.04124868580012,37.51240750755285,37.84763753776425,-7.384061953534829,0.06,0.06,0.06,-0.3557048221383277,-1.738098392620557,10.071229907756967,-0.7156100000013276,0.9224300000000492,-10.177894999998845,0.05,0.13,0.16,10.226298636252563,37.49599343277931,-0.2971553210224206
841.74,0.0,10.35,37.58268,37.04369983516485,37.63505815684324,37.82890025474524,-7.324106919810009,0.06,0.06,0.06,-0.3587045971551987,-1.7370984676149337,10.058730845186671,-0.4456100000028623,0.912430000000106,-10.412894999997508,0.05,0.13,0.16,10.213924137672072,37.52258456168833,-0.16987957744795273
841.75,0.0,10.35,37.58268,37.05545807692305,37.76653667832135,37.81072842657347,-7.32,0.06,0.06,0.06,-0.3617043721720696,-1.73609854260931,10.046231782616378,-0.5578949999971841,0.5087900000063508,-10.326170000002277,0.05,0.13,0.16,10.20155092290138,37.553850795454466,-0.17873998617175424
841.76,0.0,10.35,37.35851021847122,36.998709702085534,37.78916662363453,37.93449961271074,-7.32,0.06,0.06,0.06,-0.3647041471889404,-1.7350986176036864,10.033732720046082,-0.7928949999971842,-0.0212099999936491,-10.136170000002275,0.05,0.13,0.16,10.189178996617459,37.5202215392255,-0.23130063929533715
841.77,0.0,10.339071243005648,37.11837119165876,36.9370811022841,37.804042492552114,38.06838243296902,-7.264197901049794,0.06,0.06,0.06,-0.3677039222058114,-1.7340986925980628,10.021233657475786,-1.061959999996645,-0.3430349999969444,-9.760705000005212,0.05,0.13,0.16,10.176808363519545,37.481969304866,-0.3450158047621968
841.78,0.0,10.314091227018473,37.09904,36.88811013419498,37.7504721669982,37.85813267395704,-7.204227886057215,0.06,0.06,0.06,-0.3707036972226822,-1.7330987675924392,10.00873459490549,-1.3419599999966447,-0.5980349999969444,-9.325705000005213,0.05,0.13,0.16,10.164439028329255,37.39893874378756,-0.47836181104858655
841.79,0.0,10.289111211031296,37.09904,36.840247311133446,37.690909542743846,37.617754940359085,-7.218586902182827,0.06,0.06,0.06,-0.3737034722395531,-1.7320988425868156,9.996235532335197,-1.3645800000007189,-0.3231350000053323,-9.129160000001438,0.05,0.13,0.16,10.152070995790721,37.31198794855909,-0.5442880065358817
841.8000000000001,0.0,10.264131195043838,36.99546399999917,36.735175396225614,37.518310415093005,37.499761056603006,-7.238583569405117,0.06,0.06,0.06,-0.3767032472564581,-1.7310989175811806,9.98373646976476,-1.304580000000037,0.1218649999997267,-9.009160000000074,0.05,0.13,0.16,10.139704270670581,37.187177716980194,-0.5885721755702492
841.8100000000001,0.0,10.239151179056662,36.88133066666569,36.62427225157138,37.334189660375785,37.39424155974752,-7.258580236627179,0.06,0.06,0.06,-0.379703022273329,-1.730098992575557,9.971237407194463,-1.2256389097275249,0.5934508627151548,-9.176869217304043,0.05,0.13,0.16,10.127338857758668,37.05850853459009,-0.5857185259310689
841.82,0.0,10.214171163069484,36.78229146666583,36.60621226666658,37.26105226666612,37.39695653333344,-7.315726068482752,0.06,0.06,0.06,-0.3685815948528101,-1.7269258139988335,9.953750731136692,-1.14061765441375,1.0735708927223535,-9.436934233557942,0.05,0.13,0.16,10.10916805561783,37.01162813333299,-0.5677334496900551
841.83,0.0,10.18919114708231,36.68456479999916,36.59622559999991,37.19756559999945,37.4090832000001,-7.375711072231852,0.06,0.06,0.06,-0.3559085591733506,-1.7235138428543637,9.935716026515925,-0.9497327672337266,0.7889260739283335,-9.49243256743261,0.05,0.13,0.16,10.090372829017214,36.97185979999965,-0.46563309410340775
841.84,0.0,10.164211131095136,36.58683813333249,36.58623893333325,37.13407893333278,37.42120986666677,-7.352158920539738,0.06,0.06,0.06,-0.3432355234938911,-1.7201018717098937,9.917681321895154,-0.7249575424592114,0.2594555444594756,-9.482442557442631,0.05,0.13,0.16,10.071591923639282,36.93209146666632,-0.3366047447985762
841.85,0.0,10.13923111510796,36.562301918081815,36.48021442557377,36.93920059939941,37.34252325674276,-7.322173913043449,0.06,0.06,0.06,-0.3305624878144316,-1.716689900565424,9.899646617274383,-0.4697925000021722,-0.5046199999931148,-9.691539999997705,0.05,0.13,0.16,10.05282541974969,36.83106004994944,-0.13981941672478684
841.86,0.0,10.114251099120784,36.54413008991004,36.36583880119851,36.732896903096375,37.25593984015962,-7.264363909022645,0.06,0.06,0.06,-0.3178894521349721,-1.713277929420954,9.881611912653614,-0.2047925000021722,-1.3446199999931148,-9.971539999997706,0.05,0.13,0.16,10.034073398152788,36.72470140859114,0.07889388131557488
841.87,0.0,10.1,36.55050004501127,36.36530255063768,37.00680166541691,37.07297149287289,-7.204378905273544,0.06,0.06,0.06,-0.3052164164555125,-1.709865958276484,9.863577208032844,-0.5744124999952868,-1.2100250000036883,-9.836015000002211,0.05,0.13,0.1528028846154123,10.0153359401955,36.748893938484684,-0.07973765321409049
841.88,0.0,10.1,36.5590621855464,36.37493495873969,37.323600865216655,36.88139359839939,-7.088898876404494,0.06,0.06,0.06,-0.2925433807760531,-1.7064539871320143,9.845542503412076,-1.1494124999952868,-0.7600250000036887,-9.566015000002212,0.05,0.13,0.15,9.996613127771244,36.784747901975535,-0.36048806473576794
841.89,0.0,10.1,36.49391273499992,36.33739099499996,37.24819211499988,37.09870241500027,-6.969048689138879,0.06,0.06,0.06,-0.2798703450965935,-1.7030420159875446,9.827507798791306,-1.3391074999994672,0.1697174999911064,-9.484890000000163,0.05,0.13,0.15,9.97790504332384,36.794549565000004,-0.5331467372352066
841.9,0.0,10.1,36.42222273499992,36.29566099499996,37.13798211499988,37.35229241500026,-6.932244183137487,0.06,0.06,0.06,-0.267197309417134,-1.6996300448430746,9.809473094170537,-1.4041074999994672,1.2547174999911066,-9.464890000000164,0.05,0.13,0.1573865414710089,9.959211769851503,36.802039565,-0.6708240329085564
841.91,0.0,10.1,36.41638,36.25098260999995,37.10934409999997,37.115467709999706,-6.902221666249878,0.06,0.06,0.06,-0.2545242737376745,-1.6962180736986048,9.791438389549768,-1.435109999999836,1.074255000004836,-9.61109999999836,0.05,0.13,0.16,9.940533390910794,36.7230436049999,-0.6403429155126766
841.9200000000001,0.0,10.1,36.41638,36.20604260999944,37.08794409999973,36.83512770999652,-6.872226943264021,0.06,0.06,0.06,-0.2418512380580709,-1.692806102554096,9.773403684928793,-1.4551100000000634,0.4842549999981287,-9.811100000000634,0.05,0.13,0.16,9.921869990620433,36.63637360499892,-0.5554412395489874
841.9300000000001,0.0,10.1,36.21097584499839,36.061840314998896,36.84246683999809,36.77100260999968,-6.84223444138947,0.06,0.06,0.06,-0.2291782023786114,-1.689394131409626,9.755368980308024,-1.3920219945014327,-0.0301024743810886,-9.508780304924068,0.05,0.13,0.16,9.903221653666185,36.47157140249876,-0.5265229356170562
841.94,0.0,10.1,35.98734584499966,35.90883031499977,36.5771068399996,36.72606260999993,-6.784511616287626,0.06,0.06,0.06,-0.2165051666991519,-1.6859821602651563,9.737334275687257,-1.3020444888782932,-0.5199800049959593,-9.04389652587118,0.05,0.13,0.16,9.884588465303635,36.299836402499736,-0.5157223477159574
841.95,0.0,10.1,36.00744900500004,35.83640950499993,36.50044347999994,36.60151621499986,-6.724556582563148,0.06,0.06,0.06,-0.2038321310196924,-1.6825701891206866,9.719299571066486,-1.0269484742397623,-0.5002551275652419,-9.152836418206777,0.05,0.13,0.16,9.865970511363129,36.23645455124994,-0.4089039277330554
841.96,0.0,10.1,36.04917900500004,35.77113950499993,36.44052347999994,36.46990621499986,-6.803076923077001,0.06,0.06,0.06,-0.1911590953402328,-1.6791582179762166,9.701264866445715,-0.6917808904482896,-0.315162581292339,-9.447983991993295,0.05,0.13,0.16,9.84736787825368,36.18268705124994,-0.2709274032985995
841.97,0.0,10.083912065950706,35.98083596499992,35.81495975000006,36.51524639500009,36.462128385,-6.892987012987319,0.06,0.06,0.06,-0.1784860596607733,-1.6757462468317468,9.683230161824946,-0.455020000001939,0.0550799999959327,-9.56157999999948,0.05,0.13,0.16,9.828780652967096,36.19329262375001,-0.21272612799688692
841.98,0.0,10.043942043467585,35.90272596499992,35.868459750000056,36.601916395000096,36.465338385,-6.9,0.06,0.06,0.06,-0.1658130239813138,-1.672334275687277,9.665195457204176,-0.250020000001939,0.4850799999959327,-9.61657999999948,0.05,0.13,0.16,9.810208923082145,36.20961012375002,-0.1802724198769046
841.99,0.0,10.00397202098446,35.89636,35.81286950499993,36.53428757999991,36.380096834999904,-6.9,0.06,0.06,0.06,-0.1531399883018543,-1.668922304542807,9.647160752583408,-0.4532599999968313,0.4539200000017025,-9.902159999996597,0.05,0.13,0.16,9.791652776768753,36.155903479999935,-0.20206500324322613
842.0,0.0,9.964001998501338,35.89636,35.74759950499993,36.45296757999992,36.2870068349999,-6.9,0.06,0.06,0.06,-0.1404669526223948,-1.6655103333983372,9.629126047962638,-0.7882599999968314,0.2739200000017025,-10.262159999996594,0.05,0.13,0.16,9.7731123027922,36.095983479999944,-0.24136564894200452
842.01,0.0,9.924031976018217,35.84722024999994,35.72852086999998,36.3588712449999,36.48285856500024,-6.9,0.06,0.06,0.06,-0.1277939169429353,-1.6620983622538674,9.611091343341869,-1.1081399999970205,0.1808600000006148,-10.35,0.05,0.13,0.16,9.754587590517376,36.104367732500016,-0.32581736129577976
842.02,0.0,9.884061953535094,35.79372024999994,35.71354086999998,36.263641244999896,36.70434856500024,-6.761728703473489,0.06,0.06,0.06,-0.1209630537558954,-1.6576886709858512,9.595184731220522,-1.4231399999970205,0.1158600000006148,-10.35,0.05,0.13,0.16,9.738076494695255,36.11881273250001,-0.4248416401368357
842.03,0.0,9.84409193105197,35.72647684079005,35.577710737316195,36.25588,36.59565113221744,-6.61184111916144,0.06,0.06,0.06,-0.1234644920829312,-1.651685219000965,9.582677539585344,-1.4735400000003311,-0.4594399999930006,-10.35,0.05,0.13,0.16,9.72476304961437,36.038929677580924,-0.38194517117695875
842.04,0.0,9.804121908568847,35.65801395651146,35.43115737565735,36.25588,36.45765563109342,-6.544740000000315,0.06,0.06,0.06,-0.1259659304099671,-1.645681767016079,9.570170347950164,-1.438540000000331,-1.1994399999930008,-10.35,0.05,0.13,0.16,9.711451816422597,35.95067674081555,-0.2932435931361249
842.0500000000001,0.0,9.764151886085273,35.70314052631607,35.440202105263275,36.26641105263164,36.36400631578901,-6.484739999999634,0.06,0.06,0.06,-0.1284673687370313,-1.6396783150311247,9.557663156314844,-1.271239999999599,-1.145639999999408,-10.293299999999856,0.05,0.13,0.16,9.698142804227608,35.943439999999995,-0.2512361725572746
842.0600000000001,0.0,9.72418186360215,35.75841343079966,35.46314557504892,36.27788278752446,36.27431820662695,-6.48,0.06,0.06,0.06,-0.1309688070640672,-1.6336748630462388,9.545155964679664,-1.061239999999599,-0.8356399999994079,-10.218299999999855,0.05,0.13,0.16,9.68483602218606,35.943439999999995,-0.22429935306521598
842.07,0.0,9.7,35.68876022587218,35.37584125256613,35.95215379876579,36.21378088295656,-6.48,0.06,0.06,0.06,-0.133470245391103,-1.6276714110613528,9.532648773044484,-0.828560000000573,0.3399799999965263,-9.942960000000811,0.05,0.13,0.16,9.671531479503011,35.80763404004016,-0.31007563638018076
842.08,0.0,9.7,35.599776652977184,35.27147780287447,35.57424825461914,36.15775418891156,-6.452400000000082,0.06,0.06,0.06,-0.1359716837181389,-1.6216679590764669,9.520141581409304,-0.5885600000019373,1.7949799999882556,-9.602960000002744,0.05,0.13,0.16,9.658229185432846,35.65081422484559,-0.43223022271714195
842.09,0.0,9.7,35.48830835417696,35.38085016508269,35.54326,36.08535015507745,-6.422400000000081,0.06,0.06,0.06,-0.1384731220451747,-1.6156645070915807,9.507634389774124,-0.431695423857256,1.7416579144839863,-9.28180045011566,0.05,0.13,0.1528048192771313,9.64492914927943,35.62444216858428,-0.42261122825347364
842.1,0.0,9.7,35.37483161580791,35.50931439719859,35.54326,36.01148322161081,-6.5578621378620765,0.06,0.06,0.06,-0.1409745603722105,-1.6096610551066948,9.495127198138947,-0.3016629157303063,1.2015228807258878,-8.966721680423435,0.05,0.13,0.15,9.631631380396433,35.60972230865433,-0.3704621362805439
842.11,0.0,9.7,35.29389278360812,35.38015692153908,35.61205870064975,35.93080426786599,-6.707712287712604,0.06,0.06,0.06,-0.1434759986992464,-1.6036576031218088,9.482620006503767,-0.4211488511470903,-0.32056943055323,-9.022255244753705,0.05,0.13,0.15,9.618335888187657,35.55422816841574,-0.24391081039462326
842.12,0.0,9.7,35.21582181909028,35.228292853572874,35.686921269365484,35.84952490754605,-6.72,0.06,0.06,0.06,-0.1459774370262822,-1.5976541511369229,9.470112814868587,-0.6209490509477938,-2.158731268719703,-9.19708041957932,0.05,0.13,0.15,9.605042682107355,35.49514021239367,-0.09341111179374208
842.13,0.0,9.7,35.226105905570805,35.154985520859434,35.81084286285272,35.93316019485375,-6.72,0.06,0.06,0.06,-0.148478875353318,-1.5916506991520367,9.457605623233407,-0.8887503124203878,-2.081982004502512,-9.379547613095763,0.05,0.13,0.15,9.591751771660562,35.531273621034174,-0.16371038955102757
842.14,0.0,9.7,35.24428227329494,35.0886952385714,35.9391466350231,36.03152642018438,-6.72,0.06,0.06,0.06,-0.1509803136803539,-1.5856472471671508,9.44509843159823,-1.1786778305410406,-1.3821569607630055,-9.56450137465549,0.05,0.13,0.157364583333262,9.578463166403425,35.575912641768454,-0.30585346942572816
842.15,0.0,9.7,35.26443244499989,35.06158559000012,35.807665025000816,35.89166109500085,-6.72,0.06,0.06,0.06,-0.1534817520073897,-1.5796437951822646,9.43259123996305,-1.3743167624269803,-0.2003972021081577,-9.685343492379989,0.05,0.13,0.16,9.565176875943527,35.50633603875042,-0.4761484725969911
842.16,0.0,9.7,35.28476244499989,35.038045590000124,35.65251502500082,35.73009109500085,-6.72,0.06,0.06,0.06,-0.1559831903344256,-1.5736403431973789,9.420084048327872,-1.5391931051692989,1.1385985510718806,-9.785268548587457,0.05,0.13,0.16,9.551892909940234,35.42635353875042,-0.6556283207697384
842.1700000000001,0.0,9.689719207408062,35.08655630776746,34.932208473643875,35.61212223832103,35.62350759430348,-6.72,0.06,0.06,0.06,-0.1584846286614898,-1.5676368912124243,9.40757685669255,-1.5273250000000438,1.0373125000003596,-10.013174999999832,0.05,0.13,0.16,9.538611278104868,35.31359865350896,-0.6066196332552629
842.1800000000001,0.0,9.66482624713724,34.86843989507657,34.818873474892726,35.582184691481096,35.521933774668014,-6.665067466266668,0.06,0.06,0.06,-0.1609860669885257,-1.5616334392275384,9.39506966505737,-1.4573250000000435,0.4623125000003596,-10.283174999999831,0.05,0.13,0.16,9.525331990201668,35.197857959029605,-0.4824602313423576
842.19,0.0,9.639933286866418,34.89078501118602,34.81216035794186,35.49592307233338,35.484096420581416,-6.605097451274429,0.06,0.06,0.06,-0.1634875053155615,-1.5556299872426524,9.382562473422192,-1.3986125000000345,-0.1653624999995966,-10.199500000000125,0.05,0.13,0.16,9.512055056047208,35.170741215510674,-0.4101387500231888
842.2,0.0,9.615040326595595,34.935468083519986,34.815352005965714,35.40442916231622,35.452179940342866,-6.572550000000045,0.06,0.06,0.06,-0.1659889436425974,-1.5496265352577665,9.370055281787012,-1.3436125000000343,-0.8103624999995966,-9.999500000000126,0.05,0.13,0.16,9.49878048551135,35.1518572980362,-0.3548669502282626
842.21,0.0,9.590147366324771,34.9106611746986,34.72345038654558,35.36551054718856,35.42968744979907,-6.542550000000045,0.06,0.06,0.06,-0.1684903819696332,-1.5436230832728803,9.357548090151834,-1.0741500000002129,-0.7743500000001625,-10.111787499999869,0.05,0.13,0.16,9.485508288517456,35.10732738955795,-0.25112739936851863
842.22,0.0,9.565254406053947,34.87843225903591,34.62139215361372,35.332207334337106,35.40820150602394,-6.457711716212818,0.06,0.06,0.06,-0.171586070492019,-1.54,9.346475398906623,-0.7341500000002127,-0.5143500000001626,-10.326787499999869,0.05,0.13,0.16,9.474051095595463,35.06005831325267,-0.13144662805883123
842.23,0.0,9.540361445783129,34.87558,34.5821104202099,35.247293396697785,35.272616373185684,-6.367779165625588,0.06,0.06,0.06,-0.1755862482776939,-1.54,9.337586114938455,-0.540887500000711,0.2912124999951708,-10.267125000000735,0.05,0.13,0.16,9.465354984599134,34.99440004752334,-0.1593398234267686
842.24,0.0,9.515468485512304,34.87558,34.54892382691329,35.15736843421666,35.125953041520035,-6.414823705926586,0.06,0.06,0.06,-0.1795864260633688,-1.54,9.32869683097029,-0.3958875000015351,1.276212499989572,-10.117125000001588,0.05,0.13,0.16,9.456660924902687,34.926956325662495,-0.23577063574199414
842.25,0.0,9.490575525241482,34.87558,34.49558347465873,35.106676535087594,35.15879836257323,-6.474838709677486,0.06,0.06,0.06,-0.1835866038490436,-1.54,9.319807547002124,-0.4237870855138974,1.0847469459051704,-10.106265270505723,0.05,0.13,0.16,9.447968922168965,34.90915959307989,-0.22687408002619122
842.26,0.0,9.46568256497066,34.87558,34.44031057017544,35.05974671052631,35.20885684210526,-6.534785214785105,0.06,0.06,0.06,-0.1875867816347185,-1.54,9.310918263033958,-0.5085539765636172,0.5063375716835532,-10.141169284467372,0.05,0.13,0.16,9.439278982080324,34.89612353070176,-0.1899130411355853
842.27,0.0,9.45,34.70719015070292,34.413785491698654,35.074836684546554,35.323082697317695,-6.594725274724976,0.06,0.06,0.06,-0.1915869594203934,-1.54,9.302028979065792,-0.8147141424231292,-0.138249749240476,-9.839062186564217,0.05,0.13,0.16,9.430591110338723,34.879723756066454,-0.271421611786218
842.28,0.0,9.45,34.51150177267021,34.391920868454775,35.099981001277015,35.4477110498078,-6.57266050462164,0.06,0.06,0.06,-0.1955871372060683,-1.54,9.293139695097626,-1.1958575727132803,-0.8052507522482405,-9.422813440326289,0.05,0.13,0.16,9.421905312665782,34.86277867305245,-0.3930544277051738
842.29,0.0,9.45,34.4277677419359,34.33857806451646,35.09372193548393,35.23558322580791,-6.54268298775923,0.06,0.06,0.06,-0.1995873149917431,-1.54,9.28425041112946,-1.3690649999986082,-1.0678899999982767,-9.466834999997417,0.05,0.13,0.1528195308760811,9.413221594802874,34.77391274193605,-0.417248553390721
842.3000000000001,0.0,9.45,34.35605981495339,34.28185388347059,35.0840895273818,34.987281150286364,-6.4671599999994855,0.06,0.06,0.06,-0.2035874927774635,-1.54,9.275361127161192,-1.474064999999802,-1.1978899999997543,-9.661834999999632,0.05,0.13,0.15,9.404539962511103,34.67732109402303,-0.4094807182669271
842.3100000000001,0.0,9.45,34.25905254007962,34.116547409818686,34.88554879759401,34.937165576152154,-6.387159999999788,0.06,0.06,0.06,-0.2075876705631383,-1.54,9.266471843193026,-1.447290000000132,-0.6200700000015286,-9.84177499999967,0.05,0.13,0.15,9.395860421571777,34.54957858091112,-0.4333410923727116
842.32,0.0,9.45,34.15934312124188,33.93964360220334,34.66683136272413,34.90821768036055,-6.307160000000092,0.06,0.06,0.06,-0.2115878483488132,-1.54,9.25758255922486,-1.3772900000001322,0.1899299999984713,-10.01677499999967,0.05,0.13,0.15,9.38718297778589,34.41850894163248,-0.4675761911528165
842.33,0.0,9.45,34.137822399599976,33.94852244292636,34.50744294284187,34.840168545241994,-6.218116412690462,0.06,0.06,0.06,-0.2155880261344881,-1.54,9.248693275256691,-1.0855164034032314,0.5583499392460181,-9.950206561361291,0.05,0.13,0.15,9.3785076369746,34.35848908265255,-0.4179768809695741
842.34,0.0,9.45,34.12427132477911,33.97633780703235,34.354101833026775,34.76813388435211,-6.128183862103231,0.06,0.06,0.06,-0.2195882039201629,-1.54,9.239803991288529,-0.7209963548010316,0.7819222357220339,-9.804398541920412,0.05,0.13,0.15,9.36983440497922,34.30571121229759,-0.3408781033040511
842.35,0.0,9.45,34.11072024995824,34.00415317113835,34.20076072321168,34.69609922346223,-5.956339084770883,0.06,0.06,0.06,-0.2235883817058378,-1.54,9.23091470732036,-0.5562934362937144,0.3200952380979827,-9.634684684685334,0.05,0.13,0.15,9.361163287661272,34.25293334194262,-0.26322942944666766
842.36,0.0,9.45,34.04159356643323,34.05327698301721,34.35228800199882,34.56433185814124,-5.776294073518183,0.06,0.06,0.06,-0.2275885594915127,-1.54,9.222025423352196,-0.479073359073531,-0.4418095238078271,-9.454504504504904,0.05,0.13,0.157025912838622,9.352494290902596,34.25287260239762,-0.18534000305093096
842.37,0.0,9.441795588382137,33.96676839160829,34.10458567432574,34.53507521478545,34.426439750249564,-5.596494382022699,0.06,0.06,0.06,-0.2315887372771876,-1.54,9.213136139384028,-0.4261065266317642,-0.6902550637657525,-9.48908477119255,0.05,0.13,0.16,9.343827420605416,34.25821725774226,-0.13648509565039005
842.38,0.0,9.421833516319074,33.94900548637159,34.031004036008966,34.63283314828711,34.464675383845986,-5.4167191011242775,0.06,0.06,0.06,-0.2355889150628625,-1.54,9.204246855415862,-0.3810952738185893,-0.7702750687669523,-9.594111027756623,0.05,0.13,0.16,9.335162682692427,34.269379513628415,-0.09715412741570126
842.39,0.0,9.401871444256011,33.937232543135785,33.94431236309079,34.721665356339074,34.52139956489122,-5.182428785607888,0.06,0.06,0.06,-0.2395890928485373,-1.54,9.195357571447696,-0.6977724999967669,-0.1419900000063917,-9.51451000000104,0.05,0.13,0.16,9.32650008310687,34.28115245686421,-0.28087866240153825
842.4,0.0,9.38190937219295,33.84702712643669,33.817006701649056,34.57317907046461,34.51417078960519,-4.94254872563757,0.06,0.06,0.06,-0.2435892706342122,-1.54,9.186468287479528,-1.1327724999942943,0.71800999998872,-9.374510000001836,0.05,0.13,0.16,9.317839627812617,34.18784592203889,-0.5375735776724345
842.41,0.0,9.361947300129888,33.74863632183887,33.68546247376283,34.399925697151055,34.500267741129406,-4.838521109168568,0.06,0.06,0.06,-0.2475894484198871,-1.54,9.177579003511362,-1.2814424999992016,0.8734875000010889,-9.539677499996152,0.05,0.13,0.16,9.309181322794258,34.083573058470535,-0.5786707873405529
842.4200000000001,0.0,9.341985228066598,33.73633655499997,33.639994289999684,34.283695054999065,34.431192949999364,-4.748588558580827,0.06,0.06,0.06,-0.2515896262056074,-1.54,9.168689719543094,-1.3364424999998268,0.7984875000002363,-9.804677499999164,0.05,0.13,0.16,9.300525174057082,34.02280471249952,-0.5492373607306481
842.4300000000001,0.0,9.322023156003535,33.73312655499999,33.603614289999896,34.17348505499969,34.356292949999784,-4.685675675675676,0.06,0.06,0.06,-0.2555898039912823,-1.54,9.159800435574928,-1.391442499999827,0.1244550000027397,-9.918977499999796,0.05,0.13,0.16,9.291871187627546,33.96662971249984,-0.4803210921516813
842.44,0.0,9.302061083940472,33.73282,33.575956716641585,34.26259512743666,34.30270809595185,-4.625615615615767,0.06,0.06,0.06,-0.2595899817769572,-1.54,9.150911151606762,-1.4464424999998269,-0.7455449999972603,-9.983977499999796,0.05,0.13,0.16,9.283219369552782,33.968519985007525,-0.3984884061266351
842.45,0.0,9.28209901187741,33.73282,33.54922008495739,34.37275004997553,34.2513737631182,-4.62,0.06,0.06,0.06,-0.2562212515130918,-1.5343318772696375,9.134412662491505,-1.2904625000007086,-0.914790000000189,-10.067814999999715,0.05,0.13,0.16,9.265922421864854,33.97654097451278,-0.3158206817495103
842.46,0.0,9.262136939814347,33.59264197499925,33.42773036499936,34.07595508999837,34.21645090499984,-4.62,0.06,0.06,0.06,-0.2520109467922895,-1.5280164201884343,9.117045155518197,-1.0654625000007083,-0.8547900000001889,-10.157814999999715,0.05,0.13,0.16,9.247640567486737,33.82819458374921,-0.23287978291479927
842.47,0.0,9.25,33.437491974999254,33.29612036499937,33.735695089998366,34.18328090499984,-4.647159630277298,0.06,0.06,0.06,-0.2478006420714873,-1.521700963107231,9.099677648544883,-0.7612828207063728,-0.2257439359869508,-10.319432358088852,0.05,0.13,0.16,9.229361423563379,33.6631470837492,-0.1716817884275694
842.48,0.0,9.25,33.451486142322175,33.375146117353566,33.64299663920083,34.124078791510456,-4.6771371471397085,0.06,0.06,0.06,-0.2435903373506851,-1.5153855060260275,9.082310141571575,-0.4312003000764235,0.5894598649627721,-10.504478619654126,0.05,0.1373670490093945,0.16,9.211085006231256,33.648426922596755,-0.11759676795725416
842.49,0.0,9.25,33.48354606741573,33.47666921348314,33.576739460674155,34.06209626966292,-4.652864999999931,0.06,0.06,0.06,-0.2393800326298829,-1.5090700489448243,9.064942634598268,-0.3763899999998456,0.6655900000007279,-10.534920000000088,0.05,0.14,0.16,9.19281133175274,33.64976275280899,-0.10249971864422053
842.5,0.0,9.25,33.39800338084529,33.49250586646661,33.73507719429843,33.99424409102281,-4.622864999999932,0.06,0.06,0.06,-0.2351697279090807,-1.5027545918636211,9.047575127624958,-0.4113899999998456,0.5005900000007278,-10.514920000000089,0.05,0.14,0.16,9.17454041651732,33.65495763315828,-0.10012288273293671
842.51,0.0,9.25,33.29953876469131,33.49892747186796,33.9180929482368,33.925746966741784,-4.592885335998036,0.06,0.06,0.06,-0.2309594231882785,-1.4964391347824175,9.03020762065165,-0.4916299999995809,0.0415300000024481,-10.385590000000729,0.05,0.1328159538684057,0.1528159538684057,9.156272277042822,33.66057653788447,-0.0989069580640814
842.52,0.0,9.25,33.28984,33.32193946459908,33.949634605954415,33.88328282712047,-4.562907819135797,0.06,0.06,0.06,-0.2267491184674762,-1.4901236777012143,9.01284011367834,-0.586629999999581,-0.513469999997552,-10.220590000000728,0.05,0.13,0.15,9.138006929976633,33.61117422441849,-0.09806979223560329
842.53,0.0,9.25,33.28984,33.12491169377134,33.96462584938696,33.843663112334454,-4.478689344672916,0.06,0.06,0.06,-0.222538813746674,-1.4838082206200112,8.99547260670503,-0.9341389652551516,-0.3447063234224736,-10.100849787553974,0.042811302682077,0.13,0.15,9.119744392096957,33.55576016387319,-0.25044013986972286
842.54,0.0,9.25,33.198141748252056,33.00251881118916,33.72862979021058,33.95564937062898,-4.388644322161774,0.06,0.06,0.06,-0.2183285090258718,-1.4774927635388078,8.97810509973172,-1.3640314921212626,0.0601924518816542,-9.995876030993646,0.04,0.13,0.15,9.101484680314071,33.471234930070196,-0.45279596271961864
842.5500000000001,0.0,9.25,33.0965932967022,32.888143186811945,33.46567274724988,34.08392109890249,-4.38,0.06,0.06,0.06,-0.2141182043050218,-1.4711773064575326,8.960737592758216,-1.3419050000005357,0.382282499999071,-9.954930000000063,0.04,0.13,0.15,9.083227811671396,33.383582582416636,-0.4850542596755919
842.5600000000001,0.0,9.25,33.062420160119835,32.960757042782966,33.606549291970715,33.867963917936066,-4.38,0.06,0.06,0.06,-0.2099078995842195,-1.4648618493763292,8.943370085784906,-1.171905000000535,0.6772824999990711,-9.934930000000064,0.0472800863464689,0.13,0.15,9.064973803347609,33.3744226032024,-0.46166684974919797
842.57,0.0,9.237858642407296,33.03565008256172,33.05391691268522,33.791798228672896,33.6141835826851,-4.407019470794015,0.06,0.06,0.06,-0.2056975948634173,-1.458546392295126,8.926002578811596,-1.084778694673886,0.2035758939761218,-10.031747936983756,0.05,0.13,0.15,9.046722672656712,33.37388720165123,-0.3684980893253927
842.58,0.0,9.202869139258254,32.98468371557315,32.963386054080694,33.67736378067043,33.64359903855807,-4.436974538192861,0.06,0.06,0.06,-0.2014872901426151,-1.4522309352139229,8.908635071838289,-1.024763690922986,-0.5216054013472515,-10.166781695423282,0.05,0.13,0.1573888016745585,9.028474437050177,33.317258147220585,-0.2525010569733801
842.59,0.0,9.167879636109213,32.93110334501752,32.85301049073609,33.53055356534801,33.70360905358038,-4.385992490613149,0.06,0.06,0.06,-0.1972769854218129,-1.4459154781327197,8.891267564864979,-0.9534500000003308,-0.7226199999998677,-10.20376999999998,0.05,0.13,0.16,9.01022911411807,33.2545691136705,-0.20205252487125766
842.6,0.0,9.13289013296017,32.88244017500001,32.84258,33.349062895000046,33.55716505500004,-4.3259173967460045,0.06,0.06,0.06,-0.1930666807010107,-1.439600021051516,8.87390005789167,-0.8784500000003308,-0.7526199999998677,-10.208769999999978,0.05,0.13,0.16,8.991986721590408,33.157812031250025,-0.17298984298379916
842.61,0.0,9.097900629811129,32.834290175000014,32.84258,33.163952895000044,33.38917505500004,-4.2929820179821485,0.06,0.06,0.06,-0.1888563759802085,-1.433284563970313,8.856532550918361,-0.724280000000794,-0.3867700000021835,-9.998880000001236,0.05,0.13,0.16,8.973747277338516,33.05749953125002,-0.19102339387537634
842.62,0.0,9.062911126662089,32.82974,32.84740873162224,33.11652186394212,33.317286713182035,-4.263011988012213,0.06,0.06,0.06,-0.1846460712594063,-1.4269691068891095,8.839165043945052,-0.5442800000007939,0.1082299999978165,-9.718880000001237,0.05,0.13,0.16,8.955510799376412,33.027739327186595,-0.22442255917533344
842.63,0.0,9.027921623513045,32.82974,32.852741400448565,33.08345931721889,33.25542775479663,-4.233028485757322,0.06,0.06,0.06,-0.1804357665386041,-1.420653649807906,8.821797536971742,-0.5644444444439046,0.0556209150341404,-9.653790849673172,0.05,0.1371934865900198,0.16,8.937277305862205,33.00534211811602,-0.23557419717630299
842.64,0.0,8.992932120364003,32.759272473657646,32.79439617661804,33.207540732564254,33.246284074259904,-4.203043478261033,0.06,0.06,0.06,-0.1824226455884311,-1.41612376705851,8.808855830293217,-0.6499145299137742,-0.1756510809431536,-9.658818501759631,0.05,0.14,0.16,8.923823484591248,33.00187336427496,-0.23946735810077277
842.65,0.0,8.957942617214961,32.680888128449666,32.728896929252464,33.34927680883074,33.2430627997993,-4.119135000000478,0.06,0.06,0.06,-0.1851249831103852,-1.4118000270233837,8.796425077692229,-0.8448571428547639,-0.2832173913036238,-9.72081987577557,0.05,0.14,0.16,8.91092277618472,33.00053116658304,-0.2843645945428606
842.66,0.0,8.922953114065919,32.59796190856898,32.6336201998506,33.24054462153451,33.23404175868104,-4.029135000000478,0.06,0.06,0.06,-0.1878273206323393,-1.407476286988257,8.78399432509124,-1.073428571425902,-0.3527826086948397,-9.80032298136553,0.05,0.14,0.16,8.898023651578212,32.926542122158786,-0.3418578541838328
842.6700000000001,0.0,8.9,32.51456445665728,32.53525397451885,33.10582566075408,33.22441897576815,-3.939195603297288,0.06,0.06,0.06,-0.1905296581543241,-1.4031525469530814,8.771563572490109,-1.3193558127830562,-0.0253724207348375,-9.766980372420743,0.05,0.14,0.16,8.885126117669504,32.84501576692459,-0.4635363994200792
842.6800000000001,0.0,8.9,32.439139656459915,32.395757908886985,33.025499656459914,33.21000793129198,-3.849263052710569,0.06,0.06,0.06,-0.1932319956762782,-1.3988288069179549,8.759132819889121,-1.570991444388656,0.4326044287873535,-9.696522395571176,0.05,0.14,0.16,8.872230181396068,32.7676012882747,-0.6063257196519801
842.69,0.0,8.9,32.36455663430413,32.25191922330082,32.95091663430413,33.195091326860826,-3.786233766233722,0.06,0.06,0.06,-0.1959343331982323,-1.3945050668828285,8.746702067288131,-1.5077034448328757,0.5591088367448632,-9.702930604093837,0.042821497120902,0.132821497120902,0.152821497120902,8.859335849734459,32.69062095469247,-0.5972569389528306
842.7,0.0,8.9,32.274350079999905,32.226414079999984,33.05053664000012,33.067947679999854,-3.726293706293511,0.06,0.06,0.06,-0.1986366707201864,-1.3901813268477017,8.734271314687142,-1.3479430853723695,0.5840713929105672,-9.73288567149268,0.04,0.13,0.15,8.846443129701195,32.65481211999997,-0.5416685963095951
842.71,0.0,8.9,32.18233007999991,32.214644079999985,33.17037664000012,32.927777679999856,-3.746870152614516,0.06,0.06,0.06,-0.2013390082421405,-1.385857586812575,8.721840562086154,-1.3176345431789185,0.2922528160221863,-9.625481852316224,0.04,0.13,0.15,8.833552028352877,32.623782119999966,-0.5174003822524306
842.72,0.0,8.9,32.17276,32.20001467665412,32.84579187016086,32.832768059924746,-3.776892669502125,0.06,0.06,0.06,-0.2040413457640946,-1.3815338467774487,8.709409809485164,-1.3276470588234424,-0.0982352941142522,-9.475294117648364,0.04,0.13,0.15,8.820662552786459,32.51283365168493,-0.5028876180828985
842.73,0.0,8.9,32.17276,32.18505337827705,32.46962208239438,32.743000269662296,-3.8068681318680393,0.06,0.06,0.06,-0.2067436832860487,-1.377210106742322,8.696979056884176,-1.1656893106909232,-0.2931718281708157,-9.573741258739949,0.04,0.13,0.15,8.807774710139551,32.39260893258343,-0.41332994572526777
842.74,0.0,8.9,32.09518459804629,32.14323571750548,32.34144966691677,32.59169729025742,-3.8368381618379743,0.06,0.06,0.06,-0.2094460208080028,-1.3728863667071955,8.684548304283187,-0.9509040959051668,-0.4280369630362906,-9.748566433565562,0.04,0.13,0.15,8.794888507590688,32.29289181818149,-0.3007192623543974
842.75,0.0,8.9,32.00836265965449,32.098216934635666,32.24283709491621,32.43305967443042,-3.813211879211611,0.06,0.06,0.06,-0.2121483583299568,-1.368562626672069,8.672117551682199,-0.8198048048054687,-0.2957907907921501,-9.950390390389064,0.04,0.13,0.15,8.782003952359627,32.1956190909092,-0.23990120813782573
842.76,0.0,8.9,31.98315642661349,31.89363371542471,32.35800518315485,32.497081186145095,-3.7832642874971496,0.06,0.06,0.06,-0.2148506958519109,-1.3642388866369424,8.659686799081209,-0.7146996997006292,-0.0805755755774785,-10.160600600598745,0.04,0.13,0.15,8.769121051707623,32.18296912783454,-0.19517077267599414
842.77,0.0,8.891144141893783,31.965025352603977,31.6707281584842,32.49772110640463,32.5866700224274,-3.806743371685688,0.06,0.06,0.06,-0.217553033373865,-1.359915146601816,8.647256046480221,-0.5524375624396936,0.0464235764223924,-10.309350649349112,0.04,0.13,0.15,8.756239812937741,32.18003615998005,-0.13137414868039732
842.78,0.0,8.86616287784183,31.93908738562088,31.77758032679757,32.38463398692792,32.49492091503254,-3.836758379189572,0.06,0.06,0.06,-0.2202553708958191,-1.3555914065666894,8.634825293879231,-0.3726173826200815,0.1463236763221769,-10.43922077921883,0.04,0.1373792016805885,0.15,8.743360243395125,32.14905565359473,-0.06172059095189847
842.79,0.0,8.841181613789878,31.912189446958305,31.92498103066849,32.240461035696505,32.38087365510321,-3.7864398298725215,0.06,0.06,0.06,-0.2229577084177732,-1.3512676665315628,8.622394541278243,-0.5057096370431243,0.0859649561967666,-10.321028785985176,0.04,0.14,0.15,8.730482350467321,32.11462629210663,-0.11802629236422904
842.8000000000001,0.0,8.816200349737644,31.82125981099166,31.848341109176168,32.21570476000987,32.52796859985192,-3.726394796096622,0.06,0.06,0.06,-0.225660045939758,-1.3469439264963872,8.609963788677113,-0.7359974968711066,-0.024172715894877,-10.125784730913628,0.04,0.14,0.1573819517314033,8.717606141584408,32.1033185700074,-0.21345695369766718
842.8100000000001,0.0,8.791219085685691,31.72333392190972,31.74722198458068,32.20399622979355,32.70359655309672,-3.648567621585176,0.06,0.06,0.06,-0.2283623834617121,-1.3426201864612606,8.597533036076124,-0.9199725343318704,-0.1952634207238551,-10.022659176030055,0.04,0.14,0.16,8.704731624219894,32.09453717234517,-0.27305564936710724
842.82,0.0,8.76623782163374,31.67719022624414,31.674846877827704,32.223810135746724,32.66330416289559,-3.568620919386809,0.06,0.06,0.06,-0.2282700329308211,-1.3388466886205477,8.58461788022922,-1.0897602996248248,-0.3850262172277453,-9.947752808989048,0.04,0.14,0.16,8.691391247269662,32.05978785067854,-0.3216777337394575
842.83,0.0,8.741256557581789,31.63738127702329,31.60598815485111,32.24748032176993,32.596597275012016,-3.488674217188444,0.06,0.06,0.06,-0.2238792535674903,-1.335919502378327,8.570957677765525,-1.1338197747183858,-0.2657496871094147,-9.781028785982958,0.04,0.14,0.16,8.677333596852232,32.02186175716409,-0.3741083682999775
842.84,0.0,8.716275293529838,31.58949575520808,31.55839748697893,32.21461260416646,32.472559231770155,-3.292972027972411,0.06,0.06,0.06,-0.2194884742041596,-1.3329923161361064,8.55729747530183,-1.1388260325406765,-0.0504806007509221,-9.585784730913629,0.04,0.14,0.16,8.663277889228386,31.958766269530905,-0.4277219994458424
842.85,0.0,8.691294029477886,31.540732734374927,31.513117539062435,32.17560218749994,32.34229230468731,-3.0831818181828634,0.06,0.06,0.06,-0.2150976948408288,-1.330065129893886,8.543637272838135,-1.05972284644208,-0.0076454431959923,-9.536177278402004,0.04,0.14,0.16,8.649224133869726,31.89293619140615,-0.41311926846258157
842.86,0.0,8.666312765425934,31.491969713541778,31.467837591145937,32.13659177083342,32.21202537760447,-2.953233308327789,0.06,0.06,0.06,-0.210706915477498,-1.3271379436516657,8.529977070374438,-0.9548539325846672,-0.0176329588014602,-9.531183520599267,0.04,0.14,0.16,8.635172340308193,31.827106113281403,-0.3776194285058133
842.87,0.0,8.65,31.501981906233823,31.3658851828958,31.894780504895355,32.13588937661022,-2.833203300825989,0.06,0.06,0.06,-0.2063161361141672,-1.3242107574094448,8.516316867910742,-0.8077672090123532,-0.0467384230285477,-9.423046307885809,0.04,0.14,0.16,8.621122518136545,31.724634242658798,-0.341563651467843
842.88,0.0,8.65,31.524032395672243,31.25232516228793,31.611431715611644,32.07084043276688,-2.659759939986285,0.06,0.06,0.06,-0.2019253567508365,-1.3212835711672244,8.502656665447047,-0.6475669586999682,-0.0817822277843819,-9.282871088862471,0.04,0.14,0.16,8.60707467700882,31.614657426584678,-0.3053351914832835
842.89,0.0,8.65,31.4122181381383,31.223532902902924,31.537131801801863,32.04267199199202,-2.479714928733585,0.06,0.06,0.06,-0.1975345773875057,-1.318356384925004,8.488996462983351,-0.5605883813313456,-0.0481901688188309,-8.9915392254255,0.04,0.1328147438966772,0.1528147438966772,8.593028826640817,31.553888708708776,-0.32370886116601855
842.9,0.0,8.65,31.283689609609365,31.20532469469466,31.48893360360351,32.01910842842838,-2.3532734082403057,0.06,0.06,0.06,-0.1931437980241749,-1.3154291986827833,8.475336260519656,-0.496040218471326,0.0064275074473394,-8.65390268123463,0.04,0.13,0.15,8.578984976810586,31.49926408408398,-0.35880911400713855
842.91,0.0,8.65,31.21918925805652,31.13189083687244,31.61705177117145,31.949854114414272,-2.2334232209740104,0.06,0.06,0.06,-0.1887530186608442,-1.3125020124405629,8.46167605805596,-0.5216238670689362,-0.1956873111753964,-8.683519637460735,0.04,0.13,0.15,8.564943137358915,31.47949649512867,-0.3419017852462896
842.9200000000001,0.0,8.65,31.162521758680622,31.051700979265032,31.76673950537194,31.87501024731403,-2.1667199999997138,0.06,0.06,0.06,-0.1843622392974635,-1.3095748261983091,8.448015855592109,-0.5770115810675175,-0.4826963746225906,-8.834577039275048,0.04,0.13,0.15,8.55090331818965,31.463993122657904,-0.3077970060143343
842.9300000000001,0.0,8.65,31.0928720725643,31.14028711232652,31.77287302683892,31.81659731113296,-2.1067200000000548,0.06,0.06,0.06,-0.1799714599341327,-1.3066476399560885,8.434355653128414,-0.711598411516076,-0.5272002978407357,-9.170196078430314,0.04,0.13,0.15,8.53686552927085,31.455657380715678,-0.29757411084142615
842.94,0.0,8.65,31.02160964711712,31.249839796222933,31.761173225646097,31.760225541749364,-2.0467599300524526,0.06,0.06,0.06,-0.1755806805708019,-1.303720453713868,8.420695450664718,-0.8704467609817447,-0.4974162323159228,-9.562352941173682,0.04,0.1373733681462078,0.15,8.52282978063431,31.44821205268388,-0.2946670900143507
842.95,0.0,8.65,31.052423594885987,31.142746187014136,31.664647069440843,31.879482897969574,-1.9868048963276328,0.06,0.06,0.06,-0.1711899012074711,-1.3007932674716476,8.407035248201021,-1.0045843828708656,-0.092745591942364,-10.008070528964788,0.04,0.14,0.15,8.508796082376719,31.434824937327633,-0.3143379796357508
842.96,0.0,8.65,31.097487520681867,31.005408508398112,31.556279057407885,32.02325828027072,-1.8736199999997312,0.06,0.06,0.06,-0.1667991218441404,-1.297866081229427,8.393375045737326,-1.1305289672542205,0.4362216624677262,-10.471546599495532,0.04,0.14,0.15,8.494764444660008,31.420608341689643,-0.34149475434625587
842.97,0.0,8.641768414731803,30.97615546000004,30.88635571000004,31.559661769999995,31.94276457000003,-1.7536199999997313,0.06,0.06,0.06,-0.1624083424808096,-1.2949388949872065,8.37971484327363,-1.247980024968499,0.319011235955851,-10.537922596754196,0.04,0.14,0.15,8.480734877711862,31.341234377500022,-0.3587039178952006
842.98,0.0,8.616748398719016,30.83277546000004,30.769725710000035,31.577851769999995,31.83255457000003,-1.713411647088144,0.06,0.06,0.06,-0.1580175631174789,-1.292011708744986,8.366054640809935,-1.3628364544313798,0.004404494383612,-10.482991260924123,0.04,0.14,0.15,8.466707391826246,31.253226877500023,-0.37287425505796656
842.99,0.0,8.591728382706227,30.90544389636248,30.79468210264065,31.46417369207806,31.658660986547545,-1.6834191452135936,0.06,0.06,0.06,-0.1536267837541481,-1.2890845225027654,8.35239443834624,-1.271509386734668,-0.188490613265332,-10.294175219025636,0.04,0.14,0.15,8.452681997363914,31.205740169407186,-0.3507220528425575
843.0,0.0,8.56670836669344,31.00673936223168,30.83839909317367,31.333022720478983,31.476329147982984,-1.5471996002997537,0.06,0.06,0.06,-0.1492360043908173,-1.286157336260545,8.338734235882542,-1.116315394244545,-0.3436846057554551,-10.063887359201583,0.04,0.14,0.15,8.438658704752964,31.163622580966827,-0.31731866455876906
843.01,0.0,8.541688350680651,30.89799146726898,30.74696124905973,31.23024538750965,31.29103491346925,-1.3973120159885553,0.06,0.06,0.06,-0.1448452250274866,-1.2832301500183243,8.325074033418847,-0.9963464879634762,-0.3685927029041104,-10.143085132785378,0.04,0.14,0.15,8.424637524489352,31.0415582543269,-0.2624550211821534
843.02,0.0,8.516668334667862,30.759511407072907,30.636391898670613,31.131484414346566,31.10532134436909,-1.3004943820230397,0.06,0.06,0.06,-0.1404544456641558,-1.280302963776104,8.311413830955152,-0.8871382477052127,-0.3537006701416199,-10.316825515014434,0.04,0.14,0.15,8.410618467137438,30.90817726611479,-0.20103563408222586
843.03,0.0,8.491648318655075,30.648034834040445,30.63094100324432,31.05106834539557,31.20227080109806,-1.2106067415738284,0.06,0.06,0.06,-0.1417490549932694,-1.278688208755048,8.298193878795432,-0.7994409468656087,-0.2402367161939157,-10.333505414253704,0.04,0.14,0.1571755725190326,8.397330407926,30.883078745944594,-0.18085923095767611
843.04,0.0,8.466628302642286,30.540153626154385,30.63948604941352,30.973094799101684,31.33685527826285,-1.12056042031621,0.06,0.06,0.06,-0.1437000365808791,-1.2772249725643408,8.285024753079066,-0.7188567111568203,-0.0941777889717367,-10.29824981113111,0.04,0.14,0.16,8.384127175215566,30.872397438233108,-0.17432072739187682
843.0500000000001,0.0,8.441608286629215,30.57702297446206,30.50676410615825,30.811065247870683,31.30321702553794,-1.0304928696523596,0.06,0.06,0.06,-0.145651018168511,-1.275761736373617,8.271855627362552,-0.5288905435591165,-0.0676048647307059,-10.270987838173236,0.04,0.14,0.16,8.370924545533668,30.799517338507236,-0.11741527936365848
843.0600000000001,0.0,8.416588270616426,30.63381816725103,30.354595853780264,30.63746484727044,31.24642183274897,-0.9405247376312242,0.06,0.06,0.06,-0.1476019997561207,-1.2742985001829097,8.258686501646185,-0.3055100521217591,-0.0775328865723662,-10.246167783569083,0.04,0.14,0.16,8.357722521738403,30.718075175262673,-0.04512358459370322
843.07,0.0,8.4,30.603695727863883,30.315867333666805,30.86814042021042,31.18117884942464,-0.8505697151423552,0.06,0.06,0.06,-0.1495529813437304,-1.2728352639922025,8.24551737592982,-0.3407700050324818,-0.0913462506290602,-9.956343734273494,0.04,0.14,0.16,8.344521106705376,30.742220582791436,-0.09938978590216058
843.08,0.0,8.4,30.56194485242622,30.29231555777889,31.152902801400657,31.114805662831422,-0.787049999999942,0.06,0.06,0.06,-0.1515039629313401,-1.2713720278014948,8.232348250213455,-0.4615551082024784,-0.1064443885253098,-9.578890286867257,0.04,0.14,0.16,8.33132030332843,30.780492218609297,-0.19550513847497678
843.09,0.0,8.4,30.505121419290308,30.347164607696204,31.11445032483752,31.152368215892096,-0.727049999999942,0.06,0.06,0.06,-0.1534549445189498,-1.2699087916107876,8.219179124497089,-0.6419125683042889,-0.0188524590174266,-9.554562841529323,0.04,0.1328468899521479,0.1528468899521479,8.318120114519651,30.779776141929034,-0.2688625414173741
843.1,0.0,8.4,30.446300829585084,30.41240198900563,31.03317096451757,31.203702548725744,-0.72,0.06,0.06,0.06,-0.1554059261065595,-1.2684455554200804,8.206009998780724,-0.8406209637338679,0.1003725782403207,-9.639013909586891,0.04,0.1373869610936018,0.15,8.304920543209501,30.773894082958506,-0.33520948374733595
843.11,0.0,8.4,30.37801689999985,30.330444699999774,30.831057039999514,31.170122919999898,-0.72,0.06,0.06,0.06,-0.1573569076941692,-1.2669823192293732,8.192840873064359,-1.1057416267912692,0.0278065978357146,-9.52752707126852,0.04,0.14,0.15,8.291721592346965,30.677410389999757,-0.4335688254030553
843.12,0.0,8.4,30.308466899999843,30.22879469999977,30.612777039999514,31.125182919999897,-0.7464335664335497,0.06,0.06,0.06,-0.1593078892817789,-1.2655190830386658,8.179671747347992,-1.392822966503828,-0.1081792999228658,-9.351249055655543,0.04,0.14,0.15,8.27852326489969,30.568805389999756,-0.5425137708283752
843.13,0.0,8.4,30.22947949999982,30.209250079999983,30.72480604000035,31.083074139999905,-0.7764035964034851,0.06,0.06,0.06,-0.1612588708693886,-1.2640558468479586,8.166502621631627,-1.4790168818269245,-0.1970506454807726,-9.462135054615397,0.04,0.14,0.15,8.265325563854145,30.561652440000014,-0.5454368867362179
843.14,0.0,8.4,30.14922949999982,30.200690079999983,30.88102604000035,31.041344139999907,-0.78,0.06,0.06,0.06,-0.1632098524569983,-1.2625926106572514,8.153333495915263,-1.5038430983115472,-0.2715292949346413,-9.660744786492378,0.04,0.14,0.15,8.252128492215757,30.568072440000016,-0.5159721330503997
843.15,0.0,8.4,30.10299090909093,30.114828251748303,30.764640000000085,30.912913566433645,-0.78,0.06,0.06,0.06,-0.165160834044608,-1.261129374466544,8.140164370198896,-1.316888217525534,-0.4566062437034608,-9.865246727087316,0.04,0.14,0.15,8.238932053009071,30.47384318181824,-0.40299497681325347
843.16,0.0,8.4,30.06130259740275,30.01862445554481,30.611782857143425,30.77288359640412,-0.7273631592107133,0.06,0.06,0.06,-0.1671118156322177,-1.2596661382758367,8.126995244482531,-1.0600906344441217,-0.6781570996952675,-10.071691842897865,0.04,0.14,0.15,8.225736249277894,30.366148376623777,-0.26247649632887093
843.1700000000001,0.0,8.39001249687576,30.013970329670112,29.904548131867607,30.401545494504514,30.53220307692193,-0.6673781554609307,0.06,0.06,0.06,-0.1690627972198496,-1.2582029020851129,8.113826118766015,-0.785841238143357,-0.2481427858225534,-10.085581627558756,0.04,0.14,0.15,8.21254108408529,30.21306675824104,-0.2129905271027937
843.1800000000001,0.0,8.360019995001245,29.965868431568367,29.78803464535449,30.183483556443264,30.27779748251714,-0.6336702526894625,0.06,0.06,0.06,-0.1710137788074593,-1.2567396658944054,8.10065699304965,-0.5062606090874717,0.3809136295531885,-10.040649026460486,0.04,0.14,0.15,8.199346560514355,30.053796028970815,-0.19131344513012574
843.19,0.0,8.330027493126728,29.899889587603,29.85271491627107,30.20196280929776,30.38576532866807,-0.6036477358018537,0.06,0.06,0.06,-0.172964760395069,-1.2552764297036982,8.087487867333286,-0.4361783120460977,0.4535662409219554,-9.900062609567325,0.04,0.14,0.15,8.186152681667457,30.085083160459973,-0.19660926646953367
843.2,0.0,8.300034991252213,29.83142670332402,29.94257245188722,30.253309972506983,30.5440857485632,-0.6263418290854813,0.06,0.06,0.06,-0.1749157419826787,-1.253813193512991,8.074318741616919,-0.4311695467067475,0.3533909341349511,-9.729764588029417,0.04,0.14,0.15,8.172959450666987,30.142848719070358,-0.21028330286152047
843.21,0.0,8.270042489377696,29.87564610305159,29.977064867433747,30.07078166583268,30.506176923461656,-0.656326836581771,0.06,0.06,0.06,-0.1768667235702884,-1.2523499573222836,8.061149615900554,-0.3266774837747841,-0.3205491762328405,-9.8583774338485,0.04,0.14,0.15,8.15976687065539,30.107417389944917,-0.08564997319538593
843.22,0.0,8.24004998750318,29.93559607803901,30.00382824912456,29.85560407703856,30.44087427213608,-0.554699999999734,0.06,0.06,0.06,-0.1788177051578981,-1.2508867211315764,8.04798049018419,-0.1918796804799822,-1.1692760858667783,-10.078047928106695,0.04,0.14,0.15,8.146574944795303,30.058975669084553,0.08111612877982324
843.23,0.0,8.210057485628663,29.88743415646087,29.99392335916021,30.062520494876345,30.459253281679587,-0.4346999999997339,0.06,0.06,0.06,-0.1820158608339444,-1.2494502197725603,8.036518058559551,-0.5537931897825116,-1.0182623935923198,-9.843257386080696,0.04,0.14,0.1572143531633039,8.135101605440376,30.100782823044256,-0.09165740142412628
843.24,0.0,8.180064983754148,29.82431993501619,29.97894710322418,30.32781417145737,30.48920579355164,-0.4463052710466817,0.06,0.06,0.06,-0.1871322588897102,-1.2480548384846244,8.027680643735955,-1.0695668502742284,-0.5575713570366115,-9.467694041062456,0.04,0.14,0.16,8.126273185168893,30.155071750812347,-0.3696059453974062
843.25,0.0,8.150072481879631,29.71985561999989,29.77513609999978,30.302872939999936,30.55768274000007,-0.4762827879089214,0.06,0.06,0.06,-0.1922486569454759,-1.2466594571966885,8.018843228912361,-1.3124563155261817,0.0436520219649201,-9.406787319021351,0.04,0.14,0.16,8.117448249184525,30.088886849999923,-0.5229079508734233
843.26,0.0,8.120079980005114,29.60964561999989,29.54508609999978,30.23760293999993,30.63151274000007,-0.3748800000006439,0.06,0.06,0.06,-0.1973650550012416,-1.2452640759087523,8.010005814088766,-1.4722166749866876,0.6876859710400849,-9.44173489765334,0.04,0.14,0.16,8.10862680886353,30.005961849999913,-0.6382387016339637
843.27,0.0,8.1,29.46949960039986,29.423167852148044,30.032550489510896,30.4866024775228,-0.2548800000006439,0.06,0.06,0.06,-0.2024814530570074,-1.2438686946208162,8.00116839926517,-1.5558788182268275,0.5761967951957416,-9.522641462192478,0.04,0.14,0.16,8.099808875627211,29.8529551048954,-0.642496761196555
843.28,0.0,8.1,29.325193906094626,29.31627474525528,29.80807496503608,30.31129778221865,-0.2137855361597452,0.06,0.06,0.06,-0.2075978511127731,-1.24247331333288,7.992330984441574,-1.615968953429404,0.2306785177809275,-9.617784176263225,0.04,0.14,0.16,8.090994460942106,29.69021034965116,-0.6123491999744218
843.29,0.0,8.1,29.257622040000303,29.313330519999937,29.86459879999948,30.121779720001022,-0.1838603491273076,0.06,0.06,0.06,-0.2127142491685388,-1.241077932044944,7.983493569617979,-1.3314382022514004,-0.3935355805166813,-9.96918352059461,0.04,0.14,0.1527685754851932,8.082183576320196,29.639332770000188,-0.39870981248314313
843.3000000000001,0.0,8.1,29.20091203999966,29.32510052000007,29.96089880000057,29.93024971999885,-0.1014922383571801,0.06,0.06,0.06,-0.2178306472243627,-1.239682550756992,7.974656154794284,-0.9419250936315126,-1.10264918851699,-10.398646691637053,0.04,0.14,0.15,8.073376233318989,29.60429026999979,-0.12917304542322783
843.3100000000001,0.0,8.1,29.30888285286869,29.32095010473812,29.68019046383821,29.89621519201988,-0.0113570355533156,0.06,0.06,0.06,-0.2229470452801285,-1.2382871694690558,7.965818739970688,-0.6204556835248193,-0.8836004006001125,-10.683635453180145,0.04,0.14,0.15,8.064572443542128,29.551559653366223,-0.0008649521220176759
843.32,0.0,8.1,29.440164648379994,29.31454611471317,29.346115650870424,29.884474543640813,0.0,0.06,0.06,0.06,-0.2280634433358942,-1.2368917881811197,7.956981325147092,-0.3200050075119374,-0.3778417626450946,-10.92399599399045,0.04,0.14,0.15,8.055772218638985,29.496325239401102,0.08381752991543986
843.33,0.0,8.1,29.384278903080105,29.240898903080105,29.370239474079906,29.72051293764024,0.0,0.06,0.06,0.06,-0.2331798413916599,-1.2354964068931835,7.948143910323497,-0.3128991799322806,0.0766956102257375,-10.750602990835212,0.04,0.14,0.15,8.046975570305275,29.42898255447009,0.01269829908314482
843.34,0.0,8.1,29.300672592036147,29.157292592036143,29.44741453042817,29.534006551465254,0.0,0.06,0.06,0.06,-0.2382962394474257,-1.2341010256052476,7.939306495499902,-0.3949059334297201,0.5156729377708549,-10.451519536903373,0.04,0.14,0.15,8.038182510283132,29.35984656649143,-0.10575052640271627
843.35,0.0,8.1,29.25340585512072,29.10877927393837,29.4957440166528,29.61157307577022,0.026175000000104,0.06,0.06,0.06,-0.2434126375031914,-1.2327056443173114,7.930469080676306,-0.42,0.3043501945531079,-10.125966277562,0.04,0.14,0.15,8.029393050361335,29.36737555537053,-0.1414722899821325
843.36,0.0,8.1,29.21135423147368,29.065302171523623,29.539933858451395,29.72703685595365,0.056175000000104,0.06,0.06,0.06,-0.2485290355589571,-1.2313102630293753,7.921631665852711,-0.42,-0.1937042801547841,-9.7887418936452,0.04,0.14,0.15,8.0206072023755,29.385906779350584,-0.14071785623667205
843.37,0.0,8.093698192349962,29.169302607826623,29.02182506910888,29.58412370024999,29.842500636137068,0.086155383462408,0.06,0.06,0.06,-0.2536454336147229,-1.2299148817414391,7.912794251029116,-0.5463146067409486,-0.6047340823955465,-9.556891385768548,0.04,0.14,0.15,8.011824978208278,29.40443800333064,-0.17548436209887652
843.38,0.0,8.07372415859387,29.140594000000007,29.04425119999999,29.613105999999995,29.80316368000001,0.1161329003246477,0.06,0.06,0.06,-0.2587618316704886,-1.228519500453503,7.90395683620552,-0.7111086142311689,-0.9892534332060609,-9.35714107365919,0.04,0.14,0.15,8.003046389789576,29.400278720000003,-0.2210716630014925
843.39,0.0,8.053750124837778,29.11384400000016,29.07635119999981,29.63985599999984,29.741103680000364,0.3812346913260986,0.06,0.06,0.06,-0.2638782297262543,-1.227124119165567,7.895119421381925,-1.0139098873559778,-0.6783979975017731,-9.54331163954659,0.04,0.14,0.15,7.994271449096747,29.392788720000045,-0.326907381808568
843.4,0.0,8.033776091081688,28.99848318420473,29.046878955261416,29.505224593852503,29.750883329167586,0.6811597100716015,0.06,0.06,0.06,-0.2689946277820201,-1.225728737877631,7.8862820065583294,-1.359341677092058,-0.1527409261642596,-9.848693366704572,0.04,0.14,0.15,7.985500168154801,29.325367515621558,-0.45135386845071906
843.41,0.0,8.013802057325595,28.870115276181654,29.00836858285449,29.346904173957377,29.771208247937903,0.7461215303824935,0.06,0.06,0.06,-0.2741110258377858,-1.2243333565896948,7.877444591734734,-1.3902397003752334,0.1307640449415537,-9.935310861423003,0.04,0.14,0.15,7.976732559036616,29.249149070232857,-0.47810133702203494
843.4200000000001,0.0,7.993828023569276,28.804209587602728,28.89620872781724,29.34240862284441,29.68525416645772,0.7761290322582847,0.06,0.06,0.06,-0.2792274238936097,-1.2229379753017429,7.868607176911039,-1.3253208489385857,0.3405018726599548,-9.955285892634285,0.04,0.14,0.15,7.967968633863044,29.182020276180523,-0.4750866128715609
843.4300000000001,0.0,7.973853989813184,28.7475137615592,28.77318948262846,29.360594076481007,29.58362957260612,0.8061169415293374,0.06,0.06,0.06,-0.2843438219493754,-1.2215425940138067,7.859769762087443,-1.1952278417624096,0.1719328993485783,-9.630986479718908,0.04,0.14,0.15,7.959208404803511,29.1162317233187,-0.4629494321223053
843.44,0.0,7.953879956057093,28.661914519999343,28.76291182000005,29.20916494999872,29.385989939998463,0.8361019490254568,0.06,0.06,0.06,-0.2894602200051411,-1.2201472127258706,7.850932347263847,-1.0450025037559687,-0.1134952428636595,-9.20034051076711,0.04,0.14,0.1574946808511075,7.950451884075644,29.004995307499144,-0.4479943197535895
843.45,0.0,7.933905922301001,28.57203451999935,28.769331820000048,29.03261494999872,29.174129939998465,0.8660674157303715,0.06,0.06,0.06,-0.2828425685136727,-1.2184662646815012,7.834151401708847,-0.7687568647043828,-0.5322915626539174,-9.019585621568128,0.04,0.14,0.16,7.9333844065207755,28.887027807499145,-0.3390328205254584
843.46,0.0,7.913931888544909,28.544600469882475,28.6658054486375,28.970707043239063,29.00610770307377,0.8960299625469453,0.06,0.06,0.06,-0.2748409681936179,-1.2167516360414896,7.816433572428726,-0.4542286570165117,-0.991602596102872,-8.91474288567217,0.04,0.14,0.16,7.9153430686103645,28.796805166208202,-0.20151397039951077
843.47,0.0,7.9,28.526415016245977,28.545995401149977,28.92577827543124,28.844578085478982,0.9,0.06,0.06,0.06,-0.2668393678735631,-1.2150370074014778,7.7987157431486045,-0.3914772158236536,-0.8130696044086604,-9.180756134199225,0.04,0.14,0.16,7.897308745391444,28.710691694576546,-0.15874722421021875
843.48,0.0,7.9,28.548235003743475,28.51746269029197,28.86510133765904,28.951043673571395,0.9,0.06,0.06,0.06,-0.2588377675535083,-1.213322378761466,7.780997913868483,-0.4064997496243832,-0.43750625939042,-9.561326990484377,0.04,0.14,0.16,7.879281485030291,28.72046067631647,-0.145249452536513
843.49,0.0,7.9,28.57600640379351,28.5025088594958,28.80208162216088,29.09737758921965,0.9,0.06,0.06,0.06,-0.2508361672334536,-1.2116077501214544,7.763280084588362,-0.605292061905976,-0.0053669495776895,-9.818487269095352,0.04,0.14,0.16,7.861261336116045,28.74449361866746,-0.21802496139712313
843.5,0.0,7.9,28.509213181704443,28.50886712321921,28.689824688827603,29.135389162709355,0.9,0.06,0.06,0.06,-0.2428345669133988,-1.2098931214814426,7.745562255308241,-0.8599101347961573,0.4439590614049833,-10.038157763353547,0.04,0.14,0.16,7.8432483476651305,28.710823539115154,-0.31700865065518513
843.51,0.0,7.9,28.427913506623625,28.518494716320888,28.57001464134008,29.156783814046413,0.9,0.06,0.06,0.06,-0.234832966593344,-1.2081784928414308,7.72784442602812,-0.9391286930393138,0.1942063094687642,-10.29658988482459,0.04,0.1328080903105201,0.1528080903105201,7.825242569125733,28.668301669582753,-0.2785308417260829
843.52,0.0,7.9,28.37531715357704,28.55039142071017,28.72284662331064,29.133666673336823,0.9,0.06,0.06,0.06,-0.2268313662732893,-1.2064638642014192,7.710126596747998,-0.9641662493737204,-0.2714922383512027,-10.566995493236185,0.04,0.13,0.15,7.807244050382318,28.69555546773367,-0.19759110403596705
843.53,0.0,7.9,28.32714306653358,28.58571908454204,28.917684042019747,29.10369168584312,0.925988502874174,0.06,0.06,0.06,-0.2188297659532345,-1.2047492355614071,7.692408767467876,-0.992981273407878,-0.5063970037433297,-10.7870387016205,0.04,0.13,0.15,7.789252841760216,28.73355946973462,-0.14954046729437606
843.54,0.0,7.9,28.29034905435612,28.44387453462492,28.74260344998888,28.989134743113148,0.9559810047487244,0.06,0.06,0.06,-0.2108281656331797,-1.2030346069213955,7.674690938187755,-1.022943820224452,-0.6711910112344857,-10.991782771533757,0.04,0.13,0.15,7.7712689940302555,28.616490445520768,-0.11148091337107244
843.5500000000001,0.0,7.9,28.25529320923281,28.27496909903083,28.51102241250768,28.86165894266478,0.96,0.06,0.06,0.06,-0.202826565313034,-1.2013199782813644,7.656973108907433,-0.9955544430537822,-0.5454267834791813,-10.9749361702127,0.04,0.13,0.15,7.753292558413244,28.475735915859026,-0.1179099829929997
843.5600000000001,0.0,7.9,28.16290916498953,28.285950553320085,28.60002138833056,28.8475110965795,0.96,0.06,0.06,0.06,-0.1948249649929792,-1.1996053496413526,7.639255279627311,-0.950498122653424,-0.3301576971219139,-10.889829787234246,0.04,0.13,0.15,7.735323586585529,28.47409805080492,-0.13804352723251806
843.57,0.0,7.891098323742754,28.06064558350099,28.32793244466801,28.744266861167027,28.852893390342054,1.0117793860743596,0.06,0.06,0.06,-0.1868233646729244,-1.197890721001341,7.62153745034719,-0.909358302122549,-0.1038102372046563,-10.831697877653186,0.04,0.13,0.15,7.71736213068258,28.496434569919522,-0.15656199882155172
843.58,0.0,7.861075806855111,28.031144887780545,28.16833970074809,28.60955860349124,28.80745790523689,1.071674569503283,0.06,0.06,0.06,-0.1788217643528696,-1.1961760923613292,7.6038196210670685,-0.8694082397006773,0.1259026217211054,-10.781760299625846,0.04,0.1375000000000302,0.15,7.699408243304652,28.40412527431419,-0.17458984208259365
843.59,0.0,7.831053289967468,28.013000249376542,27.977287331670667,28.431314214463693,28.75409132169572,1.054118236472978,0.06,0.06,0.06,-0.1708201640328149,-1.1944614637213171,7.586101791786947,-0.7949361702132969,0.0422177722163933,-10.38344430538488,0.04,0.14,0.15,7.681461977521506,28.29392327930166,-0.20115939776492278
843.6,0.0,7.801030773079825,27.915394202607903,27.911775305917786,28.37497905717154,28.612789508525687,1.0240581162324778,0.06,0.06,0.06,-0.1628185637127601,-1.1927468350813055,7.568383962506826,-0.709829787234358,-0.1380075093860656,-9.877812265333535,0.04,0.14,0.15,7.663523386877376,28.203734518555727,-0.230360180753079
843.61,0.0,7.771008256192181,27.804852577733488,27.86670008024084,28.3384895887664,28.45717265797433,1.045930552085827,0.06,0.06,0.06,-0.1548169633927053,-1.191032206441294,7.550666133226705,-0.6785093632959559,-0.4404544319583341,-9.323355805246322,0.04,0.14,0.15,7.645592525396006,28.116803726178766,-0.2723033211543966
843.62,0.0,7.740985739304539,27.79282612878977,27.85044419443752,28.315954517664803,28.456751611124965,1.075908068948067,0.06,0.06,0.06,-0.1490049751243888,-1.1894029850746333,7.533830845771211,-0.663528089887754,-0.7800299625442428,-8.754067415734653,0.04,0.14,0.15,7.628596801261031,28.103994113004262,-0.3181173471845523
843.63,0.0,7.710963222416896,27.79604336757704,27.83864765221752,28.295578672012084,28.480344695564952,1.1317194908906942,0.06,0.06,0.06,-0.1465049126228279,-1.1879029475736966,7.518330458261533,-0.7097546933660193,-0.6954267834816287,-8.757782227782823,0.04,0.14,0.15,7.613006632198608,28.1026535968429,-0.3418763038934356
843.64,0.0,7.680940705529252,27.75208394044672,27.819554476426823,28.052569677419694,28.40111938957828,1.1916146743199576,0.06,0.06,0.06,-0.1440048501212669,-1.18640291007276,7.502830070751855,-0.7748360450554257,-0.4801576971243612,-8.938007509384256,0.04,0.14,0.1574999999999093,7.597417214584563,28.00633187096788,-0.35884131838466593
843.65,0.0,7.65091818864161,27.70110627295282,27.79937581637716,27.77644064516112,28.306598297766687,1.2,0.06,0.06,0.06,-0.1415047876197059,-1.1849028725718236,7.487329683242177,-0.7133957553070729,-0.1580549313401086,-9.00298127340788,0.04,0.14,0.16,7.581828553054182,27.895880258064444,-0.3618688312356766
843.66,0.0,7.620895671753967,27.65268111637188,27.806496615997983,27.825044704709505,28.193486259656325,1.2,0.06,0.06,0.06,-0.139004725118145,-1.183402835070887,7.471829295732499,-0.6135205992518268,0.1965018726560147,-9.032943820224451,0.04,0.14,0.16,7.5662406522807215,27.869427174183922,-0.360662396391206
843.6700000000001,0.0,7.6,27.60468709693465,27.818228487415976,27.928498479940856,28.07723407924172,1.2,0.06,0.06,0.06,-0.1365046626165556,-1.1819027975699332,7.456328908222645,-0.7201276595746008,0.0503629536918809,-9.085927409261624,0.04,0.14,0.16,7.550653516975626,27.8571620358833,-0.3732486307942567
843.6800000000001,0.0,7.6,27.56461342032593,27.743404647427173,27.914028968632103,28.074269590966253,1.2,0.06,0.06,0.06,-0.1340046001149946,-1.1804027600689968,7.440828520712967,-0.8903404255315099,-0.2500125156438411,-9.146002503128768,0.04,0.14,0.16,7.535067151889623,27.824079156837865,-0.3900836207339292
843.69,0.0,7.6,27.52594842659938,27.65318632873189,27.878586057716102,28.091454032622497,1.225772215269184,0.06,0.06,0.06,-0.1315045376134337,-1.1789027225680602,7.425328133203289,-0.8955194805195337,-0.6226623376618716,-9.40902597402559,0.04,0.1328036485837685,0.1528036485837685,7.519481561812061,27.78729371141747,-0.3132677535703941
843.7,0.0,7.6,27.47729428571388,27.54027142857048,27.901931428571697,28.109511428571576,1.2558097622027562,0.06,0.06,0.06,-0.1290044751118727,-1.1774026850671235,7.409827745693612,-0.8505644355643753,-1.017267732268261,-9.733701298701734,0.04,0.13,0.15,7.5038967515720145,27.75725214285691,-0.2080025386813992
843.71,0.0,7.6,27.42696653990461,27.42355389041709,27.935126324743763,28.12771508131109,1.26,0.06,0.06,0.06,-0.1265044126103117,-1.1759026475661871,7.394327358183934,-0.8936170212765618,-0.7729787234044685,-10.139361702127452,0.04,0.13,0.15,7.48831272603852,27.728340459094138,-0.1864704113186826
843.72,0.0,7.6,27.35821757636436,27.399624486730072,27.944437195793704,28.191902423635646,1.26,0.06,0.06,0.06,-0.1240043501087508,-1.1744026100652505,7.378826970674256,-0.9637046307882304,-0.3324280350454094,-10.569899874841989,0.04,0.13,0.15,7.472729490120981,27.72354542063094,-0.19066021280363138
843.73,0.0,7.6,27.28641987981981,27.39105162744117,27.94979523284927,28.26370012018019,1.2858041958042126,0.06,0.06,0.06,-0.1215042876071898,-1.172902572564314,7.363326583164578,-1.014494382022188,0.1532709113576449,-10.857802746565246,0.04,0.13,0.15,7.457147048769593,27.72274171507261,-0.2146503249180036
843.74,0.0,7.6,27.29939713929729,27.330171437827023,27.81738859207567,28.13226402192864,1.315774225774318,0.06,0.06,0.06,-0.1190042251056289,-1.1714025350633772,7.3478261956549,-1.0594382022467936,0.65264669163104,-11.10249687889921,0.04,0.13,0.15,7.441565406975756,27.644805297782156,-0.2446385767345956
843.75,0.0,7.6,27.32606048342894,27.260846743084763,27.66274119611216,27.96801782207774,1.32,0.06,0.06,0.06,-0.1165041626040679,-1.1699024975624408,7.332325808145222,-1.050851063829975,0.2874468085153683,-10.95319148936373,0.04,0.13,0.15,7.425984569772509,27.554416561175902,-0.2263757105373407
843.76,0.0,7.6,27.17595010526264,27.220511984962304,27.698902817042804,27.87537451127796,1.32,0.06,0.06,0.06,-0.114004100102507,-1.1684024600615042,7.316825420635544,-1.0258197747185225,-0.343341677093238,-10.68285356696004,0.04,0.13,0.15,7.410404542234955,27.49268485463643,-0.19329060547230956
843.77,0.0,7.5913882776557795,26.995739578946964,27.18511348872172,27.767554446115444,27.794923383458464,1.3457592407590302,0.06,0.06,0.06,-0.111504037600946,-1.1669024225605675,7.301325033125866,-0.9625093632963532,-0.7199625468145869,-10.409200998753295,0.04,0.13,0.15,7.3948253294807085,27.435832724310647,-0.17428152165226987
843.78,0.0,7.561382276455554,26.97776263473056,27.12874155688613,27.559674446107373,27.72212543413162,1.3757292707291358,0.06,0.06,0.06,-0.109003975099385,-1.165402385059631,7.285824645616188,-0.887602996255344,-1.019588014978624,-10.134544319602927,0.04,0.1375079533403225,0.15,7.379246936670326,27.34707601796392,-0.15953650941469452
843.79,0.0,7.5313762752553295,26.9863055489022,27.06894115768457,27.306590613772205,27.65057852794404,1.38,0.06,0.06,0.06,-0.1065039125978241,-1.1639023475586945,7.27032425810651,-0.7551063829805035,-0.7261702127715944,-9.828723404259057,0.04,0.14,0.15,7.363669369007768,27.253103962075755,-0.1918347023784061
843.8000000000001,0.0,7.501370274054763,26.95183105776395,27.01909737434302,27.28283859464884,27.49465738934534,1.38,0.06,0.06,0.06,-0.1040038500962347,-1.1624023100577408,7.254823870596656,-0.6049186483109351,-0.2505757196512943,-9.513329161452964,0.04,0.14,0.15,7.348092631740665,27.187106104025286,-0.2385840760261559
843.8100000000001,0.0,7.471364272854539,26.9100906226552,26.970935333832923,27.29782234058531,27.324484846209664,1.4311667501252625,0.06,0.06,0.06,-0.1015037875946737,-1.160902272556804,7.239323483086978,-0.5546691635456072,0.0516354556799104,-9.558813982521544,0.04,0.14,0.15,7.332516730161493,27.125833285820775,-0.24625071227179643
843.82,0.0,7.441358271654314,26.90408,26.943849759999853,27.15343279999895,27.33844864000028,1.491256885328181,0.06,0.06,0.06,-0.1011121188865014,-1.160556059443251,7.225736877601745,-0.534694132334558,0.3013233458180255,-9.713620474407175,0.04,0.14,0.15,7.3190427961605735,27.084952799999773,-0.24207795249647301
843.83,0.0,7.411352270454089,26.90408,26.92030975999999,26.98223279999992,27.383388640000017,1.482907151191804,0.06,0.06,0.06,-0.1039028814623721,-1.161951440731186,7.215038954394241,-0.53,0.2412765957447559,-9.298085106383263,0.04,0.14,0.15,7.308742304447448,27.047502799999982,-0.29714424820504215
843.84,0.0,7.381346269253864,26.85098318840576,26.90959630184907,27.024408745627245,27.415492943528257,1.462903817302831,0.06,0.06,0.06,-0.1066936440382428,-1.1633468220191214,7.204341031186736,-0.53,0.0860826032546329,-8.707346683356345,0.04,0.14,0.15,7.298444290095041,27.050120294852583,-0.3704081622646763
843.85,0.0,7.351340268053639,26.788954202898427,26.901040579710127,27.102479710145083,27.445437971014552,1.442900483413858,0.06,0.06,0.06,-0.1094844066141136,-1.1647422033070567,7.193643107979232,-0.6795129870116623,-0.5058816183766932,-8.976368631365032,0.04,0.14,0.15,7.288148763604742,27.059478115942046,-0.31834956803238906
843.86,0.0,7.321334266853414,26.73911712143928,26.874197001499248,27.141231784107948,27.376018980509745,1.4143692230827205,0.06,0.06,0.06,-0.1122751691899843,-1.1661375845949922,7.182945184771727,-0.8743181818162421,-1.2301573426501309,-9.50583916083389,0.04,0.14,0.1574159779614248,7.277855735534817,27.032641221889055,-0.22832682633614554
843.87,0.0,7.300000000000001,26.69134767283037,26.84425197401307,27.173315742128857,27.289748782275748,1.384391706220481,0.06,0.06,0.06,-0.1150659317658551,-1.1675329658829274,7.172247261564222,-0.8548510638305327,-1.1700625782254097,-9.787123904879303,0.04,0.14,0.16,7.267565216500779,26.99966604281201,-0.1854690055143814
843.88,0.0,7.300000000000001,26.643578224221464,26.814306946526887,27.20539970014976,27.20347858404175,1.4311972006995322,0.06,0.06,0.06,-0.1178566943417258,-1.168928347170863,7.161549338356718,-0.7697446808515938,-0.869687108887978,-9.992380475593215,0.04,0.14,0.16,7.257277217175758,26.966690863734964,-0.15705948507893241
843.89,0.0,7.300000000000001,26.56992977755599,26.69487989002815,27.01380139965121,27.25749022244401,1.4911822044486327,0.06,0.06,0.06,-0.1206474569175966,-1.1703237284587982,7.150851415149213,-0.8995356964539356,-0.1405092361518736,-10.158861707437744,0.04,0.1327578051088487,0.1527578051088487,7.246991748290865,26.88402532241984,-0.2512733892074133
843.9,0.0,7.300000000000001,26.49183930017529,26.560093586603923,26.78380889777653,27.33558069982471,1.4743971985994568,0.06,0.06,0.06,-0.1234382194934673,-1.1717191097467337,7.1401534919417085,-1.0942436345464273,0.7182026959483458,-10.31362955566511,0.04,0.13,0.15,7.236708820635577,26.792830621095113,-0.38252978617408695
843.91,0.0,7.300000000000001,26.413798731268887,26.52022043956049,26.83388543456524,27.21211386613418,1.4443821910957428,0.06,0.06,0.06,-0.126228982069338,-1.173114491034669,7.129455568734204,-1.1055319148941511,0.5944680851114266,-10.353829787233982,0.04,0.13,0.15,7.226428445058108,26.745004617882202,-0.36737039088438805
843.9200000000001,0.0,7.300000000000001,26.335766763235835,26.496703956043675,26.93222709290826,27.053912067930188,1.465607196401972,0.06,0.06,0.06,-0.1290197446452405,-1.1745098723226202,7.118757645526578,-1.0604755944932809,0.1689361702143159,-10.358836045056302,0.04,0.13,0.15,7.2161506324656735,26.70465247002949,-0.30723359535602646
843.9300000000001,0.0,7.300000000000001,26.288654384211465,26.434057307019103,26.870449442917,26.9921247214585,1.4955922038982616,0.06,0.06,0.06,-0.1318105072211113,-1.1759052536105556,7.108059722319074,-0.9886766541824288,-0.3247690387006155,-10.118539325843312,0.04,0.13,0.15,7.20587539382534,26.64632146390152,-0.26815101245332185
843.94,0.0,7.300000000000001,26.24695565825609,26.364559430426816,26.78063680239773,26.947218401198864,1.5511672081981245,0.06,0.06,0.06,-0.134601269796982,-1.177300634898491,7.097361799111569,-0.9087765293382318,-0.8391260923851327,-9.803932584269289,0.04,0.137513255567335,0.15,7.195602740163714,26.584842573069874,-0.23544641578569994
843.95,0.0,7.300000000000001,26.159741645822567,26.27316164582257,26.72164901450705,26.81314124061977,1.6111522119468842,0.06,0.06,0.06,-0.1373920323728527,-1.1786960161864264,7.0866638759040645,-0.8785077616424782,-0.7378167250879125,-9.57293940911387,0.04,0.14,0.15,7.185332682567796,26.49192338669299,-0.2707742751141195
843.96,0.0,7.300000000000001,26.06446400700328,26.17788400700328,26.668122251125435,26.663266303151225,1.62,0.06,0.06,0.06,-0.1401827949487235,-1.1800913974743616,7.07596595269656,-0.8634852278418341,-0.4473810716087933,-9.367631447171734,0.04,0.14,0.15,7.175065232185249,26.393434142070802,-0.327000993473778
843.97,0.0,7.294960503949597,26.07297656414108,26.193678664666223,26.58365794448597,26.72278363090788,1.62,0.06,0.06,0.06,-0.1429735575245942,-1.1814867787622971,7.065268029489055,-0.6912509363312533,-0.2112509363312533,-9.580794007488064,0.04,0.14,0.15,7.164800400224803,26.39327420105029,-0.2614552574662022
843.98,0.0,7.274962503749635,26.09973325331336,26.228997494373623,26.49375546886713,26.81910771192808,1.568910000000023,0.06,0.06,0.06,-0.145764320100465,-1.1828821600502324,7.054570106281551,-0.4715255930109595,0.0084744069890405,-9.920369538073972,0.04,0.14,0.15,7.154538197956646,26.41039848212055,-0.15912409253402715
843.99,0.0,7.254964503549672,26.06277505870585,26.13781191606267,26.35297573819598,26.72427348988227,1.5089100000000224,0.06,0.06,0.06,-0.1485550826763357,-1.184277541338168,7.043872183074046,-0.3931806806809706,0.0331806806809706,-9.881228728730012,0.04,0.14,0.15,7.144278636712826,26.31945905071169,-0.14130689012593883
844.0,0.0,7.23496650334971,26.014661144141684,26.02447691731152,26.203288003996345,26.59596971771116,1.5255386153461683,0.06,0.06,0.06,-0.1513458452522064,-1.1856729226261031,7.033174259866541,-0.3581456456458248,-0.0018543543541752,-9.726073573574366,0.04,0.14,0.15,7.13402172788765,26.209598945790177,-0.14937933397922107
844.01,0.0,7.214968503149748,26.002874038509606,26.04287849962508,26.29259065266371,26.573932423105763,1.555531117220719,0.06,0.06,0.06,-0.1541366078280772,-1.1870683039140386,7.022476336659038,-0.3960039960035884,-0.2745229770206333,-9.505984015985646,0.04,0.14,0.15,7.1237674829381,26.22806890347604,-0.1670478954527007
844.02,0.0,7.1949705029497855,25.997522700675148,26.08461893473383,26.424233563391308,26.570721620405088,1.56,0.06,0.06,0.06,-0.1569273704039479,-1.188463685201974,7.011778413451533,-0.4559440559434591,-0.6191783216748898,-9.266223776226164,0.04,0.14,0.15,7.113515913384228,26.26927420480134,-0.18762342415321703
844.03,0.0,7.174972502749824,25.973891184738964,26.05070128514058,26.311572871486,26.49353518072292,1.56,0.06,0.06,0.06,-0.1597181329798187,-1.1898590664899094,7.0010804902440285,-0.6539499374186255,-0.7191614518144402,-9.459098873587722,0.04,0.14,0.15,7.103267030809581,26.207425130522115,-0.21453164203707561
844.04,0.0,7.154974502549861,25.947033755020207,26.00343220883557,26.15579977911721,26.403294216867906,1.5345277361321028,0.06,0.06,0.06,-0.162247499999981,-1.188202000000015,6.989212000000091,-0.8942503128872031,-0.7441927409257503,-9.784505632034756,0.04,0.14,0.15,7.091349139973687,26.127389989960225,-0.24337978887401313
844.0500000000001,0.0,7.134976502349671,25.89391593237149,25.973894042764577,26.335461461961128,26.458957871706264,1.504542728635472,0.06,0.06,0.06,-0.1647475000000066,-1.1862019999999946,6.977211999999969,-0.9082299134737318,-0.104462299139492,-9.95113473423913,0.04,0.14,0.15,7.079244607760337,26.165557327200865,-0.2893784876775524
844.0600000000001,0.0,7.114978502149709,25.836451984086903,25.9472903630032,26.57063799105172,26.5387689109904,1.5254486378406271,0.06,0.06,0.06,-0.1672475000000037,-1.1842019999999969,6.9652119999999815,-0.8538417799755875,0.736081582195466,-10.069799752780536,0.04,0.14,0.1574313940724336,7.067141169384123,26.223287312283055,-0.3405580823874055
844.07,0.0,7.1000000000000005,25.731617270681568,25.85714396900707,26.31758574856057,26.477588857784973,1.555441139715007,0.06,0.06,0.06,-0.1697475000000009,-1.1822019999999993,6.953211999999995,-1.0210015174491898,0.6407890743576343,-10.2621471927149,0.04,0.14,0.16,7.055038830474584,26.095983961508544,-0.3576751594246017
844.08,0.0,7.1000000000000005,25.61822561859516,25.755519375156045,25.976341059734505,26.39094051986989,1.5091327168209374,0.06,0.06,0.06,-0.172247499999998,-1.1802020000000015,6.941212000000009,-1.2637936267054908,0.2260192210447865,-10.479648457257,0.04,0.14,0.16,7.042937596699574,25.9352566433389,-0.36316391889244753
844.09,0.0,7.1000000000000005,25.5835372031132,25.61712118001486,25.98035649510429,26.281220185789444,1.4491477130718369,0.06,0.06,0.06,-0.1747474999999952,-1.1782020000000035,6.929212000000023,-1.316163255117366,-0.6104917623484123,-10.34967299051619,0.04,0.14,0.1527701746106547,7.030837473765453,25.86555876600545,-0.31343753356276166
844.1,0.0,7.1000000000000005,25.56312043183526,25.47205464725052,26.046979643484946,26.167316093396703,1.490824587706112,0.06,0.06,0.06,-0.1772474999999924,-1.1762020000000062,6.9172120000000366,-1.311170743884225,-1.574046430344589,-10.115024962558572,0.04,0.14,0.15,7.018738467417401,25.812367703991857,-0.2470783492465774
844.11,0.0,7.1000000000000005,25.51190217467016,25.4664989251058,25.90913494899182,26.07431589947724,1.5507946026986916,0.06,0.06,0.06,-0.1797474999999895,-1.1742020000000084,6.90521200000005,-1.1528367551345966,-1.3016775162804284,-9.676675012523408,0.04,0.14,0.15,7.0066405834397525,25.740462987061253,-0.2885678656805651
844.12,0.0,7.1000000000000005,25.45546027369974,25.484602931077443,25.736614421497315,25.98486081114676,1.56,0.06,0.06,0.06,-0.1822474999999867,-1.1722020000000106,6.893212000000064,-0.947528793191292,-0.650701051582145,-9.17592388583242,0.04,0.14,0.15,6.994543827656322,25.665384609355314,-0.3630952924051117
844.13,0.0,7.1000000000000005,25.314787942057823,25.37894625374616,25.694595719280706,25.80474425574411,1.56,0.06,0.06,0.06,-0.1847474999999838,-1.1702020000000128,6.881212000000078,-0.7887343984036065,0.1675936095783613,-9.152081877183225,0.04,0.14,0.15,6.982448205930735,25.5482685427072,-0.39846646949796105
844.14,0.0,7.1000000000000005,25.158724005994383,25.250674525474835,25.676423891108936,25.608060939061414,1.56,0.06,0.06,0.06,-0.187247499999981,-1.1682020000000153,6.869212000000091,-0.6439515726425229,1.0362905641448623,-9.271902146778602,0.04,0.14,0.15,6.970353724166768,25.423470840409895,-0.422042367748795
844.15,0.0,7.1000000000000005,25.169464090909056,25.25855094405592,25.46439874125894,25.637690104895047,1.56,0.06,0.06,0.06,-0.1897474999999781,-1.1662020000000175,6.857212000000104,-0.4643365047588944,0.933340010018725,-9.476329494239234,0.04,0.14,0.15,6.958260388308683,25.38252597027974,-0.3200811550987351
844.16,0.0,7.1000000000000005,25.21115240259748,25.291687807192865,25.216406733266304,25.70930848651361,1.5346540094930714,0.06,0.06,0.06,-0.1922474999999753,-1.1642020000000195,6.845212000000118,-0.2740510766163192,0.5327391086659352,-9.706675012517088,0.04,0.14,0.15,6.9461682043415784,25.357138857392563,-0.17966344015211888
844.1700000000001,0.0,7.094141211817715,25.21776,25.30144315078774,25.25275293323404,25.71345495873961,1.5046764926303209,0.06,0.06,0.06,-0.1947475000000009,-1.1622019999999993,6.833211999999995,-0.2146491885143066,-0.1740324594277364,-9.594978776528796,0.04,0.14,0.15,6.934077178291584,25.37135276069035,-0.10312639601868157
844.1800000000001,0.0,7.069103655483223,25.21776,25.306794488622163,25.34265540885238,25.70489281820453,1.5,0.06,0.06,0.06,-0.197247499999998,-1.1602020000000015,6.821212000000009,-0.1946741573033708,-0.9730337078651684,-9.380247191011236,0.04,0.14,0.15,6.921987316226777,25.393025678919766,-0.04583252077851137
844.19,0.0,7.04406609914873,25.18268472173677,25.17993001247747,25.33167774893922,25.70803683054657,1.5,0.06,0.06,0.06,-0.1997474999999952,-1.158202000000004,6.809212000000023,-0.4315919899865348,-1.2021827284103472,-9.379852315394048,0.04,0.14,0.15,6.909898624256695,25.350582328425006,-0.10162621591844813
844.2,0.0,7.019028542814238,25.14102762166172,25.028255442973432,25.30177008734688,25.713377484402343,1.474728953285038,0.06,0.06,0.06,-0.2022474999999923,-1.1562020000000062,6.7972120000000364,-0.7469862327890431,-1.2572515644552298,-9.444933667083454,0.04,0.14,0.15,6.897811108533254,25.296107659096094,-0.19196624456887132
844.21,0.0,6.993990986479745,25.10913450037548,25.124194891060213,25.38681678437329,25.70435355371894,1.4447514364226282,0.06,0.06,0.06,-0.2047474999999895,-1.1542020000000084,6.78521200000005,-0.8545393258424954,-0.790287141076454,-9.847607990010228,0.04,0.14,0.15,6.8857247752509645,25.331124932381982,-0.21570116781913537
844.22,0.0,6.968953430145253,25.079121978462265,25.267826245930603,25.494004362634776,25.692562920110174,1.465245000000064,0.06,0.06,0.06,-0.2072474999999867,-1.1522020000000108,6.773212000000064,-0.899483146067356,-0.1660674157311663,-10.351977528089218,0.04,0.14,0.15,6.873639630647299,25.383378876784455,-0.2193722239246575
844.23,0.0,6.94391587381076,24.987531622360272,25.195613525465863,25.50914931180124,25.800827324223576,1.4952450000000637,0.06,0.06,0.06,-0.2097474999999838,-1.150202000000013,6.761212000000077,-1.0173742177717933,0.374983729660525,-10.523687108885897,0.04,0.14,0.15,6.861555681003056,25.373280445962738,-0.2892365405539711
844.24,0.0,6.918878317476268,24.88438628074549,25.08289799751569,25.50702260372671,25.93161987080726,1.4747802197802358,0.06,0.06,0.06,-0.2120429032404508,-1.147139935463369,6.750194064445836,-1.1575494367951302,0.8906282853535146,-10.593774718397563,0.04,0.14,0.15,6.850256355205207,25.35148168819879,-0.37932177488905283
844.25,0.0,6.893840761141775,24.81712119940034,24.958999670165,25.439238770614747,25.788028290854704,1.4448101898103003,0.06,0.06,0.06,-0.2143153206380769,-1.1439585511066923,6.739286460937231,-1.2279881364307246,0.6339174493358273,-10.613798813643072,0.04,0.14,0.15,6.839046295053295,25.250846982758695,-0.37325233560881477
844.26,0.0,6.868803204807284,24.757231144427752,24.83280276861561,25.357959410294804,25.58803828585695,1.44,0.06,0.06,0.06,-0.2165877380357029,-1.140777166750016,6.728378857428626,-1.2774196737515646,0.1445452298595101,-10.618741967375158,0.04,0.14,0.1574368825466239,6.827837493785141,25.13400790229878,-0.338217630300197
844.27,0.0,6.8500000000000005,24.679264827932656,24.74702773172568,25.180126425521163,25.510985154483784,1.44,0.06,0.06,0.06,-0.2188601554333289,-1.1375957823933396,6.717471253920021,-1.1391654021256754,-0.4588998482509809,-10.374893778454224,0.04,0.14,0.16,6.816629957610815,25.02935103491582,-0.26594436043340886
844.28,0.0,6.8500000000000005,24.59755671439339,24.6696200452148,24.982306782215584,25.4593800301432,1.490422183362095,0.06,0.06,0.06,-0.221132572830955,-1.1344143980366632,6.706563650411416,-0.9368386444120912,-1.1012873039916111,-10.046112797169648,0.04,0.14,0.16,6.805423692780591,24.927215892991747,-0.1809585289565082
844.29,0.0,6.8500000000000005,24.514624454409777,24.60972277030408,24.99761722969592,25.2812487992033,1.550377217086915,0.06,0.06,0.06,-0.223404990228581,-1.1312330136799866,6.695656046902811,-0.7902197253444689,-1.0235755305893717,-9.781952559303038,0.04,0.14,0.1527530747398919,6.794218705585265,24.85080331340327,-0.17977940650340923
844.3000000000001,0.0,6.8500000000000005,24.43145554558991,24.55321056302904,25.05412943697096,25.0786578674626,1.56,0.06,0.06,0.06,-0.2256774076262329,-1.128051629323274,6.684748443394082,-0.6603820224719101,-0.7289438202247192,-9.537258426966291,0.04,0.14,0.15,6.783015002356356,24.77936335326313,-0.2038458964640683
844.3100000000001,0.0,6.8500000000000005,24.427178425393727,24.553438425393725,24.97656311921952,25.0470868432892,1.56,0.06,0.06,0.06,-0.2279498250238589,-1.1248702449665977,6.673840839885477,-0.5264605757200566,-0.3532165206520193,-9.272921151440114,0.04,0.14,0.15,6.771812589466938,24.751066703324042,-0.23794636510182138
844.32,0.0,6.8500000000000005,24.438945483629176,24.56520548362917,24.871729327667342,25.05029604098977,1.56,0.06,0.06,0.06,-0.2302222424214849,-1.1216888606099211,6.6629332363768725,-0.3912916145189816,0.0472841051289433,-9.002583229037963,0.04,0.14,0.15,6.760611473331206,24.731544083978868,-0.2751120439360656
844.33,0.0,6.8500000000000005,24.39917415499964,24.5672,24.72244201999887,25.018849139999727,1.56,0.06,0.06,0.06,-0.2324946598191109,-1.1185074762532448,6.652025632868267,-0.2820738773547368,0.0249661999046115,-8.92515692901995,0.04,0.14,0.15,6.749411660405318,24.67691632874956,-0.24783146698556013
844.34,0.0,6.8500000000000005,24.34888415499964,24.5672,24.564082019998867,24.980329139999725,1.576704828272714,0.06,0.06,0.06,-0.234767077216737,-1.1153260918965684,6.641118029359663,-0.1806735876397558,-0.1247199420555985,-8.905842588121859,0.04,0.14,0.15,6.738213157187603,24.615123828749557,-0.2011373464895138
844.35,0.0,6.8500000000000005,24.34036,24.47722292230505,24.60227293734388,24.946183273182736,1.5966152314583784,0.06,0.06,0.06,-0.237039494614363,-1.1121447075398918,6.6302104258510575,-0.2729393468102988,-0.1266096423022474,-8.874688958009644,0.04,0.14,0.15,6.727015970218897,24.59150978320792,-0.2366402588998757
844.36,0.0,6.8500000000000005,24.34036,24.368882070174788,24.68057870175485,24.91293014035068,1.6165256346440426,0.06,0.06,0.06,-0.239311912011989,-1.1089633231832154,6.619302822342453,-0.4491964748561655,-0.0644012441684121,-8.838400725764908,0.04,0.14,0.15,6.715820106082887,24.57568772807008,-0.3077913468734208
844.37,0.0,6.843722911373478,24.34036,24.32485391072605,24.611863767487936,24.88244509660214,1.62,0.06,0.06,0.06,-0.2415843294096151,-1.105781938826539,6.608395218833848,-0.6051598401584425,-0.2803196803168849,-9.252252747247622,0.04,0.14,0.15,6.704625571406455,24.53988069370403,-0.27508313719022787
844.38,0.0,6.81881382952226,24.34036,24.29348815456356,24.514202208527447,24.852505056628853,1.62,0.06,0.06,0.06,-0.2438567468072411,-1.1026005544698625,6.597487615325242,-0.7550099900081193,-0.5800199800162384,-9.801703296696436,0.04,0.14,0.15,6.693432372860027,24.500138854929965,-0.2110887500074026
844.39,0.0,6.793904747671043,24.34036,24.262122398401065,24.41654064956696,24.822565016655563,1.62,0.06,0.06,0.06,-0.2461291642048671,-1.099419170113186,6.586580011816638,-0.905090090088469,-0.688363363362823,-10.048926426424751,0.04,0.14,0.15,6.682240517157925,24.4603970161559,-0.2128082581812888
844.4,0.0,6.7689956658198245,24.293092215000023,24.29614117999997,24.504625864999944,24.847902729999984,1.62,0.06,0.06,0.06,-0.2484015816024932,-1.0962377857565095,6.575672408308033,-1.055240240239094,-0.7384134134130313,-10.204081581580397,0.04,0.14,0.15,6.671050011058718,24.48544049749998,-0.23454628503348673
844.41,0.0,6.744086583968607,24.236382215000024,24.34322117999998,24.629815864999944,24.884282729999985,1.644764999999911,0.06,0.06,0.06,-0.2506739990001192,-1.0930564013998332,6.564764804799428,-1.0976792405694749,-0.4082737946583727,-10.439660254806345,0.04,0.14,0.15,6.659860861365584,24.523425497499982,-0.24747509938800213
844.4200000000001,0.0,6.719177502117106,24.14403986506674,24.27172546226817,24.506253313342068,24.87518621189392,1.674765000000252,0.06,0.06,0.06,-0.2529464163977711,-1.0898750170431206,6.5538572012907,-1.107671746190335,0.0363927054699042,-10.699465400948707,0.04,0.14,0.15,6.648673074926545,24.449301213142725,-0.2577502602705559
844.4300000000001,0.0,6.694268420265889,24.04457959520212,24.17654305347299,24.33299994002949,24.85700530234877,1.68,0.06,0.06,0.06,-0.2552188337953971,-1.086693632686444,6.542949597782094,-1.144549549549322,0.1937437437433897,-10.902037037036102,0.04,0.14,0.15,6.637486658635331,24.352781972763342,-0.2558395709192752
844.44,0.0,6.669359338414671,23.963848271727947,24.06093286713236,24.331566438561577,24.715137922077226,1.68,0.06,0.06,0.06,-0.2574912511930231,-1.0835122483297677,6.53204199427349,-1.1895945945942532,0.2638138138132828,-11.08722222222082,0.04,0.14,0.15,6.626301619431006,24.26787137487478,-0.25022705222704855
844.45,0.0,6.644450256563453,23.88688523476472,23.94121258741178,24.364703301698523,24.54838467532356,1.68,0.06,0.06,0.06,-0.2597636685906492,-1.0803308639730913,6.521134390764884,-1.0348301698315066,-0.0580219780192422,-10.930259740261356,0.04,0.14,0.15,6.615117964298824,24.185296449799647,-0.1885429388642838
844.46,0.0,6.619541174712236,23.87117276138067,23.91114012506246,24.240514387192643,24.43565744372124,1.68,0.06,0.06,0.06,-0.2594729411764703,-1.0805270588235296,6.508404705882348,-0.8200449550457503,-0.4975824175807901,-10.670519480520442,0.04,0.14,0.1574409665018836,6.602590154447275,24.114621179339252,-0.11001547261531633
844.47,0.0,6.6000000000000005,23.86796115557777,23.8993642371185,24.084216238118305,24.33395659329616,1.7047738065482516,0.06,0.06,0.06,-0.2588847058823531,-1.081115294117647,6.495463529411769,-0.6396751624191555,-0.542503748126098,-10.226691654173989,0.04,0.14,0.16,6.589907285541525,24.046374556027686,-0.11194095373675467
844.48,0.0,6.6000000000000005,23.78560804597692,23.84313511744121,24.14502751624197,24.25723955522232,1.734766308422802,0.06,0.06,0.06,-0.2582964705882358,-1.0817035294117645,6.482522352941189,-0.4697601199401806,-0.4675412293853738,-9.726941529235823,0.04,0.14,0.16,6.577225528187578,24.007752558720604,-0.13830650883163773
844.49,0.0,6.6000000000000005,23.68721724137965,23.77789773613216,24.249835112443414,24.18558538230909,1.74,0.06,0.06,0.06,-0.2577082352941185,-1.0822917647058814,6.4695811764706095,-0.4568234117057984,-0.2852276138072386,-9.391580790395642,0.04,0.14,0.16,6.564544888827512,23.975133868066077,-0.20367277666748002
844.5,0.0,6.6000000000000005,23.611031209395527,23.699337491254628,24.039334937532104,24.19031562718634,1.74,0.06,0.06,0.06,-0.2571200000000013,-1.0828799999999987,6.4566400000000295,-0.4918409204601313,-0.0701200600306218,-9.10643821911036,0.04,0.14,0.16,6.551865373952702,23.88500481634215,-0.2809531003537331
844.51,0.0,6.6000000000000005,23.53937703648189,23.618058130934685,23.76448236381861,24.210635467266325,1.7647799999998732,0.06,0.06,0.06,-0.256531764705884,-1.083468235294116,6.44369882352945,-0.4808202050513528,-0.1350787696918831,-9.04383595898973,0.04,0.14,0.1527824858757419,6.539186990104296,23.783138249625377,-0.2799716249912155
844.52,0.0,6.6000000000000005,23.54667667166415,23.68404092953517,23.782379865067416,24.10232269865076,1.7947799999998733,0.06,0.06,0.06,-0.2559435294117668,-1.0840564705882332,6.43075764705887,-0.4558139534884778,-0.2851162790691328,-9.048837209302306,0.04,0.14,0.15,6.526509743873682,23.77885504122937,-0.2552157048064268
844.53,0.0,6.6000000000000005,23.57020490754624,23.78029280359826,23.860450829585258,23.967570074962435,1.8,0.06,0.06,0.06,-0.2553552941176495,-1.0846447058823503,6.417816470588291,-0.5267308172948508,-0.3008172956762873,-9.092201949512168,0.04,0.14,0.15,6.513833641902967,23.79462965392305,-0.27083557735344005
844.54,0.0,6.6000000000000005,23.512278292561213,23.663139745382047,23.705658222666152,24.01173271093354,1.8,0.06,0.06,0.06,-0.2547670588235323,-1.0852329411764678,6.404875294117711,-0.6267058235427837,-0.2758235441143041,-9.14718820294853,0.04,0.14,0.15,6.501158690885461,23.723202242885737,-0.29868655323644533
844.5500000000001,0.0,6.6000000000000005,23.43749047428792,23.5018117373925,23.502662715924338,24.092930913630266,1.8247800000002143,0.06,0.06,0.06,-0.2541788235294084,-1.0858211764705916,6.391934117646985,-0.669194194194177,-0.3045495495495185,-9.355780780780606,0.04,0.14,0.15,6.4884848975660185,23.633723960308757,-0.27839983515735517
844.5600000000001,0.0,6.6000000000000005,23.42974236118064,23.53552088044077,23.62012474737505,24.09737900450216,1.8547800000002144,0.06,0.06,0.06,-0.2535905882352911,-1.086409411764709,6.378992941176405,-0.6942192192192812,-0.3495945945947061,-9.611036036036667,0.04,0.14,0.15,6.4758122687421125,23.670691748374658,-0.2434898019626454
844.57,0.0,6.594646520238302,23.436165572786432,23.610458349175044,23.805327348675466,24.085603116558207,1.8847800000000727,0.06,0.06,0.06,-0.2530023529411739,-1.0869976470588265,6.3660517647058255,-0.7076823176823255,-0.6096753246755773,-9.83901098901116,0.04,0.14,0.15,6.463140811263464,23.734388596798787,-0.18646541804957656
844.58,0.0,6.569630259668945,23.431979170829152,23.6128583416583,23.672250824175173,24.05617238261728,1.914779999999903,0.06,0.06,0.06,-0.2524141176470566,-1.0875858823529434,6.353110588235245,-0.7176723276723039,-0.9343506493498768,-10.058791208790684,0.04,0.14,0.15,6.450470532033129,23.693315179819972,-0.12279810173618438
844.59,0.0,6.544613999099588,23.425565584415583,23.60003116883117,23.47236071428569,24.02303551948052,1.9447861965489948,0.06,0.06,0.06,-0.2518258823529393,-1.0881741176470607,6.340169411764666,-0.8274874874867794,-0.7758308308323735,-10.305780780779491,0.04,0.14,0.15,6.437801438007863,23.63024824675324,-0.13878059976830887
844.6,0.0,6.51959773853023,23.40503612096976,23.46018885778554,23.43728,24.01722,1.9747936984244447,0.06,0.06,0.06,-0.2512376470588221,-1.088762352941178,6.327228235294086,-0.9676276276265656,-0.4705255255278395,-10.561036036034102,0.04,0.14,0.15,6.4251335361986355,23.579931244688826,-0.17895919524871148
844.61,0.0,6.494581477960873,23.38150200449886,23.29331057735554,23.43728,24.01722,2.0295899999996707,0.06,0.06,0.06,-0.2506494117647048,-1.0893505882352952,6.314287058823507,-1.0076842368223162,-0.1156832375743013,-10.769842618035169,0.04,0.14,0.15,6.412466833671157,23.532328145463598,-0.1977082807659582
844.62,0.0,6.469565217391515,23.274048472708763,23.26658901352029,23.431981972959424,23.948345648472507,2.0895899999996708,0.06,0.06,0.06,-0.2500611764705876,-1.0899388235294123,6.301345882352927,-1.0176767424431197,0.2540394703954213,-10.96469647764083,0.04,0.14,0.15,6.3998013375464025,23.480241276915248,-0.21002015327707269
844.63,0.0,6.444548956822158,23.14867040560788,23.269803835753645,23.42555232849272,23.86476027040525,2.149331012185788,0.06,0.06,0.06,-0.2504371051540356,-1.0882515793838576,6.287761055687003,-0.977745245245593,0.2593318318324957,-10.87555305305416,0.04,0.14,0.15,6.386152937182411,23.42719671006487,-0.21065153220282923
844.64,0.0,6.4195326962528005,23.081861889527595,23.13146699325161,23.42444,23.825529272681816,2.209017657299056,0.06,0.06,0.06,-0.2509249457277355,-1.086300217089058,6.274101519623407,-0.922690190190677,0.1542267267276561,-10.700377877879427,0.04,0.14,0.15,6.37239055367583,23.365824538865258,-0.20774452056355383
844.65,0.0,6.3945164356834425,23.027305528618097,22.96351898025572,23.42444,23.795576760809936,2.342922420285334,0.06,0.06,0.06,-0.2514127863014354,-1.0843488547942586,6.26044198355981,-0.8292832167844603,-0.162117882113382,-10.575439560440865,0.04,0.14,0.15,6.358628362904044,23.30271031742094,-0.16238994961212533
844.66,0.0,6.369500175114085,22.95902929528564,22.944035488833705,23.427073315136465,23.603414625311068,2.4935626412235616,0.06,0.06,0.06,-0.2519006268751352,-1.082397492499459,6.246782447496213,-0.7243881118896867,-0.5417382617325631,-10.4655494505511,0.04,0.14,0.157232772653215,6.344866366121195,23.23338818114172,-0.10432041774845414
844.6700000000001,0.0,6.3500000000000005,22.88787296774128,22.95571787096785,23.43025941935487,23.377201225804352,2.569507130347922,0.06,0.06,0.06,-0.2523884674488407,-1.080446130204637,6.233122911432462,-0.6462212212213578,-0.7452402402399476,-10.140375375376136,0.04,0.14,0.16,6.331104564592157,23.16276287096709,-0.10612096086517936
844.6800000000001,0.0,6.3500000000000005,22.80412729499917,22.9240561049996,23.43086,23.264227294999166,2.6295521641234814,0.06,0.06,0.06,-0.2528763080225406,-1.0784947679098378,6.219463375368865,-0.5761511511510661,-0.8953903903905729,-9.749984984984511,0.04,0.14,0.16,6.317342959593272,23.105817673749485,-0.12605804135512128
844.69,0.0,6.3500000000000005,22.717457294999164,22.8823261049996,23.43086,23.177557294999165,2.937137147141088,0.06,0.06,0.06,-0.2533641485962404,-1.0765434056150385,6.205803839305268,-0.5369380619380765,-0.6301948051949944,-9.471660839160958,0.04,0.14,0.1527845719661639,6.3035815524115435,23.052050173749482,-0.18258670986868075
844.7,0.0,6.3500000000000005,22.686358814999902,22.845805934999824,23.253725779998906,23.254128635000573,3.296867349487964,0.06,0.06,0.06,-0.2538519891699403,-1.0745920433202387,6.192144303241672,-0.5069680319681411,-0.2405844155858348,-9.226905594406484,0.04,0.14,0.15,6.289820344345376,23.0100047912498,-0.25007621144182635
844.71,0.0,6.3500000000000005,22.66816881500001,22.810495935000024,23.035445780000146,23.368618634999923,3.50840999999992,0.06,0.06,0.06,-0.2543398297436402,-1.0726406810254392,6.178484767178075,-0.5384134134130973,0.076639139137274,-9.108538538539044,0.04,0.14,0.15,6.276059336704542,22.970682291250025,-0.31153575739423917
844.72,0.0,6.3500000000000005,22.62657274725273,22.810779500499503,22.858979740259688,23.23926586413581,3.68840999999992,0.06,0.06,0.06,-0.2548276703173401,-1.0706893187306397,6.164825231114478,-0.5884634634630209,0.3719344344318233,-9.028458458459166,0.04,0.14,0.15,6.262298530810306,22.883899463036933,-0.37116863926605986
844.73,0.0,6.3500000000000005,22.579539780219648,22.81933094905097,22.692226493506023,23.053271858141333,4.140284857571519,0.06,0.06,0.06,-0.25531551089104,-1.06873795643584,6.1511656950508815,-0.592310766924886,0.0286260304814024,-9.063824631525796,0.04,0.14,0.15,6.248537927995556,22.786092270229492,-0.331409916518586
844.74,0.0,6.3500000000000005,22.601769737434463,22.79930046011496,22.73496881720456,23.05162888222068,4.650029985008444,0.06,0.06,0.06,-0.2558033514647398,-1.0667865941410406,6.137506158987285,-0.5823182613040827,-0.5059730202315746,-9.13377217087142,0.04,0.14,0.15,6.234777529604925,22.796916974243665,-0.26187891974126765
844.75,0.0,6.3500000000000005,22.640299369842545,22.77254377094268,22.82701182795719,23.093369317329422,5.159775112442984,0.06,0.06,0.06,-0.2562911920384397,-1.064835231846241,6.123846622923688,-0.66456456456373,-1.106636636631933,-9.322972972971266,0.04,0.14,0.15,6.2210173369949215,22.83330607151796,-0.19840627487681176
844.76,0.0,6.3500000000000005,22.53841579999973,22.682523399999784,22.8445,23.118634000000043,5.669520239877012,0.06,0.06,0.06,-0.2567790326121396,-1.0628838695514415,6.110187086860091,-0.774674674673562,-1.7272572572509857,-9.54819819819592,0.04,0.14,0.15,6.207257351534064,22.79601829999989,-0.1367637571527583
844.77,0.0,6.345264819361905,22.403595799999724,22.577663399999786,22.8445,23.140034000000043,5.76,0.06,0.06,0.06,-0.2572668731858395,-1.060932507256642,6.096527550796495,-0.7769230769233391,-1.489230769235094,-9.673076923076094,0.04,0.14,0.15,6.193497574603012,22.741448299999888,-0.14337069738566804
844.78,0.0,6.320210953550433,22.41698149999988,22.625342599999787,22.880901399999885,23.091231300000164,5.76,0.06,0.06,0.06,-0.2577547137595394,-1.0589811449618425,6.082868014732898,-0.7469530469532335,-0.9947252747283524,-9.767982017981428,0.04,0.14,0.15,6.1797380075946995,22.753614199999927,-0.17036383934721333
844.79,0.0,6.29515708773896,22.465131499999604,22.70880259999932,22.92584139999963,23.02596130000053,6.178546453542971,0.06,0.06,0.06,-0.2582425543332393,-1.057029782667043,6.069208478669301,-0.8591293470091573,-0.507240430326185,-10.112802101573202,0.04,0.14,0.15,6.1659786519144735,22.781434199999772,-0.20654069647625228
844.8000000000001,0.0,6.270103221927203,22.387588327081605,22.558211987996685,22.75752898724648,23.06384117029267,6.688036963037665,0.06,0.06,0.06,-0.2587303949069447,-1.0550784203722212,6.055548942605549,-1.0142456842635668,-0.0218764073043237,-10.533117338004503,0.04,0.14,0.15,6.152219508980075,22.69179261815436,-0.24549180089600264
844.8100000000001,0.0,6.24504935611573,22.2805615703925,22.352720615153604,22.539194403600703,23.12591668917235,7.124103974007054,0.06,0.06,0.06,-0.2592182354806446,-1.0531270580774217,6.041889406541952,-1.0346215338496323,-0.1983462403193962,-10.876055458405885,0.04,0.14,0.15,6.138460580222404,22.574598319579792,-0.18208465061965357
844.82,0.0,6.219995490304257,22.15361009499989,22.39616732500008,22.49782,23.06743396499993,7.543999000250759,0.06,0.06,0.06,-0.2597060760543445,-1.0511756957826222,6.028229870478356,-1.014636522608139,-0.573065201097392,-11.195815638269774,0.04,0.14,0.15,6.124701867084725,22.528757846249974,-0.0880165806459812
844.83,0.0,6.194941624492785,22.022000094999896,22.49781732500008,22.49782,22.98076396499993,8.0650238322217,0.06,0.06,0.06,-0.2605817215053981,-1.049806092831534,6.015540135125281,-0.9638738738740666,-0.9713513513500504,-11.1316216216222,0.04,0.14,0.15,6.11201429836613,22.499600346249977,-0.03926927640178987
844.84,0.0,6.169887758681312,21.93375184499994,22.42948926499992,22.377274334999885,22.986020875000023,8.608398474737664,0.06,0.06,0.06,-0.262045171833454,-1.0493182760555153,6.004320349276853,-0.9038138138138164,-1.3767567567567385,-10.95144144144145,0.04,0.14,0.15,6.100950694218521,22.43163407999994,-0.004212620138812462
844.85,0.0,6.144833892869839,21.85564184499994,22.32141926499992,22.228544334999885,23.012770875000022,9.177251119530238,0.06,0.06,0.06,-0.2635086221615099,-1.0488304592794968,5.993100563428425,-0.8399875093681192,-1.5084711466399083,-10.67917312016055,0.04,0.14,0.15,6.089888052307037,22.35459407999994,-0.010287064429956971
844.86,0.0,6.119780027058367,21.74973305252717,22.224444544103,22.20036,22.845080599603403,9.755962797103953,0.06,0.06,0.06,-0.2649720724895658,-1.048342642503478,5.981880777579996,-0.7750362228332666,-1.5584336747436411,-10.379397951538154,0.04,0.14,0.1574394273127407,6.078826377885098,22.254904549058395,-0.028647421873584156
844.87,0.0,6.1000000000000005,21.63732472745284,22.13006396927644,22.20036,22.63192896432095,10.334674474677662,0.06,0.06,0.06,-0.2664355228176217,-1.0478548257274596,5.970660991731568,-0.5946484863665715,-1.400803102328585,-9.944688516391263,0.04,0.14,0.16,6.067765676243967,22.149919415262556,-0.050248994672183606
844.88,0.0,6.1000000000000005,21.564562020438974,22.137187874015726,22.20036,22.53087473613675,10.734406398398146,0.06,0.06,0.06,-0.2678989731456775,-1.0473670089514409,5.959441205883139,-0.379487115338708,-1.1806379784861198,-9.469331999004122,0.04,0.14,0.16,6.056705952713099,22.108246157647862,-0.07282693878464803
844.89,0.0,6.1000000000000005,21.502179711844672,22.170888661417244,22.20036,22.459170933154795,11.094316420892753,0.06,0.06,0.06,-0.2693624234737334,-1.046879192175422,5.948221420034711,-0.4107894079430735,-1.199248063951206,-9.12532600549869,0.04,0.14,0.1527628477134281,6.045647212660466,22.083149826604178,-0.1334651208679371
844.9,0.0,6.1000000000000005,21.43979740325037,22.20458944881877,22.20036,22.38746713017284,11.576820794798753,0.06,0.06,0.06,-0.2708258738017893,-1.0463913753994036,5.937001634186283,-0.5157107169615084,-1.2891806145384357,-8.82055458406419,0.04,0.14,0.15,6.0345894614929145,22.058053495560493,-0.20547194546267783
844.91,0.0,6.1000000000000005,21.40620059514892,22.155714323581225,22.20036,22.41693880970217,12.086693326666106,0.06,0.06,0.06,-0.2722893241298452,-1.045903558623385,5.925781848337854,-0.6284438328736943,-1.4330522892155748,-8.915351513633428,0.04,0.14,0.15,6.023532704656507,22.04480343210808,-0.21402321244013592
844.9200000000001,0.0,6.1000000000000005,21.37944390597633,22.087217199299417,22.20036,22.47045218804733,12.914932533736287,0.06,0.06,0.06,-0.2737527744579177,-1.0454157418473609,5.914562062489298,-0.7435301476108367,-1.5931723792846424,-9.130512884663736,0.04,0.14,0.15,6.012476947636751,22.03436832333077,-0.20345936999786368
844.9300000000001,0.0,6.1000000000000005,21.38643133000009,22.0741,22.20036,22.5360660800004,13.814482758619867,0.06,0.06,0.06,-0.2752162247859736,-1.044927925071342,5.90334227664087,-0.8084711466399084,-1.7569547839116977,-9.23001249063188,0.04,0.14,0.15,6.00142219595945,22.049239352500123,-0.1931790145368475
844.94,0.0,6.1000000000000005,21.401411330000087,22.0741,22.20036,22.6045460800004,14.518290854572252,0.06,0.06,0.06,-0.2766796751140294,-1.0444401082953236,5.892122490792441,-0.8584336747436411,-1.921831126654016,-9.294963777166734,0.04,0.14,0.15,5.990368455190321,22.070104352500124,-0.18298333700526156
844.95,0.0,6.1000000000000005,21.295278029999213,22.04468676999979,22.20036,22.58392129499976,15.177961019490628,0.06,0.06,0.06,-0.2781431254420853,-1.043952291519305,5.880902704944012,-0.8623092319239828,-2.01383537653212,-9.394598448836188,0.04,0.14,0.15,5.9793157309358484,22.031061523749692,-0.15963931391078287
844.96,0.0,6.1000000000000005,21.160458029999216,22.008306769999788,22.20036,22.54219129499976,15.666841710427734,0.06,0.06,0.06,-0.2796065757701412,-1.0434644747432864,5.869682919095585,-0.8523017262947229,-2.0838879159369395,-9.504681010758048,0.04,0.14,0.15,5.968264028843533,21.977829023749692,-0.13233453349954657
844.97,0.0,6.095085811215258,21.08186920499962,22.013451330000088,22.20036,22.52468395499993,16.116954238559483,0.06,0.06,0.06,-0.2810700260981971,-1.0429766579672677,5.858463133247156,-0.8307596201899731,-2.069215392303957,-9.68007496251821,0.04,0.14,0.15,5.957213354602258,21.95509112249991,-0.10008208956959994
844.98,0.0,6.070140690480905,21.016599204999626,22.028431330000085,22.20036,22.51291395499993,16.34660674157258,0.06,0.06,0.06,-0.282533476426253,-1.042488841191249,5.847243347398727,-0.805772113943207,-2.029235382309131,-9.874977511242983,0.04,0.14,0.15,5.946163713942667,21.93957612249991,-0.06635177212108347
844.99,0.0,6.045195569746552,21.006695933983515,22.0313,21.836929242308184,22.50114157539379,16.526382022471,0.06,0.06,0.06,-0.2839969267543088,-1.0420010244152305,5.836023561550299,-0.7846084563424492,-1.908411308482757,-10.108546409804998,0.04,0.14,0.15,5.93511511263754,21.84401668792137,-0.036460325089983425
845.0,0.0,6.020250449012199,21.009906736684187,22.0313,21.387416864213943,22.489368632157984,16.755119999998673,0.06,0.06,0.06,-0.2854603770823647,-1.0415132076392115,5.82480377570187,-0.7645934450840434,-1.763302476859314,-10.35373029772047,0.04,0.14,0.15,5.924067556502178,21.729498058264028,-0.0077220367929076855
845.01,0.0,5.995305328277847,20.95947335332328,21.988040129934976,21.20033190404785,22.55893138430793,16.99511999999867,0.06,0.06,0.06,-0.2869238274104206,-1.0410253908631932,5.813583989853442,-0.8408418685974504,-1.895533349985256,-10.644826380211642,0.04,0.14,0.15,5.913021051394793,21.676694192903508,0.024476169619360305
845.02,0.0,5.970360207543494,20.896374902548946,21.9345668665669,21.075204467766543,22.647697001498944,17.210687328166905,0.06,0.06,0.06,-0.2883872777384765,-1.0405375740871745,5.802364204005014,-0.9457631776158852,-2.110372220832527,-10.949597801646142,0.04,0.14,0.15,5.901975603216889,21.638460809595333,0.05770494216724151
845.03,0.0,5.945415086809141,20.78742928000052,21.887988480000192,21.05118,22.560992800000548,17.42063484128876,0.06,0.06,0.06,-0.2898507280665323,-1.040049757311156,5.791144418156585,-0.9584678830293578,-2.002394401401224,-10.862394401401223,0.04,0.14,0.15,5.890931217913672,21.571897640000316,0.029013281693470144
845.04,0.0,5.920469966074788,20.66758928000052,21.843048480000192,21.05118,22.43259280000055,17.922893553218916,0.06,0.06,0.06,-0.2863158974359183,-1.0528943589742858,5.775724102564183,-0.9434716320920828,-1.7974456385917967,-10.657445638591796,0.04,0.14,0.15,5.877886714902325,21.498602640000314,-0.01827866490339522
845.0500000000001,0.0,5.895524845340152,20.56759566783333,21.76435560780337,21.05118,22.30933085542697,18.492608695651658,0.06,0.06,0.06,-0.2822133333333123,-1.0672533333334069,5.759826666666585,-0.8439134783690945,-1.7576869217304725,-10.421670417603424,0.04,0.14,0.15,5.864663440732628,21.42311553276592,-0.024661229473870852
845.0600000000001,0.0,5.870579724605799,20.472318029014048,21.677642251125143,21.05118,22.18728983491687,18.89192105920552,0.06,0.06,0.06,-0.278110769230753,-1.0816123076923645,5.743929230769168,-0.7188822205547197,-1.7676894223556223,-10.176609152287252,0.04,0.14,0.157447744774515,5.851491586954407,21.347107528764013,-0.01872040830666375
845.07,0.0,5.8500000000000005,20.40308610542055,21.584096667498795,21.05118,22.08440172370662,19.251651261554443,0.06,0.06,0.06,-0.2740082051281937,-1.095971282051322,5.728031794871751,-0.7246309732300013,-1.99702526895223,-9.93530147610666,0.04,0.14,0.16,5.838371501593616,21.28069112415649,-0.03332295398287047
845.08,0.0,5.8500000000000005,20.34000341743642,21.48893803647189,21.05118,21.98603549837543,19.9276519129794,0.06,0.06,0.06,-0.2699056410256344,-1.1103302564102795,5.712134358974334,-0.7696647485614145,-2.2922466850137173,-9.69512134100579,0.04,0.14,0.16,5.825303534437729,21.216539238070936,-0.05409652402935379
845.09,0.0,5.8500000000000005,20.339938232651125,21.484423694458428,21.05118,22.00074650524242,20.677839459865645,0.06,0.06,0.06,-0.2658030769230751,-1.124689230769237,5.696236923076916,-0.7222702297704555,-2.46391358641318,-9.393686313687278,0.04,0.14,0.1527560169891708,5.812288037024218,21.219072108087992,-0.06594872849483002
845.1,0.0,5.8500000000000005,20.354895796305616,21.501518052920705,21.05118,22.04241400399421,21.11170707323216,0.06,0.06,0.06,-0.2617005128205157,-1.1390482051281947,5.6803394871794985,-0.6473451548456172,-2.598778721277889,-9.074005994007967,0.04,0.14,0.15,5.799325362628565,21.23750196330513,-0.07514362809223663
845.11,0.0,5.8500000000000005,20.26123970448273,21.50054837966441,21.05118,21.920349065865103,21.47161709572676,0.06,0.06,0.06,-0.2575979487179564,-1.1534071794871523,5.664442051282082,-0.6915415415408335,-2.414604604607083,-8.94615115115177,0.04,0.14,0.15,5.786415866251662,21.183329287503064,-0.12848611818333283
845.12,0.0,5.8500000000000005,20.141189616829863,21.49518900075133,21.05118,21.75849582269026,22.0743328335822,0.06,0.06,0.06,-0.2534953846153971,-1.16776615384611,5.648544615384664,-0.7716216216207112,-2.1343243243275105,-8.876081081081876,0.04,0.14,0.15,5.773559904606596,21.111513610067863,-0.1951274595427252
845.13,0.0,5.8500000000000005,20.026519545114148,21.513175566108384,20.734830127469607,21.77841629092703,22.73400299849682,0.06,0.06,0.06,-0.2493928205128378,-1.1821251282050675,5.632647179487247,-0.7976647600098433,-1.943531459837586,-9.036289480226396,0.04,0.14,0.15,5.760757836104798,21.01323538240479,-0.19946687309877675
845.14,0.0,5.8500000000000005,19.9131278930271,21.53670968257928,20.343308007999227,21.84153051237171,23.126703296701727,0.06,0.06,0.06,-0.2452902564102785,-1.1964841025640254,5.616749743589829,-0.8076125341953879,-1.7793931857761,-9.26508828649392,0.04,0.14,0.15,5.748010020841532,20.908669023994328,-0.18524912580884195
845.15,0.0,5.8500000000000005,19.87921573426575,21.44283955044967,20.13328675324692,21.812248231768283,23.456373626372887,0.06,0.06,0.06,-0.2411876923077192,-1.210843076922983,5.600852307692412,-0.840552763818728,-2.00733668341387,-9.304723618090636,0.04,0.14,0.15,5.735316820580747,20.816897567432655,-0.16661035495848922
